 0.00000000e+00  1.45699705e+00  0.00000000e+00  4.03160463e-04  0.00000000e+00  3.47081295e-04  0.00000000e+00  9.49185823e-05  0.00000000e+00  9.49185819e-05  0.00000000e+00  3.43027621e-04  0.00000000e+00  3.10895957e-04 
 1.00000000e-13  1.45699705e+00  1.00000000e-13  4.03160463e-04  1.00000000e-13  3.47081295e-04  1.00000000e-13  9.49185823e-05  1.00000000e-13  9.49185819e-05  1.00000000e-13  3.43027621e-04  1.00000000e-13  3.10895957e-04 
 2.00000000e-13  1.45699705e+00  2.00000000e-13  4.03160463e-04  2.00000000e-13  3.47081295e-04  2.00000000e-13  9.49185823e-05  2.00000000e-13  9.49185819e-05  2.00000000e-13  3.43027621e-04  2.00000000e-13  3.10895957e-04 
 4.00000000e-13  1.45699705e+00  4.00000000e-13  4.03160463e-04  4.00000000e-13  3.47081295e-04  4.00000000e-13  9.49185823e-05  4.00000000e-13  9.49185819e-05  4.00000000e-13  3.43027621e-04  4.00000000e-13  3.10895957e-04 
 8.00000000e-13  1.45699705e+00  8.00000000e-13  4.03160463e-04  8.00000000e-13  3.47081295e-04  8.00000000e-13  9.49185823e-05  8.00000000e-13  9.49185819e-05  8.00000000e-13  3.43027621e-04  8.00000000e-13  3.10895957e-04 
 1.60000000e-12  1.45699705e+00  1.60000000e-12  4.03160463e-04  1.60000000e-12  3.47081295e-04  1.60000000e-12  9.49185823e-05  1.60000000e-12  9.49185819e-05  1.60000000e-12  3.43027621e-04  1.60000000e-12  3.10895957e-04 
 3.20000000e-12  1.45699705e+00  3.20000000e-12  4.03160463e-04  3.20000000e-12  3.47081295e-04  3.20000000e-12  9.49185823e-05  3.20000000e-12  9.49185819e-05  3.20000000e-12  3.43027621e-04  3.20000000e-12  3.10895957e-04 
 6.40000000e-12  1.45699705e+00  6.40000000e-12  4.03160463e-04  6.40000000e-12  3.47081295e-04  6.40000000e-12  9.49185823e-05  6.40000000e-12  9.49185819e-05  6.40000000e-12  3.43027621e-04  6.40000000e-12  3.10895957e-04 
 1.28000000e-11  1.45699705e+00  1.28000000e-11  4.03160463e-04  1.28000000e-11  3.47081295e-04  1.28000000e-11  9.49185823e-05  1.28000000e-11  9.49185819e-05  1.28000000e-11  3.43027621e-04  1.28000000e-11  3.10895957e-04 
 2.28000000e-11  1.45699705e+00  2.28000000e-11  4.03160463e-04  2.28000000e-11  3.47081295e-04  2.28000000e-11  9.49185823e-05  2.28000000e-11  9.49185819e-05  2.28000000e-11  3.43027621e-04  2.28000000e-11  3.10895957e-04 
 3.28000000e-11  1.45699705e+00  3.28000000e-11  4.03160463e-04  3.28000000e-11  3.47081295e-04  3.28000000e-11  9.49185823e-05  3.28000000e-11  9.49185819e-05  3.28000000e-11  3.43027621e-04  3.28000000e-11  3.10895957e-04 
 4.28000000e-11  1.45699705e+00  4.28000000e-11  4.03160463e-04  4.28000000e-11  3.47081295e-04  4.28000000e-11  9.49185823e-05  4.28000000e-11  9.49185819e-05  4.28000000e-11  3.43027621e-04  4.28000000e-11  3.10895957e-04 
 5.28000000e-11  1.45699705e+00  5.28000000e-11  4.03160463e-04  5.28000000e-11  3.47081295e-04  5.28000000e-11  9.49185823e-05  5.28000000e-11  9.49185819e-05  5.28000000e-11  3.43027621e-04  5.28000000e-11  3.10895957e-04 
 6.28000000e-11  1.45699705e+00  6.28000000e-11  4.03160463e-04  6.28000000e-11  3.47081295e-04  6.28000000e-11  9.49185823e-05  6.28000000e-11  9.49185819e-05  6.28000000e-11  3.43027621e-04  6.28000000e-11  3.10895957e-04 
 7.28000000e-11  1.45699705e+00  7.28000000e-11  4.03160463e-04  7.28000000e-11  3.47081295e-04  7.28000000e-11  9.49185823e-05  7.28000000e-11  9.49185819e-05  7.28000000e-11  3.43027621e-04  7.28000000e-11  3.10895957e-04 
 8.28000000e-11  1.45699705e+00  8.28000000e-11  4.03160463e-04  8.28000000e-11  3.47081295e-04  8.28000000e-11  9.49185823e-05  8.28000000e-11  9.49185819e-05  8.28000000e-11  3.43027621e-04  8.28000000e-11  3.10895957e-04 
 9.28000000e-11  1.45699705e+00  9.28000000e-11  4.03160463e-04  9.28000000e-11  3.47081295e-04  9.28000000e-11  9.49185823e-05  9.28000000e-11  9.49185819e-05  9.28000000e-11  3.43027621e-04  9.28000000e-11  3.10895957e-04 
 1.02800000e-10  1.45699705e+00  1.02800000e-10  4.03160463e-04  1.02800000e-10  3.47081295e-04  1.02800000e-10  9.49185823e-05  1.02800000e-10  9.49185819e-05  1.02800000e-10  3.43027621e-04  1.02800000e-10  3.10895957e-04 
 1.12800000e-10  1.45699705e+00  1.12800000e-10  4.03160463e-04  1.12800000e-10  3.47081295e-04  1.12800000e-10  9.49185823e-05  1.12800000e-10  9.49185819e-05  1.12800000e-10  3.43027621e-04  1.12800000e-10  3.10895957e-04 
 1.22800000e-10  1.45699705e+00  1.22800000e-10  4.03160463e-04  1.22800000e-10  3.47081295e-04  1.22800000e-10  9.49185823e-05  1.22800000e-10  9.49185819e-05  1.22800000e-10  3.43027621e-04  1.22800000e-10  3.10895957e-04 
 1.32800000e-10  1.45699705e+00  1.32800000e-10  4.03160463e-04  1.32800000e-10  3.47081295e-04  1.32800000e-10  9.49185823e-05  1.32800000e-10  9.49185819e-05  1.32800000e-10  3.43027621e-04  1.32800000e-10  3.10895957e-04 
 1.42800000e-10  1.45699705e+00  1.42800000e-10  4.03160463e-04  1.42800000e-10  3.47081295e-04  1.42800000e-10  9.49185823e-05  1.42800000e-10  9.49185819e-05  1.42800000e-10  3.43027621e-04  1.42800000e-10  3.10895957e-04 
 1.52800000e-10  1.45699705e+00  1.52800000e-10  4.03160463e-04  1.52800000e-10  3.47081295e-04  1.52800000e-10  9.49185823e-05  1.52800000e-10  9.49185819e-05  1.52800000e-10  3.43027621e-04  1.52800000e-10  3.10895957e-04 
 1.62800000e-10  1.45699705e+00  1.62800000e-10  4.03160463e-04  1.62800000e-10  3.47081295e-04  1.62800000e-10  9.49185823e-05  1.62800000e-10  9.49185819e-05  1.62800000e-10  3.43027621e-04  1.62800000e-10  3.10895957e-04 
 1.72800000e-10  1.45699705e+00  1.72800000e-10  4.03160463e-04  1.72800000e-10  3.47081295e-04  1.72800000e-10  9.49185823e-05  1.72800000e-10  9.49185819e-05  1.72800000e-10  3.43027621e-04  1.72800000e-10  3.10895957e-04 
 1.82800000e-10  1.45699705e+00  1.82800000e-10  4.03160463e-04  1.82800000e-10  3.47081295e-04  1.82800000e-10  9.49185823e-05  1.82800000e-10  9.49185819e-05  1.82800000e-10  3.43027621e-04  1.82800000e-10  3.10895957e-04 
 1.92800000e-10  1.45699705e+00  1.92800000e-10  4.03160463e-04  1.92800000e-10  3.47081295e-04  1.92800000e-10  9.49185823e-05  1.92800000e-10  9.49185819e-05  1.92800000e-10  3.43027621e-04  1.92800000e-10  3.10895957e-04 
 2.02800000e-10  1.45699705e+00  2.02800000e-10  4.03160463e-04  2.02800000e-10  3.47081295e-04  2.02800000e-10  9.49185823e-05  2.02800000e-10  9.49185819e-05  2.02800000e-10  3.43027621e-04  2.02800000e-10  3.10895957e-04 
 2.12800000e-10  1.45699705e+00  2.12800000e-10  4.03160463e-04  2.12800000e-10  3.47081295e-04  2.12800000e-10  9.49185823e-05  2.12800000e-10  9.49185819e-05  2.12800000e-10  3.43027621e-04  2.12800000e-10  3.10895957e-04 
 2.22800000e-10  1.45699705e+00  2.22800000e-10  4.03160463e-04  2.22800000e-10  3.47081295e-04  2.22800000e-10  9.49185823e-05  2.22800000e-10  9.49185819e-05  2.22800000e-10  3.43027621e-04  2.22800000e-10  3.10895957e-04 
 2.32800000e-10  1.45699705e+00  2.32800000e-10  4.03160463e-04  2.32800000e-10  3.47081295e-04  2.32800000e-10  9.49185823e-05  2.32800000e-10  9.49185819e-05  2.32800000e-10  3.43027621e-04  2.32800000e-10  3.10895957e-04 
 2.42800000e-10  1.45699705e+00  2.42800000e-10  4.03160463e-04  2.42800000e-10  3.47081295e-04  2.42800000e-10  9.49185823e-05  2.42800000e-10  9.49185819e-05  2.42800000e-10  3.43027621e-04  2.42800000e-10  3.10895957e-04 
 2.52800000e-10  1.45699705e+00  2.52800000e-10  4.03160463e-04  2.52800000e-10  3.47081295e-04  2.52800000e-10  9.49185823e-05  2.52800000e-10  9.49185819e-05  2.52800000e-10  3.43027621e-04  2.52800000e-10  3.10895957e-04 
 2.62800000e-10  1.45699705e+00  2.62800000e-10  4.03160463e-04  2.62800000e-10  3.47081295e-04  2.62800000e-10  9.49185823e-05  2.62800000e-10  9.49185819e-05  2.62800000e-10  3.43027621e-04  2.62800000e-10  3.10895957e-04 
 2.72800000e-10  1.45699705e+00  2.72800000e-10  4.03160463e-04  2.72800000e-10  3.47081295e-04  2.72800000e-10  9.49185823e-05  2.72800000e-10  9.49185819e-05  2.72800000e-10  3.43027621e-04  2.72800000e-10  3.10895957e-04 
 2.82800000e-10  1.45699705e+00  2.82800000e-10  4.03160463e-04  2.82800000e-10  3.47081295e-04  2.82800000e-10  9.49185823e-05  2.82800000e-10  9.49185819e-05  2.82800000e-10  3.43027621e-04  2.82800000e-10  3.10895957e-04 
 2.92800000e-10  1.45699705e+00  2.92800000e-10  4.03160463e-04  2.92800000e-10  3.47081295e-04  2.92800000e-10  9.49185823e-05  2.92800000e-10  9.49185819e-05  2.92800000e-10  3.43027621e-04  2.92800000e-10  3.10895957e-04 
 3.02800000e-10  1.45699705e+00  3.02800000e-10  4.03160463e-04  3.02800000e-10  3.47081295e-04  3.02800000e-10  9.49185823e-05  3.02800000e-10  9.49185819e-05  3.02800000e-10  3.43027621e-04  3.02800000e-10  3.10895957e-04 
 3.12800000e-10  1.45699705e+00  3.12800000e-10  4.03160463e-04  3.12800000e-10  3.47081295e-04  3.12800000e-10  9.49185823e-05  3.12800000e-10  9.49185819e-05  3.12800000e-10  3.43027621e-04  3.12800000e-10  3.10895957e-04 
 3.22800000e-10  1.45699705e+00  3.22800000e-10  4.03160463e-04  3.22800000e-10  3.47081295e-04  3.22800000e-10  9.49185823e-05  3.22800000e-10  9.49185819e-05  3.22800000e-10  3.43027621e-04  3.22800000e-10  3.10895957e-04 
 3.32800000e-10  1.45699705e+00  3.32800000e-10  4.03160463e-04  3.32800000e-10  3.47081295e-04  3.32800000e-10  9.49185823e-05  3.32800000e-10  9.49185819e-05  3.32800000e-10  3.43027621e-04  3.32800000e-10  3.10895957e-04 
 3.42800000e-10  1.45699705e+00  3.42800000e-10  4.03160463e-04  3.42800000e-10  3.47081295e-04  3.42800000e-10  9.49185823e-05  3.42800000e-10  9.49185819e-05  3.42800000e-10  3.43027621e-04  3.42800000e-10  3.10895957e-04 
 3.52800000e-10  1.45699705e+00  3.52800000e-10  4.03160463e-04  3.52800000e-10  3.47081295e-04  3.52800000e-10  9.49185823e-05  3.52800000e-10  9.49185819e-05  3.52800000e-10  3.43027621e-04  3.52800000e-10  3.10895957e-04 
 3.62800000e-10  1.45699705e+00  3.62800000e-10  4.03160463e-04  3.62800000e-10  3.47081295e-04  3.62800000e-10  9.49185823e-05  3.62800000e-10  9.49185819e-05  3.62800000e-10  3.43027621e-04  3.62800000e-10  3.10895957e-04 
 3.72800000e-10  1.45699705e+00  3.72800000e-10  4.03160463e-04  3.72800000e-10  3.47081295e-04  3.72800000e-10  9.49185823e-05  3.72800000e-10  9.49185819e-05  3.72800000e-10  3.43027621e-04  3.72800000e-10  3.10895957e-04 
 3.82800000e-10  1.45699705e+00  3.82800000e-10  4.03160463e-04  3.82800000e-10  3.47081295e-04  3.82800000e-10  9.49185823e-05  3.82800000e-10  9.49185819e-05  3.82800000e-10  3.43027621e-04  3.82800000e-10  3.10895957e-04 
 3.92800000e-10  1.45699705e+00  3.92800000e-10  4.03160463e-04  3.92800000e-10  3.47081295e-04  3.92800000e-10  9.49185823e-05  3.92800000e-10  9.49185819e-05  3.92800000e-10  3.43027621e-04  3.92800000e-10  3.10895957e-04 
 4.02800000e-10  1.45699705e+00  4.02800000e-10  4.03160463e-04  4.02800000e-10  3.47081295e-04  4.02800000e-10  9.49185823e-05  4.02800000e-10  9.49185819e-05  4.02800000e-10  3.43027621e-04  4.02800000e-10  3.10895957e-04 
 4.12800000e-10  1.45699705e+00  4.12800000e-10  4.03160463e-04  4.12800000e-10  3.47081295e-04  4.12800000e-10  9.49185823e-05  4.12800000e-10  9.49185819e-05  4.12800000e-10  3.43027621e-04  4.12800000e-10  3.10895957e-04 
 4.22800000e-10  1.45699705e+00  4.22800000e-10  4.03160463e-04  4.22800000e-10  3.47081295e-04  4.22800000e-10  9.49185823e-05  4.22800000e-10  9.49185819e-05  4.22800000e-10  3.43027621e-04  4.22800000e-10  3.10895957e-04 
 4.32800000e-10  1.45699705e+00  4.32800000e-10  4.03160463e-04  4.32800000e-10  3.47081295e-04  4.32800000e-10  9.49185823e-05  4.32800000e-10  9.49185819e-05  4.32800000e-10  3.43027621e-04  4.32800000e-10  3.10895957e-04 
 4.42800000e-10  1.45699705e+00  4.42800000e-10  4.03160463e-04  4.42800000e-10  3.47081295e-04  4.42800000e-10  9.49185823e-05  4.42800000e-10  9.49185819e-05  4.42800000e-10  3.43027621e-04  4.42800000e-10  3.10895957e-04 
 4.52800000e-10  1.45699705e+00  4.52800000e-10  4.03160463e-04  4.52800000e-10  3.47081295e-04  4.52800000e-10  9.49185823e-05  4.52800000e-10  9.49185819e-05  4.52800000e-10  3.43027621e-04  4.52800000e-10  3.10895957e-04 
 4.62800000e-10  1.45699705e+00  4.62800000e-10  4.03160463e-04  4.62800000e-10  3.47081295e-04  4.62800000e-10  9.49185823e-05  4.62800000e-10  9.49185819e-05  4.62800000e-10  3.43027621e-04  4.62800000e-10  3.10895957e-04 
 4.72800000e-10  1.45699705e+00  4.72800000e-10  4.03160463e-04  4.72800000e-10  3.47081295e-04  4.72800000e-10  9.49185823e-05  4.72800000e-10  9.49185819e-05  4.72800000e-10  3.43027621e-04  4.72800000e-10  3.10895957e-04 
 4.82800000e-10  1.45699705e+00  4.82800000e-10  4.03160463e-04  4.82800000e-10  3.47081295e-04  4.82800000e-10  9.49185823e-05  4.82800000e-10  9.49185819e-05  4.82800000e-10  3.43027621e-04  4.82800000e-10  3.10895957e-04 
 4.92800000e-10  1.45699705e+00  4.92800000e-10  4.03160463e-04  4.92800000e-10  3.47081295e-04  4.92800000e-10  9.49185823e-05  4.92800000e-10  9.49185819e-05  4.92800000e-10  3.43027621e-04  4.92800000e-10  3.10895957e-04 
 5.02800000e-10  1.45699705e+00  5.02800000e-10  4.03160463e-04  5.02800000e-10  3.47081295e-04  5.02800000e-10  9.49185823e-05  5.02800000e-10  9.49185819e-05  5.02800000e-10  3.43027621e-04  5.02800000e-10  3.10895957e-04 
 5.12800000e-10  1.45699705e+00  5.12800000e-10  4.03160463e-04  5.12800000e-10  3.47081295e-04  5.12800000e-10  9.49185823e-05  5.12800000e-10  9.49185819e-05  5.12800000e-10  3.43027621e-04  5.12800000e-10  3.10895957e-04 
 5.22800000e-10  1.45699705e+00  5.22800000e-10  4.03160463e-04  5.22800000e-10  3.47081295e-04  5.22800000e-10  9.49185823e-05  5.22800000e-10  9.49185819e-05  5.22800000e-10  3.43027621e-04  5.22800000e-10  3.10895957e-04 
 5.32800000e-10  1.45699705e+00  5.32800000e-10  4.03160463e-04  5.32800000e-10  3.47081295e-04  5.32800000e-10  9.49185823e-05  5.32800000e-10  9.49185819e-05  5.32800000e-10  3.43027621e-04  5.32800000e-10  3.10895957e-04 
 5.42800000e-10  1.45699705e+00  5.42800000e-10  4.03160463e-04  5.42800000e-10  3.47081295e-04  5.42800000e-10  9.49185823e-05  5.42800000e-10  9.49185819e-05  5.42800000e-10  3.43027621e-04  5.42800000e-10  3.10895957e-04 
 5.52800000e-10  1.45699705e+00  5.52800000e-10  4.03160463e-04  5.52800000e-10  3.47081295e-04  5.52800000e-10  9.49185823e-05  5.52800000e-10  9.49185819e-05  5.52800000e-10  3.43027621e-04  5.52800000e-10  3.10895957e-04 
 5.62800000e-10  1.45699705e+00  5.62800000e-10  4.03160463e-04  5.62800000e-10  3.47081295e-04  5.62800000e-10  9.49185823e-05  5.62800000e-10  9.49185819e-05  5.62800000e-10  3.43027621e-04  5.62800000e-10  3.10895957e-04 
 5.72800000e-10  1.45699705e+00  5.72800000e-10  4.03160463e-04  5.72800000e-10  3.47081295e-04  5.72800000e-10  9.49185823e-05  5.72800000e-10  9.49185819e-05  5.72800000e-10  3.43027621e-04  5.72800000e-10  3.10895957e-04 
 5.82800000e-10  1.45699705e+00  5.82800000e-10  4.03160463e-04  5.82800000e-10  3.47081295e-04  5.82800000e-10  9.49185823e-05  5.82800000e-10  9.49185819e-05  5.82800000e-10  3.43027621e-04  5.82800000e-10  3.10895957e-04 
 5.92800000e-10  1.45699705e+00  5.92800000e-10  4.03160463e-04  5.92800000e-10  3.47081295e-04  5.92800000e-10  9.49185823e-05  5.92800000e-10  9.49185819e-05  5.92800000e-10  3.43027621e-04  5.92800000e-10  3.10895957e-04 
 6.02800000e-10  1.45699705e+00  6.02800000e-10  4.03160463e-04  6.02800000e-10  3.47081295e-04  6.02800000e-10  9.49185823e-05  6.02800000e-10  9.49185819e-05  6.02800000e-10  3.43027621e-04  6.02800000e-10  3.10895957e-04 
 6.12800000e-10  1.45699705e+00  6.12800000e-10  4.03160463e-04  6.12800000e-10  3.47081295e-04  6.12800000e-10  9.49185823e-05  6.12800000e-10  9.49185819e-05  6.12800000e-10  3.43027621e-04  6.12800000e-10  3.10895957e-04 
 6.22800000e-10  1.45699705e+00  6.22800000e-10  4.03160463e-04  6.22800000e-10  3.47081295e-04  6.22800000e-10  9.49185823e-05  6.22800000e-10  9.49185819e-05  6.22800000e-10  3.43027621e-04  6.22800000e-10  3.10895957e-04 
 6.32800000e-10  1.45699705e+00  6.32800000e-10  4.03160463e-04  6.32800000e-10  3.47081295e-04  6.32800000e-10  9.49185823e-05  6.32800000e-10  9.49185819e-05  6.32800000e-10  3.43027621e-04  6.32800000e-10  3.10895957e-04 
 6.42800000e-10  1.45699705e+00  6.42800000e-10  4.03160463e-04  6.42800000e-10  3.47081295e-04  6.42800000e-10  9.49185823e-05  6.42800000e-10  9.49185819e-05  6.42800000e-10  3.43027621e-04  6.42800000e-10  3.10895957e-04 
 6.52800000e-10  1.45699705e+00  6.52800000e-10  4.03160463e-04  6.52800000e-10  3.47081295e-04  6.52800000e-10  9.49185823e-05  6.52800000e-10  9.49185819e-05  6.52800000e-10  3.43027621e-04  6.52800000e-10  3.10895957e-04 
 6.62800000e-10  1.45699705e+00  6.62800000e-10  4.03160463e-04  6.62800000e-10  3.47081295e-04  6.62800000e-10  9.49185823e-05  6.62800000e-10  9.49185819e-05  6.62800000e-10  3.43027621e-04  6.62800000e-10  3.10895957e-04 
 6.72800000e-10  1.45699705e+00  6.72800000e-10  4.03160463e-04  6.72800000e-10  3.47081295e-04  6.72800000e-10  9.49185823e-05  6.72800000e-10  9.49185819e-05  6.72800000e-10  3.43027621e-04  6.72800000e-10  3.10895957e-04 
 6.82800000e-10  1.45699705e+00  6.82800000e-10  4.03160463e-04  6.82800000e-10  3.47081295e-04  6.82800000e-10  9.49185823e-05  6.82800000e-10  9.49185819e-05  6.82800000e-10  3.43027621e-04  6.82800000e-10  3.10895957e-04 
 6.92800000e-10  1.45699705e+00  6.92800000e-10  4.03160463e-04  6.92800000e-10  3.47081295e-04  6.92800000e-10  9.49185823e-05  6.92800000e-10  9.49185819e-05  6.92800000e-10  3.43027621e-04  6.92800000e-10  3.10895957e-04 
 7.02800000e-10  1.45699705e+00  7.02800000e-10  4.03160463e-04  7.02800000e-10  3.47081295e-04  7.02800000e-10  9.49185823e-05  7.02800000e-10  9.49185819e-05  7.02800000e-10  3.43027621e-04  7.02800000e-10  3.10895957e-04 
 7.12800000e-10  1.45699705e+00  7.12800000e-10  4.03160463e-04  7.12800000e-10  3.47081295e-04  7.12800000e-10  9.49185823e-05  7.12800000e-10  9.49185819e-05  7.12800000e-10  3.43027621e-04  7.12800000e-10  3.10895957e-04 
 7.22800000e-10  1.45699705e+00  7.22800000e-10  4.03160463e-04  7.22800000e-10  3.47081295e-04  7.22800000e-10  9.49185823e-05  7.22800000e-10  9.49185819e-05  7.22800000e-10  3.43027621e-04  7.22800000e-10  3.10895957e-04 
 7.32800000e-10  1.45699705e+00  7.32800000e-10  4.03160463e-04  7.32800000e-10  3.47081295e-04  7.32800000e-10  9.49185823e-05  7.32800000e-10  9.49185819e-05  7.32800000e-10  3.43027621e-04  7.32800000e-10  3.10895957e-04 
 7.42800000e-10  1.45699705e+00  7.42800000e-10  4.03160463e-04  7.42800000e-10  3.47081295e-04  7.42800000e-10  9.49185823e-05  7.42800000e-10  9.49185819e-05  7.42800000e-10  3.43027621e-04  7.42800000e-10  3.10895957e-04 
 7.52800000e-10  1.45699705e+00  7.52800000e-10  4.03160463e-04  7.52800000e-10  3.47081295e-04  7.52800000e-10  9.49185823e-05  7.52800000e-10  9.49185819e-05  7.52800000e-10  3.43027621e-04  7.52800000e-10  3.10895957e-04 
 7.62800000e-10  1.45699705e+00  7.62800000e-10  4.03160463e-04  7.62800000e-10  3.47081295e-04  7.62800000e-10  9.49185823e-05  7.62800000e-10  9.49185819e-05  7.62800000e-10  3.43027621e-04  7.62800000e-10  3.10895957e-04 
 7.72800000e-10  1.45699705e+00  7.72800000e-10  4.03160463e-04  7.72800000e-10  3.47081295e-04  7.72800000e-10  9.49185823e-05  7.72800000e-10  9.49185819e-05  7.72800000e-10  3.43027621e-04  7.72800000e-10  3.10895957e-04 
 7.82800000e-10  1.45699705e+00  7.82800000e-10  4.03160463e-04  7.82800000e-10  3.47081295e-04  7.82800000e-10  9.49185823e-05  7.82800000e-10  9.49185819e-05  7.82800000e-10  3.43027621e-04  7.82800000e-10  3.10895957e-04 
 7.92800000e-10  1.45699705e+00  7.92800000e-10  4.03160463e-04  7.92800000e-10  3.47081295e-04  7.92800000e-10  9.49185823e-05  7.92800000e-10  9.49185819e-05  7.92800000e-10  3.43027621e-04  7.92800000e-10  3.10895957e-04 
 8.02800000e-10  1.45699705e+00  8.02800000e-10  4.03160463e-04  8.02800000e-10  3.47081295e-04  8.02800000e-10  9.49185823e-05  8.02800000e-10  9.49185819e-05  8.02800000e-10  3.43027621e-04  8.02800000e-10  3.10895957e-04 
 8.12800000e-10  1.45699705e+00  8.12800000e-10  4.03160463e-04  8.12800000e-10  3.47081295e-04  8.12800000e-10  9.49185823e-05  8.12800000e-10  9.49185819e-05  8.12800000e-10  3.43027621e-04  8.12800000e-10  3.10895957e-04 
 8.22800000e-10  1.45699705e+00  8.22800000e-10  4.03160463e-04  8.22800000e-10  3.47081295e-04  8.22800000e-10  9.49185823e-05  8.22800000e-10  9.49185819e-05  8.22800000e-10  3.43027621e-04  8.22800000e-10  3.10895957e-04 
 8.32800000e-10  1.45699705e+00  8.32800000e-10  4.03160463e-04  8.32800000e-10  3.47081295e-04  8.32800000e-10  9.49185823e-05  8.32800000e-10  9.49185819e-05  8.32800000e-10  3.43027621e-04  8.32800000e-10  3.10895957e-04 
 8.42800000e-10  1.45699705e+00  8.42800000e-10  4.03160463e-04  8.42800000e-10  3.47081295e-04  8.42800000e-10  9.49185823e-05  8.42800000e-10  9.49185819e-05  8.42800000e-10  3.43027621e-04  8.42800000e-10  3.10895957e-04 
 8.52800000e-10  1.45699705e+00  8.52800000e-10  4.03160463e-04  8.52800000e-10  3.47081295e-04  8.52800000e-10  9.49185823e-05  8.52800000e-10  9.49185819e-05  8.52800000e-10  3.43027621e-04  8.52800000e-10  3.10895957e-04 
 8.62800000e-10  1.45699705e+00  8.62800000e-10  4.03160463e-04  8.62800000e-10  3.47081295e-04  8.62800000e-10  9.49185823e-05  8.62800000e-10  9.49185819e-05  8.62800000e-10  3.43027621e-04  8.62800000e-10  3.10895957e-04 
 8.72800000e-10  1.45699705e+00  8.72800000e-10  4.03160463e-04  8.72800000e-10  3.47081295e-04  8.72800000e-10  9.49185823e-05  8.72800000e-10  9.49185819e-05  8.72800000e-10  3.43027621e-04  8.72800000e-10  3.10895957e-04 
 8.82800000e-10  1.45699705e+00  8.82800000e-10  4.03160463e-04  8.82800000e-10  3.47081295e-04  8.82800000e-10  9.49185823e-05  8.82800000e-10  9.49185819e-05  8.82800000e-10  3.43027621e-04  8.82800000e-10  3.10895957e-04 
 8.92800000e-10  1.45699705e+00  8.92800000e-10  4.03160463e-04  8.92800000e-10  3.47081295e-04  8.92800000e-10  9.49185823e-05  8.92800000e-10  9.49185819e-05  8.92800000e-10  3.43027621e-04  8.92800000e-10  3.10895957e-04 
 9.02800000e-10  1.45699705e+00  9.02800000e-10  4.03160463e-04  9.02800000e-10  3.47081295e-04  9.02800000e-10  9.49185823e-05  9.02800000e-10  9.49185819e-05  9.02800000e-10  3.43027621e-04  9.02800000e-10  3.10895957e-04 
 9.12800000e-10  1.45699705e+00  9.12800000e-10  4.03160463e-04  9.12800000e-10  3.47081295e-04  9.12800000e-10  9.49185823e-05  9.12800000e-10  9.49185819e-05  9.12800000e-10  3.43027621e-04  9.12800000e-10  3.10895957e-04 
 9.22800000e-10  1.45699705e+00  9.22800000e-10  4.03160463e-04  9.22800000e-10  3.47081295e-04  9.22800000e-10  9.49185823e-05  9.22800000e-10  9.49185819e-05  9.22800000e-10  3.43027621e-04  9.22800000e-10  3.10895957e-04 
 9.32800000e-10  1.45699705e+00  9.32800000e-10  4.03160463e-04  9.32800000e-10  3.47081295e-04  9.32800000e-10  9.49185823e-05  9.32800000e-10  9.49185819e-05  9.32800000e-10  3.43027621e-04  9.32800000e-10  3.10895957e-04 
 9.42800000e-10  1.45699705e+00  9.42800000e-10  4.03160463e-04  9.42800000e-10  3.47081295e-04  9.42800000e-10  9.49185823e-05  9.42800000e-10  9.49185819e-05  9.42800000e-10  3.43027621e-04  9.42800000e-10  3.10895957e-04 
 9.52800000e-10  1.45699705e+00  9.52800000e-10  4.03160463e-04  9.52800000e-10  3.47081295e-04  9.52800000e-10  9.49185823e-05  9.52800000e-10  9.49185819e-05  9.52800000e-10  3.43027621e-04  9.52800000e-10  3.10895957e-04 
 9.62800000e-10  1.45699705e+00  9.62800000e-10  4.03160463e-04  9.62800000e-10  3.47081295e-04  9.62800000e-10  9.49185823e-05  9.62800000e-10  9.49185819e-05  9.62800000e-10  3.43027621e-04  9.62800000e-10  3.10895957e-04 
 9.72800000e-10  1.45699705e+00  9.72800000e-10  4.03160463e-04  9.72800000e-10  3.47081295e-04  9.72800000e-10  9.49185823e-05  9.72800000e-10  9.49185819e-05  9.72800000e-10  3.43027621e-04  9.72800000e-10  3.10895957e-04 
 9.82800000e-10  1.45699705e+00  9.82800000e-10  4.03160463e-04  9.82800000e-10  3.47081295e-04  9.82800000e-10  9.49185823e-05  9.82800000e-10  9.49185819e-05  9.82800000e-10  3.43027621e-04  9.82800000e-10  3.10895957e-04 
 9.91400000e-10  1.45699705e+00  9.91400000e-10  4.03160463e-04  9.91400000e-10  3.47081295e-04  9.91400000e-10  9.49185823e-05  9.91400000e-10  9.49185819e-05  9.91400000e-10  3.43027621e-04  9.91400000e-10  3.10895957e-04 
 1.00000000e-09  1.45699705e+00  1.00000000e-09  4.03160463e-04  1.00000000e-09  3.47081295e-04  1.00000000e-09  9.49185823e-05  1.00000000e-09  9.49185819e-05  1.00000000e-09  3.43027621e-04  1.00000000e-09  3.10895957e-04 
 1.00100000e-09  1.45699857e+00  1.00100000e-09  4.03160547e-04  1.00100000e-09  3.47081220e-04  1.00100000e-09  9.49186273e-05  1.00100000e-09  9.49185463e-05  1.00100000e-09  3.43027646e-04  1.00100000e-09  3.10895947e-04 
 1.00300000e-09  1.45700467e+00  1.00300000e-09  4.03160875e-04  1.00300000e-09  3.47080925e-04  1.00300000e-09  9.49188023e-05  1.00300000e-09  9.49184056e-05  1.00300000e-09  3.43027750e-04  1.00300000e-09  3.10895905e-04 
 1.00700000e-09  1.45703531e+00  1.00700000e-09  4.03162427e-04  1.00700000e-09  3.47079485e-04  1.00700000e-09  9.49196122e-05  1.00700000e-09  9.49177272e-05  1.00700000e-09  3.43028343e-04  1.00700000e-09  3.10895684e-04 
 1.01500000e-09  1.45717143e+00  1.01500000e-09  4.03168615e-04  1.01500000e-09  3.47073419e-04  1.01500000e-09  9.49227182e-05  1.01500000e-09  9.49149451e-05  1.01500000e-09  3.43031493e-04  1.01500000e-09  3.10894596e-04 
 1.02500000e-09  1.45748335e+00  1.02500000e-09  4.03181263e-04  1.02500000e-09  3.47060393e-04  1.02500000e-09  9.49287682e-05  1.02500000e-09  9.49091737e-05  1.02500000e-09  3.43039856e-04  1.02500000e-09  3.10891819e-04 
 1.03500000e-09  1.45795346e+00  1.03500000e-09  4.03198483e-04  1.03500000e-09  3.47042050e-04  1.03500000e-09  9.49366029e-05  1.03500000e-09  9.49013700e-05  1.03500000e-09  3.43053742e-04  1.03500000e-09  3.10887248e-04 
 1.04250000e-09  1.45840964e+00  1.04250000e-09  4.03213980e-04  1.04250000e-09  3.47025251e-04  1.04250000e-09  9.49433593e-05  1.04250000e-09  9.48944951e-05  1.04250000e-09  3.43067942e-04  1.04250000e-09  3.10882553e-04 
 1.05000000e-09  1.45895409e+00  1.05000000e-09  4.03231438e-04  1.05000000e-09  3.47006169e-04  1.05000000e-09  9.49506970e-05  1.05000000e-09  9.48869690e-05  1.05000000e-09  3.43085399e-04  1.05000000e-09  3.10876734e-04 
 1.05100000e-09  1.45903258e+00  1.05100000e-09  4.03233839e-04  1.05100000e-09  3.47003518e-04  1.05100000e-09  9.49516740e-05  1.05100000e-09  9.48859545e-05  1.05100000e-09  3.43087975e-04  1.05100000e-09  3.10875873e-04 
 1.05300000e-09  1.45918964e+00  1.05300000e-09  4.03238545e-04  1.05300000e-09  3.46998291e-04  1.05300000e-09  9.49535601e-05  1.05300000e-09  9.48839777e-05  1.05300000e-09  3.43093188e-04  1.05300000e-09  3.10874130e-04 
 1.05700000e-09  1.45950396e+00  1.05700000e-09  4.03247446e-04  1.05700000e-09  3.46988260e-04  1.05700000e-09  9.49569731e-05  1.05700000e-09  9.48803220e-05  1.05700000e-09  3.43103912e-04  1.05700000e-09  3.10870538e-04 
 1.06500000e-09  1.46013203e+00  1.06500000e-09  4.03263700e-04  1.06500000e-09  3.46969703e-04  1.06500000e-09  9.49627209e-05  1.06500000e-09  9.48740580e-05  1.06500000e-09  3.43126141e-04  1.06500000e-09  3.10863009e-04 
 1.07500000e-09  1.46091369e+00  1.07500000e-09  4.03282050e-04  1.07500000e-09  3.46948799e-04  1.07500000e-09  9.49685629e-05  1.07500000e-09  9.48677928e-05  1.07500000e-09  3.43154740e-04  1.07500000e-09  3.10853113e-04 
 1.08500000e-09  1.46168936e+00  1.08500000e-09  4.03299271e-04  1.08500000e-09  3.46929575e-04  1.08500000e-09  9.49736856e-05  1.08500000e-09  9.48626258e-05  1.08500000e-09  3.43183915e-04  1.08500000e-09  3.10842797e-04 
 1.09500000e-09  1.46245759e+00  1.09500000e-09  4.03316333e-04  1.09500000e-09  3.46910987e-04  1.09500000e-09  9.49788051e-05  1.09500000e-09  9.48577803e-05  1.09500000e-09  3.43213960e-04  1.09500000e-09  3.10832025e-04 
 1.10500000e-09  1.46321713e+00  1.10500000e-09  4.03334004e-04  1.10500000e-09  3.46892046e-04  1.10500000e-09  9.49845054e-05  1.10500000e-09  9.48525102e-05  1.10500000e-09  3.43245681e-04  1.10500000e-09  3.10820608e-04 
 1.11500000e-09  1.46396650e+00  1.11500000e-09  4.03352820e-04  1.11500000e-09  3.46871961e-04  1.11500000e-09  9.49912142e-05  1.11500000e-09  9.48461975e-05  1.11500000e-09  3.43280184e-04  1.11500000e-09  3.10808239e-04 
 1.12500000e-09  1.46470382e+00  1.12500000e-09  4.03373099e-04  1.12500000e-09  3.46850191e-04  1.12500000e-09  9.49992100e-05  1.12500000e-09  9.48383929e-05  1.12500000e-09  3.43318707e-04  1.12500000e-09  3.10794545e-04 
 1.13500000e-09  1.46542685e+00  1.13500000e-09  4.03394990e-04  1.13500000e-09  3.46826434e-04  1.13500000e-09  9.50086549e-05  1.13500000e-09  9.48288109e-05  1.13500000e-09  3.43362492e-04  1.13500000e-09  3.10779116e-04 
 1.14500000e-09  1.46613310e+00  1.14500000e-09  4.03418534e-04  1.14500000e-09  3.46800576e-04  1.14500000e-09  9.50196335e-05  1.14500000e-09  9.48173010e-05  1.14500000e-09  3.43412716e-04  1.14500000e-09  3.10761535e-04 
 1.15500000e-09  1.46681991e+00  1.15500000e-09  4.03443709e-04  1.15500000e-09  3.46772646e-04  1.15500000e-09  9.50321849e-05  1.15500000e-09  9.48038123e-05  1.15500000e-09  3.43470447e-04  1.15500000e-09  3.10741394e-04 
 1.16500000e-09  1.46748459e+00  1.16500000e-09  4.03470465e-04  1.16500000e-09  3.46742760e-04  1.16500000e-09  9.50463257e-05  1.16500000e-09  9.47883595e-05  1.16500000e-09  3.43536635e-04  1.16500000e-09  3.10718300e-04 
 1.17500000e-09  1.46812440e+00  1.17500000e-09  4.03498743e-04  1.17500000e-09  3.46711086e-04  1.17500000e-09  9.50620640e-05  1.17500000e-09  9.47709962e-05  1.17500000e-09  3.43612119e-04  1.17500000e-09  3.10691886e-04 
 1.18500000e-09  1.46873665e+00  1.18500000e-09  4.03528488e-04  1.18500000e-09  3.46677812e-04  1.18500000e-09  9.50794074e-05  1.18500000e-09  9.47517945e-05  1.18500000e-09  3.43697631e-04  1.18500000e-09  3.10661805e-04 
 1.19500000e-09  1.46931870e+00  1.19500000e-09  4.03559651e-04  1.19500000e-09  3.46643131e-04  1.19500000e-09  9.50983660e-05  1.19500000e-09  9.47308322e-05  1.19500000e-09  3.43793816e-04  1.19500000e-09  3.10627731e-04 
 1.20500000e-09  1.46986796e+00  1.20500000e-09  4.03592190e-04  1.20500000e-09  3.46607226e-04  1.20500000e-09  9.51189533e-05  1.20500000e-09  9.47081840e-05  1.20500000e-09  3.43901243e-04  1.20500000e-09  3.10589357e-04 
 1.21500000e-09  1.47038187e+00  1.21500000e-09  4.03626072e-04  1.21500000e-09  3.46570268e-04  1.21500000e-09  9.51411857e-05  1.21500000e-09  9.46839179e-05  1.21500000e-09  3.44020413e-04  1.21500000e-09  3.10546391e-04 
 1.22500000e-09  1.47085794e+00  1.22500000e-09  4.03661263e-04  1.22500000e-09  3.46532413e-04  1.22500000e-09  9.51650809e-05  1.22500000e-09  9.46580932e-05  1.22500000e-09  3.44151771e-04  1.22500000e-09  3.10498554e-04 
 1.23500000e-09  1.47129369e+00  1.23500000e-09  4.03697735e-04  1.23500000e-09  3.46493800e-04  1.23500000e-09  9.51906565e-05  1.23500000e-09  9.46307608e-05  1.23500000e-09  3.44295712e-04  1.23500000e-09  3.10445576e-04 
 1.24500000e-09  1.47168670e+00  1.24500000e-09  4.03735455e-04  1.24500000e-09  3.46454557e-04  1.24500000e-09  9.52179287e-05  1.24500000e-09  9.46019639e-05  1.24500000e-09  3.44452584e-04  1.24500000e-09  3.10387195e-04 
 1.25500000e-09  1.47203455e+00  1.25500000e-09  4.03774389e-04  1.25500000e-09  3.46414799e-04  1.25500000e-09  9.52469107e-05  1.25500000e-09  9.45717397e-05  1.25500000e-09  3.44622688e-04  1.25500000e-09  3.10323155e-04 
 1.26500000e-09  1.47233487e+00  1.26500000e-09  4.03814499e-04  1.26500000e-09  3.46374634e-04  1.26500000e-09  9.52776120e-05  1.26500000e-09  9.45401209e-05  1.26500000e-09  3.44806286e-04  1.26500000e-09  3.10253204e-04 
 1.27500000e-09  1.47258528e+00  1.27500000e-09  4.03855738e-04  1.27500000e-09  3.46334161e-04  1.27500000e-09  9.53100373e-05  1.27500000e-09  9.45071372e-05  1.27500000e-09  3.45003591e-04  1.27500000e-09  3.10177091e-04 
 1.28500000e-09  1.47278346e+00  1.28500000e-09  4.03898055e-04  1.28500000e-09  3.46293478e-04  1.28500000e-09  9.53441858e-05  1.28500000e-09  9.44728169e-05  1.28500000e-09  3.45214775e-04  1.28500000e-09  3.10094569e-04 
 1.29500000e-09  1.47292707e+00  1.29500000e-09  4.03941388e-04  1.29500000e-09  3.46252676e-04  1.29500000e-09  9.53800505e-05  1.29500000e-09  9.44371881e-05  1.29500000e-09  3.45439963e-04  1.29500000e-09  3.10005394e-04 
 1.30500000e-09  1.47301385e+00  1.30500000e-09  4.03985669e-04  1.30500000e-09  3.46211848e-04  1.30500000e-09  9.54176178e-05  1.30500000e-09  9.44002795e-05  1.30500000e-09  3.45679232e-04  1.30500000e-09  3.09909321e-04 
 1.31500000e-09  1.47304152e+00  1.31500000e-09  4.04030820e-04  1.31500000e-09  3.46171084e-04  1.31500000e-09  9.54568670e-05  1.31500000e-09  9.43621221e-05  1.31500000e-09  3.45932612e-04  1.31500000e-09  3.09806108e-04 
 1.32500000e-09  1.47300789e+00  1.32500000e-09  4.04076752e-04  1.32500000e-09  3.46130478e-04  1.32500000e-09  9.54977700e-05  1.32500000e-09  9.43227490e-05  1.32500000e-09  3.46200078e-04  1.32500000e-09  3.09695516e-04 
 1.33500000e-09  1.47291078e+00  1.33500000e-09  4.04123369e-04  1.33500000e-09  3.46090121e-04  1.33500000e-09  9.55402910e-05  1.33500000e-09  9.42821971e-05  1.33500000e-09  3.46481555e-04  1.33500000e-09  3.09577305e-04 
 1.34500000e-09  1.47274809e+00  1.34500000e-09  4.04170563e-04  1.34500000e-09  3.46050109e-04  1.34500000e-09  9.55843859e-05  1.34500000e-09  9.42405069e-05  1.34500000e-09  3.46776912e-04  1.34500000e-09  3.09451243e-04 
 1.35500000e-09  1.47251778e+00  1.35500000e-09  4.04218215e-04  1.35500000e-09  3.46010539e-04  1.35500000e-09  9.56300027e-05  1.35500000e-09  9.41977234e-05  1.35500000e-09  3.47085962e-04  1.35500000e-09  3.09317098e-04 
 1.36500000e-09  1.47221787e+00  1.36500000e-09  4.04266199e-04  1.36500000e-09  3.45971511e-04  1.36500000e-09  9.56770805e-05  1.36500000e-09  9.41538966e-05  1.36500000e-09  3.47408458e-04  1.36500000e-09  3.09174645e-04 
 1.37500000e-09  1.47184648e+00  1.37500000e-09  4.04314377e-04  1.37500000e-09  3.45933128e-04  1.37500000e-09  9.57255501e-05  1.37500000e-09  9.41090817e-05  1.37500000e-09  3.47744097e-04  1.37500000e-09  3.09023666e-04 
 1.38500000e-09  1.47140182e+00  1.38500000e-09  4.04362600e-04  1.38500000e-09  3.45895497e-04  1.38500000e-09  9.57753334e-05  1.38500000e-09  9.40633396e-05  1.38500000e-09  3.48092513e-04  1.38500000e-09  3.08863949e-04 
 1.39500000e-09  1.47088221e+00  1.39500000e-09  4.04410712e-04  1.39500000e-09  3.45858726e-04  1.39500000e-09  9.58263435e-05  1.39500000e-09  9.40167375e-05  1.39500000e-09  3.48453282e-04  1.39500000e-09  3.08695294e-04 
 1.40500000e-09  1.47028609e+00  1.40500000e-09  4.04458545e-04  1.40500000e-09  3.45822929e-04  1.40500000e-09  9.58784847e-05  1.40500000e-09  9.39693487e-05  1.40500000e-09  3.48825916e-04  1.40500000e-09  3.08517512e-04 
 1.41500000e-09  1.46961202e+00  1.41500000e-09  4.04505924e-04  1.41500000e-09  3.45788222e-04  1.41500000e-09  9.59316525e-05  1.41500000e-09  9.39212534e-05  1.41500000e-09  3.49209869e-04  1.41500000e-09  3.08330429e-04 
 1.42500000e-09  1.46885871e+00  1.42500000e-09  4.04552665e-04  1.42500000e-09  3.45754727e-04  1.42500000e-09  9.59857338e-05  1.42500000e-09  9.38725385e-05  1.42500000e-09  3.49604534e-04  1.42500000e-09  3.08133886e-04 
 1.43500000e-09  1.46802502e+00  1.43500000e-09  4.04598576e-04  1.43500000e-09  3.45722567e-04  1.43500000e-09  9.60406073e-05  1.43500000e-09  9.38232982e-05  1.43500000e-09  3.50009244e-04  1.43500000e-09  3.07927745e-04 
 1.44500000e-09  1.46710999e+00  1.44500000e-09  4.04643457e-04  1.44500000e-09  3.45691871e-04  1.44500000e-09  9.60961434e-05  1.44500000e-09  9.37736337e-05  1.44500000e-09  3.50423278e-04  1.44500000e-09  3.07711890e-04 
 1.45500000e-09  1.46611281e+00  1.45500000e-09  4.04687106e-04  1.45500000e-09  3.45662770e-04  1.45500000e-09  9.61522051e-05  1.45500000e-09  9.37236534e-05  1.45500000e-09  3.50845858e-04  1.45500000e-09  3.07486231e-04 
 1.46500000e-09  1.46503290e+00  1.46500000e-09  4.04729312e-04  1.46500000e-09  3.45635398e-04  1.46500000e-09  9.62086482e-05  1.46500000e-09  9.36734731e-05  1.46500000e-09  3.51276155e-04  1.46500000e-09  3.07250708e-04 
 1.47500000e-09  1.46386983e+00  1.47500000e-09  4.04769863e-04  1.47500000e-09  3.45609892e-04  1.47500000e-09  9.62653226e-05  1.47500000e-09  9.36232152e-05  1.47500000e-09  3.51713292e-04  1.47500000e-09  3.07005293e-04 
 1.48500000e-09  1.46262344e+00  1.48500000e-09  4.04808545e-04  1.48500000e-09  3.45586392e-04  1.48500000e-09  9.63220724e-05  1.48500000e-09  9.35730088e-05  1.48500000e-09  3.52156347e-04  1.48500000e-09  3.06749996e-04 
 1.49500000e-09  1.46129375e+00  1.49500000e-09  4.04845145e-04  1.49500000e-09  3.45565040e-04  1.49500000e-09  9.63787374e-05  1.49500000e-09  9.35229891e-05  1.49500000e-09  3.52604360e-04  1.49500000e-09  3.06484865e-04 
 1.50500000e-09  1.45988103e+00  1.50500000e-09  4.04879449e-04  1.50500000e-09  3.45545975e-04  1.50500000e-09  9.64351541e-05  1.50500000e-09  9.34732968e-05  1.50500000e-09  3.53056339e-04  1.50500000e-09  3.06209995e-04 
 1.51500000e-09  1.45838579e+00  1.51500000e-09  4.04911250e-04  1.51500000e-09  3.45529339e-04  1.51500000e-09  9.64911567e-05  1.51500000e-09  9.34240775e-05  1.51500000e-09  3.53511261e-04  1.51500000e-09  3.05925528e-04 
 1.52500000e-09  1.45680877e+00  1.52500000e-09  4.04940345e-04  1.52500000e-09  3.45515273e-04  1.52500000e-09  9.65465784e-05  1.52500000e-09  9.33754808e-05  1.52500000e-09  3.53968085e-04  1.52500000e-09  3.05631659e-04 
 1.53500000e-09  1.45515098e+00  1.53500000e-09  4.04966537e-04  1.53500000e-09  3.45503913e-04  1.53500000e-09  9.66012524e-05  1.53500000e-09  9.33276601e-05  1.53500000e-09  3.54425753e-04  1.53500000e-09  3.05328638e-04 
 1.54500000e-09  1.45341368e+00  1.54500000e-09  4.04989640e-04  1.54500000e-09  3.45495397e-04  1.54500000e-09  9.66550129e-05  1.54500000e-09  9.32807714e-05  1.54500000e-09  3.54883199e-04  1.54500000e-09  3.05016774e-04 
 1.55500000e-09  1.45159838e+00  1.55500000e-09  4.05009478e-04  1.55500000e-09  3.45489855e-04  1.55500000e-09  9.67076964e-05  1.55500000e-09  9.32349731e-05  1.55500000e-09  3.55339357e-04  1.55500000e-09  3.04696440e-04 
 1.56500000e-09  1.44970686e+00  1.56500000e-09  4.05025884e-04  1.56500000e-09  3.45487418e-04  1.56500000e-09  9.67591410e-05  1.56500000e-09  9.31904268e-05  1.56500000e-09  3.55793163e-04  1.56500000e-09  3.04368072e-04 
 1.57500000e-09  1.44774114e+00  1.57500000e-09  4.05038701e-04  1.57500000e-09  3.45488216e-04  1.57500000e-09  9.68091863e-05  1.57500000e-09  9.31472975e-05  1.57500000e-09  3.56243561e-04  1.57500000e-09  3.04032179e-04 
 1.58500000e-09  1.44570352e+00  1.58500000e-09  4.05047787e-04  1.58500000e-09  3.45492378e-04  1.58500000e-09  9.68576749e-05  1.58500000e-09  9.31057538e-05  1.58500000e-09  3.56689508e-04  1.58500000e-09  3.03689341e-04 
 1.59500000e-09  1.44359654e+00  1.59500000e-09  4.05053006e-04  1.59500000e-09  3.45500034e-04  1.59500000e-09  9.69044502e-05  1.59500000e-09  9.30659696e-05  1.59500000e-09  3.57129976e-04  1.59500000e-09  3.03340218e-04 
 1.60500000e-09  1.44142302e+00  1.60500000e-09  4.05054232e-04  1.60500000e-09  3.45511319e-04  1.60500000e-09  9.69493557e-05  1.60500000e-09  9.30281261e-05  1.60500000e-09  3.57563952e-04  1.60500000e-09  3.02985547e-04 
 1.61500000e-09  1.43918603e+00  1.61500000e-09  4.05051349e-04  1.61500000e-09  3.45526377e-04  1.61500000e-09  9.69922336e-05  1.61500000e-09  9.29924141e-05  1.61500000e-09  3.57990441e-04  1.61500000e-09  3.02626156e-04 
 1.62500000e-09  1.43688892e+00  1.62500000e-09  4.05044244e-04  1.62500000e-09  3.45545364e-04  1.62500000e-09  9.70329231e-05  1.62500000e-09  9.29590365e-05  1.62500000e-09  3.58408459e-04  1.62500000e-09  3.02262962e-04 
 1.63500000e-09  1.43453533e+00  1.63500000e-09  4.05032810e-04  1.63500000e-09  3.45568448e-04  1.63500000e-09  9.70712590e-05  1.63500000e-09  9.29282105e-05  1.63500000e-09  3.58817038e-04  1.63500000e-09  3.01896979e-04 
 1.64500000e-09  1.43212917e+00  1.64500000e-09  4.05016943e-04  1.64500000e-09  3.45595819e-04  1.64500000e-09  9.71070702e-05  1.64500000e-09  9.29001707e-05  1.64500000e-09  3.59215213e-04  1.64500000e-09  3.01529325e-04 
 1.65500000e-09  1.42967467e+00  1.65500000e-09  4.04996542e-04  1.65500000e-09  3.45627684e-04  1.65500000e-09  9.71401786e-05  1.65500000e-09  9.28751709e-05  1.65500000e-09  3.59602026e-04  1.65500000e-09  3.01161228e-04 
 1.66500000e-09  1.42717639e+00  1.66500000e-09  4.04971508e-04  1.66500000e-09  3.45664277e-04  1.66500000e-09  9.71703979e-05  1.66500000e-09  9.28534858e-05  1.66500000e-09  3.59976516e-04  1.66500000e-09  3.00794028e-04 
 1.67500000e-09  1.42463924e+00  1.67500000e-09  4.04941747e-04  1.67500000e-09  3.45705852e-04  1.67500000e-09  9.71975335e-05  1.67500000e-09  9.28354122e-05  1.67500000e-09  3.60337715e-04  1.67500000e-09  3.00429191e-04 
 1.68500000e-09  1.42206846e+00  1.68500000e-09  4.04907168e-04  1.68500000e-09  3.45752689e-04  1.68500000e-09  9.72213823e-05  1.68500000e-09  9.28212696e-05  1.68500000e-09  3.60684643e-04  1.68500000e-09  3.00068305e-04 
 1.69500000e-09  1.41946974e+00  1.69500000e-09  4.04867684e-04  1.69500000e-09  3.45805091e-04  1.69500000e-09  9.72417329e-05  1.69500000e-09  9.28113993e-05  1.69500000e-09  3.61016304e-04  1.69500000e-09  2.99713090e-04 
 1.70500000e-09  1.41684912e+00  1.70500000e-09  4.04823218e-04  1.70500000e-09  3.45863382e-04  1.70500000e-09  9.72583665e-05  1.70500000e-09  9.28061640e-05  1.70500000e-09  3.61331679e-04  1.70500000e-09  2.99365396e-04 
 1.71500000e-09  1.41421311e+00  1.71500000e-09  4.04773702e-04  1.71500000e-09  3.45927902e-04  1.71500000e-09  9.72710581e-05  1.71500000e-09  9.28059454e-05  1.71500000e-09  3.61629721e-04  1.71500000e-09  2.99027207e-04 
 1.72500000e-09  1.41156867e+00  1.72500000e-09  4.04719078e-04  1.72500000e-09  3.45999005e-04  1.72500000e-09  9.72795770e-05  1.72500000e-09  9.28111421e-05  1.72500000e-09  3.61909354e-04  1.72500000e-09  2.98700636e-04 
 1.73500000e-09  1.40892322e+00  1.73500000e-09  4.04659305e-04  1.73500000e-09  3.46077056e-04  1.73500000e-09  9.72836893e-05  1.73500000e-09  9.28221663e-05  1.73500000e-09  3.62169464e-04  1.73500000e-09  2.98387922e-04 
 1.74500000e-09  1.40628465e+00  1.74500000e-09  4.04594357e-04  1.74500000e-09  3.46162419e-04  1.74500000e-09  9.72831583e-05  1.74500000e-09  9.28394401e-05  1.74500000e-09  3.62408898e-04  1.74500000e-09  2.98091425e-04 
 1.75500000e-09  1.40366138e+00  1.75500000e-09  4.04524228e-04  1.75500000e-09  3.46255459e-04  1.75500000e-09  9.72777467e-05  1.75500000e-09  9.28633916e-05  1.75500000e-09  3.62626456e-04  1.75500000e-09  2.97813612e-04 
 1.76500000e-09  1.40106229e+00  1.76500000e-09  4.04448931e-04  1.76500000e-09  3.46356528e-04  1.76500000e-09  9.72672175e-05  1.76500000e-09  9.28944503e-05  1.76500000e-09  3.62820889e-04  1.76500000e-09  2.97557048e-04 
 1.77500000e-09  1.39849678e+00  1.77500000e-09  4.04368498e-04  1.77500000e-09  3.46465963e-04  1.77500000e-09  9.72513354e-05  1.77500000e-09  9.29330428e-05  1.77500000e-09  3.62990889e-04  1.77500000e-09  2.97324375e-04 
 1.78500000e-09  1.39597474e+00  1.78500000e-09  4.04282986e-04  1.78500000e-09  3.46584076e-04  1.78500000e-09  9.72298677e-05  1.78500000e-09  9.29795870e-05  1.78500000e-09  3.63135085e-04  1.78500000e-09  2.97118301e-04 
 1.79500000e-09  1.39350654e+00  1.79500000e-09  4.04192469e-04  1.79500000e-09  3.46711148e-04  1.79500000e-09  9.72025852e-05  1.79500000e-09  9.30344879e-05  1.79500000e-09  3.63252035e-04  1.79500000e-09  2.96941567e-04 
 1.80500000e-09  1.39110303e+00  1.80500000e-09  4.04097042e-04  1.80500000e-09  3.46847420e-04  1.80500000e-09  9.71692626e-05  1.80500000e-09  9.30981317e-05  1.80500000e-09  3.63340216e-04  1.80500000e-09  2.96796930e-04 
 1.81500000e-09  1.38877551e+00  1.81500000e-09  4.03996819e-04  1.81500000e-09  3.46993087e-04  1.81500000e-09  9.71296790e-05  1.81500000e-09  9.31708810e-05  1.81500000e-09  3.63398014e-04  1.81500000e-09  2.96687133e-04 
 1.82500000e-09  1.38653572e+00  1.82500000e-09  4.03891926e-04  1.82500000e-09  3.47148289e-04  1.82500000e-09  9.70836174e-05  1.82500000e-09  9.32530689e-05  1.82500000e-09  3.63423708e-04  1.82500000e-09  2.96614871e-04 
 1.83500000e-09  1.38439577e+00  1.83500000e-09  4.03782502e-04  1.83500000e-09  3.47313105e-04  1.83500000e-09  9.70308648e-05  1.83500000e-09  9.33449943e-05  1.83500000e-09  3.63415464e-04  1.83500000e-09  2.96582759e-04 
 1.84500000e-09  1.38236819e+00  1.84500000e-09  4.03668693e-04  1.84500000e-09  3.47487544e-04  1.84500000e-09  9.69712111e-05  1.84500000e-09  9.34469161e-05  1.84500000e-09  3.63371311e-04  1.84500000e-09  2.96593299e-04 
 1.85500000e-09  1.38046581e+00  1.85500000e-09  4.03550644e-04  1.85500000e-09  3.47671541e-04  1.85500000e-09  9.69044481e-05  1.85500000e-09  9.35590489e-05  1.85500000e-09  3.63289125e-04  1.85500000e-09  2.96648838e-04 
 1.86500000e-09  1.37870178e+00  1.86500000e-09  4.03428499e-04  1.86500000e-09  3.47864947e-04  1.86500000e-09  9.68303680e-05  1.86500000e-09  9.36815577e-05  1.86500000e-09  3.63166609e-04  1.86500000e-09  2.96751528e-04 
 1.87500000e-09  1.37708949e+00  1.87500000e-09  4.03302384e-04  1.87500000e-09  3.48067525e-04  1.87500000e-09  9.67487610e-05  1.87500000e-09  9.38145542e-05  1.87500000e-09  3.63001269e-04  1.87500000e-09  2.96903290e-04 
 1.88500000e-09  1.37564256e+00  1.88500000e-09  4.03172408e-04  1.88500000e-09  3.48278947e-04  1.88500000e-09  9.66594128e-05  1.88500000e-09  9.39580925e-05  1.88500000e-09  3.62790385e-04  1.88500000e-09  2.97105768e-04 
 1.89500000e-09  1.37437479e+00  1.89500000e-09  4.03038648e-04  1.89500000e-09  3.48498789e-04  1.89500000e-09  9.65621011e-05  1.89500000e-09  9.41121673e-05  1.89500000e-09  3.62530983e-04  1.89500000e-09  2.97360288e-04 
 1.90500000e-09  1.37330009e+00  1.90500000e-09  4.02901139e-04  1.90500000e-09  3.48726529e-04  1.90500000e-09  9.64565910e-05  1.90500000e-09  9.42767111e-05  1.90500000e-09  3.62219795e-04  1.90500000e-09  2.97667817e-04 
 1.91500000e-09  1.37243249e+00  1.91500000e-09  4.02759861e-04  1.91500000e-09  3.48961548e-04  1.91500000e-09  9.63426300e-05  1.91500000e-09  9.44515946e-05  1.91500000e-09  3.61853224e-04  1.91500000e-09  2.98028926e-04 
 1.92500000e-09  1.37178604e+00  1.92500000e-09  4.02614716e-04  1.92500000e-09  3.49203128e-04  1.92500000e-09  9.62199331e-05  1.92500000e-09  9.46366251e-05  1.92500000e-09  3.61427297e-04  1.92500000e-09  2.98443754e-04 
 1.93500000e-09  1.37137487e+00  1.93500000e-09  4.02465552e-04  1.93500000e-09  3.49450465e-04  1.93500000e-09  9.60882028e-05  1.93500000e-09  9.48315567e-05  1.93500000e-09  3.60937614e-04  1.93500000e-09  2.98911964e-04 
 1.94500000e-09  1.37121307e+00  1.94500000e-09  4.02312039e-04  1.94500000e-09  3.49702741e-04  1.94500000e-09  9.59470446e-05  1.94500000e-09  9.50361381e-05  1.94500000e-09  3.60379258e-04  1.94500000e-09  2.99432751e-04 
 1.95500000e-09  1.37131480e+00  1.95500000e-09  4.02153764e-04  1.95500000e-09  3.49959005e-04  1.95500000e-09  9.57960351e-05  1.95500000e-09  9.52500356e-05  1.95500000e-09  3.59746762e-04  1.95500000e-09  3.00004804e-04 
 1.96500000e-09  1.37169427e+00  1.96500000e-09  4.01990278e-04  1.96500000e-09  3.50218161e-04  1.96500000e-09  9.56347636e-05  1.96500000e-09  9.54728141e-05  1.96500000e-09  3.59034069e-04  1.96500000e-09  3.00626246e-04 
 1.97500000e-09  1.37236566e+00  1.97500000e-09  4.01820900e-04  1.97500000e-09  3.50479104e-04  1.97500000e-09  9.54626899e-05  1.97500000e-09  9.57040427e-05  1.97500000e-09  3.58234424e-04  1.97500000e-09  3.01294672e-04 
 1.98500000e-09  1.37334315e+00  1.98500000e-09  4.01644711e-04  1.98500000e-09  3.50740747e-04  1.98500000e-09  9.52791410e-05  1.98500000e-09  9.59433122e-05  1.98500000e-09  3.57340259e-04  1.98500000e-09  3.02007169e-04 
 1.99500000e-09  1.37464109e+00  1.99500000e-09  4.01460568e-04  1.99500000e-09  3.51002004e-04  1.99500000e-09  9.50833203e-05  1.99500000e-09  9.61902298e-05  1.99500000e-09  3.56343087e-04  1.99500000e-09  3.02760339e-04 
 2.00500000e-09  1.37627409e+00  2.00500000e-09  4.01267075e-04  2.00500000e-09  3.51261800e-04  2.00500000e-09  9.48742909e-05  2.00500000e-09  9.64444281e-05  2.00500000e-09  3.55233391e-04  2.00500000e-09  3.03550332e-04 
 2.01500000e-09  1.37825717e+00  2.01500000e-09  4.01062551e-04  2.01500000e-09  3.51519086e-04  2.01500000e-09  9.46509522e-05  2.01500000e-09  9.67055788e-05  2.01500000e-09  3.54000509e-04  2.01500000e-09  3.04372890e-04 
 2.02500000e-09  1.38060589e+00  2.02500000e-09  4.00844992e-04  2.02500000e-09  3.51772842e-04  2.02500000e-09  9.44120140e-05  2.02500000e-09  9.69734068e-05  2.02500000e-09  3.52632516e-04  2.02500000e-09  3.05223410e-04 
 2.03500000e-09  1.38333658e+00  2.03500000e-09  4.00612026e-04  2.03500000e-09  3.52022094e-04  2.03500000e-09  9.41559711e-05  2.03500000e-09  9.72477012e-05  2.03500000e-09  3.51116106e-04  2.03500000e-09  3.06097012e-04 
 2.04250000e-09  1.38564511e+00  2.04250000e-09  4.00425506e-04  2.04250000e-09  3.52205555e-04  2.04250000e-09  9.39516587e-05  2.04250000e-09  9.74576028e-05  2.04250000e-09  3.49872608e-04  2.04250000e-09  3.06764280e-04 
 2.05000000e-09  1.38818596e+00  2.05000000e-09  4.00227415e-04  2.05000000e-09  3.52385577e-04  2.05000000e-09  9.37359011e-05  2.05000000e-09  9.76710368e-05  2.05000000e-09  3.48530532e-04  2.05000000e-09  3.07439499e-04 
 2.05100000e-09  1.38854327e+00  2.05100000e-09  4.00199923e-04  2.05100000e-09  3.52409350e-04  2.05100000e-09  9.37061058e-05  2.05100000e-09  9.76998257e-05  2.05100000e-09  3.48343215e-04  2.05100000e-09  3.07530298e-04 
 2.05300000e-09  1.38926343e+00  2.05300000e-09  4.00144139e-04  2.05300000e-09  3.52456886e-04  2.05300000e-09  9.36459019e-05  2.05300000e-09  9.77576079e-05  2.05300000e-09  3.47963856e-04  2.05300000e-09  3.07711638e-04 
 2.05700000e-09  1.39073752e+00  2.05700000e-09  4.00028692e-04  2.05700000e-09  3.52551932e-04  2.05700000e-09  9.35222940e-05  2.05700000e-09  9.78743217e-05  2.05700000e-09  3.47181381e-04  2.05700000e-09  3.08075470e-04 
 2.06500000e-09  1.39382513e+00  2.06500000e-09  3.99781950e-04  2.06500000e-09  3.52741422e-04  2.06500000e-09  9.32621201e-05  2.06500000e-09  9.81121421e-05  2.06500000e-09  3.45516716e-04  2.06500000e-09  3.08806657e-04 
 2.07500000e-09  1.39795894e+00  2.07500000e-09  3.99441847e-04  2.07500000e-09  3.52976046e-04  2.07500000e-09  9.29114671e-05  2.07500000e-09  9.84173111e-05  2.07500000e-09  3.43235041e-04  2.07500000e-09  3.09723892e-04 
 2.08500000e-09  1.40241884e+00  2.08500000e-09  3.99062884e-04  2.08500000e-09  3.53206611e-04  2.08500000e-09  9.25303705e-05  2.08500000e-09  9.87308239e-05  2.08500000e-09  3.40709909e-04  2.08500000e-09  3.10640041e-04 
 2.09250000e-09  1.40599314e+00  2.09250000e-09  3.98750274e-04  2.09250000e-09  3.53375834e-04  2.09250000e-09  9.22228479e-05  2.09250000e-09  9.89711845e-05  2.09250000e-09  3.38642865e-04  2.09250000e-09  3.11323472e-04 
 2.10000000e-09  1.40977893e+00  2.10000000e-09  3.98410903e-04  2.10000000e-09  3.53540793e-04  2.10000000e-09  9.18952923e-05  2.10000000e-09  9.92156768e-05  2.10000000e-09  3.36416767e-04  2.10000000e-09  3.12001574e-04 
 2.10100000e-09  1.41030384e+00  2.10100000e-09  3.98363503e-04  2.10100000e-09  3.53562291e-04  2.10100000e-09  9.18499780e-05  2.10100000e-09  9.92485505e-05  2.10100000e-09  3.36106711e-04  2.10100000e-09  3.12091719e-04 
 2.10300000e-09  1.41136477e+00  2.10300000e-09  3.98267438e-04  2.10300000e-09  3.53604984e-04  2.10300000e-09  9.17584586e-05  2.10300000e-09  9.93144207e-05  2.10300000e-09  3.35479095e-04  2.10300000e-09  3.12271078e-04 
 2.10700000e-09  1.41355484e+00  2.10700000e-09  3.98069712e-04  2.10700000e-09  3.53688291e-04  2.10700000e-09  9.15711351e-05  2.10700000e-09  9.94465385e-05  2.10700000e-09  3.34187413e-04  2.10700000e-09  3.12627948e-04 
 2.11500000e-09  1.41821773e+00  2.11500000e-09  3.97650060e-04  2.11500000e-09  3.53846011e-04  2.11500000e-09  9.11782843e-05  2.11500000e-09  9.97121270e-05  2.11500000e-09  3.31454313e-04  2.11500000e-09  3.13333323e-04 
 2.12500000e-09  1.42460191e+00  2.12500000e-09  3.97074755e-04  2.12500000e-09  3.54024979e-04  2.12500000e-09  9.06500701e-05  2.12500000e-09  1.00046305e-04  2.12500000e-09  3.27746216e-04  2.12500000e-09  3.14196690e-04 
 2.13500000e-09  1.43164036e+00  2.13500000e-09  3.96435593e-04  2.13500000e-09  3.54181040e-04  2.13500000e-09  9.00765659e-05  2.13500000e-09  1.00382066e-04  2.13500000e-09  3.23700895e-04  2.13500000e-09  3.15036380e-04 
 2.14500000e-09  1.43937567e+00  2.14500000e-09  3.95725043e-04  2.14500000e-09  3.54310057e-04  2.14500000e-09  8.94540501e-05  2.14500000e-09  1.00717642e-04  2.14500000e-09  3.19309159e-04  2.14500000e-09  3.15849437e-04 
 2.15500000e-09  1.44785185e+00  2.15500000e-09  3.94936195e-04  2.15500000e-09  3.54406568e-04  2.15500000e-09  8.87795189e-05  2.15500000e-09  1.01050311e-04  2.15500000e-09  3.14568809e-04  2.15500000e-09  3.16633425e-04 
 2.16500000e-09  1.45711364e+00  2.16500000e-09  3.94062662e-04  2.16500000e-09  3.54464006e-04  2.16500000e-09  8.80506226e-05  2.16500000e-09  1.01376514e-04  2.16500000e-09  3.09486100e-04  2.16500000e-09  3.17386433e-04 
 2.17500000e-09  1.46720532e+00  2.17500000e-09  3.93098451e-04  2.17500000e-09  3.54475115e-04  2.17500000e-09  8.72655821e-05  2.17500000e-09  1.01692159e-04  2.17500000e-09  3.04076336e-04  2.17500000e-09  3.18107103e-04 
 2.18500000e-09  1.47816954e+00  2.18500000e-09  3.92037229e-04  2.18500000e-09  3.54432931e-04  2.18500000e-09  8.64226999e-05  2.18500000e-09  1.01993374e-04  2.18500000e-09  2.98362860e-04  2.18500000e-09  3.18794727e-04 
 2.19500000e-09  1.49004714e+00  2.19500000e-09  3.90873454e-04  2.19500000e-09  3.54330383e-04  2.19500000e-09  8.55210836e-05  2.19500000e-09  1.02276208e-04  2.19500000e-09  2.92376291e-04  2.19500000e-09  3.19449145e-04 
 2.20500000e-09  1.50287615e+00  2.20500000e-09  3.89602800e-04  2.20500000e-09  3.54160312e-04  2.20500000e-09  8.45608864e-05  2.20500000e-09  1.02536649e-04  2.20500000e-09  2.86153428e-04  2.20500000e-09  3.20070647e-04 
 2.21500000e-09  1.51669041e+00  2.21500000e-09  3.88221934e-04  2.21500000e-09  3.53915972e-04  2.21500000e-09  8.35431092e-05  2.21500000e-09  1.02771034e-04  2.21500000e-09  2.79735366e-04  2.21500000e-09  3.20659912e-04 
 2.22500000e-09  1.53151868e+00  2.22500000e-09  3.86729129e-04  2.22500000e-09  3.53590928e-04  2.22500000e-09  8.24699149e-05  2.22500000e-09  1.02975986e-04  2.22500000e-09  2.73165869e-04  2.22500000e-09  3.21217882e-04 
 2.23500000e-09  1.54738357e+00  2.23500000e-09  3.85124923e-04  2.23500000e-09  3.53178847e-04  2.23500000e-09  8.13449372e-05  2.23500000e-09  1.03148273e-04  2.23500000e-09  2.66490221e-04  2.23500000e-09  3.21745631e-04 
 2.24500000e-09  1.56430000e+00  2.24500000e-09  3.83412582e-04  2.24500000e-09  3.52673419e-04  2.24500000e-09  8.01734272e-05  2.24500000e-09  1.03284751e-04  2.24500000e-09  2.59754364e-04  2.24500000e-09  3.22244240e-04 
 2.25500000e-09  1.58227346e+00  2.25500000e-09  3.81598421e-04  2.25500000e-09  3.52068364e-04  2.25500000e-09  7.89622826e-05  2.25500000e-09  1.03382373e-04  2.25500000e-09  2.53004253e-04  2.25500000e-09  3.22714706e-04 
 2.26500000e-09  1.60129814e+00  2.26500000e-09  3.79691981e-04  2.26500000e-09  3.51357513e-04  2.26500000e-09  7.77199660e-05  2.26500000e-09  1.03438266e-04  2.26500000e-09  2.46285316e-04  2.26500000e-09  3.23157874e-04 
 2.27500000e-09  1.62135521e+00  2.27500000e-09  3.77705983e-04  2.27500000e-09  3.50534961e-04  2.27500000e-09  7.64562885e-05  2.27500000e-09  1.03449867e-04  2.27500000e-09  2.39641921e-04  2.27500000e-09  3.23574408e-04 
 2.28500000e-09  1.64241151e+00  2.28500000e-09  3.75655954e-04  2.28500000e-09  3.49595299e-04  2.28500000e-09  7.51820125e-05  2.28500000e-09  1.03415168e-04  2.28500000e-09  2.33116693e-04  2.28500000e-09  3.23964800e-04 
 2.29500000e-09  1.66441924e+00  2.29500000e-09  3.73559426e-04  2.29500000e-09  3.48533881e-04  2.29500000e-09  7.39082617e-05  2.29500000e-09  1.03333039e-04  2.29500000e-09  2.26749575e-04  2.29500000e-09  3.24329423e-04 
 2.30500000e-09  1.68731685e+00  2.30500000e-09  3.71435125e-04  2.30500000e-09  3.47346824e-04  2.30500000e-09  7.26459866e-05  2.30500000e-09  1.03203434e-04  2.30500000e-09  2.20576866e-04  2.30500000e-09  3.24668604e-04 
 2.31500000e-09  1.71103130e+00  2.31500000e-09  3.69303547e-04  2.31500000e-09  3.46030011e-04  2.31500000e-09  7.14062183e-05  2.31500000e-09  1.03026851e-04  2.31500000e-09  2.14631350e-04  2.31500000e-09  3.24982661e-04 
 2.32500000e-09  1.73548048e+00  2.32500000e-09  3.67189990e-04  2.32500000e-09  3.44576825e-04  2.32500000e-09  7.02015702e-05  2.32500000e-09  1.02802779e-04  2.32500000e-09  2.08944772e-04  2.32500000e-09  3.25271815e-04 
 2.33500000e-09  1.76057328e+00  2.33500000e-09  3.65127959e-04  2.33500000e-09  3.42976016e-04  2.33500000e-09  6.90477894e-05  2.33500000e-09  1.02528257e-04  2.33500000e-09  2.03551764e-04  2.33500000e-09  3.25536065e-04 
 2.34500000e-09  1.78620637e+00  2.34500000e-09  3.63160161e-04  2.34500000e-09  3.41211011e-04  2.34500000e-09  6.79640131e-05  2.34500000e-09  1.02197783e-04  2.34500000e-09  1.98492866e-04  2.34500000e-09  3.25775106e-04 
 2.35500000e-09  1.81225949e+00  2.35500000e-09  3.61338857e-04  2.35500000e-09  3.39259295e-04  2.35500000e-09  6.69727554e-05  2.35500000e-09  1.01803665e-04  2.35500000e-09  1.93816552e-04  2.35500000e-09  3.25988263e-04 
 2.36500000e-09  1.83859041e+00  2.36500000e-09  3.59730870e-04  2.36500000e-09  3.37089165e-04  2.36500000e-09  6.61022324e-05  2.36500000e-09  1.01334544e-04  2.36500000e-09  1.89583967e-04  2.36500000e-09  3.26174201e-04 
 2.37500000e-09  1.86502573e+00  2.37500000e-09  3.58429375e-04  2.37500000e-09  3.34654323e-04  2.37500000e-09  6.53919143e-05  2.37500000e-09  1.00771836e-04  2.37500000e-09  1.85878283e-04  2.37500000e-09  3.26330397e-04 
 2.38500000e-09  1.89133536e+00  2.38500000e-09  3.57531884e-04  2.38500000e-09  3.31903380e-04  2.38500000e-09  6.48824129e-05  2.38500000e-09  1.00098899e-04  2.38500000e-09  1.82798452e-04  2.38500000e-09  3.26453444e-04 
 2.39500000e-09  1.91719099e+00  2.39500000e-09  3.57007017e-04  2.39500000e-09  3.28826158e-04  2.39500000e-09  6.45548753e-05  2.39500000e-09  9.93485384e-05  2.39500000e-09  1.80379515e-04  2.39500000e-09  3.26542962e-04 
 2.40500000e-09  1.94222067e+00  2.40500000e-09  3.56825021e-04  2.40500000e-09  3.25396186e-04  2.40500000e-09  6.43931787e-05  2.40500000e-09  9.85509662e-05  2.40500000e-09  1.78622436e-04  2.40500000e-09  3.26598508e-04 
 2.41500000e-09  1.96598987e+00  2.41500000e-09  3.57040233e-04  2.41500000e-09  3.21574222e-04  2.41500000e-09  6.44217256e-05  2.41500000e-09  9.77042700e-05  2.41500000e-09  1.77558272e-04  2.41500000e-09  3.26615999e-04 
 2.42500000e-09  1.98802732e+00  2.42500000e-09  3.57736992e-04  2.42500000e-09  3.17397367e-04  2.42500000e-09  6.46805980e-05  2.42500000e-09  9.67977986e-05  2.42500000e-09  1.77255400e-04  2.42500000e-09  3.26587755e-04 
 2.43500000e-09  2.00803591e+00  2.43500000e-09  3.59023877e-04  2.43500000e-09  3.13027237e-04  2.43500000e-09  6.52237195e-05  2.43500000e-09  9.58154768e-05  2.43500000e-09  1.77823114e-04  2.43500000e-09  3.26502388e-04 
 2.44500000e-09  2.02595029e+00  2.44500000e-09  3.60922744e-04  2.44500000e-09  3.08750880e-04  2.44500000e-09  6.60686449e-05  2.44500000e-09  9.47706045e-05  2.44500000e-09  1.79353406e-04  2.44500000e-09  3.26348926e-04 
 2.45500000e-09  2.04180715e+00  2.45500000e-09  3.63310713e-04  2.45500000e-09  3.04898015e-04  2.45500000e-09  6.71679142e-05  2.45500000e-09  9.37192766e-05  2.45500000e-09  1.81854523e-04  2.45500000e-09  3.26121409e-04 
 2.46500000e-09  2.05577768e+00  2.46500000e-09  3.66446724e-04  2.46500000e-09  3.01720637e-04  2.46500000e-09  6.86609596e-05  2.46500000e-09  9.25793269e-05  2.46500000e-09  1.85519173e-04  2.46500000e-09  3.25806122e-04 
 2.47500000e-09  2.06786366e+00  2.47500000e-09  3.70507559e-04  2.47500000e-09  2.99486028e-04  2.47500000e-09  7.06643433e-05  2.47500000e-09  9.12810072e-05  2.47500000e-09  1.90645401e-04  2.47500000e-09  3.25390523e-04 
 2.48500000e-09  2.07786187e+00  2.48500000e-09  3.75219079e-04  2.48500000e-09  2.98377391e-04  2.48500000e-09  7.30807709e-05  2.48500000e-09  8.98869797e-05  2.48500000e-09  1.97356636e-04  2.48500000e-09  3.24877664e-04 
 2.49500000e-09  2.08564576e+00  2.49500000e-09  3.80285122e-04  2.49500000e-09  2.98331788e-04  2.49500000e-09  7.57910568e-05  2.49500000e-09  8.84510517e-05  2.49500000e-09  2.05647851e-04  2.49500000e-09  3.24280488e-04 
 2.50500000e-09  2.09110109e+00  2.50500000e-09  3.85491766e-04  2.50500000e-09  2.99093517e-04  2.50500000e-09  7.87042718e-05  2.50500000e-09  8.69913673e-05  2.50500000e-09  2.15470895e-04  2.50500000e-09  3.23613296e-04 
 2.51500000e-09  2.09404560e+00  2.51500000e-09  3.90674705e-04  2.51500000e-09  3.00302581e-04  2.51500000e-09  8.17431016e-05  2.51500000e-09  8.55119505e-05  2.51500000e-09  2.26762085e-04  2.51500000e-09  3.22884636e-04 
 2.52500000e-09  2.09429222e+00  2.52500000e-09  3.95707802e-04  2.52500000e-09  3.01568624e-04  2.52500000e-09  8.48398812e-05  2.52500000e-09  8.40091335e-05  2.52500000e-09  2.39460902e-04  2.52500000e-09  3.22093526e-04 
 2.53500000e-09  2.09170533e+00  2.53500000e-09  4.00505896e-04  2.53500000e-09  3.02570950e-04  2.53500000e-09  8.79415250e-05  2.53500000e-09  8.24709841e-05  2.53500000e-09  2.53514302e-04  2.53500000e-09  3.21227292e-04 
 2.54500000e-09  2.08619961e+00  2.54500000e-09  4.04951840e-04  2.54500000e-09  3.03161769e-04  2.54500000e-09  9.09655046e-05  2.54500000e-09  8.09072955e-05  2.54500000e-09  2.68797253e-04  2.54500000e-09  3.20262409e-04 
 2.55500000e-09  2.07779077e+00  2.55500000e-09  4.08835058e-04  2.55500000e-09  3.03406746e-04  2.55500000e-09  9.37528015e-05  2.55500000e-09  7.93858166e-05  2.55500000e-09  2.84941902e-04  2.55500000e-09  3.19167240e-04 
 2.56500000e-09  2.06669119e+00  2.56500000e-09  4.11996745e-04  2.56500000e-09  3.03468576e-04  2.56500000e-09  9.61603198e-05  2.56500000e-09  7.79808527e-05  2.56500000e-09  3.01260315e-04  2.56500000e-09  3.17899334e-04 
 2.57500000e-09  2.05328186e+00  2.57500000e-09  4.14438062e-04  2.57500000e-09  3.03454604e-04  2.57500000e-09  9.81492449e-05  2.57500000e-09  7.67097060e-05  2.57500000e-09  3.16832740e-04  2.57500000e-09  3.16394612e-04 
 2.58500000e-09  2.03798487e+00  2.58500000e-09  4.16261738e-04  2.58500000e-09  3.03381093e-04  2.58500000e-09  9.97604227e-05  2.58500000e-09  7.55374360e-05  2.58500000e-09  3.30704714e-04  2.58500000e-09  3.14551310e-04 
 2.59500000e-09  2.02116412e+00  2.59500000e-09  4.17593271e-04  2.59500000e-09  3.03206819e-04  2.59500000e-09  1.01063039e-04  2.59500000e-09  7.44070107e-05  2.59500000e-09  3.42199849e-04  2.59500000e-09  3.12207857e-04 
 2.60500000e-09  2.00308585e+00  2.60500000e-09  4.18543152e-04  2.60500000e-09  3.02869840e-04  2.60500000e-09  1.02125195e-04  2.60500000e-09  7.32613948e-05  2.60500000e-09  3.51170388e-04  2.60500000e-09  3.09113958e-04 
 2.61500000e-09  1.98391775e+00  2.61500000e-09  4.19197822e-04  2.61500000e-09  3.02304170e-04  2.61500000e-09  1.03003958e-04  2.61500000e-09  7.20508068e-05  2.61500000e-09  3.57937660e-04  2.61500000e-09  3.04904595e-04 
 2.62500000e-09  1.96374313e+00  2.62500000e-09  4.19619332e-04  2.62500000e-09  3.01440547e-04  2.62500000e-09  1.03742509e-04  2.62500000e-09  7.07309580e-05  2.62500000e-09  3.63014617e-04  2.62500000e-09  2.99113495e-04 
 2.63500000e-09  1.94257571e+00  2.63500000e-09  4.19845999e-04  2.63500000e-09  3.00201097e-04  2.63500000e-09  1.04368862e-04  2.63500000e-09  6.92589483e-05  2.63500000e-09  3.66881906e-04  2.63500000e-09  2.91289227e-04 
 2.64500000e-09  1.92036961e+00  2.64500000e-09  4.19892764e-04  2.64500000e-09  2.98498960e-04  2.64500000e-09  1.04894917e-04  2.64500000e-09  6.75931670e-05  2.64500000e-09  3.69905991e-04  2.64500000e-09  2.81226511e-04 
 2.65500000e-09  1.89702756e+00  2.65500000e-09  4.19750483e-04  2.65500000e-09  2.96255723e-04  2.65500000e-09  1.05314897e-04  2.65500000e-09  6.57035726e-05  2.65500000e-09  3.72341531e-04  2.65500000e-09  2.69156597e-04 
 2.66500000e-09  1.87241030e+00  2.66500000e-09  4.19378277e-04  2.66500000e-09  2.93449353e-04  2.66500000e-09  1.05598143e-04  2.66500000e-09  6.35970437e-05  2.66500000e-09  3.74357908e-04  2.66500000e-09  2.55695073e-04 
 2.67500000e-09  1.84635679e+00  2.67500000e-09  4.18687465e-04  2.67500000e-09  2.90197241e-04  2.67500000e-09  1.05674482e-04  2.67500000e-09  6.13561226e-05  2.67500000e-09  3.76063815e-04  2.67500000e-09  2.41609212e-04 
 2.68500000e-09  1.81874569e+00  2.68500000e-09  4.17565427e-04  2.68500000e-09  2.86799219e-04  2.68500000e-09  1.05451629e-04  2.68500000e-09  5.91481182e-05  2.68500000e-09  3.77527247e-04  2.68500000e-09  2.27615136e-04 
 2.69500000e-09  1.78959489e+00  2.69500000e-09  4.15991484e-04  2.69500000e-09  2.83595501e-04  2.69500000e-09  1.04909998e-04  2.69500000e-09  5.71398022e-05  2.69500000e-09  3.78794583e-04  2.69500000e-09  2.14246061e-04 
 2.70500000e-09  1.75906464e+00  2.70500000e-09  4.14091604e-04  2.70500000e-09  2.80771768e-04  2.70500000e-09  1.04150660e-04  2.70500000e-09  5.54038936e-05  2.70500000e-09  3.79902042e-04  2.70500000e-09  2.01798080e-04 
 2.71500000e-09  1.72732658e+00  2.71500000e-09  4.12034336e-04  2.71500000e-09  2.78348808e-04  2.71500000e-09  1.03313221e-04  2.71500000e-09  5.39285179e-05  2.71500000e-09  3.80878152e-04  2.71500000e-09  1.90381404e-04 
 2.72500000e-09  1.69445593e+00  2.72500000e-09  4.09920720e-04  2.72500000e-09  2.76300491e-04  2.72500000e-09  1.02487679e-04  2.72500000e-09  5.26822114e-05  2.72500000e-09  3.81743376e-04  2.72500000e-09  1.80006024e-04 
 2.73500000e-09  1.66044315e+00  2.73500000e-09  4.07819067e-04  2.73500000e-09  2.74530485e-04  2.73500000e-09  1.01744602e-04  2.73500000e-09  5.16057422e-05  2.73500000e-09  3.82513410e-04  2.73500000e-09  1.70608975e-04 
 2.74500000e-09  1.62518440e+00  2.74500000e-09  4.05794277e-04  2.74500000e-09  2.72807499e-04  2.74500000e-09  1.01164977e-04  2.74500000e-09  5.05856619e-05  2.74500000e-09  3.83209410e-04  2.74500000e-09  1.62058209e-04 
 2.75500000e-09  1.58834830e+00  2.75500000e-09  4.03664060e-04  2.75500000e-09  2.71217352e-04  2.75500000e-09  1.00646559e-04  2.75500000e-09  4.96534229e-05  2.75500000e-09  3.83843341e-04  2.75500000e-09  1.54305836e-04 
 2.76500000e-09  1.54969182e+00  2.76500000e-09  4.01200579e-04  2.76500000e-09  2.70040648e-04  2.76500000e-09  1.00059563e-04  2.76500000e-09  4.89224137e-05  2.76500000e-09  3.84402855e-04  2.76500000e-09  1.47377919e-04 
 2.77500000e-09  1.50944884e+00  2.77500000e-09  3.98544136e-04  2.77500000e-09  2.68868285e-04  2.77500000e-09  9.96043857e-05  2.77500000e-09  4.82123849e-05  2.77500000e-09  3.84898829e-04  2.77500000e-09  1.41117985e-04 
 2.78500000e-09  1.46789678e+00  2.78500000e-09  3.95733751e-04  2.78500000e-09  2.66960505e-04  2.78500000e-09  9.94971297e-05  2.78500000e-09  4.72165827e-05  2.78500000e-09  3.85363757e-04  2.78500000e-09  1.35220551e-04 
 2.79500000e-09  1.42461732e+00  2.79500000e-09  3.91627606e-04  2.79500000e-09  2.65628779e-04  2.79500000e-09  9.90437294e-05  2.79500000e-09  4.64791349e-05  2.79500000e-09  3.85757923e-04  2.79500000e-09  1.29950164e-04 
 2.80500000e-09  1.38030008e+00  2.80500000e-09  3.85893294e-04  2.80500000e-09  2.65035954e-04  2.80500000e-09  9.83249746e-05  2.80500000e-09  4.60568431e-05  2.80500000e-09  3.86058700e-04  2.80500000e-09  1.25372757e-04 
 2.81500000e-09  1.33585857e+00  2.81500000e-09  3.77996381e-04  2.81500000e-09  2.64595081e-04  2.81500000e-09  9.76163754e-05  2.81500000e-09  4.57086760e-05  2.81500000e-09  3.86274718e-04  2.81500000e-09  1.21334317e-04 
 2.82500000e-09  1.29189876e+00  2.82500000e-09  3.66328540e-04  2.82500000e-09  2.63743875e-04  2.82500000e-09  9.69696573e-05  2.82500000e-09  4.52111386e-05  2.82500000e-09  3.86420259e-04  2.82500000e-09  1.17619445e-04 
 2.83500000e-09  1.24882340e+00  2.83500000e-09  3.48121326e-04  2.83500000e-09  2.62152438e-04  2.83500000e-09  9.61927187e-05  2.83500000e-09  4.44402147e-05  2.83500000e-09  3.86501474e-04  2.83500000e-09  1.14032108e-04 
 2.84500000e-09  1.20708009e+00  2.84500000e-09  3.21375367e-04  2.84500000e-09  2.59745424e-04  2.84500000e-09  9.49371009e-05  2.84500000e-09  4.33794057e-05  2.84500000e-09  3.86511566e-04  2.84500000e-09  1.10438710e-04 
 2.85500000e-09  1.16726675e+00  2.85500000e-09  2.88418974e-04  2.85500000e-09  2.56613897e-04  2.85500000e-09  9.29792112e-05  2.85500000e-09  4.20807538e-05  2.85500000e-09  3.86435708e-04  2.85500000e-09  1.06771943e-04 
 2.86500000e-09  1.12986003e+00  2.86500000e-09  2.54458752e-04  2.86500000e-09  2.52901046e-04  2.86500000e-09  9.04851174e-05  2.86500000e-09  4.06147190e-05  2.86500000e-09  3.86258266e-04  2.86500000e-09  1.03010889e-04 
 2.87500000e-09  1.09488996e+00  2.87500000e-09  2.23116082e-04  2.87500000e-09  2.48715161e-04  2.87500000e-09  8.78570259e-05  2.87500000e-09  3.90345922e-05  2.87500000e-09  3.85968345e-04  2.87500000e-09  9.91540772e-05 
 2.88500000e-09  1.06199092e+00  2.88500000e-09  1.95687257e-04  2.88500000e-09  2.44118798e-04  2.88500000e-09  8.54089462e-05  2.88500000e-09  3.73737846e-05  2.88500000e-09  3.85563612e-04  2.88500000e-09  9.52064648e-05 
 2.89500000e-09  1.03065712e+00  2.89500000e-09  1.72200496e-04  2.89500000e-09  2.39155727e-04  2.89500000e-09  8.32606563e-05  2.89500000e-09  3.56572598e-05  2.89500000e-09  3.85049712e-04  2.89500000e-09  9.11786407e-05 
 2.90500000e-09  1.00042309e+00  2.90500000e-09  1.52208645e-04  2.90500000e-09  2.33858129e-04  2.90500000e-09  8.14050566e-05  2.90500000e-09  3.39048903e-05  2.90500000e-09  3.84439283e-04  2.90500000e-09  8.70849087e-05 
 2.91500000e-09  9.70922341e-01  2.91500000e-09  1.35169588e-04  2.91500000e-09  2.28249565e-04  2.91500000e-09  7.97895707e-05  2.91500000e-09  3.21328438e-05  2.91500000e-09  3.83750567e-04  2.91500000e-09  8.29417003e-05 
 2.92500000e-09  9.41884303e-01  2.92500000e-09  1.20589390e-04  2.92500000e-09  2.22345513e-04  2.92500000e-09  7.83613728e-05  2.92500000e-09  3.03540089e-05  2.92500000e-09  3.83003745e-04  2.92500000e-09  7.87660921e-05 
 2.93500000e-09  9.13112429e-01  2.93500000e-09  1.08056022e-04  2.93500000e-09  2.16154903e-04  2.93500000e-09  7.70817333e-05  2.93500000e-09  2.85787050e-05  2.93500000e-09  3.82215768e-04  2.93500000e-09  7.45749472e-05 
 2.94500000e-09  8.84462701e-01  2.94500000e-09  9.72326152e-05  2.94500000e-09  2.09681821e-04  2.94500000e-09  7.59247521e-05  2.94500000e-09  2.68153730e-05  2.94500000e-09  3.81396506e-04  2.94500000e-09  7.03844767e-05 
 2.95500000e-09  8.55828479e-01  2.95500000e-09  8.78429584e-05  2.95500000e-09  2.02927507e-04  2.95500000e-09  7.48722174e-05  2.95500000e-09  2.50712525e-05  2.95500000e-09  3.80547440e-04  2.95500000e-09  6.62101771e-05 
 2.96500000e-09  8.27133460e-01  2.96500000e-09  7.96607999e-05  2.96500000e-09  1.95892175e-04  2.96500000e-09  7.39108472e-05  2.96500000e-09  2.33528928e-05  2.96500000e-09  3.79662302e-04  2.96500000e-09  6.20669106e-05 
 2.97500000e-09  7.98333295e-01  2.97500000e-09  7.25040868e-05  2.97500000e-09  1.88576196e-04  2.97500000e-09  7.30335015e-05  2.97500000e-09  2.16664040e-05  2.97500000e-09  3.78728477e-04  2.97500000e-09  5.79689199e-05 
 2.98500000e-09  7.69430805e-01  2.98500000e-09  6.62345796e-05  2.98500000e-09  1.80979978e-04  2.98500000e-09  7.22459840e-05  2.98500000e-09  2.00173672e-05  2.98500000e-09  3.77728157e-04  2.98500000e-09  5.39296614e-05 
 2.99500000e-09  7.40529639e-01  2.99500000e-09  6.07712801e-05  2.99500000e-09  1.73100398e-04  2.99500000e-09  7.15898669e-05  2.99500000e-09  1.84101115e-05  2.99500000e-09  3.76639387e-04  2.99500000e-09  4.99612949e-05 
 3.00500000e-09  7.11988809e-01  3.00500000e-09  5.61338554e-05  3.00500000e-09  1.64918794e-04  3.00500000e-09  7.12053890e-05  3.00500000e-09  1.68457465e-05  3.00500000e-09  3.75439765e-04  3.00500000e-09  4.60724669e-05 
 3.01500000e-09  6.84573980e-01  3.01500000e-09  5.24302670e-05  3.01500000e-09  1.56382445e-04  3.01500000e-09  7.13442537e-05  3.01500000e-09  1.53198717e-05  3.01500000e-09  3.74116460e-04  3.01500000e-09  4.22683657e-05 
 3.02500000e-09  6.58994910e-01  3.02500000e-09  4.95579216e-05  3.02500000e-09  1.47446077e-04  3.02500000e-09  7.20060537e-05  3.02500000e-09  1.38308372e-05  3.02500000e-09  3.72674712e-04  3.02500000e-09  3.85529612e-05 
 3.03500000e-09  6.35150489e-01  3.03500000e-09  4.70687009e-05  3.03500000e-09  1.38145526e-04  3.03500000e-09  7.26945145e-05  3.03500000e-09  1.23910930e-05  3.03500000e-09  3.71117376e-04  3.03500000e-09  3.49319751e-05 
 3.04500000e-09  6.12480380e-01  3.04500000e-09  4.46684187e-05  3.04500000e-09  1.28562357e-04  3.04500000e-09  7.30643247e-05  3.04500000e-09  1.10174998e-05  3.04500000e-09  3.69413892e-04  3.04500000e-09  3.14143889e-05 
 3.05500000e-09  5.90479779e-01  3.05500000e-09  4.23091249e-05  3.05500000e-09  1.18795876e-04  3.05500000e-09  7.31002810e-05  3.05500000e-09  9.71990833e-06  3.05500000e-09  3.67504084e-04  3.05500000e-09  2.80111894e-05 
 3.06500000e-09  5.68808240e-01  3.06500000e-09  4.00131180e-05  3.06500000e-09  1.08889616e-04  3.06500000e-09  7.28841432e-05  3.06500000e-09  8.50146433e-06  3.06500000e-09  3.65309398e-04  3.06500000e-09  2.47353539e-05 
 3.07500000e-09  5.47262944e-01  3.07500000e-09  3.78050624e-05  3.07500000e-09  9.88822634e-05  3.07500000e-09  7.24944189e-05  3.07500000e-09  7.36323954e-06  3.07500000e-09  3.62729830e-04  3.07500000e-09  2.15993840e-05 
 3.08500000e-09  5.25725508e-01  3.08500000e-09  3.56949774e-05  3.08500000e-09  8.88287512e-05  3.08500000e-09  7.19783753e-05  3.08500000e-09  6.30680513e-06  3.08500000e-09  3.59633550e-04  3.08500000e-09  1.86132476e-05 
 3.09500000e-09  5.04136999e-01  3.09500000e-09  3.36846459e-05  3.09500000e-09  7.88020430e-05  3.09500000e-09  7.13632309e-05  3.09500000e-09  5.33399382e-06  3.09500000e-09  3.55843869e-04  3.09500000e-09  1.57846261e-05 
 3.10500000e-09  4.82521257e-01  3.10500000e-09  3.17809473e-05  3.10500000e-09  6.88867087e-05  3.10500000e-09  7.06822827e-05  3.10500000e-09  4.44599501e-06  3.10500000e-09  3.51146133e-04  3.10500000e-09  1.31186310e-05 
 3.11500000e-09  4.60907118e-01  3.11500000e-09  2.99703050e-05  3.11500000e-09  5.91889896e-05  3.11500000e-09  6.99241757e-05  3.11500000e-09  3.64412234e-06  3.11500000e-09  3.45273600e-04  3.11500000e-09  1.06197584e-05 
 3.12500000e-09  4.39359094e-01  3.12500000e-09  2.82458648e-05  3.12500000e-09  4.98446650e-05  3.12500000e-09  6.90862623e-05  3.12500000e-09  2.93011194e-06  3.12500000e-09  3.37950517e-04  3.12500000e-09  8.29267678e-06 
 3.13500000e-09  4.17977246e-01  3.13500000e-09  2.65978354e-05  3.13500000e-09  4.10059226e-05  3.13500000e-09  6.81547295e-05  3.13500000e-09  2.30486268e-06  3.13500000e-09  3.28982616e-04  3.13500000e-09  6.13873590e-06 
 3.14500000e-09  3.96877806e-01  3.14500000e-09  2.50198116e-05  3.14500000e-09  3.28481125e-05  3.14500000e-09  6.71195020e-05  3.14500000e-09  1.76901271e-06  3.14500000e-09  3.18343490e-04  3.14500000e-09  4.15984310e-06 
 3.15500000e-09  3.76189546e-01  3.15500000e-09  2.35026168e-05  3.15500000e-09  2.55550913e-05  3.15500000e-09  6.59572454e-05  3.15500000e-09  1.32218613e-06  3.15500000e-09  3.06256777e-04  3.15500000e-09  2.36032443e-06 
 3.16500000e-09  3.56050344e-01  3.16500000e-09  2.20443781e-05  3.16500000e-09  1.92746535e-05  3.16500000e-09  6.46613583e-05  3.16500000e-09  9.61082154e-07  3.16500000e-09  2.93135750e-04  3.16500000e-09  7.44877042e-07 
 3.17500000e-09  3.36595195e-01  3.17500000e-09  2.06395629e-05  3.17500000e-09  1.41432146e-05  3.17500000e-09  6.32171729e-05  3.17500000e-09  6.82094074e-07  3.17500000e-09  2.79469940e-04  3.17500000e-09  8.27343210e-07 
 3.18500000e-09  3.17962568e-01  3.18500000e-09  1.93007150e-05  3.18500000e-09  1.00812863e-05  3.18500000e-09  6.16648079e-05  3.18500000e-09  4.71586372e-07  3.18500000e-09  2.65691059e-04  3.18500000e-09  2.30114759e-06 
 3.19500000e-09  3.00265519e-01  3.19500000e-09  1.80316449e-05  3.19500000e-09  6.94162450e-06  3.19500000e-09  6.00239175e-05  3.19500000e-09  3.15457630e-07  3.19500000e-09  2.52145327e-04  3.19500000e-09  3.50659872e-06 
 3.20500000e-09  2.83573086e-01  3.20500000e-09  1.68310069e-05  3.20500000e-09  4.61827915e-06  3.20500000e-09  5.83053455e-05  3.20500000e-09  2.04097922e-07  3.20500000e-09  2.39072776e-04  3.20500000e-09  4.46546161e-06 
 3.21500000e-09  2.67924236e-01  3.21500000e-09  1.57046508e-05  3.21500000e-09  2.96911636e-06  3.21500000e-09  5.65481217e-05  3.21500000e-09  1.27713936e-07  3.21500000e-09  2.26614335e-04  3.21500000e-09  5.19813043e-06 
 3.22500000e-09  2.53324513e-01  3.22500000e-09  1.46540271e-05  3.22500000e-09  1.84491857e-06  3.22500000e-09  5.47806018e-05  3.22500000e-09  7.73370559e-08  3.22500000e-09  2.14848895e-04  3.22500000e-09  5.72570018e-06 
 3.23500000e-09  2.39751553e-01  3.23500000e-09  1.36794440e-05  3.23500000e-09  1.10898981e-06  3.23500000e-09  5.30293020e-05  3.23500000e-09  4.53964978e-08  3.23500000e-09  2.03806138e-04  3.23500000e-09  6.07131569e-06 
 3.24500000e-09  2.27159496e-01  3.24500000e-09  1.27789599e-05  3.24500000e-09  6.46477014e-07  3.24500000e-09  5.13129417e-05  3.24500000e-09  2.59156244e-08  3.24500000e-09  1.93482083e-04  3.24500000e-09  6.26182605e-06 
 3.25500000e-09  2.15482374e-01  3.25500000e-09  1.19486344e-05  3.25500000e-09  3.67124011e-07  3.25500000e-09  4.96414799e-05  3.25500000e-09  1.44604081e-08  3.25500000e-09  1.83847673e-04  3.25500000e-09  6.32826753e-06 
 3.26500000e-09  2.04631512e-01  3.26500000e-09  1.11815988e-05  3.26500000e-09  2.04420160e-07  3.26500000e-09  4.80108735e-05  3.26500000e-09  7.93842750e-09  3.26500000e-09  1.74852289e-04  3.26500000e-09  6.30597307e-06 
 3.27500000e-09  1.94477310e-01  3.27500000e-09  1.04642214e-05  3.27500000e-09  1.12473052e-07  3.27500000e-09  4.63852160e-05  3.27500000e-09  4.31989050e-09  3.27500000e-09  1.66418525e-04  3.27500000e-09  6.23148898e-06 
 3.28500000e-09  1.84825282e-01  3.28500000e-09  9.77490675e-06  3.28500000e-09  6.16330618e-08  3.28500000e-09  4.46879210e-05  3.28500000e-09  2.34756786e-09  3.28500000e-09  1.58424905e-04  3.28500000e-09  6.13555517e-06 
 3.29500000e-09  1.75498563e-01  3.29500000e-09  9.10780550e-06  3.29500000e-09  3.38854872e-08  3.29500000e-09  4.29033685e-05  3.29500000e-09  1.28272271e-09  3.29500000e-09  1.50725875e-04  3.29500000e-09  6.03080090e-06 
 3.30500000e-09  1.66482264e-01  3.30500000e-09  8.48783376e-06  3.30500000e-09  1.88157401e-08  3.30500000e-09  4.11545599e-05  3.30500000e-09  7.09040730e-10  3.30500000e-09  1.43246868e-04  3.30500000e-09  5.91031346e-06 
 3.31500000e-09  1.57864134e-01  3.31500000e-09  7.92786008e-06  3.31500000e-09  1.06056259e-08  3.31500000e-09  3.95166786e-05  3.31500000e-09  3.98334913e-10  3.31500000e-09  1.36036044e-04  3.31500000e-09  5.76833433e-06 
 3.32500000e-09  1.49726913e-01  3.32500000e-09  7.42278831e-06  3.32500000e-09  6.08364726e-09  3.32500000e-09  3.79846488e-05  3.32500000e-09  2.27941435e-10  3.32500000e-09  1.29181522e-04  3.32500000e-09  5.60652337e-06 
 3.33500000e-09  1.42105471e-01  3.33500000e-09  6.96200526e-06  3.33500000e-09  3.55041990e-09  3.33500000e-09  3.65269820e-05  3.33500000e-09  1.32788490e-10  3.33500000e-09  1.22740778e-04  3.33500000e-09  5.42430877e-06 
 3.34500000e-09  1.35037068e-01  3.34500000e-09  6.54404068e-06  3.34500000e-09  2.10409323e-09  3.34500000e-09  3.51579022e-05  3.34500000e-09  7.85893235e-11  3.34500000e-09  1.16748555e-04  3.34500000e-09  5.23634957e-06 
 3.35500000e-09  1.28533272e-01  3.35500000e-09  6.16271654e-06  3.35500000e-09  1.26150045e-09  3.35500000e-09  3.38669390e-05  3.35500000e-09  4.70701160e-11  3.35500000e-09  1.11229276e-04  3.35500000e-09  5.05735745e-06 
 3.36500000e-09  1.22591955e-01  3.36500000e-09  5.81407412e-06  3.36500000e-09  7.61338577e-10  3.36500000e-09  3.26534616e-05  3.36500000e-09  2.83856161e-11  3.36500000e-09  1.06188902e-04  3.36500000e-09  4.90081059e-06 
 3.37500000e-09  1.17192224e-01  3.37500000e-09  5.49572955e-06  3.37500000e-09  4.60725823e-10  3.37500000e-09  3.15218687e-05  3.37500000e-09  1.71673469e-11  3.37500000e-09  1.01611840e-04  3.37500000e-09  4.77393154e-06 
 3.38500000e-09  1.12281234e-01  3.38500000e-09  5.20585704e-06  3.38500000e-09  2.79803679e-10  3.38500000e-09  3.04735767e-05  3.38500000e-09  1.04211072e-11  3.38500000e-09  9.74504748e-05  3.38500000e-09  4.67073485e-06 
 3.39500000e-09  1.07768279e-01  3.39500000e-09  4.93995420e-06  3.39500000e-09  1.71684569e-10  3.39500000e-09  2.94881838e-05  3.39500000e-09  6.39201134e-12  3.39500000e-09  9.36279924e-05  3.39500000e-09  4.57324784e-06 
 3.40500000e-09  1.03534853e-01  3.40500000e-09  4.69284893e-06  3.40500000e-09  1.07611870e-10  3.40500000e-09  2.85364642e-05  3.40500000e-09  4.00540763e-12  3.40500000e-09  9.00418388e-05  3.40500000e-09  4.45865049e-06 
 3.41500000e-09  9.94519336e-02  3.41500000e-09  4.46046781e-06  3.41500000e-09  6.97982966e-11  3.41500000e-09  2.75933346e-05  3.41500000e-09  2.59738346e-12  3.41500000e-09  8.65755554e-05  3.41500000e-09  4.30523155e-06 
 3.42500000e-09  9.54011088e-02  3.42500000e-09  4.23976072e-06  3.42500000e-09  4.74233623e-11  3.42500000e-09  2.66399486e-05  3.42500000e-09  1.76442998e-12  3.42500000e-09  8.31200248e-05  3.42500000e-09  4.09630876e-06 
 3.43500000e-09  9.12939418e-02  3.43500000e-09  4.02848131e-06  3.43500000e-09  3.40671022e-11  3.43500000e-09  2.56642084e-05  3.43500000e-09  1.26729572e-12  3.43500000e-09  7.95932747e-05  3.43500000e-09  3.82326537e-06 
 3.44500000e-09  8.70798210e-02  3.44500000e-09  3.82490175e-06  3.44500000e-09  2.60150176e-11  3.44500000e-09  2.46596022e-05  3.44500000e-09  9.67616502e-13  3.44500000e-09  7.59491314e-05  3.44500000e-09  3.48642702e-06 
 3.45500000e-09  8.27418831e-02  3.45500000e-09  3.62760811e-06  3.45500000e-09  2.11590558e-11  3.45500000e-09  2.36234844e-05  3.45500000e-09  7.86892101e-13  3.45500000e-09  7.21738465e-05  3.45500000e-09  3.09344619e-06 
 3.46500000e-09  7.82878163e-02  3.46500000e-09  3.43558861e-06  3.46500000e-09  1.83189460e-11  3.46500000e-09  2.25568687e-05  3.46500000e-09  6.81179598e-13  3.46500000e-09  6.82767041e-05  3.46500000e-09  2.65635398e-06 
 3.47500000e-09  7.37415457e-02  3.47500000e-09  3.24852598e-06  3.47500000e-09  1.68467990e-11  3.47500000e-09  2.14656857e-05  3.47500000e-09  6.26358902e-13  3.47500000e-09  6.42808451e-05  3.47500000e-09  2.18860158e-06 
 3.48500000e-09  6.91378187e-02  3.48500000e-09  3.06665606e-06  3.48500000e-09  1.64043940e-11  3.48500000e-09  2.03596080e-05  3.48500000e-09  6.09836931e-13  3.48500000e-09  6.02184864e-05  3.48500000e-09  1.70351918e-06 
 3.49500000e-09  6.45195373e-02  3.49500000e-09  2.89035463e-06  3.49500000e-09  1.68399094e-11  3.49500000e-09  1.92493194e-05  3.49500000e-09  6.25957349e-13  3.49500000e-09  5.61297586e-05  3.49500000e-09  1.21432616e-06 
 3.50500000e-09  5.99368893e-02  3.50500000e-09  2.71980615e-06  3.50500000e-09  1.81215790e-11  3.50500000e-09  1.81442114e-05  3.50500000e-09  6.73530670e-13  3.50500000e-09  5.20628945e-05  3.50500000e-09  7.34459731e-07 
 3.51500000e-09  5.54466390e-02  3.51500000e-09  2.55436487e-06  3.51500000e-09  2.03058187e-11  3.51500000e-09  1.70477320e-05  3.51500000e-09  7.54647733e-13  3.51500000e-09  4.80754038e-05  3.51500000e-09  2.77033239e-07 
 3.52500000e-09  5.11111433e-02  3.52500000e-09  2.39304060e-06  3.52500000e-09  2.35544329e-11  3.52500000e-09  1.59603011e-05  3.52500000e-09  8.75324558e-13  3.52500000e-09  4.42311998e-05  3.52500000e-09  1.17932770e-07 
 3.53500000e-09  4.69810325e-02  3.53500000e-09  2.23663891e-06  3.53500000e-09  2.81214048e-11  3.53500000e-09  1.48930848e-05  3.53500000e-09  1.04500582e-12  3.53500000e-09  4.05763417e-05  3.53500000e-09  4.29844804e-07 
 3.54500000e-09  4.30962639e-02  3.54500000e-09  2.08679246e-06  3.54500000e-09  3.42543170e-11  3.54500000e-09  1.38615967e-05  3.54500000e-09  1.27288438e-12  3.54500000e-09  3.71439940e-05  3.54500000e-09  7.14515583e-07 
 3.55500000e-09  3.94765960e-02  3.55500000e-09  1.94740763e-06  3.55500000e-09  4.24288648e-11  3.55500000e-09  1.28949444e-05  3.55500000e-09  1.57664708e-12  3.55500000e-09  3.39401051e-05  3.55500000e-09  9.68843507e-07 
 3.56500000e-09  3.61105787e-02  3.56500000e-09  1.82307763e-06  3.56500000e-09  5.35209991e-11  3.56500000e-09  1.20243008e-05  3.56500000e-09  1.98886244e-12  3.56500000e-09  3.09377967e-05  3.56500000e-09  1.19909000e-06 
 3.57500000e-09  3.29690119e-02  3.57500000e-09  1.71616516e-06  3.57500000e-09  6.91776218e-11  3.57500000e-09  1.12639667e-05  3.57500000e-09  2.57076628e-12  3.57500000e-09  2.81006771e-05  3.57500000e-09  1.41845509e-06 
 3.58500000e-09  3.00369882e-02  3.58500000e-09  1.62119570e-06  3.58500000e-09  9.17449448e-11  3.58500000e-09  1.05783453e-05  3.58500000e-09  3.40962748e-12  3.58500000e-09  2.54347183e-05  3.58500000e-09  1.62696541e-06 
 3.59500000e-09  2.73202869e-02  3.59500000e-09  1.52988703e-06  3.59500000e-09  1.23961409e-10  3.59500000e-09  9.91665551e-06  3.59500000e-09  4.60737687e-12  3.59500000e-09  2.29758546e-05  3.59500000e-09  1.80719468e-06 
 3.60500000e-09  2.48205439e-02  3.60500000e-09  1.44163459e-06  3.60500000e-09  1.69419122e-10  3.60500000e-09  9.27808082e-06  3.60500000e-09  6.29780581e-12  3.60500000e-09  2.07274528e-05  3.60500000e-09  1.94788932e-06 
 3.61500000e-09  2.25238557e-02  3.61500000e-09  1.35685444e-06  3.61500000e-09  2.33222134e-10  3.61500000e-09  8.66697281e-06  3.61500000e-09  8.67112154e-12  3.61500000e-09  1.86733842e-05  3.61500000e-09  2.04931941e-06 
 3.62500000e-09  2.04075448e-02  3.62500000e-09  1.27524529e-06  3.62500000e-09  3.22648393e-10  3.62500000e-09  8.08216760e-06  3.62500000e-09  1.19987146e-11  3.62500000e-09  1.67911902e-05  3.62500000e-09  2.11751949e-06 
 3.63500000e-09  1.84448100e-02  3.63500000e-09  1.19669518e-06  3.63500000e-09  4.48303561e-10  3.63500000e-09  7.52314562e-06  3.63500000e-09  1.66763414e-11  3.63500000e-09  1.50535580e-05  3.63500000e-09  2.16119080e-06 
 3.64500000e-09  1.66068508e-02  3.64500000e-09  1.12038935e-06  3.64500000e-09  6.25801011e-10  3.64500000e-09  6.98473856e-06  3.64500000e-09  2.32871140e-11  3.64500000e-09  1.34335977e-05  3.64500000e-09  2.18889658e-06 
 3.65500000e-09  1.48644315e-02  3.65500000e-09  1.04575296e-06  3.65500000e-09  8.78686322e-10  3.65500000e-09  6.46323034e-06  3.65500000e-09  3.27112420e-11  3.65500000e-09  1.19030642e-05  3.65500000e-09  2.20861222e-06 
 3.66500000e-09  1.31878514e-02  3.66500000e-09  9.72048800e-07  3.66500000e-09  1.24337278e-09  3.66500000e-09  5.95392203e-06  3.66500000e-09  4.63115335e-11  3.66500000e-09  1.04337252e-05  3.66500000e-09  2.22753914e-06 
 3.67500000e-09  1.15468741e-02  3.67500000e-09  8.98466778e-07  3.67500000e-09  1.77782472e-09  3.67500000e-09  5.45178136e-06  3.67500000e-09  6.62603528e-11  3.67500000e-09  8.99692692e-06  3.67500000e-09  2.25228453e-06 
 3.68500000e-09  9.90992732e-03  3.68500000e-09  8.24042768e-07  3.68500000e-09  2.57743411e-09  3.68500000e-09  4.95102707e-06  3.68500000e-09  9.61387559e-11  3.68500000e-09  7.56299547e-06  3.68500000e-09  2.28926495e-06 
 3.69500000e-09  8.24270231e-03  3.69500000e-09  7.47595091e-07  3.69500000e-09  3.80536368e-09  3.69500000e-09  4.44484979e-06  3.69500000e-09  1.42084692e-10  3.69500000e-09  6.09992634e-06  3.69500000e-09  2.34528655e-06 
 3.70500000e-09  6.50615729e-03  3.70500000e-09  6.67609192e-07  3.70500000e-09  5.75336638e-09  3.70500000e-09  3.92487521e-06  3.70500000e-09  2.15102503e-10  3.70500000e-09  4.57159398e-06  3.70500000e-09  2.42829388e-06 
 3.71500000e-09  4.65447794e-03  3.71500000e-09  5.82075244e-07  3.71500000e-09  8.96960853e-09  3.71500000e-09  3.38045520e-06  3.71500000e-09  3.35939432e-10  3.71500000e-09  2.93601260e-06  3.71500000e-09  2.54823358e-06 
 3.72500000e-09  2.63512761e-03  3.72500000e-09  4.88300144e-07  3.72500000e-09  1.45377870e-08  3.72500000e-09  2.79799143e-06  3.72500000e-09  5.45804404e-10  3.72500000e-09  1.14577770e-06  3.72500000e-09  2.71771420e-06 
 3.73500000e-09  3.72470064e-04  3.73500000e-09  3.95771195e-07  3.73500000e-09  2.47021468e-08  3.73500000e-09  2.23423542e-06  3.73500000e-09  9.30604952e-10  3.73500000e-09  9.10990876e-07  3.73500000e-09  2.95215479e-06 
 3.74500000e-09 -2.24395134e-03  3.74500000e-09  2.80833091e-07  3.74500000e-09  4.42386891e-08  3.74500000e-09  1.55938834e-06  3.74500000e-09  1.67496005e-09  3.74500000e-09  3.26553890e-06  3.74500000e-09  3.26767233e-06 
 3.75500000e-09 -5.11724770e-03  3.75500000e-09  1.32944033e-07  3.75500000e-09  8.33058952e-08  3.75500000e-09  7.24812869e-07  3.75500000e-09  3.17741127e-09  3.75500000e-09  5.78218957e-06  3.75500000e-09  3.67606669e-06 
 3.76500000e-09 -8.17123607e-03  3.76500000e-09  2.92264403e-08  3.76500000e-09  1.63367311e-07  3.76500000e-09  1.56174896e-07  3.76500000e-09  6.29861744e-09  3.76500000e-09  8.44391316e-06  3.76500000e-09  4.18880600e-06 
 3.77500000e-09 -1.13557673e-02  3.77500000e-09  2.12051237e-07  3.77500000e-09  3.28806416e-07  3.77500000e-09  1.10851075e-06  3.77500000e-09  1.28751032e-08  3.77500000e-09  1.11810896e-05  3.77500000e-09  4.81681391e-06 
 3.78500000e-09 -1.45844119e-02  3.78500000e-09  4.13632320e-07  3.78500000e-09  6.68569809e-07  3.78500000e-09  2.11255783e-06  3.78500000e-09  2.67492024e-08  3.78500000e-09  1.39138251e-05  3.78500000e-09  5.56956642e-06 
 3.79500000e-09 -1.78001799e-02  3.79500000e-09  6.29060967e-07  3.79500000e-09  1.35344861e-06  3.79500000e-09  3.13546246e-06  3.79500000e-09  5.57160667e-08  3.79500000e-09  1.66019186e-05  3.79500000e-09  6.45285851e-06 
 3.80500000e-09 -2.09545860e-02  3.80500000e-09  8.54737896e-07  3.80500000e-09  2.69608345e-06  3.80500000e-09  4.15379377e-06  3.80500000e-09  1.14988750e-07  3.80500000e-09  1.92095391e-05  3.80500000e-09  7.46650820e-06 
 3.81500000e-09 -2.39961776e-02  3.81500000e-09  1.08457705e-06  3.81500000e-09  5.24158991e-06  3.81500000e-09  5.13466100e-06  3.81500000e-09  2.33030700e-07  3.81500000e-09  2.17043647e-05  3.81500000e-09  8.60521368e-06 
 3.82500000e-09 -2.68624046e-02  3.82500000e-09  1.31012044e-06  3.82500000e-09  9.87787609e-06  3.82500000e-09  6.03758580e-06  3.82500000e-09  4.60628366e-07  3.82500000e-09  2.40483554e-05  3.82500000e-09  9.86395889e-06 
 3.83500000e-09 -2.94680303e-02  3.83500000e-09  1.51891592e-06  3.83500000e-09  1.78625777e-05  3.83500000e-09  6.80847767e-06  3.83500000e-09  8.82300235e-07  3.83500000e-09  2.61898792e-05  3.83500000e-09  1.12477367e-05 
 3.84500000e-09 -3.16924694e-02  3.84500000e-09  1.69285340e-06  3.84500000e-09  3.05333639e-05  3.84500000e-09  7.37466168e-06  3.84500000e-09  1.62299707e-06  3.84500000e-09  2.80544363e-05  3.84500000e-09  1.27835473e-05 
 3.85500000e-09 -3.33717898e-02  3.85500000e-09  1.80723031e-06  3.85500000e-09  4.86175788e-05  3.85500000e-09  7.64433845e-06  3.85500000e-09  2.83608551e-06  3.85500000e-09  2.95376249e-05  3.85500000e-09  1.45301584e-05 
 3.86500000e-09 -3.43054925e-02  3.86500000e-09  1.83236922e-06  3.86500000e-09  7.16024445e-05  3.86500000e-09  7.51748627e-06  3.86500000e-09  4.66528716e-06  3.86500000e-09  3.05059072e-05  3.86500000e-09  1.65793702e-05 
 3.87500000e-09 -3.42825127e-02  3.87500000e-09  1.73797409e-06  3.87500000e-09  9.78070303e-05  3.87500000e-09  6.90688717e-06  3.87500000e-09  7.19708421e-06  3.87500000e-09  3.08096966e-05  3.87500000e-09  1.90450842e-05 
 3.88500000e-09 -3.31180640e-02  3.88500000e-09  1.49815043e-06  3.88500000e-09  1.25125862e-04  3.88500000e-09  5.75881963e-06  3.88500000e-09  1.04339595e-05  3.88500000e-09  3.03062218e-05  3.88500000e-09  2.20431083e-05 
 3.89500000e-09 -3.06834690e-02  3.89500000e-09  1.09416985e-06  3.89500000e-09  1.51800758e-04  3.89500000e-09  4.06148101e-06  3.89500000e-09  1.43027017e-05  3.89500000e-09  2.88818424e-05  3.89500000e-09  2.56707354e-05 
 3.90500000e-09 -2.69214722e-02  3.90500000e-09  5.14572335e-07  3.90500000e-09  1.76678475e-04  3.90500000e-09  1.84116315e-06  3.90500000e-09  1.86848805e-05  3.90500000e-09  2.64674657e-05  3.90500000e-09  2.99935253e-05 
 3.91500000e-09 -2.18627327e-02  3.91500000e-09  2.47903413e-07  3.91500000e-09  1.99341207e-04  3.91500000e-09  8.53160844e-07  3.91500000e-09  2.34494043e-05  3.91500000e-09  2.30637224e-05  3.91500000e-09  3.50422334e-05 
 3.92500000e-09 -1.56020196e-02  3.92500000e-09  1.19571111e-06  3.92500000e-09  2.19773866e-04  3.92500000e-09  3.94742595e-06  3.92500000e-09  2.84801577e-05  3.92500000e-09  1.87204139e-05  3.92500000e-09  4.08151973e-05 
 3.93500000e-09 -8.18352088e-03  3.93500000e-09  2.32388085e-06  3.93500000e-09  2.38129057e-04  3.93500000e-09  7.34477773e-06  3.93500000e-09  3.36775959e-05  3.93500000e-09  1.34165888e-05  3.93500000e-09  4.72978425e-05 
 3.94500000e-09  2.82190141e-04  3.94500000e-09  3.64351817e-06  3.94500000e-09  2.54636983e-04  3.94500000e-09  1.10032043e-05  3.94500000e-09  3.89645986e-05  3.94500000e-09  7.22991143e-06  3.94500000e-09  5.44618404e-05 
 3.95500000e-09  9.47775669e-03  3.95500000e-09  5.09231407e-06  3.95500000e-09  2.69567797e-04  3.95500000e-09  1.46687324e-05  3.95500000e-09  4.42950875e-05  3.95500000e-09  3.06199444e-07  3.95500000e-09  6.22733073e-05 
 3.96500000e-09  1.93955269e-02  3.96500000e-09  6.99616832e-06  3.96500000e-09  2.83136973e-04  3.96500000e-09  1.91922712e-05  3.96500000e-09  4.96297249e-05  3.96500000e-09  6.69044118e-06  3.96500000e-09  7.06932428e-05 
 3.97500000e-09  2.99310577e-02  3.97500000e-09  8.87961688e-06  3.97500000e-09  2.95493363e-04  3.97500000e-09  2.31544840e-05  3.97500000e-09  5.49244086e-05  3.97500000e-09  1.45640111e-05  3.97500000e-09  7.96795845e-05 
 3.98500000e-09  4.11848904e-02  3.98500000e-09  1.10230918e-05  3.98500000e-09  3.06777420e-04  3.98500000e-09  2.72706301e-05  3.98500000e-09  6.01492601e-05  3.98500000e-09  2.28868835e-05  3.98500000e-09  8.91965038e-05 
 3.99500000e-09  5.30550313e-02  3.99500000e-09  1.34001737e-05  3.99500000e-09  3.17094976e-04  3.99500000e-09  3.13934262e-05  3.99500000e-09  6.52742311e-05  3.99500000e-09  3.16307128e-05  3.99500000e-09  9.92116559e-05 
 4.00500000e-09  6.54988015e-02  4.00500000e-09  1.60396303e-05  4.00500000e-09  3.26505953e-04  4.00500000e-09  3.55191097e-05  4.00500000e-09  7.02585354e-05  4.00500000e-09  4.07259548e-05  4.00500000e-09  1.09691036e-04 
 4.01500000e-09  7.85754231e-02  4.01500000e-09  1.89970681e-05  4.01500000e-09  3.35021553e-04  4.01500000e-09  3.96923668e-05  4.01500000e-09  7.50425645e-05  4.01500000e-09  5.01674333e-05  4.01500000e-09  1.20585164e-04 
 4.02500000e-09  9.20961796e-02  4.02500000e-09  2.21928114e-05  4.02500000e-09  3.42607063e-04  4.02500000e-09  4.36877714e-05  4.02500000e-09  7.95422134e-05  4.02500000e-09  5.99128287e-05  4.02500000e-09  1.31840083e-04 
 4.03500000e-09  1.06041601e-01  4.03500000e-09  2.56667504e-05  4.03500000e-09  3.49192252e-04  4.03500000e-09  4.75565957e-05  4.03500000e-09  8.36511230e-05  4.03500000e-09  6.98866935e-05  4.03500000e-09  1.43359352e-04 
 4.04500000e-09  1.20331502e-01  4.04500000e-09  2.93976202e-05  4.04500000e-09  3.54743936e-04  4.04500000e-09  5.12407285e-05  4.04500000e-09  8.72836606e-05  4.04500000e-09  8.00442630e-05  4.04500000e-09  1.55034527e-04 
 4.05500000e-09  1.34821264e-01  4.05500000e-09  3.33619818e-05  4.05500000e-09  3.59340847e-04  4.05500000e-09  5.46914421e-05  4.05500000e-09  9.04296909e-05  4.05500000e-09  9.02754810e-05  4.05500000e-09  1.66779503e-04 
 4.06500000e-09  1.49339606e-01  4.06500000e-09  3.75471173e-05  4.06500000e-09  3.63147022e-04  4.06500000e-09  5.78798194e-05  4.06500000e-09  9.31479664e-05  4.06500000e-09  1.00430983e-04  4.06500000e-09  1.78548308e-04 
 4.07500000e-09  1.63744589e-01  4.07500000e-09  4.19585946e-05  4.07500000e-09  3.66333666e-04  4.07500000e-09  6.08012153e-05  4.07500000e-09  9.55182304e-05  4.07500000e-09  1.10370873e-04  4.07500000e-09  1.90326342e-04 
 4.08500000e-09  1.77945403e-01  4.08500000e-09  4.66161107e-05  4.08500000e-09  3.69032751e-04  4.08500000e-09  6.34644076e-05  4.08500000e-09  9.76068584e-05  4.08500000e-09  1.19992726e-04  4.08500000e-09  2.02112067e-04 
 4.09500000e-09  1.91895783e-01  4.09500000e-09  5.15479599e-05  4.09500000e-09  3.71330174e-04  4.09500000e-09  6.58820467e-05  4.09500000e-09  9.94572246e-05  4.09500000e-09  1.29231665e-04  4.09500000e-09  2.13898998e-04 
 4.10500000e-09  2.05578832e-01  4.10500000e-09  5.67872895e-05  4.10500000e-09  3.73277010e-04  4.10500000e-09  6.80654990e-05  4.10500000e-09  1.01093571e-04  4.10500000e-09  1.38049196e-04  4.10500000e-09  2.25658913e-04 
 4.11500000e-09  2.18994222e-01  4.11500000e-09  6.23706113e-05  4.11500000e-09  3.74904013e-04  4.11500000e-09  7.00233442e-05  4.11500000e-09  1.02528773e-04  4.11500000e-09  1.46421628e-04  4.11500000e-09  2.37325165e-04 
 4.12500000e-09  2.32150417e-01  4.12500000e-09  6.83382057e-05  4.12500000e-09  3.76233406e-04  4.12500000e-09  7.17620835e-05  4.12500000e-09  1.03771471e-04  4.12500000e-09  1.54331462e-04  4.12500000e-09  2.48776328e-04 
 4.13500000e-09  2.45061405e-01  4.13500000e-09  7.47352919e-05  4.13500000e-09  3.77286448e-04  4.13500000e-09  7.32871233e-05  4.13500000e-09  1.04830965e-04  4.13500000e-09  1.61762634e-04  4.13500000e-09  2.59824104e-04 
 4.14500000e-09  2.57746504e-01  4.14500000e-09  8.16136648e-05  4.14500000e-09  3.78087014e-04  4.14500000e-09  7.46035590e-05  4.14500000e-09  1.05719628e-04  4.14500000e-09  1.68698424e-04  4.14500000e-09  2.70215345e-04 
 4.15500000e-09  2.70231712e-01  4.15500000e-09  8.90334723e-05  4.15500000e-09  3.78662260e-04  4.15500000e-09  7.57164315e-05  4.15500000e-09  1.06453335e-04  4.15500000e-09  1.75120829e-04  4.15500000e-09  2.79662453e-04 
 4.16500000e-09  2.82551580e-01  4.16500000e-09  9.70649763e-05  4.16500000e-09  3.79041766e-04  4.16500000e-09  7.66304289e-05  4.16500000e-09  1.07050772e-04  4.16500000e-09  1.81010408e-04  4.16500000e-09  2.87908948e-04 
 4.17500000e-09  2.94751106e-01  4.17500000e-09  1.05790309e-04  4.17500000e-09  3.79256275e-04  4.17500000e-09  7.73491829e-05  4.17500000e-09  1.07532419e-04  4.17500000e-09  1.86345959e-04  4.17500000e-09  2.94809672e-04 
 4.18500000e-09  3.06887607e-01  4.18500000e-09  1.15305355e-04  4.18500000e-09  3.79336529e-04  4.18500000e-09  7.78743093e-05  4.18500000e-09  1.07919585e-04  4.18500000e-09  1.91103662e-04  4.18500000e-09  3.00377954e-04 
 4.19500000e-09  3.19032741e-01  4.19500000e-09  1.25721875e-04  4.19500000e-09  3.79312305e-04  4.19500000e-09  7.82042186e-05  4.19500000e-09  1.08233601e-04  4.19500000e-09  1.95255485e-04  4.19500000e-09  3.04766478e-04 
 4.20500000e-09  3.31274974e-01  4.20500000e-09  1.37169974e-04  4.20500000e-09  3.79211794e-04  4.20500000e-09  7.83325960e-05  4.20500000e-09  1.08495300e-04  4.20500000e-09  1.98766660e-04  4.20500000e-09  3.08200295e-04 
 4.21500000e-09  3.43723050e-01  4.21500000e-09  1.49800992e-04  4.21500000e-09  3.79061668e-04  4.21500000e-09  7.82463672e-05  4.21500000e-09  1.08725066e-04  4.21500000e-09  2.01592007e-04  4.21500000e-09  3.10909139e-04 
 4.22500000e-09  3.56511644e-01  4.22500000e-09  1.63790631e-04  4.22500000e-09  3.78887931e-04  4.22500000e-09  7.79228772e-05  4.22500000e-09  1.08943544e-04  4.22500000e-09  2.03670885e-04  4.22500000e-09  3.13088224e-04 
 4.23500000e-09  3.69811481e-01  4.23500000e-09  1.79340235e-04  4.23500000e-09  3.78716456e-04  4.23500000e-09  7.73260805e-05  4.23500000e-09  1.09172184e-04  4.23500000e-09  2.04921385e-04  4.23500000e-09  3.14887154e-04 
 4.24500000e-09  3.83848132e-01  4.24500000e-09  1.96666440e-04  4.24500000e-09  3.78568781e-04  4.24500000e-09  7.64026894e-05  4.24500000e-09  1.09430210e-04  4.24500000e-09  2.05237528e-04  4.24500000e-09  3.16413942e-04 
 4.25500000e-09  3.98932191e-01  4.25500000e-09  2.15949413e-04  4.25500000e-09  3.78446980e-04  4.25500000e-09  7.50816621e-05  4.25500000e-09  1.09723042e-04  4.25500000e-09  2.04497868e-04  4.25500000e-09  3.17742946e-04 
 4.26500000e-09  4.15478566e-01  4.26500000e-09  2.37177615e-04  4.26500000e-09  3.78315985e-04  4.26500000e-09  7.32832539e-05  4.26500000e-09  1.10028177e-04  4.26500000e-09  2.02575646e-04  4.26500000e-09  3.18922229e-04 
 4.27500000e-09  4.33973941e-01  4.27500000e-09  2.59768559e-04  4.27500000e-09  3.78124368e-04  4.27500000e-09  7.09260916e-05  4.27500000e-09  1.10310465e-04  4.27500000e-09  1.99324729e-04  4.27500000e-09  3.19981990e-04 
 4.28500000e-09  4.54887073e-01  4.28500000e-09  2.81784879e-04  4.28500000e-09  3.77837337e-04  4.28500000e-09  6.79597186e-05  4.28500000e-09  1.10547216e-04  4.28500000e-09  1.94557026e-04  4.28500000e-09  3.20942613e-04 
 4.29500000e-09  4.78538781e-01  4.29500000e-09  2.99385570e-04  4.29500000e-09  3.77435979e-04  4.29500000e-09  6.44584959e-05  4.29500000e-09  1.10726978e-04  4.29500000e-09  1.88103955e-04  4.29500000e-09  3.21819576e-04 
 4.30500000e-09  5.04995818e-01  4.30500000e-09  3.09192853e-04  4.30500000e-09  3.76908654e-04  4.30500000e-09  6.06734955e-05  4.30500000e-09  1.10842003e-04  4.30500000e-09  1.79991013e-04  4.30500000e-09  3.22625716e-04 
 4.31500000e-09  5.34079929e-01  4.31500000e-09  3.11681375e-04  4.31500000e-09  3.76253269e-04  4.31500000e-09  5.68792526e-05  4.31500000e-09  1.10890067e-04  4.31500000e-09  1.70530413e-04  4.31500000e-09  3.23374114e-04 
 4.32500000e-09  5.65492351e-01  4.32500000e-09  3.09441063e-04  4.32500000e-09  3.75476973e-04  4.32500000e-09  5.32045954e-05  4.32500000e-09  1.10875265e-04  4.32500000e-09  1.60195223e-04  4.32500000e-09  3.24076727e-04 
 4.33500000e-09  5.98933791e-01  4.33500000e-09  3.04433374e-04  4.33500000e-09  3.74597988e-04  4.33500000e-09  4.96538819e-05  4.33500000e-09  1.10810725e-04  4.33500000e-09  1.49420289e-04  4.33500000e-09  3.24745136e-04 
 4.34500000e-09  6.34162012e-01  4.34500000e-09  2.97633101e-04  4.34500000e-09  3.73646754e-04  4.34500000e-09  4.61866717e-05  4.34500000e-09  1.10720404e-04  4.34500000e-09  1.38506763e-04  4.34500000e-09  3.25390898e-04 
 4.35500000e-09  6.71009927e-01  4.35500000e-09  2.89462095e-04  4.35500000e-09  3.72650827e-04  4.35500000e-09  4.27668835e-05  4.35500000e-09  1.10627449e-04  4.35500000e-09  1.27634983e-04  4.35500000e-09  3.26024741e-04 
 4.36500000e-09  7.09377933e-01  4.36500000e-09  2.80116630e-04  4.36500000e-09  3.71618465e-04  4.36500000e-09  3.93826791e-05  4.36500000e-09  1.10540867e-04  4.36500000e-09  1.16917003e-04  4.36500000e-09  3.26655091e-04 
 4.37500000e-09  7.49205493e-01  4.37500000e-09  2.69696825e-04  4.37500000e-09  3.70547255e-04  4.37500000e-09  3.60384930e-05  4.37500000e-09  1.10461965e-04  4.37500000e-09  1.06429963e-04  4.37500000e-09  3.27286882e-04 
 4.38500000e-09  7.90426541e-01  4.38500000e-09  2.58252340e-04  4.38500000e-09  3.69432902e-04  4.38500000e-09  3.27457293e-05  4.38500000e-09  1.10390946e-04  4.38500000e-09  9.62319196e-05  4.38500000e-09  3.27921328e-04 
 4.39500000e-09  8.33013912e-01  4.39500000e-09  2.45845324e-04  4.39500000e-09  3.68256701e-04  4.39500000e-09  2.95280409e-05  4.39500000e-09  1.10317299e-04  4.39500000e-09  8.63803073e-05  4.39500000e-09  3.28559592e-04 
 4.40500000e-09  8.76991418e-01  4.40500000e-09  2.32673810e-04  4.40500000e-09  3.66959689e-04  4.40500000e-09  2.64394752e-05  4.40500000e-09  1.10198016e-04  4.40500000e-09  7.69703924e-05  4.40500000e-09  3.29200658e-04 
 4.41500000e-09  9.22301745e-01  4.41500000e-09  2.18691408e-04  4.41500000e-09  3.65575957e-04  4.41500000e-09  2.34727847e-05  4.41500000e-09  1.10066313e-04  4.41500000e-09  6.80294245e-05  4.41500000e-09  3.29844616e-04 
 4.42500000e-09  9.68893457e-01  4.42500000e-09  2.03534775e-04  4.42500000e-09  3.64214054e-04  4.42500000e-09  2.05688240e-05  4.42500000e-09  1.10021741e-04  4.42500000e-09  5.94769666e-05  4.42500000e-09  3.30495421e-04 
 4.43500000e-09  1.01687766e+00  4.43500000e-09  1.87334851e-04  4.43500000e-09  3.62806333e-04  4.43500000e-09  1.77738561e-05  4.43500000e-09  1.10023862e-04  4.43500000e-09  5.13336710e-05  4.43500000e-09  3.31150815e-04 
 4.44500000e-09  1.06639069e+00  4.44500000e-09  1.70523881e-04  4.44500000e-09  3.61227046e-04  4.44500000e-09  1.51669294e-05  4.44500000e-09  1.09983968e-04  4.44500000e-09  4.37069347e-05  4.44500000e-09  3.31802222e-04 
 4.45500000e-09  1.11742032e+00  4.45500000e-09  1.52981950e-04  4.45500000e-09  3.59528175e-04  4.45500000e-09  1.27269621e-05  4.45500000e-09  1.09965498e-04  4.45500000e-09  3.65827025e-05  4.45500000e-09  3.32446309e-04 
 4.46500000e-09  1.16989529e+00  4.46500000e-09  1.35262214e-04  4.46500000e-09  3.57586635e-04  4.46500000e-09  1.05193025e-05  4.46500000e-09  1.09886517e-04  4.46500000e-09  3.00510256e-05  4.46500000e-09  3.33077060e-04 
 4.47500000e-09  1.22395611e+00  4.47500000e-09  1.19325635e-04  4.47500000e-09  3.54981140e-04  4.47500000e-09  8.73117840e-06  4.47500000e-09  1.09400432e-04  4.47500000e-09  2.44886042e-05  4.47500000e-09  3.33670024e-04 
 4.48500000e-09  1.27931297e+00  4.48500000e-09  1.04987280e-04  4.48500000e-09  3.51908023e-04  4.48500000e-09  7.26804212e-06  4.48500000e-09  1.08695102e-04  4.48500000e-09  1.98487928e-05  4.48500000e-09  3.34208798e-04 
 4.49500000e-09  1.33558039e+00  4.49500000e-09  9.15753108e-05  4.49500000e-09  3.48570573e-04  4.49500000e-09  6.01472755e-06  4.49500000e-09  1.08000102e-04  4.49500000e-09  1.59161110e-05  4.49500000e-09  3.34708942e-04 
 4.50500000e-09  1.39243182e+00  4.50500000e-09  7.86507526e-05  4.50500000e-09  3.44973340e-04  4.50500000e-09  4.90507497e-06  4.50500000e-09  1.07434152e-04  4.50500000e-09  1.24997596e-05  4.50500000e-09  3.35191239e-04 
 4.51500000e-09  1.44980797e+00  4.51500000e-09  6.59485807e-05  4.51500000e-09  3.40870078e-04  4.51500000e-09  3.90243501e-06  4.51500000e-09  1.07054400e-04  4.51500000e-09  9.44747557e-06  4.51500000e-09  3.35656183e-04 
 4.52500000e-09  1.50765286e+00  4.52500000e-09  5.34766864e-05  4.52500000e-09  3.35362269e-04  4.52500000e-09  2.99807003e-06  4.52500000e-09  1.06823980e-04  4.52500000e-09  6.66420921e-06  4.52500000e-09  3.36107432e-04 
 4.53500000e-09  1.56576938e+00  4.53500000e-09  4.16454758e-05  4.53500000e-09  3.25462580e-04  4.53500000e-09  2.21025329e-06  4.53500000e-09  1.06508936e-04  4.53500000e-09  4.14645502e-06  4.53500000e-09  3.36545579e-04 
 4.54500000e-09  1.62345275e+00  4.54500000e-09  3.10499841e-05  4.54500000e-09  3.04422934e-04  4.54500000e-09  1.56112027e-06  4.54500000e-09  1.05492983e-04  4.54500000e-09  1.94759770e-06  4.54500000e-09  3.36966448e-04 
 4.55500000e-09  1.67906451e+00  4.55500000e-09  2.22162302e-05  4.55500000e-09  2.70845193e-04  4.55500000e-09  1.06083155e-06  4.55500000e-09  1.02851562e-04  4.55500000e-09  1.38519619e-07  4.55500000e-09  3.37360119e-04 
 4.56500000e-09  1.73047345e+00  4.56500000e-09  1.54154652e-05  4.56500000e-09  2.34125658e-04  4.56500000e-09  7.02288211e-07  4.56500000e-09  9.84176689e-05  4.56500000e-09  1.39273989e-06  4.56500000e-09  3.37711591e-04 
 4.57500000e-09  1.77653573e+00  4.57500000e-09  1.03787748e-05  4.57500000e-09  2.00624831e-04  4.57500000e-09  4.53215172e-07  4.57500000e-09  9.30075249e-05  4.57500000e-09  2.41604490e-06  4.57500000e-09  3.38000144e-04 
 4.58500000e-09  1.81750286e+00  4.58500000e-09  6.79852779e-06  4.58500000e-09  1.72101636e-04  4.58500000e-09  2.85996750e-07  4.58500000e-09  8.75520219e-05  4.58500000e-09  3.05493400e-06  4.58500000e-09  3.38206495e-04 
 4.59500000e-09  1.85424096e+00  4.59500000e-09  4.34425550e-06  4.59500000e-09  1.48571619e-04  4.59500000e-09  1.76985621e-07  4.59500000e-09  8.26293902e-05  4.59500000e-09  3.42706157e-06  4.59500000e-09  3.38321405e-04 
 4.60500000e-09  1.88768785e+00  4.60500000e-09  2.71778688e-06  4.60500000e-09  1.29457786e-04  4.60500000e-09  1.07796844e-07  4.60500000e-09  7.84771588e-05  4.60500000e-09  3.61429218e-06  4.60500000e-09  3.38345926e-04 
 4.61500000e-09  1.91868217e+00  4.61500000e-09  1.67297473e-06  4.61500000e-09  1.14002457e-04  4.61500000e-09  6.49267765e-08  4.61500000e-09  7.51141627e-05  4.61500000e-09  3.67306534e-06  4.61500000e-09  3.38286842e-04 
 4.62500000e-09  1.94792901e+00  4.62500000e-09  1.01946319e-06  4.62500000e-09  1.01451377e-04  4.62500000e-09  3.88867282e-08  4.62500000e-09  7.24434732e-05  4.62500000e-09  3.64374450e-06  4.62500000e-09  3.38152702e-04 
 4.63500000e-09  1.97601041e+00  4.63500000e-09  6.19074729e-07  4.63500000e-09  9.11390640e-05  4.63500000e-09  2.32986549e-08  4.63500000e-09  7.03190241e-05  4.63500000e-09  3.55590070e-06  4.63500000e-09  3.37951416e-04 
 4.64500000e-09  2.00341256e+00  4.64500000e-09  3.77160279e-07  4.64500000e-09  8.25168015e-05  4.64500000e-09  1.40484588e-08  4.64500000e-09  6.85831339e-05  4.64500000e-09  3.43137837e-06  4.64500000e-09  3.37689045e-04 
 4.65500000e-09  2.03055544e+00  4.65500000e-09  2.32017543e-07  4.65500000e-09  7.51500987e-05  4.65500000e-09  8.57452334e-09  4.65500000e-09  6.70851521e-05  4.65500000e-09  3.28619997e-06  4.65500000e-09  3.37369190e-04 
 4.66500000e-09  2.05779740e+00  4.66500000e-09  1.44960791e-07  4.66500000e-09  6.87135309e-05  4.66500000e-09  5.32538820e-09  4.66500000e-09  6.56983056e-05  4.66500000e-09  3.13206598e-06  4.66500000e-09  3.36992461e-04 
 4.67500000e-09  2.08537136e+00  4.67500000e-09  9.24056896e-08  4.67500000e-09  6.30079846e-05  4.67500000e-09  3.37935713e-09  4.67500000e-09  6.43582989e-05  4.67500000e-09  2.97656076e-06  4.67500000e-09  3.36556032e-04 
 4.68500000e-09  2.11328805e+00  4.68500000e-09  6.02578296e-08  4.68500000e-09  5.79722314e-05  4.68500000e-09  2.19607218e-09  4.68500000e-09  6.31044948e-05  4.68500000e-09  2.82387572e-06  4.68500000e-09  3.36056382e-04 
 4.69500000e-09  2.14140015e+00  4.69500000e-09  4.02326152e-08  4.69500000e-09  5.35986862e-05  4.69500000e-09  1.46234682e-09  4.69500000e-09  6.20245409e-05  4.69500000e-09  2.67515287e-06  4.69500000e-09  3.35496873e-04 
 4.70500000e-09  2.16957656e+00  4.70500000e-09  2.75058605e-08  4.70500000e-09  4.98336814e-05  4.70500000e-09  9.97673455e-10  4.70500000e-09  6.11549035e-05  4.70500000e-09  2.52934940e-06  4.70500000e-09  3.34887045e-04 
 4.71500000e-09  2.19775660e+00  4.71500000e-09  1.92516909e-08  4.71500000e-09  4.65807111e-05  4.71500000e-09  6.97125484e-10  4.71500000e-09  6.04718838e-05  4.71500000e-09  2.38520072e-06  4.71500000e-09  3.34237674e-04 
 4.72500000e-09  2.22591801e+00  4.72500000e-09  1.37894737e-08  4.72500000e-09  4.37431105e-05  4.72500000e-09  4.98666388e-10  4.72500000e-09  5.99334191e-05  4.72500000e-09  2.24122124e-06  4.72500000e-09  3.33556394e-04 
 4.73500000e-09  2.25404592e+00  4.73500000e-09  1.01022392e-08  4.73500000e-09  4.12439727e-05  4.73500000e-09  3.64928616e-10  4.73500000e-09  5.95046541e-05  4.73500000e-09  2.09506019e-06  4.73500000e-09  3.32848052e-04 
 4.74500000e-09  2.28212204e+00  4.74500000e-09  7.56420558e-09  4.74500000e-09  3.90255934e-05  4.74500000e-09  2.73000847e-10  4.74500000e-09  5.91616387e-05  4.74500000e-09  1.94273114e-06  4.74500000e-09  3.32117682e-04 
 4.75500000e-09  2.31012508e+00  4.75500000e-09  5.78396341e-09  4.75500000e-09  3.70436773e-05  4.75500000e-09  2.08593351e-10  4.75500000e-09  5.88875482e-05  4.75500000e-09  1.77820550e-06  4.75500000e-09  3.31373130e-04 
 4.76500000e-09  2.33803560e+00  4.76500000e-09  4.51259731e-09  4.76500000e-09  3.52624425e-05  4.76500000e-09  1.62639331e-10  4.76500000e-09  5.86688398e-05  4.76500000e-09  1.59498255e-06  4.76500000e-09  3.30625088e-04 
 4.77500000e-09  2.36584444e+00  4.77500000e-09  3.58920986e-09  4.77500000e-09  3.36505344e-05  4.77500000e-09  1.29288933e-10  4.77500000e-09  5.84913285e-05  4.77500000e-09  1.38999932e-06  4.77500000e-09  3.29884114e-04 
 4.78500000e-09  2.39355956e+00  4.78500000e-09  2.90808388e-09  4.78500000e-09  3.21788157e-05  4.78500000e-09  1.04704395e-10  4.78500000e-09  5.83379309e-05  4.78500000e-09  1.16735243e-06  4.78500000e-09  3.29156895e-04 
 4.79500000e-09  2.42120009e+00  4.79500000e-09  2.39823371e-09  4.79500000e-09  3.08232297e-05  4.79500000e-09  8.63120549e-11  4.79500000e-09  5.81943869e-05  4.79500000e-09  9.34739104e-07  4.79500000e-09  3.28443975e-04 
 4.80500000e-09  2.44877833e+00  4.80500000e-09  2.01130164e-09  4.80500000e-09  2.95691997e-05  4.80500000e-09  7.23605362e-11  4.80500000e-09  5.80587264e-05  4.80500000e-09  7.05274576e-07  4.80500000e-09  3.27739709e-04 
 4.81500000e-09  2.47629315e+00  4.81500000e-09  1.71364013e-09  4.81500000e-09  2.84088549e-05  4.81500000e-09  6.16323226e-11  4.81500000e-09  5.79383027e-05  4.81500000e-09  4.92766058e-07  4.81500000e-09  3.27032863e-04 
 4.82500000e-09  2.50374298e+00  4.82500000e-09  1.48133636e-09  4.82500000e-09  2.73348389e-05  4.82500000e-09  5.32627219e-11  4.82500000e-09  5.78387364e-05  4.82500000e-09  2.95231818e-07  4.82500000e-09  3.26304830e-04 
 4.83500000e-09  2.53111959e+00  4.83500000e-09  1.29782367e-09  4.83500000e-09  2.63383349e-05  4.83500000e-09  4.66531376e-11  4.83500000e-09  5.77602024e-05  4.83500000e-09  1.24611935e-07  4.83500000e-09  3.25532862e-04 
 4.84500000e-09  2.55841260e+00  4.84500000e-09  1.15107680e-09  4.84500000e-09  2.54104414e-05  4.84500000e-09  4.13693014e-11  4.84500000e-09  5.76998955e-05  4.84500000e-09  1.04277336e-08  4.84500000e-09  3.24685886e-04 
 4.85500000e-09  2.58561569e+00  4.85500000e-09  1.03252763e-09  4.85500000e-09  2.45431470e-05  4.85500000e-09  3.71018815e-11  4.85500000e-09  5.76539152e-05  4.85500000e-09  1.09749704e-07  4.85500000e-09  3.23717065e-04 
 4.86500000e-09  2.61271736e+00  4.86500000e-09  9.34774061e-10  4.86500000e-09  2.37307558e-05  4.86500000e-09  3.35836854e-11  4.86500000e-09  5.76208852e-05  4.86500000e-09  2.15520271e-07  4.86500000e-09  3.22557417e-04 
 4.87500000e-09  2.63963380e+00  4.87500000e-09  8.54807991e-10  4.87500000e-09  2.29923867e-05  4.87500000e-09  3.07062307e-11  4.87500000e-09  5.76567433e-05  4.87500000e-09  2.98552177e-07  4.87500000e-09  3.21100023e-04 
 4.88500000e-09  2.66614430e+00  4.88500000e-09  7.87390595e-10  4.88500000e-09  2.23536018e-05  4.88500000e-09  2.82808248e-11  4.88500000e-09  5.78377838e-05  4.88500000e-09  3.45144450e-07  4.88500000e-09  3.19220958e-04 
 4.89500000e-09  2.69151089e+00  4.89500000e-09  7.26736838e-10  4.89500000e-09  2.19751463e-05  4.89500000e-09  2.60992917e-11  4.89500000e-09  5.85926556e-05  4.89500000e-09  3.37865658e-07  4.89500000e-09  3.16756313e-04 
 4.90500000e-09  2.71534715e+00  4.90500000e-09  6.69898808e-10  4.90500000e-09  2.18126660e-05  4.90500000e-09  2.40555330e-11  4.90500000e-09  5.98378788e-05  4.90500000e-09  2.68844522e-07  4.90500000e-09  3.13533317e-04 
 4.91500000e-09  2.73796860e+00  4.91500000e-09  6.17076689e-10  4.91500000e-09  2.16337445e-05  4.91500000e-09  2.21566438e-11  4.91500000e-09  6.09649716e-05  4.91500000e-09  1.36660597e-07  4.91500000e-09  3.09399024e-04 
 4.92500000e-09  2.75982026e+00  4.92500000e-09  5.69014139e-10  4.92500000e-09  2.13039628e-05  4.92500000e-09  2.04292194e-11  4.92500000e-09  6.15925438e-05  4.92500000e-09  4.67709020e-08  4.92500000e-09  3.04210372e-04 
 4.93500000e-09  2.78113850e+00  4.93500000e-09  5.25950947e-10  4.93500000e-09  2.08291198e-05  4.93500000e-09  1.88817493e-11  4.93500000e-09  6.17161858e-05  4.93500000e-09  2.65854006e-07  4.93500000e-09  2.97857393e-04 
 4.94500000e-09  2.80201743e+00  4.94500000e-09  4.87070318e-10  4.94500000e-09  2.02510959e-05  4.94500000e-09  1.74846755e-11  4.94500000e-09  6.14387962e-05  4.94500000e-09  4.65975180e-07  4.94500000e-09  2.90324655e-04 
 4.95500000e-09  2.82245838e+00  4.95500000e-09  4.52120286e-10  4.95500000e-09  1.96116563e-05  4.95500000e-09  1.62288961e-11  4.95500000e-09  6.08706304e-05  4.95500000e-09  6.36976608e-07  4.95500000e-09  2.81727583e-04 
 4.96500000e-09  2.84242691e+00  4.96500000e-09  4.20827075e-10  4.96500000e-09  1.89377815e-05  4.96500000e-09  1.51045539e-11  4.96500000e-09  6.00843147e-05  4.96500000e-09  7.77479166e-07  4.96500000e-09  2.72296198e-04 
 4.97500000e-09  2.86186572e+00  4.97500000e-09  3.92919009e-10  4.97500000e-09  1.82489407e-05  4.97500000e-09  1.41018814e-11  4.97500000e-09  5.91344465e-05  4.97500000e-09  8.92005357e-07  4.97500000e-09  2.62313806e-04 
 4.98500000e-09  2.88070512e+00  4.98500000e-09  3.68164616e-10  4.98500000e-09  1.75617591e-05  4.98500000e-09  1.32125608e-11  4.98500000e-09  5.80711713e-05  4.98500000e-09  9.88195539e-07  4.98500000e-09  2.52054707e-04 
 4.99500000e-09  2.89886931e+00  4.99500000e-09  3.46408869e-10  4.99500000e-09  1.68923435e-05  4.99500000e-09  1.24310224e-11  4.99500000e-09  5.69473120e-05  4.99500000e-09  1.07577136e-06  4.99500000e-09  2.41748454e-04 
 5.00500000e-09  2.91629556e+00  5.00500000e-09  3.27563174e-10  5.00500000e-09  1.62523293e-05  5.00500000e-09  1.17540836e-11  5.00500000e-09  5.58051800e-05  5.00500000e-09  1.16636958e-06  5.00500000e-09  2.31569956e-04 
 5.01500000e-09  2.93297791e+00  5.01500000e-09  3.11436327e-10  5.01500000e-09  1.56361443e-05  5.01500000e-09  1.11748720e-11  5.01500000e-09  5.46323095e-05  5.01500000e-09  1.27036576e-06  5.01500000e-09  2.21643226e-04 
 5.02500000e-09  2.94896378e+00  5.02500000e-09  2.97379019e-10  5.02500000e-09  1.50275860e-05  5.02500000e-09  1.06700292e-11  5.02500000e-09  5.33804018e-05  5.02500000e-09  1.37624224e-06  5.02500000e-09  2.12042252e-04 
 5.03500000e-09  2.96428991e+00  5.03500000e-09  2.84332758e-10  5.03500000e-09  1.44216881e-05  5.03500000e-09  1.02014753e-11  5.03500000e-09  5.20393499e-05  5.03500000e-09  1.44751770e-06  5.03500000e-09  2.02800160e-04 
 5.04500000e-09  2.97895884e+00  5.04500000e-09  2.71256522e-10  5.04500000e-09  1.38249463e-05  5.04500000e-09  9.73178128e-12  5.04500000e-09  5.06396759e-05  5.04500000e-09  1.45175912e-06  5.04500000e-09  1.93932320e-04 
 5.05500000e-09  2.99295374e+00  5.05500000e-09  2.57346634e-10  5.05500000e-09  1.32461252e-05  5.05500000e-09  9.23208307e-12  5.05500000e-09  4.92211212e-05  5.05500000e-09  1.37471337e-06  5.05500000e-09  1.85451032e-04 
 5.06500000e-09  3.00625693e+00  5.06500000e-09  2.42186720e-10  5.06500000e-09  1.26913849e-05  5.06500000e-09  8.68746121e-12  5.06500000e-09  4.78145458e-05  5.06500000e-09  1.22073441e-06  5.06500000e-09  1.77367499e-04 
 5.07500000e-09  3.01886039e+00  5.07500000e-09  2.25865364e-10  5.07500000e-09  1.21649519e-05  5.07500000e-09  8.10115203e-12  5.07500000e-09  4.64433829e-05  5.07500000e-09  1.01039842e-06  5.07500000e-09  1.69686313e-04 
 5.08500000e-09  3.03076746e+00  5.08500000e-09  2.08872684e-10  5.08500000e-09  1.16705235e-05  5.08500000e-09  7.49081052e-12  5.08500000e-09  4.51284877e-05  5.08500000e-09  7.73043173e-07  5.08500000e-09  1.62403179e-04 
 5.09500000e-09  3.04199575e+00  5.09500000e-09  1.91903337e-10  5.09500000e-09  1.12112706e-05  5.09500000e-09  6.88141358e-12  5.09500000e-09  4.38881528e-05  5.09500000e-09  5.35285643e-07  5.09500000e-09  1.55504149e-04 
 5.10500000e-09  3.05257709e+00  5.10500000e-09  1.75569681e-10  5.10500000e-09  1.07864242e-05  5.10500000e-09  6.29495824e-12  5.10500000e-09  4.27252671e-05  5.10500000e-09  3.18118638e-07  5.10500000e-09  1.48973026e-04 
 5.11500000e-09  3.06254420e+00  5.11500000e-09  1.60155437e-10  5.11500000e-09  1.03914045e-05  5.11500000e-09  5.74162938e-12  5.11500000e-09  4.16279532e-05  5.11500000e-09  1.40558689e-07  5.11500000e-09  1.42799806e-04 
 5.12500000e-09  3.07194042e+00  5.12500000e-09  1.45920525e-10  5.12500000e-09  1.00221685e-05  5.12500000e-09  5.23074128e-12  5.12500000e-09  4.05851535e-05  5.12500000e-09  1.30039745e-08  5.12500000e-09  1.36965718e-04 
 5.13500000e-09  3.08081454e+00  5.13500000e-09  1.33082633e-10  5.13500000e-09  9.67575515e-06  5.13500000e-09  4.77009081e-12  5.13500000e-09  3.95893923e-05  5.13500000e-09  4.90803160e-08  5.13500000e-09  1.31445768e-04 
 5.14500000e-09  3.08921716e+00  5.14500000e-09  1.21676708e-10  5.14500000e-09  9.34899580e-06  5.14500000e-09  4.36090168e-12  5.14500000e-09  3.86317063e-05  5.14500000e-09  5.15795817e-08  5.14500000e-09  1.26213846e-04 
 5.15500000e-09  3.09724593e+00  5.15500000e-09  1.11812432e-10  5.15500000e-09  9.03083005e-06  5.15500000e-09  4.00706927e-12  5.15500000e-09  3.76691214e-05  5.15500000e-09  2.27720061e-08  5.15500000e-09  1.21229712e-04 
 5.16500000e-09  3.10497212e+00  5.16500000e-09  1.03333176e-10  5.16500000e-09  8.71442060e-06  5.16500000e-09  3.70295503e-12  5.16500000e-09  3.66764062e-05  5.16500000e-09  2.97498768e-08  5.16500000e-09  1.16460854e-04 
 5.17500000e-09  3.11248727e+00  5.17500000e-09  9.59626753e-11  5.17500000e-09  8.38578378e-06  5.17500000e-09  3.43862784e-12  5.17500000e-09  3.55979517e-05  5.17500000e-09  8.42730336e-08  5.17500000e-09  1.11876487e-04 
 5.18500000e-09  3.11994617e+00  5.18500000e-09  8.95986495e-11  5.18500000e-09  8.02140475e-06  5.18500000e-09  3.21040223e-12  5.18500000e-09  3.43355422e-05  5.18500000e-09  1.18534668e-07  5.18500000e-09  1.07424498e-04 
 5.19500000e-09  3.12757038e+00  5.19500000e-09  8.42122256e-11  5.19500000e-09  7.59227812e-06  5.19500000e-09  3.01723929e-12  5.19500000e-09  3.27656048e-05  5.19500000e-09  1.34891121e-07  5.19500000e-09  1.03020722e-04 
 5.20500000e-09  3.13551033e+00  5.20500000e-09  7.97077910e-11  5.20500000e-09  7.08365179e-06  5.20500000e-09  2.85571348e-12  5.20500000e-09  3.08213475e-05  5.20500000e-09  1.51301620e-07  5.20500000e-09  9.85945016e-05 
 5.21500000e-09  3.14367385e+00  5.21500000e-09  7.59198019e-11  5.21500000e-09  6.55048285e-06  5.21500000e-09  2.71988490e-12  5.21500000e-09  2.87354987e-05  5.21500000e-09  1.68234608e-07  5.21500000e-09  9.40808679e-05 
 5.22500000e-09  3.15186150e+00  5.22500000e-09  7.27200255e-11  5.22500000e-09  6.05304403e-06  5.22500000e-09  2.60514963e-12  5.22500000e-09  2.67691766e-05  5.22500000e-09  1.76853712e-07  5.22500000e-09  8.94765817e-05 
 5.23500000e-09  3.15993680e+00  5.23500000e-09  7.00037783e-11  5.23500000e-09  5.60629993e-06  5.23500000e-09  2.50775131e-12  5.23500000e-09  2.49906632e-05  5.23500000e-09  1.73618171e-07  5.23500000e-09  8.48404524e-05 
 5.24500000e-09  3.16782622e+00  5.24500000e-09  6.76679938e-11  5.24500000e-09  5.20285799e-06  5.24500000e-09  2.42399366e-12  5.24500000e-09  2.33712988e-05  5.24500000e-09  1.58887716e-07  5.24500000e-09  8.02401092e-05 
 5.25500000e-09  3.17548341e+00  5.25500000e-09  6.56212757e-11  5.25500000e-09  4.83357900e-06  5.25500000e-09  2.35060007e-12  5.25500000e-09  2.18743059e-05  5.25500000e-09  1.35473263e-07  5.25500000e-09  7.57284109e-05 
 5.26500000e-09  3.18287147e+00  5.26500000e-09  6.37850627e-11  5.26500000e-09  4.49311835e-06  5.26500000e-09  2.28475452e-12  5.26500000e-09  2.04793133e-05  5.26500000e-09  1.06611720e-07  5.26500000e-09  7.13426646e-05 
 5.27500000e-09  3.18996500e+00  5.27500000e-09  6.20930377e-11  5.27500000e-09  4.17747791e-06  5.27500000e-09  2.22408035e-12  5.27500000e-09  1.91716186e-05  5.27500000e-09  7.60995717e-08  5.27500000e-09  6.71090832e-05 
 5.28500000e-09  3.19674478e+00  5.28500000e-09  6.04771727e-11  5.28500000e-09  3.88411903e-06  5.28500000e-09  2.16613981e-12  5.28500000e-09  1.79428620e-05  5.28500000e-09  4.79957595e-08  5.28500000e-09  6.30462326e-05 
 5.29500000e-09  3.20319683e+00  5.29500000e-09  5.88672652e-11  5.29500000e-09  3.61132340e-06  5.29500000e-09  2.10841699e-12  5.29500000e-09  1.67881851e-05  5.29500000e-09  2.50102810e-08  5.29500000e-09  5.91671532e-05 
 5.30500000e-09  3.20931293e+00  5.30500000e-09  5.72024943e-11  5.30500000e-09  3.35775126e-06  5.30500000e-09  2.04873227e-12  5.30500000e-09  1.57041940e-05  5.30500000e-09  9.11300215e-09  5.30500000e-09  5.54801350e-05 
 5.31500000e-09  3.21509648e+00  5.31500000e-09  5.54756426e-11  5.31500000e-09  3.12179826e-06  5.31500000e-09  1.98682741e-12  5.31500000e-09  1.46857851e-05  5.31500000e-09  1.98398641e-09  5.31500000e-09  5.19861829e-05 
 5.32500000e-09  3.22054302e+00  5.32500000e-09  5.36157404e-11  5.32500000e-09  2.90294107e-06  5.32500000e-09  1.92015896e-12  5.32500000e-09  1.37329744e-05  5.32500000e-09  4.43534936e-09  5.32500000e-09  4.86891298e-05 
 5.33500000e-09  3.22564972e+00  5.33500000e-09  5.15516459e-11  5.33500000e-09  2.70042154e-06  5.33500000e-09  1.84617828e-12  5.33500000e-09  1.28445205e-05  5.33500000e-09  2.00001236e-08  5.33500000e-09  4.55923287e-05 
 5.34500000e-09  3.23041150e+00  5.34500000e-09  4.91909262e-11  5.34500000e-09  2.51362924e-06  5.34500000e-09  1.76157395e-12  5.34500000e-09  1.20197932e-05  5.34500000e-09  5.21743311e-08  5.34500000e-09  4.27003980e-05 
 5.35500000e-09  3.23481991e+00  5.35500000e-09  4.64294043e-11  5.35500000e-09  2.34242041e-06  5.35500000e-09  1.66261382e-12  5.35500000e-09  1.12602990e-05  5.35500000e-09  1.03495213e-07  5.35500000e-09  4.00191985e-05 
 5.36500000e-09  3.23886396e+00  5.36500000e-09  4.31913945e-11  5.36500000e-09  2.18754629e-06  5.36500000e-09  1.54658759e-12  5.36500000e-09  1.05716927e-05  5.36500000e-09  1.76638863e-07  5.36500000e-09  3.75542201e-05 
 5.37500000e-09  3.24254837e+00  5.37500000e-09  3.95358642e-11  5.37500000e-09  2.04923185e-06  5.37500000e-09  1.41560902e-12  5.37500000e-09  9.95655648e-06  5.37500000e-09  2.65209650e-07  5.37500000e-09  3.53013816e-05 
 5.38500000e-09  3.24589802e+00  5.38500000e-09  3.56562361e-11  5.38500000e-09  1.92575967e-06  5.38500000e-09  1.27660938e-12  5.38500000e-09  9.40743790e-06  5.38500000e-09  3.58653752e-07  5.38500000e-09  3.32473856e-05 
 5.39500000e-09  3.24895318e+00  5.39500000e-09  3.17889878e-11  5.39500000e-09  1.81369698e-06  5.39500000e-09  1.13813124e-12  5.39500000e-09  8.90802670e-06  5.39500000e-09  4.46012405e-07  5.39500000e-09  3.13725330e-05 
 5.40500000e-09  3.25175876e+00  5.40500000e-09  2.81347708e-11  5.40500000e-09  1.71009701e-06  5.40500000e-09  1.00729724e-12  5.40500000e-09  8.44409523e-06  5.40500000e-09  5.19548833e-07  5.40500000e-09  2.96526883e-05 
 5.41500000e-09  3.25436323e+00  5.41500000e-09  2.48355692e-11  5.41500000e-09  1.61269616e-06  5.41500000e-09  8.89172366e-13  5.41500000e-09  8.00456987e-06  5.41500000e-09  5.72926648e-07  5.41500000e-09  2.80595438e-05 
 5.42500000e-09  3.25682589e+00  5.42500000e-09  2.19985398e-11  5.42500000e-09  1.51875075e-06  5.42500000e-09  7.87593202e-13  5.42500000e-09  7.57568786e-06  5.42500000e-09  5.97998148e-07  5.42500000e-09  2.65585507e-05 
 5.43500000e-09  3.25922644e+00  5.43500000e-09  1.97250785e-11  5.43500000e-09  1.42403444e-06  5.43500000e-09  7.06189542e-13  5.43500000e-09  7.13578202e-06  5.43500000e-09  5.81816037e-07  5.43500000e-09  2.51046872e-05 
 5.44500000e-09  3.26166743e+00  5.44500000e-09  1.81253775e-11  5.44500000e-09  1.32304396e-06  5.44500000e-09  6.48905509e-13  5.44500000e-09  6.65621186e-06  5.44500000e-09  5.06681683e-07  5.44500000e-09  2.36402466e-05 
 5.45500000e-09  3.26425687e+00  5.45500000e-09  1.73154982e-11  5.45500000e-09  1.21093979e-06  5.45500000e-09  6.19894920e-13  5.45500000e-09  6.11149853e-06  5.45500000e-09  3.56674718e-07  5.45500000e-09  2.21018530e-05 
 5.46500000e-09  3.26707877e+00  5.46500000e-09  1.74249732e-11  5.46500000e-09  1.08563890e-06  5.46500000e-09  6.23793453e-13  5.46500000e-09  5.49067828e-06  5.46500000e-09  1.27061304e-07  5.46500000e-09  2.04356159e-05 
 5.47500000e-09  3.27017445e+00  5.47500000e-09  1.86555973e-11  5.47500000e-09  9.48079465e-07  5.47500000e-09  6.67825090e-13  5.47500000e-09  4.79926969e-06  5.47500000e-09  1.51660062e-07  5.47500000e-09  1.86095009e-05 
 5.48500000e-09  3.27354289e+00  5.48500000e-09  2.13384984e-11  5.48500000e-09  8.00995483e-07  5.48500000e-09  7.63840661e-13  5.48500000e-09  4.05312283e-06  5.48500000e-09  4.67096438e-07  5.48500000e-09  1.66163519e-05 
 5.49500000e-09  3.27714292e+00  5.49500000e-09  2.60420694e-11  5.49500000e-09  6.48333016e-07  5.49500000e-09  9.32182728e-13  5.49500000e-09  3.27511809e-06  5.49500000e-09  8.14057977e-07  5.49500000e-09  1.44740140e-05 
 5.50500000e-09  3.28093696e+00  5.50500000e-09  3.38567797e-11  5.50500000e-09  4.91778943e-07  5.50500000e-09  1.21188404e-12  5.50500000e-09  2.47693262e-06  5.50500000e-09  1.17561221e-06  5.50500000e-09  1.22038155e-05 
 5.51500000e-09  3.28488285e+00  5.51500000e-09  4.67497456e-11  5.51500000e-09  3.32879537e-07  5.51500000e-09  1.67366017e-12  5.51500000e-09  1.66958197e-06  5.51500000e-09  1.53639147e-06  5.51500000e-09  9.83070352e-06 
 5.52500000e-09  3.28890698e+00  5.52500000e-09  6.81012024e-11  5.52500000e-09  1.75168668e-07  5.52500000e-09  2.43865945e-12  5.52500000e-09  8.73892921e-07  5.52500000e-09  1.87583295e-06  5.52500000e-09  7.39673438e-06 
 5.53500000e-09  3.29294220e+00  5.53500000e-09  1.03886458e-10  5.53500000e-09  2.07681440e-08  5.53500000e-09  3.72124259e-12  5.53500000e-09  1.02951863e-07  5.53500000e-09  2.18012186e-06  5.53500000e-09  4.94330150e-06 
 5.54500000e-09  3.29698184e+00  5.54500000e-09  1.65068016e-10  5.54500000e-09  1.32190686e-07  5.54500000e-09  5.91494942e-12  5.54500000e-09  6.50522410e-07  5.54500000e-09  2.44686028e-06  5.54500000e-09  2.47961014e-06 
 5.55500000e-09  3.30101083e+00  5.55500000e-09  2.71841151e-10  5.55500000e-09  2.89283768e-07  5.55500000e-09  9.74519595e-12  5.55500000e-09  1.41200047e-06  5.55500000e-09  2.70353191e-06  5.55500000e-09  3.02733759e-08 
 5.56500000e-09  3.30524217e+00  5.56500000e-09  4.65777134e-10  5.56500000e-09  3.46250490e-07  5.56500000e-09  1.67062772e-11  5.56500000e-09  1.67535900e-06  5.56500000e-09  2.93342923e-06  5.56500000e-09  2.81727247e-06 
 5.57500000e-09  3.30949693e+00  5.57500000e-09  8.23925309e-10  5.57500000e-09  4.82416110e-07  5.57500000e-09  2.95708994e-11  5.57500000e-09  2.31191984e-06  5.57500000e-09  3.11148887e-06  5.57500000e-09  5.47100165e-06 
 5.58500000e-09  3.31353790e+00  5.58500000e-09  1.49360061e-09  5.58500000e-09  6.09716347e-07  5.58500000e-09  5.36475078e-11  5.58500000e-09  2.89190102e-06  5.58500000e-09  3.22075480e-06  5.58500000e-09  7.99208463e-06 
 5.59500000e-09  3.31723389e+00  5.59500000e-09  2.72699468e-09  5.59500000e-09  7.24253609e-07  5.59500000e-09  9.80424306e-11  5.59500000e-09  3.39821813e-06  5.59500000e-09  3.23176270e-06  5.59500000e-09  1.03002035e-05 
 5.60500000e-09  3.32047717e+00  5.60500000e-09  4.92238447e-09  5.60500000e-09  8.29074405e-07  5.60500000e-09  1.77176859e-10  5.60500000e-09  3.84768383e-06  5.60500000e-09  3.14014710e-06  5.60500000e-09  1.23144358e-05 
 5.61500000e-09  3.32323055e+00  5.61500000e-09  8.68695988e-09  5.61500000e-09  9.25128690e-07  5.61500000e-09  3.13111829e-10  5.61500000e-09  4.24697486e-06  5.61500000e-09  2.97475752e-06  5.61500000e-09  1.40083917e-05 
 5.62500000e-09  3.32552815e+00  5.62500000e-09  1.49451709e-08  5.62500000e-09  1.01279852e-06  5.62500000e-09  5.39570485e-10  5.62500000e-09  4.59968211e-06  5.62500000e-09  2.77565420e-06  5.62500000e-09  1.54063132e-05 
 5.63500000e-09  3.32745008e+00  5.63500000e-09  2.51446336e-08  5.63500000e-09  1.09296013e-06  5.63500000e-09  9.09600584e-10  5.63500000e-09  4.91109452e-06  5.63500000e-09  2.58027493e-06  5.63500000e-09  1.65626589e-05 
 5.64500000e-09  3.32909977e+00  5.64500000e-09  4.16536717e-08  5.64500000e-09  1.16784987e-06  5.64500000e-09  1.51043641e-09  5.64500000e-09  5.19197059e-06  5.64500000e-09  2.41514245e-06  5.64500000e-09  1.75443946e-05 
 5.65500000e-09  3.33059080e+00  5.65500000e-09  6.85467966e-08  5.65500000e-09  1.24121711e-06  5.65500000e-09  2.49306592e-09  5.65500000e-09  5.45893484e-06  5.65500000e-09  2.29867465e-06  5.65500000e-09  1.84217489e-05 
 5.66500000e-09  3.33204335e+00  5.66500000e-09  1.13244148e-07  5.66500000e-09  1.31812870e-06  5.66500000e-09  4.13449807e-09  5.66500000e-09  5.73324552e-06  5.66500000e-09  2.24498323e-06  5.66500000e-09  1.92664300e-05 
 5.67500000e-09  3.33358953e+00  5.67500000e-09  1.90164441e-07  5.67500000e-09  1.40523335e-06  5.67500000e-09  6.97816555e-09  5.67500000e-09  6.04146501e-06  5.67500000e-09  2.26885416e-06  5.67500000e-09  2.01549472e-05 
 5.68500000e-09  3.33538347e+00  5.68500000e-09  3.29459183e-07  5.68500000e-09  1.51130610e-06  5.68500000e-09  1.21752544e-08  5.68500000e-09  6.41703222e-06  5.68500000e-09  2.39099647e-06  5.68500000e-09  2.11744965e-05 
 5.69500000e-09  3.33760340e+00  5.69500000e-09  5.98939234e-07  5.69500000e-09  1.64737694e-06  5.69500000e-09  2.23639253e-08  5.69500000e-09  6.89970044e-06  5.69500000e-09  2.64143349e-06  5.69500000e-09  2.24243544e-05 
 5.70500000e-09  3.34040224e+00  5.70500000e-09  1.15747611e-06  5.70500000e-09  1.82328663e-06  5.70500000e-09  4.39114885e-08  5.70500000e-09  7.52039187e-06  5.70500000e-09  3.05179939e-06  5.70500000e-09  2.39897243e-05 
 5.71500000e-09  3.34380555e+00  5.71500000e-09  2.37076539e-06  5.71500000e-09  2.04080951e-06  5.71500000e-09  9.22201404e-08  5.71500000e-09  8.27422286e-06  5.71500000e-09  3.64712670e-06  5.71500000e-09  2.58865689e-05 
 5.72500000e-09  3.34768859e+00  5.72500000e-09  5.02707348e-06  5.72500000e-09  2.29160333e-06  5.72500000e-09  2.03344983e-07  5.72500000e-09  9.11576190e-06  5.72500000e-09  4.45961799e-06  5.72500000e-09  2.80498778e-05 
 5.73500000e-09  3.35184422e+00  5.73500000e-09  1.06336298e-05  5.73500000e-09  2.55981785e-06  5.73500000e-09  4.56134781e-07  5.73500000e-09  9.97315199e-06  5.73500000e-09  5.55624069e-06  5.73500000e-09  3.03739924e-05 
 5.74500000e-09  3.35603127e+00  5.74500000e-09  2.15491275e-05  5.74500000e-09  2.82096556e-06  5.74500000e-09  1.00388243e-06  5.74500000e-09  1.07468180e-05  5.74500000e-09  7.06516486e-06  5.74500000e-09  3.27475087e-05 
 5.75500000e-09  3.35996148e+00  5.75500000e-09  4.03907665e-05  5.75500000e-09  3.03578361e-06  5.75500000e-09  2.09413923e-06  5.75500000e-09  1.12905917e-05  5.75500000e-09  9.21215124e-06  5.75500000e-09  3.50558601e-05 
 5.76500000e-09  3.36327458e+00  5.76500000e-09  6.84067355e-05  5.76500000e-09  3.14740249e-06  5.76500000e-09  4.02940203e-06  5.76500000e-09  1.14089086e-05  5.76500000e-09  1.23401596e-05  5.76500000e-09  3.71676285e-05 
 5.77500000e-09  3.36555914e+00  5.77500000e-09  1.03977981e-04  5.77500000e-09  3.08971089e-06  5.77500000e-09  7.04612446e-06  5.77500000e-09  1.08963304e-05  5.77500000e-09  1.68572617e-05  5.77500000e-09  3.89285099e-05 
 5.78500000e-09  3.36642678e+00  5.78500000e-09  1.43187696e-04  5.78500000e-09  2.80618966e-06  5.78500000e-09  1.11882099e-05  5.78500000e-09  9.60956206e-06  5.78500000e-09  2.31188091e-05  5.78500000e-09  4.01717915e-05 
 5.79500000e-09  3.36559780e+00  5.79500000e-09  1.81998193e-04  5.79500000e-09  2.26623959e-06  5.79500000e-09  1.62916046e-05  5.79500000e-09  7.51990551e-06  5.79500000e-09  3.13072314e-05  5.79500000e-09  4.07446557e-05 
 5.80500000e-09  3.36294208e+00  5.80500000e-09  2.17759769e-04  5.80500000e-09  1.46697976e-06  5.80500000e-09  2.20793309e-05  5.80500000e-09  4.70674059e-06  5.80500000e-09  4.13902578e-05  5.80500000e-09  4.05354636e-05 
 5.81500000e-09  3.35844008e+00  5.81500000e-09  2.49279756e-04  5.81500000e-09  4.20891390e-07  5.81500000e-09  2.82540297e-05  5.81500000e-09  1.30303080e-06  5.81500000e-09  5.31434225e-05  5.81500000e-09  3.94746833e-05 
 5.82500000e-09  3.35236319e+00  5.82500000e-09  2.76533345e-04  5.82500000e-09  8.36334369e-07  5.82500000e-09  3.45991549e-05  5.82500000e-09  2.49413220e-06  5.82500000e-09  6.63005012e-05  5.82500000e-09  3.76471170e-05 
 5.83500000e-09  3.34480750e+00  5.83500000e-09  2.99955201e-04  5.83500000e-09  2.29171573e-06  5.83500000e-09  4.09670117e-05  5.83500000e-09  6.57244163e-06  5.83500000e-09  8.05882837e-05  5.83500000e-09  3.50669203e-05 
 5.84500000e-09  3.33586598e+00  5.84500000e-09  3.20121839e-04  5.84500000e-09  3.94038746e-06  5.84500000e-09  4.72684583e-05  5.84500000e-09  1.08482135e-05  5.84500000e-09  9.57793861e-05  5.84500000e-09  3.17583118e-05 
 5.85500000e-09  3.32571037e+00  5.85500000e-09  3.37550764e-04  5.85500000e-09  5.77641769e-06  5.85500000e-09  5.34399865e-05  5.85500000e-09  1.52399759e-05  5.85500000e-09  1.11714956e-04  5.85500000e-09  2.77971221e-05 
 5.86500000e-09  3.31449968e+00  5.86500000e-09  3.52665171e-04  5.86500000e-09  7.79806423e-06  5.86500000e-09  5.94299954e-05  5.86500000e-09  1.96832982e-05  5.86500000e-09  1.28284356e-04  5.86500000e-09  2.32591895e-05 
 5.87500000e-09  3.30237640e+00  5.87500000e-09  3.65785559e-04  5.87500000e-09  1.00054677e-05  5.87500000e-09  6.51855847e-05  5.87500000e-09  2.41235939e-05  5.87500000e-09  1.45412103e-04  5.87500000e-09  1.82139381e-05 
 5.88500000e-09  3.28992145e+00  5.88500000e-09  3.77198309e-04  5.88500000e-09  1.22311673e-05  5.88500000e-09  7.06715763e-05  5.88500000e-09  2.81322808e-05  5.88500000e-09  1.63075933e-04  5.88500000e-09  1.27691099e-05 
 5.89500000e-09  3.27677445e+00  5.89500000e-09  3.87006844e-04  5.89500000e-09  1.46990175e-05  5.89500000e-09  7.57928121e-05  5.89500000e-09  3.22090783e-05  5.89500000e-09  1.81207357e-04  5.89500000e-09  7.02172985e-06 
 5.90500000e-09  3.26301233e+00  5.90500000e-09  3.95351688e-04  5.90500000e-09  1.73853470e-05  5.90500000e-09  8.04851043e-05  5.90500000e-09  3.62468678e-05  5.90500000e-09  1.99724702e-04  5.90500000e-09  9.61118994e-07 
 5.91500000e-09  3.24903908e+00  5.91500000e-09  4.02471143e-04  5.91500000e-09  2.06556664e-05  5.91500000e-09  8.47619934e-05  5.91500000e-09  4.09621397e-05  5.91500000e-09  2.18580320e-04  5.91500000e-09  4.55669602e-06 
 5.92500000e-09  3.23507025e+00  5.92500000e-09  4.08408533e-04  5.92500000e-09  2.38699454e-05  5.92500000e-09  8.85481742e-05  5.92500000e-09  4.49842143e-05  5.92500000e-09  2.37573258e-04  5.92500000e-09  1.03606699e-05 
 5.93500000e-09  3.22097494e+00  5.93500000e-09  4.13278925e-04  5.93500000e-09  2.70877118e-05  5.93500000e-09  9.18264818e-05  5.93500000e-09  4.84717009e-05  5.93500000e-09  2.56421602e-04  5.93500000e-09  1.64370568e-05 
 5.94500000e-09  3.20671925e+00  5.94500000e-09  4.17199899e-04  5.94500000e-09  3.03962920e-05  5.94500000e-09  9.46003248e-05  5.94500000e-09  5.16192797e-05  5.94500000e-09  2.74761195e-04  5.94500000e-09  2.26680984e-05 
 5.95500000e-09  3.19233860e+00  5.95500000e-09  4.20279273e-04  5.95500000e-09  3.38130317e-05  5.95500000e-09  9.68844782e-05  5.95500000e-09  5.44820365e-05  5.95500000e-09  2.92148904e-04  5.95500000e-09  2.89944601e-05 
 5.96500000e-09  3.17789938e+00  5.96500000e-09  4.22635991e-04  5.96500000e-09  3.73328687e-05  5.96500000e-09  9.87175452e-05  5.96500000e-09  5.70761231e-05  5.96500000e-09  3.08111719e-04  5.96500000e-09  3.53673691e-05 
 5.97500000e-09  3.16348934e+00  5.97500000e-09  4.24410965e-04  5.97500000e-09  4.09464649e-05  5.97500000e-09  1.00168536e-04  5.97500000e-09  5.94085374e-05  5.97500000e-09  3.22240813e-04  5.97500000e-09  4.17301275e-05 
 5.98500000e-09  3.14919377e+00  5.98500000e-09  4.25752782e-04  5.98500000e-09  4.46540099e-05  5.98500000e-09  1.01324866e-04  5.98500000e-09  6.14936831e-05  5.98500000e-09  3.34299986e-04  5.98500000e-09  4.80177158e-05 
 5.99500000e-09  3.13509509e+00  5.99500000e-09  4.26792521e-04  5.99500000e-09  4.84591372e-05  5.99500000e-09  1.02270797e-04  5.99500000e-09  6.33428222e-05  5.99500000e-09  3.44287396e-04  5.99500000e-09  5.41658042e-05 
 6.00500000e-09  3.12123555e+00  6.00500000e-09  4.27632974e-04  6.00500000e-09  5.23838287e-05  6.00500000e-09  1.03076099e-04  6.00500000e-09  6.49824459e-05  6.00500000e-09  3.52401648e-04  6.00500000e-09  6.01178620e-05 
 6.01500000e-09  3.10763766e+00  6.01500000e-09  4.28346074e-04  6.01500000e-09  5.64536016e-05  6.01500000e-09  1.03791358e-04  6.01500000e-09  6.64335359e-05  6.01500000e-09  3.58952240e-04  6.01500000e-09  6.58302873e-05 
 6.02500000e-09  3.09429317e+00  6.02500000e-09  4.28973524e-04  6.02500000e-09  6.07011886e-05  6.02500000e-09  1.04446545e-04  6.02500000e-09  6.77179031e-05  6.02500000e-09  3.64260615e-04  6.02500000e-09  7.12744858e-05 
 6.03500000e-09  3.08116723e+00  6.03500000e-09  4.29526706e-04  6.03500000e-09  6.51607242e-05  6.03500000e-09  1.05049521e-04  6.03500000e-09  6.88546829e-05  6.03500000e-09  3.68603343e-04  6.03500000e-09  7.64397141e-05 
 6.04500000e-09  3.06820311e+00  6.04500000e-09  4.29992931e-04  6.04500000e-09  6.98631861e-05  6.04500000e-09  1.05589707e-04  6.04500000e-09  6.98598024e-05  6.04500000e-09  3.72196097e-04  6.04500000e-09  8.13333283e-05 
 6.05500000e-09  3.05533928e+00  6.05500000e-09  4.30357947e-04  6.05500000e-09  7.48328936e-05  6.05500000e-09  1.06054851e-04  6.05500000e-09  7.07433745e-05  6.05500000e-09  3.75200081e-04  6.05500000e-09  8.59726796e-05 
 6.06500000e-09  3.04252640e+00  6.06500000e-09  4.30624676e-04  6.06500000e-09  8.00894703e-05  6.06500000e-09  1.06445793e-04  6.06500000e-09  7.15086994e-05  6.06500000e-09  3.77738323e-04  6.06500000e-09  9.03722553e-05 
 6.07500000e-09  3.02972593e+00  6.07500000e-09  4.30810560e-04  6.07500000e-09  8.56542858e-05  6.07500000e-09  1.06774973e-04  6.07500000e-09  7.21558219e-05  6.07500000e-09  3.79906564e-04  6.07500000e-09  9.45381498e-05 
 6.08500000e-09  3.01690074e+00  6.08500000e-09  4.30935651e-04  6.08500000e-09  9.15548396e-05  6.08500000e-09  1.07057396e-04  6.08500000e-09  7.26844633e-05  6.08500000e-09  3.81779161e-04  6.08500000e-09  9.84697372e-05 
 6.09500000e-09  3.00400765e+00  6.09500000e-09  4.31015019e-04  6.09500000e-09  9.78263440e-05  6.09500000e-09  1.07304627e-04  6.09500000e-09  7.30949644e-05  6.09500000e-09  3.83413926e-04  6.09500000e-09  1.02162884e-04 
 6.10500000e-09  2.99099450e+00  6.10500000e-09  4.31056913e-04  6.10500000e-09  1.04510187e-04  6.10500000e-09  1.07523161e-04  6.10500000e-09  7.33871523e-05  6.10500000e-09  3.84854666e-04  6.10500000e-09  1.05613128e-04 
 6.11500000e-09  2.97780061e+00  6.11500000e-09  4.31064931e-04  6.11500000e-09  1.11652640e-04  6.11500000e-09  1.07715985e-04  6.11500000e-09  7.35590443e-05  6.11500000e-09  3.86134754e-04  6.11500000e-09  1.08816379e-04 
 6.12500000e-09  2.96435628e+00  6.12500000e-09  4.31040302e-04  6.12500000e-09  1.19305123e-04  6.12500000e-09  1.07884306e-04  6.12500000e-09  7.36066010e-05  6.12500000e-09  3.87279717e-04  6.12500000e-09  1.11768427e-04 
 6.13500000e-09  2.95058222e+00  6.13500000e-09  4.30984098e-04  6.13500000e-09  1.27524871e-04  6.13500000e-09  1.08029292e-04  6.13500000e-09  7.35230519e-05  6.13500000e-09  3.88309405e-04  6.13500000e-09  1.14464023e-04 
 6.14500000e-09  2.93639175e+00  6.14500000e-09  4.30903577e-04  6.14500000e-09  1.36377629e-04  6.14500000e-09  1.08157202e-04  6.14500000e-09  7.32962907e-05  6.14500000e-09  3.89240276e-04  6.14500000e-09  1.16892760e-04 
 6.15500000e-09  2.92168924e+00  6.15500000e-09  4.30817000e-04  6.15500000e-09  1.45944549e-04  6.15500000e-09  1.08283442e-04  6.15500000e-09  7.29053737e-05  6.15500000e-09  3.90087556e-04  6.15500000e-09  1.19033348e-04 
 6.16500000e-09  2.90634654e+00  6.16500000e-09  4.30737043e-04  6.16500000e-09  1.56329004e-04  6.16500000e-09  1.08419467e-04  6.16500000e-09  7.23238862e-05  6.16500000e-09  3.90864739e-04  6.16500000e-09  1.20858208e-04 
 6.17500000e-09  2.89017928e+00  6.17500000e-09  4.30655193e-04  6.17500000e-09  1.67652051e-04  6.17500000e-09  1.08560104e-04  6.17500000e-09  7.15243396e-05  6.17500000e-09  3.91581451e-04  6.17500000e-09  1.22343749e-04 
 6.18500000e-09  2.87293776e+00  6.18500000e-09  4.30540378e-04  6.18500000e-09  1.80033120e-04  6.18500000e-09  1.08682050e-04  6.18500000e-09  7.04801968e-05  6.18500000e-09  3.92241881e-04  6.18500000e-09  1.23477985e-04 
 6.19500000e-09  2.85434619e+00  6.19500000e-09  4.30389702e-04  6.19500000e-09  1.93561725e-04  6.19500000e-09  1.08784736e-04  6.19500000e-09  6.91438703e-05  6.19500000e-09  3.92849161e-04  6.19500000e-09  1.24235887e-04 
 6.20500000e-09  2.83412385e+00  6.20500000e-09  4.30274741e-04  6.20500000e-09  2.08251542e-04  6.20500000e-09  1.08928914e-04  6.20500000e-09  6.74109006e-05  6.20500000e-09  3.93413916e-04  6.20500000e-09  1.24534887e-04 
 6.21500000e-09  2.81182243e+00  6.21500000e-09  4.30137557e-04  6.21500000e-09  2.23788507e-04  6.21500000e-09  1.09071575e-04  6.21500000e-09  6.52188394e-05  6.21500000e-09  3.93938703e-04  6.21500000e-09  1.24316877e-04 
 6.22500000e-09  2.78700362e+00  6.22500000e-09  4.29858060e-04  6.22500000e-09  2.38844412e-04  6.22500000e-09  1.09117425e-04  6.22500000e-09  6.25815854e-05  6.22500000e-09  3.94414081e-04  6.22500000e-09  1.23558436e-04 
 6.23500000e-09  2.75950968e+00  6.23500000e-09  4.29410616e-04  6.23500000e-09  2.50502523e-04  6.23500000e-09  1.09045463e-04  6.23500000e-09  5.95972551e-05  6.23500000e-09  3.94832343e-04  6.23500000e-09  1.22224422e-04 
 6.24500000e-09  2.72964953e+00  6.24500000e-09  4.29179125e-04  6.24500000e-09  2.55850265e-04  6.24500000e-09  1.09170543e-04  6.24500000e-09  5.62302278e-05  6.24500000e-09  3.95227162e-04  6.24500000e-09  1.20088886e-04 
 6.25500000e-09  2.69725848e+00  6.25500000e-09  4.28650502e-04  6.25500000e-09  2.56003570e-04  6.25500000e-09  1.09074588e-04  6.25500000e-09  5.30385711e-05  6.25500000e-09  3.95577929e-04  6.25500000e-09  1.17366370e-04 
 6.26500000e-09  2.66276997e+00  6.26500000e-09  4.27647796e-04  6.26500000e-09  2.54140027e-04  6.26500000e-09  1.08605370e-04  6.26500000e-09  5.04077900e-05  6.26500000e-09  3.95850821e-04  6.26500000e-09  1.14380489e-04 
 6.27500000e-09  2.62702752e+00  6.27500000e-09  4.26536168e-04  6.27500000e-09  2.51773510e-04  6.27500000e-09  1.08055297e-04  6.27500000e-09  4.82351357e-05  6.27500000e-09  3.96057137e-04  6.27500000e-09  1.11252822e-04 
 6.28500000e-09  2.59056474e+00  6.28500000e-09  4.25610061e-04  6.28500000e-09  2.49140555e-04  6.28500000e-09  1.07662920e-04  6.28500000e-09  4.62858363e-05  6.28500000e-09  3.96232828e-04  6.28500000e-09  1.07979080e-04 
 6.29500000e-09  2.55353144e+00  6.29500000e-09  4.24969630e-04  6.29500000e-09  2.46095818e-04  6.29500000e-09  1.07512656e-04  6.29500000e-09  4.43669188e-05  6.29500000e-09  3.96414600e-04  6.29500000e-09  1.04511133e-04 
 6.30500000e-09  2.51583545e+00  6.30500000e-09  4.24585491e-04  6.30500000e-09  2.42469136e-04  6.30500000e-09  1.07587501e-04  6.30500000e-09  4.23634056e-05  6.30500000e-09  3.96630620e-04  6.30500000e-09  1.00801477e-04 
 6.31500000e-09  2.47727229e+00  6.31500000e-09  4.24362007e-04  6.31500000e-09  2.38177927e-04  6.31500000e-09  1.07818281e-04  6.31500000e-09  4.02369330e-05  6.31500000e-09  3.96897524e-04  6.31500000e-09  9.68296845e-05 
 6.32500000e-09  2.43762410e+00  6.32500000e-09  4.24193032e-04  6.32500000e-09  2.33228874e-04  6.32500000e-09  1.08126405e-04  6.32500000e-09  3.80021008e-05  6.32500000e-09  3.97221446e-04  6.32500000e-09  9.26082844e-05 
 6.33500000e-09  2.39671642e+00  6.33500000e-09  4.24001164e-04  6.33500000e-09  2.27671067e-04  6.33500000e-09  1.08454974e-04  6.33500000e-09  3.56946984e-05  6.33500000e-09  3.97600628e-04  6.33500000e-09  8.81717332e-05 
 6.34500000e-09  2.35442550e+00  6.34500000e-09  4.23740740e-04  6.34500000e-09  2.21563260e-04  6.34500000e-09  1.08772083e-04  6.34500000e-09  3.33532121e-05  6.34500000e-09  3.98031402e-04  6.34500000e-09  8.35655336e-05 
 6.35500000e-09  2.31067530e+00  6.35500000e-09  4.23390957e-04  6.35500000e-09  2.14955116e-04  6.35500000e-09  1.09066446e-04  6.35500000e-09  3.10101518e-05  6.35500000e-09  3.98506671e-04  6.35500000e-09  7.88380836e-05 
 6.36500000e-09  2.26542408e+00  6.36500000e-09  4.22944112e-04  6.36500000e-09  2.07878522e-04  6.36500000e-09  1.09339053e-04  6.36500000e-09  2.86893708e-05  6.36500000e-09  3.99012789e-04  6.36500000e-09  7.40353037e-05 
 6.37500000e-09  2.21863301e+00  6.37500000e-09  4.22389554e-04  6.37500000e-09  2.00350327e-04  6.37500000e-09  1.09591322e-04  6.37500000e-09  2.64079205e-05  6.37500000e-09  3.99549558e-04  6.37500000e-09  6.91974539e-05 
 6.38500000e-09  2.17028183e+00  6.38500000e-09  4.21720870e-04  6.38500000e-09  1.92372509e-04  6.38500000e-09  1.09832094e-04  6.38500000e-09  2.41772765e-05  6.38500000e-09  4.00111304e-04  6.38500000e-09  6.43569372e-05 
 6.39500000e-09  2.12025569e+00  6.39500000e-09  4.20914518e-04  6.39500000e-09  1.83941058e-04  6.39500000e-09  1.10063022e-04  6.39500000e-09  2.20064172e-05  6.39500000e-09  4.00683843e-04  6.39500000e-09  5.95500326e-05 
 6.40500000e-09  2.06846995e+00  6.40500000e-09  4.19931343e-04  6.40500000e-09  1.75050720e-04  6.40500000e-09  1.10281844e-04  6.40500000e-09  1.99034121e-05  6.40500000e-09  4.01255356e-04  6.40500000e-09  5.48051384e-05 
 6.41500000e-09  2.01500747e+00  6.41500000e-09  4.18714209e-04  6.41500000e-09  1.65695196e-04  6.41500000e-09  1.10483519e-04  6.41500000e-09  1.78754550e-05  6.41500000e-09  4.01848370e-04  6.41500000e-09  5.01427385e-05 
 6.42500000e-09  1.95989475e+00  6.42500000e-09  4.17190392e-04  6.42500000e-09  1.55878230e-04  6.42500000e-09  1.10674937e-04  6.42500000e-09  1.59304863e-05  6.42500000e-09  4.02447819e-04  6.42500000e-09  4.55817051e-05 
 6.43500000e-09  1.90311940e+00  6.43500000e-09  4.15213539e-04  6.43500000e-09  1.45614034e-04  6.43500000e-09  1.10846463e-04  6.43500000e-09  1.40765116e-05  6.43500000e-09  4.03044102e-04  6.43500000e-09  4.11402602e-05 
 6.44500000e-09  1.84466512e+00  6.44500000e-09  4.12520876e-04  6.44500000e-09  1.34933159e-04  6.44500000e-09  1.10979104e-04  6.44500000e-09  1.23218550e-05  6.44500000e-09  4.03630211e-04  6.44500000e-09  3.68344145e-05 
 6.45500000e-09  1.78451364e+00  6.45500000e-09  4.08601515e-04  6.45500000e-09  1.23890857e-04  6.45500000e-09  1.11038784e-04  6.45500000e-09  1.06754194e-05  6.45500000e-09  4.04197284e-04  6.45500000e-09  3.26778290e-05 
 6.46500000e-09  1.72265278e+00  6.46500000e-09  4.02333785e-04  6.46500000e-09  1.12550813e-04  6.46500000e-09  1.10953201e-04  6.46500000e-09  9.14684033e-06  6.46500000e-09  4.04733714e-04  6.46500000e-09  2.86826269e-05 
 6.47500000e-09  1.65915293e+00  6.47500000e-09  3.90945060e-04  6.47500000e-09  1.01076666e-04  6.47500000e-09  1.10545271e-04  6.47500000e-09  7.74650858e-06  6.47500000e-09  4.05222883e-04  6.47500000e-09  2.48614252e-05 
 6.48500000e-09  1.59441881e+00  6.48500000e-09  3.67666830e-04  6.48500000e-09  8.96808290e-05  6.48500000e-09  1.09337600e-04  6.48500000e-09  6.48620346e-06  6.48500000e-09  4.05638115e-04  6.48500000e-09  2.12326835e-05 
 6.49500000e-09  1.52980637e+00  6.49500000e-09  3.24277055e-04  6.49500000e-09  7.86743151e-05  6.49500000e-09  1.06313743e-04  6.49500000e-09  5.38088626e-06  6.49500000e-09  4.05934364e-04  6.49500000e-09  1.78336437e-05 
 6.50500000e-09  1.46773900e+00  6.50500000e-09  2.69167340e-04  6.50500000e-09  6.84036772e-05  6.50500000e-09  1.00932603e-04  6.50500000e-09  4.44013956e-06  6.50500000e-09  4.06048587e-04  6.50500000e-09  1.47188424e-05 
 6.51500000e-09  1.40985978e+00  6.51500000e-09  2.18406287e-04  6.51500000e-09  5.89729024e-05  6.51500000e-09  9.46221840e-05  6.51500000e-09  3.64743361e-06  6.51500000e-09  4.05918598e-04  6.51500000e-09  1.19118101e-05 
 6.52500000e-09  1.35596388e+00  6.52500000e-09  1.77851936e-04  6.52500000e-09  5.02760851e-05  6.52500000e-09  8.91078890e-05  6.52500000e-09  2.97259383e-06  6.52500000e-09  4.05519803e-04  6.52500000e-09  9.39328353e-06 
 6.53500000e-09  1.30499047e+00  6.53500000e-09  1.47026050e-04  6.53500000e-09  4.22592894e-05  6.53500000e-09  8.49569558e-05  6.53500000e-09  2.39537803e-06  6.53500000e-09  4.04877872e-04  6.53500000e-09  7.13380020e-06 
 6.54500000e-09  1.25586690e+00  6.54500000e-09  1.23590813e-04  6.54500000e-09  3.49543677e-05  6.54500000e-09  8.19271975e-05  6.54500000e-09  1.90495581e-06  6.54500000e-09  4.04037432e-04  6.54500000e-09  5.10882478e-06 
 6.55500000e-09  1.20774286e+00  6.55500000e-09  1.05319048e-04  6.55500000e-09  2.84267369e-05  6.55500000e-09  7.95743115e-05  6.55500000e-09  1.49415729e-06  6.55500000e-09  4.03033198e-04  6.55500000e-09  3.29926652e-06 
 6.56500000e-09  1.15996602e+00  6.56500000e-09  9.06151857e-05  6.56500000e-09  2.27316782e-05  6.56500000e-09  7.75339621e-05  6.56500000e-09  1.15617624e-06  6.56500000e-09  4.01880264e-04  6.56500000e-09  1.68919012e-06 
 6.57500000e-09  1.11219176e+00  6.57500000e-09  7.85482615e-05  6.57500000e-09  1.78829575e-05  6.57500000e-09  7.56582652e-05  6.57500000e-09  8.83029489e-07  6.57500000e-09  4.00573416e-04  6.57500000e-09  2.64012440e-07 
 6.58500000e-09  1.06456178e+00  6.58500000e-09  6.86760468e-05  6.58500000e-09  1.39355148e-05  6.58500000e-09  7.40383852e-05  6.58500000e-09  6.70435974e-07  6.58500000e-09  3.99110965e-04  6.58500000e-09  1.19347338e-06 
 6.59500000e-09  1.01744914e+00  6.59500000e-09  6.06676430e-05  6.59500000e-09  1.06839054e-05  6.59500000e-09  7.27720398e-05  6.59500000e-09  5.01887953e-07  6.59500000e-09  3.97526764e-04  6.59500000e-09  2.46226324e-06 
 6.60500000e-09  9.71078279e-01  6.60500000e-09  5.40917791e-05  6.60500000e-09  8.04574196e-06  6.60500000e-09  7.17699772e-05  6.60500000e-09  3.69599222e-07  6.60500000e-09  3.95885211e-04  6.60500000e-09  3.49697888e-06 
 6.61500000e-09  9.25535191e-01  6.61500000e-09  4.86123468e-05  6.61500000e-09  5.95763858e-06  6.61500000e-09  7.09509235e-05  6.61500000e-09  2.67909556e-07  6.61500000e-09  3.94247454e-04  6.61500000e-09  4.31370013e-06 
 6.62500000e-09  8.80821762e-01  6.62500000e-09  4.39951331e-05  6.62500000e-09  4.34279851e-06  6.62500000e-09  7.02776238e-05  6.62500000e-09  1.91321089e-07  6.62500000e-09  3.92654653e-04  6.62500000e-09  4.92460913e-06 
 6.63500000e-09  8.36885061e-01  6.63500000e-09  4.00671552e-05  6.63500000e-09  3.11991290e-06  6.63500000e-09  6.97310259e-05  6.63500000e-09  1.34742168e-07  6.63500000e-09  3.91116403e-04  6.63500000e-09  5.34217420e-06 
 6.64500000e-09  7.93622715e-01  6.64500000e-09  3.66869963e-05  6.64500000e-09  2.21141112e-06  6.64500000e-09  6.92830535e-05  6.64500000e-09  9.37000700e-08  6.64500000e-09  3.89602907e-04  6.64500000e-09  5.58300457e-06 
 6.65500000e-09  7.50886132e-01  6.65500000e-09  3.37342119e-05  6.65500000e-09  1.54846762e-06  6.65500000e-09  6.88879193e-05  6.65500000e-09  6.44378889e-08  6.65500000e-09  3.88044811e-04  6.65500000e-09  5.66917888e-06 
 6.66500000e-09  7.08527162e-01  6.66500000e-09  3.11200279e-05  6.66500000e-09  1.07285721e-06  6.66500000e-09  6.85112279e-05  6.66500000e-09  4.39083083e-08  6.66500000e-09  3.86335903e-04  6.66500000e-09  5.63317402e-06 
 6.67500000e-09  6.66447506e-01  6.67500000e-09  2.87896182e-05  6.67500000e-09  7.36747258e-07  6.67500000e-09  6.81492262e-05  6.67500000e-09  2.97025399e-08  6.67500000e-09  3.84318456e-04  6.67500000e-09  5.49941705e-06 
 6.68500000e-09  6.24590013e-01  6.68500000e-09  2.66937535e-05  6.68500000e-09  5.02389570e-07  6.68500000e-09  6.77812778e-05  6.68500000e-09  1.99871298e-08  6.68500000e-09  3.81759363e-04  6.68500000e-09  5.28778869e-06 
 6.69500000e-09  5.82927582e-01  6.69500000e-09  2.47858982e-05  6.69500000e-09  3.40940214e-07  6.69500000e-09  6.73661781e-05  6.69500000e-09  1.34091016e-08  6.69500000e-09  3.78294414e-04  6.69500000e-09  5.02387152e-06 
 6.70500000e-09  5.41452662e-01  6.70500000e-09  2.30219918e-05  6.70500000e-09  2.30794907e-07  6.70500000e-09  6.68419559e-05  6.70500000e-09  8.98885993e-09  6.70500000e-09  3.73312362e-04  6.70500000e-09  4.73068386e-06 
 6.71500000e-09  5.00248890e-01  6.71500000e-09  2.13723110e-05  6.71500000e-09  1.56149678e-07  6.71500000e-09  6.61580337e-05  6.71500000e-09  6.03195325e-09  6.71500000e-09  3.65803354e-04  6.71500000e-09  4.42926073e-06 
 6.72500000e-09  4.59540682e-01  6.72500000e-09  1.98096134e-05  6.72500000e-09  1.05687580e-07  6.72500000e-09  6.52465565e-05  6.72500000e-09  4.05486966e-09  6.72500000e-09  3.54268958e-04  6.72500000e-09  4.14473402e-06 
 6.73500000e-09  4.19598398e-01  6.73500000e-09  1.82900243e-05  6.73500000e-09  7.16740088e-08  6.73500000e-09  6.39572699e-05  6.73500000e-09  2.73443661e-09  6.73500000e-09  3.37184764e-04  6.73500000e-09  3.88663470e-06 
 6.74500000e-09  3.80992394e-01  6.74500000e-09  1.68120975e-05  6.74500000e-09  4.86734686e-08  6.74500000e-09  6.22514009e-05  6.74500000e-09  1.84833788e-09  6.74500000e-09  3.14648661e-04  6.74500000e-09  3.66060046e-06 
 6.75500000e-09  3.44719784e-01  6.75500000e-09  1.54369453e-05  6.75500000e-09  3.30318565e-08  6.75500000e-09  6.03177831e-05  6.75500000e-09  1.24955631e-09  6.75500000e-09  2.89135504e-04  6.75500000e-09  3.47397342e-06 
 6.76500000e-09  3.12210642e-01  6.76500000e-09  1.42886828e-05  6.76500000e-09  2.23395375e-08  6.76500000e-09  5.86435149e-05  6.76500000e-09  8.42400104e-10  6.76500000e-09  2.63835757e-04  6.76500000e-09  3.35011308e-06 
 6.77500000e-09  2.84183679e-01  6.77500000e-09  1.33273752e-05  6.77500000e-09  1.50137633e-08  6.77500000e-09  5.71532995e-05  6.77500000e-09  5.64659041e-10  6.77500000e-09  2.40882316e-04  6.77500000e-09  3.24011718e-06 
 6.78500000e-09  2.60242818e-01  6.78500000e-09  1.24367806e-05  6.78500000e-09  1.00748186e-08  6.78500000e-09  5.54606171e-05  6.78500000e-09  3.78089472e-10  6.78500000e-09  2.20890700e-04  6.78500000e-09  3.16039632e-06 
 6.79500000e-09  2.39624073e-01  6.79500000e-09  1.15901165e-05  6.79500000e-09  6.78202826e-09  6.79500000e-09  5.35313104e-05  6.79500000e-09  2.54072798e-10  6.79500000e-09  2.03566111e-04  6.79500000e-09  3.11436086e-06 
 6.80500000e-09  2.21684459e-01  6.80500000e-09  1.08030006e-05  6.80500000e-09  4.59440602e-09  6.80500000e-09  5.15076488e-05  6.80500000e-09  1.71877611e-10  6.80500000e-09  1.88440269e-04  6.80500000e-09  3.09691812e-06 
 6.81500000e-09  2.05942810e-01  6.81500000e-09  1.00830985e-05  6.81500000e-09  3.13841368e-09  6.81500000e-09  4.94898577e-05  6.81500000e-09  1.17277033e-10  6.81500000e-09  1.75128611e-04  6.81500000e-09  3.09914793e-06 
 6.82500000e-09  1.92044794e-01  6.82500000e-09  9.43154272e-06  6.82500000e-09  2.16457658e-09  6.82500000e-09  4.75391301e-05  6.82500000e-09  8.08137900e-11  6.82500000e-09  1.63341085e-04  6.82500000e-09  3.11190950e-06 
 6.83500000e-09  1.79722649e-01  6.83500000e-09  8.84549673e-06  6.83500000e-09  1.50876882e-09  6.83500000e-09  4.56890227e-05  6.83500000e-09  5.62887590e-11  6.83500000e-09  1.52858764e-04  6.83500000e-09  3.12765480e-06 
 6.84500000e-09  1.68767300e-01  6.84500000e-09  8.32052676e-06  6.84500000e-09  1.06356202e-09  6.84500000e-09  4.39575050e-05  6.84500000e-09  3.96559920e-11  6.84500000e-09  1.43511164e-04  6.84500000e-09  3.14097474e-06 
 6.85500000e-09  1.59010198e-01  6.85500000e-09  7.85160171e-06  6.85500000e-09  7.58627190e-10  6.85500000e-09  4.23528665e-05  6.85500000e-09  2.82728270e-11  6.85500000e-09  1.35161301e-04  6.85500000e-09  3.14848582e-06 
 6.86500000e-09  1.50312218e-01  6.86500000e-09  7.43374050e-06  6.86500000e-09  5.47779254e-10  6.86500000e-09  4.08779669e-05  6.86500000e-09  2.04069948e-11  6.86500000e-09  1.27696032e-04  6.86500000e-09  3.14845659e-06 
 6.87500000e-09  1.42557263e-01  6.87500000e-09  7.06241852e-06  6.87500000e-09  4.00539565e-10  6.87500000e-09  3.95332606e-05  6.87500000e-09  1.49170014e-11  6.87500000e-09  1.21020350e-04  6.87500000e-09  3.14038167e-06 
 6.88500000e-09  1.35649246e-01  6.88500000e-09  6.73391246e-06  6.88500000e-09  2.96672525e-10  6.88500000e-09  3.83194868e-05  6.88500000e-09  1.10458711e-11  6.88500000e-09  1.15054435e-04  6.88500000e-09  3.12459835e-06 
 6.89500000e-09  1.29511545e-01  6.89500000e-09  6.44562276e-06  6.89500000e-09  2.22651631e-10  6.89500000e-09  3.72402308e-05  6.89500000e-09  8.28808559e-12  6.89500000e-09  1.09732787e-04  6.89500000e-09  3.10199329e-06 
 6.90500000e-09  1.24087392e-01  6.90500000e-09  6.19621600e-06  6.90500000e-09  1.69369278e-10  6.90500000e-09  3.63034571e-05  6.90500000e-09  6.30353517e-12  6.90500000e-09  1.05004587e-04  6.90500000e-09  3.07388334e-06 
 6.91500000e-09  1.19332120e-01  6.91500000e-09  5.98479137e-06  6.91500000e-09  1.30686617e-10  6.91500000e-09  3.55171032e-05  6.91500000e-09  4.86311489e-12  6.91500000e-09  1.00829320e-04  6.91500000e-09  3.04124107e-06 
 6.92500000e-09  1.15199398e-01  6.92500000e-09  5.80667843e-06  6.92500000e-09  1.02357263e-10  6.92500000e-09  3.48652985e-05  6.92500000e-09  3.80843546e-12  6.92500000e-09  9.71758319e-05  6.92500000e-09  3.00739640e-06 
 6.93500000e-09  1.11610701e-01  6.93500000e-09  5.65220033e-06  6.93500000e-09  8.13476688e-11  6.93500000e-09  3.43017591e-05  6.93500000e-09  3.02640269e-12  6.93500000e-09  9.39975287e-05  6.93500000e-09  2.97788652e-06 
 6.94500000e-09  1.08453763e-01  6.94500000e-09  5.50974220e-06  6.94500000e-09  6.55622927e-11  6.94500000e-09  3.37658820e-05  6.94500000e-09  2.43891504e-12  6.94500000e-09  9.12203853e-05  6.94500000e-09  2.95085167e-06 
 6.95500000e-09  1.05630169e-01  6.95500000e-09  5.37514053e-06  6.95500000e-09  5.35038203e-11  6.95500000e-09  3.32399716e-05  6.95500000e-09  1.99018480e-12  6.95500000e-09  8.87595170e-05  6.95500000e-09  2.91969435e-06 
 6.96500000e-09  1.03071748e-01  6.96500000e-09  5.24731653e-06  6.96500000e-09  4.41320646e-11  6.96500000e-09  3.27235199e-05  6.96500000e-09  1.64146765e-12  6.96500000e-09  8.65493219e-05  6.96500000e-09  2.87889568e-06 
 6.97500000e-09  1.00731977e-01  6.97500000e-09  5.12628518e-06  6.97500000e-09  3.67338674e-11  6.97500000e-09  3.22215986e-05  6.97500000e-09  1.36620706e-12  6.97500000e-09  8.45421231e-05  6.97500000e-09  2.82647050e-06 
 6.98500000e-09  9.85790742e-02  6.98500000e-09  5.01114977e-06  6.98500000e-09  3.08012887e-11  6.98500000e-09  3.17329893e-05  6.98500000e-09  1.14549232e-12  6.98500000e-09  8.27077413e-05  6.98500000e-09  2.76259523e-06 
 6.99500000e-09  9.65935940e-02  6.99500000e-09  4.90099810e-06  6.99500000e-09  2.59558577e-11  6.99500000e-09  3.12561174e-05  6.99500000e-09  9.65234937e-13  6.99500000e-09  8.10279927e-05  6.99500000e-09  2.68647548e-06 
 7.00500000e-09  9.47664350e-02  7.00500000e-09  4.79504909e-06  7.00500000e-09  2.19123397e-11  7.00500000e-09  3.07901463e-05  7.00500000e-09  8.14818255e-13  7.00500000e-09  7.94941509e-05  7.00500000e-09  2.59443428e-06 
 7.01500000e-09  9.30951421e-02  7.01500000e-09  4.69330263e-06  7.01500000e-09  1.84685414e-11  7.01500000e-09  3.03388746e-05  7.01500000e-09  6.86717168e-13  7.01500000e-09  7.81013248e-05  7.01500000e-09  2.48082583e-06 
 7.02500000e-09  9.15784767e-02  7.02500000e-09  4.59681850e-06  7.02500000e-09  1.54987247e-11  7.02500000e-09  2.99121198e-05  7.02500000e-09  5.76252424e-13  7.02500000e-09  7.68426313e-05  7.02500000e-09  2.34086132e-06 
 7.03500000e-09  9.02115398e-02  7.03500000e-09  4.50712432e-06  7.03500000e-09  1.29340916e-11  7.03500000e-09  2.95217745e-05  7.03500000e-09  4.80863872e-13  7.03500000e-09  7.57068111e-05  7.03500000e-09  2.17298983e-06 
 7.04500000e-09  8.89800675e-02  7.04500000e-09  4.42500929e-06  7.04500000e-09  1.07378279e-11  7.04500000e-09  2.91740472e-05  7.04500000e-09  3.99181291e-13  7.04500000e-09  7.46768859e-05  7.04500000e-09  1.97873879e-06 
 7.05500000e-09  8.78628766e-02  7.05500000e-09  4.34953243e-06  7.05500000e-09  8.87912085e-12  7.05500000e-09  2.88634281e-05  7.05500000e-09  3.30057744e-13  7.05500000e-09  7.37354570e-05  7.05500000e-09  1.76319950e-06 
 7.06500000e-09  8.68403270e-02  7.06500000e-09  4.27959810e-06  7.06500000e-09  7.32244586e-12  7.06500000e-09  2.85832698e-05  7.06500000e-09  2.72171044e-13  7.06500000e-09  7.28671582e-05  7.06500000e-09  1.53451524e-06 
 7.07500000e-09  8.58826766e-02  7.07500000e-09  4.21492271e-06  7.07500000e-09  6.03654687e-12  7.07500000e-09  2.83314929e-05  7.07500000e-09  2.24357359e-13  7.07500000e-09  7.20446055e-05  7.07500000e-09  1.29831063e-06 
 7.08500000e-09  8.49625744e-02  7.08500000e-09  4.15427183e-06  7.08500000e-09  4.98607618e-12  7.08500000e-09  2.80995847e-05  7.08500000e-09  1.85300897e-13  7.08500000e-09  7.12463354e-05  7.08500000e-09  1.06102979e-06 
 7.09500000e-09  8.40669856e-02  7.09500000e-09  4.09593008e-06  7.09500000e-09  4.13191609e-12  7.09500000e-09  2.78761147e-05  7.09500000e-09  1.53546113e-13  7.09500000e-09  7.04659681e-05  7.09500000e-09  8.32593426e-07 
 7.10500000e-09  8.31920477e-02  7.10500000e-09  4.03803162e-06  7.10500000e-09  3.43905218e-12  7.10500000e-09  2.76483951e-05  7.10500000e-09  1.27790285e-13  7.10500000e-09  6.97054624e-05  7.10500000e-09  6.25010110e-07 
 7.11500000e-09  8.23114426e-02  7.11500000e-09  3.98190297e-06  7.11500000e-09  2.87644846e-12  7.11500000e-09  2.74265070e-05  7.11500000e-09  1.06878813e-13  7.11500000e-09  6.89356565e-05  7.11500000e-09  4.50670054e-07 
 7.12500000e-09  8.13740418e-02  7.12500000e-09  3.91980997e-06  7.12500000e-09  2.42199388e-12  7.12500000e-09  2.71579245e-05  7.12500000e-09  8.99891442e-14  7.12500000e-09  6.81346685e-05  7.12500000e-09  3.28263353e-07 
 7.13500000e-09  8.02153783e-02  7.13500000e-09  3.83169914e-06  7.13500000e-09  2.05491688e-12  7.13500000e-09  2.67061911e-05  7.13500000e-09  7.63484208e-14  7.13500000e-09  6.72132629e-05  7.13500000e-09  2.63903433e-07 
 7.14500000e-09  7.86776885e-02  7.14500000e-09  3.71266910e-06  7.14500000e-09  1.75966640e-12  7.14500000e-09  2.60366747e-05  7.14500000e-09  6.53780680e-14  7.14500000e-09  6.60339500e-05  7.14500000e-09  2.63448771e-07 
 7.15500000e-09  7.67851844e-02  7.15500000e-09  3.58660008e-06  7.15500000e-09  1.52444045e-12  7.15500000e-09  2.53105967e-05  7.15500000e-09  5.66388445e-14  7.15500000e-09  6.45353119e-05  7.15500000e-09  3.17648457e-07 
 7.16500000e-09  7.46629936e-02  7.16500000e-09  3.46793519e-06  7.16500000e-09  1.33813486e-12  7.16500000e-09  2.46239816e-05  7.16500000e-09  4.97175098e-14  7.16500000e-09  6.27907143e-05  7.16500000e-09  3.99355975e-07 
 7.17500000e-09  7.24217640e-02  7.17500000e-09  3.35559926e-06  7.17500000e-09  1.18994447e-12  7.17500000e-09  2.39667186e-05  7.17500000e-09  4.42122149e-14  7.17500000e-09  6.09149237e-05  7.17500000e-09  4.81810808e-07 
 7.18500000e-09  7.01598478e-02  7.18500000e-09  3.24717319e-06  7.18500000e-09  1.06830795e-12  7.18500000e-09  2.33225094e-05  7.18500000e-09  3.96933525e-14  7.18500000e-09  5.90134030e-05  7.18500000e-09  5.57762887e-07 
 7.19500000e-09  6.79444173e-02  7.19500000e-09  3.14064865e-06  7.19500000e-09  9.63121560e-13  7.19500000e-09  2.26797411e-05  7.19500000e-09  3.57855168e-14  7.19500000e-09  5.71584504e-05  7.19500000e-09  6.23428507e-07 
 7.20500000e-09  6.57609752e-02  7.20500000e-09  3.03510950e-06  7.20500000e-09  8.73175739e-13  7.20500000e-09  2.20313683e-05  7.20500000e-09  3.24437395e-14  7.20500000e-09  5.53382761e-05  7.20500000e-09  6.69741402e-07 
 7.21500000e-09  6.36222570e-02  7.21500000e-09  2.92921227e-06  7.21500000e-09  7.94315847e-13  7.21500000e-09  2.13697241e-05  7.21500000e-09  2.95138002e-14  7.21500000e-09  5.35691512e-05  7.21500000e-09  7.10880098e-07 
 7.22500000e-09  6.15390057e-02  7.22500000e-09  2.82281026e-06  7.22500000e-09  7.22447194e-13  7.22500000e-09  2.06962131e-05  7.22500000e-09  2.68436246e-14  7.22500000e-09  5.18609696e-05  7.22500000e-09  7.55960312e-07 
 7.23500000e-09  5.95301858e-02  7.23500000e-09  2.71605960e-06  7.23500000e-09  6.53376881e-13  7.23500000e-09  2.00151912e-05  7.23500000e-09  2.42774773e-14  7.23500000e-09  5.02308448e-05  7.23500000e-09  8.16574926e-07 
 7.24500000e-09  5.76197883e-02  7.24500000e-09  2.60996407e-06  7.24500000e-09  5.83684326e-13  7.24500000e-09  1.93374140e-05  7.24500000e-09  2.16882850e-14  7.24500000e-09  4.86980427e-05  7.24500000e-09  9.03575716e-07 
 7.25500000e-09  5.58270669e-02  7.25500000e-09  2.50698077e-06  7.25500000e-09  5.12390188e-13  7.25500000e-09  1.86831528e-05  7.25500000e-09  1.90396224e-14  7.25500000e-09  4.72721051e-05  7.25500000e-09  1.02039918e-06 
 7.26500000e-09  5.41458312e-02  7.26500000e-09  2.40855153e-06  7.26500000e-09  4.42155855e-13  7.26500000e-09  1.80622599e-05  7.26500000e-09  1.64302835e-14  7.26500000e-09  4.59413123e-05  7.26500000e-09  1.15550275e-06 
 7.27500000e-09  5.25354700e-02  7.27500000e-09  2.31275377e-06  7.27500000e-09  3.77528552e-13  7.27500000e-09  1.74567035e-05  7.27500000e-09  1.40291457e-14  7.27500000e-09  4.46721186e-05  7.27500000e-09  1.28654795e-06 
 7.28500000e-09  5.09262408e-02  7.28500000e-09  2.21744211e-06  7.28500000e-09  3.22621993e-13  7.28500000e-09  1.68448813e-05  7.28500000e-09  1.19890345e-14  7.28500000e-09  4.34022365e-05  7.28500000e-09  1.38793514e-06 
 7.29500000e-09  4.92270220e-02  7.29500000e-09  2.12110075e-06  7.29500000e-09  2.80118633e-13  7.29500000e-09  1.62089937e-05  7.29500000e-09  1.04096368e-14  7.29500000e-09  4.20454313e-05  7.29500000e-09  1.43391668e-06 
 7.30500000e-09  4.73440723e-02  7.30500000e-09  2.02254753e-06  7.30500000e-09  2.51174744e-13  7.30500000e-09  1.55341193e-05  7.30500000e-09  9.33394293e-15  7.30500000e-09  4.05116436e-05  7.30500000e-09  1.40167190e-06 
 7.31500000e-09  4.52091544e-02  7.31500000e-09  1.92118360e-06  7.31500000e-09  2.35832966e-13  7.31500000e-09  1.48118305e-05  7.31500000e-09  8.76355197e-15  7.31500000e-09  3.87342702e-05  7.31500000e-09  1.27731761e-06 
 7.32500000e-09  4.27962462e-02  7.32500000e-09  1.81689962e-06  7.32500000e-09  2.33896102e-13  7.32500000e-09  1.40404807e-05  7.32500000e-09  8.69112449e-15  7.32500000e-09  3.66873426e-05  7.32500000e-09  1.06001847e-06 
 7.33500000e-09  4.01371677e-02  7.33500000e-09  1.71003323e-06  7.33500000e-09  2.45364127e-13  7.33500000e-09  1.32253822e-05  7.33500000e-09  9.11662581e-15  7.33500000e-09  3.44013373e-05  7.33500000e-09  7.67712759e-07 
 7.34500000e-09  3.72621377e-02  7.34500000e-09  1.60153287e-06  7.34500000e-09  2.72410439e-13  7.34500000e-09  1.23771851e-05  7.34500000e-09  1.01207107e-14  7.34500000e-09  3.19027363e-05  7.34500000e-09  4.13135432e-07 
 7.35500000e-09  3.42130757e-02  7.35500000e-09  1.49204208e-06  7.35500000e-09  3.19727747e-13  7.35500000e-09  1.15049664e-05  7.35500000e-09  1.18775709e-14  7.35500000e-09  2.92310426e-05  7.35500000e-09  1.18791814e-08 
 7.36500000e-09  3.10489638e-02  7.36500000e-09  1.38263593e-06  7.36500000e-09  3.96985693e-13  7.36500000e-09  1.06218471e-05  7.36500000e-09  1.47464855e-14  7.36500000e-09  2.64412330e-05  7.36500000e-09  3.36107515e-07 
 7.37500000e-09  2.78295709e-02  7.37500000e-09  1.27451156e-06  7.37500000e-09  5.16249973e-13  7.37500000e-09  9.74191798e-06  7.37500000e-09  1.91751684e-14  7.37500000e-09  2.35886768e-05  7.37500000e-09  7.01498201e-07 
 7.38500000e-09  2.46199076e-02  7.38500000e-09  1.16927474e-06  7.38500000e-09  6.98115589e-13  7.38500000e-09  8.88214874e-06  7.38500000e-09  2.59282271e-14  7.38500000e-09  2.07325461e-05  7.38500000e-09  1.06895276e-06 
 7.39500000e-09  2.14945197e-02  7.39500000e-09  1.06700612e-06  7.39500000e-09  9.73691824e-13  7.39500000e-09  8.04718168e-06  7.39500000e-09  3.61606503e-14  7.39500000e-09  1.79478019e-05  7.39500000e-09  1.42104423e-06 
 7.40500000e-09  1.86027603e-02  7.40500000e-09  9.69491696e-07  7.40500000e-09  1.37525558e-12  7.40500000e-09  7.25535257e-06  7.40500000e-09  5.10708677e-14  7.40500000e-09  1.53792694e-05  7.40500000e-09  1.72890066e-06 
 7.41500000e-09  1.59137191e-02  7.41500000e-09  8.80173308e-07  7.41500000e-09  1.97600796e-12  7.41500000e-09  6.53178424e-06  7.41500000e-09  7.33769026e-14  7.41500000e-09  1.29814445e-05  7.41500000e-09  1.99831801e-06 
 7.42500000e-09  1.34692257e-02  7.42500000e-09  7.99696867e-07  7.42500000e-09  2.87650524e-12  7.42500000e-09  5.88143854e-06  7.42500000e-09  1.06812736e-13  7.42500000e-09  1.07952933e-05  7.42500000e-09  2.22769946e-06 
 7.43500000e-09  1.12860629e-02  7.43500000e-09  7.33859804e-07  7.43500000e-09  4.24625443e-12  7.43500000e-09  5.34546711e-06  7.43500000e-09  1.57673010e-13  7.43500000e-09  8.81620057e-06  7.43500000e-09  2.42361876e-06 
 7.44500000e-09  9.36821310e-03  7.44500000e-09  6.83149532e-07  7.44500000e-09  6.37041497e-12  7.44500000e-09  4.92484269e-06  7.44500000e-09  2.36548401e-13  7.44500000e-09  7.04819389e-06  7.44500000e-09  2.58388843e-06 
 7.45500000e-09  7.71542546e-03  7.45500000e-09  6.38589521e-07  7.45500000e-09  9.65210325e-12  7.45500000e-09  4.55381014e-06  7.45500000e-09  3.58413134e-13  7.45500000e-09  5.52774252e-06  7.45500000e-09  2.70445019e-06 
 7.46500000e-09  6.29865146e-03  7.46500000e-09  5.94863222e-07  7.46500000e-09  1.46519344e-11  7.46500000e-09  4.19500557e-06  7.46500000e-09  5.44096293e-13  7.46500000e-09  4.24585451e-06  7.46500000e-09  2.78813766e-06 
 7.47500000e-09  5.07918597e-03  7.47500000e-09  5.52230639e-07  7.47500000e-09  2.22051748e-11  7.47500000e-09  3.85080400e-06  7.47500000e-09  8.24640872e-13  7.47500000e-09  3.16134268e-06  7.47500000e-09  2.82709254e-06 
 7.48500000e-09  4.01820834e-03  7.48500000e-09  5.10358243e-07  7.48500000e-09  3.35236877e-11  7.48500000e-09  3.51897825e-06  7.48500000e-09  1.24509949e-12  7.48500000e-09  2.23527708e-06  7.48500000e-09  2.82594143e-06 
 7.49500000e-09  3.07911533e-03  7.49500000e-09  4.69803878e-07  7.49500000e-09  5.03927698e-11  7.49500000e-09  3.20316349e-06  7.49500000e-09  1.87186429e-12  7.49500000e-09  1.42765881e-06  7.49500000e-09  2.79478088e-06 
 7.50500000e-09  2.22787126e-03  7.50500000e-09  4.29905891e-07  7.50500000e-09  7.54447241e-11  7.50500000e-09  2.89848816e-06  7.50500000e-09  2.80286374e-12  7.50500000e-09  7.05814991e-07  7.50500000e-09  2.74384791e-06 
 7.51500000e-09  1.43449281e-03  7.51500000e-09  3.90472399e-07  7.51500000e-09  1.12614751e-10  7.51500000e-09  2.60334317e-06  7.51500000e-09  4.18456211e-12  7.51500000e-09  3.94282498e-08  7.51500000e-09  2.68241434e-06 
 7.52500000e-09  6.55192328e-04  7.52500000e-09  3.58955692e-07  7.52500000e-09  1.67896043e-10  7.52500000e-09  2.36658707e-06  7.52500000e-09  6.24013437e-12  7.52500000e-09  6.44147452e-07  7.52500000e-09  2.61849031e-06 
 7.53500000e-09 -1.29870700e-04  7.53500000e-09  3.15106347e-07  7.53500000e-09  2.50507765e-10  7.53500000e-09  2.05425896e-06  7.53500000e-09  9.31309933e-12  7.53500000e-09  1.28988406e-06  7.53500000e-09  2.55808676e-06 
 7.54500000e-09 -9.38024553e-04  7.54500000e-09  2.71604313e-07  7.54500000e-09  3.75068297e-10  7.54500000e-09  1.75063046e-06  7.54500000e-09  1.39485542e-11  7.54500000e-09  1.96302654e-06  7.54500000e-09  2.50649416e-06 
 7.55500000e-09 -1.77812414e-03  7.55500000e-09  2.27901789e-07  7.55500000e-09  5.65248228e-10  7.55500000e-09  1.45200398e-06  7.55500000e-09  2.10299327e-11  7.55500000e-09  2.67059442e-06  7.55500000e-09  2.46805676e-06 
 7.56500000e-09 -2.67644144e-03  7.56500000e-09  1.81368633e-07  7.56500000e-09  8.60688916e-10  7.56500000e-09  1.14183597e-06  7.56500000e-09  3.20383484e-11  7.56500000e-09  3.43038634e-06  7.56500000e-09  2.44716777e-06 
 7.57500000e-09 -3.65871424e-03  7.57500000e-09  1.31542867e-07  7.57500000e-09  1.33023638e-09  7.57500000e-09  8.17963176e-07  7.57500000e-09  4.95496100e-11  7.57500000e-09  4.26754045e-06  7.57500000e-09  2.44859517e-06 
 7.58500000e-09 -4.75656066e-03  7.58500000e-09  7.69226091e-08  7.58500000e-09  2.09884598e-09  7.58500000e-09  4.72147930e-07  7.58500000e-09  7.82469715e-11  7.58500000e-09  5.20963843e-06  7.58500000e-09  2.47823888e-06 
 7.59500000e-09 -6.00966904e-03  7.59500000e-09  1.57812800e-08  7.59500000e-09  3.40542429e-09  7.59500000e-09  9.55355263e-08  7.59500000e-09  1.27104974e-10  7.59500000e-09  6.29191963e-06  7.59500000e-09  2.54407565e-06 
 7.60500000e-09 -7.47655591e-03  7.60500000e-09  5.41507100e-08  7.60500000e-09  5.73459905e-09  7.60500000e-09  3.22907317e-07  7.60500000e-09  2.14384982e-10  7.60500000e-09  7.56727376e-06  7.60500000e-09  2.65730048e-06 
 7.61500000e-09 -9.21467456e-03  7.61500000e-09  1.37402161e-07  7.61500000e-09  1.01314607e-08  7.61500000e-09  8.05866199e-07  7.61500000e-09  3.79639716e-10  7.61500000e-09  9.08002938e-06  7.61500000e-09  2.83288171e-06 
 7.62500000e-09 -1.12773596e-02  7.62500000e-09  2.38120369e-07  7.62500000e-09  1.89663943e-08  7.62500000e-09  1.37112292e-06  7.62500000e-09  7.13165709e-10  7.62500000e-09  1.08720151e-05  7.62500000e-09  3.08839463e-06 
 7.63500000e-09 -1.36810047e-02  7.63500000e-09  3.61351435e-07  7.63500000e-09  3.77571118e-08  7.63500000e-09  2.03862633e-06  7.63500000e-09  1.42729360e-09  7.63500000e-09  1.29448977e-05  7.63500000e-09  3.44054388e-06 
 7.64500000e-09 -1.63774778e-02  7.64500000e-09  5.10385335e-07  7.64500000e-09  7.93600566e-08  7.64500000e-09  2.81551187e-06  7.64500000e-09  3.02470850e-09  7.64500000e-09  1.52412658e-05  7.64500000e-09  3.90364296e-06 
 7.65500000e-09 -1.92758497e-02  7.65500000e-09  6.85315292e-07  7.65500000e-09  1.73282077e-07  7.65500000e-09  3.68992666e-06  7.65500000e-09  6.68781969e-09  7.65500000e-09  1.76716352e-05  7.65500000e-09  4.49193006e-06 
 7.66500000e-09 -2.22840397e-02  7.66500000e-09  8.83960800e-07  7.66500000e-09  3.85272593e-07  7.66500000e-09  4.63843286e-06  7.66500000e-09  1.51491760e-08  7.66500000e-09  2.01534112e-05  7.66500000e-09  5.22037239e-06 
 7.67500000e-09 -2.53272327e-02  7.67500000e-09  1.10301140e-06  7.67500000e-09  8.55122610e-07  7.67500000e-09  5.63368241e-06  7.67500000e-09  3.45224288e-08  7.67500000e-09  2.26252009e-05  7.67500000e-09  6.10107562e-06 
 7.68500000e-09 -2.83429905e-02  7.68500000e-09  1.33781300e-06  7.68500000e-09  1.86264675e-06  7.68500000e-09  6.64423449e-06  7.68500000e-09  7.78665341e-08  7.68500000e-09  2.50417143e-05  7.68500000e-09  7.13803207e-06 
 7.69500000e-09 -3.12703716e-02  7.69500000e-09  1.58160728e-06  7.69500000e-09  3.93387036e-06  7.69500000e-09  7.63170059e-06  7.69500000e-09  1.71617635e-07  7.69500000e-09  2.73643218e-05  7.69500000e-09  8.32512460e-06 
 7.70500000e-09 -3.40388005e-02  7.70500000e-09  1.82473659e-06  7.70500000e-09  7.99207435e-06  7.70500000e-09  8.54819167e-06  7.70500000e-09  3.66353759e-07  7.70500000e-09  2.95514804e-05  7.70500000e-09  9.65090889e-06 
 7.71500000e-09 -3.65549019e-02  7.71500000e-09  2.05327132e-06  7.71500000e-09  1.54691592e-05  7.71500000e-09  9.33171491e-06  7.71500000e-09  7.52182329e-07  7.71500000e-09  3.15486153e-05  7.71500000e-09  1.11107121e-05 
 7.72500000e-09 -3.86863099e-02  7.72500000e-09  2.24679640e-06  7.72500000e-09  2.80631238e-05  7.72500000e-09  9.89898167e-06  7.72500000e-09  1.47166680e-06  7.72500000e-09  3.32768295e-05  7.72500000e-09  1.27233637e-05 
 7.73500000e-09 -4.02490111e-02  7.73500000e-09  2.37673424e-06  7.73500000e-09  4.68669435e-05  7.73500000e-09  1.01423889e-05  7.73500000e-09  2.71023275e-06  7.73500000e-09  3.46229524e-05  7.73500000e-09  1.45462456e-05 
 7.74500000e-09 -4.10126280e-02  7.74500000e-09  2.40785908e-06  7.74500000e-09  7.14064372e-05  7.74500000e-09  9.94182475e-06  7.74500000e-09  4.64798924e-06  7.74500000e-09  3.54384549e-05  7.74500000e-09  1.66796695e-05 
 7.75500000e-09 -4.07320167e-02  7.75500000e-09  2.30389740e-06  7.75500000e-09  9.96396982e-05  7.75500000e-09  9.19213553e-06  7.75500000e-09  7.39336054e-06  7.75500000e-09  3.55540475e-05  7.75500000e-09  1.92540782e-05 
 7.76500000e-09 -3.91939662e-02  7.76500000e-09  2.03419912e-06  7.76500000e-09  1.28981497e-04  7.76500000e-09  7.83075010e-06  7.76500000e-09  1.09454634e-05  7.76500000e-09  3.48074131e-05  7.76500000e-09  2.24037307e-05 
 7.77500000e-09 -3.62579815e-02  7.77500000e-09  1.57764126e-06  7.77500000e-09  1.57357693e-04  7.77500000e-09  5.84953025e-06  7.77500000e-09  1.52078250e-05  7.77500000e-09  3.30733391e-05  7.77500000e-09  2.62403061e-05 
 7.78500000e-09 -3.18695443e-02  7.78500000e-09  9.21795173e-07  7.78500000e-09  1.83505483e-04  7.78500000e-09  3.28567342e-06  7.78500000e-09  2.00326761e-05  7.78500000e-09  3.02794605e-05  7.78500000e-09  3.08356947e-05 
 7.79500000e-09 -2.60563868e-02  7.79500000e-09  6.05896629e-08  7.79500000e-09  2.07115256e-04  7.79500000e-09  2.07199351e-07  7.79500000e-09  2.52684450e-05  7.79500000e-09  2.64101879e-05  7.79500000e-09  3.62196284e-05 
 7.80500000e-09 -1.89762772e-02  7.80500000e-09  1.01452399e-06  7.80500000e-09  2.28189651e-04  7.80500000e-09  3.31797795e-06  7.80500000e-09  3.07674268e-05  7.80500000e-09  2.15787349e-05  7.80500000e-09  4.23981672e-05 
 7.81500000e-09 -1.06787783e-02  7.81500000e-09  2.28797666e-06  7.81500000e-09  2.46988326e-04  7.81500000e-09  7.14061364e-06  7.81500000e-09  3.64224749e-05  7.81500000e-09  1.57379137e-05  7.81500000e-09  4.93425312e-05 
 7.82500000e-09 -1.27871198e-03  7.82500000e-09  3.78125641e-06  7.82500000e-09  2.63822637e-04  7.82500000e-09  1.12378821e-05  7.82500000e-09  4.21563515e-05  7.82500000e-09  8.97968477e-06  7.82500000e-09  5.70142895e-05 
 7.83500000e-09  8.88487769e-03  7.83500000e-09  5.42813340e-06  7.83500000e-09  2.78995725e-04  7.83500000e-09  1.53336998e-05  7.83500000e-09  4.79188998e-05  7.83500000e-09  1.45397858e-06  7.83500000e-09  6.53754674e-05 
 7.84500000e-09  1.97760647e-02  7.84500000e-09  7.53967400e-06  7.84500000e-09  2.92739619e-04  7.84500000e-09  2.02093506e-05  7.84500000e-09  5.36660537e-05  7.84500000e-09  6.20398269e-06  7.84500000e-09  7.43829315e-05 
 7.85500000e-09  3.13509890e-02  7.85500000e-09  9.73886452e-06  7.85500000e-09  3.05209536e-04  7.85500000e-09  2.47196236e-05  7.85500000e-09  5.93474587e-05  7.85500000e-09  1.46350350e-05  7.85500000e-09  8.39864645e-05 
 7.86500000e-09  4.36898106e-02  7.86500000e-09  1.21949479e-05  7.86500000e-09  3.16532213e-04  7.86500000e-09  2.92519179e-05  7.86500000e-09  6.49193874e-05  7.86500000e-09  2.36161037e-05  7.86500000e-09  9.41424677e-05 
 7.87500000e-09  5.66463752e-02  7.87500000e-09  1.49105997e-05  7.87500000e-09  3.26800165e-04  7.87500000e-09  3.37345945e-05  7.87500000e-09  7.03368871e-05  7.87500000e-09  3.30184150e-05  7.87500000e-09  1.04813944e-04 
 7.88500000e-09  7.01791244e-02  7.88500000e-09  1.79233327e-05  7.88500000e-09  3.36046789e-04  7.88500000e-09  3.81797219e-05  7.88500000e-09  7.55351441e-05  7.88500000e-09  4.27607833e-05  7.88500000e-09  1.15946352e-04 
 7.89500000e-09  8.42454974e-02  7.89500000e-09  2.12402615e-05  7.89500000e-09  3.44242601e-04  7.89500000e-09  4.25364105e-05  7.89500000e-09  8.04184560e-05  7.89500000e-09  5.28112439e-05  7.89500000e-09  1.27465111e-04 
 7.90500000e-09  9.87964827e-02  7.90500000e-09  2.48584937e-05  7.90500000e-09  3.51323993e-04  7.90500000e-09  4.67538710e-05  7.90500000e-09  8.48700837e-05  7.90500000e-09  6.31387417e-05  7.90500000e-09  1.39265734e-04 
 7.91500000e-09  1.13732197e-01  7.91500000e-09  2.87586268e-05  7.91500000e-09  3.57278768e-04  7.91500000e-09  5.07715242e-05  7.91500000e-09  8.88046139e-05  7.91500000e-09  7.36777177e-05  7.91500000e-09  1.51234405e-04 
 7.92500000e-09  1.28884561e-01  7.92500000e-09  3.29170217e-05  7.92500000e-09  3.62216658e-04  7.92500000e-09  5.45342520e-05  7.92500000e-09  9.22225933e-05  7.92500000e-09  8.42973107e-05  7.92500000e-09  1.63286523e-04 
 7.93500000e-09  1.44068399e-01  7.93500000e-09  3.73234690e-05  7.93500000e-09  3.66325381e-04  7.93500000e-09  5.80118142e-05  7.93500000e-09  9.51933086e-05  7.93500000e-09  9.48332776e-05  7.93500000e-09  1.75381207e-04 
 7.94500000e-09  1.59139577e-01  7.94500000e-09  4.19870723e-05  7.94500000e-09  3.69785024e-04  7.94500000e-09  6.11999848e-05  7.94500000e-09  9.78000323e-05  7.94500000e-09  1.05141089e-04  7.94500000e-09  1.87509656e-04 
 7.95500000e-09  1.74008965e-01  7.95500000e-09  4.69313255e-05  7.95500000e-09  3.72729369e-04  7.95500000e-09  6.41077691e-05  7.95500000e-09  1.00108909e-04  7.95500000e-09  1.15117434e-04  7.95500000e-09  1.99676588e-04 
 7.96500000e-09  1.88633181e-01  7.96500000e-09  5.21882953e-05  7.96500000e-09  3.75242536e-04  7.96500000e-09  6.67472083e-05  7.96500000e-09  1.02160807e-04  7.96500000e-09  1.24697970e-04  7.96500000e-09  2.11882527e-04 
 7.97500000e-09  2.02997595e-01  7.97500000e-09  5.77951879e-05  7.97500000e-09  3.77372902e-04  7.97500000e-09  6.91285933e-05  7.97500000e-09  1.03976741e-04  7.97500000e-09  1.33843968e-04  7.97500000e-09  2.24107129e-04 
 7.98500000e-09  2.17102877e-01  7.98500000e-09  6.37931771e-05  7.98500000e-09  3.79148897e-04  7.98500000e-09  7.12593264e-05  7.98500000e-09  1.05566574e-04  7.98500000e-09  1.42529764e-04  7.98500000e-09  2.36291765e-04 
 7.99500000e-09  2.30957426e-01  7.99500000e-09  7.02278756e-05  7.99500000e-09  3.80591522e-04  7.99500000e-09  7.31446259e-05  7.99500000e-09  1.06936806e-04  7.99500000e-09  1.50734295e-04  7.99500000e-09  2.48320727e-04 
 8.00500000e-09  2.44574742e-01  8.00500000e-09  7.71507649e-05  8.00500000e-09  3.81722350e-04  8.00500000e-09  7.47886878e-05  8.00500000e-09  1.08095932e-04  8.00500000e-09  1.58436635e-04  8.00500000e-09  2.60004248e-04 
 8.01500000e-09  2.57973829e-01  8.01500000e-09  8.46210460e-05  8.01500000e-09  3.82567157e-04  8.01500000e-09  7.61954954e-05  8.01500000e-09  1.09057005e-04  8.01500000e-09  1.65614194e-04  8.01500000e-09  2.71073514e-04 
 8.02500000e-09  2.71181866e-01  8.02500000e-09  9.27081143e-05  8.02500000e-09  3.83156639e-04  8.02500000e-09  7.73693640e-05  8.02500000e-09  1.09838138e-04  8.02500000e-09  1.72242531e-04  8.02500000e-09  2.81204682e-04 
 8.03500000e-09  2.84236713e-01  8.03500000e-09  1.01493600e-04  8.03500000e-09  3.83524811e-04  8.03500000e-09  7.83143513e-05  8.03500000e-09  1.10461251e-04  8.03500000e-09  1.78295397e-04  8.03500000e-09  2.90087513e-04 
 8.04500000e-09  2.97189484e-01  8.04500000e-09  1.11073530e-04  8.04500000e-09  3.83707195e-04  8.04500000e-09  7.90332851e-05  8.04500000e-09  1.10950598e-04  8.04500000e-09  1.83744407e-04  8.04500000e-09  2.97522957e-04 
 8.05500000e-09  3.10107030e-01  8.05500000e-09  1.21560582e-04  8.05500000e-09  3.83739353e-04  8.05500000e-09  7.95264149e-05  8.05500000e-09  1.11331512e-04  8.05500000e-09  1.88557928e-04  8.05500000e-09  3.03493555e-04 
 8.06500000e-09  3.23074686e-01  8.06500000e-09  1.33086645e-04  8.06500000e-09  3.83655851e-04  8.06500000e-09  7.97897492e-05  8.06500000e-09  1.11629493e-04  8.06500000e-09  1.92698945e-04  8.06500000e-09  3.08154172e-04 
 8.07500000e-09  3.36199836e-01  8.07500000e-09  1.45805784e-04  8.07500000e-09  3.83489725e-04  8.07500000e-09  7.98129083e-05  8.07500000e-09  1.11869743e-04  8.07500000e-09  1.96121676e-04  8.07500000e-09  3.11755152e-04 
 8.08500000e-09  3.49617230e-01  8.08500000e-09  1.59897563e-04  8.08500000e-09  3.83272742e-04  8.08500000e-09  7.95761705e-05  8.08500000e-09  1.12077378e-04  8.08500000e-09  1.98766633e-04  8.08500000e-09  3.14557804e-04 
 8.09500000e-09  3.63498029e-01  8.09500000e-09  1.75569517e-04  8.09500000e-09  3.83036212e-04  8.09500000e-09  7.90463363e-05  8.09500000e-09  1.12278170e-04  8.09500000e-09  2.00554116e-04  8.09500000e-09  3.16784134e-04 
 8.10500000e-09  3.78066538e-01  8.10500000e-09  1.93052226e-04  8.10500000e-09  3.82809543e-04  8.10500000e-09  7.81716448e-05  8.10500000e-09  1.12497626e-04  8.10500000e-09  2.01378263e-04  8.10500000e-09  3.18602379e-04 
 8.11500000e-09  3.93630321e-01  8.11500000e-09  2.12562104e-04  8.11500000e-09  3.82609371e-04  8.11500000e-09  7.68782343e-05  8.11500000e-09  1.12752636e-04  8.11500000e-09  2.01109870e-04  8.11500000e-09  3.20131427e-04 
 8.12500000e-09  4.10612507e-01  8.12500000e-09  2.34167191e-04  8.12500000e-09  3.82415124e-04  8.12500000e-09  7.50782800e-05  8.12500000e-09  1.13031962e-04  8.12500000e-09  1.99608873e-04  8.12500000e-09  3.21450018e-04 
 8.13500000e-09  4.29540409e-01  8.13500000e-09  2.57423805e-04  8.13500000e-09  3.82174153e-04  8.13500000e-09  7.26787346e-05  8.13500000e-09  1.13299444e-04  8.13500000e-09  1.96725521e-04  8.13500000e-09  3.22607844e-04 
 8.14500000e-09  4.50947430e-01  8.14500000e-09  2.80560536e-04  8.14500000e-09  3.81839448e-04  8.14500000e-09  6.96138675e-05  8.14500000e-09  1.13522982e-04  8.14500000e-09  1.92265510e-04  8.14500000e-09  3.23637160e-04 
 8.15500000e-09  4.75221319e-01  8.15500000e-09  2.99622108e-04  8.15500000e-09  3.81383992e-04  8.15500000e-09  6.59404548e-05  8.15500000e-09  1.13685105e-04  8.15500000e-09  1.86035274e-04  8.15500000e-09  3.24561045e-04 
 8.16500000e-09  5.02472791e-01  8.16500000e-09  3.10564122e-04  8.16500000e-09  3.80793420e-04  8.16500000e-09  6.19191426e-05  8.16500000e-09  1.13776210e-04  8.16500000e-09  1.78027636e-04  8.16500000e-09  3.25398018e-04 
 8.17500000e-09  5.32527616e-01  8.17500000e-09  3.13476350e-04  8.17500000e-09  3.80063291e-04  8.17500000e-09  5.78700474e-05  8.17500000e-09  1.13792250e-04  8.17500000e-09  1.68552169e-04  8.17500000e-09  3.26164354e-04 
 8.18500000e-09  5.65060056e-01  8.18500000e-09  3.11178091e-04  8.18500000e-09  3.79202639e-04  8.18500000e-09  5.39556858e-05  8.18500000e-09  1.13738795e-04  8.18500000e-09  1.58108641e-04  8.18500000e-09  3.26875071e-04 
 8.19500000e-09  5.99737061e-01  8.19500000e-09  3.05892581e-04  8.19500000e-09  3.78229470e-04  8.19500000e-09  5.01895967e-05  8.19500000e-09  1.13628873e-04  8.19500000e-09  1.47173743e-04  8.19500000e-09  3.27544124e-04 
 8.20500000e-09  6.36284664e-01  8.20500000e-09  2.98710896e-04  8.20500000e-09  3.77174772e-04  8.20500000e-09  4.65275651e-05  8.20500000e-09  1.13487198e-04  8.20500000e-09  1.36087393e-04  8.20500000e-09  3.28185001e-04 
 8.21500000e-09  6.74511450e-01  8.21500000e-09  2.90092738e-04  8.21500000e-09  3.76070176e-04  8.21500000e-09  4.29284828e-05  8.21500000e-09  1.13340667e-04  8.21500000e-09  1.25047569e-04  8.21500000e-09  3.28810160e-04 
 8.22500000e-09  7.14302186e-01  8.22500000e-09  2.80241625e-04  8.22500000e-09  3.74927492e-04  8.22500000e-09  3.93769745e-05  8.22500000e-09  1.13201526e-04  8.22500000e-09  1.14173965e-04  8.22500000e-09  3.29429407e-04 
 8.23500000e-09  7.55587427e-01  8.23500000e-09  2.69259452e-04  8.23500000e-09  3.73744527e-04  8.23500000e-09  3.58770492e-05  8.23500000e-09  1.13071622e-04  8.23500000e-09  1.03547960e-04  8.23500000e-09  3.30049377e-04 
 8.24500000e-09  7.98296203e-01  8.24500000e-09  2.57194148e-04  8.24500000e-09  3.72518364e-04  8.24500000e-09  3.24403990e-05  8.24500000e-09  1.12952700e-04  8.24500000e-09  9.32304586e-05  8.24500000e-09  3.30669617e-04 
 8.25500000e-09  8.42398952e-01  8.25500000e-09  2.44096516e-04  8.25500000e-09  3.71231825e-04  8.25500000e-09  2.90892127e-05  8.25500000e-09  1.12836053e-04  8.25500000e-09  8.32771820e-05  8.25500000e-09  3.31293074e-04 
 8.26500000e-09  8.87922650e-01  8.26500000e-09  2.30146183e-04  8.26500000e-09  3.69830000e-04  8.26500000e-09  2.58748175e-05  8.26500000e-09  1.12682289e-04  8.26500000e-09  7.37778206e-05  8.26500000e-09  3.31919957e-04 
 8.27500000e-09  9.34832603e-01  8.27500000e-09  2.15400360e-04  8.27500000e-09  3.68314916e-04  8.27500000e-09  2.28126105e-05  8.27500000e-09  1.12499388e-04  8.27500000e-09  6.47874159e-05  8.27500000e-09  3.32547385e-04 
 8.28500000e-09  9.83048100e-01  8.28500000e-09  1.99457973e-04  8.28500000e-09  3.66810088e-04  8.28500000e-09  1.98348300e-05  8.28500000e-09  1.12402064e-04  8.28500000e-09  5.62235940e-05  8.28500000e-09  3.33180031e-04 
 8.29500000e-09  1.03266340e+00  8.29500000e-09  1.82422903e-04  8.29500000e-09  3.65258477e-04  8.29500000e-09  1.69817258e-05  8.29500000e-09  1.12359834e-04  8.29500000e-09  4.80972587e-05  8.29500000e-09  3.33816733e-04 
 8.30500000e-09  1.08383725e+00  8.30500000e-09  1.64786693e-04  8.30500000e-09  3.63521670e-04  8.30500000e-09  1.43385243e-05  8.30500000e-09  1.12274377e-04  8.30500000e-09  4.05209161e-05  8.30500000e-09  3.34448242e-04 
 8.31500000e-09  1.13653288e+00  8.31500000e-09  1.46553573e-04  8.31500000e-09  3.61625987e-04  8.31500000e-09  1.18974768e-05  8.31500000e-09  1.12190563e-04  8.31500000e-09  3.35025112e-05  8.31500000e-09  3.35069759e-04 
 8.32500000e-09  1.19062911e+00  8.32500000e-09  1.28056889e-04  8.32500000e-09  3.59513267e-04  8.32500000e-09  9.68891845e-06  8.32500000e-09  1.12086746e-04  8.32500000e-09  2.70764232e-05  8.32500000e-09  3.35678689e-04 
 8.33500000e-09  1.24631894e+00  8.33500000e-09  1.11438464e-04  8.33500000e-09  3.56710177e-04  8.33500000e-09  7.91023953e-06  8.33500000e-09  1.11571973e-04  8.33500000e-09  2.16373788e-05  8.33500000e-09  3.36248917e-04 
 8.34500000e-09  1.30336472e+00  8.34500000e-09  9.66465240e-05  8.34500000e-09  3.53369622e-04  8.34500000e-09  6.47617241e-06  8.34500000e-09  1.10811497e-04  8.34500000e-09  1.71557646e-05  8.34500000e-09  3.36759417e-04 
 8.35500000e-09  1.36126793e+00  8.35500000e-09  8.30028454e-05  8.35500000e-09  3.49676531e-04  8.35500000e-09  5.26839882e-06  8.35500000e-09  1.10044880e-04  8.35500000e-09  1.34074290e-05  8.35500000e-09  3.37232458e-04 
 8.36500000e-09  1.41969886e+00  8.36500000e-09  7.00719078e-05  8.36500000e-09  3.45571558e-04  8.36500000e-09  4.21865740e-06  8.36500000e-09  1.09398140e-04  8.36500000e-09  1.01946888e-05  8.36500000e-09  3.37684341e-04 
 8.37500000e-09  1.47855373e+00  8.37500000e-09  5.76131412e-05  8.37500000e-09  3.40579780e-04  8.37500000e-09  3.28946057e-06  8.37500000e-09  1.08918016e-04  8.37500000e-09  7.36130621e-06  8.37500000e-09  3.38116667e-04 
 8.38500000e-09  1.53768485e+00  8.38500000e-09  4.56754910e-05  8.38500000e-09  3.32968041e-04  8.38500000e-09  2.47111243e-06  8.38500000e-09  1.08518208e-04  8.38500000e-09  4.81310321e-06  8.38500000e-09  3.38533458e-04 
 8.39500000e-09  1.59667105e+00  8.39500000e-09  3.46913578e-05  8.39500000e-09  3.17477617e-04  8.39500000e-09  1.77826604e-06  8.39500000e-09  1.07793470e-04  8.39500000e-09  2.55056044e-06  8.39500000e-09  3.38934563e-04 
 8.40500000e-09  1.65432232e+00  8.40500000e-09  2.52168355e-05  8.40500000e-09  2.88209401e-04  8.40500000e-09  1.22655420e-06  8.40500000e-09  1.05852302e-04  8.40500000e-09  6.30126572e-07  8.40500000e-09  3.39313253e-04 
 8.41500000e-09  1.70856168e+00  8.41500000e-09  1.76768638e-05  8.41500000e-09  2.51267404e-04  8.41500000e-09  8.18843914e-07  8.41500000e-09  1.02029983e-04  8.41500000e-09  9.96696790e-07  8.41500000e-09  3.39656599e-04 
 8.42500000e-09  1.75763438e+00  8.42500000e-09  1.20054052e-05  8.42500000e-09  2.15604591e-04  8.42500000e-09  5.32017420e-07  8.42500000e-09  9.68008976e-05  8.42500000e-09  2.18637898e-06  8.42500000e-09  3.39945674e-04 
 8.43500000e-09  1.80126717e+00  8.43500000e-09  7.91530520e-06  8.43500000e-09  1.84576614e-04  8.43500000e-09  3.37198056e-07  8.43500000e-09  9.11599370e-05  8.43500000e-09  2.94382960e-06  8.43500000e-09  3.40158623e-04 
 8.44500000e-09  1.84018530e+00  8.44500000e-09  5.07992244e-06  8.44500000e-09  1.58720651e-04  8.44500000e-09  2.09129085e-07  8.44500000e-09  8.58643484e-05  8.44500000e-09  3.39889369e-06  8.44500000e-09  3.40280888e-04 
 8.45500000e-09  1.87535308e+00  8.45500000e-09  3.18435621e-06  8.45500000e-09  1.37626653e-04  8.45500000e-09  1.27365094e-07  8.45500000e-09  8.12866604e-05  8.45500000e-09  3.64327965e-06  8.45500000e-09  3.40309617e-04 
 8.46500000e-09  1.90768894e+00  8.46500000e-09  1.95898366e-06  8.46500000e-09  1.20567815e-04  8.46500000e-09  7.65238161e-08  8.46500000e-09  7.75250062e-05  8.46500000e-09  3.74088399e-06  8.46500000e-09  3.40249624e-04 
 8.47500000e-09  1.93798108e+00  8.47500000e-09  1.18993778e-06  8.47500000e-09  1.06758593e-04  8.47500000e-09  4.56143793e-08  8.47500000e-09  7.45181010e-05  8.47500000e-09  3.73689996e-06  8.47500000e-09  3.40109090e-04 
 8.48500000e-09  1.96687388e+00  8.48500000e-09  7.18657689e-07  8.48500000e-09  9.54778396e-05  8.48500000e-09  2.71461455e-08  8.48500000e-09  7.21279167e-05  8.48500000e-09  3.66401142e-06  8.48500000e-09  3.39896688e-04 
 8.49500000e-09  1.99490756e+00  8.49500000e-09  4.34629356e-07  8.49500000e-09  8.61166474e-05  8.49500000e-09  1.62329124e-08  8.49500000e-09  7.01929895e-05  8.49500000e-09  3.54693661e-06  8.49500000e-09  3.39619378e-04 
 8.50500000e-09  2.02254511e+00  8.50500000e-09  2.65044458e-07  8.50500000e-09  7.81852194e-05  8.50500000e-09  9.81444523e-09  8.50500000e-09  6.85520758e-05  8.50500000e-09  3.40405253e-06  8.50500000e-09  3.39281756e-04 
 8.51500000e-09  2.05018602e+00  8.51500000e-09  1.64005009e-07  8.51500000e-09  7.13086035e-05  8.51500000e-09  6.03370383e-09  8.51500000e-09  6.70624095e-05  8.51500000e-09  3.24853730e-06  8.51500000e-09  3.38885201e-04 
 8.52500000e-09  2.07811677e+00  8.52500000e-09  1.03505568e-07  8.52500000e-09  6.52402908e-05  8.52500000e-09  3.78929575e-09  8.52500000e-09  6.56352087e-05  8.52500000e-09  3.08949502e-06  8.52500000e-09  3.38427648e-04 
 8.53500000e-09  2.10639837e+00  8.53500000e-09  6.68371001e-08  8.53500000e-09  5.98857398e-05  8.53500000e-09  2.43776200e-09  8.53500000e-09  6.42883587e-05  8.53500000e-09  2.93265911e-06  8.53500000e-09  3.37906288e-04 
 8.54500000e-09  2.13489491e+00  8.54500000e-09  4.42110503e-08  8.54500000e-09  5.52340036e-05  8.54500000e-09  1.60789917e-09  8.54500000e-09  6.31127677e-05  8.54500000e-09  2.77956985e-06  8.54500000e-09  3.37322228e-04 
 8.55500000e-09  2.16346100e+00  8.55500000e-09  2.99623703e-08  8.55500000e-09  5.12366617e-05  8.55500000e-09  1.08726231e-09  8.55500000e-09  6.21579566e-05  8.55500000e-09  2.62950770e-06  8.55500000e-09  3.36684637e-04 
 8.56500000e-09  2.19202527e+00  8.56500000e-09  2.08009168e-08  8.56500000e-09  4.77946200e-05  8.56500000e-09  7.53486272e-10  8.56500000e-09  6.14058465e-05  8.56500000e-09  2.48129896e-06  8.56500000e-09  3.36004936e-04 
 8.57500000e-09  2.22056230e+00  8.57500000e-09  1.47873361e-08  8.57500000e-09  4.48032958e-05  8.57500000e-09  5.34897620e-10  8.57500000e-09  6.08129035e-05  8.57500000e-09  2.33347743e-06  8.57500000e-09  3.35291500e-04 
 8.58500000e-09  2.24905760e+00  8.58500000e-09  1.07585373e-08  8.58500000e-09  4.21775460e-05  8.58500000e-09  3.88720709e-10  8.58500000e-09  6.03404393e-05  8.58500000e-09  2.18375016e-06  8.58500000e-09  3.34549699e-04 
 8.59500000e-09  2.27749364e+00  8.59500000e-09  8.00485491e-09  8.59500000e-09  3.98534560e-05  8.59500000e-09  2.88954957e-10  8.59500000e-09  5.99614783e-05  8.59500000e-09  2.02823432e-06  8.59500000e-09  3.33784690e-04 
 8.60500000e-09  2.30584911e+00  8.60500000e-09  6.08585425e-09  8.60500000e-09  3.77823617e-05  8.60500000e-09  2.19512193e-10  8.60500000e-09  5.96572848e-05  8.60500000e-09  1.86084952e-06  8.60500000e-09  3.33004393e-04 
 8.61500000e-09  2.33410404e+00  8.61500000e-09  4.72352662e-09  8.61500000e-09  3.59252540e-05  8.61500000e-09  1.70261660e-10  8.61500000e-09  5.94129987e-05  8.61500000e-09  1.67486464e-06  8.61500000e-09  3.32219739e-04 
 8.62500000e-09  2.36224828e+00  8.62500000e-09  3.73942289e-09  8.62500000e-09  3.42484413e-05  8.62500000e-09  1.34713216e-10  8.62500000e-09  5.92137054e-05  8.62500000e-09  1.46685380e-06  8.62500000e-09  3.31441720e-04 
 8.63500000e-09  2.39028952e+00  8.63500000e-09  3.01707860e-09  8.63500000e-09  3.27207185e-05  8.63500000e-09  1.08637823e-10  8.63500000e-09  5.90414256e-05  8.63500000e-09  1.24056547e-06  8.63500000e-09  3.30677396e-04 
 8.64500000e-09  2.41824771e+00  8.64500000e-09  2.47884999e-09  8.64500000e-09  3.13160808e-05  8.64500000e-09  8.92198166e-11  8.64500000e-09  5.88806483e-05  8.64500000e-09  1.00441158e-06  8.64500000e-09  3.29927504e-04 
 8.65500000e-09  2.44613647e+00  8.65500000e-09  2.07203772e-09  8.65500000e-09  3.00184151e-05  8.65500000e-09  7.45502348e-11  8.65500000e-09  5.87283310e-05  8.65500000e-09  7.70958756e-07  8.65500000e-09  3.29186332e-04 
 8.66500000e-09  2.47395474e+00  8.66500000e-09  1.76025376e-09  8.66500000e-09  2.88191556e-05  8.66500000e-09  6.33122104e-11  8.66500000e-09  5.85919419e-05  8.66500000e-09  5.55027613e-07  8.66500000e-09  3.28442424e-04 
 8.67500000e-09  2.50170069e+00  8.67500000e-09  1.51772538e-09  8.67500000e-09  2.77105032e-05  8.67500000e-09  5.45736828e-11  8.67500000e-09  5.84774752e-05  8.67500000e-09  3.54203010e-07  8.67500000e-09  3.27676671e-04 
 8.68500000e-09  2.52936560e+00  8.68500000e-09  1.32671230e-09  8.68500000e-09  2.66832771e-05  8.68500000e-09  4.76935822e-11  8.68500000e-09  5.83854897e-05  8.68500000e-09  1.80781697e-07  8.68500000e-09  3.26865371e-04 
 8.69500000e-09  2.55693858e+00  8.69500000e-09  1.17431294e-09  8.69500000e-09  2.57279614e-05  8.69500000e-09  4.22059496e-11  8.69500000e-09  5.83128594e-05  8.69500000e-09  4.21187723e-08  8.69500000e-09  3.25976347e-04 
 8.70500000e-09  2.58441202e+00  8.70500000e-09  1.05138529e-09  8.70500000e-09  2.48362790e-05  8.70500000e-09  3.77807127e-11  8.70500000e-09  5.82559265e-05  8.70500000e-09  6.27610779e-08  8.70500000e-09  3.24961065e-04 
 8.71500000e-09  2.61177315e+00  8.71500000e-09  9.50467257e-10  8.71500000e-09  2.40026464e-05  8.71500000e-09  3.41485034e-11  8.71500000e-09  5.82142997e-05  8.71500000e-09  1.67722112e-07  8.71500000e-09  3.23746860e-04 
 8.72500000e-09  2.63892862e+00  8.72500000e-09  8.67978304e-10  8.72500000e-09  2.32476647e-05  8.72500000e-09  3.11801776e-11  8.72500000e-09  5.82481160e-05  8.72500000e-09  2.49951270e-07  8.72500000e-09  3.22222854e-04 
 8.73500000e-09  2.66563664e+00  8.73500000e-09  7.98397687e-10  8.73500000e-09  2.26012605e-05  8.73500000e-09  2.86768843e-11  8.73500000e-09  5.84454121e-05  8.73500000e-09  2.94998090e-07  8.73500000e-09  3.20258154e-04 
 8.74500000e-09  2.69112249e+00  8.74500000e-09  7.35669116e-10  8.74500000e-09  2.22299217e-05  8.74500000e-09  2.64206809e-11  8.74500000e-09  5.92506500e-05  8.74500000e-09  2.84744880e-07  8.74500000e-09  3.17683600e-04 
 8.75500000e-09  2.71505475e+00  8.75500000e-09  6.77002438e-10  8.75500000e-09  2.20644361e-05  8.75500000e-09  2.43111325e-11  8.75500000e-09  6.05166824e-05  8.75500000e-09  2.11144959e-07  8.75500000e-09  3.14323546e-04 
 8.76500000e-09  2.73778860e+00  8.76500000e-09  6.22696805e-10  8.76500000e-09  2.18664980e-05  8.76500000e-09  2.23588806e-11  8.76500000e-09  6.16179311e-05  8.76500000e-09  7.40343460e-08  8.76500000e-09  3.10024287e-04 
 8.77500000e-09  2.75976301e+00  8.77500000e-09  5.73617524e-10  8.77500000e-09  2.15132539e-05  8.77500000e-09  2.05949076e-11  8.77500000e-09  6.22035167e-05  8.77500000e-09  1.21659884e-07  8.77500000e-09  3.04643873e-04 
 8.78500000e-09  2.78120752e+00  8.78500000e-09  5.29516384e-10  8.78500000e-09  2.10143068e-05  8.78500000e-09  1.90100921e-11  8.78500000e-09  6.22792302e-05  8.78500000e-09  3.38213896e-07  8.78500000e-09  2.98082862e-04 
 8.79500000e-09  2.80220305e+00  8.79500000e-09  4.89820406e-10  8.79500000e-09  2.04156787e-05  8.79500000e-09  1.75836836e-11  8.79500000e-09  6.19599982e-05  8.79500000e-09  5.36100892e-07  8.79500000e-09  2.90341636e-04 
 8.80500000e-09  2.82275173e+00  8.80500000e-09  4.54246377e-10  8.80500000e-09  1.97572110e-05  8.80500000e-09  1.63054541e-11  8.80500000e-09  6.13507172e-05  8.80500000e-09  7.05063283e-07  8.80500000e-09  2.81554137e-04 
 8.81500000e-09  2.84281500e+00  8.81500000e-09  4.22487167e-10  8.81500000e-09  1.90664554e-05  8.81500000e-09  1.51643461e-11  8.81500000e-09  6.05260211e-05  8.81500000e-09  8.43991846e-07  8.81500000e-09  2.71963287e-04 
 8.82500000e-09  2.86233244e+00  8.82500000e-09  3.94253469e-10  8.82500000e-09  1.83633093e-05  8.82500000e-09  1.41499576e-11  8.82500000e-09  5.95422519e-05  8.82500000e-09  9.57766922e-07  8.82500000e-09  2.61857213e-04 
 8.83500000e-09  2.88123112e+00  8.83500000e-09  3.69307333e-10  8.83500000e-09  1.76650836e-05  8.83500000e-09  1.32537368e-11  8.83500000e-09  5.84522799e-05  8.83500000e-09  1.05440906e-06  8.83500000e-09  2.51508547e-04 
 8.84500000e-09  2.89943349e+00  8.84500000e-09  3.47494629e-10  8.84500000e-09  1.69882468e-05  8.84500000e-09  1.24701455e-11  8.84500000e-09  5.73107986e-05  8.84500000e-09  1.14407320e-06  8.84500000e-09  2.41142010e-04 
 8.85500000e-09  2.91688429e+00  8.85500000e-09  3.28717728e-10  8.85500000e-09  1.63415258e-05  8.85500000e-09  1.17956770e-11  8.85500000e-09  5.61511722e-05  8.85500000e-09  1.23967448e-06  8.85500000e-09  2.30927603e-04 
 8.86500000e-09  2.93359492e+00  8.86500000e-09  3.12669788e-10  8.86500000e-09  1.57144341e-05  8.86500000e-09  1.12192985e-11  8.86500000e-09  5.49448415e-05  8.86500000e-09  1.34824636e-06  8.86500000e-09  2.20982668e-04 
 8.87500000e-09  2.94961601e+00  8.87500000e-09  2.98515429e-10  8.87500000e-09  1.50917196e-05  8.87500000e-09  1.07109552e-11  8.87500000e-09  5.36468791e-05  8.87500000e-09  1.44959221e-06  8.87500000e-09  2.11373368e-04 
 8.88500000e-09  2.96497368e+00  8.88500000e-09  2.85110438e-10  8.88500000e-09  1.44726573e-05  8.88500000e-09  1.02294869e-11  8.88500000e-09  5.22621389e-05  8.88500000e-09  1.50475278e-06  8.88500000e-09  2.02128548e-04 
 8.89500000e-09  2.97966156e+00  8.89500000e-09  2.71420696e-10  8.89500000e-09  1.38657964e-05  8.89500000e-09  9.73772161e-12  8.89500000e-09  5.08288936e-05  8.89500000e-09  1.48519091e-06  8.89500000e-09  1.93263405e-04 
 8.90500000e-09  2.99365983e+00  8.90500000e-09  2.56707962e-10  8.90500000e-09  1.32794873e-05  8.90500000e-09  9.20915666e-12  8.90500000e-09  4.93858268e-05  8.90500000e-09  1.38209450e-06  8.90500000e-09  1.84791825e-04 
 8.91500000e-09  3.00695196e+00  8.91500000e-09  2.40694464e-10  8.91500000e-09  1.27193976e-05  8.91500000e-09  8.63386040e-12  8.91500000e-09  4.79621870e-05  8.91500000e-09  1.20555024e-06  8.91500000e-09  1.76724538e-04 
 8.92500000e-09  3.01953298e+00  8.92500000e-09  2.23626105e-10  8.92500000e-09  1.21896638e-05  8.92500000e-09  8.02072380e-12  8.92500000e-09  4.65811051e-05  8.92500000e-09  9.80558488e-07  8.92500000e-09  1.69063931e-04 
 8.93500000e-09  3.03140900e+00  8.93500000e-09  2.06088718e-10  8.93500000e-09  1.16940322e-05  8.93500000e-09  7.39083648e-12  8.93500000e-09  4.52636753e-05  8.93500000e-09  7.37770517e-07  8.93500000e-09  1.61803593e-04 
 8.94500000e-09  3.04260591e+00  8.94500000e-09  1.88853551e-10  8.94500000e-09  1.12352419e-05  8.94500000e-09  6.77191617e-12  8.94500000e-09  4.40265061e-05  8.94500000e-09  5.00930912e-07  8.94500000e-09  1.54925087e-04 
 8.95500000e-09  3.05315335e+00  8.95500000e-09  1.72385552e-10  8.95500000e-09  1.08100003e-05  8.95500000e-09  6.18066539e-12  8.95500000e-09  4.28631881e-05  8.95500000e-09  2.93136259e-07  8.95500000e-09  1.48418499e-04 
 8.96500000e-09  3.06309041e+00  8.96500000e-09  1.56975828e-10  8.96500000e-09  1.04142293e-05  8.96500000e-09  5.62752581e-12  8.96500000e-09  4.17636526e-05  8.96500000e-09  1.28692209e-07  8.96500000e-09  1.42268551e-04 
 8.97500000e-09  3.07246319e+00  8.97500000e-09  1.42867077e-10  8.97500000e-09  1.00438491e-05  8.97500000e-09  5.12119108e-12  8.97500000e-09  4.07166535e-05  8.97500000e-09  1.80958019e-08  8.97500000e-09  1.36454656e-04 
 8.98500000e-09  3.08132203e+00  8.98500000e-09  1.30237054e-10  8.98500000e-09  9.69581047e-06  8.98500000e-09  4.66802173e-12  8.98500000e-09  3.97143410e-05  8.98500000e-09  2.53030937e-08  8.98500000e-09  1.30950925e-04 
 8.99500000e-09  3.08972623e+00  8.99500000e-09  1.19096071e-10  8.99500000e-09  9.36505413e-06  8.99500000e-09  4.26835568e-12  8.99500000e-09  3.87400185e-05  8.99500000e-09  9.66140031e-09  8.99500000e-09  1.25729505e-04 
 9.00500000e-09  3.09779295e+00  9.00500000e-09  1.09619240e-10  9.00500000e-09  9.03883919e-06  9.00500000e-09  3.92843106e-12  9.00500000e-09  3.77429915e-05  9.00500000e-09  2.86123319e-08  9.00500000e-09  1.20740923e-04 
 9.01500000e-09  3.10557476e+00  9.01500000e-09  1.01396861e-10  9.01500000e-09  8.71112797e-06  9.01500000e-09  3.63353784e-12  9.01500000e-09  3.67025747e-05  9.01500000e-09  8.96590457e-08  9.01500000e-09  1.15962983e-04 
 9.02500000e-09  3.11319926e+00  9.02500000e-09  9.42595687e-11  9.02500000e-09  8.36176959e-06  9.02500000e-09  3.37757396e-12  9.02500000e-09  3.55362183e-05  9.02500000e-09  1.38651367e-07  9.02500000e-09  1.11354412e-04 
 9.03500000e-09  3.12084591e+00  9.03500000e-09  8.81355368e-11  9.03500000e-09  7.96402166e-06  9.03500000e-09  3.15795512e-12  9.03500000e-09  3.41315230e-05  9.03500000e-09  1.69448604e-07  9.03500000e-09  1.06853596e-04 
 9.04500000e-09  3.12875148e+00  9.04500000e-09  8.29927749e-11  9.04500000e-09  7.49129322e-06  9.04500000e-09  2.97353031e-12  9.04500000e-09  3.23741760e-05  9.04500000e-09  1.84193780e-07  9.04500000e-09  1.02360945e-04 
 9.05500000e-09  3.13695701e+00  9.05500000e-09  7.87022495e-11  9.05500000e-09  6.95295330e-06  9.05500000e-09  2.81967586e-12  9.05500000e-09  3.02990474e-05  9.05500000e-09  2.01565594e-07  9.05500000e-09  9.78237114e-05 
 9.06500000e-09  3.14529965e+00  9.06500000e-09  7.50833333e-11  9.06500000e-09  6.42062435e-06  9.06500000e-09  2.68990845e-12  9.06500000e-09  2.82125869e-05  9.06500000e-09  2.14417485e-07  9.06500000e-09  9.31878544e-05 
 9.07500000e-09  3.15359772e+00  9.07500000e-09  7.20214688e-11  9.07500000e-09  5.93510409e-06  9.07500000e-09  2.58011589e-12  9.07500000e-09  2.62932805e-05  9.07500000e-09  2.16439377e-07  9.07500000e-09  8.84831812e-05 
 9.08500000e-09  3.16173978e+00  9.08500000e-09  6.94111761e-11  9.08500000e-09  5.50000162e-06  9.08500000e-09  2.48651416e-12  9.08500000e-09  2.45606013e-05  9.08500000e-09  2.05921855e-07  9.08500000e-09  8.37776308e-05 
 9.09500000e-09  3.16966875e+00  9.09500000e-09  6.71516286e-11  9.09500000e-09  5.10461904e-06  9.09500000e-09  2.40548807e-12  9.09500000e-09  2.29714559e-05  9.09500000e-09  1.85208894e-07  9.09500000e-09  7.91351402e-05 
 9.10500000e-09  3.17733930e+00  9.10500000e-09  6.51530314e-11  9.10500000e-09  4.74215468e-06  9.10500000e-09  2.33381846e-12  9.10500000e-09  2.14994584e-05  9.10500000e-09  1.57082823e-07  9.10500000e-09  7.46021849e-05 
 9.11500000e-09  3.18472053e+00  9.11500000e-09  6.33407282e-11  9.11500000e-09  4.40728799e-06  9.11500000e-09  2.26882957e-12  9.11500000e-09  2.01243726e-05  9.11500000e-09  1.25394134e-07  9.11500000e-09  7.02118430e-05 
 9.12500000e-09  3.19179065e+00  9.12500000e-09  6.16500545e-11  9.12500000e-09  4.09652664e-06  9.12500000e-09  2.20820399e-12  9.12500000e-09  1.88337924e-05  9.12500000e-09  9.39638357e-08  9.12500000e-09  6.59866219e-05 
 9.13500000e-09  3.19853158e+00  9.13500000e-09  6.00040026e-11  9.13500000e-09  3.80778998e-06  9.13500000e-09  2.14918222e-12  9.13500000e-09  1.76215161e-05  9.13500000e-09  6.71921784e-08  9.13500000e-09  6.19431777e-05 
 9.14500000e-09  3.20493303e+00  9.14500000e-09  5.83364511e-11  9.14500000e-09  3.53937935e-06  9.14500000e-09  2.08939416e-12  9.14500000e-09  1.64827512e-05  9.14500000e-09  4.59775149e-08  9.14500000e-09  5.80919846e-05 
 9.15500000e-09  3.21099097e+00  9.15500000e-09  5.66059738e-11  9.15500000e-09  3.28995881e-06  9.15500000e-09  2.02735580e-12  9.15500000e-09  1.54140433e-05  9.15500000e-09  3.35893475e-08  9.15500000e-09  5.44384406e-05 
 9.16500000e-09  3.21670724e+00  9.16500000e-09  5.47830944e-11  9.16500000e-09  3.05820763e-06  9.16500000e-09  1.96201080e-12  9.16500000e-09  1.44117007e-05  9.16500000e-09  3.06221463e-08  9.16500000e-09  5.09839395e-05 
 9.17500000e-09  3.22207788e+00  9.17500000e-09  5.27927601e-11  9.17500000e-09  2.84353628e-06  9.17500000e-09  1.89066980e-12  9.17500000e-09  1.34754589e-05  9.17500000e-09  3.92464637e-08  9.17500000e-09  4.77321472e-05 
 9.18500000e-09  3.22709928e+00  9.18500000e-09  5.05509359e-11  9.18500000e-09  2.64522018e-06  9.18500000e-09  1.81032202e-12  9.18500000e-09  1.26042796e-05  9.18500000e-09  6.23580419e-08  9.18500000e-09  4.46868891e-05 
 9.19500000e-09  3.23176460e+00  9.19500000e-09  4.79552115e-11  9.19500000e-09  2.46283720e-06  9.19500000e-09  1.71729863e-12  9.19500000e-09  1.17984768e-05  9.19500000e-09  1.03364817e-07  9.19500000e-09  4.18535358e-05 
 9.20500000e-09  3.23606353e+00  9.20500000e-09  4.49078464e-11  9.20500000e-09  2.29665975e-06  9.20500000e-09  1.60809876e-12  9.20500000e-09  1.10615754e-05  9.20500000e-09  1.65677514e-07  9.20500000e-09  3.92382578e-05 
 9.21500000e-09  3.23999053e+00  9.21500000e-09  4.13907148e-11  9.21500000e-09  2.14746215e-06  9.21500000e-09  1.48207434e-12  9.21500000e-09  1.03991827e-05  9.21500000e-09  2.48099744e-07  9.21500000e-09  3.68426962e-05 
 9.22500000e-09  3.24356186e+00  9.22500000e-09  3.75455812e-11  9.22500000e-09  2.01456799e-06  9.22500000e-09  1.34430569e-12  9.22500000e-09  9.80922861e-06  9.22500000e-09  3.40678782e-07  9.22500000e-09  3.46569874e-05 
 9.23500000e-09  3.24681307e+00  9.23500000e-09  3.36080263e-11  9.23500000e-09  1.89500976e-06  9.23500000e-09  1.20326328e-12  9.23500000e-09  9.27791844e-06  9.23500000e-09  4.31799557e-07  9.23500000e-09  3.26635349e-05 
 9.24500000e-09  3.24978842e+00  9.24500000e-09  2.98031456e-11  9.24500000e-09  1.78535987e-06  9.24500000e-09  1.06703520e-12  9.24500000e-09  8.78882023e-06  9.24500000e-09  5.12251076e-07  9.24500000e-09  3.08398538e-05 
 9.25500000e-09  3.25253522e+00  9.25500000e-09  2.63014852e-11  9.25500000e-09  1.68310932e-06  9.25500000e-09  9.41661740e-13  9.25500000e-09  8.32976810e-06  9.25500000e-09  5.75265015e-07  9.25500000e-09  2.91590580e-05 
 9.26500000e-09  3.25510764e+00  9.26500000e-09  2.32232396e-11  9.26500000e-09  1.58582900e-06  9.26500000e-09  8.31446458e-13  9.26500000e-09  7.88873875e-06  9.26500000e-09  6.13810441e-07  9.26500000e-09  2.75893434e-05 
 9.27500000e-09  3.25757660e+00  9.27500000e-09  2.06708288e-11  9.27500000e-09  1.48995723e-06  9.27500000e-09  7.40056082e-13  9.27500000e-09  7.44764292e-06  9.27500000e-09  6.17175371e-07  9.27500000e-09  2.60901553e-05 
 9.28500000e-09  3.26003686e+00  9.28500000e-09  1.87512145e-11  9.28500000e-09  1.39032201e-06  9.28500000e-09  6.71319310e-13  9.28500000e-09  6.97973995e-06  9.28500000e-09  5.69144034e-07  9.28500000e-09  2.46083954e-05 
 9.29500000e-09  3.26259884e+00  9.29500000e-09  1.75791423e-11  9.29500000e-09  1.28142870e-06  9.29500000e-09  6.29343021e-13  9.29500000e-09  6.45624322e-06  9.29500000e-09  4.51716133e-07  9.29500000e-09  2.30807998e-05 
 9.30500000e-09  3.26536125e+00  9.30500000e-09  1.72757717e-11  9.30500000e-09  1.15982041e-06  9.30500000e-09  6.18463319e-13  9.30500000e-09  5.85889270e-06  9.30500000e-09  2.54383318e-07  9.30500000e-09  2.14468343e-05 
 9.31500000e-09  3.26838510e+00  9.31500000e-09  1.79985479e-11  9.31500000e-09  1.02525416e-06  9.31500000e-09  6.44315008e-13  9.31500000e-09  5.18669252e-06  9.31500000e-09  1.66289235e-08  9.31500000e-09  1.96638429e-05 
 9.32500000e-09  3.27168649e+00  9.32500000e-09  2.00327374e-11  9.32500000e-09  8.79896909e-07  9.32500000e-09  7.17111368e-13  9.32500000e-09  4.45215667e-06  9.32500000e-09  3.10074398e-07  9.32500000e-09  1.77141597e-05 
 9.33500000e-09  3.27524070e+00  9.33500000e-09  2.38178741e-11  9.33500000e-09  7.27236221e-07  9.33500000e-09  8.52579746e-13  9.33500000e-09  3.67557189e-06  9.33500000e-09  6.49183006e-07  9.33500000e-09  1.56052670e-05 
 9.34500000e-09  3.27899961e+00  9.34500000e-09  3.01927481e-11  9.34500000e-09  5.70590501e-07  9.34500000e-09  1.08074434e-12  9.34500000e-09  2.87690847e-06  9.34500000e-09  1.00642325e-06  9.34500000e-09  1.33615576e-05 
 9.35500000e-09  3.28293038e+00  9.35500000e-09  4.07298591e-11  9.35500000e-09  4.10677613e-07  9.35500000e-09  1.45802476e-12  9.35500000e-09  2.06301714e-06  9.35500000e-09  1.37136614e-06  9.35500000e-09  1.10035680e-05 
 9.36500000e-09  3.28698235e+00  9.36500000e-09  5.82343675e-11  9.36500000e-09  2.49662237e-07  9.36500000e-09  2.08511789e-12  9.36500000e-09  1.24803444e-06  9.36500000e-09  1.72599253e-06  9.36500000e-09  8.56063268e-06 
 9.37500000e-09  3.29104276e+00  9.37500000e-09  8.72533445e-11  9.37500000e-09  9.37037664e-08  9.37500000e-09  3.12504401e-12  9.37500000e-09  4.65641723e-07  9.37500000e-09  2.04261990e-06  9.37500000e-09  6.09568544e-06 
 9.38500000e-09  3.29512079e+00  9.38500000e-09  1.36716482e-10  9.38500000e-09  6.17047398e-08  9.38500000e-09  4.89828153e-12  9.38500000e-09  3.04505626e-07  9.38500000e-09  2.32440017e-06  9.38500000e-09  3.61359292e-06 
 9.39500000e-09  3.29917032e+00  9.39500000e-09  2.22358853e-10  9.39500000e-09  2.13536540e-07  9.39500000e-09  7.96990364e-12  9.39500000e-09  1.04553308e-06  9.39500000e-09  2.58864245e-06  9.39500000e-09  1.13871039e-06 
 9.40500000e-09  3.30338416e+00  9.40500000e-09  3.75938787e-10  9.40500000e-09  3.27013459e-07  9.40500000e-09  1.34811289e-11  9.40500000e-09  1.58753311e-06  9.40500000e-09  2.83136260e-06  9.40500000e-09  1.55319508e-06 
 9.41500000e-09  3.30765816e+00  9.41500000e-09  6.58436540e-10  9.41500000e-09  4.23166651e-07  9.41500000e-09  2.36253595e-11  9.41500000e-09  2.03535490e-06  9.41500000e-09  3.03293273e-06  9.41500000e-09  4.32480918e-06 
 9.42500000e-09  3.31183530e+00  9.42500000e-09  1.18687976e-09  9.42500000e-09  5.55277017e-07  9.42500000e-09  4.26171717e-11  9.42500000e-09  2.64393622e-06  9.42500000e-09  3.17452902e-06  9.42500000e-09  6.93057811e-06 
 9.43500000e-09  3.31571854e+00  9.43500000e-09  2.17139285e-09  9.43500000e-09  6.75589882e-07  9.43500000e-09  7.80372516e-11  9.43500000e-09  3.18257237e-06  9.43500000e-09  3.22757188e-06  9.43500000e-09  9.35592782e-06 
 9.44500000e-09  3.31918089e+00  9.44500000e-09  3.95367815e-09  9.44500000e-09  7.85278760e-07  9.44500000e-09  1.42244172e-10  9.44500000e-09  3.65899199e-06  9.44500000e-09  3.17433593e-06  9.44500000e-09  1.15110686e-05 
 9.45500000e-09  3.32215490e+00  9.45500000e-09  7.06123638e-09  9.45500000e-09  8.85962279e-07  9.45500000e-09  2.54377349e-10  9.45500000e-09  4.08313992e-06  9.45500000e-09  3.03331021e-06  9.45500000e-09  1.33469754e-05 
 9.46500000e-09  3.32464947e+00  9.46500000e-09  1.22963949e-08  9.46500000e-09  9.78093764e-07  9.46500000e-09  4.43659330e-10  9.46500000e-09  4.45913355e-06  9.46500000e-09  2.84245621e-06  9.46500000e-09  1.48703813e-05 
 9.47500000e-09  3.32673040e+00  9.47500000e-09  2.09028892e-08  9.47500000e-09  1.06215045e-06  9.47500000e-09  7.55587911e-10  9.47500000e-09  4.79067500e-06  9.47500000e-09  2.64222654e-06  9.47500000e-09  1.61269880e-05 
 9.48500000e-09  3.32849602e+00  9.48500000e-09  3.48867199e-08  9.48500000e-09  1.13990149e-06  9.48500000e-09  1.26390832e-09  9.48500000e-09  5.08670556e-06  9.48500000e-09  2.46348408e-06  9.48500000e-09  1.71814759e-05 
 9.49500000e-09  3.33005865e+00  9.49500000e-09  5.76438809e-08  9.49500000e-09  1.21461831e-06  9.49500000e-09  2.09418016e-09  9.49500000e-09  5.36207659e-06  9.49500000e-09  2.32768584e-06  9.49500000e-09  1.81043609e-05 
 9.50500000e-09  3.33153742e+00  9.50500000e-09  9.52478789e-08  9.50500000e-09  1.29093079e-06  9.50500000e-09  3.47251316e-09  9.50500000e-09  5.63657178e-06  9.50500000e-09  2.25029412e-06  9.50500000e-09  1.89676324e-05 
 9.51500000e-09  3.33306117e+00  9.51500000e-09  1.59261050e-07  9.51500000e-09  1.37496438e-06  9.51500000e-09  5.83313792e-09  9.51500000e-09  5.93507286e-06  9.51500000e-09  2.24553300e-06  9.51500000e-09  1.98466299e-05 
 9.52500000e-09  3.33477745e+00  9.52500000e-09  2.73318077e-07  9.52500000e-09  1.47482463e-06  9.52500000e-09  1.00740739e-08  9.52500000e-09  6.28898206e-06  9.52500000e-09  2.33192092e-06  9.52500000e-09  2.08253890e-05 
 9.53500000e-09  3.33685970e+00  9.53500000e-09  4.89506631e-07  9.53500000e-09  1.60097846e-06  9.53500000e-09  1.82074626e-08  9.53500000e-09  6.73681933e-06  9.53500000e-09  2.53665300e-06  9.53500000e-09  2.20009333e-05 
 9.54500000e-09  3.33948085e+00  9.54500000e-09  9.29235379e-07  9.54500000e-09  1.76446787e-06  9.54500000e-09  3.50443323e-08  9.54500000e-09  7.31568876e-06  9.54500000e-09  2.89269709e-06  9.54500000e-09  2.34693002e-05 
 9.55500000e-09  3.34271813e+00  9.55500000e-09  1.87600849e-06  9.55500000e-09  1.97044336e-06  9.55500000e-09  7.23021835e-08  9.55500000e-09  8.03499973e-06  9.55500000e-09  3.42754910e-06  9.55500000e-09  2.52744254e-05 
 9.56500000e-09  3.34648902e+00  9.56500000e-09  3.95852120e-06  9.56500000e-09  2.21341697e-06  9.56500000e-09  1.57863774e-07  9.56500000e-09  8.86018954e-06  9.56500000e-09  4.16754646e-06  9.56500000e-09  2.73741240e-05 
 9.57500000e-09  3.35060274e+00  9.57500000e-09  8.43623758e-06  9.57500000e-09  2.47966537e-06  9.57500000e-09  3.54438952e-07  9.57500000e-09  9.72637037e-06  9.57500000e-09  5.16696485e-06  9.57500000e-09  2.96695757e-05 
 9.58500000e-09  3.35482642e+00  9.58500000e-09  1.74346580e-05  9.58500000e-09  2.74778781e-06  9.58500000e-09  7.89594867e-07  9.58500000e-09  1.05436923e-05  9.58500000e-09  6.53139633e-06  9.58500000e-09  3.20489199e-05 
 9.59500000e-09  3.35888809e+00  9.59500000e-09  3.36420392e-05  9.59500000e-09  2.98344856e-06  9.59500000e-09  1.68374088e-06  9.59500000e-09  1.11810199e-05  9.59500000e-09  8.45367471e-06  9.59500000e-09  3.43992563e-05 
 9.60500000e-09  3.36244803e+00  9.60500000e-09  5.89496623e-05  9.60500000e-09  3.13463579e-06  9.60500000e-09  3.33422640e-06  9.60500000e-09  1.14549832e-05  9.60500000e-09  1.12436628e-05  9.60500000e-09  3.65947962e-05 
 9.61500000e-09  3.36510214e+00  9.61500000e-09  9.26677339e-05  9.61500000e-09  3.13587736e-06  9.61500000e-09  6.01554214e-06  9.61500000e-09  1.11545849e-05  9.61500000e-09  1.53017681e-05  9.61500000e-09  3.84873231e-05 
 9.62500000e-09  3.36644295e+00  9.62500000e-09  1.31350137e-04  9.62500000e-09  2.92517469e-06  9.62500000e-09  9.83910551e-06  9.62500000e-09  1.01089372e-05  9.62500000e-09  2.10152862e-05  9.62500000e-09  3.99108317e-05 
 9.63500000e-09  3.36614814e+00  9.63500000e-09  1.70736725e-04  9.63500000e-09  2.46268652e-06  9.63500000e-09  1.46956684e-05  9.63500000e-09  8.25143938e-06  9.63500000e-09  2.86314403e-05  9.63500000e-09  4.07040960e-05 
 9.64500000e-09  3.36404236e+00  9.64500000e-09  2.07677284e-04  9.64500000e-09  1.73819946e-06  9.64500000e-09  2.03280343e-05  9.64500000e-09  5.63453537e-06  9.64500000e-09  3.81776073e-05  9.64500000e-09  4.07404242e-05 
 9.65500000e-09  3.36007613e+00  9.65500000e-09  2.40571639e-04  9.65500000e-09  7.60915466e-07  9.65500000e-09  2.64336874e-05  9.65500000e-09  2.38131707e-06  9.65500000e-09  4.94791354e-05  9.65500000e-09  3.99367703e-05 
 9.66500000e-09  3.35441483e+00  9.66500000e-09  2.69119736e-04  9.66500000e-09  4.41497300e-07  9.66500000e-09  3.27683391e-05  9.66500000e-09  1.33142379e-06  9.66500000e-09  6.22674020e-05  9.66500000e-09  3.83197564e-05 
 9.67500000e-09  3.34728771e+00  9.67500000e-09  2.93655329e-04  9.67500000e-09  1.84176186e-06  9.67500000e-09  3.91604822e-05  9.67500000e-09  5.34376864e-06  9.67500000e-09  7.62683953e-05  9.67500000e-09  3.59661078e-05 
 9.68500000e-09  3.33871661e+00  9.68500000e-09  3.14755237e-04  9.68500000e-09  3.43933950e-06  9.68500000e-09  4.55086515e-05  9.68500000e-09  9.58365538e-06  9.68500000e-09  9.12341818e-05  9.68500000e-09  3.28604416e-05 
 9.69500000e-09  3.32887848e+00  9.69500000e-09  3.32966908e-04  9.69500000e-09  5.22612274e-06  9.69500000e-09  5.17440209e-05  9.69500000e-09  1.39611594e-05  9.69500000e-09  1.06984310e-04  9.69500000e-09  2.90777275e-05 
 9.70500000e-09  3.31793569e+00  9.70500000e-09  3.48740860e-04  9.70500000e-09  7.19984788e-06  9.70500000e-09  5.78110898e-05  9.70500000e-09  1.84085694e-05  9.70500000e-09  1.23398887e-04  9.70500000e-09  2.46945687e-05 
 9.71500000e-09  3.30603623e+00  9.71500000e-09  3.62428358e-04  9.71500000e-09  9.36016585e-06  9.71500000e-09  6.36576147e-05  9.71500000e-09  2.28682100e-05  9.71500000e-09  1.40393692e-04  9.71500000e-09  1.97825896e-05 
 9.72500000e-09  3.29359984e+00  9.72500000e-09  3.74322916e-04  9.72500000e-09  1.16019026e-05  9.72500000e-09  6.92416432e-05  9.72500000e-09  2.70471198e-05  9.72500000e-09  1.57928219e-04  9.72500000e-09  1.44352634e-05 
 9.73500000e-09  3.28065159e+00  9.73500000e-09  3.84591728e-04  9.73500000e-09  1.39878370e-05  9.73500000e-09  7.44912109e-05  9.73500000e-09  3.10758546e-05  9.73500000e-09  1.75955312e-04  9.73500000e-09  8.75703305e-06 
 9.74500000e-09  3.26701505e+00  9.74500000e-09  3.93346927e-04  9.74500000e-09  1.66260976e-05  9.74500000e-09  7.93236729e-05  9.74500000e-09  3.51539598e-05  9.74500000e-09  1.94393888e-04  9.74500000e-09  2.77516160e-06 
 9.75500000e-09  3.25304075e+00  9.75500000e-09  4.00801004e-04  9.75500000e-09  1.97124091e-05  9.75500000e-09  8.37294522e-05  9.75500000e-09  3.96414191e-05  9.75500000e-09  2.13184743e-04  9.75500000e-09  2.97168049e-06 
 9.76500000e-09  3.23901982e+00  9.76500000e-09  4.07069908e-04  9.76500000e-09  2.29966826e-05  9.76500000e-09  8.76694600e-05  9.76500000e-09  4.39568287e-05  9.76500000e-09  2.32183562e-04  9.76500000e-09  8.65051432e-06 
 9.77500000e-09  3.22492877e+00  9.77500000e-09  4.12232773e-04  9.77500000e-09  2.62159103e-05  9.77500000e-09  9.10999554e-05  9.77500000e-09  4.75866369e-05  9.77500000e-09  2.51126065e-04  9.77500000e-09  1.46723154e-05 
 9.78500000e-09  3.21068027e+00  9.78500000e-09  4.16413213e-04  9.78500000e-09  2.95081578e-05  9.78500000e-09  9.40225930e-05  9.78500000e-09  5.08336759e-05  9.78500000e-09  2.69672354e-04  9.78500000e-09  2.08767561e-05 
 9.79500000e-09  3.19629354e+00  9.79500000e-09  4.19719751e-04  9.79500000e-09  3.29063360e-05  9.79500000e-09  9.64476573e-05  9.79500000e-09  5.37828359e-05  9.79500000e-09  2.87398886e-04  9.79500000e-09  2.71924846e-05 
 9.80500000e-09  3.18182633e+00  9.80500000e-09  4.22266326e-04  9.80500000e-09  3.64102660e-05  9.80500000e-09  9.84057588e-05  9.80500000e-09  5.64588470e-05  9.80500000e-09  3.03833487e-04  9.80500000e-09  3.35696975e-05 
 9.81500000e-09  3.16736337e+00  9.81500000e-09  4.24190824e-04  9.81500000e-09  4.00105412e-05  9.81500000e-09  9.99597466e-05  9.81500000e-09  5.88695682e-05  9.81500000e-09  3.18538967e-04  9.81500000e-09  3.99534779e-05 
 9.82500000e-09  3.15299255e+00  9.82500000e-09  4.25640579e-04  9.82500000e-09  4.37041018e-05  9.82500000e-09  1.01192954e-04  9.82500000e-09  6.10270895e-05  9.82500000e-09  3.31220123e-04  9.82500000e-09  4.62803530e-05 
 9.83500000e-09  3.13879721e+00  9.83500000e-09  4.26752929e-04  9.83500000e-09  4.74942610e-05  9.83500000e-09  1.02192012e-04  9.83500000e-09  6.29445974e-05  9.83500000e-09  3.41805185e-04  9.83500000e-09  5.24848334e-05 
 9.84500000e-09  3.12483337e+00  9.84500000e-09  4.27640794e-04  9.84500000e-09  5.13974731e-05  9.84500000e-09  1.03032809e-04  9.84500000e-09  6.46436814e-05  9.84500000e-09  3.50442691e-04  9.84500000e-09  5.85070219e-05 
 9.85500000e-09  3.11112845e+00  9.85500000e-09  4.28383764e-04  9.85500000e-09  5.54389214e-05  9.85500000e-09  1.03770907e-04  9.85500000e-09  6.61475454e-05  9.85500000e-09  3.57420195e-04  9.85500000e-09  6.42993675e-05 
 9.86500000e-09  3.09768247e+00  9.86500000e-09  4.29031631e-04  9.86500000e-09  5.96498500e-05  9.86500000e-09  1.04441983e-04  9.86500000e-09  6.74780373e-05  9.86500000e-09  3.63063233e-04  9.86500000e-09  6.98288175e-05 
 9.87500000e-09  3.08446760e+00  9.87500000e-09  4.29604046e-04  9.87500000e-09  6.40645181e-05  9.87500000e-09  1.05060055e-04  9.87500000e-09  6.86550250e-05  9.87500000e-09  3.67664505e-04  9.87500000e-09  7.50795053e-05 
 9.88500000e-09  3.07143163e+00  9.88500000e-09  4.30093345e-04  9.88500000e-09  6.87153309e-05  9.88500000e-09  1.05618450e-04  9.88500000e-09  6.96955387e-05  9.88500000e-09  3.71457371e-04  9.88500000e-09  8.00543296e-05 
 9.89500000e-09  3.05851183e+00  9.89500000e-09  4.30483178e-04  9.89500000e-09  7.36286836e-05  9.89500000e-09  1.06103385e-04  9.89500000e-09  7.06117149e-05  9.89500000e-09  3.74617582e-04  9.89500000e-09  8.47692375e-05 
 9.90500000e-09  3.04565480e+00  9.90500000e-09  4.30771489e-04  9.90500000e-09  7.88250097e-05  9.90500000e-09  1.06511826e-04  9.90500000e-09  7.14085087e-05  9.90500000e-09  3.77278271e-04  9.90500000e-09  8.92404088e-05 
 9.91500000e-09  3.03281995e+00  9.91500000e-09  4.30973316e-04  9.91500000e-09  8.43247313e-05  9.91500000e-09  1.06854237e-04  9.91500000e-09  7.20864148e-05  9.91500000e-09  3.79542765e-04  9.91500000e-09  9.34761251e-05 
 9.92500000e-09  3.01997025e+00  9.92500000e-09  4.31109003e-04  9.92500000e-09  9.01537161e-05  9.92500000e-09  1.07145733e-04  9.92500000e-09  7.26451883e-05  9.92500000e-09  3.81491463e-04  9.92500000e-09  9.74772239e-05 
 9.93500000e-09  3.00706455e+00  9.93500000e-09  4.31195749e-04  9.93500000e-09  9.63454195e-05  9.93500000e-09  1.07399468e-04  9.93500000e-09  7.30849894e-05  9.93500000e-09  3.83186802e-04  9.93500000e-09  1.01239960e-04 
 9.94500000e-09  2.99405253e+00  9.94500000e-09  4.31243259e-04  9.94500000e-09  1.02940079e-04  9.94500000e-09  1.07623040e-04  9.94500000e-09  7.34059852e-05  9.94500000e-09  3.84676456e-04  9.94500000e-09  1.04759833e-04 
 9.95500000e-09  2.98087527e+00  9.95500000e-09  4.31256104e-04  9.95500000e-09  1.09982979e-04  9.95500000e-09  1.07820179e-04  9.95500000e-09  7.36066981e-05  9.95500000e-09  3.85996550e-04  9.95500000e-09  1.08032699e-04 
 9.96500000e-09  2.96746507e+00  9.96500000e-09  4.31236083e-04  9.96500000e-09  1.17524495e-04  9.96500000e-09  1.07992531e-04  9.96500000e-09  7.36836063e-05  9.96500000e-09  3.87174698e-04  9.96500000e-09  1.11054338e-04 
 9.97500000e-09  2.95374447e+00  9.97500000e-09  4.31183935e-04  9.97500000e-09  1.25620608e-04  9.97500000e-09  1.08140979e-04  9.97500000e-09  7.36307267e-05  9.97500000e-09  3.88232213e-04  9.97500000e-09  1.13819944e-04 
 9.98500000e-09  2.93962768e+00  9.98500000e-09  4.31104518e-04  9.98500000e-09  1.34334841e-04  9.98500000e-09  1.08269828e-04  9.98500000e-09  7.34376278e-05  9.98500000e-09  3.89186337e-04  9.98500000e-09  1.16320995e-04 
 9.99500000e-09  2.92502175e+00  9.99500000e-09  4.31013867e-04  9.99500000e-09  1.43744090e-04  9.99500000e-09  1.08392618e-04  9.99500000e-09  7.30855279e-05  9.99500000e-09  3.90052640e-04  9.99500000e-09  1.18539047e-04 
 1.00050000e-08  2.90980880e+00  1.00050000e-08  4.30928521e-04  1.00050000e-08  1.53946529e-04  1.00050000e-08  1.08523794e-04  1.00050000e-08  7.25485068e-05  1.00050000e-08  3.90845372e-04  1.00050000e-08  1.20446878e-04 
 1.00150000e-08  2.89381811e+00  1.00150000e-08  4.30845318e-04  1.00150000e-08  1.65060628e-04  1.00150000e-08  1.08662429e-04  1.00150000e-08  7.17990805e-05  1.00150000e-08  3.91575359e-04  1.00150000e-08  1.22019130e-04 
 1.00250000e-08  2.87681518e+00  1.00250000e-08  4.30739190e-04  1.00250000e-08  1.77209414e-04  1.00250000e-08  1.08790075e-04  1.00250000e-08  7.08096573e-05  1.00250000e-08  3.92248337e-04  1.00250000e-08  1.23240038e-04 
 1.00350000e-08  2.85851703e+00  1.00350000e-08  4.30585956e-04  1.00350000e-08  1.90491764e-04  1.00350000e-08  1.08888907e-04  1.00350000e-08  6.95446514e-05  1.00350000e-08  3.92866294e-04  1.00350000e-08  1.24095604e-04 
 1.00450000e-08  2.83866126e+00  1.00450000e-08  4.30458389e-04  1.00450000e-08  2.04947421e-04  1.00450000e-08  1.09020339e-04  1.00450000e-08  6.79056476e-05  1.00450000e-08  3.93439091e-04  1.00450000e-08  1.24510869e-04 
 1.00550000e-08  2.81683672e+00  1.00550000e-08  4.30334885e-04  1.00550000e-08  2.20378908e-04  1.00550000e-08  1.09170773e-04  1.00550000e-08  6.58131642e-05  1.00550000e-08  3.93972533e-04  1.00550000e-08  1.24415714e-04 
 1.00650000e-08  2.79257343e+00  1.00650000e-08  4.30093886e-04  1.00650000e-08  2.35759321e-04  1.00650000e-08  1.09244263e-04  1.00650000e-08  6.32630450e-05  1.00650000e-08  3.94459185e-04  1.00650000e-08  1.23782048e-04 
 1.00750000e-08  2.76562768e+00  1.00750000e-08  4.29668290e-04  1.00750000e-08  2.48490496e-04  1.00750000e-08  1.09186381e-04  1.00750000e-08  6.03408196e-05  1.00750000e-08  3.94888473e-04  1.00750000e-08  1.22586987e-04 
 1.00850000e-08  2.73622735e+00  1.00850000e-08  4.29364905e-04  1.00850000e-08  2.55342675e-04  1.00850000e-08  1.09248570e-04  1.00850000e-08  5.70441739e-05  1.00850000e-08  3.95284742e-04  1.00850000e-08  1.20643121e-04 
 1.00950000e-08  2.70437134e+00  1.00950000e-08  4.28968707e-04  1.00950000e-08  2.56331462e-04  1.00950000e-08  1.09256966e-04  1.00950000e-08  5.37422968e-05  1.00950000e-08  3.95648431e-04  1.00950000e-08  1.18011038e-04 
 1.01050000e-08  2.67023192e+00  1.01050000e-08  4.28054171e-04  1.01050000e-08  2.54688343e-04  1.01050000e-08  1.08857656e-04  1.01050000e-08  5.09689578e-05  1.01050000e-08  3.95939436e-04  1.01050000e-08  1.15055750e-04 
 1.01150000e-08  2.63464845e+00  1.01150000e-08  4.26930412e-04  1.01150000e-08  2.52368964e-04  1.01150000e-08  1.08296451e-04  1.01150000e-08  4.87054518e-05  1.01150000e-08  3.96157268e-04  1.01150000e-08  1.11947440e-04 
 1.01250000e-08  2.59825724e+00  1.01250000e-08  4.25938412e-04  1.01250000e-08  2.49796421e-04  1.01250000e-08  1.07849304e-04  1.01250000e-08  4.67226159e-05  1.01250000e-08  3.96335066e-04  1.01250000e-08  1.08703116e-04 
 1.01350000e-08  2.56128990e+00  1.01350000e-08  4.25222512e-04  1.01350000e-08  2.46861763e-04  1.01350000e-08  1.07635669e-04  1.01350000e-08  4.48104551e-05  1.01350000e-08  3.96510647e-04  1.01350000e-08  1.05279857e-04 
 1.01450000e-08  2.52369907e+00  1.01450000e-08  4.24779116e-04  1.01450000e-08  2.43380797e-04  1.01450000e-08  1.07658712e-04  1.01450000e-08  4.28336063e-05  1.01450000e-08  3.96714905e-04  1.01450000e-08  1.01626189e-04 
 1.01550000e-08  2.48529545e+00  1.01550000e-08  4.24521826e-04  1.01550000e-08  2.39247208e-04  1.01550000e-08  1.07856573e-04  1.01550000e-08  4.07373570e-05  1.01550000e-08  3.96967294e-04  1.01550000e-08  9.77141036e-05 
 1.01650000e-08  2.44585759e+00  1.01650000e-08  4.24343391e-04  1.01650000e-08  2.34448296e-04  1.01650000e-08  1.08150052e-04  1.01650000e-08  3.85260985e-05  1.01650000e-08  3.97276245e-04  1.01650000e-08  9.35483491e-05 
 1.01750000e-08  2.40519813e+00  1.01750000e-08  4.24158624e-04  1.01750000e-08  2.29025184e-04  1.01750000e-08  1.08476277e-04  1.01750000e-08  3.62322753e-05  1.01750000e-08  3.97641673e-04  1.01750000e-08  8.91584883e-05 
 1.01850000e-08  2.36317987e+00  1.01850000e-08  4.23914059e-04  1.01850000e-08  2.23036928e-04  1.01850000e-08  1.08797102e-04  1.01850000e-08  3.38951023e-05  1.01850000e-08  3.98059861e-04  1.01850000e-08  8.45880604e-05 
 1.01950000e-08  2.31971589e+00  1.01950000e-08  4.23583495e-04  1.01950000e-08  2.16536604e-04  1.01950000e-08  1.09096685e-04  1.01950000e-08  3.15490768e-05  1.01950000e-08  3.98524529e-04  1.01950000e-08  7.98852338e-05 
 1.02050000e-08  2.27475851e+00  1.02050000e-08  4.23157205e-04  1.02050000e-08  2.09560147e-04  1.02050000e-08  1.09373953e-04  1.02050000e-08  2.92200649e-05  1.02050000e-08  3.99022983e-04  1.02050000e-08  7.50966650e-05 
 1.02150000e-08  2.22826781e+00  1.02150000e-08  4.22625190e-04  1.02150000e-08  2.02128411e-04  1.02150000e-08  1.09630190e-04  1.02150000e-08  2.69268381e-05  1.02150000e-08  3.99552518e-04  1.02150000e-08  7.02638129e-05 
 1.02250000e-08  2.18021705e+00  1.02250000e-08  4.21980484e-04  1.02250000e-08  1.94246271e-04  1.02250000e-08  1.09872869e-04  1.02250000e-08  2.46819855e-05  1.02250000e-08  4.00107706e-04  1.02250000e-08  6.54215652e-05 
 1.02350000e-08  2.13052033e+00  1.02350000e-08  4.21203964e-04  1.02350000e-08  1.85911536e-04  1.02350000e-08  1.10105580e-04  1.02350000e-08  2.24951834e-05  1.02350000e-08  4.00677626e-04  1.02350000e-08  6.06035466e-05 
 1.02450000e-08  2.07908002e+00  1.02450000e-08  4.20260036e-04  1.02450000e-08  1.77116530e-04  1.02450000e-08  1.10326877e-04  1.02450000e-08  2.03741162e-05  1.02450000e-08  4.01249021e-04  1.02450000e-08  5.58422679e-05 
 1.02550000e-08  2.02592716e+00  1.02550000e-08  4.19095167e-04  1.02550000e-08  1.67858103e-04  1.02550000e-08  1.10531919e-04  1.02550000e-08  1.83268946e-05  1.02550000e-08  4.01834574e-04  1.02550000e-08  5.11589359e-05 
 1.02650000e-08  1.97112632e+00  1.02650000e-08  4.17640831e-04  1.02650000e-08  1.58135365e-04  1.02650000e-08  1.10724446e-04  1.02650000e-08  1.63608802e-05  1.02650000e-08  4.02433015e-04  1.02650000e-08  4.65727583e-05 
 1.02750000e-08  1.91466319e+00  1.02750000e-08  4.15771156e-04  1.02750000e-08  1.47961019e-04  1.02750000e-08  1.10900488e-04  1.02750000e-08  1.44842999e-05  1.02750000e-08  4.03028898e-04  1.02750000e-08  4.21020297e-05 
 1.02850000e-08  1.85652427e+00  1.02850000e-08  4.13252800e-04  1.02850000e-08  1.37360849e-04  1.02850000e-08  1.11042102e-04  1.02850000e-08  1.27052948e-05  1.02850000e-08  4.03616359e-04  1.02850000e-08  3.77636332e-05 
 1.02950000e-08  1.79669027e+00  1.02950000e-08  4.09643897e-04  1.02950000e-08  1.26384371e-04  1.02950000e-08  1.11119650e-04  1.02950000e-08  1.10327082e-05  1.02950000e-08  4.04186726e-04  1.02950000e-08  3.35716269e-05 
 1.03050000e-08  1.73514294e+00  1.03050000e-08  4.03998197e-04  1.03050000e-08  1.15093738e-04  1.03050000e-08  1.11071705e-04  1.03050000e-08  9.47603449e-06  1.03050000e-08  4.04729121e-04  1.03050000e-08  2.95383234e-05 
 1.03150000e-08  1.67192607e+00  1.03150000e-08  3.94025496e-04  1.03150000e-08  1.03626339e-04  1.03150000e-08  1.10752372e-04  1.03150000e-08  8.04552836e-06  1.03150000e-08  4.05228211e-04  1.03150000e-08  2.56761348e-05 
 1.03250000e-08  1.60733764e+00  1.03250000e-08  3.73964156e-04  1.03250000e-08  9.21860539e-05  1.03250000e-08  1.09770444e-04  1.03250000e-08  6.75256911e-06  1.03250000e-08  4.05659931e-04  1.03250000e-08  2.20015175e-05 
 1.03350000e-08  1.54248597e+00  1.03350000e-08  3.34731836e-04  1.03350000e-08  8.10605772e-05  1.03350000e-08  1.07206085e-04  1.03350000e-08  5.61156590e-06  1.03350000e-08  4.05983466e-04  1.03350000e-08  1.85469252e-05 
 1.03450000e-08  1.47967162e+00  1.03450000e-08  2.80450825e-04  1.03450000e-08  7.06093403e-05  1.03450000e-08  1.02240941e-04  1.03450000e-08  4.63507240e-06  1.03450000e-08  4.06138409e-04  1.03450000e-08  1.53661791e-05 
 1.03550000e-08  1.42087264e+00  1.03550000e-08  2.27979753e-04  1.03550000e-08  6.10019144e-05  1.03550000e-08  9.59440301e-05  1.03550000e-08  3.81244001e-06  1.03550000e-08  4.06059749e-04  1.03550000e-08  1.24929660e-05 
 1.03650000e-08  1.36621215e+00  1.03650000e-08  1.85252189e-04  1.03650000e-08  5.21496728e-05  1.03650000e-08  9.01764719e-05  1.03650000e-08  3.11357243e-06  1.03650000e-08  4.05712470e-04  1.03650000e-08  9.91415360e-06 
 1.03750000e-08  1.31470889e+00  1.03750000e-08  1.52609350e-04  1.03750000e-08  4.39785581e-05  1.03750000e-08  8.57477264e-05  1.03750000e-08  2.51565035e-06  1.03750000e-08  4.05113599e-04  1.03750000e-08  7.60031245e-06 
 1.03850000e-08  1.26525679e+00  1.03850000e-08  1.27863089e-04  1.03850000e-08  3.65072621e-05  1.03850000e-08  8.25218072e-05  1.03850000e-08  2.00644961e-06  1.03850000e-08  4.04307220e-04  1.03850000e-08  5.52562748e-06 
 1.03950000e-08  1.21695779e+00  1.03950000e-08  1.08687456e-04  1.03950000e-08  2.97990797e-05  1.03950000e-08  8.00615335e-05  1.03950000e-08  1.57842127e-06  1.03950000e-08  4.03331097e-04  1.03950000e-08  3.67007852e-06 
 1.04050000e-08  1.16911901e+00  1.04050000e-08  9.33503098e-05  1.04050000e-08  2.39149059e-05  1.04050000e-08  7.79743600e-05  1.04050000e-08  1.22486030e-06  1.04050000e-08  4.02204623e-04  1.04050000e-08  2.01727775e-06 
 1.04150000e-08  1.12131289e+00  1.04150000e-08  8.07896660e-05  1.04150000e-08  1.88794542e-05  1.04150000e-08  7.60588005e-05  1.04150000e-08  9.38084938e-07  1.04150000e-08  4.00925859e-04  1.04150000e-08  5.52427604e-07 
 1.04250000e-08  1.07359560e+00  1.04250000e-08  7.04994008e-05  1.04250000e-08  1.47372130e-05  1.04250000e-08  7.43755540e-05  1.04250000e-08  7.12907778e-07  1.04250000e-08  3.99489201e-04  1.04250000e-08  8.90372090e-07 
 1.04350000e-08  1.02632983e+00  1.04350000e-08  6.21477317e-05  1.04350000e-08  1.13423454e-05  1.04350000e-08  7.30396098e-05  1.04350000e-08  5.35536663e-07  1.04350000e-08  3.97921046e-04  1.04350000e-08  2.21358157e-06 
 1.04450000e-08  9.79778599e-01  1.04450000e-08  5.53145458e-05  1.04450000e-08  8.57313878e-06  1.04450000e-08  7.19927569e-05  1.04450000e-08  3.95716295e-07  1.04450000e-08  3.96282508e-04  1.04450000e-08  3.29774442e-06 
 1.04550000e-08  9.34048214e-01  1.04550000e-08  4.96356308e-05  1.04550000e-08  6.36992428e-06  1.04550000e-08  7.11404662e-05  1.04550000e-08  2.87763022e-07  1.04550000e-08  3.94637249e-04  1.04550000e-08  4.16039184e-06 
 1.04650000e-08  8.89153553e-01  1.04650000e-08  4.48602148e-05  1.04650000e-08  4.65802497e-06  1.04650000e-08  7.04392172e-05  1.04650000e-08  2.06115939e-07  1.04650000e-08  3.93031153e-04  1.04650000e-08  4.81420596e-06 
 1.04750000e-08  8.45050838e-01  1.04750000e-08  4.08056243e-05  1.04750000e-08  3.35615655e-06  1.04750000e-08  6.98684964e-05  1.04750000e-08  1.45563010e-07  1.04750000e-08  3.91480570e-04  1.04750000e-08  5.27134872e-06 
 1.04850000e-08  8.01647159e-01  1.04850000e-08  3.73255247e-05  1.04850000e-08  2.38523090e-06  1.04850000e-08  6.94035401e-05  1.04850000e-08  1.01475708e-07  1.04850000e-08  3.89963235e-04  1.04850000e-08  5.54751484e-06 
 1.04950000e-08  7.58800378e-01  1.04950000e-08  3.42945907e-05  1.04950000e-08  1.67416067e-06  1.04950000e-08  6.90003622e-05  1.04950000e-08  6.99331500e-08  1.04950000e-08  3.88416879e-04  1.04950000e-08  5.66386273e-06 
 1.05050000e-08  7.16356793e-01  1.05050000e-08  3.16171184e-05  1.05050000e-08  1.16226968e-06  1.05050000e-08  6.86199790e-05  1.05050000e-08  4.77326757e-08  1.05050000e-08  3.86741602e-04  1.05050000e-08  5.65016006e-06 
 1.05150000e-08  6.74208335e-01  1.05150000e-08  2.92327093e-05  1.05150000e-08  7.99482813e-07  1.05150000e-08  6.82536999e-05  1.05150000e-08  3.23316355e-08  1.05150000e-08  3.84791482e-04  1.05150000e-08  5.53599436e-06 
 1.05250000e-08  6.32291213e-01  1.05250000e-08  2.70929146e-05  1.05250000e-08  5.45826471e-07  1.05250000e-08  6.78879028e-05  1.05250000e-08  2.17740138e-08  1.05250000e-08  3.82349165e-04  1.05250000e-08  5.33848261e-06 
 1.05350000e-08  5.90573189e-01  1.05350000e-08  2.51498500e-05  1.05350000e-08  3.70685664e-07  1.05350000e-08  6.74834515e-05  1.05350000e-08  1.46128217e-08  1.05350000e-08  3.79080633e-04  1.05350000e-08  5.08366257e-06 
 1.05450000e-08  5.49045476e-01  1.05450000e-08  2.33598718e-05  1.05450000e-08  2.50986581e-07  1.05450000e-08  6.69847641e-05  1.05450000e-08  9.79442112e-09  1.05450000e-08  3.74430418e-04  1.05450000e-08  4.79512858e-06 
 1.05550000e-08  5.07756677e-01  1.05550000e-08  2.16862741e-05  1.05550000e-08  1.69787016e-07  1.05550000e-08  6.63272413e-05  1.05550000e-08  6.56947374e-09  1.05550000e-08  3.67468107e-04  1.05550000e-08  4.49416870e-06 
 1.05650000e-08  4.66924294e-01  1.05650000e-08  2.01091481e-05  1.05650000e-08  1.14877508e-07  1.05650000e-08  6.54685531e-05  1.05650000e-08  4.41341900e-09  1.05650000e-08  3.56778471e-04  1.05650000e-08  4.20550472e-06 
 1.05750000e-08  4.26793643e-01  1.05750000e-08  1.85800702e-05  1.05750000e-08  7.78558241e-08  1.05750000e-08  6.42513824e-05  1.05750000e-08  2.97358374e-09  1.05750000e-08  3.40746530e-04  1.05750000e-08  3.94173440e-06 
 1.05850000e-08  3.87871828e-01  1.05850000e-08  1.70900777e-05  1.05850000e-08  5.28467051e-08  1.05850000e-08  6.26145302e-05  1.05850000e-08  2.00864840e-09  1.05850000e-08  3.19052285e-04  1.05850000e-08  3.70918213e-06 
 1.05950000e-08  3.51062510e-01  1.05950000e-08  1.56845059e-05  1.05950000e-08  3.58621518e-08  1.05950000e-08  6.06850094e-05  1.05950000e-08  1.35764401e-09  1.05950000e-08  2.93817115e-04  1.05950000e-08  3.51333196e-06 
 1.06050000e-08  3.17770220e-01  1.06050000e-08  1.44888178e-05  1.06050000e-08  2.42671948e-08  1.06050000e-08  5.89385917e-05  1.06050000e-08  9.15658737e-10  1.06050000e-08  2.68266584e-04  1.06050000e-08  3.38092989e-06 
 1.06150000e-08  2.88926804e-01  1.06150000e-08  1.35019546e-05  1.06150000e-08  1.63169691e-08  1.06150000e-08  5.74452182e-05  1.06150000e-08  6.13985590e-10  1.06150000e-08  2.44794497e-04  1.06150000e-08  3.26717254e-06 
 1.06250000e-08  2.64299451e-01  1.06250000e-08  1.26025812e-05  1.06250000e-08  1.09433206e-08  1.06250000e-08  5.58032166e-05  1.06250000e-08  4.10852823e-10  1.06250000e-08  2.24271066e-04  1.06250000e-08  3.18132292e-06 
 1.06350000e-08  2.43130032e-01  1.06350000e-08  1.17456998e-05  1.06350000e-08  7.35699136e-09  1.06350000e-08  5.39039742e-05  1.06350000e-08  2.75704022e-10  1.06350000e-08  2.06498903e-04  1.06350000e-08  3.12911621e-06 
 1.06450000e-08  2.24745292e-01  1.06450000e-08  1.09462982e-05  1.06450000e-08  4.97498999e-09  1.06450000e-08  5.18878487e-05  1.06450000e-08  1.86164766e-10  1.06450000e-08  1.91007141e-04  1.06450000e-08  3.10678226e-06 
 1.06550000e-08  2.08635772e-01  1.06550000e-08  1.02133424e-05  1.06550000e-08  3.39130107e-09  1.06550000e-08  4.98625200e-05  1.06550000e-08  1.26753901e-10  1.06550000e-08  1.77392594e-04  1.06550000e-08  3.10581853e-06 
 1.06650000e-08  1.94427193e-01  1.06650000e-08  9.54904743e-06  1.06650000e-08  2.33365858e-09  1.06650000e-08  4.78959698e-05  1.06650000e-08  8.71412361e-11  1.06650000e-08  1.65349054e-04  1.06650000e-08  3.11696005e-06 
 1.06750000e-08  1.81839695e-01  1.06750000e-08  8.95088608e-06  1.06750000e-08  1.62268015e-09  1.06750000e-08  4.60247327e-05  1.06750000e-08  6.05468172e-11  1.06750000e-08  1.54648236e-04  1.06750000e-08  3.13231227e-06 
 1.06850000e-08  1.70653627e-01  1.06850000e-08  8.41498482e-06  1.06850000e-08  1.14097859e-09  1.06850000e-08  4.42710618e-05  1.06850000e-08  4.25472536e-11  1.06850000e-08  1.45109630e-04  1.06850000e-08  3.14607632e-06 
 1.06950000e-08  1.60692300e-01  1.06950000e-08  7.93614808e-06  1.06950000e-08  8.11744380e-10  1.06950000e-08  4.26436794e-05  1.06950000e-08  3.02551418e-11  1.06950000e-08  1.36589831e-04  1.06950000e-08  3.15452324e-06 
 1.07050000e-08  1.51813287e-01  1.07050000e-08  7.50909504e-06  1.07050000e-08  5.84585712e-10  1.07050000e-08  4.11447644e-05  1.07050000e-08  2.17797879e-11  1.07050000e-08  1.28974035e-04  1.07050000e-08  3.15565466e-06 
 1.07150000e-08  1.43896854e-01  1.07150000e-08  7.12945250e-06  1.07150000e-08  4.26306593e-10  1.07150000e-08  3.97764099e-05  1.07150000e-08  1.58775872e-11  1.07150000e-08  1.22163679e-04  1.07150000e-08  3.14877443e-06 
 1.07250000e-08  1.36843315e-01  1.07250000e-08  6.79325184e-06  1.07250000e-08  3.14900602e-10  1.07250000e-08  3.85387252e-05  1.07250000e-08  1.17251388e-11  1.07250000e-08  1.16076446e-04  1.07250000e-08  3.13409224e-06 
 1.07350000e-08  1.30572544e-01  1.07350000e-08  6.49769039e-06  1.07350000e-08  2.35682217e-10  1.07350000e-08  3.74347452e-05  1.07350000e-08  8.77351080e-12  1.07350000e-08  1.10644214e-04  1.07350000e-08  3.11241068e-06 
 1.07450000e-08  1.25024290e-01  1.07450000e-08  6.24121951e-06  1.07450000e-08  1.78780632e-10  1.07450000e-08  3.64716868e-05  1.07450000e-08  6.65403907e-12  1.07450000e-08  1.05813538e-04  1.07450000e-08  3.08496399e-06 
 1.07550000e-08  1.20153211e-01  1.07550000e-08  6.02302975e-06  1.07550000e-08  1.37540170e-10  1.07550000e-08  3.56584775e-05  1.07550000e-08  5.11830202e-12  1.07550000e-08  1.01542932e-04  1.07550000e-08  3.05287354e-06 
 1.07650000e-08  1.15913904e-01  1.07650000e-08  5.83947927e-06  1.07650000e-08  1.07404558e-10  1.07650000e-08  3.49855061e-05  1.07650000e-08  3.99633193e-12  1.07650000e-08  9.77991412e-05  1.07650000e-08  3.01860612e-06 
 1.07750000e-08  1.12236105e-01  1.07750000e-08  5.68154544e-06  1.07750000e-08  8.51131090e-11  1.07750000e-08  3.44106575e-05  1.07750000e-08  3.16655658e-12  1.07750000e-08  9.45414463e-05  1.07750000e-08  2.98807554e-06 
 1.07850000e-08  1.09010504e-01  1.07850000e-08  5.53728338e-06  1.07850000e-08  6.84103750e-11  1.07850000e-08  3.38718919e-05  1.07850000e-08  2.54490985e-12  1.07850000e-08  9.16998712e-05  1.07850000e-08  2.96093018e-06 
 1.07950000e-08  1.06132937e-01  1.07950000e-08  5.40129987e-06  1.07950000e-08  5.56955700e-11  1.07950000e-08  3.33443704e-05  1.07950000e-08  2.07174473e-12  1.07950000e-08  8.91880278e-05  1.07950000e-08  2.93079619e-06 
 1.08050000e-08  1.03530516e-01  1.08050000e-08  5.27209677e-06  1.08050000e-08  4.58460391e-11  1.08050000e-08  3.28252799e-05  1.08050000e-08  1.70524287e-12  1.08050000e-08  8.69370275e-05  1.08050000e-08  2.89169371e-06 
 1.08150000e-08  1.01153818e-01  1.08150000e-08  5.14976739e-06  1.08150000e-08  3.80935705e-11  1.08150000e-08  3.23203499e-05  1.08150000e-08  1.41679633e-12  1.08150000e-08  8.48960421e-05  1.08150000e-08  2.84109004e-06 
 1.08250000e-08  9.89687390e-02  1.08250000e-08  5.03351162e-06  1.08250000e-08  3.18963311e-11  1.08250000e-08  3.18290567e-05  1.08250000e-08  1.18623177e-12  1.08250000e-08  8.30323001e-05  1.08250000e-08  2.77900436e-06 
 1.08350000e-08  9.69538012e-02  1.08350000e-08  4.92241196e-06  1.08350000e-08  2.68535337e-11  1.08350000e-08  3.13498253e-05  1.08350000e-08  9.98629579e-13  1.08350000e-08  8.13256785e-05  1.08350000e-08  2.70500381e-06 
 1.08450000e-08  9.50982837e-02  1.08450000e-08  4.81561947e-06  1.08450000e-08  2.26625511e-11  1.08450000e-08  3.08814193e-05  1.08450000e-08  8.42725474e-13  1.08450000e-08  7.97661257e-05  1.08450000e-08  2.61591497e-06 
 1.08550000e-08  9.33989589e-02  1.08550000e-08  4.71296328e-06  1.08550000e-08  1.91053777e-11  1.08550000e-08  3.04266439e-05  1.08550000e-08  7.10405691e-13  1.08550000e-08  7.83485467e-05  1.08550000e-08  2.50624829e-06 
 1.08650000e-08  9.18547293e-02  1.08650000e-08  4.61533422e-06  1.08650000e-08  1.60429733e-11  1.08650000e-08  2.99943918e-05  1.08650000e-08  5.96495861e-13  1.08650000e-08  7.70666652e-05  1.08650000e-08  2.37085089e-06 
 1.08750000e-08  9.04616310e-02  1.08750000e-08  4.52426383e-06  1.08750000e-08  1.33979525e-11  1.08750000e-08  2.95967369e-05  1.08750000e-08  4.98116253e-13  1.08750000e-08  7.59099703e-05  1.08750000e-08  2.20753601e-06 
 1.08850000e-08  8.92076142e-02  1.08850000e-08  4.44072587e-06  1.08850000e-08  1.11288567e-11  1.08850000e-08  2.92412534e-05  1.08850000e-08  4.13723884e-13  1.08850000e-08  7.48628522e-05  1.08850000e-08  2.01746706e-06 
 1.08950000e-08  8.80709502e-02  1.08950000e-08  4.36419781e-06  1.08950000e-08  9.20595177e-12  1.08950000e-08  2.89251445e-05  1.08950000e-08  3.42211860e-13  1.08950000e-08  7.39059929e-05  1.08950000e-08  1.80474536e-06 
 1.09050000e-08  8.70328441e-02  1.09050000e-08  4.29314394e-06  1.09050000e-08  7.59279635e-12  1.09050000e-08  2.86389646e-05  1.09050000e-08  2.82223952e-13  1.09050000e-08  7.30262710e-05  1.09050000e-08  1.57759914e-06 
 1.09150000e-08  8.60665761e-02  1.09150000e-08  4.22758076e-06  1.09150000e-08  6.25657992e-12  1.09150000e-08  2.83828383e-05  1.09150000e-08  2.32538582e-13  1.09150000e-08  7.21980817e-05  1.09150000e-08  1.34251379e-06 
 1.09250000e-08  8.51402406e-02  1.09250000e-08  4.16624046e-06  1.09250000e-08  5.16465545e-12  1.09250000e-08  2.81477857e-05  1.09250000e-08  1.91940220e-13  1.09250000e-08  7.13956671e-05  1.09250000e-08  1.10454841e-06 
 1.09350000e-08  8.42385142e-02  1.09350000e-08  4.10785719e-06  1.09350000e-08  4.27627560e-12  1.09350000e-08  2.79255956e-05  1.09350000e-08  1.58912698e-13  1.09350000e-08  7.06092445e-05  1.09350000e-08  8.73529777e-07 
 1.09450000e-08  8.33600556e-02  1.09450000e-08  4.04905978e-06  1.09450000e-08  3.55605262e-12  1.09450000e-08  2.76931365e-05  1.09450000e-08  1.32139359e-13  1.09450000e-08  6.98480281e-05  1.09450000e-08  6.61273836e-07 
 1.09550000e-08  8.24834862e-02  1.09550000e-08  3.99349118e-06  1.09550000e-08  2.97091226e-12  1.09550000e-08  2.74763759e-05  1.09550000e-08  1.10389814e-13  1.09550000e-08  6.90796075e-05  1.09550000e-08  4.80635324e-07 
 1.09650000e-08  8.15607228e-02  1.09650000e-08  3.93278288e-06  1.09650000e-08  2.49795742e-12  1.09650000e-08  2.72184675e-05  1.09650000e-08  9.28121953e-14  1.09650000e-08  6.82874094e-05  1.09650000e-08  3.47760776e-07 
 1.09750000e-08  8.04538379e-02  1.09750000e-08  3.85072085e-06  1.09750000e-08  2.11612797e-12  1.09750000e-08  2.68092759e-05  1.09750000e-08  7.86229806e-14  1.09750000e-08  6.73944508e-05  1.09750000e-08  2.73382096e-07 
 1.09850000e-08  7.89825094e-02  1.09850000e-08  3.73537486e-06  1.09850000e-08  1.80863617e-12  1.09850000e-08  2.61664095e-05  1.09850000e-08  6.71975570e-14  1.09850000e-08  6.62664890e-05  1.09850000e-08  2.61943970e-07 
 1.09950000e-08  7.71405361e-02  1.09950000e-08  3.60874332e-06  1.09950000e-08  1.56329902e-12  1.09950000e-08  2.54383209e-05  1.09950000e-08  5.80825416e-14  1.09950000e-08  6.48186791e-05  1.09950000e-08  3.08463666e-07 
 1.10050000e-08  7.50473022e-02  1.10050000e-08  3.48864338e-06  1.10050000e-08  1.36894016e-12  1.10050000e-08  2.47442262e-05  1.10050000e-08  5.08619746e-14  1.10050000e-08  6.31064107e-05  1.10050000e-08  3.87512886e-07 
 1.10150000e-08  7.28186427e-02  1.10150000e-08  3.37535410e-06  1.10150000e-08  1.21458894e-12  1.10150000e-08  2.40831121e-05  1.10150000e-08  4.51278053e-14  1.10150000e-08  6.12448853e-05  1.10150000e-08  4.71161283e-07 
 1.10250000e-08  7.05485953e-02  1.10250000e-08  3.26631568e-06  1.10250000e-08  1.08945240e-12  1.10250000e-08  2.34367628e-05  1.10250000e-08  4.04789071e-14  1.10250000e-08  5.93362471e-05  1.10250000e-08  5.46368153e-07 
 1.10350000e-08  6.83277648e-02  1.10350000e-08  3.15946874e-06  1.10350000e-08  9.81108898e-13  1.10350000e-08  2.27940914e-05  1.10350000e-08  3.64538194e-14  1.10350000e-08  5.74758941e-05  1.10350000e-08  6.16610614e-07 
 1.10450000e-08  6.61376017e-02  1.10450000e-08  3.05381149e-06  1.10450000e-08  8.88561017e-13  1.10450000e-08  2.21470826e-05  1.10450000e-08  3.30153794e-14  1.10450000e-08  5.56484630e-05  1.10450000e-08  6.64762637e-07 
 1.10550000e-08  6.39904436e-02  1.10550000e-08  2.94794977e-06  1.10550000e-08  8.07865955e-13  1.10550000e-08  2.14875266e-05  1.10550000e-08  3.00172573e-14  1.10550000e-08  5.38700313e-05  1.10550000e-08  7.06167361e-07 
 1.10650000e-08  6.18958580e-02  1.10650000e-08  2.84157096e-06  1.10650000e-08  7.34922726e-13  1.10650000e-08  2.08155246e-05  1.10650000e-08  2.73071487e-14  1.10650000e-08  5.21499518e-05  1.10650000e-08  7.49740274e-07 
 1.10750000e-08  5.98723012e-02  1.10750000e-08  2.73477648e-06  1.10750000e-08  6.65462183e-13  1.10750000e-08  2.01349553e-05  1.10750000e-08  2.47264890e-14  1.10750000e-08  5.05049787e-05  1.10750000e-08  8.06955514e-07 
 1.10850000e-08  5.79432822e-02  1.10850000e-08  2.62836866e-06  1.10850000e-08  5.95856491e-13  1.10850000e-08  1.94551139e-05  1.10850000e-08  2.21405109e-14  1.10850000e-08  4.89545752e-05  1.10850000e-08  8.89000796e-07 
 1.10950000e-08  5.61300447e-02  1.10950000e-08  2.52462096e-06  1.10950000e-08  5.24579248e-13  1.10950000e-08  1.87952572e-05  1.10950000e-08  1.94924738e-14  1.10950000e-08  4.75108835e-05  1.10950000e-08  1.00124496e-06 
 1.11050000e-08  5.44317298e-02  1.11050000e-08  2.42545604e-06  1.11050000e-08  4.53747865e-13  1.11050000e-08  1.81693239e-05  1.11050000e-08  1.68609650e-14  1.11050000e-08  4.61656713e-05  1.11050000e-08  1.13463289e-06 
 1.11150000e-08  5.28131245e-02  1.11150000e-08  2.32934074e-06  1.11150000e-08  3.87787679e-13  1.11150000e-08  1.75625953e-05  1.11150000e-08  1.44103262e-14  1.11150000e-08  4.48893758e-05  1.11150000e-08  1.26798736e-06 
 1.11250000e-08  5.12087279e-02  1.11250000e-08  2.23399963e-06  1.11250000e-08  3.30990550e-13  1.11250000e-08  1.69527318e-05  1.11250000e-08  1.22999929e-14  1.11250000e-08  4.36245118e-05  1.11250000e-08  1.37589844e-06 
 1.11350000e-08  4.95299958e-02  1.11350000e-08  2.13785830e-06  1.11350000e-08  2.86292278e-13  1.11350000e-08  1.63215681e-05  1.11350000e-08  1.06390607e-14  1.11350000e-08  4.22876511e-05  1.11350000e-08  1.43250434e-06 
 1.11450000e-08  4.76816589e-02  1.11450000e-08  2.03966199e-06  1.11450000e-08  2.55080637e-13  1.11450000e-08  1.56534540e-05  1.11450000e-08  9.47912197e-15  1.11450000e-08  4.07874682e-05  1.11450000e-08  1.41412618e-06 
 1.11550000e-08  4.55896346e-02  1.11550000e-08  1.93871186e-06  1.11550000e-08  2.37525041e-13  1.11550000e-08  1.49387625e-05  1.11550000e-08  8.82648944e-15  1.11550000e-08  3.90518606e-05  1.11550000e-08  1.30502141e-06 
 1.11650000e-08  4.32207921e-02  1.11650000e-08  1.83483860e-06  1.11650000e-08  2.33395063e-13  1.11650000e-08  1.41748837e-05  1.11650000e-08  8.67259405e-15  1.11650000e-08  3.70479313e-05  1.11650000e-08  1.10218016e-06 
 1.11750000e-08  4.05967527e-02  1.11750000e-08  1.72828945e-06  1.11750000e-08  2.42646003e-13  1.11750000e-08  1.33658638e-05  1.11750000e-08  9.01574356e-15  1.11750000e-08  3.47962528e-05  1.11750000e-08  8.20183792e-07 
 1.11850000e-08  3.77539124e-02  1.11850000e-08  1.61991462e-06  1.11850000e-08  2.66912273e-13  1.11850000e-08  1.25217543e-05  1.11850000e-08  9.91658242e-15  1.11850000e-08  3.23299137e-05  1.11850000e-08  4.74986000e-07 
 1.11950000e-08  3.47279563e-02  1.11950000e-08  1.51049813e-06  1.11950000e-08  3.10539554e-13  1.11950000e-08  1.16524492e-05  1.11950000e-08  1.15364171e-14  1.11950000e-08  2.96815600e-05  1.11950000e-08  7.97174104e-08 
 1.12050000e-08  3.15770365e-02  1.12050000e-08  1.40094390e-06  1.12050000e-08  3.82201282e-13  1.12050000e-08  1.07697272e-05  1.12050000e-08  1.41974804e-14  1.12050000e-08  2.69060264e-05  1.12050000e-08  2.79052178e-07 
 1.12150000e-08  2.83610266e-02  1.12150000e-08  1.29247824e-06  1.12150000e-08  4.93566732e-13  1.12150000e-08  9.88792226e-06  1.12150000e-08  1.83328740e-14  1.12150000e-08  2.40586435e-05  1.12150000e-08  6.42320451e-07 
 1.12250000e-08  2.51443467e-02  1.12250000e-08  1.18659632e-06  1.12250000e-08  6.63611185e-13  1.12250000e-08  9.02323283e-06  1.12250000e-08  2.46470215e-14  1.12250000e-08  2.11983972e-05  1.12250000e-08  1.01054600e-06 
 1.12350000e-08  2.19990095e-02  1.12350000e-08  1.08388734e-06  1.12350000e-08  9.21546916e-13  1.12350000e-08  8.18429675e-06  1.12350000e-08  3.42244777e-14  1.12350000e-08  1.83956454e-05  1.12350000e-08  1.36619217e-06 
 1.12450000e-08  1.90626499e-02  1.12450000e-08  9.85330127e-07  1.12450000e-08  1.29995781e-12  1.12450000e-08  7.38324856e-06  1.12450000e-08  4.82750440e-14  1.12450000e-08  1.57863678e-05  1.12450000e-08  1.68225002e-06 
 1.12550000e-08  1.63382041e-02  1.12550000e-08  8.94469543e-07  1.12550000e-08  1.86312299e-12  1.12550000e-08  6.64698952e-06  1.12550000e-08  6.91854619e-14  1.12550000e-08  1.33591834e-05  1.12550000e-08  1.95802913e-06 
 1.12650000e-08  1.38516527e-02  1.12650000e-08  8.12249931e-07  1.12650000e-08  2.70698496e-12  1.12650000e-08  5.98251282e-06  1.12650000e-08  1.00518341e-13  1.12650000e-08  1.11374809e-05  1.12650000e-08  2.19371700e-06 
 1.12750000e-08  1.16264411e-02  1.12750000e-08  7.43797759e-07  1.12750000e-08  3.98625332e-12  1.12750000e-08  5.42639616e-06  1.12750000e-08  1.48018792e-13  1.12750000e-08  9.12605742e-06  1.12750000e-08  2.39421735e-06 
 1.12850000e-08  9.66305103e-03  1.12850000e-08  6.90980399e-07  1.12850000e-08  5.96703981e-12  1.12850000e-08  4.98966444e-06  1.12850000e-08  2.21569700e-13  1.12850000e-08  7.31979969e-06  1.12850000e-08  2.56238425e-06 
 1.12950000e-08  7.96890420e-03  1.12950000e-08  6.46093942e-07  1.12950000e-08  9.03468041e-12  1.12950000e-08  4.61534081e-06  1.12950000e-08  3.35484676e-13  1.12950000e-08  5.75826833e-06  1.12950000e-08  2.68719062e-06 
 1.13050000e-08  6.51674402e-03  1.13050000e-08  6.02183417e-07  1.13050000e-08  1.37148977e-11  1.13050000e-08  4.25413748e-06  1.13050000e-08  5.09295293e-13  1.13050000e-08  4.44093280e-06  1.13050000e-08  2.77798309e-06 
 1.13150000e-08  5.26796942e-03  1.13150000e-08  5.59373622e-07  1.13150000e-08  2.07959640e-11  1.13150000e-08  3.90753929e-06  1.13150000e-08  7.72296718e-13  1.13150000e-08  3.32723794e-06  1.13150000e-08  2.82405969e-06 
 1.13250000e-08  4.18371471e-03  1.13250000e-08  5.17297021e-07  1.13250000e-08  3.14199316e-11  1.13250000e-08  3.57314219e-06  1.13250000e-08  1.16694420e-12  1.13250000e-08  2.37832986e-06  1.13250000e-08  2.82871269e-06 
 1.13350000e-08  3.22700428e-03  1.13350000e-08  4.76572969e-07  1.13350000e-08  4.72683083e-11  1.13350000e-08  3.25504717e-06  1.13350000e-08  1.75576666e-12  1.13350000e-08  1.55358153e-06  1.13350000e-08  2.80169185e-06 
 1.13450000e-08  2.36326566e-03  1.13450000e-08  4.36541464e-07  1.13450000e-08  7.08166883e-11  1.13450000e-08  2.94839510e-06  1.13450000e-08  2.63085671e-12  1.13450000e-08  8.19764922e-07  1.13450000e-08  2.75329231e-06 
 1.13550000e-08  1.56195546e-03  1.13550000e-08  3.97021911e-07  1.13550000e-08  1.05758675e-10  1.13550000e-08  2.65164867e-06  1.13550000e-08  3.92967640e-12  1.13550000e-08  1.45947312e-07  1.13550000e-08  2.69300630e-06 
 1.13650000e-08  7.81729447e-04  1.13650000e-08  3.64133757e-07  1.13650000e-08  1.57702611e-10  1.13650000e-08  2.40493445e-06  1.13650000e-08  5.86105153e-12  1.13650000e-08  5.33197147e-07  1.13650000e-08  2.62906037e-06 
 1.13750000e-08  9.46078618e-07  1.13750000e-08  3.22909571e-07  1.13750000e-08  2.35260591e-10  1.13750000e-08  2.10883562e-06  1.13750000e-08  8.74584677e-12  1.13750000e-08  1.18380312e-06  1.13750000e-08  2.56775635e-06 
 1.13850000e-08 -8.06074486e-04  1.13850000e-08  2.78380594e-07  1.13850000e-08  3.52030015e-10  1.13850000e-08  1.79751051e-06  1.13850000e-08  1.30910254e-11  1.13850000e-08  1.85167821e-06  1.13850000e-08  2.51454309e-06 
 1.13950000e-08 -1.63958542e-03  1.13950000e-08  2.35311358e-07  1.13950000e-08  5.29934445e-10  1.13950000e-08  1.50194400e-06  1.13950000e-08  1.97146947e-11  1.13950000e-08  2.55436271e-06  1.13950000e-08  2.47378795e-06 
 1.14050000e-08 -2.52798816e-03  1.14050000e-08  1.89062441e-07  1.14050000e-08  8.05504788e-10  1.14050000e-08  1.19250830e-06  1.14050000e-08  2.99814978e-11  1.14050000e-08  3.30454804e-06  1.14050000e-08  2.44989306e-06 
 1.14150000e-08 -3.49583113e-03  1.14150000e-08  1.39853730e-07  1.14150000e-08  1.24180401e-09  1.14150000e-08  8.71341304e-07  1.14150000e-08  4.62503218e-11  1.14150000e-08  4.12858445e-06  1.14150000e-08  2.44752510e-06 
 1.14250000e-08 -4.57399308e-03  1.14250000e-08  8.60278691e-08  1.14250000e-08  1.95246778e-09  1.14250000e-08  5.29122647e-07  1.14250000e-08  7.27788821e-11  1.14250000e-08  5.05272079e-06  1.14250000e-08  2.47235858e-06 
 1.14350000e-08 -5.80058738e-03  1.14350000e-08  2.60118456e-08  1.14350000e-08  3.15293226e-09  1.14350000e-08  1.57814878e-07  1.14350000e-08  1.17656831e-10  1.14350000e-08  6.11108941e-06  1.14350000e-08  2.53198200e-06 
 1.14450000e-08 -7.23075317e-03  1.14450000e-08  4.24111937e-08  1.14450000e-08  5.27615133e-09  1.14450000e-08  2.53515404e-07  1.14450000e-08  1.97189496e-10  1.14450000e-08  7.35326053e-06  1.14450000e-08  2.63703078e-06 
 1.14550000e-08 -8.92381029e-03  1.14550000e-08  1.23296590e-07  1.14550000e-08  9.24742205e-09  1.14550000e-08  7.25065219e-07  1.14550000e-08  3.46368324e-10  1.14550000e-08  8.82703708e-06  1.14550000e-08  2.80191993e-06 
 1.14650000e-08 -1.09346850e-02  1.14650000e-08  2.21075196e-07  1.14650000e-08  1.71523099e-08  1.14650000e-08  1.27674459e-06  1.14650000e-08  6.44545144e-10  1.14650000e-08  1.05748495e-05  1.14650000e-08  3.04402687e-06 
 1.14750000e-08 -1.32880985e-02  1.14750000e-08  3.40588813e-07  1.14750000e-08  3.38357239e-08  1.14750000e-08  1.92778502e-06  1.14750000e-08  1.27781083e-09  1.14750000e-08  1.26074345e-05  1.14750000e-08  3.38040904e-06 
 1.14850000e-08 -1.59457044e-02  1.14850000e-08  4.85632416e-07  1.14850000e-08  7.06005823e-08  1.14850000e-08  2.68853298e-06  1.14850000e-08  2.68681357e-09  1.14850000e-08  1.48755339e-05  1.14850000e-08  3.82565914e-06 
 1.14950000e-08 -1.88202509e-02  1.14950000e-08  6.56754396e-07  1.14950000e-08  1.53475744e-07  1.14950000e-08  3.54967714e-06  1.14950000e-08  5.90994976e-09  1.14950000e-08  1.72917771e-05  1.14950000e-08  4.39388545e-06 
 1.15050000e-08 -2.18177840e-02  1.15050000e-08  8.52029482e-07  1.15050000e-08  3.40796778e-07  1.15050000e-08  4.48891821e-06  1.15050000e-08  1.33559773e-08  1.15050000e-08  1.97707797e-05  1.15050000e-08  5.10008461e-06 
 1.15150000e-08 -2.48607662e-02  1.15150000e-08  1.06829808e-06  1.15150000e-08  7.57642784e-07  1.15150000e-08  5.47931588e-06  1.15150000e-08  3.04472908e-08  1.15150000e-08  2.22479491e-05  1.15150000e-08  5.95716461e-06 
 1.15250000e-08 -2.78855080e-02  1.15250000e-08  1.30115858e-06  1.15250000e-08  1.65684476e-06  1.15250000e-08  6.49023185e-06  1.15250000e-08  6.88583554e-08  1.15250000e-08  2.46760927e-05  1.15250000e-08  6.97062488e-06 
 1.15350000e-08 -3.08315089e-02  1.15350000e-08  1.54421639e-06  1.15350000e-08  3.51829124e-06  1.15350000e-08  7.48446649e-06  1.15350000e-08  1.52425080e-07  1.15350000e-08  2.70161619e-05  1.15350000e-08  8.13577074e-06 
 1.15450000e-08 -3.36303869e-02  1.15450000e-08  1.78831646e-06  1.15450000e-08  7.19471748e-06  1.15450000e-08  8.41576290e-06  1.15450000e-08  3.27168668e-07  1.15450000e-08  2.92276609e-05  1.15450000e-08  9.44134618e-06 
 1.15550000e-08 -3.61931851e-02  1.15550000e-08  2.02029922e-06  1.15550000e-08  1.40431787e-05  1.15550000e-08  9.22467364e-06  1.15550000e-08  6.76160631e-07  1.15550000e-08  3.12586799e-05  1.15550000e-08  1.08806203e-05 
 1.15650000e-08 -3.83944493e-02  1.15650000e-08  2.22087523e-06  1.15650000e-08  2.57634634e-05  1.15650000e-08  9.83152833e-06  1.15650000e-08  1.33383928e-06  1.15650000e-08  3.30347267e-05  1.15650000e-08  1.24677356e-05 
 1.15750000e-08 -4.00582005e-02  1.15750000e-08  2.36270068e-06  1.15750000e-08  4.36138864e-05  1.15750000e-08  1.01320573e-05  1.15750000e-08  2.48138108e-06  1.15750000e-08  3.44481877e-05  1.15750000e-08  1.42535773e-05 
 1.15850000e-08 -4.09595563e-02  1.15850000e-08  2.41126111e-06  1.15850000e-08  6.73902223e-05  1.15850000e-08  1.00064781e-05  1.15850000e-08  4.30415497e-06  1.15850000e-08  3.53553003e-05  1.15850000e-08  1.63323435e-05 
 1.15950000e-08 -4.08526504e-02  1.15950000e-08  2.32996749e-06  1.15950000e-08  9.52374867e-05  1.15950000e-08  9.34530509e-06  1.15950000e-08  6.92515475e-06  1.15950000e-08  3.55883207e-05  1.15950000e-08  1.88314545e-05 
 1.16050000e-08 -3.95163414e-02  1.16050000e-08  2.08695118e-06  1.16050000e-08  1.24572006e-04  1.16050000e-08  8.07822691e-06  1.16050000e-08  1.03604034e-05  1.16050000e-08  3.49817878e-05  1.16050000e-08  2.18865175e-05 
 1.16150000e-08 -3.67972966e-02  1.16150000e-08  1.65955875e-06  1.16150000e-08  1.53199246e-04  1.16150000e-08  6.18892393e-06  1.16150000e-08  1.45253252e-05  1.16150000e-08  3.34032458e-05  1.16150000e-08  2.56140017e-05 
 1.16250000e-08 -3.26276536e-02  1.16250000e-08  1.03423288e-06  1.16250000e-08  1.79725712e-04  1.16250000e-08  3.70889439e-06  1.16250000e-08  1.92759248e-05  1.16250000e-08  3.07714469e-05  1.16250000e-08  3.00929977e-05 
 1.16350000e-08 -2.70251556e-02  1.16350000e-08  2.04042419e-07  1.16350000e-08  2.03733461e-04  1.16350000e-08  7.02224707e-07  1.16350000e-08  2.44616733e-05  1.16350000e-08  2.70641649e-05  1.16350000e-08  3.53566775e-05 
 1.16450000e-08 -2.01269590e-02  1.16450000e-08  8.38748313e-07  1.16450000e-08  2.25181429e-04  1.16450000e-08  2.76197199e-06  1.16450000e-08  2.99304697e-05  1.16450000e-08  2.23727025e-05  1.16450000e-08  4.14177703e-05 
 1.16550000e-08 -1.20040591e-02  1.16550000e-08  2.08275355e-06  1.16550000e-08  2.44306651e-04  1.16550000e-08  6.54684198e-06  1.16550000e-08  3.55692379e-05  1.16550000e-08  1.66804213e-05  1.16550000e-08  4.82499266e-05 
 1.16650000e-08 -2.75976675e-03  1.16650000e-08  3.54273302e-06  1.16650000e-08  2.61419433e-04  1.16650000e-08  1.06078858e-05  1.16650000e-08  4.12965999e-05  1.16650000e-08  1.00541358e-05  1.16650000e-08  5.58161713e-05 
 1.16750000e-08  7.30371565e-03  1.16750000e-08  5.16894701e-06  1.16750000e-08  2.76831026e-04  1.16750000e-08  1.47147826e-05  1.16750000e-08  4.70603548e-05  1.16750000e-08  2.63730428e-06  1.16750000e-08  6.40784987e-05 
 1.16850000e-08  1.80934972e-02  1.16850000e-08  7.19844827e-06  1.16850000e-08  2.90777586e-04  1.16850000e-08  1.94490382e-05  1.16850000e-08  5.28133364e-05  1.16850000e-08  5.03679212e-06  1.16850000e-08  7.29921327e-05 
 1.16950000e-08  2.95628580e-02  1.16950000e-08  9.39870495e-06  1.16950000e-08  3.03434070e-04  1.16950000e-08  2.40544095e-05  1.16950000e-08  5.85099967e-05  1.16950000e-08  1.33213865e-05  1.16950000e-08  8.25110657e-05 
 1.17050000e-08  4.18025570e-02  1.17050000e-08  1.18136905e-05  1.17050000e-08  3.14923923e-04  1.17050000e-08  2.85809170e-05  1.17050000e-08  6.41026968e-05  1.17050000e-08  2.22391672e-05  1.17050000e-08  9.25871302e-05 
 1.17150000e-08  5.46711880e-02  1.17150000e-08  1.44878938e-05  1.17150000e-08  3.25348212e-04  1.17150000e-08  3.30688114e-05  1.17150000e-08  6.95485055e-05  1.17150000e-08  3.15860988e-05  1.17150000e-08  1.03186346e-04 
 1.17250000e-08  6.81230764e-02  1.17250000e-08  1.74566217e-05  1.17250000e-08  3.34749918e-04  1.17250000e-08  3.75241743e-05  1.17250000e-08  7.47864855e-05  1.17250000e-08  4.12808322e-05  1.17250000e-08  1.14255487e-04 
 1.17350000e-08  8.21144884e-02  1.17350000e-08  2.07289346e-05  1.17350000e-08  3.43108965e-04  1.17350000e-08  4.18981455e-05  1.17350000e-08  7.97260496e-05  1.17350000e-08  5.12878474e-05  1.17350000e-08  1.25723640e-04 
 1.17450000e-08  9.66004798e-02  1.17450000e-08  2.43044125e-05  1.17450000e-08  3.50361875e-04  1.17450000e-08  4.61414343e-05  1.17450000e-08  8.42508577e-05  1.17450000e-08  6.15777401e-05  1.17450000e-08  1.37490797e-04 
 1.17550000e-08  1.11490749e-01  1.17550000e-08  2.81656138e-05  1.17550000e-08  3.56483097e-04  1.17550000e-08  5.01940053e-05  1.17550000e-08  8.82667768e-05  1.17550000e-08  7.20927675e-05  1.17550000e-08  1.49442437e-04 
 1.17650000e-08  1.26625970e-01  1.17650000e-08  3.22884273e-05  1.17650000e-08  3.61563732e-04  1.17650000e-08  5.39986878e-05  1.17650000e-08  9.17603709e-05  1.17650000e-08  8.27115571e-05  1.17650000e-08  1.61487565e-04 
 1.17750000e-08  1.41819615e-01  1.17750000e-08  3.66598844e-05  1.17750000e-08  3.65784657e-04  1.17750000e-08  5.75209702e-05  1.17750000e-08  9.47934064e-05  1.17750000e-08  9.32716892e-05  1.17750000e-08  1.73578833e-04 
 1.17850000e-08  1.56918538e-01  1.17850000e-08  4.12861244e-05  1.17850000e-08  3.69332005e-04  1.17850000e-08  6.07529442e-05  1.17850000e-08  9.74505456e-05  1.17850000e-08  1.03622859e-04  1.17850000e-08  1.85703811e-04 
 1.17950000e-08  1.71825599e-01  1.17950000e-08  4.61891224e-05  1.17950000e-08  3.72347531e-04  1.17950000e-08  6.37027176e-05  1.17950000e-08  9.98016146e-05  1.17950000e-08  1.13655011e-04  1.17950000e-08  1.97866436e-04 
 1.18050000e-08  1.86491730e-01  1.18050000e-08  5.13999969e-05  1.18050000e-08  3.74922048e-04  1.18050000e-08  6.63823049e-05  1.18050000e-08  1.01891084e-04  1.18050000e-08  1.23298784e-04  1.18050000e-08  2.10068980e-04 
 1.18150000e-08  2.00899073e-01  1.18150000e-08  5.69553667e-05  1.18150000e-08  3.77108178e-04  1.18150000e-08  6.88023991e-05  1.18150000e-08  1.03742365e-04  1.18150000e-08  1.32512533e-04  1.18150000e-08  2.22295331e-04 
 1.18250000e-08  2.15046696e-01  1.18250000e-08  6.28958755e-05  1.18250000e-08  3.78936397e-04  1.18250000e-08  7.09708104e-05  1.18250000e-08  1.05366418e-04  1.18250000e-08  1.41269306e-04  1.18250000e-08  2.34493790e-04 
 1.18350000e-08  2.28942135e-01  1.18350000e-08  6.92664543e-05  1.18350000e-08  3.80428157e-04  1.18350000e-08  7.28929874e-05  1.18350000e-08  1.06769808e-04  1.18350000e-08  1.49547715e-04  1.18350000e-08  2.46558415e-04 
 1.18450000e-08  2.42598262e-01  1.18450000e-08  7.61177119e-05  1.18450000e-08  3.81604642e-04  1.18450000e-08  7.45732387e-05  1.18450000e-08  1.07960521e-04  1.18450000e-08  1.57326975e-04  1.18450000e-08  2.58311245e-04 
 1.18550000e-08  2.56033097e-01  1.18550000e-08  8.35075941e-05  1.18550000e-08  3.82490840e-04  1.18550000e-08  7.60154745e-05  1.18550000e-08  1.08950812e-04  1.18550000e-08  1.64584743e-04  1.18550000e-08  2.69494710e-04 
 1.18650000e-08  2.69272503e-01  1.18650000e-08  9.15039643e-05  1.18650000e-08  3.83116806e-04  1.18650000e-08  7.72239827e-05  1.18650000e-08  1.09758108e-04  1.18650000e-08  1.71296804e-04  1.18650000e-08  2.79789841e-04 
 1.18750000e-08  2.82352638e-01  1.18750000e-08  1.00186613e-04  1.18750000e-08  3.83516182e-04  1.18750000e-08  7.82028906e-05  1.18750000e-08  1.10403862e-04  1.18750000e-08  1.77437138e-04  1.18750000e-08  2.88878253e-04 
 1.18850000e-08  2.95322556e-01  1.18850000e-08  1.09649429e-04  1.18850000e-08  3.83724377e-04  1.18850000e-08  7.89552649e-05  1.18850000e-08  1.10912075e-04  1.18850000e-08  1.82977666e-04  1.18850000e-08  2.96538179e-04 
 1.18950000e-08  3.08246700e-01  1.18950000e-08  1.20002627e-04  1.18950000e-08  3.83777033e-04  1.18950000e-08  7.94818070e-05  1.18950000e-08  1.11307999e-04  1.18950000e-08  1.87887270e-04  1.18950000e-08  3.02723309e-04 
 1.19050000e-08  3.21207586e-01  1.19050000e-08  1.31375256e-04  1.19050000e-08  3.83708928e-04  1.19050000e-08  7.97792385e-05  1.19050000e-08  1.11617168e-04  1.19050000e-08  1.92129826e-04  1.19050000e-08  3.07566571e-04 
 1.19150000e-08  3.34309212e-01  1.19150000e-08  1.43918111e-04  1.19150000e-08  3.83553353e-04  1.19150000e-08  7.98382387e-05  1.19150000e-08  1.11864855e-04  1.19150000e-08  1.95661013e-04  1.19150000e-08  3.11309970e-04 
 1.19250000e-08  3.47682051e-01  1.19250000e-08  1.57807020e-04  1.19250000e-08  3.83342240e-04  1.19250000e-08  7.96406266e-05  1.19250000e-08  1.12076176e-04  1.19250000e-08  1.98423608e-04  1.19250000e-08  3.14217483e-04 
 1.19350000e-08  3.61491382e-01  1.19350000e-08  1.73245639e-04  1.19350000e-08  3.83106978e-04  1.19350000e-08  7.91554048e-05  1.19350000e-08  1.12276812e-04  1.19350000e-08  2.00341165e-04  1.19350000e-08  3.16518703e-04 
 1.19450000e-08  3.75952604e-01  1.19450000e-08  1.90462454e-04  1.19450000e-08  3.82877647e-04  1.19450000e-08  7.83337111e-05  1.19450000e-08  1.12492612e-04  1.19450000e-08  2.01311650e-04  1.19450000e-08  3.18389945e-04 
 1.19550000e-08  3.91359346e-01  1.19550000e-08  2.09680982e-04  1.19550000e-08  3.82674148e-04  1.19550000e-08  7.71045727e-05  1.19550000e-08  1.12742838e-04  1.19550000e-08  2.01208396e-04  1.19550000e-08  3.19956951e-04 
 1.19650000e-08  4.08117579e-01  1.19650000e-08  2.31005266e-04  1.19650000e-08  3.82482013e-04  1.19650000e-08  7.53816323e-05  1.19650000e-08  1.13020935e-04  1.19650000e-08  1.99891774e-04  1.19650000e-08  3.21303791e-04 
 1.19750000e-08  4.26744273e-01  1.19750000e-08  2.54100362e-04  1.19750000e-08  3.82251281e-04  1.19750000e-08  7.30712886e-05  1.19750000e-08  1.13292868e-04  1.19750000e-08  1.97215313e-04  1.19750000e-08  3.22483738e-04 
 1.19850000e-08  4.47780672e-01  1.19850000e-08  2.77450642e-04  1.19850000e-08  3.81932159e-04  1.19850000e-08  7.00999855e-05  1.19850000e-08  1.13524429e-04  1.19850000e-08  1.92991151e-04  1.19850000e-08  3.23531030e-04 
 1.19950000e-08  4.71645318e-01  1.19950000e-08  2.97389900e-04  1.19950000e-08  3.81495010e-04  1.19950000e-08  6.64995562e-05  1.19950000e-08  1.13696304e-04  1.19950000e-08  1.87017140e-04  1.19950000e-08  3.24469767e-04 
 1.20050000e-08  4.98492488e-01  1.20050000e-08  3.09586212e-04  1.20050000e-08  3.80924247e-04  1.20050000e-08  6.25041116e-05  1.20050000e-08  1.13798272e-04  1.20050000e-08  1.79247522e-04  1.20050000e-08  3.25318996e-04 
 1.20150000e-08  5.28182145e-01  1.20150000e-08  3.13472250e-04  1.20150000e-08  3.80213364e-04  1.20150000e-08  5.84426150e-05  1.20150000e-08  1.13824911e-04  1.20150000e-08  1.69949294e-04  1.20150000e-08  3.26095246e-04 
 1.20250000e-08  5.60399448e-01  1.20250000e-08  3.11740917e-04  1.20250000e-08  3.79370354e-04  1.20250000e-08  5.45044464e-05  1.20250000e-08  1.13781034e-04  1.20250000e-08  1.59608271e-04  1.20250000e-08  3.26813760e-04 
 1.20350000e-08  5.94806462e-01  1.20350000e-08  3.06785997e-04  1.20350000e-08  3.78411342e-04  1.20350000e-08  5.07181733e-05  1.20350000e-08  1.13678051e-04  1.20350000e-08  1.48715638e-04  1.20350000e-08  3.27488615e-04 
 1.20450000e-08  6.31118534e-01  1.20450000e-08  2.99830470e-04  1.20450000e-08  3.77365725e-04  1.20450000e-08  4.70428674e-05  1.20450000e-08  1.13539179e-04  1.20450000e-08  1.37633876e-04  1.20450000e-08  3.28133379e-04 
 1.20550000e-08  6.69132324e-01  1.20550000e-08  2.91395096e-04  1.20550000e-08  3.76266626e-04  1.20550000e-08  4.34350404e-05  1.20550000e-08  1.13392298e-04  1.20550000e-08  1.26576992e-04  1.20550000e-08  3.28760765e-04 
 1.20650000e-08  7.08723277e-01  1.20650000e-08  2.81705542e-04  1.20650000e-08  3.75128976e-04  1.20650000e-08  3.98754575e-05  1.20650000e-08  1.13252025e-04  1.20650000e-08  1.15672519e-04  1.20650000e-08  3.29381033e-04 
 1.20750000e-08  7.49817376e-01  1.20750000e-08  2.70874125e-04  1.20750000e-08  3.73951617e-04  1.20750000e-08  3.63663220e-05  1.20750000e-08  1.13120931e-04  1.20750000e-08  1.05005940e-04  1.20750000e-08  3.30001252e-04 
 1.20850000e-08  7.92347956e-01  1.20850000e-08  2.58954148e-04  1.20850000e-08  3.72731435e-04  1.20850000e-08  3.29185377e-05  1.20850000e-08  1.13000588e-04  1.20850000e-08  9.46401933e-05  1.20850000e-08  3.30622184e-04 
 1.20950000e-08  8.36269185e-01  1.20950000e-08  2.45990088e-04  1.20950000e-08  3.71455146e-04  1.20950000e-08  2.95519584e-05  1.20950000e-08  1.12885185e-04  1.20950000e-08  8.46303872e-05  1.20950000e-08  3.31245465e-04 
 1.21050000e-08  8.81609451e-01  1.21050000e-08  2.32134613e-04  1.21050000e-08  3.70073953e-04  1.21050000e-08  2.63127733e-05  1.21050000e-08  1.12740567e-04  1.21050000e-08  7.50584318e-05  1.21050000e-08  3.31872877e-04 
 1.21150000e-08  9.28351121e-01  1.21150000e-08  2.17521885e-04  1.21150000e-08  3.68564391e-04  1.21150000e-08  2.32337023e-05  1.21150000e-08  1.12553212e-04  1.21150000e-08  6.60004906e-05  1.21150000e-08  3.32500587e-04 
 1.21250000e-08  9.76398519e-01  1.21250000e-08  2.01745554e-04  1.21250000e-08  3.67057531e-04  1.21250000e-08  2.02426717e-05  1.21250000e-08  1.12443136e-04  1.21250000e-08  5.73781032e-05  1.21250000e-08  3.33132953e-04 
 1.21350000e-08  1.02582952e+00  1.21350000e-08  1.84830303e-04  1.21350000e-08  3.65519943e-04  1.21350000e-08  1.73660293e-05  1.21350000e-08  1.12399271e-04  1.21350000e-08  4.91840754e-05  1.21350000e-08  3.33770053e-04 
 1.21450000e-08  1.07678974e+00  1.21450000e-08  1.67243047e-04  1.21450000e-08  3.63814097e-04  1.21450000e-08  1.46892027e-05  1.21450000e-08  1.12323850e-04  1.21450000e-08  4.15235300e-05  1.21450000e-08  3.34403677e-04 
 1.21550000e-08  1.12932222e+00  1.21550000e-08  1.49134638e-04  1.21550000e-08  3.61924830e-04  1.21550000e-08  1.22263248e-05  1.21550000e-08  1.12225866e-04  1.21550000e-08  3.44381323e-05  1.21550000e-08  3.35026473e-04 
 1.21650000e-08  1.18321782e+00  1.21650000e-08  1.30510754e-04  1.21650000e-08  3.59879826e-04  1.21650000e-08  9.96751868e-06  1.21650000e-08  1.12157020e-04  1.21650000e-08  2.79010513e-05  1.21650000e-08  3.35639204e-04 
 1.21750000e-08  1.23872706e+00  1.21750000e-08  1.13589378e-04  1.21750000e-08  3.57170479e-04  1.21750000e-08  8.13015493e-06  1.21750000e-08  1.11698148e-04  1.21750000e-08  2.23176943e-05  1.21750000e-08  3.36216187e-04 
 1.21850000e-08  1.29561578e+00  1.21850000e-08  9.85768354e-05  1.21850000e-08  3.53887837e-04  1.21850000e-08  6.65575655e-06  1.21850000e-08  1.10955330e-04  1.21850000e-08  1.77147305e-05  1.21850000e-08  3.36736421e-04 
 1.21950000e-08  1.35345562e+00  1.21950000e-08  8.48027969e-05  1.21950000e-08  3.50237636e-04  1.21950000e-08  5.42170220e-06  1.21950000e-08  1.10179612e-04  1.21950000e-08  1.38784025e-05  1.21950000e-08  3.37212507e-04 
 1.22050000e-08  1.41184115e+00  1.22050000e-08  7.17874572e-05  1.22050000e-08  3.46200124e-04  1.22050000e-08  4.35282096e-06  1.22050000e-08  1.09511422e-04  1.22050000e-08  1.06019332e-05  1.22050000e-08  3.37667836e-04 
 1.22150000e-08  1.47066472e+00  1.22150000e-08  5.92698633e-05  1.22150000e-08  3.41379898e-04  1.22150000e-08  3.40852617e-06  1.22150000e-08  1.09007857e-04  1.22150000e-08  7.72471367e-06  1.22150000e-08  3.38102951e-04 
 1.22250000e-08  1.52979155e+00  1.22250000e-08  4.72432100e-05  1.22250000e-08  3.34313857e-04  1.22250000e-08  2.57466482e-06  1.22250000e-08  1.08609572e-04  1.22250000e-08  5.14022580e-06  1.22250000e-08  3.38522085e-04 
 1.22350000e-08  1.58886112e+00  1.22350000e-08  3.60978221e-05  1.22350000e-08  3.20333136e-04  1.22350000e-08  1.86379958e-06  1.22350000e-08  1.07968519e-04  1.22350000e-08  2.83705827e-06  1.22350000e-08  3.38925868e-04 
 1.22450000e-08  1.64681385e+00  1.22450000e-08  2.63904890e-05  1.22450000e-08  2.92841513e-04  1.22450000e-08  1.29256045e-06  1.22450000e-08  1.06247041e-04  1.22450000e-08  8.66787562e-07  1.22450000e-08  3.39308522e-04 
 1.22550000e-08  1.70165067e+00  1.22550000e-08  1.85785284e-05  1.22550000e-08  2.56279134e-04  1.22550000e-08  8.66068940e-07  1.22550000e-08  1.02670649e-04  1.22550000e-08  7.94055173e-07  1.22550000e-08  3.39657847e-04 
 1.22650000e-08  1.75147485e+00  1.22650000e-08  1.26717852e-05  1.22650000e-08  2.20144978e-04  1.22650000e-08  5.64761766e-07  1.22650000e-08  9.75708132e-05  1.22650000e-08  2.05376253e-06  1.22650000e-08  3.39955756e-04 
 1.22750000e-08  1.79581512e+00  1.22750000e-08  8.38660949e-06  1.22750000e-08  1.88428919e-04  1.22750000e-08  3.59074540e-07  1.22750000e-08  9.19305702e-05  1.22750000e-08  2.86099543e-06  1.22750000e-08  3.40180207e-04 
 1.22850000e-08  1.83531708e+00  1.22850000e-08  5.40085392e-06  1.22850000e-08  1.61891558e-04  1.22850000e-08  2.23299063e-07  1.22850000e-08  8.65583104e-05  1.22850000e-08  3.35077892e-06  1.22850000e-08  3.40315184e-04 
 1.22950000e-08  1.87094428e+00  1.22950000e-08  3.39511070e-06  1.22950000e-08  1.40197564e-04  1.22950000e-08  1.36280543e-07  1.22950000e-08  8.18744101e-05  1.22950000e-08  3.61964581e-06  1.22950000e-08  3.40356254e-04 
 1.23050000e-08  1.90362479e+00  1.23050000e-08  2.09297455e-06  1.23050000e-08  1.22642943e-04  1.23050000e-08  8.19940242e-08  1.23050000e-08  7.80045548e-05  1.23050000e-08  3.73427260e-06  1.23050000e-08  3.40307638e-04 
 1.23150000e-08  1.93415951e+00  1.23150000e-08  1.27289294e-06  1.23150000e-08  1.08441761e-04  1.23150000e-08  4.89053827e-08  1.23150000e-08  7.49024509e-05  1.23150000e-08  3.74170132e-06  1.23150000e-08  3.40177426e-04 
 1.23250000e-08  1.96321488e+00  1.23250000e-08  7.68968733e-07  1.23250000e-08  9.68601607e-05  1.23250000e-08  2.90976583e-08  1.23250000e-08  7.24380978e-05  1.23250000e-08  3.67639451e-06  1.23250000e-08  3.39974212e-04 
 1.23350000e-08  1.99134457e+00  1.23350000e-08  4.64744959e-07  1.23350000e-08  8.72727004e-05  1.23350000e-08  1.73809791e-08  1.23350000e-08  7.04511371e-05  1.23350000e-08  3.56401135e-06  1.23350000e-08  3.39705226e-04 
 1.23450000e-08  2.01902090e+00  1.23450000e-08  2.82968132e-07  1.23450000e-08  7.91736284e-05  1.23450000e-08  1.04887821e-08  1.23450000e-08  6.87789963e-05  1.23450000e-08  3.42366659e-06  1.23450000e-08  3.39375420e-04 
 1.23550000e-08  2.04665315e+00  1.23550000e-08  1.74688006e-07  1.23550000e-08  7.21723259e-05  1.23550000e-08  6.43164998e-09  1.23550000e-08  6.72748177e-05  1.23550000e-08  3.26924127e-06  1.23550000e-08  3.38986708e-04 
 1.23650000e-08  2.07454921e+00  1.23650000e-08  1.09928195e-07  1.23650000e-08  6.60035287e-05  1.23650000e-08  4.02675729e-09  1.23650000e-08  6.58395352e-05  1.23650000e-08  3.11020402e-06  1.23650000e-08  3.38537203e-04 
 1.23750000e-08  2.10280029e+00  1.23750000e-08  7.07575527e-08  1.23750000e-08  6.05552159e-05  1.23750000e-08  2.58189412e-09  1.23750000e-08  6.44773993e-05  1.23750000e-08  2.95287987e-06  1.23750000e-08  3.38024126e-04 
 1.23850000e-08  2.13128743e+00  1.23850000e-08  4.66510974e-08  1.23850000e-08  5.58120193e-05  1.23850000e-08  1.69721955e-09  1.23850000e-08  6.32752701e-05  1.23850000e-08  2.79927765e-06  1.23850000e-08  3.37447711e-04 
 1.23950000e-08  2.15986025e+00  1.23950000e-08  3.15130310e-08  1.23950000e-08  5.17325704e-05  1.23950000e-08  1.14383745e-09  1.23950000e-08  6.22909027e-05  1.23950000e-08  2.64887009e-06  1.23950000e-08  3.36816329e-04 
 1.24050000e-08  2.18843639e+00  1.24050000e-08  2.18070015e-08  1.24050000e-08  4.82231983e-05  1.24050000e-08  7.90097731e-10  1.24050000e-08  6.15145358e-05  1.24050000e-08  2.50045028e-06  1.24050000e-08  3.36141455e-04 
 1.24150000e-08  2.21698706e+00  1.24150000e-08  1.54536717e-08  1.24150000e-08  4.51776179e-05  1.24150000e-08  5.59095974e-10  1.24150000e-08  6.09033074e-05  1.24150000e-08  2.35261630e-06  1.24150000e-08  3.35431978e-04 
 1.24250000e-08  2.24549780e+00  1.24250000e-08  1.12089219e-08  1.24250000e-08  4.25075804e-05  1.24250000e-08  4.05049928e-10  1.24250000e-08  6.04169988e-05  1.24250000e-08  2.20322934e-06  1.24250000e-08  3.34693486e-04 
 1.24350000e-08  2.27395163e+00  1.24350000e-08  8.31536971e-09  1.24350000e-08  4.01466783e-05  1.24350000e-08  3.00198152e-10  1.24350000e-08  6.00272201e-05  1.24350000e-08  2.04863517e-06  1.24350000e-08  3.33930986e-04 
 1.24450000e-08  2.30232763e+00  1.24450000e-08  6.30407193e-09  1.24450000e-08  3.80445315e-05  1.24450000e-08  2.27404949e-10  1.24450000e-08  5.97143379e-05  1.24450000e-08  1.88301842e-06  1.24450000e-08  3.33151963e-04 
 1.24550000e-08  2.33060523e+00  1.24550000e-08  4.87970568e-09  1.24550000e-08  3.61611528e-05  1.24550000e-08  1.75905507e-10  1.24550000e-08  5.94632505e-05  1.24550000e-08  1.69953861e-06  1.24550000e-08  3.32367087e-04 
 1.24650000e-08  2.35877258e+00  1.24650000e-08  3.85312344e-09  1.24650000e-08  3.44623083e-05  1.24650000e-08  1.38818972e-10  1.24650000e-08  5.92591936e-05  1.24650000e-08  1.49412232e-06  1.24650000e-08  3.31587571e-04 
 1.24750000e-08  2.38683509e+00  1.24750000e-08  3.10116569e-09  1.24750000e-08  3.29164316e-05  1.24750000e-08  1.11672328e-10  1.24750000e-08  5.90844890e-05  1.24750000e-08  1.26953765e-06  1.24750000e-08  3.30821113e-04 
 1.24850000e-08  2.41481206e+00  1.24850000e-08  2.54198884e-09  1.24850000e-08  3.14965094e-05  1.24850000e-08  9.14971317e-11  1.24850000e-08  5.89226649e-05  1.24850000e-08  1.03402319e-06  1.24850000e-08  3.30069301e-04 
 1.24950000e-08  2.44271912e+00  1.24950000e-08  2.12008953e-09  1.24950000e-08  3.01851606e-05  1.24950000e-08  7.62825674e-11  1.24950000e-08  5.87689366e-05  1.24950000e-08  7.98101191e-07  1.24950000e-08  3.29327026e-04 
 1.25050000e-08  2.47055557e+00  1.25050000e-08  1.79743599e-09  1.25050000e-08  2.89732404e-05  1.25050000e-08  6.46521446e-11  1.25050000e-08  5.86301284e-05  1.25050000e-08  5.80771657e-07  1.25050000e-08  3.28583855e-04 
 1.25150000e-08  2.49832016e+00  1.25150000e-08  1.54686506e-09  1.25150000e-08  2.78529781e-05  1.25150000e-08  5.56234218e-11  1.25150000e-08  5.85126502e-05  1.25150000e-08  3.77835158e-07  1.25150000e-08  3.27821404e-04 
 1.25250000e-08  2.52600581e+00  1.25250000e-08  1.34985987e-09  1.25250000e-08  2.68153467e-05  1.25250000e-08  4.85271930e-11  1.25250000e-08  5.84176953e-05  1.25250000e-08  2.00213364e-07  1.25250000e-08  3.27016297e-04 
 1.25350000e-08  2.55360035e+00  1.25350000e-08  1.19289519e-09  1.25350000e-08  2.58507678e-05  1.25350000e-08  4.28749586e-11  1.25350000e-08  5.83424501e-05  1.25350000e-08  5.68733424e-08  1.25350000e-08  3.26138127e-04 
 1.25450000e-08  2.58109432e+00  1.25450000e-08  1.06658372e-09  1.25450000e-08  2.49515339e-05  1.25450000e-08  3.83277768e-11  1.25450000e-08  5.82849090e-05  1.25450000e-08  4.85092671e-08  1.25450000e-08  3.25140499e-04 
 1.25550000e-08  2.60848135e+00  1.25550000e-08  9.62832759e-10  1.25550000e-08  2.41090727e-05  1.25550000e-08  3.45935028e-11  1.25550000e-08  5.82382692e-05  1.25550000e-08  1.56168474e-07  1.25550000e-08  3.23954425e-04 
 1.25650000e-08  2.63568347e+00  1.25650000e-08  8.78312205e-10  1.25650000e-08  2.33427012e-05  1.25650000e-08  3.15519884e-11  1.25650000e-08  5.82591182e-05  1.25650000e-08  2.42182747e-07  1.25650000e-08  3.22471139e-04 
 1.25750000e-08  2.66248392e+00  1.25750000e-08  8.07298685e-10  1.25750000e-08  2.26764322e-05  1.25750000e-08  2.89970702e-11  1.25750000e-08  5.84203784e-05  1.25750000e-08  2.92392840e-07  1.25750000e-08  3.20565376e-04 
 1.25850000e-08  2.68815939e+00  1.25850000e-08  7.43829922e-10  1.25850000e-08  2.22683415e-05  1.25850000e-08  2.67141669e-11  1.25850000e-08  5.91423993e-05  1.25850000e-08  2.89389115e-07  1.25850000e-08  3.18069351e-04 
 1.25950000e-08  2.71227865e+00  1.25950000e-08  6.84576880e-10  1.25950000e-08  2.20892848e-05  1.25950000e-08  2.45834629e-11  1.25950000e-08  6.03825992e-05  1.25950000e-08  2.23845265e-07  1.25950000e-08  3.14805602e-04 
 1.26050000e-08  2.73512899e+00  1.26050000e-08  6.29569195e-10  1.26050000e-08  2.19074182e-05  1.26050000e-08  2.26059151e-11  1.26050000e-08  6.15383351e-05  1.26050000e-08  9.37346191e-08  1.26050000e-08  3.10618453e-04 
 1.26150000e-08  2.75717969e+00  1.26150000e-08  5.79719202e-10  1.26150000e-08  2.15737834e-05  1.26150000e-08  2.08141920e-11  1.26150000e-08  6.21906804e-05  1.26150000e-08  9.50587209e-08  1.26150000e-08  3.05364953e-04 
 1.26250000e-08  2.77869076e+00  1.26250000e-08  5.35004544e-10  1.26250000e-08  2.10873327e-05  1.26250000e-08  1.92073095e-11  1.26250000e-08  6.23153043e-05  1.26250000e-08  3.12769842e-07  1.26250000e-08  2.98937206e-04 
 1.26350000e-08  2.79974610e+00  1.26350000e-08  4.94730467e-10  1.26350000e-08  2.04973030e-05  1.26350000e-08  1.77601158e-11  1.26350000e-08  6.20352573e-05  1.26350000e-08  5.13643338e-07  1.26350000e-08  2.91321031e-04 
 1.26450000e-08  2.82035596e+00  1.26450000e-08  4.58624167e-10  1.26450000e-08  1.98436329e-05  1.26450000e-08  1.64627526e-11  1.26450000e-08  6.14549188e-05  1.26450000e-08  6.86276721e-07  1.26450000e-08  2.82636295e-04 
 1.26550000e-08  2.84048552e+00  1.26550000e-08  4.26376705e-10  1.26550000e-08  1.91549507e-05  1.26550000e-08  1.53040945e-11  1.26550000e-08  6.06515114e-05  1.26550000e-08  8.28642405e-07  1.26550000e-08  2.73116933e-04 
 1.26650000e-08  2.86007633e+00  1.26650000e-08  3.97694303e-10  1.26650000e-08  1.84517581e-05  1.26650000e-08  1.42735777e-11  1.26650000e-08  5.96826856e-05  1.26650000e-08  9.45088648e-07  1.26650000e-08  2.63049723e-04 
 1.26750000e-08  2.87905642e+00  1.26750000e-08  3.72333140e-10  1.26750000e-08  1.77514482e-05  1.26750000e-08  1.33624397e-11  1.26750000e-08  5.86010205e-05  1.26750000e-08  1.04359692e-06  1.26750000e-08  2.52711688e-04 
 1.26850000e-08  2.89734806e+00  1.26850000e-08  3.50124796e-10  1.26850000e-08  1.70709041e-05  1.26850000e-08  1.25646277e-11  1.26850000e-08  5.74620632e-05  1.26850000e-08  1.13377151e-06  1.26850000e-08  2.42333435e-04 
 1.26950000e-08  2.91489087e+00  1.26950000e-08  3.30974015e-10  1.26950000e-08  1.64204293e-05  1.26950000e-08  1.18767206e-11  1.26950000e-08  5.63039857e-05  1.26950000e-08  1.22839248e-06  1.26950000e-08  2.32091225e-04 
 1.27050000e-08  2.93168813e+00  1.27050000e-08  3.14616706e-10  1.27050000e-08  1.57916566e-05  1.27050000e-08  1.12892236e-11  1.27050000e-08  5.51052807e-05  1.27050000e-08  1.33618448e-06  1.27050000e-08  2.22108263e-04 
 1.27150000e-08  2.94779037e+00  1.27150000e-08  3.00272858e-10  1.27150000e-08  1.51684313e-05  1.27150000e-08  1.07740745e-11  1.27150000e-08  5.38180787e-05  1.27150000e-08  1.44012132e-06  1.27150000e-08  2.12455877e-04 
 1.27250000e-08  2.96322793e+00  1.27250000e-08  2.86811424e-10  1.27250000e-08  1.45481616e-05  1.27250000e-08  1.02905850e-11  1.27250000e-08  5.24406985e-05  1.27250000e-08  1.50211453e-06  1.27250000e-08  2.03166213e-04 
 1.27350000e-08  2.97799709e+00  1.27350000e-08  2.73172584e-10  1.27350000e-08  1.39390393e-05  1.27350000e-08  9.80065532e-12  1.27350000e-08  5.10100111e-05  1.27350000e-08  1.49165428e-06  1.27350000e-08  1.94254937e-04 
 1.27450000e-08  2.99207858e+00  1.27450000e-08  2.58575473e-10  1.27450000e-08  1.33496924e-05  1.27450000e-08  9.27624726e-12  1.27450000e-08  4.95656120e-05  1.27450000e-08  1.39768262e-06  1.27450000e-08  1.85735968e-04 
 1.27550000e-08  3.00545488e+00  1.27550000e-08  2.42682276e-10  1.27550000e-08  1.27860614e-05  1.27550000e-08  8.70526981e-12  1.27550000e-08  4.81377741e-05  1.27550000e-08  1.22824990e-06  1.27550000e-08  1.77620683e-04 
 1.27650000e-08  3.01811963e+00  1.27650000e-08  2.25685073e-10  1.27650000e-08  1.22523763e-05  1.27650000e-08  8.09468040e-12  1.27650000e-08  4.67500570e-05  1.27650000e-08  1.00706440e-06  1.27650000e-08  1.69912527e-04 
 1.27750000e-08  3.03007782e+00  1.27750000e-08  2.08146473e-10  1.27750000e-08  1.17524395e-05  1.27750000e-08  7.46473693e-12  1.27750000e-08  4.54238263e-05  1.27750000e-08  7.64698468e-07  1.27750000e-08  1.62605915e-04 
 1.27850000e-08  3.04135235e+00  1.27850000e-08  1.90822503e-10  1.27850000e-08  1.12892100e-05  1.27850000e-08  6.84261452e-12  1.27850000e-08  4.41766221e-05  1.27850000e-08  5.26194435e-07  1.27850000e-08  1.55683991e-04 
 1.27950000e-08  3.05197384e+00  1.27950000e-08  1.74237968e-10  1.27950000e-08  1.08601833e-05  1.27950000e-08  6.24716573e-12  1.27950000e-08  4.30050182e-05  1.27950000e-08  3.14296531e-07  1.27950000e-08  1.49134769e-04 
 1.28050000e-08  3.06197985e+00  1.28050000e-08  1.58684217e-10  1.28050000e-08  1.04611112e-05  1.28050000e-08  5.68884326e-12  1.28050000e-08  4.18984474e-05  1.28050000e-08  1.44710053e-07  1.28050000e-08  1.42944383e-04 
 1.28150000e-08  3.07141600e+00  1.28150000e-08  1.44408819e-10  1.28150000e-08  1.00878091e-05  1.28150000e-08  5.17651581e-12  1.28150000e-08  4.08453542e-05  1.28150000e-08  2.75415747e-08  1.28150000e-08  1.37092818e-04 
 1.28250000e-08  3.08033276e+00  1.28250000e-08  1.31596524e-10  1.28250000e-08  9.73709599e-06  1.28250000e-08  4.71679496e-12  1.28250000e-08  3.98374419e-05  1.28250000e-08  2.44318932e-08  1.28250000e-08  1.31554428e-04 
 1.28350000e-08  3.08878508e+00  1.28350000e-08  1.20288371e-10  1.28350000e-08  9.40500552e-06  1.28350000e-08  4.31112495e-12  1.28350000e-08  3.88625365e-05  1.28350000e-08  1.29654569e-08  1.28350000e-08  1.26301910e-04 
 1.28450000e-08  3.09688777e+00  1.28450000e-08  1.10617966e-10  1.28450000e-08  9.07829351e-06  1.28450000e-08  3.96425226e-12  1.28450000e-08  3.78682428e-05  1.28450000e-08  2.28635376e-08  1.28450000e-08  1.21288452e-04 
 1.28550000e-08  3.10469885e+00  1.28550000e-08  1.02263317e-10  1.28550000e-08  8.75116616e-06  1.28550000e-08  3.66461217e-12  1.28550000e-08  3.68345059e-05  1.28550000e-08  8.31118255e-08  1.28550000e-08  1.16487809e-04 
 1.28650000e-08  3.11233607e+00  1.28650000e-08  9.50064739e-11  1.28650000e-08  8.40506034e-06  1.28650000e-08  3.40435973e-12  1.28650000e-08  3.56858845e-05  1.28650000e-08  1.34039222e-07  1.28650000e-08  1.11861768e-04 
 1.28750000e-08  3.11997262e+00  1.28750000e-08  8.87699744e-11  1.28750000e-08  8.01393548e-06  1.28750000e-08  3.18070671e-12  1.28750000e-08  3.43131886e-05  1.28750000e-08  1.66272463e-07  1.28750000e-08  1.07351390e-04 
 1.28850000e-08  3.12784564e+00  1.28850000e-08  8.35224796e-11  1.28850000e-08  7.54961361e-06  1.28850000e-08  2.99252542e-12  1.28850000e-08  3.25957235e-05  1.28850000e-08  1.82014103e-07  1.28850000e-08  1.02860361e-04 
 1.28950000e-08  3.13603244e+00  1.28950000e-08  7.91435625e-11  1.28950000e-08  7.01359592e-06  1.28950000e-08  2.83550090e-12  1.28950000e-08  3.05349705e-05  1.28950000e-08  2.00254431e-07  1.28950000e-08  9.83296269e-05 
 1.29050000e-08  3.14437674e+00  1.29050000e-08  7.54530864e-11  1.29050000e-08  6.47722137e-06  1.29050000e-08  2.70316737e-12  1.29050000e-08  2.84353044e-05  1.29050000e-08  2.14322922e-07  1.29050000e-08  9.37010491e-05 
 1.29150000e-08  3.15268635e+00  1.29150000e-08  7.23320315e-11  1.29150000e-08  5.98720198e-06  1.29150000e-08  2.59125218e-12  1.29150000e-08  2.65004315e-05  1.29150000e-08  2.16887347e-07  1.29150000e-08  8.89979397e-05 
 1.29250000e-08  3.16085275e+00  1.29250000e-08  6.96764512e-11  1.29250000e-08  5.54657383e-06  1.29250000e-08  2.49602671e-12  1.29250000e-08  2.47472059e-05  1.29250000e-08  2.07651463e-07  1.29250000e-08  8.42876600e-05 
 1.29350000e-08  3.16881081e+00  1.29350000e-08  6.73817054e-11  1.29350000e-08  5.14695107e-06  1.29350000e-08  2.41373861e-12  1.29350000e-08  2.31427338e-05  1.29350000e-08  1.87923551e-07  1.29350000e-08  7.96342073e-05 
 1.29450000e-08  3.17651214e+00  1.29450000e-08  6.53563528e-11  1.29450000e-08  4.78153137e-06  1.29450000e-08  2.34110951e-12  1.29450000e-08  2.16607131e-05  1.29450000e-08  1.60031426e-07  1.29450000e-08  7.50861866e-05 
 1.29550000e-08  3.18392767e+00  1.29550000e-08  6.35253742e-11  1.29550000e-08  4.44375770e-06  1.29550000e-08  2.27545078e-12  1.29550000e-08  2.02754275e-05  1.29550000e-08  1.28334835e-07  1.29550000e-08  7.06783455e-05 
 1.29650000e-08  3.19103400e+00  1.29650000e-08  6.18226883e-11  1.29650000e-08  4.13036089e-06  1.29650000e-08  2.21439418e-12  1.29650000e-08  1.89755065e-05  1.29650000e-08  9.66082817e-08  1.29650000e-08  6.64337522e-05 
 1.29750000e-08  3.19781297e+00  1.29750000e-08  6.01738354e-11  1.29750000e-08  3.83912828e-06  1.29750000e-08  2.15527151e-12  1.29750000e-08  1.77541593e-05  1.29750000e-08  6.91534081e-08  1.29750000e-08  6.23694233e-05 
 1.29850000e-08  3.20425319e+00  1.29850000e-08  5.85113265e-11  1.29850000e-08  3.56843774e-06  1.29850000e-08  2.09566374e-12  1.29850000e-08  1.66069833e-05  1.29850000e-08  4.72903466e-08  1.29850000e-08  5.84963934e-05 
 1.29950000e-08  3.21034889e+00  1.29950000e-08  5.67840744e-11  1.29950000e-08  3.31699183e-06  1.29950000e-08  2.03374043e-12  1.29950000e-08  1.55307770e-05  1.29950000e-08  3.39420721e-08  1.29950000e-08  5.48211510e-05 
 1.30050000e-08  3.21610343e+00  1.30050000e-08  5.49726077e-11  1.30050000e-08  3.08323923e-06  1.30050000e-08  1.96880391e-12  1.30050000e-08  1.45207574e-05  1.30050000e-08  2.98935918e-08  1.30050000e-08  5.13446070e-05 
 1.30150000e-08  3.22151237e+00  1.30150000e-08  5.30009193e-11  1.30150000e-08  2.86666827e-06  1.30150000e-08  1.89813057e-12  1.30150000e-08  1.35770487e-05  1.30150000e-08  3.71852666e-08  1.30150000e-08  4.80705457e-05 
 1.30250000e-08  3.22657234e+00  1.30250000e-08  5.07871610e-11  1.30250000e-08  2.66653193e-06  1.30250000e-08  1.81878795e-12  1.30250000e-08  1.26985193e-05  1.30250000e-08  5.86890949e-08  1.30250000e-08  4.50026722e-05 
 1.30350000e-08  3.23127682e+00  1.30350000e-08  4.82298426e-11  1.30350000e-08  2.48236873e-06  1.30350000e-08  1.72714014e-12  1.30350000e-08  1.18853091e-05  1.30350000e-08  9.77482269e-08  1.30350000e-08  4.21462352e-05 
 1.30450000e-08  3.23561579e+00  1.30450000e-08  4.52288564e-11  1.30450000e-08  2.31435430e-06  1.30450000e-08  1.61960137e-12  1.30450000e-08  1.11404971e-05  1.30450000e-08  1.57842566e-07  1.30450000e-08  3.95074260e-05 
 1.30550000e-08  3.23958243e+00  1.30550000e-08  4.17537414e-11  1.30550000e-08  2.16331519e-06  1.30550000e-08  1.49508165e-12  1.30550000e-08  1.04699937e-05  1.30550000e-08  2.38585916e-07  1.30550000e-08  3.70886510e-05 
 1.30650000e-08  3.24319054e+00  1.30650000e-08  3.79304478e-11  1.30650000e-08  2.02875440e-06  1.30650000e-08  1.35809470e-12  1.30650000e-08  9.87267215e-06  1.30650000e-08  3.30644914e-07  1.30650000e-08  3.48812953e-05 
 1.30750000e-08  3.24647397e+00  1.30750000e-08  3.39897088e-11  1.30750000e-08  1.90789298e-06  1.30750000e-08  1.21692862e-12  1.30750000e-08  9.33571247e-06  1.30750000e-08  4.22494319e-07  1.30750000e-08  3.28684796e-05 
 1.30850000e-08  3.24947676e+00  1.30850000e-08  3.01614702e-11  1.30850000e-08  1.79725972e-06  1.30850000e-08  1.07986445e-12  1.30850000e-08  8.84249600e-06  1.30850000e-08  5.04384240e-07  1.30850000e-08  3.10279814e-05 
 1.30950000e-08  3.25224588e+00  1.30950000e-08  2.66225520e-11  1.30950000e-08  1.69425993e-06  1.30950000e-08  9.53157205e-13  1.30950000e-08  8.38045757e-06  1.30950000e-08  5.69452129e-07  1.30950000e-08  2.93333654e-05 
 1.31050000e-08  3.25483468e+00  1.31050000e-08  2.34971944e-11  1.31050000e-08  1.59650919e-06  1.31050000e-08  8.41255316e-13  1.31050000e-08  7.93782424e-06  1.31050000e-08  6.10799716e-07  1.31050000e-08  2.77532839e-05 
 1.31150000e-08  3.25731207e+00  1.31150000e-08  2.08883218e-11  1.31150000e-08  1.50058703e-06  1.31150000e-08  7.47843617e-13  1.31150000e-08  7.49726243e-06  1.31150000e-08  6.18184588e-07  1.31150000e-08  2.62482159e-05 
 1.31250000e-08  3.25977067e+00  1.31250000e-08  1.89021497e-11  1.31250000e-08  1.40144787e-06  1.31250000e-08  6.76724167e-13  1.31250000e-08  7.03272209e-06  1.31250000e-08  5.75873504e-07  1.31250000e-08  2.47662467e-05 
 1.31350000e-08  3.26232048e+00  1.31350000e-08  1.76529834e-11  1.31350000e-08  1.29351735e-06  1.31350000e-08  6.31988106e-13  1.31350000e-08  6.51503282e-06  1.31350000e-08  4.65665388e-07  1.31350000e-08  2.32446112e-05 
 1.31450000e-08  3.26506281e+00  1.31450000e-08  1.72608468e-11  1.31450000e-08  1.17305488e-06  1.31450000e-08  6.17930926e-13  1.31450000e-08  5.92444021e-06  1.31450000e-08  2.75921798e-07  1.31450000e-08  2.16217425e-05 
 1.31550000e-08  3.26806292e+00  1.31550000e-08  1.78761660e-11  1.31550000e-08  1.03951960e-06  1.31550000e-08  6.39935998e-13  1.31550000e-08  5.25832218e-06  1.31550000e-08  9.17108982e-09  1.31550000e-08  1.98527648e-05 
 1.31650000e-08  3.27134088e+00  1.31650000e-08  1.97720354e-11  1.31650000e-08  8.94928214e-07  1.31650000e-08  7.07781240e-13  1.31650000e-08  4.52831481e-06  1.31650000e-08  2.80437107e-07  1.31650000e-08  1.79176676e-05 
 1.31750000e-08  3.27487660e+00  1.31750000e-08  2.33663237e-11  1.31750000e-08  7.42590788e-07  1.31750000e-08  8.36418450e-13  1.31750000e-08  3.75371978e-06  1.31750000e-08  6.17164676e-07  1.31750000e-08  1.58211326e-05 
 1.31850000e-08  3.27861985e+00  1.31850000e-08  2.94461209e-11  1.31850000e-08  5.86212103e-07  1.31850000e-08  1.05402112e-12  1.31850000e-08  2.95645820e-06  1.31850000e-08  9.73009577e-07  1.31850000e-08  1.35880152e-05 
 1.31950000e-08  3.28253901e+00  1.31950000e-08  3.95014320e-11  1.31950000e-08  4.26380027e-07  1.31950000e-08  1.41402367e-12  1.31950000e-08  2.14271765e-06  1.31950000e-08  1.33823721e-06  1.31950000e-08  1.12383221e-05 
 1.32050000e-08  3.28658438e+00  1.32050000e-08  5.61903263e-11  1.32050000e-08  2.65254902e-07  1.32050000e-08  2.01188180e-12  1.32050000e-08  1.32663416e-06  1.32050000e-08  1.69436008e-06  1.32050000e-08  8.80072168e-06 
 1.32150000e-08  3.29064943e+00  1.32150000e-08  8.38628794e-11  1.32150000e-08  1.08567938e-07  1.32150000e-08  3.00352517e-12  1.32150000e-08  5.39821059e-07  1.32150000e-08  2.01523461e-06  1.32150000e-08  6.33483414e-06 
 1.32250000e-08  3.29472933e+00  1.32250000e-08  1.30930970e-10  1.32250000e-08  4.70032537e-08  1.32250000e-08  4.69083616e-12  1.32250000e-08  2.32110772e-07  1.32250000e-08  2.30103976e-06  1.32250000e-08  3.85231807e-06 
 1.32350000e-08  3.29878801e+00  1.32350000e-08  2.12313443e-10  1.32350000e-08  1.99552792e-07  1.32350000e-08  7.60954417e-12  1.32350000e-08  9.77795199e-07  1.32350000e-08  2.56606636e-06  1.32350000e-08  1.37333207e-06 
 1.32450000e-08  3.30297917e+00  1.32450000e-08  3.57722566e-10  1.32450000e-08  3.21156012e-07  1.32450000e-08  1.28272757e-11  1.32450000e-08  1.56033254e-06  1.32450000e-08  2.81116740e-06  1.32450000e-08  1.28172224e-06 
 1.32550000e-08  3.30725538e+00  1.32550000e-08  6.24877456e-10  1.32550000e-08  4.10232661e-07  1.32550000e-08  2.24199105e-11  1.32550000e-08  1.97485801e-06  1.32550000e-08  3.01772123e-06  1.32550000e-08  4.07355236e-06 
 1.32650000e-08  3.31145631e+00  1.32650000e-08  1.12425487e-09  1.32650000e-08  5.43501485e-07  1.32650000e-08  4.03656056e-11  1.32650000e-08  2.59028129e-06  1.32650000e-08  3.16587992e-06  1.32650000e-08  6.69340864e-06 
 1.32750000e-08  3.31537526e+00  1.32750000e-08  2.05640086e-09  1.32750000e-08  6.65104282e-07  1.32750000e-08  7.38981038e-11  1.32750000e-08  3.13620912e-06  1.32750000e-08  3.22824059e-06  1.32750000e-08  9.14069425e-06 
 1.32850000e-08  3.31888306e+00  1.32850000e-08  3.75018511e-09  1.32850000e-08  7.75766218e-07  1.32850000e-08  1.34908772e-10  1.32850000e-08  3.61818018e-06  1.32850000e-08  3.18459645e-06  1.32850000e-08  1.13251973e-05 
 1.32950000e-08  3.32190486e+00  1.32950000e-08  6.71465187e-09  1.32950000e-08  8.77358695e-07  1.32950000e-08  2.41861624e-10  1.32950000e-08  4.04736229e-06  1.32950000e-08  3.05008177e-06  1.32950000e-08  1.31920892e-05 
 1.33050000e-08  3.32444265e+00  1.33050000e-08  1.17234616e-08  1.33050000e-08  9.70390100e-07  1.33050000e-08  4.22925078e-10  1.33050000e-08  4.42817544e-06  1.33050000e-08  2.86176659e-06  1.33050000e-08  1.47432076e-05 
 1.33150000e-08  3.32655923e+00  1.33150000e-08  1.99748414e-08  1.33150000e-08  1.05524900e-06  1.33150000e-08  7.21914019e-10  1.33150000e-08  4.76395866e-06  1.33150000e-08  2.66091566e-06  1.33150000e-08  1.60224526e-05 
 1.33250000e-08  3.32835095e+00  1.33250000e-08  3.33941233e-08  1.33250000e-08  1.13357448e-06  1.33250000e-08  1.20957549e-09  1.33250000e-08  5.06312943e-06  1.33250000e-08  2.47931958e-06  1.33250000e-08  1.70934637e-05 
 1.33350000e-08  3.32992946e+00  1.33350000e-08  5.52274115e-08  1.33350000e-08  1.20853000e-06  1.33350000e-08  2.00586295e-09  1.33350000e-08  5.34013998e-06  1.33350000e-08  2.33913952e-06  1.33350000e-08  1.80265599e-05 
 1.33450000e-08  3.33141341e+00  1.33450000e-08  9.12533967e-08  1.33450000e-08  1.28463289e-06  1.33450000e-08  3.32577033e-09  1.33450000e-08  5.61438221e-06  1.33450000e-08  2.25619016e-06  1.33450000e-08  1.88936625e-05 
 1.33550000e-08  3.33293070e+00  1.33550000e-08  1.52415230e-07  1.33550000e-08  1.36787726e-06  1.33550000e-08  5.57993218e-09  1.33550000e-08  5.91030520e-06  1.33550000e-08  2.24462465e-06  1.33550000e-08  1.97697461e-05 
 1.33650000e-08  3.33462712e+00  1.33650000e-08  2.60949520e-07  1.33650000e-08  1.46619332e-06  1.33650000e-08  9.61229622e-09  1.33650000e-08  6.25875451e-06  1.33650000e-08  2.32244976e-06  1.33650000e-08  2.07379881e-05 
 1.33750000e-08  3.33667478e+00  1.33750000e-08  4.65600251e-07  1.33750000e-08  1.58991790e-06  1.33750000e-08  1.73027491e-08  1.33750000e-08  6.69797184e-06  1.33750000e-08  2.51630150e-06  1.33750000e-08  2.18947361e-05 
 1.33850000e-08  3.33924951e+00  1.33850000e-08  8.79694990e-07  1.33850000e-08  1.75021378e-06  1.33850000e-08  3.31304721e-08  1.33850000e-08  7.26587644e-06  1.33850000e-08  2.85890365e-06  1.33850000e-08  2.33376986e-05 
 1.33950000e-08  3.34244020e+00  1.33950000e-08  1.76850536e-06  1.33950000e-08  1.95298234e-06  1.33950000e-08  6.80122361e-08  1.33950000e-08  7.97514643e-06  1.33950000e-08  3.37840096e-06  1.33950000e-08  2.51171216e-05 
 1.34050000e-08  3.34617672e+00  1.34050000e-08  3.72404832e-06  1.34050000e-08  2.19359452e-06  1.34050000e-08  1.48017567e-07  1.34050000e-08  8.79459549e-06  1.34050000e-08  4.10046121e-06  1.34050000e-08  2.71974508e-05 
 1.34150000e-08  3.35027382e+00  1.34150000e-08  7.94512179e-06  1.34150000e-08  2.45888340e-06  1.34150000e-08  3.32152125e-07  1.34150000e-08  9.66120930e-06  1.34150000e-08  5.07637165e-06  1.34150000e-08  2.94825106e-05 
 1.34250000e-08  3.35450087e+00  1.34250000e-08  1.64906462e-05  1.34250000e-08  2.72816555e-06  1.34250000e-08  7.41720678e-07  1.34250000e-08  1.04874009e-05  1.34250000e-08  6.40645622e-06  1.34250000e-08  3.18605191e-05 
 1.34350000e-08  3.35858983e+00  1.34350000e-08  3.20435701e-05  1.34350000e-08  2.96835112e-06  1.34350000e-08  1.58973995e-06  1.34350000e-08  1.11459210e-05  1.34350000e-08  8.27495591e-06  1.34350000e-08  3.42188668e-05 
 1.34450000e-08  3.36220633e+00  1.34450000e-08  5.66318840e-05  1.34450000e-08  3.12872499e-06  1.34450000e-08  3.17041378e-06  1.34450000e-08  1.14568298e-05  1.34450000e-08  1.09833798e-05  1.34450000e-08  3.64330838e-05 
 1.34550000e-08  3.36494943e+00  1.34550000e-08  8.98087300e-05  1.34550000e-08  3.14433444e-06  1.34550000e-08  5.76583864e-06  1.34550000e-08  1.12090539e-05  1.34550000e-08  1.49277049e-05  1.34550000e-08  3.83566517e-05 
 1.34650000e-08  3.36640801e+00  1.34650000e-08  1.28285621e-04  1.34650000e-08  2.95200822e-06  1.34650000e-08  9.50426918e-06  1.34650000e-08  1.02253507e-05  1.34650000e-08  2.05021889e-05  1.34650000e-08  3.98241404e-05 
 1.34750000e-08  3.36625056e+00  1.34750000e-08  1.67778999e-04  1.34750000e-08  2.50979932e-06  1.34750000e-08  1.42928162e-05  1.34750000e-08  8.43007006e-06  1.34750000e-08  2.79669781e-05  1.34750000e-08  4.06728907e-05 
 1.34850000e-08  3.36428819e+00  1.34850000e-08  2.05006703e-04  1.34850000e-08  1.80500369e-06  1.34850000e-08  1.98806374e-05  1.34850000e-08  5.86642365e-06  1.34850000e-08  3.73698407e-05  1.34850000e-08  4.07722999e-05 
 1.34950000e-08  3.36046256e+00  1.34950000e-08  2.38251470e-04  1.34950000e-08  8.45769319e-07  1.34950000e-08  2.59641180e-05  1.34950000e-08  2.65418298e-06  1.34950000e-08  4.85526957e-05  1.34950000e-08  4.00354940e-05 
 1.35050000e-08  3.35491266e+00  1.35050000e-08  2.67140382e-04  1.35050000e-08  3.41916851e-07  1.35050000e-08  3.22933658e-05  1.35050000e-08  1.03406525e-06  1.35050000e-08  6.12425107e-05  1.35050000e-08  3.84741573e-05 
 1.35150000e-08  3.34789999e+00  1.35150000e-08  2.91972872e-04  1.35150000e-08  1.72761712e-06  1.35150000e-08  3.86901652e-05  1.35150000e-08  5.02751009e-06  1.35150000e-08  7.51670412e-05  1.35150000e-08  3.61805304e-05 
 1.35250000e-08  3.33942840e+00  1.35250000e-08  3.13323155e-04  1.35250000e-08  3.31173766e-06  1.35250000e-08  4.50495633e-05  1.35250000e-08  9.25662001e-06  1.35250000e-08  9.00729806e-05  1.35250000e-08  3.31290026e-05 
 1.35350000e-08  3.32967555e+00  1.35350000e-08  3.31744301e-04  1.35350000e-08  5.08568157e-06  1.35350000e-08  5.13007109e-05  1.35350000e-08  1.36294312e-05  1.35350000e-08  1.05775017e-04  1.35350000e-08  2.93940232e-05 
 1.35450000e-08  3.31880502e+00  1.35450000e-08  3.47695017e-04  1.35450000e-08  7.04692621e-06  1.35450000e-08  5.73873474e-05  1.35450000e-08  1.80770143e-05  1.35450000e-08  1.22149627e-04  1.35450000e-08  2.50524216e-05 
 1.35550000e-08  3.30696601e+00  1.35550000e-08  3.61533909e-04  1.35550000e-08  9.19504993e-06  1.35550000e-08  6.32570203e-05  1.35550000e-08  2.25410095e-05  1.35550000e-08  1.39110974e-04  1.35550000e-08  2.01763252e-05 
 1.35650000e-08  3.29453754e+00  1.35650000e-08  3.73557195e-04  1.35650000e-08  1.14405123e-05  1.35650000e-08  6.88662961e-05  1.35650000e-08  2.67630711e-05  1.35650000e-08  1.56613072e-04  1.35650000e-08  1.48556342e-05 
 1.35750000e-08  3.28164282e+00  1.35750000e-08  3.83949529e-04  1.35750000e-08  1.38055200e-05  1.35750000e-08  7.41494795e-05  1.35750000e-08  3.07791140e-05  1.35750000e-08  1.74613199e-04  1.35750000e-08  9.19686202e-06 
 1.35850000e-08  3.26804070e+00  1.35850000e-08  3.92814880e-04  1.35850000e-08  1.64315598e-05  1.35850000e-08  7.90188680e-05  1.35850000e-08  3.48675792e-05  1.35850000e-08  1.93031507e-04  1.35850000e-08  3.23683828e-06 
 1.35950000e-08  3.25406792e+00  1.35950000e-08  4.00359291e-04  1.35950000e-08  1.94713923e-05  1.35950000e-08  8.34590563e-05  1.35950000e-08  3.92967510e-05  1.35950000e-08  2.11805516e-04  1.35950000e-08  2.56589815e-06 
 1.36050000e-08  3.24003496e+00  1.36050000e-08  4.06717377e-04  1.36050000e-08  2.27736209e-05  1.36050000e-08  8.74400162e-05  1.36050000e-08  4.36881473e-05  1.36050000e-08  2.30805031e-04  1.36050000e-08  8.21131145e-06 
 1.36150000e-08  3.22594576e+00  1.36150000e-08  4.11958850e-04  1.36150000e-08  2.59934744e-05  1.36150000e-08  9.09110990e-05  1.36150000e-08  4.73550159e-05  1.36150000e-08  2.49769979e-04  1.36150000e-08  1.42180224e-05 
 1.36250000e-08  3.21169892e+00  1.36250000e-08  4.16208295e-04  1.36250000e-08  2.92820590e-05  1.36250000e-08  9.38730240e-05  1.36250000e-08  5.06284145e-05  1.36250000e-08  2.68366456e-04  1.36250000e-08  2.04148664e-05 
 1.36350000e-08  3.19731046e+00  1.36350000e-08  4.19575643e-04  1.36350000e-08  3.26760250e-05  1.36350000e-08  9.63356479e-05  1.36350000e-08  5.36004511e-05  1.36350000e-08  2.86176115e-04  1.36350000e-08  2.67271057e-05 
 1.36450000e-08  3.18283678e+00  1.36450000e-08  4.22174947e-04  1.36450000e-08  3.61764274e-05  1.36450000e-08  9.83284889e-05  1.36450000e-08  5.62978634e-05  1.36450000e-08  3.02728478e-04  1.36450000e-08  3.31041513e-05 
 1.36550000e-08  3.16836010e+00  1.36550000e-08  4.24140998e-04  1.36550000e-08  3.97743493e-05  1.36550000e-08  9.99111650e-05  1.36550000e-08  5.87295816e-05  1.36550000e-08  3.17580229e-04  1.36550000e-08  3.94920440e-05 
 1.36650000e-08  3.15396938e+00  1.36650000e-08  4.25621632e-04  1.36650000e-08  4.34657625e-05  1.36650000e-08  1.01166478e-04  1.36650000e-08  6.09067062e-05  1.36650000e-08  3.30422007e-04  1.36650000e-08  4.58276790e-05 
 1.36750000e-08  3.13974819e+00  1.36750000e-08  4.26755521e-04  1.36750000e-08  4.72538297e-05  1.36750000e-08  1.02181422e-04  1.36750000e-08  6.28427789e-05  1.36750000e-08  3.41164154e-04  1.36750000e-08  5.20453835e-05 
 1.36850000e-08  3.12575539e+00  1.36850000e-08  4.27656978e-04  1.36850000e-08  5.11535684e-05  1.36850000e-08  1.03032525e-04  1.36850000e-08  6.45582576e-05  1.36850000e-08  3.49940816e-04  1.36850000e-08  5.80848394e-05 
 1.36950000e-08  3.11202045e+00  1.36950000e-08  4.28409056e-04  1.36950000e-08  5.51899405e-05  1.36950000e-08  1.03777706e-04  1.36950000e-08  6.60766131e-05  1.36950000e-08  3.57032894e-04  1.36950000e-08  6.38971590e-05 
 1.37050000e-08  3.09854540e+00  1.37050000e-08  4.29063473e-04  1.37050000e-08  5.93938760e-05  1.37050000e-08  1.04453993e-04  1.37050000e-08  6.74197832e-05  1.37050000e-08  3.62766361e-04  1.37050000e-08  6.94481172e-05 
 1.37150000e-08  3.08530417e+00  1.37150000e-08  4.29641867e-04  1.37150000e-08  6.37997016e-05  1.37150000e-08  1.05076877e-04  1.37150000e-08  6.86078875e-05  1.37150000e-08  3.67437829e-04  1.37150000e-08  7.47205408e-05 
 1.37250000e-08  3.07224576e+00  1.37250000e-08  4.30138006e-04  1.37250000e-08  6.84401776e-05  1.37250000e-08  1.05640787e-04  1.37250000e-08  6.96582188e-05  1.37250000e-08  3.71285249e-04  1.37250000e-08  7.97161270e-05 
 1.37350000e-08  3.05930738e+00  1.37350000e-08  4.30535274e-04  1.37350000e-08  7.33422356e-05  1.37350000e-08  1.06131757e-04  1.37350000e-08  7.05833634e-05  1.37350000e-08  3.74488270e-04  1.37350000e-08  8.44503305e-05 
 1.37450000e-08  3.04643458e+00  1.37450000e-08  4.30830362e-04  1.37450000e-08  7.85266221e-05  1.37450000e-08  1.06545779e-04  1.37450000e-08  7.13887266e-05  1.37450000e-08  3.77182756e-04  1.37450000e-08  8.89396678e-05 
 1.37550000e-08  3.03358612e+00  1.37550000e-08  4.31037574e-04  1.37550000e-08  8.40136188e-05  1.37550000e-08  1.06892718e-04  1.37550000e-08  7.20749464e-05  1.37550000e-08  3.79474065e-04  1.37550000e-08  9.31929679e-05 
 1.37650000e-08  3.02072488e+00  1.37650000e-08  4.31177259e-04  1.37650000e-08  8.98287426e-05  1.37650000e-08  1.07187667e-04  1.37650000e-08  7.26417748e-05  1.37650000e-08  3.81444199e-04  1.37650000e-08  9.72114492e-05 
 1.37750000e-08  3.00781010e+00  1.37750000e-08  4.31267067e-04  1.37750000e-08  9.60050641e-05  1.37750000e-08  1.07444113e-04  1.37750000e-08  7.30893271e-05  1.37750000e-08  3.83156828e-04  1.37750000e-08  1.00991501e-04 
 1.37850000e-08  2.99479186e+00  1.37850000e-08  4.31317121e-04  1.37850000e-08  1.02582574e-04  1.37850000e-08  1.07669973e-04  1.37850000e-08  7.34178167e-05  1.37850000e-08  3.84660646e-04  1.37850000e-08  1.04528604e-04 
 1.37950000e-08  2.98161163e+00  1.37950000e-08  4.31332269e-04  1.37950000e-08  1.09606383e-04  1.37950000e-08  1.07869189e-04  1.37950000e-08  7.36258660e-05  1.37950000e-08  3.85992518e-04  1.37950000e-08  1.07818576e-04 
 1.38050000e-08  2.96820206e+00  1.38050000e-08  4.31314447e-04  1.38050000e-08  1.17126709e-04  1.38050000e-08  1.08043511e-04  1.38050000e-08  7.37100658e-05  1.38050000e-08  3.87180613e-04  1.38050000e-08  1.10857178e-04 
 1.38150000e-08  2.95448602e+00  1.38150000e-08  4.31264366e-04  1.38150000e-08  1.25199335e-04  1.38150000e-08  1.08193798e-04  1.38150000e-08  7.36645831e-05  1.38150000e-08  3.88246639e-04  1.38150000e-08  1.13639667e-04 
 1.38250000e-08  2.94037785e+00  1.38250000e-08  4.31186399e-04  1.38250000e-08  1.33887423e-04  1.38250000e-08  1.08323959e-04  1.38250000e-08  7.34793157e-05  1.38250000e-08  3.89208071e-04  1.38250000e-08  1.16157882e-04 
 1.38350000e-08  2.92578487e+00  1.38350000e-08  4.31095936e-04  1.38350000e-08  1.43267063e-04  1.38350000e-08  1.08447004e-04  1.38350000e-08  7.31359757e-05  1.38350000e-08  3.90080578e-04  1.38350000e-08  1.18394046e-04 
 1.38450000e-08  2.91059113e+00  1.38450000e-08  4.31010218e-04  1.38450000e-08  1.53435339e-04  1.38450000e-08  1.08577923e-04  1.38450000e-08  7.26087713e-05  1.38450000e-08  3.90878582e-04  1.38450000e-08  1.20321109e-04 
 1.38550000e-08  2.89462876e+00  1.38550000e-08  4.30927395e-04  1.38550000e-08  1.64510152e-04  1.38550000e-08  1.08716831e-04  1.38550000e-08  7.18701389e-05  1.38550000e-08  3.91613191e-04  1.38550000e-08  1.21913302e-04 
 1.38650000e-08  2.87766644e+00  1.38650000e-08  4.30823814e-04  1.38650000e-08  1.76615288e-04  1.38650000e-08  1.08846421e-04  1.38650000e-08  7.08921835e-05  1.38650000e-08  3.92290509e-04  1.38650000e-08  1.23153965e-04 
 1.38750000e-08  2.85942037e+00  1.38750000e-08  4.30671939e-04  1.38750000e-08  1.89851719e-04  1.38750000e-08  1.08946144e-04  1.38750000e-08  6.96411578e-05  1.38750000e-08  3.92912437e-04  1.38750000e-08  1.24030620e-04 
 1.38850000e-08  2.83962885e+00  1.38850000e-08  4.30541754e-04  1.38850000e-08  2.04263761e-04  1.38850000e-08  1.09075120e-04  1.38850000e-08  6.80212040e-05  1.38850000e-08  3.93488451e-04  1.38850000e-08  1.24471183e-04 
 1.38950000e-08  2.81788997e+00  1.38950000e-08  4.30420788e-04  1.38950000e-08  2.19674393e-04  1.38950000e-08  1.09227125e-04  1.38950000e-08  6.59489105e-05  1.38950000e-08  3.94025049e-04  1.38950000e-08  1.24402874e-04 
 1.39050000e-08  2.79372915e+00  1.39050000e-08  4.30188881e-04  1.39050000e-08  2.35113954e-04  1.39050000e-08  1.09307437e-04  1.39050000e-08  6.34157983e-05  1.39050000e-08  3.94515411e-04  1.39050000e-08  1.23795662e-04 
 1.39150000e-08  2.76688522e+00  1.39150000e-08  4.29772294e-04  1.39150000e-08  2.48054210e-04  1.39150000e-08  1.09256310e-04  1.39150000e-08  6.05033075e-05  1.39150000e-08  3.94948681e-04  1.39150000e-08  1.22627472e-04 
 1.39250000e-08  2.73755982e+00  1.39250000e-08  4.29448283e-04  1.39250000e-08  2.55224935e-04  1.39250000e-08  1.09300995e-04  1.39250000e-08  5.72243490e-05  1.39250000e-08  3.95346213e-04  1.39250000e-08  1.20725769e-04 
 1.39350000e-08  2.70580067e+00  1.39350000e-08  4.29080708e-04  1.39350000e-08  2.56405267e-04  1.39350000e-08  1.09332172e-04  1.39350000e-08  5.38990737e-05  1.39350000e-08  3.95713601e-04  1.39350000e-08  1.18113711e-04 
 1.39450000e-08  2.67172022e+00  1.39450000e-08  4.28190583e-04  1.39450000e-08  2.54809889e-04  1.39450000e-08  1.08952474e-04  1.39450000e-08  5.10908767e-05  1.39450000e-08  3.96009935e-04  1.39450000e-08  1.15162664e-04 
 1.39550000e-08  2.63614940e+00  1.39550000e-08  4.27067501e-04  1.39550000e-08  2.52494585e-04  1.39550000e-08  1.08391643e-04  1.39550000e-08  4.88034758e-05  1.39550000e-08  3.96231821e-04  1.39550000e-08  1.12055097e-04 
 1.39650000e-08  2.59974706e+00  1.39650000e-08  4.26061832e-04  1.39650000e-08  2.49929050e-04  1.39650000e-08  1.07933289e-04  1.39650000e-08  4.68104271e-05  1.39650000e-08  3.96411511e-04  1.39650000e-08  1.08813803e-04 
 1.39750000e-08  2.56276471e+00  1.39750000e-08  4.25328564e-04  1.39750000e-08  2.47013936e-04  1.39750000e-08  1.07705398e-04  1.39750000e-08  4.48981227e-05  1.39750000e-08  3.96586999e-04  1.39750000e-08  1.05397568e-04 
 1.39850000e-08  2.52516644e+00  1.39850000e-08  4.24870773e-04  1.39850000e-08  2.43561769e-04  1.39850000e-08  1.07716383e-04  1.39850000e-08  4.29263874e-05  1.39850000e-08  3.96789804e-04  1.39850000e-08  1.01754223e-04 
 1.39950000e-08  2.48676729e+00  1.39950000e-08  4.24605113e-04  1.39950000e-08  2.39459705e-04  1.39950000e-08  1.07906791e-04  1.39950000e-08  4.08362585e-05  1.39950000e-08  3.97040095e-04  1.39950000e-08  9.78538115e-05 
 1.40050000e-08  2.44734513e+00  1.40050000e-08  4.24424531e-04  1.40050000e-08  2.34689493e-04  1.40050000e-08  1.08197637e-04  1.40050000e-08  3.86293496e-05  1.40050000e-08  3.97346914e-04  1.40050000e-08  9.36989029e-05 
 1.40150000e-08  2.40670864e+00  1.40150000e-08  4.24240921e-04  1.40150000e-08  2.29291830e-04  1.40150000e-08  1.08523742e-04  1.40150000e-08  3.63378932e-05  1.40150000e-08  3.97710479e-04  1.40150000e-08  8.93183562e-05 
 1.40250000e-08  2.36471800e+00  1.40250000e-08  4.23999495e-04  1.40250000e-08  2.23325268e-04  1.40250000e-08  1.08845905e-04  1.40250000e-08  3.40010553e-05  1.40250000e-08  3.98127080e-04  1.40250000e-08  8.47552067e-05 
 1.40350000e-08  2.32128398e+00  1.40350000e-08  4.23673339e-04  1.40350000e-08  2.16842485e-04  1.40350000e-08  1.09147708e-04  1.40350000e-08  3.16534203e-05  1.40350000e-08  3.98590628e-04  1.40350000e-08  8.00571566e-05 
 1.40450000e-08  2.27635668e+00  1.40450000e-08  4.23251377e-04  1.40450000e-08  2.09881373e-04  1.40450000e-08  1.09426914e-04  1.40450000e-08  2.93217004e-05  1.40450000e-08  3.99088600e-04  1.40450000e-08  7.52712198e-05 
 1.40550000e-08  2.22989598e+00  1.40550000e-08  4.22723967e-04  1.40550000e-08  2.02463232e-04  1.40550000e-08  1.09685006e-04  1.40550000e-08  2.70249466e-05  1.40550000e-08  3.99617713e-04  1.40550000e-08  7.04390374e-05 
 1.40650000e-08  2.18187367e+00  1.40650000e-08  4.22083788e-04  1.40650000e-08  1.94593732e-04  1.40650000e-08  1.09929035e-04  1.40650000e-08  2.47760791e-05  1.40650000e-08  4.00172636e-04  1.40650000e-08  6.55960402e-05 
 1.40750000e-08  2.13220920e+00  1.40750000e-08  4.21312522e-04  1.40750000e-08  1.86271052e-04  1.40750000e-08  1.10163003e-04  1.40750000e-08  2.25849486e-05  1.40750000e-08  4.00743027e-04  1.40750000e-08  6.07753837e-05 
 1.40850000e-08  2.08080242e+00  1.40850000e-08  4.20375091e-04  1.40850000e-08  1.77487142e-04  1.40850000e-08  1.10385589e-04  1.40850000e-08  2.04592141e-05  1.40850000e-08  4.01315350e-04  1.40850000e-08  5.60104175e-05 
 1.40950000e-08  2.02767522e+00  1.40950000e-08  4.19218454e-04  1.40950000e-08  1.68239475e-04  1.40950000e-08  1.10591995e-04  1.40950000e-08  1.84071898e-05  1.40950000e-08  4.01900515e-04  1.40950000e-08  5.13225208e-05 
 1.41050000e-08  1.97289894e+00  1.41050000e-08  4.17774515e-04  1.41050000e-08  1.58526412e-04  1.41050000e-08  1.10785388e-04  1.41050000e-08  1.64361641e-05  1.41050000e-08  4.02499704e-04  1.41050000e-08  4.67310013e-05 
 1.41150000e-08  1.91645898e+00  1.41150000e-08  4.15920447e-04  1.41150000e-08  1.48360445e-04  1.41150000e-08  1.10962773e-04  1.41150000e-08  1.45544232e-05  1.41150000e-08  4.03096404e-04  1.41150000e-08  4.22542312e-05 
 1.41250000e-08  1.85834214e+00  1.41250000e-08  4.13426823e-04  1.41250000e-08  1.37766695e-04  1.41250000e-08  1.11106304e-04  1.41250000e-08  1.27701056e-05  1.41250000e-08  4.03684951e-04  1.41250000e-08  3.79092619e-05 
 1.41350000e-08  1.79852940e+00  1.41350000e-08  4.09860980e-04  1.41350000e-08  1.26793832e-04  1.41350000e-08  1.11186943e-04  1.41350000e-08  1.10920586e-05  1.41350000e-08  4.04256687e-04  1.41350000e-08  3.37102679e-05 
 1.41450000e-08  1.73700499e+00  1.41450000e-08  4.04299948e-04  1.41450000e-08  1.15503642e-04  1.41450000e-08  1.11144739e-04  1.41450000e-08  9.52973158e-06  1.41450000e-08  4.04800854e-04  1.41450000e-08  2.96697537e-05 
 1.41550000e-08  1.67380650e+00  1.41550000e-08  3.94516322e-04  1.41550000e-08  1.04029907e-04  1.41550000e-08  1.10837710e-04  1.41550000e-08  8.09343142e-06  1.41550000e-08  4.05302279e-04  1.41550000e-08  2.58000232e-05 
 1.41650000e-08  1.60921513e+00  1.41650000e-08  3.74888879e-04  1.41650000e-08  9.25761093e-05  1.41650000e-08  1.09885779e-04  1.41650000e-08  6.79454032e-06  1.41650000e-08  4.05737266e-04  1.41650000e-08  2.21171673e-05 
 1.41750000e-08  1.54430828e+00  1.41750000e-08  3.36274872e-04  1.41750000e-08  8.14264909e-05  1.41750000e-08  1.07384627e-04  1.41750000e-08  5.64734871e-06  1.41750000e-08  4.06065560e-04  1.41750000e-08  1.86531114e-05 
 1.41850000e-08  1.48136322e+00  1.41850000e-08  2.82158839e-04  1.41850000e-08  7.09418657e-05  1.41850000e-08  1.02482032e-04  1.41850000e-08  4.66477919e-06  1.41850000e-08  4.06227073e-04  1.41850000e-08  1.54614222e-05 
 1.41950000e-08  1.42240276e+00  1.41950000e-08  2.29439248e-04  1.41950000e-08  6.13015975e-05  1.41950000e-08  9.61893556e-05  1.41950000e-08  3.83705781e-06  1.41950000e-08  4.06156430e-04  1.41950000e-08  1.25772279e-05 
 1.42050000e-08  1.36761694e+00  1.42050000e-08  1.86378767e-04  1.42050000e-08  5.24230460e-05  1.42050000e-08  9.03777467e-05  1.42050000e-08  3.13433807e-06  1.42050000e-08  4.05817453e-04  1.42050000e-08  9.98888462e-06 
 1.42150000e-08  1.31602590e+00  1.42150000e-08  1.53460070e-04  1.42150000e-08  4.42263014e-05  1.42150000e-08  8.59052100e-05  1.42150000e-08  2.53313589e-06  1.42150000e-08  4.05225215e-04  1.42150000e-08  7.66651127e-06 
 1.42250000e-08  1.26650145e+00  1.42250000e-08  1.28515178e-04  1.42250000e-08  3.67264449e-05  1.42250000e-08  8.26533601e-05  1.42250000e-08  2.02089301e-06  1.42250000e-08  4.04423535e-04  1.42250000e-08  5.58371057e-06 
 1.42350000e-08  1.21814976e+00  1.42350000e-08  1.09196414e-04  1.42350000e-08  2.99890916e-05  1.42350000e-08  8.01751143e-05  1.42350000e-08  1.59017552e-06  1.42350000e-08  4.03451186e-04  1.42350000e-08  3.72083832e-06 
 1.42450000e-08  1.17027352e+00  1.42450000e-08  9.37579252e-05  1.42450000e-08  2.40756846e-05  1.42450000e-08  7.80783010e-05  1.42450000e-08  1.23425505e-06  1.42450000e-08  4.02327945e-04  1.42450000e-08  2.06137945e-06 
 1.42550000e-08  1.12243525e+00  1.42550000e-08  8.11200484e-05  1.42550000e-08  1.90122834e-05  1.42550000e-08  7.61554841e-05  1.42550000e-08  9.45465878e-07  1.42550000e-08  4.01052309e-04  1.42550000e-08  5.90478604e-07 
 1.42650000e-08  1.07468030e+00  1.42650000e-08  7.07663094e-05  1.42650000e-08  1.48418229e-05  1.42650000e-08  7.44628955e-05  1.42650000e-08  7.18476355e-07  1.42650000e-08  3.99618332e-04  1.42650000e-08  8.51126833e-07 
 1.42750000e-08  1.02736946e+00  1.42750000e-08  6.23631459e-05  1.42750000e-08  1.14265441e-05  1.42750000e-08  7.31170098e-05  1.42750000e-08  5.39857442e-07  1.42750000e-08  3.98051602e-04  1.42750000e-08  2.18198765e-06 
 1.42850000e-08  9.80770594e-01  1.42850000e-08  5.54914010e-05  1.42850000e-08  8.63919772e-06  1.42850000e-08  7.20636684e-05  1.42850000e-08  3.98999461e-07  1.42850000e-08  3.96412851e-04  1.42850000e-08  3.27287869e-06 
 1.42950000e-08  9.34992451e-01  1.42950000e-08  4.97827512e-05  1.42950000e-08  6.42047693e-06  1.42950000e-08  7.12066472e-05  1.42950000e-08  2.90205269e-07  1.42950000e-08  3.94766075e-04  1.42950000e-08  4.14153824e-06 
 1.43050000e-08  8.90051382e-01  1.43050000e-08  4.49839081e-05  1.43050000e-08  4.69583980e-06  1.43050000e-08  7.05015813e-05  1.43050000e-08  2.07896074e-07  1.43050000e-08  3.93157671e-04  1.43050000e-08  4.80073824e-06 
 1.43150000e-08  8.45904512e-01  1.43150000e-08  4.09106336e-05  1.43150000e-08  3.38386804e-06  1.43150000e-08  6.99276650e-05  1.43150000e-08  1.46835937e-07  1.43150000e-08  3.91604648e-04  1.43150000e-08  5.26264655e-06 
 1.43250000e-08  8.02459721e-01  1.43250000e-08  3.74156740e-05  1.43250000e-08  2.40515966e-06  1.43250000e-08  6.94603471e-05  1.43250000e-08  1.02369666e-07  1.43250000e-08  3.90085401e-04  1.43250000e-08  5.54290306e-06 
 1.43350000e-08  7.59575348e-01  1.43350000e-08  3.43729263e-05  1.43350000e-08  1.68824194e-06  1.43350000e-08  6.90557594e-05  1.43350000e-08  7.05504115e-08  1.43350000e-08  3.88538188e-04  1.43350000e-08  5.66261316e-06 
 1.43450000e-08  7.17097051e-01  1.43450000e-08  3.16857931e-05  1.43450000e-08  1.17205513e-06  1.43450000e-08  6.86744314e-05  1.43450000e-08  4.81522632e-08  1.43450000e-08  3.86863465e-04  1.43450000e-08  5.65133949e-06 
 1.43550000e-08  6.74915721e-01  1.43550000e-08  2.92931761e-05  1.43550000e-08  8.06188002e-07  1.43550000e-08  6.83071591e-05  1.43550000e-08  3.26132745e-08  1.43550000e-08  3.84915930e-04  1.43550000e-08  5.53917413e-06 
 1.43650000e-08  6.32966870e-01  1.43650000e-08  2.71465588e-05  1.43650000e-08  5.50359675e-07  1.43650000e-08  6.79408858e-05  1.43650000e-08  2.19608774e-08  1.43650000e-08  3.82478839e-04  1.43650000e-08  5.34302123e-06 
 1.43750000e-08  5.91217813e-01  1.43750000e-08  2.51977972e-05  1.43750000e-08  3.73716394e-07  1.43750000e-08  6.75365083e-05  1.43750000e-08  1.47356843e-08  1.43750000e-08  3.79219491e-04  1.43750000e-08  5.08900411e-06 
 1.43850000e-08  5.49659778e-01  1.43850000e-08  2.34031840e-05  1.43850000e-08  2.52994847e-07  1.43850000e-08  6.70388611e-05  1.43850000e-08  9.87466317e-09  1.43850000e-08  3.74584832e-04  1.43850000e-08  4.80080900e-06 
 1.43950000e-08  5.08338743e-01  1.43950000e-08  2.17253076e-05  1.43950000e-08  1.71110633e-07  1.43950000e-08  6.63819250e-05  1.43950000e-08  6.62171071e-09  1.43950000e-08  3.67647243e-04  1.43950000e-08  4.49978284e-06 
 1.44050000e-08  4.67472368e-01  1.44050000e-08  2.01447877e-05  1.44050000e-08  1.15747327e-07  1.44050000e-08  6.55252086e-05  1.44050000e-08  4.44739121e-09  1.44050000e-08  3.56994096e-04  1.44050000e-08  4.21065529e-06 
 1.44150000e-08  4.27305082e-01  1.44150000e-08  1.86127266e-05  1.44150000e-08  7.84258327e-08  1.44150000e-08  6.43104110e-05  1.44150000e-08  2.99565405e-09  1.44150000e-08  3.41004712e-04  1.44150000e-08  3.94630000e-06 
 1.44250000e-08  3.88341087e-01  1.44250000e-08  1.71196914e-05  1.44250000e-08  5.32207395e-08  1.44250000e-08  6.26748761e-05  1.44250000e-08  2.02302686e-09  1.44250000e-08  3.19338571e-04  1.44250000e-08  3.71311655e-06 
 1.44350000e-08  3.51480361e-01  1.44350000e-08  1.57102870e-05  1.44350000e-08  3.61079796e-08  1.44350000e-08  6.07426605e-05  1.44350000e-08  1.36703770e-09  1.44350000e-08  2.94101470e-04  1.44350000e-08  3.51661016e-06 
 1.44450000e-08  3.18134694e-01  1.44450000e-08  1.45098098e-05  1.44450000e-08  2.44274828e-08  1.44450000e-08  5.89874519e-05  1.44450000e-08  9.21753323e-10  1.44450000e-08  2.68530443e-04  1.44450000e-08  3.38317246e-06 
 1.44550000e-08  2.89239312e-01  1.44550000e-08  1.35204131e-05  1.44550000e-08  1.64211916e-08  1.44550000e-08  5.74922108e-05  1.44550000e-08  6.17932060e-10  1.44550000e-08  2.45025017e-04  1.44550000e-08  3.26920686e-06 
 1.44650000e-08  2.64586470e-01  1.44650000e-08  1.26209411e-05  1.44650000e-08  1.10093874e-08  1.44650000e-08  5.58563561e-05  1.44650000e-08  4.13345982e-10  1.44650000e-08  2.24482228e-04  1.44650000e-08  3.18291417e-06 
 1.44750000e-08  2.43397956e-01  1.44750000e-08  1.17630889e-05  1.44750000e-08  7.39873868e-09  1.44750000e-08  5.39585168e-05  1.44750000e-08  2.77275081e-10  1.44750000e-08  2.06696883e-04  1.44750000e-08  3.13024102e-06 
 1.44850000e-08  2.24976477e-01  1.44850000e-08  1.09617633e-05  1.44850000e-08  5.00189266e-09  1.44850000e-08  5.19394618e-05  1.44850000e-08  1.87174928e-10  1.44850000e-08  1.91176847e-04  1.44850000e-08  3.10757394e-06 
 1.44950000e-08  2.08837382e-01  1.44950000e-08  1.02273743e-05  1.44950000e-08  3.40862145e-09  1.44950000e-08  4.99123317e-05  1.44950000e-08  1.27403099e-10  1.44950000e-08  1.77538812e-04  1.44950000e-08  3.10638068e-06 
 1.45050000e-08  1.94604038e-01  1.45050000e-08  9.56167623e-06  1.45050000e-08  2.34486447e-09  1.45050000e-08  4.79431575e-05  1.45050000e-08  8.75606514e-11  1.45050000e-08  1.65475882e-04  1.45050000e-08  3.11736091e-06 
 1.45150000e-08  1.81995694e-01  1.45150000e-08  8.96227874e-06  1.45150000e-08  1.62997913e-09  1.45150000e-08  4.60693041e-05  1.45150000e-08  6.08196906e-11  1.45150000e-08  1.54758749e-04  1.45150000e-08  3.13261098e-06 
 1.45250000e-08  1.70791867e-01  1.45250000e-08  8.42527687e-06  1.45250000e-08  1.14577141e-09  1.45250000e-08  4.43130221e-05  1.45250000e-08  4.27262681e-11  1.45250000e-08  1.45206291e-04  1.45250000e-08  3.14631667e-06 
 1.45350000e-08  1.60815816e-01  1.45350000e-08  7.94537243e-06  1.45350000e-08  8.14918163e-10  1.45350000e-08  4.26825909e-05  1.45350000e-08  3.03735958e-11  1.45350000e-08  1.36675428e-04  1.45350000e-08  3.15473950e-06 
 1.45450000e-08  1.51924287e-01  1.45450000e-08  7.51753374e-06  1.45450000e-08  5.86708592e-10  1.45450000e-08  4.11816498e-05  1.45450000e-08  2.18589714e-11  1.45450000e-08  1.29049849e-04  1.45450000e-08  3.15586620e-06 
 1.45550000e-08  1.43996547e-01  1.45550000e-08  7.13726795e-06  1.45550000e-08  4.27742020e-10  1.45550000e-08  3.98117921e-05  1.45550000e-08  1.59311021e-11  1.45550000e-08  1.22230363e-04  1.45550000e-08  3.14898609e-06 
 1.45650000e-08  1.36933170e-01  1.45650000e-08  6.80040552e-06  1.45650000e-08  3.15881199e-10  1.45650000e-08  3.85720583e-05  1.45650000e-08  1.17616821e-11  1.45650000e-08  1.16135540e-04  1.45650000e-08  3.13430537e-06 
 1.45750000e-08  1.30654045e-01  1.45750000e-08  6.50431955e-06  1.45750000e-08  2.36359707e-10  1.45750000e-08  3.74665111e-05  1.45750000e-08  8.79874991e-12  1.45750000e-08  1.10696746e-04  1.45750000e-08  3.11262478e-06 
 1.45850000e-08  1.25098762e-01  1.45850000e-08  6.24741018e-06  1.45850000e-08  1.79254492e-10  1.45850000e-08  3.65021311e-05  1.45850000e-08  6.67168726e-12  1.45850000e-08  1.05860542e-04  1.45850000e-08  3.08517775e-06 
 1.45950000e-08  1.20221900e-01  1.45950000e-08  6.02887709e-06  1.45950000e-08  1.37876451e-10  1.45950000e-08  3.56879394e-05  1.45950000e-08  5.13082340e-12  1.45950000e-08  1.01585340e-04  1.45950000e-08  3.05308396e-06 
 1.46050000e-08  1.15977878e-01  1.46050000e-08  5.84504333e-06  1.46050000e-08  1.07647261e-10  1.46050000e-08  3.50141591e-05  1.46050000e-08  4.00536720e-12  1.46050000e-08  9.78378166e-05  1.46050000e-08  3.01882135e-06 
 1.46150000e-08  1.12296077e-01  1.46150000e-08  5.68683948e-06  1.46150000e-08  8.52909485e-11  1.46150000e-08  3.44384444e-05  1.46150000e-08  3.17317609e-12  1.46150000e-08  9.45770527e-05  1.46150000e-08  2.98831587e-06 
 1.46250000e-08  1.09066838e-01  1.46250000e-08  5.54229663e-06  1.46250000e-08  6.85425194e-11  1.46250000e-08  3.38986433e-05  1.46250000e-08  2.54982785e-12  1.46250000e-08  9.17327989e-05  1.46250000e-08  2.96117287e-06 
 1.46350000e-08  1.06185917e-01  1.46350000e-08  5.40605015e-06  1.46350000e-08  5.57946909e-11  1.46350000e-08  3.33701124e-05  1.46350000e-08  2.07543326e-12  1.46350000e-08  8.92184965e-05  1.46350000e-08  2.93099300e-06 
 1.46450000e-08  1.03580414e-01  1.46450000e-08  5.27660971e-06  1.46450000e-08  4.59208862e-11  1.46450000e-08  3.28500997e-05  1.46450000e-08  1.70802780e-12  1.46450000e-08  8.69652204e-05  1.46450000e-08  2.89179895e-06 
 1.46550000e-08  1.01200927e-01  1.46550000e-08  5.15406242e-06  1.46550000e-08  3.81502127e-11  1.46550000e-08  3.23443096e-05  1.46550000e-08  1.41890366e-12  1.46550000e-08  8.49221824e-05  1.46550000e-08  2.84108539e-06 
 1.46650000e-08  9.90133639e-02  1.46650000e-08  5.03760441e-06  1.46650000e-08  3.19389646e-11  1.46650000e-08  3.18522082e-05  1.46650000e-08  1.18781776e-12  1.46650000e-08  8.30566306e-05  1.46650000e-08  2.77888040e-06 
 1.46750000e-08  9.69962708e-02  1.46750000e-08  4.92631257e-06  1.46750000e-08  2.68849660e-11  1.46750000e-08  3.13722004e-05  1.46750000e-08  9.99798747e-13  1.46750000e-08  8.13484782e-05  1.46750000e-08  2.70473212e-06 
 1.46850000e-08  9.51389653e-02  1.46850000e-08  4.81933856e-06  1.46850000e-08  2.26846637e-11  1.46850000e-08  3.09030678e-05  1.46850000e-08  8.43547872e-13  1.46850000e-08  7.97877001e-05  1.46850000e-08  2.61543343e-06 
 1.46950000e-08  9.34382320e-02  1.46950000e-08  4.71651926e-06  1.46950000e-08  1.91196444e-11  1.46950000e-08  3.04476731e-05  1.46950000e-08  7.10936186e-13  1.46950000e-08  7.83691811e-05  1.46950000e-08  2.50547485e-06 
 1.47050000e-08  9.18929403e-02  1.47050000e-08  4.61875763e-06  1.47050000e-08  1.60508385e-11  1.47050000e-08  3.00149871e-05  1.47050000e-08  5.96788220e-13  1.47050000e-08  7.70865719e-05  1.47050000e-08  2.36971627e-06 
 1.47150000e-08  9.04990868e-02  1.47150000e-08  4.52759230e-06  1.47150000e-08  1.34008604e-11  1.47150000e-08  2.96171299e-05  1.47150000e-08  4.98224226e-13  1.47150000e-08  7.59293076e-05  1.47150000e-08  2.20605168e-06 
 1.47250000e-08  8.92443589e-02  1.47250000e-08  4.44398087e-06  1.47250000e-08  1.11283434e-11  1.47250000e-08  2.92615581e-05  1.47250000e-08  4.13704633e-13  1.47250000e-08  7.48815888e-05  1.47250000e-08  2.01562526e-06 
 1.47350000e-08  8.81069749e-02  1.47350000e-08  4.36736554e-06  1.47350000e-08  9.20322787e-12  1.47350000e-08  2.89452453e-05  1.47350000e-08  3.42110427e-13  1.47350000e-08  7.39241637e-05  1.47350000e-08  1.80256876e-06 
 1.47450000e-08  8.70681547e-02  1.47450000e-08  4.29624767e-06  1.47450000e-08  7.58876023e-12  1.47450000e-08  2.86589976e-05  1.47450000e-08  2.82073762e-13  1.47450000e-08  7.30438047e-05  1.47450000e-08  1.57523872e-06 
 1.47550000e-08  8.61007822e-02  1.47550000e-08  4.23061296e-06  1.47550000e-08  6.25206768e-12  1.47550000e-08  2.84027144e-05  1.47550000e-08  2.32370723e-13  1.47550000e-08  7.22146420e-05  1.47550000e-08  1.33998421e-06 
 1.47650000e-08  8.51732214e-02  1.47650000e-08  4.16918990e-06  1.47650000e-08  5.16005194e-12  1.47650000e-08  2.81674073e-05  1.47650000e-08  1.91769001e-13  1.47650000e-08  7.14111931e-05  1.47650000e-08  1.10191078e-06 
 1.47750000e-08  8.42703783e-02  1.47750000e-08  4.11068235e-06  1.47750000e-08  4.27182521e-12  1.47750000e-08  2.79446555e-05  1.47750000e-08  1.58747205e-13  1.47750000e-08  7.06239743e-05  1.47750000e-08  8.70941643e-07 
 1.47850000e-08  8.33906541e-02  1.47850000e-08  4.05182878e-06  1.47850000e-08  3.55184959e-12  1.47850000e-08  2.77120915e-05  1.47850000e-08  1.31983094e-13  1.47850000e-08  6.98615985e-05  1.47850000e-08  6.58923939e-07 
 1.47950000e-08  8.25121776e-02  1.47950000e-08  3.99608371e-06  1.47950000e-08  2.96706017e-12  1.47950000e-08  2.74943934e-05  1.47950000e-08  1.10246622e-13  1.47950000e-08  6.90918380e-05  1.47950000e-08  4.78694205e-07 
 1.48050000e-08  8.15864723e-02  1.48050000e-08  3.93510960e-06  1.48050000e-08  2.49451309e-12  1.48050000e-08  2.72349322e-05  1.48050000e-08  9.26841881e-14  1.48050000e-08  6.82976188e-05  1.48050000e-08  3.46665735e-07 
 1.48150000e-08  8.04725168e-02  1.48150000e-08  3.85224576e-06  1.48150000e-08  2.11306400e-12  1.48150000e-08  2.68205313e-05  1.48150000e-08  7.85091300e-14  1.48150000e-08  6.74005285e-05  1.48150000e-08  2.73128683e-07 
 1.48250000e-08  7.89904619e-02  1.48250000e-08  3.73599957e-06  1.48250000e-08  1.80595981e-12  1.48250000e-08  2.61717660e-05  1.48250000e-08  6.70981296e-14  1.48250000e-08  6.62652076e-05  1.48250000e-08  2.62856493e-07 
 1.48350000e-08  7.71393522e-02  1.48350000e-08  3.60922608e-06  1.48350000e-08  1.56103970e-12  1.48350000e-08  2.54429198e-05  1.48350000e-08  5.79986198e-14  1.48350000e-08  6.48089216e-05  1.48350000e-08  3.10256429e-07 
 1.48450000e-08  7.50405894e-02  1.48450000e-08  3.48930091e-06  1.48450000e-08  1.36707268e-12  1.48450000e-08  2.47501391e-05  1.48450000e-08  5.07926112e-14  1.48450000e-08  6.30906966e-05  1.48450000e-08  3.89550689e-07 
 1.48550000e-08  7.28079790e-02  1.48550000e-08  3.37588755e-06  1.48550000e-08  1.21302036e-12  1.48550000e-08  2.40881732e-05  1.48550000e-08  4.50695438e-14  1.48550000e-08  6.12259447e-05  1.48550000e-08  4.73100205e-07 
 1.48650000e-08  7.05359417e-02  1.48650000e-08  3.26673455e-06  1.48650000e-08  1.08801262e-12  1.48650000e-08  2.34410574e-05  1.48650000e-08  4.04254288e-14  1.48650000e-08  5.93159733e-05  1.48650000e-08  5.48323007e-07 
 1.48750000e-08  6.83131203e-02  1.48750000e-08  3.15971402e-06  1.48750000e-08  9.79775906e-13  1.48750000e-08  2.27971734e-05  1.48750000e-08  3.64043037e-14  1.48750000e-08  5.74545008e-05  1.48750000e-08  6.18243659e-07 
 1.48850000e-08  6.61210812e-02  1.48850000e-08  3.05386117e-06  1.48850000e-08  8.87299083e-13  1.48850000e-08  2.21487966e-05  1.48850000e-08  3.29685017e-14  1.48850000e-08  5.56261297e-05  1.48850000e-08  6.66304813e-07 
 1.48950000e-08  6.39723324e-02  1.48950000e-08  2.94778382e-06  1.48950000e-08  8.06599138e-13  1.48950000e-08  2.14877639e-05  1.48950000e-08  2.99701979e-14  1.48950000e-08  5.38470925e-05  1.48950000e-08  7.07863738e-07 
 1.49050000e-08  6.18765266e-02  1.49050000e-08  2.84119156e-06  1.49050000e-08  7.33585028e-13  1.49050000e-08  2.08143390e-05  1.49050000e-08  2.72574564e-14  1.49050000e-08  5.21267361e-05  1.49050000e-08  7.51777655e-07 
 1.49150000e-08  5.98522717e-02  1.49150000e-08  2.73419459e-06  1.49150000e-08  6.63978281e-13  1.49150000e-08  2.01324903e-05  1.49150000e-08  2.46713660e-14  1.49150000e-08  5.04819397e-05  1.49150000e-08  8.09612797e-07 
 1.49250000e-08  5.79232351e-02  1.49250000e-08  2.62763615e-06  1.49250000e-08  5.94164556e-13  1.49250000e-08  1.94518286e-05  1.49250000e-08  2.20776601e-14  1.49250000e-08  4.89321847e-05  1.49250000e-08  8.92572818e-07 
 1.49350000e-08  5.61104843e-02  1.49350000e-08  2.52383293e-06  1.49350000e-08  5.22694929e-13  1.49350000e-08  1.87918911e-05  1.49350000e-08  1.94224750e-14  1.49350000e-08  4.74892942e-05  1.49350000e-08  1.00576791e-06 
 1.49450000e-08  5.44123804e-02  1.49450000e-08  2.42461562e-06  1.49450000e-08  4.51798444e-13  1.49450000e-08  1.81658325e-05  1.49450000e-08  1.67885444e-14  1.49450000e-08  4.61446018e-05  1.49450000e-08  1.13964611e-06 
 1.49550000e-08  5.27925103e-02  1.49550000e-08  2.32835782e-06  1.49550000e-08  3.85955424e-13  1.49550000e-08  1.75581280e-05  1.49550000e-08  1.43422536e-14  1.49550000e-08  4.48676766e-05  1.49550000e-08  1.27264929e-06 
 1.49650000e-08  5.11845957e-02  1.49650000e-08  2.23285038e-06  1.49650000e-08  3.29420008e-13  1.49650000e-08  1.69468873e-05  1.49650000e-08  1.22416388e-14  1.49650000e-08  4.35999928e-05  1.49650000e-08  1.37934970e-06 
 1.49750000e-08  4.94994045e-02  1.49750000e-08  2.13649706e-06  1.49750000e-08  2.85077943e-13  1.49750000e-08  1.63137531e-05  1.49750000e-08  1.05939370e-14  1.49750000e-08  4.22575288e-05  1.49750000e-08  1.43389439e-06 
 1.49850000e-08  4.76415481e-02  1.49850000e-08  2.03805515e-06  1.49850000e-08  2.54275219e-13  1.49850000e-08  1.56431709e-05  1.49850000e-08  9.44918790e-15  1.49850000e-08  4.07488009e-05  1.49850000e-08  1.41264402e-06 
 1.49950000e-08  4.55380407e-02  1.49950000e-08  1.93686456e-06  1.49950000e-08  2.37146244e-13  1.49950000e-08  1.49258894e-05  1.49950000e-08  8.81240305e-15  1.49950000e-08  3.90026670e-05  1.49950000e-08  1.30021450e-06 
 1.50050000e-08  4.31570111e-02  1.50050000e-08  1.83273835e-06  1.50050000e-08  2.33461296e-13  1.50050000e-08  1.41592678e-05  1.50050000e-08  8.67503856e-15  1.50050000e-08  3.69875775e-05  1.50050000e-08  1.09406199e-06 
 1.50150000e-08  4.05223706e-02  1.50150000e-08  1.72596052e-06  1.50150000e-08  2.43178476e-13  1.50150000e-08  1.33477689e-05  1.50150000e-08  9.03550568e-15  1.50150000e-08  3.47262594e-05  1.50150000e-08  8.09530045e-07 
 1.50250000e-08  3.76692693e-02  1.50250000e-08  1.61739747e-06  1.50250000e-08  2.68047037e-13  1.50250000e-08  1.25015476e-05  1.50250000e-08  9.95871222e-15  1.50250000e-08  3.22504817e-05  1.50250000e-08  4.61919735e-07 
 1.50350000e-08  3.46348297e-02  1.50350000e-08  1.50780622e-06  1.50350000e-08  3.12493499e-13  1.50350000e-08  1.16303601e-05  1.50350000e-08  1.16089662e-14  1.50350000e-08  2.95944449e-05  1.50350000e-08  6.49244217e-08 
 1.50450000e-08  3.14776641e-02  1.50450000e-08  1.39811405e-06  1.50450000e-08  3.85417325e-13  1.50450000e-08  1.07461867e-05  1.50450000e-08  1.43169050e-14  1.50450000e-08  2.68133423e-05  1.50450000e-08  2.91832914e-07 
 1.50550000e-08  2.82573936e-02  1.50550000e-08  1.28957039e-06  1.50550000e-08  4.98618732e-13  1.50550000e-08  9.86354078e-06  1.50550000e-08  1.85204690e-14  1.50550000e-08  2.39621553e-05  1.50550000e-08  6.55948908e-07 
 1.50650000e-08  2.50385998e-02  1.50650000e-08  1.18370542e-06  1.50650000e-08  6.71482907e-13  1.50650000e-08  8.99888847e-06  1.50650000e-08  2.49393106e-14  1.50650000e-08  2.10998996e-05  1.50650000e-08  1.02440433e-06 
 1.50750000e-08  2.18943811e-02  1.50750000e-08  1.08095891e-06  1.50750000e-08  9.33708012e-13  1.50750000e-08  8.15972015e-06  1.50750000e-08  3.46760244e-14  1.50750000e-08  1.82986230e-05  1.50750000e-08  1.37959276e-06 
 1.50850000e-08  1.89652921e-02  1.50850000e-08  9.82524298e-07  1.50850000e-08  1.31792431e-12  1.50850000e-08  7.35982858e-06  1.50850000e-08  4.89421396e-14  1.50850000e-08  1.56964299e-05  1.50850000e-08  1.69403172e-06 
 1.50950000e-08  1.62462284e-02  1.50950000e-08  8.91916175e-07  1.50950000e-08  1.89067172e-12  1.50950000e-08  6.62564477e-06  1.50950000e-08  7.02083416e-14  1.50950000e-08  1.32738596e-05  1.50950000e-08  1.96858051e-06 
 1.51050000e-08  1.37670738e-02  1.51050000e-08  8.10019410e-07  1.51050000e-08  2.74932597e-12  1.51050000e-08  5.96376511e-06  1.51050000e-08  1.02090470e-13  1.51050000e-08  1.10585675e-05  1.51050000e-08  2.20300012e-06 
 1.51150000e-08  1.15496437e-02  1.51150000e-08  7.42141344e-07  1.51150000e-08  4.05275598e-12  1.51150000e-08  5.41200254e-06  1.51150000e-08  1.50488097e-13  1.51150000e-08  9.05298495e-06  1.51150000e-08  2.40263837e-06 
 1.51250000e-08  9.59518342e-03  1.51250000e-08  6.89805928e-07  1.51250000e-08  6.07294827e-12  1.51250000e-08  4.97886693e-06  1.51250000e-08  2.25502369e-13  1.51250000e-08  7.25416855e-06  1.51250000e-08  2.56916213e-06 
 1.51350000e-08  7.90937880e-03  1.51350000e-08  6.45206385e-07  1.51350000e-08  9.20285364e-12  1.51350000e-08  4.60670009e-06  1.51350000e-08  3.41729752e-13  1.51350000e-08  5.70025886e-06  1.51350000e-08  2.69347121e-06 
 1.51450000e-08  6.46434371e-03  1.51450000e-08  6.01085735e-07  1.51450000e-08  1.39780039e-11  1.51450000e-08  4.24416770e-06  1.51450000e-08  5.19066605e-13  1.51450000e-08  4.39119651e-06  1.51450000e-08  2.78266138e-06 
 1.51550000e-08  5.22173882e-03  1.51550000e-08  5.57974891e-07  1.51550000e-08  2.11996985e-11  1.51550000e-08  3.89569261e-06  1.51550000e-08  7.87292685e-13  1.51550000e-08  3.28507929e-06  1.51550000e-08  2.82661141e-06 
 1.51650000e-08  4.14245627e-03  1.51650000e-08  5.16054655e-07  1.51650000e-08  3.20378279e-11  1.51650000e-08  3.56262201e-06  1.51650000e-08  1.18989847e-12  1.51650000e-08  2.34071687e-06  1.51650000e-08  2.82970847e-06 
 1.51750000e-08  3.18898271e-03  1.51750000e-08  4.75229213e-07  1.51750000e-08  4.82090748e-11  1.51750000e-08  3.24407166e-06  1.51750000e-08  1.79072197e-12  1.51750000e-08  1.51968937e-06  1.51750000e-08  2.80156582e-06 
 1.51850000e-08  2.32720258e-03  1.51850000e-08  4.35081532e-07  1.51850000e-08  7.22426058e-11  1.51850000e-08  2.93688066e-06  1.51850000e-08  2.68385059e-12  1.51850000e-08  7.88303498e-07  1.51850000e-08  2.75240246e-06 
 1.51950000e-08  1.52669834e-03  1.51950000e-08  3.95528402e-07  1.51950000e-08  1.07921346e-10  1.51950000e-08  2.64015740e-06  1.51950000e-08  4.01007353e-12  1.51950000e-08  1.15397387e-07  1.51950000e-08  2.69178993e-06 
 1.52050000e-08  7.45214660e-04  1.52050000e-08  3.62964966e-07  1.52050000e-08  1.60994341e-10  1.52050000e-08  2.39580810e-06  1.52050000e-08  5.98346143e-12  1.52050000e-08  5.66262715e-07  1.52050000e-08  2.62787707e-06 
 1.52150000e-08 -3.83814030e-05  1.52150000e-08  3.20901080e-07  1.52150000e-08  2.40299873e-10  1.52150000e-08  2.09445600e-06  1.52150000e-08  8.93331711e-12  1.52150000e-08  1.21671687e-06  1.52150000e-08  2.56688457e-06 
 1.52250000e-08 -8.47424494e-04  1.52250000e-08  2.76571764e-07  1.52250000e-08  3.59818544e-10  1.52250000e-08  1.78471619e-06  1.52250000e-08  1.33809125e-11  1.52250000e-08  1.88744243e-06  1.52250000e-08  2.51422062e-06 
 1.52350000e-08 -1.68466294e-03  1.52350000e-08  2.33224835e-07  1.52350000e-08  5.42136521e-10  1.52350000e-08  1.48765772e-06  1.52350000e-08  2.01691238e-11  1.52350000e-08  2.59300761e-06  1.52350000e-08  2.47425884e-06 
 1.52450000e-08 -2.57800818e-03  1.52450000e-08  1.86782610e-07  1.52450000e-08  8.24974461e-10  1.52450000e-08  1.17732278e-06  1.52450000e-08  3.07071296e-11  1.52450000e-08  3.34764397e-06  1.52450000e-08  2.45141510e-06 
 1.52550000e-08 -3.55245807e-03  1.52550000e-08  1.37269093e-07  1.52550000e-08  1.27362339e-09  1.52550000e-08  8.54617684e-07  1.52550000e-08  4.74373616e-11  1.52550000e-08  4.17746215e-06  1.52550000e-08  2.45040804e-06 
 1.52650000e-08 -4.63927564e-03  1.52650000e-08  8.30613698e-08  1.52650000e-08  2.00610624e-09  1.52650000e-08  5.10479410e-07  1.52650000e-08  7.47824019e-11  1.52650000e-08  5.10923451e-06  1.52650000e-08  2.47701146e-06 
 1.52750000e-08 -5.87725648e-03  1.52750000e-08  2.25307670e-08  1.52750000e-08  3.24700330e-09  1.52750000e-08  1.36579486e-07  1.52750000e-08  1.21176511e-10  1.52750000e-08  6.17760669e-06  1.52750000e-08  2.53897819e-06 
 1.52850000e-08 -7.32291986e-03  1.52850000e-08  4.65698628e-08  1.52850000e-08  5.44950693e-09  1.52850000e-08  2.78111394e-07  1.52850000e-08  2.03690724e-10  1.52850000e-08  7.43347024e-06  1.52850000e-08  2.64718207e-06 
 1.52950000e-08 -9.03560360e-03  1.52950000e-08  1.28504940e-07  1.52950000e-08  9.58650435e-09  1.52950000e-08  7.54895935e-07  1.52950000e-08  3.59127195e-10  1.52950000e-08  8.92395436e-06  1.52950000e-08  2.81647133e-06 
 1.53050000e-08 -1.10693360e-02  1.53050000e-08  2.27590477e-07  1.53050000e-08  1.78573933e-08  1.53050000e-08  1.31280765e-06  1.53050000e-08  6.71207802e-10  1.53050000e-08  1.06909808e-05  1.53050000e-08  3.06415399e-06 
 1.53150000e-08 -1.34456550e-02  1.53150000e-08  3.48814505e-07  1.53150000e-08  3.53782977e-08  1.53150000e-08  1.97170954e-06  1.53150000e-08  1.33658650e-09  1.53150000e-08  1.27416028e-05  1.53150000e-08  3.40736614e-06 
 1.53250000e-08 -1.61221565e-02  1.53250000e-08  4.95681311e-07  1.53250000e-08  7.40901425e-08  1.53250000e-08  2.74011876e-06  1.53250000e-08  2.82133002e-09  1.53250000e-08  1.50234530e-05  1.53250000e-08  3.86043016e-06 
 1.53350000e-08 -1.90094893e-02  1.53350000e-08  6.68561823e-07  1.53350000e-08  1.61473447e-07  1.53350000e-08  3.60771106e-06  1.53350000e-08  6.22373318e-09  1.53350000e-08  1.74476753e-05  1.53350000e-08  4.43721015e-06 
 1.53450000e-08 -2.20147168e-02  1.53450000e-08  8.65548250e-07  1.53450000e-08  3.59010533e-07  1.53450000e-08  4.55234414e-06  1.53450000e-08  1.40892877e-08  1.53450000e-08  1.99299328e-05  1.53450000e-08  5.15315699e-06 
 1.53550000e-08 -2.50611696e-02  1.53550000e-08  1.08331832e-06  1.53550000e-08  7.98149118e-07  1.53550000e-08  5.54633135e-06  1.53550000e-08  3.21375060e-08  1.53550000e-08  2.24070258e-05  1.53550000e-08  6.02088300e-06 
 1.53650000e-08 -2.80855742e-02  1.53650000e-08  1.31737892e-06  1.53650000e-08  1.74364084e-06  1.53650000e-08  6.55874825e-06  1.53650000e-08  7.26490505e-08  1.53650000e-08  2.48324246e-05  1.53650000e-08  7.04525838e-06 
 1.53750000e-08 -3.10270888e-02  1.53750000e-08  1.56115338e-06  1.53750000e-08  3.69618508e-06  1.53750000e-08  7.55173178e-06  1.53750000e-08  1.60620148e-07  1.53750000e-08  2.71671992e-05  1.53750000e-08  8.22094191e-06 
 1.53850000e-08 -3.38162236e-02  1.53850000e-08  1.80524639e-06  1.53850000e-08  7.54125264e-06  1.53850000e-08  8.47819721e-06  1.53850000e-08  3.44147909e-07  1.53850000e-08  2.93703185e-05  1.53850000e-08  9.53652260e-06 
 1.53950000e-08 -3.63618855e-02  1.53950000e-08  2.03612721e-06  1.53950000e-08  1.46730470e-05  1.53950000e-08  9.27742197e-06  1.53950000e-08  7.09601952e-07  1.53950000e-08  3.13886089e-05  1.53950000e-08  1.09860970e-05 
 1.54050000e-08 -3.85352692e-02  1.54050000e-08  2.23395772e-06  1.54050000e-08  2.67972071e-05  1.54050000e-08  9.86791829e-06  1.54050000e-08  1.39543620e-06  1.54050000e-08  3.31454821e-05  1.54050000e-08  1.25858622e-05 
 1.54150000e-08 -4.01563544e-02  1.54150000e-08  2.37076267e-06  1.54150000e-08  4.51030006e-05  1.54150000e-08  1.01436122e-05  1.54150000e-08  2.58536258e-06  1.54150000e-08  3.45306082e-05  1.54150000e-08  1.43896975e-05 
 1.54250000e-08 -4.09971534e-02  1.54250000e-08  2.41159851e-06  1.54250000e-08  6.92617078e-05  1.54250000e-08  9.98418860e-06  1.54250000e-08  4.46301845e-06  1.54250000e-08  3.53977260e-05  1.54250000e-08  1.64947773e-05 
 1.54350000e-08 -4.08114841e-02  1.54350000e-08  2.31991097e-06  1.54350000e-08  9.73237727e-05  1.54350000e-08  9.28181230e-06  1.54350000e-08  7.14508948e-06  1.54350000e-08  3.55780007e-05  1.54350000e-08  1.90302149e-05 
 1.54450000e-08 -3.93813371e-02  1.54450000e-08  2.06430864e-06  1.54450000e-08  1.26695270e-04  1.54450000e-08  7.96957576e-06  1.54450000e-08  1.06397111e-05  1.54450000e-08  3.49070652e-05  1.54450000e-08  2.21313156e-05 
 1.54550000e-08 -3.65590290e-02  1.54550000e-08  1.62279844e-06  1.54550000e-08  1.55233332e-04  1.54550000e-08  6.03498022e-06  1.54550000e-08  1.48563546e-05  1.54550000e-08  3.32555623e-05  1.54550000e-08  2.59125467e-05 
 1.54650000e-08 -3.22828664e-02  1.54650000e-08  9.82323739e-07  1.54650000e-08  1.81601252e-04  1.54650000e-08  3.51232883e-06  1.54650000e-08  1.96487538e-05  1.54650000e-08  3.05462771e-05  1.54650000e-08  3.04497257e-05 
 1.54750000e-08 -2.65754828e-02  1.54750000e-08  1.36343045e-07  1.54750000e-08  2.05437057e-04  1.54750000e-08  4.67762692e-07  1.54750000e-08  2.48655428e-05  1.54750000e-08  2.67601821e-05  1.54750000e-08  3.57743694e-05 
 1.54850000e-08 -1.95840701e-02  1.54850000e-08  9.23269358e-07  1.54850000e-08  2.26719682e-04  1.54850000e-08  3.02994778e-06  1.54850000e-08  3.03560935e-05  1.54850000e-08  2.19990504e-05  1.54850000e-08  4.18962274e-05 
 1.54950000e-08 -1.13697568e-02  1.54950000e-08  2.18314162e-06  1.54950000e-08  2.45699047e-04  1.54950000e-08  6.83773670e-06  1.54950000e-08  3.60100919e-05  1.54950000e-08  1.62319117e-05  1.54950000e-08  4.87874709e-05 
 1.55050000e-08 -2.04176753e-03  1.55050000e-08  3.66126996e-06  1.55050000e-08  2.62687261e-04  1.55050000e-08  1.09213281e-05  1.55050000e-08  4.17481394e-05  1.55050000e-08  9.53787748e-06  1.55050000e-08  5.64101523e-05 
 1.55150000e-08  8.07963162e-03  1.55150000e-08  5.29995916e-06  1.55150000e-08  2.77991973e-04  1.55150000e-08  1.50280301e-05  1.55150000e-08  4.75188593e-05  1.55150000e-08  2.06361731e-06  1.55150000e-08  6.47264874e-05 
 1.55250000e-08  1.89291812e-02  1.55250000e-08  7.37238865e-06  1.55250000e-08  2.91847429e-04  1.55250000e-08  1.98368492e-05  1.55250000e-08  5.32763850e-05  1.55250000e-08  5.60822847e-06  1.55250000e-08  7.36926037e-05 
 1.55350000e-08  3.04606753e-02  1.55350000e-08  9.57555256e-06  1.55350000e-08  3.04419593e-04  1.55350000e-08  2.44010057e-05  1.55350000e-08  5.89729066e-05  1.55350000e-08  1.39695397e-05  1.55350000e-08  8.32601461e-05 
 1.55450000e-08  4.27613247e-02  1.55450000e-08  1.20150282e-05  1.55450000e-08  3.15833505e-04  1.55450000e-08  2.89366305e-05  1.55450000e-08  6.45625340e-05  1.55450000e-08  2.29241351e-05  1.55450000e-08  9.33829966e-05 
 1.55550000e-08  5.56860785e-02  1.55550000e-08  1.47143016e-05  1.55550000e-08  3.26186174e-04  1.55550000e-08  3.34274156e-05  1.55550000e-08  7.00012737e-05  1.55550000e-08  3.23046493e-05  1.55550000e-08  1.04025553e-04 
 1.55650000e-08  6.91915797e-02  1.55650000e-08  1.77101946e-05  1.55650000e-08  3.35515520e-04  1.55650000e-08  3.78831920e-05  1.55650000e-08  7.52259555e-05  1.55650000e-08  4.20294537e-05  1.55650000e-08  1.15133939e-04 
 1.55750000e-08  8.32346247e-02  1.55750000e-08  2.10107647e-05  1.55750000e-08  3.43796478e-04  1.55750000e-08  4.22538068e-05  1.55750000e-08  8.01430781e-05  1.55750000e-08  5.20648871e-05  1.55750000e-08  1.26635193e-04 
 1.55850000e-08  9.77681990e-02  1.55850000e-08  2.46143445e-05  1.55850000e-08  3.50965184e-04  1.55850000e-08  4.64891143e-05  1.55850000e-08  8.46356723e-05  1.55850000e-08  6.23807274e-05  1.55850000e-08  1.38426640e-04 
 1.55950000e-08  1.12696475e-01  1.55950000e-08  2.85024135e-05  1.55950000e-08  3.57003568e-04  1.55950000e-08  5.05285498e-05  1.55950000e-08  8.86142409e-05  1.55950000e-08  7.29147661e-05  1.55950000e-08  1.50394082e-04 
 1.56050000e-08  1.27855331e-01  1.56050000e-08  3.26511264e-05  1.56050000e-08  3.62012754e-04  1.56050000e-08  5.43159949e-05  1.56050000e-08  9.20727054e-05  1.56050000e-08  8.35404501e-05  1.56050000e-08  1.62449692e-04 
 1.56150000e-08  1.43058802e-01  1.56150000e-08  3.70489871e-05  1.56150000e-08  3.66177378e-04  1.56150000e-08  5.78191574e-05  1.56150000e-08  9.50768424e-05  1.56150000e-08  9.40942648e-05  1.56150000e-08  1.74549524e-04 
 1.56250000e-08  1.58157850e-01  1.56250000e-08  4.17037254e-05  1.56250000e-08  3.69681353e-04  1.56250000e-08  6.10319256e-05  1.56250000e-08  9.77112344e-05  1.56250000e-08  1.04428380e-04  1.56250000e-08  1.86683244e-04 
 1.56350000e-08  1.73059729e-01  1.56350000e-08  4.66383691e-05  1.56350000e-08  3.72662272e-04  1.56350000e-08  6.39630600e-05  1.56350000e-08  1.00043833e-04  1.56350000e-08  1.14436230e-04  1.56350000e-08  1.98855394e-04 
 1.56450000e-08  1.87718573e-01  1.56450000e-08  5.18847232e-05  1.56450000e-08  3.75207312e-04  1.56450000e-08  6.66246069e-05  1.56450000e-08  1.02117156e-04  1.56450000e-08  1.24051173e-04  1.56450000e-08  2.11067501e-04 
 1.56550000e-08  2.02118416e-01  1.56550000e-08  5.74799116e-05  1.56550000e-08  3.77366720e-04  1.56550000e-08  6.90270327e-05  1.56550000e-08  1.03953258e-04  1.56550000e-08  1.33233160e-04  1.56550000e-08  2.23301383e-04 
 1.56650000e-08  2.16259319e-01  1.56650000e-08  6.34650718e-05  1.56650000e-08  3.79169783e-04  1.56650000e-08  7.11779003e-05  1.56650000e-08  1.05562436e-04  1.56650000e-08  1.41955921e-04  1.56650000e-08  2.35501827e-04 
 1.56750000e-08  2.30149387e-01  1.56750000e-08  6.98857333e-05  1.56750000e-08  3.80637646e-04  1.56750000e-08  7.30824925e-05  1.56750000e-08  1.06951156e-04  1.56750000e-08  1.50198186e-04  1.56750000e-08  2.47557826e-04 
 1.56850000e-08  2.43801934e-01  1.56850000e-08  7.67932500e-05  1.56850000e-08  3.81791676e-04  1.56850000e-08  7.47450178e-05  1.56850000e-08  1.08127648e-04  1.56850000e-08  1.57938996e-04  1.56850000e-08  2.59285137e-04 
 1.56950000e-08  2.57235611e-01  1.56950000e-08  8.42465554e-05  1.56950000e-08  3.82657283e-04  1.56950000e-08  7.61693733e-05  1.56950000e-08  1.09104586e-04  1.56950000e-08  1.65155739e-04  1.56950000e-08  2.70419940e-04 
 1.57050000e-08  2.70477130e-01  1.57050000e-08  9.23147139e-05  1.57050000e-08  3.83264900e-04  1.57050000e-08  7.73598115e-05  1.57050000e-08  1.09899790e-04  1.57050000e-08  1.71823912e-04  1.57050000e-08  2.80639999e-04 
 1.57150000e-08  2.83563761e-01  1.57150000e-08  1.01078955e-04  1.57150000e-08  3.83648415e-04  1.57150000e-08  7.83203641e-05  1.57150000e-08  1.10535006e-04  1.57150000e-08  1.77917172e-04  1.57150000e-08  2.89630227e-04 
 1.57250000e-08  2.96545940e-01  1.57250000e-08  1.10634853e-04  1.57250000e-08  3.83843355e-04  1.57250000e-08  7.90538959e-05  1.57250000e-08  1.11034424e-04  1.57250000e-08  1.83407044e-04  1.57250000e-08  2.97179945e-04 
 1.57350000e-08  3.09489776e-01  1.57350000e-08  1.21094581e-04  1.57350000e-08  3.83885381e-04  1.57350000e-08  7.95607652e-05  1.57350000e-08  1.11423404e-04  1.57350000e-08  1.88261858e-04  1.57350000e-08  3.03257737e-04 
 1.57450000e-08  3.22479811e-01  1.57450000e-08  1.32589464e-04  1.57450000e-08  3.83809231e-04  1.57450000e-08  7.98371696e-05  1.57450000e-08  1.11727540e-04  1.57450000e-08  1.92444669e-04  1.57450000e-08  3.08008440e-04 
 1.57550000e-08  3.35622553e-01  1.57550000e-08  1.45272934e-04  1.57550000e-08  3.83648148e-04  1.57550000e-08  7.98730161e-05  1.57550000e-08  1.11972159e-04  1.57550000e-08  1.95909940e-04  1.57550000e-08  3.11679117e-04 
 1.57650000e-08  3.49051726e-01  1.57650000e-08  1.59323847e-04  1.57650000e-08  3.83434091e-04  1.57650000e-08  7.96489972e-05  1.57650000e-08  1.12182498e-04  1.57650000e-08  1.98598662e-04  1.57650000e-08  3.14532942e-04 
 1.57750000e-08  3.62937129e-01  1.57750000e-08  1.74949060e-04  1.57750000e-08  3.83198542e-04  1.57750000e-08  7.91324874e-05  1.57750000e-08  1.12384432e-04  1.57750000e-08  2.00431888e-04  1.57750000e-08  3.16795916e-04 
 1.57850000e-08  3.77500974e-01  1.57850000e-08  1.92379096e-04  1.57850000e-08  3.82971292e-04  1.57850000e-08  7.82724299e-05  1.57850000e-08  1.12603733e-04  1.57850000e-08  2.01304591e-04  1.57850000e-08  3.18640313e-04 
 1.57950000e-08  3.93046965e-01  1.57950000e-08  2.11832879e-04  1.57950000e-08  3.82769593e-04  1.57950000e-08  7.69962301e-05  1.57950000e-08  1.12857725e-04  1.57950000e-08  2.01087252e-04  1.57950000e-08  3.20188262e-04 
 1.58050000e-08  4.09994208e-01  1.58050000e-08  2.33388478e-04  1.58050000e-08  3.82575868e-04  1.58050000e-08  7.52149310e-05  1.58050000e-08  1.13137505e-04  1.58050000e-08  1.99640345e-04  1.58050000e-08  3.21521043e-04 
 1.58150000e-08  4.28869992e-01  1.58150000e-08  2.56632995e-04  1.58150000e-08  3.82338492e-04  1.58150000e-08  7.28345565e-05  1.58150000e-08  1.13407745e-04  1.58150000e-08  1.96814806e-04  1.58150000e-08  3.22690018e-04 
 1.58250000e-08  4.50212247e-01  1.58250000e-08  2.79860288e-04  1.58250000e-08  3.82008407e-04  1.58250000e-08  6.97882066e-05  1.58250000e-08  1.13634748e-04  1.58250000e-08  1.92416400e-04  1.58250000e-08  3.23728339e-04 
 1.58350000e-08  4.74417790e-01  1.58350000e-08  2.99173274e-04  1.58350000e-08  3.81557920e-04  1.58350000e-08  6.61258929e-05  1.58350000e-08  1.13800566e-04  1.58350000e-08  1.86248888e-04  1.58350000e-08  3.24659644e-04 
 1.58450000e-08  5.01608250e-01  1.58450000e-08  3.10429997e-04  1.58450000e-08  3.80972223e-04  1.58450000e-08  6.21011188e-05  1.58450000e-08  1.13895328e-04  1.58450000e-08  1.78299082e-04  1.58450000e-08  3.25502790e-04 
 1.58550000e-08  5.31618222e-01  1.58550000e-08  3.13568978e-04  1.58550000e-08  3.80246325e-04  1.58550000e-08  5.80406569e-05  1.58550000e-08  1.13914613e-04  1.58550000e-08  1.68861180e-04  1.58550000e-08  3.26274255e-04 
 1.58650000e-08  5.64123018e-01  1.58650000e-08  3.11397203e-04  1.58650000e-08  3.79389066e-04  1.58650000e-08  5.41149946e-05  1.58650000e-08  1.13863849e-04  1.58650000e-08  1.58430763e-04  1.58650000e-08  3.26989236e-04 
 1.58750000e-08  5.98785821e-01  1.58750000e-08  3.06178845e-04  1.58750000e-08  3.78418040e-04  1.58750000e-08  5.03383239e-05  1.58750000e-08  1.13755692e-04  1.58750000e-08  1.47495862e-04  1.58750000e-08  3.27661818e-04 
 1.58850000e-08  6.35329772e-01  1.58850000e-08  2.99038234e-04  1.58850000e-08  3.77363908e-04  1.58850000e-08  4.66674767e-05  1.58850000e-08  1.13614564e-04  1.58850000e-08  1.36401645e-04  1.58850000e-08  3.28305580e-04 
 1.58950000e-08  6.73560243e-01  1.58950000e-08  2.90449522e-04  1.58950000e-08  3.76258837e-04  1.58950000e-08  4.30607810e-05  1.58950000e-08  1.13467770e-04  1.58950000e-08  1.25349728e-04  1.58950000e-08  3.28933098e-04 
 1.59050000e-08  7.13359610e-01  1.59050000e-08  2.80621093e-04  1.59050000e-08  3.75115500e-04  1.59050000e-08  3.95019308e-05  1.59050000e-08  1.13328243e-04  1.59050000e-08  1.14461516e-04  1.59050000e-08  3.29554330e-04 
 1.59150000e-08  7.54657361e-01  1.59150000e-08  2.69657104e-04  1.59150000e-08  3.73931938e-04  1.59150000e-08  3.59945713e-05  1.59150000e-08  1.13198013e-04  1.59150000e-08  1.03819312e-04  1.59150000e-08  3.30176038e-04 
 1.59250000e-08  7.97383265e-01  1.59250000e-08  2.57606472e-04  1.59250000e-08  3.72705216e-04  1.59250000e-08  3.25502483e-05  1.59250000e-08  1.13078833e-04  1.59250000e-08  9.34844957e-05  1.59250000e-08  3.30797992e-04 
 1.59350000e-08  8.41504517e-01  1.59350000e-08  2.44517829e-04  1.59350000e-08  3.71419090e-04  1.59350000e-08  2.91905495e-05  1.59350000e-08  1.12962728e-04  1.59350000e-08  8.35124773e-05  1.59350000e-08  3.31422985e-04 
 1.59450000e-08  8.87048597e-01  1.59450000e-08  2.30563352e-04  1.59450000e-08  3.70020332e-04  1.59450000e-08  2.59654842e-05  1.59450000e-08  1.12811759e-04  1.59450000e-08  7.39908838e-05  1.59450000e-08  3.32051533e-04 
 1.59550000e-08  9.33986107e-01  1.59550000e-08  2.15823828e-04  1.59550000e-08  3.68503252e-04  1.59550000e-08  2.28956950e-05  1.59550000e-08  1.12627454e-04  1.59550000e-08  6.49811688e-05  1.59550000e-08  3.32680435e-04 
 1.59650000e-08  9.82231411e-01  1.59650000e-08  1.99891562e-04  1.59650000e-08  3.66994762e-04  1.59650000e-08  1.99113393e-05  1.59650000e-08  1.12527292e-04  1.59650000e-08  5.64010450e-05  1.59650000e-08  3.33314376e-04 
 1.59750000e-08  1.03187488e+00  1.59750000e-08  1.82852745e-04  1.59750000e-08  3.65443006e-04  1.59750000e-08  1.70497049e-05  1.59750000e-08  1.12485134e-04  1.59750000e-08  4.82569264e-05  1.59750000e-08  3.33952478e-04 
 1.59850000e-08  1.08307427e+00  1.59850000e-08  1.65197851e-04  1.59850000e-08  3.63708595e-04  1.59850000e-08  1.43967222e-05  1.59850000e-08  1.12401837e-04  1.59850000e-08  4.06604705e-05  1.59850000e-08  3.34585641e-04 
 1.59950000e-08  1.13580791e+00  1.59950000e-08  1.46969836e-04  1.59950000e-08  3.61807421e-04  1.59950000e-08  1.19500791e-05  1.59950000e-08  1.12313336e-04  1.59950000e-08  3.36284853e-05  1.59950000e-08  3.35208462e-04 
 1.60050000e-08  1.18993217e+00  1.60050000e-08  1.28407972e-04  1.60050000e-08  3.59705858e-04  1.60050000e-08  9.72848493e-06  1.60050000e-08  1.12219378e-04  1.60050000e-08  2.71772877e-05  1.60050000e-08  3.35819388e-04 
 1.60150000e-08  1.24565819e+00  1.60150000e-08  1.11689773e-04  1.60150000e-08  3.56917326e-04  1.60150000e-08  7.93577079e-06  1.60150000e-08  1.11718067e-04  1.60150000e-08  2.17067761e-05  1.60150000e-08  3.36392198e-04 
 1.60250000e-08  1.30275222e+00  1.60250000e-08  9.68274712e-05  1.60250000e-08  3.53579082e-04  1.60250000e-08  6.49291049e-06  1.60250000e-08  1.10960530e-04  1.60250000e-08  1.72011698e-05  1.60250000e-08  3.36905540e-04 
 1.60350000e-08  1.36072220e+00  1.60350000e-08  8.31429577e-05  1.60350000e-08  3.49880246e-04  1.60350000e-08  5.28026755e-06  1.60350000e-08  1.10189722e-04  1.60350000e-08  1.34379336e-05  1.60350000e-08  3.37380097e-04 
 1.60450000e-08  1.41922274e+00  1.60450000e-08  7.01908404e-05  1.60450000e-08  3.45767047e-04  1.60450000e-08  4.22790910e-06  1.60450000e-08  1.09535325e-04  1.60450000e-08  1.02170048e-05  1.60450000e-08  3.37833324e-04 
 1.60550000e-08  1.47814690e+00  1.60550000e-08  5.77263949e-05  1.60550000e-08  3.40770080e-04  1.60550000e-08  3.29755696e-06  1.60550000e-08  1.09045833e-04  1.60550000e-08  7.38084160e-06  1.60550000e-08  3.38266671e-04 
 1.60650000e-08  1.53734490e+00  1.60650000e-08  4.57861492e-05  1.60650000e-08  3.33171458e-04  1.60650000e-08  2.47838308e-06  1.60650000e-08  1.08638580e-04  1.60650000e-08  4.83218074e-06  1.60650000e-08  3.38684252e-04 
 1.60750000e-08  1.59639743e+00  1.60750000e-08  3.47934707e-05  1.60750000e-08  3.17735752e-04  1.60750000e-08  1.78444324e-06  1.60750000e-08  1.07912089e-04  1.60750000e-08  2.56888800e-06  1.60750000e-08  3.39086060e-04 
 1.60850000e-08  1.65412018e+00  1.60850000e-08  2.53033460e-05  1.60850000e-08  2.88518592e-04  1.60850000e-08  1.23139430e-06  1.60850000e-08  1.05975718e-04  1.60850000e-08  6.46513666e-07  1.60850000e-08  3.39465457e-04 
 1.60950000e-08  1.70843784e+00  1.60950000e-08  1.77437429e-05  1.60950000e-08  2.51563065e-04  1.60950000e-08  8.22329301e-07  1.60950000e-08  1.02157934e-04  1.60950000e-08  9.81551535e-07  1.60950000e-08  3.39809535e-04 
 1.61050000e-08  1.75758780e+00  1.61050000e-08  1.20545528e-05  1.61050000e-08  2.15857423e-04  1.61050000e-08  5.34420967e-07  1.61050000e-08  9.69275962e-05  1.61050000e-08  2.17554012e-06  1.61050000e-08  3.40099367e-04 
 1.61150000e-08  1.80128937e+00  1.61150000e-08  7.94935348e-06  1.61150000e-08  1.84783951e-04  1.61150000e-08  3.38771533e-07  1.61150000e-08  9.12804757e-05  1.61150000e-08  2.93637267e-06  1.61150000e-08  3.40313046e-04 
 1.61250000e-08  1.84026645e+00  1.61250000e-08  5.10228977e-06  1.61250000e-08  1.58887627e-04  1.61250000e-08  2.10112776e-07  1.61250000e-08  8.59766673e-05  1.61250000e-08  3.39403933e-06  1.61250000e-08  3.40435926e-04 
 1.61350000e-08  1.87549057e+00  1.61350000e-08  3.19819588e-06  1.61350000e-08  1.37759291e-04  1.61350000e-08  1.27948545e-07  1.61350000e-08  8.13917366e-05  1.61350000e-08  3.64062711e-06  1.61350000e-08  3.40464948e-04 
 1.61450000e-08  1.90787692e+00  1.61450000e-08  1.96718054e-06  1.61450000e-08  1.20672215e-04  1.61450000e-08  7.68574869e-08  1.61450000e-08  7.76229322e-05  1.61450000e-08  3.73971593e-06  1.61450000e-08  3.40405079e-04 
 1.61550000e-08  1.93820958e+00  1.61550000e-08  1.19467487e-06  1.61550000e-08  1.06841033e-04  1.61550000e-08  4.58018590e-08  1.61550000e-08  7.46088962e-05  1.61550000e-08  3.73644657e-06  1.61550000e-08  3.40264633e-04 
 1.61650000e-08  1.96713985e+00  1.61650000e-08  7.21324152e-07  1.61650000e-08  9.55432979e-05  1.61650000e-08  2.72493717e-08  1.61650000e-08  7.22131022e-05  1.61650000e-08  3.66401834e-06  1.61650000e-08  3.40052109e-04 
 1.61750000e-08  1.99521016e+00  1.61750000e-08  4.36110084e-07  1.61750000e-08  8.61684382e-05  1.61750000e-08  1.62892699e-08  1.61750000e-08  7.02734000e-05  1.61750000e-08  3.54718443e-06  1.61750000e-08  3.39774483e-04 
 1.61850000e-08  2.02288539e+00  1.61850000e-08  2.65865095e-07  1.61850000e-08  7.82253069e-05  1.61850000e-08  9.84527863e-09  1.61850000e-08  6.86278516e-05  1.61850000e-08  3.40439502e-06  1.61850000e-08  3.39436355e-04 
 1.61950000e-08  2.05056633e+00  1.61950000e-08  1.64464611e-07  1.61950000e-08  7.13382527e-05  1.61950000e-08  6.05080490e-09  1.61950000e-08  6.71332996e-05  1.61950000e-08  3.24888333e-06  1.61950000e-08  3.39039087e-04 
 1.62050000e-08  2.07853863e+00  1.62050000e-08  1.03767925e-07  1.62050000e-08  6.52612684e-05  1.62050000e-08  3.79898629e-09  1.62050000e-08  6.57015723e-05  1.62050000e-08  3.08979597e-06  1.62050000e-08  3.38580559e-04 
 1.62150000e-08  2.10685869e+00  1.62150000e-08  6.69891349e-08  1.62150000e-08  5.99018191e-05  1.62150000e-08  2.44334655e-09  1.62150000e-08  6.43528489e-05  1.62150000e-08  2.93287247e-06  1.62150000e-08  3.38057937e-04 
 1.62250000e-08  2.13539020e+00  1.62250000e-08  4.43003925e-08  1.62250000e-08  5.52476900e-05  1.62250000e-08  1.61116699e-09  1.62250000e-08  6.31772911e-05  1.62250000e-08  2.77966035e-06  1.62250000e-08  3.37472564e-04 
 1.62350000e-08  2.16399004e+00  1.62350000e-08  3.00159368e-08  1.62350000e-08  5.12484744e-05  1.62350000e-08  1.08921514e-09  1.62350000e-08  6.22226206e-05  1.62350000e-08  2.62946092e-06  1.62350000e-08  3.36833744e-04 
 1.62450000e-08  2.19258624e+00  1.62450000e-08  2.08336404e-08  1.62450000e-08  4.78053277e-05  1.62450000e-08  7.54676163e-10  1.62450000e-08  6.14712261e-05  1.62450000e-08  2.48106114e-06  1.62450000e-08  3.36152849e-04 
 1.62550000e-08  2.22115420e+00  1.62550000e-08  1.48077718e-08  1.62550000e-08  4.48130843e-05  1.62550000e-08  5.35639155e-10  1.62550000e-08  6.08789704e-05  1.62550000e-08  2.33298927e-06  1.62550000e-08  3.35438231e-04 
 1.62650000e-08  2.24967968e+00  1.62650000e-08  1.07716241e-08  1.62650000e-08  4.21865434e-05  1.62650000e-08  3.89194771e-10  1.62650000e-08  6.04071462e-05  1.62650000e-08  2.18293334e-06  1.62650000e-08  3.34695192e-04 
 1.62750000e-08  2.27814509e+00  1.62750000e-08  8.01346175e-09  1.62750000e-08  3.98618058e-05  1.62750000e-08  2.89266287e-10  1.62750000e-08  6.00288302e-05  1.62750000e-08  2.02693388e-06  1.62750000e-08  3.33928948e-04 
 1.62850000e-08  2.30652922e+00  1.62850000e-08  6.09169336e-09  1.62850000e-08  3.77901430e-05  1.62850000e-08  2.19723143e-10  1.62850000e-08  5.97252220e-05  1.62850000e-08  1.85887074e-06  1.62850000e-08  3.33147507e-04 
 1.62950000e-08  2.33481218e+00  1.62950000e-08  4.72764182e-09  1.62950000e-08  3.59325463e-05  1.62950000e-08  1.70410163e-10  1.62950000e-08  5.94814902e-05  1.62950000e-08  1.67201920e-06  1.62950000e-08  3.32361866e-04 
 1.63050000e-08  2.36298435e+00  1.63050000e-08  3.74245528e-09  1.63050000e-08  3.42551416e-05  1.63050000e-08  1.34822535e-10  1.63050000e-08  5.92824551e-05  1.63050000e-08  1.46309073e-06  1.63050000e-08  3.31582979e-04 
 1.63150000e-08  2.39105390e+00  1.63150000e-08  3.01942425e-09  1.63150000e-08  3.27266522e-05  1.63150000e-08  1.08722314e-10  1.63150000e-08  5.91100277e-05  1.63150000e-08  1.23605442e-06  1.63150000e-08  3.30817758e-04 
 1.63250000e-08  2.41904097e+00  1.63250000e-08  2.48075852e-09  1.63250000e-08  3.13211929e-05  1.63250000e-08  8.92885168e-11  1.63250000e-08  5.89489037e-05  1.63250000e-08  9.99398821e-07  1.63250000e-08  3.30066685e-04 
 1.63350000e-08  2.44695880e+00  1.63350000e-08  2.07366922e-09  1.63350000e-08  3.00228288e-05  1.63350000e-08  7.46089381e-11  1.63350000e-08  5.87963870e-05  1.63350000e-08  7.66051114e-07  1.63350000e-08  3.29323827e-04 
 1.63450000e-08  2.47480610e+00  1.63450000e-08  1.76166966e-09  1.63450000e-08  2.88229878e-05  1.63450000e-08  6.33631363e-11  1.63450000e-08  5.86599565e-05  1.63450000e-08  5.50141338e-07  1.63450000e-08  3.28577516e-04 
 1.63550000e-08  2.50258086e+00  1.63550000e-08  1.51898652e-09  1.63550000e-08  2.77138620e-05  1.63550000e-08  5.46190310e-11  1.63550000e-08  5.85456127e-05  1.63550000e-08  3.49666714e-07  1.63550000e-08  3.27808328e-04 
 1.63650000e-08  2.53027401e+00  1.63650000e-08  1.32784249e-09  1.63650000e-08  2.66861451e-05  1.63650000e-08  4.77342152e-11  1.63650000e-08  5.84536648e-05  1.63650000e-08  1.76984852e-07  1.63650000e-08  3.26992364e-04 
 1.63750000e-08  2.55787482e+00  1.63750000e-08  1.17534429e-09  1.63750000e-08  2.57303591e-05  1.63750000e-08  4.22430253e-11  1.63750000e-08  5.83810410e-05  1.63750000e-08  3.91692031e-08  1.63750000e-08  3.26096712e-04 
 1.63850000e-08  2.58537598e+00  1.63850000e-08  1.05230735e-09  1.63850000e-08  2.48380755e-05  1.63850000e-08  3.78138505e-11  1.63850000e-08  5.83237260e-05  1.63850000e-08  6.58900038e-08  1.63850000e-08  3.25071829e-04 
 1.63950000e-08  2.61276289e+00  1.63950000e-08  9.51355695e-10  1.63950000e-08  2.40045116e-05  1.63950000e-08  3.41804302e-11  1.63950000e-08  5.82831347e-05  1.63950000e-08  1.70417073e-07  1.63950000e-08  3.23843183e-04 
 1.64050000e-08  2.63993558e+00  1.64050000e-08  8.68778063e-10  1.64050000e-08  2.32509632e-05  1.64050000e-08  3.12089160e-11  1.64050000e-08  5.83212429e-05  1.64050000e-08  2.51680072e-07  1.64050000e-08  3.22298941e-04 
 1.64150000e-08  2.66664431e+00  1.64150000e-08  7.99043549e-10  1.64150000e-08  2.26093234e-05  1.64150000e-08  2.87000914e-11  1.64150000e-08  5.85313176e-05  1.64150000e-08  2.95368799e-07  1.64150000e-08  3.20303932e-04 
 1.64250000e-08  2.69210189e+00  1.64250000e-08  7.36059907e-10  1.64250000e-08  2.22469522e-05  1.64250000e-08  2.64347226e-11  1.64250000e-08  5.93608601e-05  1.64250000e-08  2.83072440e-07  1.64250000e-08  3.17687590e-04 
 1.64350000e-08  2.71599706e+00  1.64350000e-08  6.77128783e-10  1.64350000e-08  2.20858241e-05  1.64350000e-08  2.43156745e-11  1.64350000e-08  6.06396099e-05  1.64350000e-08  2.07032858e-07  1.64350000e-08  3.14273666e-04 
 1.64450000e-08  2.73871137e+00  1.64450000e-08  6.22645846e-10  1.64450000e-08  2.18826524e-05  1.64450000e-08  2.23570558e-11  1.64450000e-08  6.17271032e-05  1.64450000e-08  6.76938498e-08  1.64450000e-08  3.09908850e-04 
 1.64550000e-08  2.76068698e+00  1.64550000e-08  5.73496624e-10  1.64550000e-08  2.15192255e-05  1.64550000e-08  2.05905754e-11  1.64550000e-08  6.22839519e-05  1.64550000e-08  1.30354985e-07  1.64550000e-08  3.04452107e-04 
 1.64650000e-08  2.78213480e+00  1.64650000e-08  5.29325156e-10  1.64650000e-08  2.10132083e-05  1.64650000e-08  1.90032309e-11  1.64650000e-08  6.23384768e-05  1.64650000e-08  3.46629100e-07  1.64650000e-08  2.97807863e-04 
 1.64750000e-08  2.80313273e+00  1.64750000e-08  4.89584304e-10  1.64750000e-08  2.04094278e-05  1.64750000e-08  1.75752074e-11  1.64750000e-08  6.20025300e-05  1.64750000e-08  5.43633793e-07  1.64750000e-08  2.89985331e-04 
 1.64850000e-08  2.82368054e+00  1.64850000e-08  4.53983055e-10  1.64850000e-08  1.97471168e-05  1.64850000e-08  1.62959975e-11  1.64850000e-08  6.13794878e-05  1.64850000e-08  7.11540771e-07  1.64850000e-08  2.81127289e-04 
 1.64950000e-08  2.84373827e+00  1.64950000e-08  4.22210976e-10  1.64950000e-08  1.90534798e-05  1.64950000e-08  1.51544258e-11  1.64950000e-08  6.05431591e-05  1.64950000e-08  8.49555069e-07  1.64950000e-08  2.71482320e-04 
 1.65050000e-08  2.86324453e+00  1.65050000e-08  3.93979698e-10  1.65050000e-08  1.83482596e-05  1.65050000e-08  1.41401242e-11  1.65050000e-08  5.95496064e-05  1.65050000e-08  9.62937561e-07  1.65050000e-08  2.61340071e-04 
 1.65150000e-08  2.88212588e+00  1.65150000e-08  3.69050289e-10  1.65150000e-08  1.76490153e-05  1.65150000e-08  1.32445052e-11  1.65150000e-08  5.84527518e-05  1.65150000e-08  1.05957167e-06  1.65150000e-08  2.50971068e-04 
 1.65250000e-08  2.90030475e+00  1.65250000e-08  3.47273303e-10  1.65250000e-08  1.69721519e-05  1.65250000e-08  1.24621987e-11  1.65250000e-08  5.73073425e-05  1.65250000e-08  1.14980973e-06  1.65250000e-08  2.40597095e-04 
 1.65350000e-08  2.91772881e+00  1.65350000e-08  3.28545745e-10  1.65350000e-08  1.63255304e-05  1.65350000e-08  1.17895052e-11  1.65350000e-08  5.61441223e-05  1.65350000e-08  1.24660625e-06  1.65350000e-08  2.30384953e-04 
 1.65450000e-08  2.93441399e+00  1.65450000e-08  3.12530222e-10  1.65450000e-08  1.56976621e-05  1.65450000e-08  1.12142922e-11  1.65450000e-08  5.49312762e-05  1.65450000e-08  1.35570651e-06  1.65450000e-08  2.20448556e-04 
 1.65550000e-08  2.95041090e+00  1.65550000e-08  2.98360774e-10  1.65550000e-08  1.50736906e-05  1.65550000e-08  1.07054046e-11  1.65550000e-08  5.36252089e-05  1.65550000e-08  1.45546175e-06  1.65550000e-08  2.10851498e-04 
 1.65650000e-08  2.96574358e+00  1.65650000e-08  2.84883770e-10  1.65650000e-08  1.44537840e-05  1.65650000e-08  1.02213447e-11  1.65650000e-08  5.22339452e-05  1.65650000e-08  1.50678017e-06  1.65650000e-08  2.01621001e-04 
 1.65750000e-08  2.98040428e+00  1.65750000e-08  2.71072356e-10  1.65750000e-08  1.38466972e-05  1.65750000e-08  9.72520367e-12  1.65750000e-08  5.07965990e-05  1.65750000e-08  1.48213275e-06  1.65750000e-08  1.92771905e-04 
 1.65850000e-08  2.99437295e+00  1.65850000e-08  2.56207255e-10  1.65850000e-08  1.32606490e-05  1.65850000e-08  9.19116232e-12  1.65850000e-08  4.93514618e-05  1.65850000e-08  1.37386224e-06  1.65850000e-08  1.84317985e-04 
 1.65950000e-08  3.00763360e+00  1.65950000e-08  2.40042536e-10  1.65950000e-08  1.27011844e-05  1.65950000e-08  8.61043436e-12  1.65950000e-08  4.79273531e-05  1.65950000e-08  1.19318159e-06  1.65950000e-08  1.76269531e-04 
 1.66050000e-08  3.02018189e+00  1.66050000e-08  2.22854169e-10  1.66050000e-08  1.21723602e-05  1.66050000e-08  7.99299128e-12  1.66050000e-08  4.65470896e-05  1.66050000e-08  9.66044105e-07  1.66050000e-08  1.68628501e-04 
 1.66150000e-08  3.03202474e+00  1.66150000e-08  2.05244815e-10  1.66150000e-08  1.16779944e-05  1.66150000e-08  7.36052574e-12  1.66150000e-08  4.52320315e-05  1.66150000e-08  7.23055702e-07  1.66150000e-08  1.61387657e-04 
 1.66250000e-08  3.04319006e+00  1.66250000e-08  1.87994443e-10  1.66250000e-08  1.12207002e-05  1.66250000e-08  6.74106606e-12  1.66250000e-08  4.39982929e-05  1.66250000e-08  4.86891068e-07  1.66250000e-08  1.54527439e-04 
 1.66350000e-08  3.05370662e+00  1.66350000e-08  1.71533600e-10  1.66350000e-08  1.07965884e-05  1.66350000e-08  6.15007975e-12  1.66350000e-08  4.28372194e-05  1.66350000e-08  2.81521950e-07  1.66350000e-08  1.48039643e-04 
 1.66450000e-08  3.06361456e+00  1.66450000e-08  1.56157385e-10  1.66450000e-08  1.04017612e-05  1.66450000e-08  5.59815036e-12  1.66450000e-08  4.17393659e-05  1.66450000e-08  1.20554328e-07  1.66450000e-08  1.41907861e-04 
 1.66550000e-08  3.07296087e+00  1.66550000e-08  1.42102956e-10  1.66550000e-08  1.00322329e-05  1.66550000e-08  5.09377157e-12  1.66550000e-08  4.06938285e-05  1.66550000e-08  1.37564832e-08  1.66550000e-08  1.36110700e-04 
 1.66650000e-08  3.08179596e+00  1.66650000e-08  1.29540025e-10  1.66650000e-08  9.68492857e-06  1.66650000e-08  4.64301510e-12  1.66650000e-08  3.96926399e-05  1.66650000e-08  2.55396429e-08  1.66650000e-08  1.30622224e-04 
 1.66750000e-08  3.09018171e+00  1.66750000e-08  1.18464041e-10  1.66750000e-08  9.35407320e-06  1.66750000e-08  4.24568411e-12  1.66750000e-08  3.87161564e-05  1.66750000e-08  8.16621538e-09  1.66750000e-08  1.25414426e-04 
 1.66850000e-08  3.09823727e+00  1.66850000e-08  1.09077843e-10  1.66850000e-08  9.02714712e-06  1.66850000e-08  3.90901291e-12  1.66850000e-08  3.77143688e-05  1.66850000e-08  3.14127311e-08  1.66850000e-08  1.20436023e-04 
 1.66950000e-08  3.10601256e+00  1.66950000e-08  1.00916043e-10  1.66950000e-08  8.69791214e-06  1.66950000e-08  3.61629407e-12  1.66950000e-08  3.66660085e-05  1.66950000e-08  9.31812632e-08  1.66950000e-08  1.15666951e-04 
 1.67050000e-08  3.11364229e+00  1.67050000e-08  9.38358539e-11  1.67050000e-08  8.34505130e-06  1.67050000e-08  3.36237870e-12  1.67050000e-08  3.54833654e-05  1.67050000e-08  1.41184590e-07  1.67050000e-08  1.11063744e-04 
 1.67150000e-08  3.12131190e+00  1.67150000e-08  8.77727294e-11  1.67150000e-08  7.94153456e-06  1.67150000e-08  3.14494436e-12  1.67150000e-08  3.40526655e-05  1.67150000e-08  1.70665078e-07  1.67150000e-08  1.06561510e-04 
 1.67250000e-08  3.12925057e+00  1.67250000e-08  8.26827933e-11  1.67250000e-08  7.46173771e-06  1.67250000e-08  2.96241456e-12  1.67250000e-08  3.22633797e-05  1.67250000e-08  1.85515033e-07  1.67250000e-08  1.02063304e-04 
 1.67350000e-08  3.13749095e+00  1.67350000e-08  7.84349707e-11  1.67350000e-08  6.91866408e-06  1.67350000e-08  2.81009216e-12  1.67350000e-08  3.01659746e-05  1.67350000e-08  2.03706184e-07  1.67350000e-08  9.75139891e-05 
 1.67450000e-08  3.14585199e+00  1.67450000e-08  7.48525133e-11  1.67450000e-08  6.38733610e-06  1.67450000e-08  2.68163234e-12  1.67450000e-08  2.80818195e-05  1.67450000e-08  2.16433108e-07  1.67450000e-08  9.28640637e-05 
 1.67550000e-08  3.15415366e+00  1.67550000e-08  7.18217336e-11  1.67550000e-08  5.90539343e-06  1.67550000e-08  2.57295428e-12  1.67550000e-08  2.61761057e-05  1.67550000e-08  2.17500385e-07  1.67550000e-08  8.81495099e-05 
 1.67650000e-08  3.16229304e+00  1.67650000e-08  6.92354380e-11  1.67650000e-08  5.47310376e-06  1.67650000e-08  2.48021283e-12  1.67650000e-08  2.44538406e-05  1.67650000e-08  2.05926599e-07  1.67650000e-08  8.34402412e-05 
 1.67750000e-08  3.17021132e+00  1.67750000e-08  6.69919079e-11  1.67750000e-08  5.08071363e-06  1.67750000e-08  2.39976074e-12  1.67750000e-08  2.28761114e-05  1.67750000e-08  1.83721914e-07  1.67750000e-08  7.87990928e-05 
 1.67850000e-08  3.17786909e+00  1.67850000e-08  6.50043361e-11  1.67850000e-08  4.72005679e-06  1.67850000e-08  2.32848635e-12  1.67850000e-08  2.14104404e-05  1.67850000e-08  1.54712756e-07  1.67850000e-08  7.42717246e-05 
 1.67950000e-08  3.18523499e+00  1.67950000e-08  6.31980492e-11  1.67950000e-08  4.38663028e-06  1.67950000e-08  2.26371325e-12  1.67950000e-08  2.00402161e-05  1.67950000e-08  1.22634506e-07  1.67950000e-08  6.98895606e-05 
 1.68050000e-08  3.19228770e+00  1.68050000e-08  6.15089501e-11  1.68050000e-08  4.07713339e-06  1.68050000e-08  2.20314434e-12  1.68050000e-08  1.87538800e-05  1.68050000e-08  9.12266385e-08  1.68050000e-08  6.56743142e-05 
 1.68150000e-08  3.19900912e+00  1.68150000e-08  5.98575106e-11  1.68150000e-08  3.78959877e-06  1.68150000e-08  2.14392982e-12  1.68150000e-08  1.75457520e-05  1.68150000e-08  6.49504968e-08  1.68150000e-08  6.16423846e-05 
 1.68250000e-08  3.20538958e+00  1.68250000e-08  5.81779443e-11  1.68250000e-08  3.52232696e-06  1.68250000e-08  2.08371147e-12  1.68250000e-08  1.64110218e-05  1.68250000e-08  4.42674152e-08  1.68250000e-08  5.78038360e-05 
 1.68350000e-08  3.21142641e+00  1.68350000e-08  5.64364457e-11  1.68350000e-08  3.27394005e-06  1.68350000e-08  2.02127853e-12  1.68350000e-08  1.53459968e-05  1.68350000e-08  3.26703715e-08  1.68350000e-08  5.41632373e-05 
 1.68450000e-08  3.21712030e+00  1.68450000e-08  5.45949255e-11  1.68450000e-08  3.04323893e-06  1.68450000e-08  1.95526590e-12  1.68450000e-08  1.43475815e-05  1.68450000e-08  3.06712977e-08  1.68450000e-08  5.07224697e-05 
 1.68550000e-08  3.22246750e+00  1.68550000e-08  5.25783709e-11  1.68550000e-08  2.82959479e-06  1.68550000e-08  1.88298574e-12  1.68550000e-08  1.34153220e-05  1.68550000e-08  4.05782308e-08  1.68550000e-08  4.74851445e-05 
 1.68650000e-08  3.22746407e+00  1.68650000e-08  5.03000679e-11  1.68650000e-08  2.63230377e-06  1.68650000e-08  1.80133130e-12  1.68650000e-08  1.25482829e-05  1.68650000e-08  6.53292494e-08  1.68650000e-08  4.44552757e-05 
 1.68750000e-08  3.23210277e+00  1.68750000e-08  4.76563071e-11  1.68750000e-08  2.45098770e-06  1.68750000e-08  1.70658725e-12  1.68750000e-08  1.17469917e-05  1.68750000e-08  1.08404574e-07  1.68750000e-08  4.16384175e-05 
 1.68850000e-08  3.23637294e+00  1.68850000e-08  4.45522866e-11  1.68850000e-08  2.28602276e-06  1.68850000e-08  1.59535808e-12  1.68850000e-08  1.10154661e-05  1.68850000e-08  1.73105802e-07  1.68850000e-08  3.90407139e-05 
 1.68950000e-08  3.24027113e+00  1.68950000e-08  4.09869539e-11  1.68950000e-08  2.13813068e-06  1.68950000e-08  1.46760740e-12  1.68950000e-08  1.03590022e-05  1.68950000e-08  2.57082352e-07  1.68950000e-08  3.66624912e-05 
 1.69050000e-08  3.24381556e+00  1.69050000e-08  3.71153641e-11  1.69050000e-08  2.00637244e-06  1.69050000e-08  1.32889176e-12  1.69050000e-08  9.77420266e-06  1.69050000e-08  3.50115243e-07  1.69050000e-08  3.44931701e-05 
 1.69150000e-08  3.24704334e+00  1.69150000e-08  3.31766022e-11  1.69150000e-08  1.88759873e-06  1.69150000e-08  1.18781677e-12  1.69150000e-08  9.24634095e-06  1.69150000e-08  4.40639963e-07  1.69150000e-08  3.25145305e-05 
 1.69250000e-08  3.24999942e+00  1.69250000e-08  2.93926727e-11  1.69250000e-08  1.77846876e-06  1.69250000e-08  1.05233863e-12  1.69250000e-08  8.75937748e-06  1.69250000e-08  5.19611098e-07  1.69250000e-08  3.07033855e-05 
 1.69350000e-08  3.25273166e+00  1.69350000e-08  2.59278377e-11  1.69350000e-08  1.67652360e-06  1.69350000e-08  9.28283483e-13  1.69350000e-08  8.30137322e-06  1.69350000e-08  5.80411805e-07  1.69350000e-08  2.90323544e-05 
 1.69450000e-08  3.25529595e+00  1.69450000e-08  2.28996150e-11  1.69450000e-08  1.57925089e-06  1.69450000e-08  8.19859027e-13  1.69450000e-08  7.85985401e-06  1.69450000e-08  6.15696142e-07  1.69450000e-08  2.74686594e-05 
 1.69550000e-08  3.25776592e+00  1.69550000e-08  2.04103176e-11  1.69550000e-08  1.48288482e-06  1.69550000e-08  7.30728077e-13  1.69550000e-08  7.41564970e-06  1.69550000e-08  6.14117968e-07  1.69550000e-08  2.59703721e-05 
 1.69650000e-08  3.26023935e+00  1.69650000e-08  1.85683215e-11  1.69650000e-08  1.38209767e-06  1.69650000e-08  6.64769909e-13  1.69650000e-08  6.94116800e-06  1.69650000e-08  5.58894022e-07  1.69650000e-08  2.44827019e-05 
 1.69750000e-08  3.26282725e+00  1.69750000e-08  1.74890234e-11  1.69750000e-08  1.27148963e-06  1.69750000e-08  6.26114658e-13  1.69750000e-08  6.40808280e-06  1.69750000e-08  4.32321904e-07  1.69750000e-08  2.29417087e-05 
 1.69850000e-08  3.26562539e+00  1.69850000e-08  1.72956242e-11  1.69850000e-08  1.14794103e-06  1.69850000e-08  6.19171452e-13  1.69850000e-08  5.79991768e-06  1.69850000e-08  2.25293079e-07  1.69850000e-08  2.12880417e-05 
 1.69950000e-08  3.26868945e+00  1.69950000e-08  1.81563678e-11  1.69950000e-08  1.01157908e-06  1.69950000e-08  6.49962032e-13  1.69950000e-08  5.11770372e-06  1.69950000e-08  4.96111506e-08  1.69950000e-08  1.94817748e-05 
 1.70050000e-08  3.27203059e+00  1.70050000e-08  2.03698192e-11  1.70050000e-08  8.64762817e-07  1.70050000e-08  7.29174727e-13  1.70050000e-08  4.37508193e-06  1.70050000e-08  3.50107612e-07  1.70050000e-08  1.75082217e-05 
 1.70150000e-08  3.27561915e+00  1.70150000e-08  2.44117614e-11  1.70150000e-08  7.11141627e-07  1.70150000e-08  8.73835047e-13  1.70150000e-08  3.59326972e-06  1.70150000e-08  6.92460359e-07  1.70150000e-08  1.53778798e-05 
 1.70250000e-08  3.27940924e+00  1.70250000e-08  3.11922522e-11  1.70250000e-08  5.53606012e-07  1.70250000e-08  1.11651813e-12  1.70250000e-08  2.79009741e-06  1.70250000e-08  1.05185558e-06  1.70250000e-08  1.31147080e-05 
 1.70350000e-08  3.28336526e+00  1.70350000e-08  4.23998678e-11  1.70350000e-08  3.93088546e-07  1.70350000e-08  1.51784397e-12  1.70350000e-08  1.97352806e-06  1.70350000e-08  1.41644117e-06  1.70350000e-08  1.07406106e-05 
 1.70450000e-08  3.28743128e+00  1.70450000e-08  6.10264175e-11  1.70450000e-08  2.32038046e-07  1.70450000e-08  2.18515733e-12  1.70450000e-08  1.15910889e-06  1.70450000e-08  1.76788418e-06  1.70450000e-08  8.28791775e-06 
 1.70550000e-08  3.29150381e+00  1.70550000e-08  9.20265852e-11  1.70550000e-08  7.57729607e-08  1.70550000e-08  3.29612885e-12  1.70550000e-08  3.76219465e-07  1.70550000e-08  2.08151889e-06  1.70550000e-08  5.81523028e-06 
 1.70650000e-08  3.29558880e+00  1.70650000e-08  1.44988259e-10  1.70650000e-08  7.96740413e-08  1.70650000e-08  5.19488663e-12  1.70650000e-08  3.92801437e-07  1.70650000e-08  2.35822518e-06  1.70650000e-08  3.32828599e-06 
 1.70750000e-08  3.29963758e+00  1.70750000e-08  2.36979753e-10  1.70750000e-08  2.31108454e-07  1.70750000e-08  8.49442701e-12  1.70750000e-08  1.13034259e-06  1.70750000e-08  2.62154544e-06  1.70750000e-08  8.52825832e-07 
 1.70850000e-08  3.30389054e+00  1.70850000e-08  4.02941257e-10  1.70850000e-08  3.34880569e-07  1.70850000e-08  1.44504195e-11  1.70850000e-08  1.62383287e-06  1.70850000e-08  2.86132663e-06  1.70850000e-08  1.89078063e-06 
 1.70950000e-08  3.30817302e+00  1.70950000e-08  7.09182396e-10  1.70950000e-08  4.39940393e-07  1.70950000e-08  2.54483133e-11  1.70950000e-08  2.11331291e-06  1.70950000e-08  3.05667301e-06  1.70950000e-08  4.64430801e-06 
 1.71050000e-08  3.31232916e+00  1.71050000e-08  1.28315781e-09  1.71050000e-08  5.70937843e-07  1.71050000e-08  4.60790527e-11  1.71050000e-08  2.71472326e-06  1.71050000e-08  3.18895868e-06  1.71050000e-08  7.23718582e-06 
 1.71150000e-08  3.31617389e+00  1.71150000e-08  2.35092696e-09  1.71150000e-08  6.90056755e-07  1.71150000e-08  8.45004914e-11  1.71150000e-08  3.24598400e-06  1.71150000e-08  3.22896047e-06  1.71150000e-08  9.63782261e-06 
 1.71250000e-08  3.31958433e+00  1.71250000e-08  4.27712375e-09  1.71250000e-08  7.98876201e-07  1.71250000e-08  1.53905544e-10  1.71250000e-08  3.71681531e-06  1.71250000e-08  3.16297077e-06  1.71250000e-08  1.17583904e-05 
 1.71350000e-08  3.32250125e+00  1.71350000e-08  7.62201314e-09  1.71350000e-08  8.98787578e-07  1.71350000e-08  2.74632151e-10  1.71350000e-08  4.13607181e-06  1.71350000e-08  3.01289822e-06  1.71350000e-08  1.35561495e-05 
 1.71450000e-08  3.32494418e+00  1.71450000e-08  1.32410841e-08  1.71450000e-08  9.90169194e-07  1.71450000e-08  4.77856098e-10  1.71450000e-08  4.50745665e-06  1.71450000e-08  2.81850232e-06  1.71450000e-08  1.50453775e-05 
 1.71550000e-08  3.32698427e+00  1.71550000e-08  2.24667180e-08  1.71550000e-08  1.07359991e-06  1.71550000e-08  8.12348934e-10  1.71550000e-08  4.83506665e-06  1.71550000e-08  2.61958949e-06  1.71550000e-08  1.62751633e-05 
 1.71650000e-08  3.32872319e+00  1.71650000e-08  3.74650673e-08  1.71650000e-08  1.15108036e-06  1.71650000e-08  1.35780154e-09  1.71650000e-08  5.12878798e-06  1.71650000e-08  2.44566205e-06  1.71650000e-08  1.73118897e-05 
 1.71750000e-08  3.33027472e+00  1.71750000e-08  6.19336238e-08  1.71750000e-08  1.22609391e-06  1.71750000e-08  2.25104187e-09  1.71750000e-08  5.40428049e-06  1.71750000e-08  2.31714377e-06  1.71750000e-08  1.82265685e-05 
 1.71850000e-08  3.33175950e+00  1.71850000e-08  1.02547776e-07  1.71850000e-08  1.30348604e-06  1.71850000e-08  3.74086583e-09  1.71850000e-08  5.68209249e-06  1.71850000e-08  2.24905650e-06  1.71850000e-08  1.90917135e-05 
 1.71950000e-08  3.33330901e+00  1.71950000e-08  1.72152673e-07  1.71950000e-08  1.38968126e-06  1.71950000e-08  6.31039956e-09  1.71950000e-08  5.98814464e-06  1.71950000e-08  2.25615445e-06  1.71950000e-08  1.99838441e-05 
 1.72050000e-08  3.33507519e+00  1.72050000e-08  2.97327769e-07  1.72050000e-08  1.49315543e-06  1.72050000e-08  1.09716555e-08  1.72050000e-08  6.35503812e-06  1.72050000e-08  2.35819095e-06  1.72050000e-08  2.09892050e-05 
 1.72150000e-08  3.33723527e+00  1.72150000e-08  5.37333153e-07  1.72150000e-08  1.62470946e-06  1.72150000e-08  2.00210070e-08  1.72150000e-08  6.82214533e-06  1.72150000e-08  2.58362047e-06  1.72150000e-08  2.22067772e-05 
 1.72250000e-08  3.33995603e+00  1.72250000e-08  1.03103393e-06  1.72250000e-08  1.79511825e-06  1.72250000e-08  3.89893082e-08  1.72250000e-08  7.42481984e-06  1.72250000e-08  2.96595607e-06  1.72250000e-08  2.37290577e-05 
 1.72350000e-08  3.34329161e+00  1.72350000e-08  2.10161768e-06  1.72350000e-08  2.00789893e-06  1.72350000e-08  8.13499398e-08  1.72350000e-08  8.16539215e-06  1.72350000e-08  3.53026310e-06  1.72350000e-08  2.55878069e-05 
 1.72450000e-08  3.34713660e+00  1.72450000e-08  4.45732978e-06  1.72450000e-08  2.25613011e-06  1.72450000e-08  1.78972863e-07  1.72450000e-08  9.00370613e-06  1.72450000e-08  4.30694652e-06  1.72450000e-08  2.77282358e-05 
 1.72550000e-08  3.35129091e+00  1.72550000e-08  9.48892953e-06  1.72550000e-08  2.52501134e-06  1.72550000e-08  4.02761460e-07  1.72550000e-08  9.87119752e-06  1.72550000e-08  5.35586993e-06  1.72550000e-08  3.00474445e-05 
 1.72650000e-08  3.35551641e+00  1.72650000e-08  1.94635974e-05  1.72650000e-08  2.79137963e-06  1.72650000e-08  8.94134936e-07  1.72650000e-08  1.06721779e-05  1.72650000e-08  6.79347278e-06  1.72650000e-08  3.24335826e-05 
 1.72750000e-08  3.35953047e+00  1.72750000e-08  3.70713259e-05  1.72750000e-08  3.01821312e-06  1.72750000e-08  1.88955657e-06  1.72750000e-08  1.12671213e-05  1.72750000e-08  8.83213634e-06  1.72750000e-08  3.47717212e-05 
 1.72850000e-08  3.36298045e+00  1.72850000e-08  6.39026046e-05  1.72850000e-08  3.15044922e-06  1.72850000e-08  3.69291337e-06  1.72850000e-08  1.14643275e-05  1.72850000e-08  1.18000201e-05  1.72850000e-08  3.69327708e-05 
 1.72950000e-08  3.36545491e+00  1.72950000e-08  9.87640230e-05  1.72950000e-08  3.12157598e-06  1.72950000e-08  6.56244114e-06  1.72950000e-08  1.10533357e-05  1.72950000e-08  1.61049911e-05  1.72950000e-08  3.87644014e-05 
 1.73050000e-08  3.36655280e+00  1.73050000e-08  1.37900318e-04  1.73050000e-08  2.87180938e-06  1.73050000e-08  1.05744759e-05  1.73050000e-08  9.87591385e-06  1.73050000e-08  2.21212511e-05  1.73050000e-08  4.00990134e-05 
 1.73150000e-08  3.36597266e+00  1.73150000e-08  1.77121468e-04  1.73150000e-08  2.36604945e-06  1.73150000e-08  1.55881230e-05  1.73150000e-08  7.88578724e-06  1.73150000e-08  3.00618538e-05  1.73150000e-08  4.07788058e-05 
 1.73250000e-08  3.36356244e+00  1.73250000e-08  2.13525877e-04  1.73250000e-08  1.59798839e-06  1.73250000e-08  2.13315555e-05  1.73250000e-08  5.15063096e-06  1.73250000e-08  3.99226746e-05  1.73250000e-08  4.06843207e-05 
 1.73350000e-08  3.35928972e+00  1.73350000e-08  2.45737344e-04  1.73350000e-08  5.78940161e-07  1.73350000e-08  2.75020077e-05  1.73350000e-08  1.80083790e-06  1.73350000e-08  5.14987905e-05  1.73350000e-08  3.97394906e-05 
 1.73450000e-08  3.35337976e+00  1.73450000e-08  2.73617340e-04  1.73450000e-08  6.58769840e-07  1.73450000e-08  3.38686709e-05  1.73450000e-08  1.97403379e-06  1.73450000e-08  6.45208824e-05  1.73450000e-08  3.80031497e-05 
 1.73550000e-08  3.34599091e+00  1.73550000e-08  2.97564886e-04  1.73550000e-08  2.09542383e-06  1.73550000e-08  4.02723296e-05  1.73550000e-08  6.03897599e-06  1.73550000e-08  7.87133988e-05  1.73550000e-08  3.55186088e-05 
 1.73650000e-08  3.33718475e+00  1.73650000e-08  3.18165138e-04  1.73650000e-08  3.72814280e-06  1.73650000e-08  4.66185477e-05  1.73650000e-08  1.03151005e-05  1.73650000e-08  9.38376397e-05  1.73650000e-08  3.22924467e-05 
 1.73750000e-08  3.32713622e+00  1.73750000e-08  3.35952512e-04  1.73750000e-08  5.55013280e-06  1.73750000e-08  5.28411597e-05  1.73750000e-08  1.47170151e-05  1.73750000e-08  1.09725157e-04  1.73750000e-08  2.84006752e-05 
 1.73850000e-08  3.31600680e+00  1.73850000e-08  3.51365303e-04  1.73850000e-08  7.55941796e-06  1.73850000e-08  5.88868140e-05  1.73850000e-08  1.91783805e-05  1.73850000e-08  1.26260534e-04  1.73850000e-08  2.39198839e-05 
 1.73950000e-08  3.30394168e+00  1.73950000e-08  3.64737989e-04  1.73950000e-08  9.75605051e-06  1.73950000e-08  6.47021806e-05  1.73950000e-08  2.36431547e-05  1.73950000e-08  1.43365024e-04  1.73950000e-08  1.89206445e-05 
 1.74050000e-08  3.29145536e+00  1.74050000e-08  3.76361538e-04  1.74050000e-08  1.19986083e-05  1.74050000e-08  7.02489207e-05  1.74050000e-08  2.77387233e-05  1.74050000e-08  1.61008384e-04  1.74050000e-08  1.35050498e-05 
 1.74150000e-08  3.27835077e+00  1.74150000e-08  3.86367126e-04  1.74150000e-08  1.44427748e-05  1.74150000e-08  7.54412512e-05  1.74150000e-08  3.18094710e-05  1.74150000e-08  1.79130336e-04  1.74150000e-08  7.77359639e-06 
 1.74250000e-08  3.26459756e+00  1.74250000e-08  3.94884447e-04  1.74250000e-08  1.71211141e-05  1.74250000e-08  8.02069194e-05  1.74250000e-08  3.58777513e-05  1.74250000e-08  1.97648374e-04  1.74250000e-08  1.73185882e-06 
 1.74350000e-08  3.25057856e+00  1.74350000e-08  4.02141643e-04  1.74350000e-08  2.03280215e-05  1.74350000e-08  8.45496419e-05  1.74350000e-08  4.05110094e-05  1.74350000e-08  2.16510583e-04  1.74350000e-08  3.89698173e-06 
 1.74450000e-08  3.23654201e+00  1.74450000e-08  4.08213599e-04  1.74450000e-08  2.35873645e-05  1.74450000e-08  8.84096135e-05  1.74450000e-08  4.46683820e-05  1.74450000e-08  2.35539047e-04  1.74450000e-08  9.66204223e-06 
 1.74550000e-08  3.22240208e+00  1.74550000e-08  4.13200606e-04  1.74550000e-08  2.68217859e-05  1.74550000e-08  9.17583552e-05  1.74550000e-08  4.82256795e-05  1.74550000e-08  2.54458115e-04  1.74550000e-08  1.57299262e-05 
 1.74650000e-08  3.20810236e+00  1.74650000e-08  4.17223327e-04  1.74650000e-08  3.01402531e-05  1.74650000e-08  9.45988041e-05  1.74650000e-08  5.14233550e-05  1.74650000e-08  2.72912324e-04  1.74650000e-08  2.19646720e-05 
 1.74750000e-08  3.19367125e+00  1.74750000e-08  4.20389968e-04  1.74750000e-08  3.35667830e-05  1.74750000e-08  9.69439065e-05  1.74750000e-08  5.43293906e-05  1.74750000e-08  2.90465352e-04  1.74750000e-08  2.83017926e-05 
 1.74850000e-08  3.17917286e+00  1.74850000e-08  4.22819383e-04  1.74850000e-08  3.70982328e-05  1.74850000e-08  9.88304366e-05  1.74850000e-08  5.69633664e-05  1.74850000e-08  3.06644437e-04  1.74850000e-08  3.46913298e-05 
 1.74950000e-08  3.16469427e+00  1.74950000e-08  4.24651946e-04  1.74950000e-08  4.07254208e-05  1.74950000e-08  1.00325646e-04  1.74950000e-08  5.93329266e-05  1.74950000e-08  3.21029129e-04  1.74950000e-08  4.10766684e-05 
 1.75050000e-08  3.15032173e+00  1.75050000e-08  4.26034930e-04  1.75050000e-08  4.44474288e-05  1.75050000e-08  1.01515016e-04  1.75050000e-08  6.14518526e-05  1.75050000e-08  3.33358543e-04  1.75050000e-08  4.73932092e-05 
 1.75150000e-08  3.13613863e+00  1.75150000e-08  4.27102492e-04  1.75150000e-08  4.82678515e-05  1.75150000e-08  1.02484444e-04  1.75150000e-08  6.33320756e-05  1.75150000e-08  3.43602176e-04  1.75150000e-08  5.35757200e-05 
 1.75250000e-08  3.12219221e+00  1.75250000e-08  4.27961393e-04  1.75250000e-08  5.22070304e-05  1.75250000e-08  1.03306325e-04  1.75250000e-08  6.49985297e-05  1.75250000e-08  3.51938891e-04  1.75250000e-08  5.95660771e-05 
 1.75350000e-08  3.10850763e+00  1.75350000e-08  4.28686497e-04  1.75350000e-08  5.62902326e-05  1.75350000e-08  1.04033303e-04  1.75350000e-08  6.64725337e-05  1.75350000e-08  3.58670182e-04  1.75350000e-08  6.53189280e-05 
 1.75450000e-08  3.09507891e+00  1.75450000e-08  4.29321961e-04  1.75450000e-08  6.05501897e-05  1.75450000e-08  1.04697143e-04  1.75450000e-08  6.77762677e-05  1.75450000e-08  3.64119766e-04  1.75450000e-08  7.08039923e-05 
 1.75550000e-08  3.08187296e+00  1.75550000e-08  4.29881699e-04  1.75550000e-08  6.50214369e-05  1.75550000e-08  1.05307598e-04  1.75550000e-08  6.89292927e-05  1.75550000e-08  3.68570916e-04  1.75550000e-08  7.60088368e-05 
 1.75650000e-08  3.06883385e+00  1.75650000e-08  4.30354397e-04  1.75650000e-08  6.97356631e-05  1.75650000e-08  1.05855110e-04  1.75650000e-08  6.99480179e-05  1.75650000e-08  3.72246574e-04  1.75650000e-08  8.09395482e-05 
 1.75750000e-08  3.05589921e+00  1.75750000e-08  4.30725216e-04  1.75750000e-08  7.47179829e-05  1.75750000e-08  1.06326940e-04  1.75750000e-08  7.08432161e-05  1.75750000e-08  3.75314106e-04  1.75750000e-08  8.56131828e-05 
 1.75850000e-08  3.04301827e+00  1.75850000e-08  4.30996006e-04  1.75850000e-08  7.99884402e-05  1.75850000e-08  1.06723075e-04  1.75850000e-08  7.16186716e-05  1.75850000e-08  3.77901110e-04  1.75850000e-08  9.00446834e-05 
 1.75950000e-08  3.03015169e+00  1.75950000e-08  4.31183919e-04  1.75950000e-08  8.55684141e-05  1.75950000e-08  1.07055724e-04  1.75950000e-08  7.22745573e-05  1.75950000e-08  3.80106853e-04  1.75950000e-08  9.42406327e-05 
 1.76050000e-08  3.01726198e+00  1.76050000e-08  4.31309319e-04  1.76050000e-08  9.14853437e-05  1.76050000e-08  1.07340144e-04  1.76050000e-08  7.28106203e-05  1.76050000e-08  3.82008445e-04  1.76050000e-08  9.82006711e-05 
 1.76150000e-08  3.00430597e+00  1.76150000e-08  4.31387954e-04  1.76150000e-08  9.77744314e-05  1.76150000e-08  1.07588447e-04  1.76150000e-08  7.32271535e-05  1.76150000e-08  3.83665744e-04  1.76150000e-08  1.01920661e-04 
 1.76250000e-08  2.99123131e+00  1.76250000e-08  4.31428490e-04  1.76250000e-08  1.04477298e-04  1.76250000e-08  1.07807467e-04  1.76250000e-08  7.35240503e-05  1.76250000e-08  3.85124183e-04  1.76250000e-08  1.05396041e-04 
 1.76350000e-08  2.97797696e+00  1.76350000e-08  4.31434794e-04  1.76350000e-08  1.11640558e-04  1.76350000e-08  1.08000411e-04  1.76350000e-08  7.36993963e-05  1.76350000e-08  3.86418280e-04  1.76350000e-08  1.08622629e-04 
 1.76450000e-08  2.96447274e+00  1.76450000e-08  4.31408245e-04  1.76450000e-08  1.19316040e-04  1.76450000e-08  1.08168611e-04  1.76450000e-08  7.37491810e-05  1.76450000e-08  3.87574415e-04  1.76450000e-08  1.11596133e-04 
 1.76550000e-08  2.95063865e+00  1.76550000e-08  4.31349843e-04  1.76550000e-08  1.27561440e-04  1.76550000e-08  1.08313185e-04  1.76550000e-08  7.36666789e-05  1.76550000e-08  3.88613043e-04  1.76550000e-08  1.14311317e-04 
 1.76650000e-08  2.93638688e+00  1.76650000e-08  4.31266363e-04  1.76650000e-08  1.36442881e-04  1.76650000e-08  1.08440024e-04  1.76650000e-08  7.34399377e-05  1.76650000e-08  3.89551015e-04  1.76650000e-08  1.16758057e-04 
 1.76750000e-08  2.92162082e+00  1.76750000e-08  4.31175771e-04  1.76750000e-08  1.46041680e-04  1.76750000e-08  1.08564334e-04  1.76750000e-08  7.30480939e-05  1.76750000e-08  3.90403826e-04  1.76750000e-08  1.18915400e-04 
 1.76850000e-08  2.90621220e+00  1.76850000e-08  4.31091621e-04  1.76850000e-08  1.56461486e-04  1.76850000e-08  1.08698307e-04  1.76850000e-08  7.24643397e-05  1.76850000e-08  3.91185287e-04  1.76850000e-08  1.20755514e-04 
 1.76950000e-08  2.88997627e+00  1.76950000e-08  4.31006380e-04  1.76950000e-08  1.67824286e-04  1.76950000e-08  1.08837562e-04  1.76950000e-08  7.16605991e-05  1.76950000e-08  3.91905373e-04  1.76950000e-08  1.22254134e-04 
 1.77050000e-08  2.87266219e+00  1.77050000e-08  4.30890070e-04  1.77050000e-08  1.80251225e-04  1.77050000e-08  1.08959653e-04  1.77050000e-08  7.06093685e-05  1.77050000e-08  3.92568640e-04  1.77050000e-08  1.23398135e-04 
 1.77150000e-08  2.85398749e+00  1.77150000e-08  4.30734831e-04  1.77150000e-08  1.93832303e-04  1.77150000e-08  1.09060012e-04  1.77150000e-08  6.92647895e-05  1.77150000e-08  3.93177944e-04  1.77150000e-08  1.24164407e-04 
 1.77250000e-08  2.83367106e+00  1.77250000e-08  4.30613849e-04  1.77250000e-08  2.08578030e-04  1.77250000e-08  1.09200847e-04  1.77250000e-08  6.75214017e-05  1.77250000e-08  3.93743964e-04  1.77250000e-08  1.24470248e-04 
 1.77350000e-08  2.81126533e+00  1.77350000e-08  4.30474842e-04  1.77350000e-08  2.24167015e-04  1.77350000e-08  1.09343680e-04  1.77350000e-08  6.53130778e-05  1.77350000e-08  3.94269792e-04  1.77350000e-08  1.24254418e-04 
 1.77450000e-08  2.78632839e+00  1.77450000e-08  4.30196407e-04  1.77450000e-08  2.39244862e-04  1.77450000e-08  1.09391976e-04  1.77450000e-08  6.26533130e-05  1.77450000e-08  3.94746258e-04  1.77450000e-08  1.23491630e-04 
 1.77550000e-08  2.75869863e+00  1.77550000e-08  4.29742808e-04  1.77550000e-08  2.50852674e-04  1.77550000e-08  1.09316396e-04  1.77550000e-08  5.96492984e-05  1.77550000e-08  3.95165014e-04  1.77550000e-08  1.22150239e-04 
 1.77650000e-08  2.72869247e+00  1.77650000e-08  4.29494886e-04  1.77650000e-08  2.56103050e-04  1.77650000e-08  1.09429976e-04  1.77650000e-08  5.62742831e-05  1.77650000e-08  3.95558945e-04  1.77650000e-08  1.20009943e-04 
 1.77750000e-08  2.69617737e+00  1.77750000e-08  4.28984419e-04  1.77750000e-08  2.56150883e-04  1.77750000e-08  1.09350397e-04  1.77750000e-08  5.30573904e-05  1.77750000e-08  3.95910956e-04  1.77750000e-08  1.17265765e-04 
 1.77850000e-08  2.66154558e+00  1.77850000e-08  4.27990240e-04  1.77850000e-08  2.54213690e-04  1.77850000e-08  1.08889010e-04  1.77850000e-08  5.04042903e-05  1.77850000e-08  3.96185849e-04  1.77850000e-08  1.14253387e-04 
 1.77950000e-08  2.62564112e+00  1.77950000e-08  4.26871128e-04  1.77950000e-08  2.51806750e-04  1.77950000e-08  1.08333628e-04  1.77950000e-08  4.82195033e-05  1.77950000e-08  3.96393119e-04  1.77950000e-08  1.11102970e-04 
 1.78050000e-08  2.58901094e+00  1.78050000e-08  4.25929950e-04  1.78050000e-08  2.49155955e-04  1.78050000e-08  1.07930254e-04  1.78050000e-08  4.62662436e-05  1.78050000e-08  3.96568549e-04  1.78050000e-08  1.07812743e-04 
 1.78150000e-08  2.55181358e+00  1.78150000e-08  4.25273347e-04  1.78150000e-08  2.46106345e-04  1.78150000e-08  1.07768718e-04  1.78150000e-08  4.43481605e-05  1.78150000e-08  3.96749255e-04  1.78150000e-08  1.04334547e-04 
 1.78250000e-08  2.51396051e+00  1.78250000e-08  4.24875693e-04  1.78250000e-08  2.42479577e-04  1.78250000e-08  1.07834992e-04  1.78250000e-08  4.23470190e-05  1.78250000e-08  3.96964019e-04  1.78250000e-08  1.00619470e-04 
 1.78350000e-08  2.47524698e+00  1.78350000e-08  4.24642681e-04  1.78350000e-08  2.38187087e-04  1.78350000e-08  1.08060863e-04  1.78350000e-08  4.02221436e-05  1.78350000e-08  3.97229993e-04  1.78350000e-08  9.66452472e-05 
 1.78450000e-08  2.43545258e+00  1.78450000e-08  4.24467918e-04  1.78450000e-08  2.33231886e-04  1.78450000e-08  1.08367483e-04  1.78450000e-08  3.79869348e-05  1.78450000e-08  3.97553610e-04  1.78450000e-08  9.24226616e-05 
 1.78550000e-08  2.39439880e+00  1.78550000e-08  4.24271748e-04  1.78550000e-08  2.27663623e-04  1.78550000e-08  1.08696111e-04  1.78550000e-08  3.56777027e-05  1.78550000e-08  3.97933039e-04  1.78550000e-08  8.79856601e-05 
 1.78650000e-08  2.35195958e+00  1.78650000e-08  4.24007750e-04  1.78650000e-08  2.21540902e-04  1.78650000e-08  1.09014274e-04  1.78650000e-08  3.33331603e-05  1.78650000e-08  3.98364465e-04  1.78650000e-08  8.33792495e-05 
 1.78750000e-08  2.30805746e+00  1.78750000e-08  4.23654722e-04  1.78750000e-08  2.14912988e-04  1.78750000e-08  1.09310478e-04  1.78750000e-08  3.09859681e-05  1.78750000e-08  3.98840635e-04  1.78750000e-08  7.86512865e-05 
 1.78850000e-08  2.26264835e+00  1.78850000e-08  4.23203630e-04  1.78850000e-08  2.07813218e-04  1.78850000e-08  1.09584787e-04  1.78850000e-08  2.86606861e-05  1.78850000e-08  3.99347904e-04  1.78850000e-08  7.38477871e-05 
 1.78950000e-08  2.21569283e+00  1.78950000e-08  4.22643750e-04  1.78950000e-08  2.00258284e-04  1.78950000e-08  1.09838789e-04  1.78950000e-08  2.63745122e-05  1.78950000e-08  3.99885330e-04  1.78950000e-08  6.90090324e-05 
 1.79050000e-08  2.16717063e+00  1.79050000e-08  4.21967792e-04  1.79050000e-08  1.92250503e-04  1.79050000e-08  1.10080946e-04  1.79050000e-08  2.41391873e-05  1.79050000e-08  4.00447879e-04  1.79050000e-08  6.41672223e-05 
 1.79150000e-08  2.11696027e+00  1.79150000e-08  4.21151306e-04  1.79150000e-08  1.83786004e-04  1.79150000e-08  1.10312731e-04  1.79150000e-08  2.19638594e-05  1.79150000e-08  4.01020393e-04  1.79150000e-08  5.93594749e-05 
 1.79250000e-08  2.06497985e+00  1.79250000e-08  4.20153951e-04  1.79250000e-08  1.74860337e-04  1.79250000e-08  1.10531663e-04  1.79250000e-08  1.98568921e-05  1.79250000e-08  4.01591344e-04  1.79250000e-08  5.46137675e-05 
 1.79350000e-08  2.01132610e+00  1.79350000e-08  4.18917335e-04  1.79350000e-08  1.65466670e-04  1.79350000e-08  1.10732735e-04  1.79350000e-08  1.78254382e-05  1.79350000e-08  4.02185813e-04  1.79350000e-08  4.99506569e-05 
 1.79450000e-08  1.95601503e+00  1.79450000e-08  4.17366861e-04  1.79450000e-08  1.55609992e-04  1.79450000e-08  1.10923727e-04  1.79450000e-08  1.58777028e-05  1.79450000e-08  4.02784892e-04  1.79450000e-08  4.53892596e-05 
 1.79550000e-08  1.89903493e+00  1.79550000e-08  4.15349088e-04  1.79550000e-08  1.45305021e-04  1.79550000e-08  1.11093382e-04  1.79550000e-08  1.40217487e-05  1.79550000e-08  4.03380574e-04  1.79550000e-08  4.09479544e-05 
 1.79650000e-08  1.84037071e+00  1.79650000e-08  4.12590044e-04  1.79650000e-08  1.34583259e-04  1.79650000e-08  1.11222261e-04  1.79650000e-08  1.22659750e-05  1.79650000e-08  4.03965505e-04  1.79650000e-08  3.66428748e-05 
 1.79750000e-08  1.78000270e+00  1.79750000e-08  4.08551916e-04  1.79750000e-08  1.23501788e-04  1.79750000e-08  1.11274525e-04  1.79750000e-08  1.06194130e-05  1.79750000e-08  4.04530697e-04  1.79750000e-08  3.24876837e-05 
 1.79850000e-08  1.71791944e+00  1.79850000e-08  4.02043053e-04  1.79850000e-08  1.12125731e-04  1.79850000e-08  1.11173427e-04  1.79850000e-08  9.09183426e-06  1.79850000e-08  4.05064263e-04  1.79850000e-08  2.84945365e-05 
 1.79950000e-08  1.65420509e+00  1.79950000e-08  3.90097285e-04  1.79950000e-08  1.00624957e-04  1.79950000e-08  1.10729060e-04  1.79950000e-08  7.69373430e-06  1.79950000e-08  4.05549056e-04  1.79950000e-08  2.46764085e-05 
 1.80050000e-08  1.58930781e+00  1.80050000e-08  3.65575417e-04  1.80050000e-08  8.92169778e-05  1.80050000e-08  1.09428976e-04  1.80050000e-08  6.43718463e-06  1.80050000e-08  4.05957278e-04  1.80050000e-08  2.10527063e-05 
 1.80150000e-08  1.52467722e+00  1.80150000e-08  3.20742707e-04  1.80150000e-08  7.82217980e-05  1.80150000e-08  1.06226156e-04  1.80150000e-08  5.33746197e-06  1.80150000e-08  4.06242197e-04  1.80150000e-08  1.76625594e-05 
 1.80250000e-08  1.46277446e+00  1.80250000e-08  2.65415055e-04  1.80250000e-08  6.79814072e-05  1.80250000e-08  1.00690437e-04  1.80250000e-08  4.40311326e-06  1.80250000e-08  4.06339873e-04  1.80250000e-08  1.45607429e-05 
 1.80350000e-08  1.40511277e+00  1.80350000e-08  2.15229389e-04  1.80350000e-08  5.85762711e-05  1.80350000e-08  9.43704352e-05  1.80350000e-08  3.61544493e-06  1.80350000e-08  4.06188825e-04  1.80350000e-08  1.17669218e-05 
 1.80450000e-08  1.35138739e+00  1.80450000e-08  1.75383742e-04  1.80450000e-08  4.98980439e-05  1.80450000e-08  8.89316621e-05  1.80450000e-08  2.94439274e-06  1.80450000e-08  4.05768299e-04  1.80450000e-08  9.26042452e-06 
 1.80550000e-08  1.30050602e+00  1.80550000e-08  1.45145699e-04  1.80550000e-08  4.18992555e-05  1.80550000e-08  8.48639928e-05  1.80550000e-08  2.37041103e-06  1.80550000e-08  4.05106683e-04  1.80550000e-08  7.01158741e-06 
 1.80650000e-08  1.25139094e+00  1.80650000e-08  1.22132457e-04  1.80650000e-08  3.46153818e-05  1.80650000e-08  8.18941563e-05  1.80650000e-08  1.88298959e-06  1.80650000e-08  4.04248409e-04  1.80650000e-08  4.99594470e-06 
 1.80750000e-08  1.20321439e+00  1.80750000e-08  1.04142899e-04  1.80750000e-08  2.81158210e-05  1.80750000e-08  7.95649867e-05  1.80750000e-08  1.47522101e-06  1.80750000e-08  4.03227468e-04  1.80750000e-08  3.19515863e-06 
 1.80850000e-08  1.15533886e+00  1.80850000e-08  8.96348147e-05  1.80850000e-08  2.24546248e-05  1.80850000e-08  7.75270463e-05  1.80850000e-08  1.14021315e-06  1.80850000e-08  4.02056902e-04  1.80850000e-08  1.59337096e-06 
 1.80950000e-08  1.10746218e+00  1.80950000e-08  7.77291740e-05  1.80950000e-08  1.76420067e-05  1.80950000e-08  7.56582452e-05  1.80950000e-08  8.69805259e-07  1.80950000e-08  4.00729812e-04  1.80950000e-08  1.76079743e-07 
 1.81050000e-08  1.05976522e+00  1.81050000e-08  6.80024194e-05  1.81050000e-08  1.37362532e-05  1.81050000e-08  7.40603805e-05  1.81050000e-08  6.59939397e-07  1.81050000e-08  3.99247515e-04  1.81050000e-08  1.29014243e-06 
 1.81150000e-08  1.01262171e+00  1.81150000e-08  6.01152566e-05  1.81150000e-08  1.05141800e-05  1.81150000e-08  7.28188264e-05  1.81150000e-08  4.93257188e-07  1.81150000e-08  3.97648779e-04  1.81150000e-08  2.54535919e-06 
 1.81250000e-08  9.66239220e-01  1.81250000e-08  5.36313321e-05  1.81250000e-08  7.90495441e-06  1.81250000e-08  7.18327061e-05  1.81250000e-08  3.62657291e-07  1.81250000e-08  3.95999424e-04  1.81250000e-08  3.56664228e-06 
 1.81350000e-08  9.20692408e-01  1.81350000e-08  4.82237160e-05  1.81350000e-08  5.84392681e-06  1.81350000e-08  7.10254053e-05  1.81350000e-08  2.62454667e-07  1.81350000e-08  3.94359156e-04  1.81350000e-08  4.36963651e-06 
 1.81450000e-08  8.75975939e-01  1.81450000e-08  4.36640510e-05  1.81450000e-08  4.25318169e-06  1.81450000e-08  7.03624747e-05  1.81450000e-08  1.87129673e-07  1.81450000e-08  3.92766293e-04  1.81450000e-08  4.96649758e-06 
 1.81550000e-08  8.32031144e-01  1.81550000e-08  3.97822214e-05  1.81550000e-08  3.05083396e-06  1.81550000e-08  6.98248762e-05  1.81550000e-08  1.31588513e-07  1.81550000e-08  3.91226179e-04  1.81550000e-08  5.37011669e-06 
 1.81650000e-08  7.88749197e-01  1.81650000e-08  3.64377163e-05  1.81650000e-08  2.15924811e-06  1.81650000e-08  6.93819232e-05  1.81650000e-08  9.13739924e-08  1.81650000e-08  3.89704118e-04  1.81650000e-08  5.59784426e-06 
 1.81750000e-08  7.45977428e-01  1.81750000e-08  3.35118803e-05  1.81750000e-08  1.50983717e-06  1.81750000e-08  6.89869085e-05  1.81750000e-08  6.27540895e-08  1.81750000e-08  3.88125759e-04  1.81750000e-08  5.67247452e-06 
 1.81850000e-08  7.03571332e-01  1.81850000e-08  3.09192333e-05  1.81850000e-08  1.04477102e-06  1.81850000e-08  6.86083597e-05  1.81850000e-08  4.27104258e-08  1.81850000e-08  3.86379540e-04  1.81850000e-08  5.62828455e-06 
 1.81950000e-08  6.61437997e-01  1.81950000e-08  2.86071022e-05  1.81950000e-08  7.16619886e-07  1.81950000e-08  6.82443787e-05  1.81950000e-08  2.88612622e-08  1.81950000e-08  3.84298132e-04  1.81950000e-08  5.48675564e-06 
 1.82050000e-08  6.19523972e-01  1.82050000e-08  2.65252309e-05  1.82050000e-08  4.88173296e-07  1.82050000e-08  6.78697157e-05  1.82050000e-08  1.94036842e-08  1.82050000e-08  3.81634309e-04  1.82050000e-08  5.26959878e-06 
 1.82150000e-08  5.77805704e-01  1.82150000e-08  2.46274788e-05  1.82150000e-08  3.31016223e-07  1.82150000e-08  6.74415612e-05  1.82150000e-08  1.30083331e-08  1.82150000e-08  3.77997327e-04  1.82150000e-08  5.00230311e-06 
 1.82250000e-08  5.36277639e-01  1.82250000e-08  2.28690709e-05  1.82250000e-08  2.23930356e-07  1.82250000e-08  6.68931980e-05  1.82250000e-08  8.71548128e-09  1.82250000e-08  3.72727565e-04  1.82250000e-08  4.70771777e-06 
 1.82350000e-08  4.95049544e-01  1.82350000e-08  2.12245664e-05  1.82350000e-08  1.51416698e-07  1.82350000e-08  6.61830569e-05  1.82350000e-08  5.84568519e-09  1.82350000e-08  3.64745067e-04  1.82350000e-08  4.40731353e-06 
 1.82450000e-08  4.54348437e-01  1.82450000e-08  1.96605997e-05  1.82450000e-08  1.02432031e-07  1.82450000e-08  6.52220761e-05  1.82450000e-08  3.92801717e-09  1.82450000e-08  3.52486941e-04  1.82450000e-08  4.12555466e-06 
 1.82550000e-08  4.14474168e-01  1.82550000e-08  1.81375247e-05  1.82550000e-08  6.94297238e-08  1.82550000e-08  6.38684895e-05  1.82550000e-08  2.64771042e-09  1.82550000e-08  3.34535407e-04  1.82550000e-08  3.87091926e-06 
 1.82650000e-08  3.76048070e-01  1.82650000e-08  1.66593903e-05  1.82650000e-08  4.71122963e-08  1.82650000e-08  6.21004116e-05  1.82650000e-08  1.78842346e-09  1.82650000e-08  3.11341271e-04  1.82650000e-08  3.64895872e-06 
 1.82750000e-08  3.40146649e-01  1.82750000e-08  1.53013827e-05  1.82750000e-08  3.19346173e-08  1.82750000e-08  6.01626204e-05  1.82750000e-08  1.20768809e-09  1.82750000e-08  2.85624697e-04  1.82750000e-08  3.47009519e-06 
 1.82850000e-08  3.08199602e-01  1.82850000e-08  1.41796795e-05  1.82850000e-08  2.15556373e-08  1.82850000e-08  5.85243229e-05  1.82850000e-08  8.12629836e-10  1.82850000e-08  2.60523061e-04  1.82850000e-08  3.34748652e-06 
 1.82950000e-08  2.80751846e-01  1.82950000e-08  1.32301321e-05  1.82950000e-08  1.44645421e-08  1.82950000e-08  5.70200335e-05  1.82950000e-08  5.43883759e-10  1.82950000e-08  2.37951192e-04  1.82950000e-08  3.24083619e-06 
 1.83050000e-08  2.57306943e-01  1.83050000e-08  1.23423799e-05  1.83050000e-08  9.69731768e-09  1.83050000e-08  5.52845951e-05  1.83050000e-08  3.63856217e-10  1.83050000e-08  2.18351830e-04  1.83050000e-08  3.16521962e-06 
 1.83150000e-08  2.37091443e-01  1.83150000e-08  1.15009034e-05  1.83150000e-08  6.52537262e-09  1.83150000e-08  5.33316050e-05  1.83150000e-08  2.44421322e-10  1.83150000e-08  2.01360218e-04  1.83150000e-08  3.12290044e-06 
 1.83250000e-08  2.19462148e-01  1.83250000e-08  1.07199539e-05  1.83250000e-08  4.42078879e-09  1.83250000e-08  5.12976968e-05  1.83250000e-08  1.65362552e-10  1.83250000e-08  1.86494130e-04  1.83250000e-08  3.10812768e-06 
 1.83350000e-08  2.03980756e-01  1.83350000e-08  1.00074451e-05  1.83350000e-08  3.02063407e-09  1.83350000e-08  4.92822715e-05  1.83350000e-08  1.12864764e-10  1.83350000e-08  1.73400572e-04  1.83350000e-08  3.11175625e-06 
 1.83450000e-08  1.90305104e-01  1.83450000e-08  9.36331858e-06  1.83450000e-08  2.08427546e-09  1.83450000e-08  4.73399610e-05  1.83450000e-08  7.78096022e-11  1.83450000e-08  1.61800206e-04  1.83450000e-08  3.12477281e-06 
 1.83550000e-08  1.78176226e-01  1.83550000e-08  8.78447071e-06  1.83550000e-08  1.45365942e-09  1.83550000e-08  4.55021270e-05  1.83550000e-08  5.42292597e-11  1.83550000e-08  1.51481081e-04  1.83550000e-08  3.13992009e-06 
 1.83650000e-08  1.67390877e-01  1.83650000e-08  8.26626776e-06  1.83650000e-08  1.02545296e-09  1.83650000e-08  4.37849563e-05  1.83650000e-08  3.82330505e-11  1.83650000e-08  1.42277594e-04  1.83650000e-08  3.15208734e-06 
 1.83750000e-08  1.57784675e-01  1.83750000e-08  7.80362782e-06  1.83750000e-08  7.32054070e-10  1.83750000e-08  4.21957985e-05  1.83750000e-08  2.72813175e-11  1.83750000e-08  1.34056136e-04  1.83750000e-08  3.15814712e-06 
 1.83850000e-08  1.49221672e-01  1.83850000e-08  7.39158423e-06  1.83850000e-08  5.29086356e-10  1.83850000e-08  4.07370057e-05  1.83850000e-08  1.97099126e-11  1.83850000e-08  1.26706088e-04  1.83850000e-08  3.15656423e-06 
 1.83950000e-08  1.41588496e-01  1.83950000e-08  7.02569129e-06  1.83950000e-08  3.87270247e-10  1.83950000e-08  3.94089602e-05  1.83950000e-08  1.44224010e-11  1.83950000e-08  1.20134509e-04  1.83950000e-08  3.14697261e-06 
 1.84050000e-08  1.34791731e-01  1.84050000e-08  6.70236501e-06  1.84050000e-08  2.87167017e-10  1.84050000e-08  3.82127503e-05  1.84050000e-08  1.06916980e-11  1.84050000e-08  1.14263531e-04  1.84050000e-08  3.12980139e-06 
 1.84150000e-08  1.28757980e-01  1.84150000e-08  6.41920525e-06  1.84150000e-08  2.15782192e-10  1.84150000e-08  3.71527222e-05  1.84150000e-08  8.03221248e-12  1.84150000e-08  1.09030038e-04  1.84150000e-08  3.10599162e-06 
 1.84250000e-08  1.23433245e-01  1.84250000e-08  6.17510868e-06  1.84250000e-08  1.64369187e-10  1.84250000e-08  3.62378590e-05  1.84250000e-08  6.11734037e-12  1.84250000e-08  1.04385130e-04  1.84250000e-08  3.07685072e-06 
 1.84350000e-08  1.18772812e-01  1.84350000e-08  5.96882386e-06  1.84350000e-08  1.27029528e-10  1.84350000e-08  3.54738419e-05  1.84350000e-08  4.72696108e-12  1.84350000e-08  1.00289250e-04  1.84350000e-08  3.04348635e-06 
 1.84450000e-08  1.14726965e-01  1.84450000e-08  5.79462298e-06  1.84450000e-08  9.96552996e-11  1.84450000e-08  3.48385610e-05  1.84450000e-08  3.70786035e-12  1.84450000e-08  9.67111770e-05  1.84450000e-08  3.00999679e-06 
 1.84550000e-08  1.11209060e-01  1.84550000e-08  5.64206547e-06  1.84550000e-08  7.93300026e-11  1.84550000e-08  3.42809081e-05  1.84550000e-08  2.95131139e-12  1.84550000e-08  9.35987951e-05  1.84550000e-08  2.98101954e-06 
 1.84650000e-08  1.08105272e-01  1.84650000e-08  5.50031338e-06  1.84650000e-08  6.40313292e-11  1.84650000e-08  3.37446515e-05  1.84650000e-08  2.38194468e-12  1.84650000e-08  9.08739581e-05  1.84650000e-08  2.95357392e-06 
 1.84750000e-08  1.05322075e-01  1.84750000e-08  5.36611447e-06  1.84750000e-08  5.23172589e-11  1.84750000e-08  3.32174042e-05  1.84750000e-08  1.94603473e-12  1.84750000e-08  8.84534859e-05  1.84750000e-08  2.92090074e-06 
 1.84850000e-08  1.02795624e-01  1.84850000e-08  5.23881343e-06  1.84850000e-08  4.31944541e-11  1.84850000e-08  3.27010409e-05  1.84850000e-08  1.60658332e-12  1.84850000e-08  8.62746990e-05  1.84850000e-08  2.87787195e-06 
 1.84950000e-08  1.00482226e-01  1.84950000e-08  5.11822391e-06  1.84950000e-08  3.59786852e-11  1.84950000e-08  3.21992908e-05  1.84950000e-08  1.33811188e-12  1.84950000e-08  8.42933707e-05  1.84950000e-08  2.82312875e-06 
 1.85050000e-08  9.83523252e-02  1.85050000e-08  5.00342046e-06  1.85050000e-08  3.01789796e-11  1.85050000e-08  3.17107251e-05  1.85050000e-08  1.12234174e-12  1.85050000e-08  8.24815742e-05  1.85050000e-08  2.75690978e-06 
 1.85150000e-08  9.63884165e-02  1.85150000e-08  4.89346904e-06  1.85150000e-08  2.54277346e-11  1.85150000e-08  3.12336548e-05  1.85150000e-08  9.45589106e-13  1.85150000e-08  8.08230431e-05  1.85150000e-08  2.67794925e-06 
 1.85250000e-08  9.45829333e-02  1.85250000e-08  4.78768470e-06  1.85250000e-08  2.14496481e-11  1.85250000e-08  3.07678573e-05  1.85250000e-08  7.97607089e-13  1.85250000e-08  7.93101794e-05  1.85250000e-08  2.58203358e-06 
 1.85350000e-08  9.29340187e-02  1.85350000e-08  4.68626408e-06  1.85350000e-08  1.80536675e-11  1.85350000e-08  3.03183064e-05  1.85350000e-08  6.71285260e-13  1.85350000e-08  7.79380368e-05  1.85350000e-08  2.46344242e-06 
 1.85450000e-08  9.14400123e-02  1.85450000e-08  4.59043645e-06  1.85450000e-08  1.51242885e-11  1.85450000e-08  2.98957477e-05  1.85450000e-08  5.62325221e-13  1.85450000e-08  7.66988607e-05  1.85450000e-08  2.31784081e-06 
 1.85550000e-08  9.00947486e-02  1.85550000e-08  4.50168290e-06  1.85550000e-08  1.25988909e-11  1.85550000e-08  2.95116199e-05  1.85550000e-08  4.68396670e-13  1.85550000e-08  7.55804775e-05  1.85550000e-08  2.14437725e-06 
 1.85650000e-08  8.88812479e-02  1.85650000e-08  4.42057444e-06  1.85650000e-08  1.04434165e-11  1.85650000e-08  2.91705461e-05  1.85650000e-08  3.88231830e-13  1.85650000e-08  7.45641867e-05  1.85650000e-08  1.94497750e-06 
 1.85750000e-08  8.77791691e-02  1.85750000e-08  4.34570639e-06  1.85750000e-08  8.62403724e-12  1.85750000e-08  2.88640311e-05  1.85750000e-08  3.20571637e-13  1.85750000e-08  7.36349316e-05  1.85750000e-08  1.72587504e-06 
 1.85850000e-08  8.67678216e-02  1.85850000e-08  4.27651707e-06  1.85850000e-08  7.10483682e-12  1.85850000e-08  2.85888524e-05  1.85850000e-08  2.64079234e-13  1.85850000e-08  7.27745926e-05  1.85850000e-08  1.49508290e-06 
 1.85950000e-08  8.58137623e-02  1.85950000e-08  4.21235380e-06  1.85950000e-08  5.85515380e-12  1.85950000e-08  2.83402316e-05  1.85950000e-08  2.17612780e-13  1.85950000e-08  7.19536179e-05  1.85950000e-08  1.25719926e-06 
 1.86050000e-08  8.48950388e-02  1.86050000e-08  4.15201476e-06  1.86050000e-08  4.83553789e-12  1.86050000e-08  2.81101902e-05  1.86050000e-08  1.79704081e-13  1.86050000e-08  7.11556647e-05  1.86050000e-08  1.02057025e-06 
 1.86150000e-08  8.40008775e-02  1.86150000e-08  4.09321818e-06  1.86150000e-08  4.00780591e-12  1.86150000e-08  2.78832443e-05  1.86150000e-08  1.48932327e-13  1.86150000e-08  7.03780639e-05  1.86150000e-08  7.95039359e-07 
 1.86250000e-08  8.31240164e-02  1.86250000e-08  4.03585028e-06  1.86250000e-08  3.33653832e-12  1.86250000e-08  2.76589099e-05  1.86250000e-08  1.23979771e-13  1.86250000e-08  6.96138734e-05  1.86250000e-08  5.92969320e-07 
 1.86350000e-08  8.22311285e-02  1.86350000e-08  3.97834304e-06  1.86350000e-08  2.79230129e-12  1.86350000e-08  2.74274097e-05  1.86350000e-08  1.03751374e-13  1.86350000e-08  6.88372100e-05  1.86350000e-08  4.26405139e-07 
 1.86450000e-08  8.12643921e-02  1.86450000e-08  3.91334543e-06  1.86450000e-08  2.35336592e-12  1.86450000e-08  2.71388587e-05  1.86450000e-08  8.74388659e-14  1.86450000e-08  6.80181679e-05  1.86450000e-08  3.16704686e-07 
 1.86550000e-08  8.00293180e-02  1.86550000e-08  3.81688925e-06  1.86550000e-08  1.99889896e-12  1.86550000e-08  2.66298886e-05  1.86550000e-08  7.42670133e-14  1.86550000e-08  6.70521470e-05  1.86550000e-08  2.64389199e-07 
 1.86650000e-08  7.84023320e-02  1.86650000e-08  3.69340963e-06  1.86650000e-08  1.71444993e-12  1.86650000e-08  2.59294217e-05  1.86650000e-08  6.36982152e-14  1.86650000e-08  6.58015574e-05  1.86650000e-08  2.76509776e-07 
 1.86750000e-08  7.64438431e-02  1.86750000e-08  3.56799938e-06  1.86750000e-08  1.48838211e-12  1.86750000e-08  2.52067731e-05  1.86750000e-08  5.52993469e-14  1.86750000e-08  6.42366520e-05  1.86750000e-08  3.38675303e-07 
 1.86850000e-08  7.42831054e-02  1.86850000e-08  3.45071911e-06  1.86850000e-08  1.30943798e-12  1.86850000e-08  2.45277996e-05  1.86850000e-08  4.86515112e-14  1.86850000e-08  6.24508234e-05  1.86850000e-08  4.22234565e-07 
 1.86950000e-08  7.20219845e-02  1.86950000e-08  3.33883880e-06  1.86950000e-08  1.16682532e-12  1.86950000e-08  2.38712924e-05  1.86950000e-08  4.33534010e-14  1.86950000e-08  6.05558416e-05  1.86950000e-08  5.02442685e-07 
 1.87050000e-08  6.97624531e-02  1.87050000e-08  3.23052668e-06  1.87050000e-08  1.04820213e-12  1.87050000e-08  2.32260760e-05  1.87050000e-08  3.89464732e-14  1.87050000e-08  5.86580637e-05  1.87050000e-08  5.78303468e-07 
 1.87150000e-08  6.75475037e-02  1.87150000e-08  3.12376164e-06  1.87150000e-08  9.45643061e-13  1.87150000e-08  2.25796224e-05  1.87150000e-08  3.51361950e-14  1.87150000e-08  5.68061552e-05  1.87150000e-08  6.39033339e-07 
 1.87250000e-08  6.53668040e-02  1.87250000e-08  3.01777798e-06  1.87250000e-08  8.57708308e-13  1.87250000e-08  2.19263451e-05  1.87250000e-08  3.18691155e-14  1.87250000e-08  5.49917546e-05  1.87250000e-08  6.83647266e-07 
 1.87350000e-08  6.32326245e-02  1.87350000e-08  2.91128320e-06  1.87350000e-08  7.80065811e-13  1.87350000e-08  2.12591263e-05  1.87350000e-08  2.89844014e-14  1.87350000e-08  5.32304969e-05  1.87350000e-08  7.25036924e-07 
 1.87450000e-08  6.11576627e-02  1.87450000e-08  2.80431819e-06  1.87450000e-08  7.08527680e-13  1.87450000e-08  2.05809278e-05  1.87450000e-08  2.63265132e-14  1.87450000e-08  5.15335323e-05  1.87450000e-08  7.72930124e-07 
 1.87550000e-08  5.91626970e-02  1.87550000e-08  2.69712374e-06  1.87550000e-08  6.38969499e-13  1.87550000e-08  1.98968271e-05  1.87550000e-08  2.37422533e-14  1.87550000e-08  4.99194977e-05  1.87550000e-08  8.39000832e-07 
 1.87650000e-08  5.72722273e-02  1.87650000e-08  2.59103990e-06  1.87650000e-08  5.68331399e-13  1.87650000e-08  1.92199581e-05  1.87650000e-08  2.11179403e-14  1.87650000e-08  4.84069831e-05  1.87650000e-08  9.33265011e-07 
 1.87750000e-08  5.55014114e-02  1.87750000e-08  2.48871691e-06  1.87750000e-08  4.96477792e-13  1.87750000e-08  1.85714570e-05  1.87750000e-08  1.84484831e-14  1.87750000e-08  4.70008162e-05  1.87750000e-08  1.05603493e-06 
 1.87850000e-08  5.38359466e-02  1.87850000e-08  2.39075093e-06  1.87850000e-08  4.26766425e-13  1.87850000e-08  1.79541561e-05  1.87850000e-08  1.58585455e-14  1.87850000e-08  4.56843847e-05  1.87850000e-08  1.19244044e-06 
 1.87950000e-08  5.22274324e-02  1.87950000e-08  2.29484038e-06  1.87950000e-08  3.63829597e-13  1.87950000e-08  1.73466225e-05  1.87950000e-08  1.35201779e-14  1.87950000e-08  4.44176924e-05  1.87950000e-08  1.31873562e-06 
 1.88050000e-08  5.05997517e-02  1.88050000e-08  2.19903270e-06  1.88050000e-08  3.11492148e-13  1.88050000e-08  1.67283551e-05  1.88050000e-08  1.15754851e-14  1.88050000e-08  4.31312776e-05  1.88050000e-08  1.40901770e-06 
 1.88150000e-08  4.88583694e-02  1.88150000e-08  2.10187442e-06  1.88150000e-08  2.72057922e-13  1.88150000e-08  1.60819282e-05  1.88150000e-08  1.01100917e-14  1.88150000e-08  4.17352757e-05  1.88150000e-08  1.43771300e-06 
 1.88250000e-08  4.69128356e-02  1.88250000e-08  2.00230417e-06  1.88250000e-08  2.46344815e-13  1.88250000e-08  1.53936552e-05  1.88250000e-08  9.15441413e-15  1.88250000e-08  4.01425076e-05  1.88250000e-08  1.38350537e-06 
 1.88350000e-08  4.47042597e-02  1.88350000e-08  1.89986419e-06  1.88350000e-08  2.34231414e-13  1.88350000e-08  1.46568739e-05  1.88350000e-08  8.70395037e-15  1.88350000e-08  3.82952537e-05  1.88350000e-08  1.23547969e-06 
 1.88450000e-08  4.22170867e-02  1.88450000e-08  1.79452229e-06  1.88450000e-08  2.35604979e-13  1.88450000e-08  1.38712781e-05  1.88450000e-08  8.75449074e-15  1.88450000e-08  3.61777948e-05  1.88450000e-08  9.96030633e-07 
 1.88550000e-08  3.94985495e-02  1.88550000e-08  1.68677236e-06  1.88550000e-08  2.50547323e-13  1.88550000e-08  1.30442333e-05  1.88550000e-08  9.30903753e-15  1.88550000e-08  3.38354850e-05  1.88550000e-08  6.88176343e-07 
 1.88650000e-08  3.65680036e-02  1.88650000e-08  1.57770865e-06  1.88650000e-08  2.82136457e-13  1.88650000e-08  1.21872295e-05  1.88650000e-08  1.04818292e-14  1.88650000e-08  3.12832761e-05  1.88650000e-08  3.19161712e-07 
 1.88750000e-08  3.34775970e-02  1.88750000e-08  1.46774484e-06  1.88750000e-08  3.35976137e-13  1.88750000e-08  1.13080079e-05  1.88750000e-08  1.24809425e-14  1.88750000e-08  2.85719141e-05  1.88750000e-08  7.38656775e-08 
 1.88850000e-08  3.02861296e-02  1.88850000e-08  1.35824160e-06  1.88850000e-08  4.22465583e-13  1.88850000e-08  1.04219244e-05  1.88850000e-08  1.56926542e-14  1.88850000e-08  2.57550266e-05  1.88850000e-08  4.26292762e-07 
 1.88950000e-08  2.70557669e-02  1.88950000e-08  1.25036043e-06  1.88950000e-08  5.55448836e-13  1.88950000e-08  9.54282189e-06  1.88950000e-08  2.06307292e-14  1.88950000e-08  2.28905732e-05  1.88950000e-08  7.94351991e-07 
 1.89050000e-08  2.38525486e-02  1.89050000e-08  1.14576734e-06  1.89050000e-08  7.57965611e-13  1.89050000e-08  8.68801274e-06  1.89050000e-08  2.81505481e-14  1.89050000e-08  2.00385395e-05  1.89050000e-08  1.15998000e-06 
 1.89150000e-08  2.07679443e-02  1.89150000e-08  1.04392815e-06  1.89150000e-08  1.06267065e-12  1.89150000e-08  7.85760973e-06  1.89150000e-08  3.94644885e-14  1.89150000e-08  1.72935669e-05  1.89150000e-08  1.50355411e-06 
 1.89250000e-08  1.79238210e-02  1.89250000e-08  9.48031832e-07  1.89250000e-08  1.50793708e-12  1.89250000e-08  7.07953925e-06  1.89250000e-08  5.59973601e-14  1.89250000e-08  1.47669113e-05  1.89250000e-08  1.80159266e-06 
 1.89350000e-08  1.52875731e-02  1.89350000e-08  8.60543966e-07  1.89350000e-08  2.17613654e-12  1.89350000e-08  6.37132875e-06  1.89350000e-08  8.08077251e-14  1.89350000e-08  1.24154427e-05  1.89350000e-08  2.06127810e-06 
 1.89450000e-08  1.29048999e-02  1.89450000e-08  7.83162504e-07  1.89450000e-08  3.18064755e-12  1.89450000e-08  5.74550815e-06  1.89450000e-08  1.18105763e-13  1.89450000e-08  1.02800660e-05  1.89450000e-08  2.28154029e-06 
 1.89550000e-08  1.07817756e-02  1.89550000e-08  7.21336475e-07  1.89550000e-08  4.72005403e-12  1.89550000e-08  5.24005872e-06  1.89550000e-08  1.75265950e-13  1.89550000e-08  8.34666691e-06  1.89550000e-08  2.47139876e-06 
 1.89650000e-08  8.93047336e-03  1.89650000e-08  6.73297116e-07  1.89650000e-08  7.11401959e-12  1.89650000e-08  4.83978591e-06  1.89650000e-08  2.64161245e-13  1.89650000e-08  6.63676127e-06  1.89650000e-08  2.61894043e-06 
 1.89750000e-08  7.33884000e-03  1.89750000e-08  6.28981663e-07  1.89750000e-08  1.08000748e-11  1.89750000e-08  4.47180979e-06  1.89750000e-08  4.01044535e-13  1.89750000e-08  5.17845371e-06  1.89750000e-08  2.73247096e-06 
 1.89850000e-08  5.97368392e-03  1.89850000e-08  5.85210848e-07  1.89850000e-08  1.64083825e-11  1.89850000e-08  4.11425300e-06  1.89850000e-08  6.09331070e-13  1.89850000e-08  3.94985510e-06  1.89850000e-08  2.80476856e-06 
 1.89950000e-08  4.79628942e-03  1.89950000e-08  5.42385226e-07  1.89950000e-08  2.48662465e-11  1.89950000e-08  3.77040844e-06  1.89950000e-08  9.23487122e-13  1.89950000e-08  2.90922569e-06  1.89950000e-08  2.83228690e-06 
 1.90050000e-08  3.76786804e-03  1.90050000e-08  5.00732479e-07  1.90050000e-08  3.75315474e-11  1.90050000e-08  3.44182282e-06  1.90050000e-08  1.39399772e-12  1.90050000e-08  2.01554805e-06  1.90050000e-08  2.82216744e-06 
 1.90150000e-08  2.85204147e-03  1.90150000e-08  4.60196794e-07  1.90150000e-08  5.64039662e-11  1.90150000e-08  3.12781388e-06  1.90150000e-08  2.09523489e-12  1.90150000e-08  1.23143946e-06  1.90150000e-08  2.78482362e-06 
 1.90250000e-08  2.01585129e-03  1.90250000e-08  4.20284649e-07  1.90250000e-08  8.44445524e-11  1.90250000e-08  2.82467532e-06  1.90250000e-08  3.13736994e-12  1.90250000e-08  5.24694143e-07  1.90250000e-08  2.73032805e-06 
 1.90350000e-08  1.22626375e-03  1.90350000e-08  3.82468152e-07  1.90350000e-08  1.26105057e-10  1.90350000e-08  2.54186655e-06  1.90350000e-08  4.68611491e-12  1.90350000e-08  1.44379799e-07  1.90350000e-08  2.66763398e-06 
 1.90450000e-08  4.44769146e-04  1.90450000e-08  3.48588406e-07  1.90450000e-08  1.88193831e-10  1.90450000e-08  2.29083960e-06  1.90450000e-08  6.99504111e-12  1.90450000e-08  8.21713052e-07  1.90450000e-08  2.60425550e-06 
 1.90550000e-08 -3.49693964e-04  1.90550000e-08  3.03696333e-07  1.90550000e-08  2.81275890e-10  1.90550000e-08  1.97339282e-06  1.90550000e-08  1.04578917e-11  1.90550000e-08  1.47381959e-06  1.90550000e-08  2.54597325e-06 
 1.90650000e-08 -1.16764187e-03  1.90650000e-08  2.60418569e-07  1.90650000e-08  4.22217235e-10  1.90650000e-08  1.67289730e-06  1.90650000e-08  1.57037250e-11  1.90650000e-08  2.15832889e-06  1.90650000e-08  2.49777549e-06 
 1.90750000e-08 -2.02558454e-03  1.90750000e-08  2.15678188e-07  1.90750000e-08  6.38611342e-10  1.90750000e-08  1.36935971e-06  1.90750000e-08  2.37626866e-11  1.90750000e-08  2.88104687e-06  1.90750000e-08  2.46402271e-06 
 1.90850000e-08 -2.94883613e-03  1.90850000e-08  1.68148545e-07  1.90850000e-08  9.77182246e-10  1.90850000e-08  1.05478007e-06  1.90850000e-08  3.63811627e-11  1.90850000e-08  3.66351935e-06  1.90850000e-08  2.44918560e-06 
 1.90950000e-08 -3.96498133e-03  1.90950000e-08  1.16853479e-07  1.90950000e-08  1.52016376e-09  1.90950000e-08  7.23854977e-07  1.90950000e-08  5.66373019e-11  1.90950000e-08  4.53096622e-06  1.90950000e-08  2.45832001e-06 
 1.91050000e-08 -5.10779067e-03  1.91050000e-08  6.03061548e-08  1.91050000e-08  2.41917784e-09  1.91050000e-08  3.68654550e-07  1.91050000e-08  9.02173006e-11  1.91050000e-08  5.51327230e-06  1.91050000e-08  2.49787476e-06 
 1.91150000e-08 -6.42111887e-03  1.91150000e-08  3.45887347e-09  1.91150000e-08  3.96953230e-09  1.91150000e-08  2.08469820e-08  1.91150000e-08  1.48223577e-10  1.91150000e-08  6.64917534e-06  1.91150000e-08  2.57678269e-06 
 1.91250000e-08 -7.96868762e-03  1.91250000e-08  7.69785820e-08  1.91250000e-08  6.78217684e-09  1.91250000e-08  4.56792402e-07  1.91250000e-08  2.53704142e-10  1.91250000e-08  7.99604199e-06  1.91250000e-08  2.70737821e-06 
 1.91350000e-08 -9.80500910e-03  1.91350000e-08  1.65494117e-07  1.91350000e-08  1.21990997e-08  1.91350000e-08  9.65356294e-07  1.91350000e-08  4.57534880e-10  1.91350000e-08  9.59288354e-06  1.91350000e-08  2.90568880e-06 
 1.91450000e-08 -1.19776093e-02  1.91450000e-08  2.72842670e-07  1.91450000e-08  2.33015601e-08  1.91450000e-08  1.56152121e-06  1.91450000e-08  8.77402025e-10  1.91450000e-08  1.14767767e-05  1.91450000e-08  3.18956482e-06 
 1.91550000e-08 -1.44842463e-02  1.91550000e-08  4.04195250e-07  1.91550000e-08  4.72894534e-08  1.91550000e-08  2.26497133e-06  1.91550000e-08  1.79152949e-09  1.91550000e-08  1.36302297e-05  1.91550000e-08  3.57498270e-06 
 1.91650000e-08 -1.72590677e-02  1.91650000e-08  5.61796174e-07  1.91650000e-08  1.00907975e-07  1.91650000e-08  3.07630404e-06  1.91650000e-08  3.85895255e-09  1.91650000e-08  1.59815740e-05  1.91650000e-08  4.07603681e-06 
 1.91750000e-08 -2.02065795e-02  1.91750000e-08  7.44910252e-07  1.91750000e-08  2.22352335e-07  1.91750000e-08  3.97911340e-06  1.91750000e-08  8.62552252e-09  1.91750000e-08  1.84396930e-05  1.91750000e-08  4.70739185e-06 
 1.91850000e-08 -2.32391845e-02  1.91850000e-08  9.50919917e-07  1.91850000e-08  4.95757352e-07  1.91850000e-08  4.94810077e-06  1.91850000e-08  1.96383885e-08  1.91850000e-08  2.09280835e-05  1.91850000e-08  5.48375258e-06 
 1.91950000e-08 -2.62866579e-02  1.91950000e-08  1.17615160e-06  1.91950000e-08  1.09702059e-06  1.91950000e-08  5.95478226e-06  1.91950000e-08  4.47387531e-08  1.91950000e-08  2.33910619e-05  1.91950000e-08  6.41522960e-06 
 1.92050000e-08 -2.92878973e-02  1.92050000e-08  1.41533641e-06  1.92050000e-08  2.37163264e-06  1.92050000e-08  6.96559801e-06  1.92050000e-08  1.00420571e-07  1.92050000e-08  2.57862717e-05  1.92050000e-08  7.50256418e-06 
 1.92150000e-08 -3.21798186e-02  1.92150000e-08  1.66085437e-06  1.92150000e-08  4.95690628e-06  1.92150000e-08  7.93922755e-06  1.92150000e-08  2.19529711e-07  1.92150000e-08  2.80750100e-05  1.92150000e-08  8.73701282e-06 
 1.92250000e-08 -3.48858092e-02  1.92250000e-08  1.90182453e-06  1.92250000e-08  9.93962753e-06  1.92250000e-08  8.82367442e-06  1.92250000e-08  4.63734060e-07  1.92250000e-08  3.02125439e-05  1.92250000e-08  1.01075972e-05 
 1.92350000e-08 -3.73013604e-02  1.92350000e-08  2.12242535e-06  1.92350000e-08  1.88998122e-05  1.92350000e-08  9.55058062e-06  1.92350000e-08  9.39628173e-07  1.92350000e-08  3.21375315e-05  1.92350000e-08  1.16152207e-05 
 1.92450000e-08 -3.92777056e-02  1.92450000e-08  2.29959027e-06  1.92450000e-08  3.34687132e-05  1.92450000e-08  1.00282052e-05  1.92450000e-08  1.80715263e-06  1.92450000e-08  3.37605766e-05  1.92450000e-08  1.32898461e-05 
 1.92550000e-08 -4.06131993e-02  1.92550000e-08  2.40206824e-06  1.92550000e-08  5.43121873e-05  1.92550000e-08  1.01421753e-05  1.92550000e-08  3.25793371e-06  1.92550000e-08  3.49560914e-05  1.92550000e-08  1.52032053e-05 
 1.92650000e-08 -4.10671263e-02  1.92650000e-08  2.39336822e-06  1.92650000e-08  8.03788633e-05  1.92650000e-08  9.77324546e-06  1.92650000e-08  5.45643871e-06  1.92650000e-08  3.55658920e-05  1.92650000e-08  1.74679826e-05 
 1.92750000e-08 -4.03985130e-02  1.92750000e-08  2.23822390e-06  1.92750000e-08  1.09301665e-04  1.92750000e-08  8.82720371e-06  1.92750000e-08  8.47749741e-06  1.92750000e-08  3.54189441e-05  1.92750000e-08  2.02194966e-05 
 1.92850000e-08 -3.84136595e-02  1.92850000e-08  1.90875339e-06  1.92850000e-08  1.38562456e-04  1.92850000e-08  7.25878830e-06  1.92850000e-08  1.22850855e-05  1.92850000e-08  3.43616017e-05  1.92850000e-08  2.35875706e-05 
 1.92950000e-08 -3.49993921e-02  1.92950000e-08  1.38684406e-06  1.92950000e-08  1.66336903e-04  1.92950000e-08  5.07638911e-06  1.92950000e-08  1.67599065e-05  1.92950000e-08  3.22844529e-05  1.92950000e-08  2.76726335e-05 
 1.93050000e-08 -3.01302264e-02  1.93050000e-08  6.62359764e-07  1.93050000e-08  1.91704929e-04  1.93050000e-08  2.32908406e-06  1.93050000e-08  2.17488030e-05  1.93050000e-08  2.91347881e-05  1.93050000e-08  3.25313077e-05 
 1.93150000e-08 -2.38746773e-02  1.93150000e-08  2.70735678e-07  1.93150000e-08  2.14489552e-04  1.93150000e-08  9.12383018e-07  1.93150000e-08  2.70979748e-05  1.93150000e-08  2.49344462e-05  1.93150000e-08  3.81870478e-05 
 1.93250000e-08 -1.63697329e-02  1.93250000e-08  1.41482668e-06  1.93250000e-08  2.34802234e-04  1.93250000e-08  4.55605469e-06  1.93250000e-08  3.26712976e-05  1.93250000e-08  1.97622042e-05  1.93250000e-08  4.46307184e-05 
 1.93350000e-08 -7.68049864e-03  1.93350000e-08  2.76279040e-06  1.93350000e-08  2.52939633e-04  1.93350000e-08  8.48340303e-06  1.93350000e-08  3.83734733e-05  1.93350000e-08  1.36025672e-05  1.93350000e-08  5.18297519e-05 
 1.93450000e-08  2.02324618e-03  1.93450000e-08  4.31817890e-06  1.93450000e-08  2.69212931e-04  1.93450000e-08  1.26173838e-05  1.93450000e-08  4.41358270e-05  1.93450000e-08  6.56711493e-06  1.93450000e-08  5.97452039e-05 
 1.93550000e-08  1.24542137e-02  1.93550000e-08  6.07968177e-06  1.93550000e-08  2.83901281e-04  1.93550000e-08  1.68733073e-05  1.93550000e-08  4.99098323e-05  1.93550000e-08  1.11320391e-06  1.93550000e-08  6.83361892e-05 
 1.93650000e-08  2.35823417e-02  1.93650000e-08  8.29104739e-06  1.93650000e-08  2.97225378e-04  1.93650000e-08  2.18186864e-05  1.93650000e-08  5.56557740e-05  1.93650000e-08  8.90302472e-06  1.93650000e-08  7.75612535e-05 
 1.93750000e-08  3.54382997e-02  1.93750000e-08  1.05494781e-05  1.93750000e-08  3.09312089e-04  1.93750000e-08  2.62684649e-05  1.93750000e-08  6.13178912e-05  1.93750000e-08  1.75929419e-05  1.93750000e-08  8.73651164e-05 
 1.93850000e-08  4.80129182e-02  1.93850000e-08  1.30992382e-05  1.93850000e-08  3.20286635e-04  1.93850000e-08  3.08008777e-05  1.93850000e-08  6.68566674e-05  1.93850000e-08  2.67314525e-05  1.93850000e-08  9.77122765e-05 
 1.93950000e-08  6.11907403e-02  1.93950000e-08  1.59213485e-05  1.93950000e-08  3.30221859e-04  1.93950000e-08  3.52849116e-05  1.93950000e-08  7.22212337e-05  1.93950000e-08  3.62641611e-05  1.93950000e-08  1.08558775e-04 
 1.94050000e-08  7.49314806e-02  1.94050000e-08  1.90456565e-05  1.94050000e-08  3.39129622e-04  1.94050000e-08  3.97152292e-05  1.94050000e-08  7.73367753e-05  1.94050000e-08  4.61246765e-05  1.94050000e-08  1.19844681e-04 
 1.94150000e-08  8.91937243e-02  1.94150000e-08  2.24763267e-05  1.94150000e-08  3.46962584e-04  1.94150000e-08  4.40405026e-05  1.94150000e-08  8.20968855e-05  1.94150000e-08  5.62846212e-05  1.94150000e-08  1.31484565e-04 
 1.94250000e-08  1.03915807e-01  1.94250000e-08  2.62045968e-05  1.94250000e-08  3.53663191e-04  1.94250000e-08  4.82060100e-05  1.94250000e-08  8.63874315e-05  1.94250000e-08  6.67061878e-05  1.94250000e-08  1.43366750e-04 
 1.94350000e-08  1.18971984e-01  1.94350000e-08  3.02075535e-05  1.94350000e-08  3.59259468e-04  1.94350000e-08  5.21503381e-05  1.94350000e-08  9.01496060e-05  1.94350000e-08  7.73013129e-05  1.94350000e-08  1.55383608e-04 
 1.94450000e-08  1.34180506e-01  1.94450000e-08  3.44646862e-05  1.94450000e-08  3.63897434e-04  1.94450000e-08  5.58254834e-05  1.94450000e-08  9.34127408e-05  1.94450000e-08  8.79214662e-05  1.94450000e-08  1.67465346e-04 
 1.94550000e-08  1.49365398e-01  1.94550000e-08  3.89724600e-05  1.94550000e-08  3.67770631e-04  1.94550000e-08  5.92107842e-05  1.94550000e-08  9.62567875e-05  1.94550000e-08  9.84041248e-05  1.94550000e-08  1.79584124e-04 
 1.94650000e-08  1.64400783e-01  1.94650000e-08  4.37459057e-05  1.94650000e-08  3.71046500e-04  1.94650000e-08  6.23080724e-05  1.94650000e-08  9.87620525e-05  1.94650000e-08  1.08617171e-04  1.94650000e-08  1.91738140e-04 
 1.94750000e-08  1.79215342e-01  1.94750000e-08  4.88123771e-05  1.94750000e-08  3.73840758e-04  1.94750000e-08  6.51284011e-05  1.94750000e-08  1.00985936e-04  1.94750000e-08  1.18471849e-04  1.94750000e-08  2.03932823e-04 
 1.94850000e-08  1.93777689e-01  1.94850000e-08  5.42062926e-05  1.94850000e-08  3.76223259e-04  1.94850000e-08  6.76835211e-05  1.94850000e-08  1.02961483e-04  1.94850000e-08  1.27914263e-04  1.94850000e-08  2.16163623e-04 
 1.94950000e-08  2.08079920e-01  1.94950000e-08  5.99666081e-05  1.94950000e-08  3.78233714e-04  1.94950000e-08  6.99826907e-05  1.94950000e-08  1.04704774e-04  1.94950000e-08  1.36911409e-04  1.94950000e-08  2.28399259e-04 
 1.95050000e-08  2.22126126e-01  1.95050000e-08  6.61363034e-05  1.95050000e-08  3.79896701e-04  1.95050000e-08  7.20323751e-05  1.95050000e-08  1.06223641e-04  1.95050000e-08  1.45439861e-04  1.95050000e-08  2.40563747e-04 
 1.95150000e-08  2.35926779e-01  1.95150000e-08  7.27632917e-05  1.95150000e-08  3.81232713e-04  1.95150000e-08  7.38372639e-05  1.95150000e-08  1.07524759e-04  1.95150000e-08  1.53478804e-04  1.95150000e-08  2.52517470e-04 
 1.95250000e-08  2.49497227e-01  1.95250000e-08  7.99019680e-05  1.95250000e-08  3.82264500e-04  1.95250000e-08  7.54012914e-05  1.95250000e-08  1.08617982e-04  1.95250000e-08  1.61006614e-04  1.95250000e-08  2.64042745e-04 
 1.95350000e-08  2.62859250e-01  1.95350000e-08  8.76154357e-05  1.95350000e-08  3.83019677e-04  1.95350000e-08  7.67284979e-05  1.95350000e-08  1.09518207e-04  1.95350000e-08  1.67999792e-04  1.95350000e-08  2.74846294e-04 
 1.95450000e-08  2.76043723e-01  1.95450000e-08  9.59778035e-05  1.95450000e-08  3.83530361e-04  1.95450000e-08  7.78230956e-05  1.95450000e-08  1.10245086e-04  1.95450000e-08  1.74432960e-04  1.95450000e-08  2.84597868e-04 
 1.95550000e-08  2.89093228e-01  1.95550000e-08  1.05076304e-04  1.95550000e-08  3.83831375e-04  1.95550000e-08  7.86887365e-05  1.95550000e-08  1.10821592e-04  1.95550000e-08  1.80278828e-04  1.95550000e-08  2.93013035e-04 
 1.95650000e-08  3.02064611e-01  1.95650000e-08  1.15013486e-04  1.95650000e-08  3.83958500e-04  1.95650000e-08  7.93273731e-05  1.95650000e-08  1.11272578e-04  1.95650000e-08  1.85507620e-04  1.95650000e-08  2.99949669e-04 
 1.95750000e-08  3.15031553e-01  1.95750000e-08  1.25909578e-04  1.95750000e-08  3.83947167e-04  1.95750000e-08  7.97377863e-05  1.95750000e-08  1.11623643e-04  1.95750000e-08  1.90085601e-04  1.95750000e-08  3.05454838e-04 
 1.95850000e-08  3.28087600e-01  1.95850000e-08  1.37905213e-04  1.95850000e-08  3.83831581e-04  1.95850000e-08  7.99137522e-05  1.95850000e-08  1.11900357e-04  1.95850000e-08  1.93972507e-04  1.95850000e-08  3.09727167e-04 
 1.95950000e-08  3.41350299e-01  1.95950000e-08  1.51164575e-04  1.95950000e-08  3.83644442e-04  1.95950000e-08  7.98416112e-05  1.95950000e-08  1.12128013e-04  1.95950000e-08  1.97117583e-04  1.95950000e-08  3.13029867e-04 
 1.96050000e-08  3.54967695e-01  1.96050000e-08  1.65878662e-04  1.96050000e-08  3.83417508e-04  1.96050000e-08  7.94968694e-05  1.96050000e-08  1.12332112e-04  1.96050000e-08  1.99453980e-04  1.96050000e-08  3.15615101e-04 
 1.96150000e-08  3.69129804e-01  1.96150000e-08  1.82266266e-04  1.96150000e-08  3.83182107e-04  1.96150000e-08  7.88395341e-05  1.96150000e-08  1.12538917e-04  1.96150000e-08  2.00891930e-04  1.96150000e-08  3.17687242e-04 
 1.96250000e-08  3.84089966e-01  1.96250000e-08  2.00561015e-04  1.96250000e-08  3.82964974e-04  1.96250000e-08  7.78091879e-05  1.96250000e-08  1.12772406e-04  1.96250000e-08  2.01314620e-04  1.96250000e-08  3.19396906e-04 
 1.96350000e-08  4.00199789e-01  1.96350000e-08  2.20946514e-04  1.96350000e-08  3.82771728e-04  1.96350000e-08  7.63240238e-05  1.96350000e-08  1.13041359e-04  1.96350000e-08  2.00586628e-04  1.96350000e-08  3.20848151e-04 
 1.96450000e-08  4.17931007e-01  1.96450000e-08  2.43352400e-04  1.96450000e-08  3.82566104e-04  1.96450000e-08  7.42924939e-05  1.96450000e-08  1.13322428e-04  1.96450000e-08  1.98564637e-04  1.96450000e-08  3.22108312e-04 
 1.96550000e-08  4.37830864e-01  1.96550000e-08  2.66934969e-04  1.96550000e-08  3.82292418e-04  1.96550000e-08  7.16262050e-05  1.96550000e-08  1.13576949e-04  1.96550000e-08  1.95082423e-04  1.96550000e-08  3.23219825e-04 
 1.96650000e-08  4.60398989e-01  1.96650000e-08  2.89073402e-04  1.96650000e-08  3.81912227e-04  1.96650000e-08  6.82910437e-05  1.96650000e-08  1.13779264e-04  1.96650000e-08  1.89934592e-04  1.96650000e-08  3.24211203e-04 
 1.96750000e-08  4.85926133e-01  1.96750000e-08  3.05231020e-04  1.96750000e-08  3.81404090e-04  1.96750000e-08  6.44252581e-05  1.96750000e-08  1.13915575e-04  1.96750000e-08  1.82974701e-04  1.96750000e-08  3.25103739e-04 
 1.96850000e-08  5.14399906e-01  1.96850000e-08  3.12700673e-04  1.96850000e-08  3.80756492e-04  1.96850000e-08  6.03486228e-05  1.96850000e-08  1.13977519e-04  1.96850000e-08  1.74317323e-04  1.96850000e-08  3.25915141e-04 
 1.96950000e-08  5.45563337e-01  1.96950000e-08  3.13168626e-04  1.96950000e-08  3.79971338e-04  1.96950000e-08  5.63336297e-05  1.96950000e-08  1.13965464e-04  1.96950000e-08  1.64376637e-04  1.96950000e-08  3.26661406e-04 
 1.97050000e-08  5.79071960e-01  1.97050000e-08  3.09459295e-04  1.97050000e-08  3.79060656e-04  1.97050000e-08  5.24709349e-05  1.97050000e-08  1.13887319e-04  1.97050000e-08  1.53672564e-04  1.97050000e-08  3.27357231e-04 
 1.97150000e-08  6.14610887e-01  1.97150000e-08  3.03305742e-04  1.97150000e-08  3.78047935e-04  1.97150000e-08  4.87415982e-05  1.97150000e-08  1.13760945e-04  1.97150000e-08  1.42633682e-04  1.97150000e-08  3.28016479e-04 
 1.97250000e-08  6.51937851e-01  1.97250000e-08  2.95488951e-04  1.97250000e-08  3.76967276e-04  1.97250000e-08  4.50986369e-05  1.97250000e-08  1.13614276e-04  1.97250000e-08  1.31535900e-04  1.97250000e-08  3.28652493e-04 
 1.97350000e-08  6.90893398e-01  1.97350000e-08  2.86333074e-04  1.97350000e-08  3.75843892e-04  1.97350000e-08  4.15097219e-05  1.97350000e-08  1.13469676e-04  1.97350000e-08  1.20539643e-04  1.97350000e-08  3.29276926e-04 
 1.97450000e-08  7.31384374e-01  1.97450000e-08  2.75991051e-04  1.97450000e-08  3.74682169e-04  1.97450000e-08  3.79689668e-05  1.97450000e-08  1.13333829e-04  1.97450000e-08  1.09746538e-04  1.97450000e-08  3.29898343e-04 
 1.97550000e-08  7.73352861e-01  1.97550000e-08  2.64538811e-04  1.97550000e-08  3.73478336e-04  1.97550000e-08  3.44843535e-05  1.97550000e-08  1.13207675e-04  1.97550000e-08  9.92281653e-05  1.97550000e-08  3.30521590e-04 
 1.97650000e-08  8.16712624e-01  1.97650000e-08  2.52013173e-04  1.97650000e-08  3.72228711e-04  1.97650000e-08  3.10700401e-05  1.97650000e-08  1.13092442e-04  1.97650000e-08  8.90412101e-05  1.97650000e-08  3.31144022e-04 
 1.97750000e-08  8.61485864e-01  1.97750000e-08  2.38497360e-04  1.97750000e-08  3.70901790e-04  1.97750000e-08  2.77573689e-05  1.97750000e-08  1.12968501e-04  1.97750000e-08  7.92475658e-05  1.97750000e-08  3.31771855e-04 
 1.97850000e-08  9.07686984e-01  1.97850000e-08  2.24222691e-04  1.97850000e-08  3.69435253e-04  1.97850000e-08  2.46052219e-05  1.97850000e-08  1.12789818e-04  1.97850000e-08  6.99517642e-05  1.97850000e-08  3.32400948e-04 
 1.97950000e-08  9.55230570e-01  1.97950000e-08  2.08975763e-04  1.97950000e-08  3.67913966e-04  1.97950000e-08  2.15732452e-05  1.97950000e-08  1.12635097e-04  1.97950000e-08  6.11350258e-05  1.97950000e-08  3.33031939e-04 
 1.98050000e-08  1.00410891e+00  1.98050000e-08  1.92506417e-04  1.98050000e-08  3.66397950e-04  1.98050000e-08  1.86318452e-05  1.98050000e-08  1.12569211e-04  1.98050000e-08  5.27359866e-05  1.98050000e-08  3.33668727e-04 
 1.98150000e-08  1.05443583e+00  1.98150000e-08  1.75118682e-04  1.98150000e-08  3.64779356e-04  1.98150000e-08  1.58508097e-05  1.98150000e-08  1.12519321e-04  1.98150000e-08  4.48154484e-05  1.98150000e-08  3.34306761e-04 
 1.98250000e-08  1.10640053e+00  1.98250000e-08  1.57280223e-04  1.98250000e-08  3.62943461e-04  1.98250000e-08  1.32995383e-05  1.98250000e-08  1.12408514e-04  1.98250000e-08  3.74845168e-05  1.98250000e-08  3.34934748e-04 
 1.98350000e-08  1.15974403e+00  1.98350000e-08  1.38656147e-04  1.98350000e-08  3.61009848e-04  1.98350000e-08  1.09233007e-05  1.98350000e-08  1.12364121e-04  1.98350000e-08  3.06657856e-05  1.98350000e-08  3.35554802e-04 
 1.98450000e-08  1.21462613e+00  1.98450000e-08  1.20736893e-04  1.98450000e-08  3.58625754e-04  1.98450000e-08  8.88261049e-06  1.98450000e-08  1.12108988e-04  1.98450000e-08  2.46158817e-05  1.98450000e-08  3.36151824e-04 
 1.98550000e-08  1.27097134e+00  1.98550000e-08  1.04881686e-04  1.98550000e-08  3.55564169e-04  1.98550000e-08  7.25793988e-06  1.98550000e-08  1.11463161e-04  1.98550000e-08  1.95870551e-05  1.98550000e-08  3.36703781e-04 
 1.98650000e-08  1.32861011e+00  1.98650000e-08  9.06031725e-05  1.98650000e-08  3.52050189e-04  1.98650000e-08  5.92807212e-06  1.98650000e-08  1.10676917e-04  1.98650000e-08  1.54380308e-05  1.98650000e-08  3.37190314e-04 
 1.98750000e-08  1.38687071e+00  1.98750000e-08  7.72704299e-05  1.98750000e-08  3.48183750e-04  1.98750000e-08  4.79199344e-06  1.98750000e-08  1.09944438e-04  1.98750000e-08  1.19350599e-05  1.98750000e-08  3.37657142e-04 
 1.98850000e-08  1.44561082e+00  1.98850000e-08  6.45538305e-05  1.98850000e-08  3.43764972e-04  1.98850000e-08  3.79742031e-06  1.98850000e-08  1.09358090e-04  1.98850000e-08  8.90319740e-06  1.98850000e-08  3.38101415e-04 
 1.98950000e-08  1.50471792e+00  1.98950000e-08  5.22951209e-05  1.98950000e-08  3.37947158e-04  1.98950000e-08  2.91637682e-06  1.98950000e-08  1.08924708e-04  1.98950000e-08  6.20286027e-06  1.98950000e-08  3.38527511e-04 
 1.99050000e-08  1.56396585e+00  1.99050000e-08  4.07138620e-05  1.99050000e-08  3.27757332e-04  1.99050000e-08  2.15108253e-06  1.99050000e-08  1.08448665e-04  1.99050000e-08  3.77873134e-06  1.99050000e-08  3.38938413e-04 
 1.99150000e-08  1.62265896e+00  1.99150000e-08  3.03300005e-05  1.99150000e-08  3.06323040e-04  1.99150000e-08  1.51897642e-06  1.99150000e-08  1.07305873e-04  1.99150000e-08  1.66056627e-06  1.99150000e-08  3.39331375e-04 
 1.99250000e-08  1.67915712e+00  1.99250000e-08  2.16632665e-05  1.99250000e-08  2.72236402e-04  1.99250000e-08  1.03082024e-06  1.99250000e-08  1.04538518e-04  1.99250000e-08  9.73914027e-08  1.99250000e-08  3.39696736e-04 
 1.99350000e-08  1.73131074e+00  1.99350000e-08  1.49862485e-05  1.99350000e-08  2.35086365e-04  1.99350000e-08  6.80510633e-07  1.99350000e-08  9.99686181e-05  1.99350000e-08  1.58861328e-06  1.99350000e-08  3.40019079e-04 
 1.99450000e-08  1.77798339e+00  1.99450000e-08  1.00418528e-05  1.99450000e-08  2.01274403e-04  1.99450000e-08  4.37119459e-07  1.99450000e-08  9.44288503e-05  1.99450000e-08  2.56547951e-06  1.99450000e-08  3.40277012e-04 
 1.99550000e-08  1.81946198e+00  1.99550000e-08  6.53945604e-06  1.99550000e-08  1.72533941e-04  1.99550000e-08  2.74263006e-07  1.99550000e-08  8.88637331e-05  1.99550000e-08  3.17482622e-06  1.99550000e-08  3.40450732e-04 
 1.99650000e-08  1.85664716e+00  1.99650000e-08  4.15051385e-06  1.99650000e-08  1.48854229e-04  1.99650000e-08  1.68608167e-07  1.99650000e-08  8.38541826e-05  1.99650000e-08  3.52746360e-06  1.99650000e-08  3.40530881e-04 
 1.99750000e-08  1.89050381e+00  1.99750000e-08  2.57758787e-06  1.99750000e-08  1.29636351e-04  1.99750000e-08  1.01967509e-07  1.99750000e-08  7.96342891e-05  1.99750000e-08  3.70095257e-06  1.99750000e-08  3.40518645e-04 
 1.99850000e-08  1.92189190e+00  1.99850000e-08  1.57490839e-06  1.99850000e-08  1.14105351e-04  1.99850000e-08  6.09782124e-08  1.99850000e-08  7.62170219e-05  1.99850000e-08  3.74919689e-06  1.99850000e-08  3.40421001e-04 
 1.99950000e-08  1.95153446e+00  1.99950000e-08  9.52976246e-07  1.99950000e-08  1.01493918e-04  1.99950000e-08  3.62774220e-08  1.99950000e-08  7.34989664e-05  1.99950000e-08  3.71128105e-06  1.99950000e-08  3.40246640e-04 
 2.00050000e-08  1.98003065e+00  2.00050000e-08  5.75150060e-07  2.00050000e-08  9.11266562e-05  2.00050000e-08  2.16089176e-08  2.00050000e-08  7.13274260e-05  2.00050000e-08  3.61623361e-06  2.00050000e-08  3.40003523e-04 
 2.00150000e-08  2.00788500e+00  2.00150000e-08  3.48694839e-07  2.00150000e-08  8.24469336e-05  2.00150000e-08  1.29700710e-08  2.00150000e-08  6.95378681e-05  2.00150000e-08  3.48572146e-06  2.00150000e-08  3.39697631e-04 
 2.00250000e-08  2.03553521e+00  2.00250000e-08  2.13795474e-07  2.00250000e-08  7.50152912e-05  2.00250000e-08  7.89217173e-09  2.00250000e-08  6.79738137e-05  2.00250000e-08  3.33589962e-06  2.00250000e-08  3.39332284e-04 
 2.00350000e-08  2.06334395e+00  2.00350000e-08  1.33352162e-07  2.00350000e-08  6.85102787e-05  2.00350000e-08  4.89448008e-09  2.00350000e-08  6.65098414e-05  2.00350000e-08  3.17772850e-06  2.00350000e-08  3.38906925e-04 
 2.00450000e-08  2.09150159e+00  2.00450000e-08  8.49822602e-08  2.00450000e-08  6.27571034e-05  2.00450000e-08  3.10561890e-09  2.00450000e-08  6.51039426e-05  2.00450000e-08  3.01914722e-06  2.00450000e-08  3.38418952e-04 
 2.00550000e-08  2.11995592e+00  2.00550000e-08  5.54528493e-08  2.00550000e-08  5.77167663e-05  2.00550000e-08  2.01977669e-09  2.00550000e-08  6.38222079e-05  2.00550000e-08  2.86383539e-06  2.00550000e-08  3.37866343e-04 
 2.00650000e-08  2.14854713e+00  2.00650000e-08  3.70720906e-08  2.00650000e-08  5.33682405e-05  2.00650000e-08  1.34683237e-09  2.00650000e-08  6.27456326e-05  2.00650000e-08  2.71204446e-06  2.00650000e-08  3.37254398e-04 
 2.00750000e-08  2.17716440e+00  2.00750000e-08  2.53917410e-08  2.00750000e-08  4.96337668e-05  2.00750000e-08  9.20634657e-10  2.00750000e-08  6.18882976e-05  2.00750000e-08  2.56271798e-06  2.00750000e-08  3.36594360e-04 
 2.00850000e-08  2.20576326e+00  2.00850000e-08  1.78135640e-08  2.00850000e-08  4.64061884e-05  2.00850000e-08  6.44842644e-10  2.00850000e-08  6.12147448e-05  2.00850000e-08  2.41458374e-06  2.00850000e-08  3.35896529e-04 
 2.00950000e-08  2.23432706e+00  2.00950000e-08  1.27945581e-08  2.00950000e-08  4.35880606e-05  2.00950000e-08  4.62563649e-10  2.00950000e-08  6.06812091e-05  2.00950000e-08  2.26585269e-06  2.00950000e-08  3.35167603e-04 
 2.01050000e-08  2.26284062e+00  2.01050000e-08  9.40232150e-09  2.01050000e-08  4.11044829e-05  2.01050000e-08  3.39568423e-10  2.01050000e-08  6.02545671e-05  2.01050000e-08  2.11355641e-06  2.01050000e-08  3.34412414e-04 
 2.01150000e-08  2.29128433e+00  2.01150000e-08  7.06374587e-09  2.01150000e-08  3.88992098e-05  2.01150000e-08  2.54889533e-10  2.01150000e-08  5.99121718e-05  2.01150000e-08  1.95271417e-06  2.01150000e-08  3.33637233e-04 
 2.01250000e-08  2.31963676e+00  2.01250000e-08  5.42055091e-09  2.01250000e-08  3.69284927e-05  2.01250000e-08  1.95454630e-10  2.01250000e-08  5.96374983e-05  2.01250000e-08  1.77653888e-06  2.01250000e-08  3.32851657e-04 
 2.01350000e-08  2.34788149e+00  2.01350000e-08  4.24492128e-09  2.01350000e-08  3.51561491e-05  2.01350000e-08  1.52969664e-10  2.01350000e-08  5.94161033e-05  2.01350000e-08  1.57933389e-06  2.01350000e-08  3.32067179e-04 
 2.01450000e-08  2.37601688e+00  2.01450000e-08  3.38956734e-09  2.01450000e-08  3.35494613e-05  2.01450000e-08  1.22081791e-10  2.01450000e-08  5.92313553e-05  2.01450000e-08  1.36079459e-06  2.01450000e-08  3.31293294e-04 
 2.01550000e-08  2.40405841e+00  2.01550000e-08  2.75757018e-09  2.01550000e-08  3.20788881e-05  2.01550000e-08  9.92739015e-11  2.01550000e-08  5.90650795e-05  2.01550000e-08  1.12822923e-06  2.01550000e-08  3.30534120e-04 
 2.01650000e-08  2.43202565e+00  2.01650000e-08  2.28359074e-09  2.01650000e-08  3.07227774e-05  2.01650000e-08  8.21777832e-11  2.01650000e-08  5.89068783e-05  2.01650000e-08  8.90433386e-07  2.01650000e-08  3.29787036e-04 
 2.01750000e-08  2.45992363e+00  2.01750000e-08  1.92319623e-09  2.01750000e-08  2.94695295e-05  2.01750000e-08  6.91846526e-11  2.01750000e-08  5.87603338e-05  2.01750000e-08  6.65168656e-07  2.01750000e-08  3.29043662e-04 
 2.01850000e-08  2.48775048e+00  2.01850000e-08  1.64504478e-09  2.01850000e-08  2.83116369e-05  2.01850000e-08  5.91606138e-11  2.01850000e-08  5.86335996e-05  2.01850000e-08  4.54910564e-07  2.01850000e-08  3.28288326e-04 
 2.01950000e-08  2.51550258e+00  2.01950000e-08  1.42753918e-09  2.01950000e-08  2.72402952e-05  2.01950000e-08  5.13248839e-11  2.01950000e-08  5.85294828e-05  2.01950000e-08  2.65282950e-07  2.01950000e-08  3.27499031e-04 
 2.02050000e-08  2.54316520e+00  2.02050000e-08  1.25510647e-09  2.02050000e-08  2.62460508e-05  2.02050000e-08  4.51149026e-11  2.02050000e-08  5.84467655e-05  2.02050000e-08  1.09011859e-07  2.02050000e-08  3.26649811e-04 
 2.02150000e-08  2.57073118e+00  2.02150000e-08  1.11697973e-09  2.02150000e-08  2.53204427e-05  2.02150000e-08  4.01418364e-11  2.02150000e-08  5.83830101e-05  2.02150000e-08  9.77936474e-09  2.02150000e-08  3.25699453e-04 
 2.02250000e-08  2.59819809e+00  2.02250000e-08  1.00442341e-09  2.02250000e-08  2.44529607e-05  2.02250000e-08  3.60903154e-11  2.02250000e-08  5.83281783e-05  2.02250000e-08  1.16402523e-07  2.02250000e-08  3.24588671e-04 
 2.02350000e-08  2.62552085e+00  2.02350000e-08  9.12530863e-10  2.02350000e-08  2.36527246e-05  2.02350000e-08  3.27832459e-11  2.02350000e-08  5.83148739e-05  2.02350000e-08  2.11529040e-07  2.02350000e-08  3.23223250e-04 
 2.02450000e-08  2.65255293e+00  2.02450000e-08  8.36377871e-10  2.02450000e-08  2.29368704e-05  2.02450000e-08  3.00431784e-11  2.02450000e-08  5.83971338e-05  2.02450000e-08  2.76692482e-07  2.02450000e-08  3.21484624e-04 
 2.02550000e-08  2.67876809e+00  2.02550000e-08  7.70141185e-10  2.02550000e-08  2.24162304e-05  2.02550000e-08  2.76604664e-11  2.02550000e-08  5.88693229e-05  2.02550000e-08  2.95698771e-07  2.02550000e-08  3.19216760e-04 
 2.02650000e-08  2.70349723e+00  2.02650000e-08  7.08977693e-10  2.02650000e-08  2.21713486e-05  2.02650000e-08  2.54608313e-11  2.02650000e-08  5.99687877e-05  2.02650000e-08  2.54801864e-07  2.02650000e-08  3.16240095e-04 
 2.02750000e-08  2.72678951e+00  2.02750000e-08  6.51888961e-10  2.02750000e-08  2.20153720e-05  2.02750000e-08  2.34082719e-11  2.02750000e-08  6.12277398e-05  2.02750000e-08  1.47973598e-07  2.02750000e-08  3.12388645e-04 
 2.02850000e-08  2.74912128e+00  2.02850000e-08  5.99633235e-10  2.02850000e-08  2.17425097e-05  2.02850000e-08  2.15299087e-11  2.02850000e-08  6.20858122e-05  2.02850000e-08  1.69669040e-08  2.02850000e-08  3.07515436e-04 
 2.02950000e-08  2.77083414e+00  2.02950000e-08  5.52867953e-10  2.02950000e-08  2.13077375e-05  2.02950000e-08  1.98492567e-11  2.02950000e-08  6.23980687e-05  2.02950000e-08  2.35002199e-07  2.02950000e-08  3.01495526e-04 
 2.03050000e-08  2.79207612e+00  2.03050000e-08  5.10700980e-10  2.03050000e-08  2.07479714e-05  2.03050000e-08  1.83339981e-11  2.03050000e-08  6.22493925e-05  2.03050000e-08  4.43696879e-07  2.03050000e-08  2.94275917e-04 
 2.03150000e-08  2.81287311e+00  2.03150000e-08  4.72851965e-10  2.03150000e-08  2.01114702e-05  2.03150000e-08  1.69739857e-11  2.03150000e-08  6.17653337e-05  2.03150000e-08  6.27463161e-07  2.03150000e-08  2.85928708e-04 
 2.03250000e-08  2.83320365e+00  2.03250000e-08  4.39012391e-10  2.03250000e-08  1.94307427e-05  2.03250000e-08  1.57580985e-11  2.03250000e-08  6.10325480e-05  2.03250000e-08  7.80939460e-07  2.03250000e-08  2.76654617e-04 
 2.03350000e-08  2.85301622e+00  2.03350000e-08  4.08873488e-10  2.03350000e-08  1.87286707e-05  2.03350000e-08  1.46752286e-11  2.03350000e-08  6.01142114e-05  2.03350000e-08  9.06439964e-07  2.03350000e-08  2.66730820e-04 
 2.03450000e-08  2.87224297e+00  2.03450000e-08  3.82164289e-10  2.03450000e-08  1.80234636e-05  2.03450000e-08  1.37156360e-11  2.03450000e-08  5.90638535e-05  2.03450000e-08  1.01069460e-06  2.03450000e-08  2.56443935e-04 
 2.03550000e-08  2.89080696e+00  2.03550000e-08  3.58684797e-10  2.03550000e-08  1.73322952e-05  2.03550000e-08  1.28721332e-11  2.03550000e-08  5.79363341e-05  2.03550000e-08  1.10280268e-06  2.03550000e-08  2.46043368e-04 
 2.03650000e-08  2.90863671e+00  2.03650000e-08  3.38322259e-10  2.03650000e-08  1.66692837e-05  2.03650000e-08  1.21406694e-11  2.03650000e-08  5.67810141e-05  2.03650000e-08  1.19444468e-06  2.03650000e-08  2.35724459e-04 
 2.03750000e-08  2.92570951e+00  2.03750000e-08  3.20916492e-10  2.03750000e-08  1.60333119e-05  2.03750000e-08  1.15154884e-11  2.03750000e-08  5.56001264e-05  2.03750000e-08  1.29791066e-06  2.03750000e-08  2.25628785e-04 
 2.03850000e-08  2.94206733e+00  2.03850000e-08  3.05884381e-10  2.03850000e-08  1.54077025e-05  2.03850000e-08  1.09756146e-11  2.03850000e-08  5.43443081e-05  2.03850000e-08  1.40745557e-06  2.03850000e-08  2.15845640e-04 
 2.03950000e-08  2.95775261e+00  2.03950000e-08  2.92155982e-10  2.03950000e-08  1.47842988e-05  2.03950000e-08  1.04825537e-11  2.03950000e-08  5.29927375e-05  2.03950000e-08  1.48896020e-06  2.03950000e-08  2.06418123e-04 
 2.04050000e-08  2.97277235e+00  2.04050000e-08  2.78601096e-10  2.04050000e-08  1.41687948e-05  2.04050000e-08  9.99566314e-12  2.04050000e-08  5.15731305e-05  2.04050000e-08  1.50630122e-06  2.04050000e-08  1.97365053e-04 
 2.04150000e-08  2.98711042e+00  2.04150000e-08  2.64319711e-10  2.04150000e-08  1.35703990e-05  2.04150000e-08  9.48261107e-12  2.04150000e-08  5.01268298e-05  2.04150000e-08  1.44141112e-06  2.04150000e-08  1.88700359e-04 
 2.04250000e-08  3.00074712e+00  2.04250000e-08  2.48798566e-10  2.04250000e-08  1.29960096e-05  2.04250000e-08  8.92499480e-12  2.04250000e-08  4.86876041e-05  2.04250000e-08  1.29593577e-06  2.04250000e-08  1.80436874e-04 
 2.04350000e-08  3.01367175e+00  2.04350000e-08  2.32052304e-10  2.04350000e-08  1.24502865e-05  2.04350000e-08  8.32339618e-12  2.04350000e-08  4.72808392e-05  2.04350000e-08  1.08899711e-06  2.04350000e-08  1.72581176e-04 
 2.04450000e-08  3.02588570e+00  2.04450000e-08  2.14549334e-10  2.04450000e-08  1.19371507e-05  2.04450000e-08  7.69469539e-12  2.04450000e-08  4.59285604e-05  2.04450000e-08  8.50153060e-07  2.04450000e-08  1.65130506e-04 
 2.04550000e-08  3.03740334e+00  2.04550000e-08  1.96983304e-10  2.04550000e-08  1.14599975e-05  2.04550000e-08  7.06383983e-12  2.04550000e-08  4.46502619e-05  2.04550000e-08  6.08025931e-07  2.04550000e-08  1.58072975e-04 
 2.04650000e-08  3.04825854e+00  2.04650000e-08  1.80058828e-10  2.04650000e-08  1.10190519e-05  2.04650000e-08  6.45614064e-12  2.04650000e-08  4.34528397e-05  2.04650000e-08  3.83327954e-07  2.04650000e-08  1.51389468e-04 
 2.04750000e-08  3.05848192e+00  2.04750000e-08  1.64065551e-10  2.04750000e-08  1.06091308e-05  2.04750000e-08  5.88199882e-12  2.04750000e-08  4.23225345e-05  2.04750000e-08  1.97776674e-07  2.04750000e-08  1.45072714e-04 
 2.04850000e-08  3.06811812e+00  2.04850000e-08  1.49279522e-10  2.04850000e-08  1.02265110e-05  2.04850000e-08  5.35130696e-12  2.04850000e-08  4.12499807e-05  2.04850000e-08  6.11707941e-08  2.04850000e-08  1.39102644e-04 
 2.04950000e-08  3.07721649e+00  2.04950000e-08  1.35912205e-10  2.04950000e-08  9.86766617e-06  2.04950000e-08  4.87163578e-12  2.04950000e-08  4.02257472e-05  2.04950000e-08  1.45803920e-08  2.04950000e-08  1.33455185e-04 
 2.05050000e-08  3.08582831e+00  2.05050000e-08  1.24066053e-10  2.05050000e-08  9.52944330e-06  2.05050000e-08  4.44663877e-12  2.05050000e-08  3.92412215e-05  2.05050000e-08  2.18058875e-08  2.05050000e-08  1.28103828e-04 
 2.05150000e-08  3.09404863e+00  2.05150000e-08  1.13798467e-10  2.05150000e-08  9.20103357e-06  2.05150000e-08  4.07833046e-12  2.05150000e-08  3.82549842e-05  2.05150000e-08  7.45831808e-09  2.05150000e-08  1.23009531e-04 
 2.05250000e-08  3.10195987e+00  2.05250000e-08  1.05022197e-10  2.05250000e-08  8.87443273e-06  2.05250000e-08  3.76355773e-12  2.05250000e-08  3.72368420e-05  2.05250000e-08  6.33014026e-08  2.05250000e-08  1.18135040e-04 
 2.05350000e-08  3.10965046e+00  2.05350000e-08  9.73892195e-11  2.05350000e-08  8.53620554e-06  2.05350000e-08  3.48981227e-12  2.05350000e-08  3.61340617e-05  2.05350000e-08  1.20466503e-07  2.05350000e-08  1.13450403e-04 
 2.05450000e-08  3.11727750e+00  2.05450000e-08  9.08032646e-11  2.05450000e-08  8.16229255e-06  2.05450000e-08  3.25362462e-12  2.05450000e-08  3.48464965e-05  2.05450000e-08  1.58695522e-07  2.05450000e-08  1.08903141e-04 
 2.05550000e-08  3.12506218e+00  2.05550000e-08  8.52233796e-11  2.05550000e-08  7.72335510e-06  2.05550000e-08  3.05352174e-12  2.05550000e-08  3.32494780e-05  2.05550000e-08  1.79054992e-07  2.05550000e-08  1.04409967e-04 
 2.05650000e-08  3.13316117e+00  2.05650000e-08  8.05542351e-11  2.05650000e-08  7.20563542e-06  2.05650000e-08  2.88608654e-12  2.05650000e-08  3.12806935e-05  2.05650000e-08  1.95784100e-07  2.05650000e-08  9.98941151e-05 
 2.05750000e-08  3.14148491e+00  2.05750000e-08  7.66329663e-11  2.05750000e-08  6.66164691e-06  2.05750000e-08  2.74547577e-12  2.05750000e-08  2.91615215e-05  2.05750000e-08  2.11080331e-07  2.05750000e-08  9.52943952e-05 
 2.05850000e-08  3.14983475e+00  2.05850000e-08  7.33236347e-11  2.05850000e-08  6.15258170e-06  2.05850000e-08  2.62680947e-12  2.05850000e-08  2.71564782e-05  2.05850000e-08  2.17436788e-07  2.05850000e-08  9.06051189e-05 
 2.05950000e-08  3.15807299e+00  2.05950000e-08  7.05179559e-11  2.05950000e-08  5.69418582e-06  2.05950000e-08  2.52620238e-12  2.05950000e-08  2.53371842e-05  2.05950000e-08  2.12420086e-07  2.05950000e-08  8.58840748e-05 
 2.06050000e-08  3.16611963e+00  2.06050000e-08  6.81081028e-11  2.06050000e-08  5.28076393e-06  2.06050000e-08  2.43978725e-12  2.06050000e-08  2.36826642e-05  2.06050000e-08  1.96066754e-07  2.06050000e-08  8.11992236e-05 
 2.06150000e-08  3.17392345e+00  2.06150000e-08  6.59977281e-11  2.06150000e-08  4.90371070e-06  2.06150000e-08  2.36410968e-12  2.06150000e-08  2.21588296e-05  2.06150000e-08  1.70681675e-07  2.06150000e-08  7.66054116e-05 
 2.06250000e-08  3.18144874e+00  2.06250000e-08  6.41054528e-11  2.06250000e-08  4.55648927e-06  2.06250000e-08  2.29625273e-12  2.06250000e-08  2.07402520e-05  2.06250000e-08  1.39947226e-07  2.06250000e-08  7.21418666e-05 
 2.06350000e-08  3.18867012e+00  2.06350000e-08  6.23621151e-11  2.06350000e-08  4.23481534e-06  2.06350000e-08  2.23373774e-12  2.06350000e-08  1.94111435e-05  2.06350000e-08  1.07861462e-07  2.06350000e-08  6.78354229e-05 
 2.06450000e-08  3.19556882e+00  2.06450000e-08  6.07000345e-11  2.06450000e-08  3.93599583e-06  2.06450000e-08  2.17413936e-12  2.06450000e-08  1.81625952e-05  2.06450000e-08  7.84176285e-08  2.06450000e-08  6.37046394e-05 
 2.06550000e-08  3.20213012e+00  2.06550000e-08  5.90429818e-11  2.06550000e-08  3.65832103e-06  2.06550000e-08  2.11472578e-12  2.06550000e-08  1.69899615e-05  2.06550000e-08  5.48910822e-08  2.06550000e-08  5.97630020e-05 
 2.06650000e-08  3.20834621e+00  2.06650000e-08  5.73272824e-11  2.06650000e-08  3.40034234e-06  2.06650000e-08  2.05321479e-12  2.06650000e-08  1.58894747e-05  2.06650000e-08  3.84358221e-08  2.06650000e-08  5.60187328e-05 
 2.06750000e-08  3.21422041e+00  2.06750000e-08  5.55441929e-11  2.06750000e-08  3.16046721e-06  2.06750000e-08  1.98929369e-12  2.06750000e-08  1.48562083e-05  2.06750000e-08  3.13798440e-08  2.06750000e-08  5.24728406e-05 
 2.06850000e-08  3.21974886e+00  2.06850000e-08  5.36227323e-11  2.06850000e-08  2.93805601e-06  2.06850000e-08  1.92041867e-12  2.06850000e-08  1.38897339e-05  2.06850000e-08  3.48871535e-08  2.06850000e-08  4.91290066e-05 
 2.06950000e-08  3.22492855e+00  2.06950000e-08  5.14860213e-11  2.06950000e-08  2.73234571e-06  2.06950000e-08  1.84383529e-12  2.06950000e-08  1.29888933e-05  2.06950000e-08  5.17592045e-08  2.06950000e-08  4.59907026e-05 
 2.07050000e-08  3.22975391e+00  2.07050000e-08  4.90367007e-11  2.07050000e-08  2.54276836e-06  2.07050000e-08  1.75605548e-12  2.07050000e-08  1.21533616e-05  2.07050000e-08  8.51585143e-08  2.07050000e-08  4.30627446e-05 
 2.07150000e-08  3.23421614e+00  2.07150000e-08  4.61712174e-11  2.07150000e-08  2.36922964e-06  2.07150000e-08  1.65336984e-12  2.07150000e-08  1.13849730e-05  2.07150000e-08  1.38594819e-07  2.07150000e-08  4.03511283e-05 
 2.07250000e-08  3.23830472e+00  2.07250000e-08  4.28232626e-11  2.07250000e-08  2.21256852e-06  2.07250000e-08  1.53340403e-12  2.07250000e-08  1.06898534e-05  2.07250000e-08  2.14118554e-07  2.07250000e-08  3.78607609e-05 
 2.07350000e-08  3.24202745e+00  2.07350000e-08  3.90747957e-11  2.07350000e-08  2.07279711e-06  2.07350000e-08  1.39909560e-12  2.07350000e-08  1.00695400e-05  2.07350000e-08  3.04006247e-07  2.07350000e-08  3.55859492e-05 
 2.07450000e-08  3.24541280e+00  2.07450000e-08  3.51371401e-11  2.07450000e-08  1.94780074e-06  2.07450000e-08  1.25801718e-12  2.07450000e-08  9.51461865e-06  2.07450000e-08  3.97155023e-07  2.07450000e-08  3.35118978e-05 
 2.07550000e-08  3.24850316e+00  2.07550000e-08  3.12489839e-11  2.07550000e-08  1.83402931e-06  2.07550000e-08  1.11880153e-12  2.07550000e-08  9.00819357e-06  2.07550000e-08  4.82817234e-07  2.07550000e-08  3.16177222e-05 
 2.07650000e-08  3.25134489e+00  2.07650000e-08  2.76061768e-11  2.07650000e-08  1.72861038e-06  2.07650000e-08  9.88375162e-13  2.07650000e-08  8.53640015e-06  2.07650000e-08  5.53492811e-07  2.07650000e-08  2.98780935e-05 
 2.07750000e-08  3.25398891e+00  2.07750000e-08  2.43456063e-11  2.07750000e-08  1.62921903e-06  2.07750000e-08  8.71632607e-13  2.07750000e-08  8.08784416e-06  2.07750000e-08  6.02599517e-07  2.07750000e-08  2.82631970e-05 
 2.07850000e-08  3.25649882e+00  2.07850000e-08  2.15736185e-11  2.07850000e-08  1.53283026e-06  2.07850000e-08  7.72381366e-13  2.07850000e-08  7.64730362e-06  2.07850000e-08  6.21151909e-07  2.07850000e-08  2.67362070e-05 
 2.07950000e-08  3.25896045e+00  2.07950000e-08  1.93942892e-11  2.07950000e-08  1.43482318e-06  2.07950000e-08  6.94347065e-13  2.07950000e-08  7.19103308e-06  2.07950000e-08  5.94948808e-07  2.07950000e-08  2.52488639e-05 
 2.08050000e-08  3.26148117e+00  2.08050000e-08  1.79203675e-11  2.08050000e-08  1.32953237e-06  2.08050000e-08  6.41565264e-13  2.08050000e-08  6.68949127e-06  2.08050000e-08  5.05706490e-07  2.08050000e-08  2.37405224e-05 
 2.08150000e-08  3.26416833e+00  2.08150000e-08  1.72695903e-11  2.08150000e-08  1.21245225e-06  2.08150000e-08  6.18249689e-13  2.08150000e-08  6.11892523e-06  2.08150000e-08  3.38848815e-07  2.08150000e-08  2.21474135e-05 
 2.08250000e-08  3.26709949e+00  2.08250000e-08  1.75787485e-11  2.08250000e-08  1.08212054e-06  2.08250000e-08  6.29295742e-13  2.08250000e-08  5.47171659e-06  2.08250000e-08  9.25965249e-08  2.08250000e-08  2.04185337e-05 
 2.08350000e-08  3.27030738e+00  2.08350000e-08  1.90760982e-11  2.08350000e-08  9.39973135e-07  2.08350000e-08  6.82875130e-13  2.08350000e-08  4.75619310e-06  2.08350000e-08  1.93969676e-07  2.08350000e-08  1.85265344e-05 
 2.08450000e-08  3.27378393e+00  2.08450000e-08  2.21329715e-11  2.08450000e-08  7.88944844e-07  2.08450000e-08  7.92276532e-13  2.08450000e-08  3.98948198e-06  2.08450000e-08  5.19953067e-07  2.08450000e-08  1.64686635e-05 
 2.08550000e-08  3.27747979e+00  2.08550000e-08  2.73997905e-11  2.08550000e-08  6.33255791e-07  2.08550000e-08  9.80779737e-13  2.08550000e-08  3.19604047e-06  2.08550000e-08  8.71233557e-07  2.08550000e-08  1.42677768e-05 
 2.08650000e-08  3.28136321e+00  2.08650000e-08  3.61409962e-11  2.08650000e-08  4.73729228e-07  2.08650000e-08  1.29366196e-12  2.08650000e-08  2.38324152e-06  2.08650000e-08  1.23614492e-06  2.08650000e-08  1.19433412e-05 
 2.08750000e-08  3.28538742e+00  2.08750000e-08  5.06162652e-11  2.08750000e-08  3.12367035e-07  2.08750000e-08  1.81218005e-12  2.08750000e-08  1.56447216e-06  2.08750000e-08  1.59646191e-06  2.08750000e-08  9.52233600e-06 
 2.08850000e-08  3.28946367e+00  2.08850000e-08  7.46344819e-11  2.08850000e-08  1.53667195e-07  2.08850000e-08  2.67278993e-12  2.08850000e-08  7.65359409e-07  2.08850000e-08  1.92927447e-06  2.08850000e-08  7.05498408e-06 
 2.08950000e-08  3.29354753e+00  2.08950000e-08  1.15225696e-10  2.08950000e-08  2.35882120e-09  2.08950000e-08  4.12775397e-12  2.08950000e-08  1.16711355e-08  2.08950000e-08  2.22677167e-06  2.08950000e-08  4.57216900e-06 
 2.09050000e-08  3.29763108e+00  2.09050000e-08  1.85106899e-10  2.09050000e-08  1.56776506e-07  2.09050000e-08  6.63365664e-12  2.09050000e-08  7.69886008e-07  2.09050000e-08  2.49394683e-06  2.09050000e-08  2.08185646e-06 
 2.09150000e-08  3.30175178e+00  2.09150000e-08  3.08573944e-10  2.09150000e-08  3.02693352e-07  2.09150000e-08  1.10633415e-11  2.09150000e-08  1.47407640e-06  2.09150000e-08  2.74603056e-06  2.09150000e-08  4.60464263e-07 
 2.09250000e-08  3.30603231e+00  2.09250000e-08  5.34579275e-10  2.09250000e-08  3.70117440e-07  2.09250000e-08  1.91768498e-11  2.09250000e-08  1.78633506e-06  2.09250000e-08  2.96720507e-06  2.09250000e-08  3.31278399e-06 
 2.09350000e-08  3.31029931e+00  2.09350000e-08  9.55517139e-10  2.09350000e-08  5.06836147e-07  2.09350000e-08  3.43000442e-11  2.09350000e-08  2.42226883e-06  2.09350000e-08  3.13337095e-06  2.09350000e-08  5.97142866e-06 
 2.09450000e-08  3.31431845e+00  2.09450000e-08  1.74451919e-09  2.09450000e-08  6.32544530e-07  2.09450000e-08  6.26744554e-11  2.09450000e-08  2.99137200e-06  2.09450000e-08  3.22229600e-06  2.09450000e-08  8.47928619e-06 
 2.09550000e-08  3.31795783e+00  2.09550000e-08  3.19265421e-09  2.09550000e-08  7.46327061e-07  2.09550000e-08  1.14816874e-10  2.09550000e-08  3.49113947e-06  2.09550000e-08  3.20770736e-06  2.09550000e-08  1.07482252e-05 
 2.09650000e-08  3.32112335e+00  2.09650000e-08  5.75613752e-09  2.09650000e-08  8.50676220e-07  2.09650000e-08  2.07259914e-10  2.09650000e-08  3.93573662e-06  2.09650000e-08  3.09491877e-06  2.09650000e-08  1.27083972e-05 
 2.09750000e-08  3.32379658e+00  2.09750000e-08  1.01306856e-08  2.09750000e-08  9.46322020e-07  2.09750000e-08  3.65306643e-10  2.09750000e-08  4.33073792e-06  2.09750000e-08  2.91741163e-06  2.09750000e-08  1.43470112e-05 
 2.09850000e-08  3.32602660e+00  2.09850000e-08  1.73863155e-08  2.09850000e-08  1.03363366e-06  2.09850000e-08  6.28036593e-10  2.09850000e-08  4.67955492e-06  2.09850000e-08  2.71649506e-06  2.09850000e-08  1.56986259e-05 
 2.09950000e-08  3.32790273e+00  2.09950000e-08  2.92246833e-08  2.09950000e-08  1.11380916e-06  2.09950000e-08  1.05789296e-09  2.09950000e-08  4.98878772e-06  2.09950000e-08  2.52724338e-06  2.09950000e-08  1.68231970e-05 
 2.10050000e-08  3.32953440e+00  2.10050000e-08  4.84800942e-08  2.10050000e-08  1.18964654e-06  2.10050000e-08  1.75944734e-09  2.10050000e-08  5.27149389e-06  2.10050000e-08  2.37429715e-06  2.10050000e-08  1.77904232e-05 
 2.10150000e-08  3.33103910e+00  2.10150000e-08  8.01288119e-08  2.10150000e-08  1.26532404e-06  2.10150000e-08  2.91748737e-09  2.10150000e-08  5.54587163e-06  2.10150000e-08  2.27488778e-06  2.10150000e-08  1.86722050e-05 
 2.10250000e-08  3.33254229e+00  2.10250000e-08  1.33445745e-07  2.10250000e-08  1.34645358e-06  2.10250000e-08  4.87920726e-09  2.10250000e-08  5.83510568e-06  2.10250000e-08  2.24328867e-06  2.10250000e-08  1.95426636e-05 
 2.10350000e-08  3.33418471e+00  2.10350000e-08  2.26941939e-07  2.10350000e-08  1.44043254e-06  2.10350000e-08  8.34488305e-09  2.10350000e-08  6.16831395e-06  2.10350000e-08  2.29608213e-06  2.10350000e-08  2.04826114e-05 
 2.10450000e-08  3.33613228e+00  2.10450000e-08  4.00465377e-07  2.10450000e-08  1.55700265e-06  2.10450000e-08  1.48441743e-08  2.10450000e-08  6.58202696e-06  2.10450000e-08  2.45735118e-06  2.10450000e-08  2.15853216e-05 
 2.10550000e-08  3.33856662e+00  2.10550000e-08  7.45722393e-07  2.10550000e-08  1.70759953e-06  2.10550000e-08  2.79753615e-08  2.10550000e-08  7.11629377e-06  2.10550000e-08  2.75949792e-06  2.10550000e-08  2.29516967e-05 
 2.10650000e-08  3.34161002e+00  2.10650000e-08  1.47855535e-06  2.10650000e-08  1.90020923e-06  2.10650000e-08  5.65137542e-08  2.10650000e-08  7.79304309e-06  2.10650000e-08  3.23248817e-06  2.10650000e-08  2.46501915e-05 
 2.10750000e-08  3.34523165e+00  2.10750000e-08  3.08893295e-06  2.10750000e-08  2.13287036e-06  2.10750000e-08  1.21604621e-07  2.10750000e-08  8.59176339e-06  2.10750000e-08  3.90093298e-06  2.10750000e-08  2.66663738e-05 
 2.10850000e-08  3.34926685e+00  2.10850000e-08  6.59953634e-06  2.10850000e-08  2.39425984e-06  2.10850000e-08  2.71963404e-07  2.10850000e-08  9.45586299e-06  2.10850000e-08  4.80760645e-06  2.10850000e-08  2.89143073e-05 
 2.10950000e-08  3.35349207e+00  2.10950000e-08  1.38559997e-05  2.10950000e-08  2.66566158e-06  2.10950000e-08  6.10759441e-07  2.10950000e-08  1.03039250e-05  2.10950000e-08  6.03827892e-06  2.10950000e-08  3.12831130e-05 
 2.11050000e-08  3.35764972e+00  2.11050000e-08  2.74701408e-05  2.11050000e-08  2.91755296e-06  2.11050000e-08  1.32767199e-06  2.11050000e-08  1.10199261e-05  2.11050000e-08  7.75395498e-06  2.11050000e-08  3.36603204e-05 
 2.11150000e-08  3.36142283e+00  2.11150000e-08  4.98116811e-05  2.11150000e-08  3.10353435e-06  2.11150000e-08  2.70322156e-06  2.11150000e-08  1.14360428e-05  2.11150000e-08  1.02264205e-05  2.11150000e-08  3.59254403e-05 
 2.11250000e-08  3.36442258e+00  2.11250000e-08  8.11628361e-05  2.11250000e-08  3.16086954e-06  2.11250000e-08  5.03650878e-06  2.11250000e-08  1.13434361e-05  2.11250000e-08  1.38355028e-05  2.11250000e-08  3.79373868e-05 
 2.11350000e-08  3.36623109e+00  2.11350000e-08  1.18808204e-04  2.11350000e-08  3.02380238e-06  2.11350000e-08  8.50485334e-06  2.11350000e-08  1.05488140e-05  2.11350000e-08  1.89893073e-05  2.11350000e-08  3.95335346e-05 
 2.11450000e-08  3.36648876e+00  2.11450000e-08  1.58469779e-04  2.11450000e-08  2.64371721e-06  2.11450000e-08  1.30672544e-05  2.11450000e-08  8.94748602e-06  2.11450000e-08  2.59917709e-05  2.11450000e-08  4.05474344e-05 
 2.11550000e-08  3.36496790e+00  2.11550000e-08  1.96494688e-04  2.11550000e-08  2.00071635e-06  2.11550000e-08  1.84986846e-05  2.11550000e-08  6.55515857e-06  2.11550000e-08  3.49475128e-05  2.11550000e-08  4.08376202e-05 
 2.11650000e-08  3.36158494e+00  2.11650000e-08  2.30809420e-04  2.11650000e-08  1.09975272e-06  2.11650000e-08  2.44999412e-05  2.11650000e-08  3.48077436e-06  2.11650000e-08  4.57399583e-05  2.11650000e-08  4.03069663e-05 
 2.11750000e-08  3.35639115e+00  2.11750000e-08  2.60761032e-04  2.11750000e-08  4.01384282e-08  2.11750000e-08  3.08006913e-05  2.11750000e-08  1.22470023e-07  2.11750000e-08  5.81052090e-05  2.11750000e-08  3.89206079e-05 
 2.11850000e-08  3.34974467e+00  2.11850000e-08  2.86536266e-04  2.11850000e-08  1.37897500e-06  2.11850000e-08  3.72041521e-05  2.11850000e-08  4.05020183e-06  2.11850000e-08  7.17709556e-05  2.11850000e-08  3.68165348e-05 
 2.11950000e-08  3.34159519e+00  2.11950000e-08  3.08686166e-04  2.11950000e-08  2.91949896e-06  2.11950000e-08  4.35925048e-05  2.11950000e-08  8.23918133e-06  2.11950000e-08  8.64719466e-05  2.11950000e-08  3.39377877e-05 
 2.12050000e-08  3.33211920e+00  2.12050000e-08  3.27771142e-04  2.12050000e-08  4.65207602e-06  2.12050000e-08  4.98856345e-05  2.12050000e-08  1.25924639e-05  2.12050000e-08  1.02012301e-04  2.12050000e-08  3.03557616e-05 
 2.12150000e-08  3.32148578e+00  2.12150000e-08  3.44281275e-04  2.12150000e-08  6.57261106e-06  2.12150000e-08  5.60262826e-05  2.12150000e-08  1.70352596e-05  2.12150000e-08  1.18251606e-04  2.12150000e-08  2.61478360e-05 
 2.12250000e-08  3.30984830e+00  2.12250000e-08  3.58601216e-04  2.12250000e-08  8.68048154e-06  2.12250000e-08  6.19624446e-05  2.12250000e-08  2.15073657e-05  2.12250000e-08  1.35095031e-04  2.12250000e-08  2.13881689e-05 
 2.12350000e-08  3.29745780e+00  2.12350000e-08  3.71031203e-04  2.12350000e-08  1.09345765e-05  2.12350000e-08  6.76442384e-05  2.12350000e-08  2.58594589e-05  2.12350000e-08  1.52484036e-04  2.12350000e-08  1.61550219e-05 
 2.12450000e-08  3.28474218e+00  2.12450000e-08  3.81810305e-04  2.12450000e-08  1.32319110e-05  2.12450000e-08  7.30246903e-05  2.12450000e-08  2.98310633e-05  2.12450000e-08  1.70391655e-04  2.12450000e-08  1.05610423e-05 
 2.12550000e-08  3.27126067e+00  2.12550000e-08  3.91022360e-04  2.12550000e-08  1.58165279e-05  2.12550000e-08  7.80032839e-05  2.12550000e-08  3.39470215e-05  2.12550000e-08  1.88735576e-04  2.12550000e-08  4.67333136e-06 
 2.12650000e-08  3.25730596e+00  2.12650000e-08  3.98852065e-04  2.12650000e-08  1.87084629e-05  2.12650000e-08  8.25461861e-05  2.12650000e-08  3.81887893e-05  2.12650000e-08  2.07443376e-04  2.12650000e-08  1.29710107e-06 
 2.12750000e-08  3.24324882e+00  2.12750000e-08  4.05492763e-04  2.12750000e-08  2.20619395e-05  2.12750000e-08  8.66515042e-05  2.12750000e-08  4.28149099e-05  2.12750000e-08  2.26428467e-04  2.12750000e-08  6.83407626e-06 
 2.12850000e-08  3.22917870e+00  2.12850000e-08  4.10983706e-04  2.12850000e-08  2.52788025e-05  2.12850000e-08  9.02467851e-05  2.12850000e-08  4.65943162e-05  2.12850000e-08  2.45443858e-04  2.12850000e-08  1.27900021e-05 
 2.12950000e-08  3.21495129e+00  2.12950000e-08  4.15454521e-04  2.12950000e-08  2.85506040e-05  2.12950000e-08  9.33310987e-05  2.12950000e-08  4.99468501e-05  2.12950000e-08  2.64175049e-04  2.12950000e-08  1.89591165e-05 
 2.13050000e-08  3.20057125e+00  2.13050000e-08  4.19017363e-04  2.13050000e-08  3.19261705e-05  2.13050000e-08  9.59115282e-05  2.13050000e-08  5.29883034e-05  2.13050000e-08  2.82222034e-04  2.13050000e-08  2.52562765e-05 
 2.13150000e-08  3.18608881e+00  2.13150000e-08  4.21783256e-04  2.13150000e-08  3.54105705e-05  2.13150000e-08  9.80116690e-05  2.13150000e-08  5.57521076e-05  2.13150000e-08  2.99120825e-04  2.13150000e-08  3.16295321e-05 
 2.13250000e-08  3.17158242e+00  2.13250000e-08  4.23882904e-04  2.13250000e-08  3.89952463e-05  2.13250000e-08  9.96847632e-05  2.13250000e-08  5.82482218e-05  2.13250000e-08  3.14412925e-04  2.13250000e-08  3.80268312e-05 
 2.13350000e-08  3.15714264e+00  2.13350000e-08  4.25463348e-04  2.13350000e-08  4.26737419e-05  2.13350000e-08  1.01010138e-04  2.13350000e-08  6.04856498e-05  2.13350000e-08  3.27748791e-04  2.13350000e-08  4.43866071e-05 
 2.13450000e-08  3.14285296e+00  2.13450000e-08  4.26667014e-04  2.13450000e-08  4.64489424e-05  2.13450000e-08  1.02075450e-04  2.13450000e-08  6.24793517e-05  2.13450000e-08  3.38983494e-04  2.13450000e-08  5.06428782e-05 
 2.13550000e-08  3.12878286e+00  2.13550000e-08  4.27614719e-04  2.13550000e-08  5.03310329e-05  2.13550000e-08  1.02960677e-04  2.13550000e-08  6.42454086e-05  2.13550000e-08  3.48204139e-04  2.13550000e-08  5.67333929e-05 
 2.13650000e-08  3.11496572e+00  2.13650000e-08  4.28396850e-04  2.13650000e-08  5.43447542e-05  2.13650000e-08  1.03728436e-04  2.13650000e-08  6.58091781e-05  2.13650000e-08  3.55665971e-04  2.13650000e-08  6.26060341e-05 
 2.13750000e-08  3.10141070e+00  2.13750000e-08  4.29071818e-04  2.13750000e-08  5.85193986e-05  2.13750000e-08  1.04420381e-04  2.13750000e-08  6.71922654e-05  2.13750000e-08  3.61692849e-04  2.13750000e-08  6.82231135e-05 
 2.13850000e-08  3.08809760e+00  2.13850000e-08  4.29668033e-04  2.13850000e-08  6.28891645e-05  2.13850000e-08  1.05056978e-04  2.13850000e-08  6.84154594e-05  2.13850000e-08  3.66592268e-04  2.13850000e-08  7.35633477e-05 
 2.13950000e-08  3.07498013e+00  2.13950000e-08  4.30184588e-04  2.13950000e-08  6.74876899e-05  2.13950000e-08  1.05636749e-04  2.13950000e-08  6.94967908e-05  2.13950000e-08  3.70616561e-04  2.13950000e-08  7.86243638e-05 
 2.14050000e-08  3.06199607e+00  2.14050000e-08  4.30604866e-04  2.14050000e-08  7.23435425e-05  2.14050000e-08  1.06145811e-04  2.14050000e-08  7.04502090e-05  2.14050000e-08  3.73958133e-04  2.14050000e-08  8.34195588e-05 
 2.14150000e-08  3.04908783e+00  2.14150000e-08  4.30921554e-04  2.14150000e-08  7.74785996e-05  2.14150000e-08  1.06577064e-04  2.14150000e-08  7.12826962e-05  2.14150000e-08  3.76761810e-04  2.14150000e-08  8.79662757e-05 
 2.14250000e-08  3.03621176e+00  2.14250000e-08  4.31146044e-04  2.14250000e-08  8.29127624e-05  2.14250000e-08  1.06938029e-04  2.14250000e-08  7.19955281e-05  2.14250000e-08  3.79139517e-04  2.14250000e-08  9.22752021e-05 
 2.14350000e-08  3.02333047e+00  2.14350000e-08  4.31298492e-04  2.14350000e-08  8.86703606e-05  2.14350000e-08  1.07243545e-04  2.14350000e-08  7.25885176e-05  2.14350000e-08  3.81178452e-04  2.14350000e-08  9.63488529e-05 
 2.14450000e-08  3.01040432e+00  2.14450000e-08  4.31397653e-04  2.14450000e-08  9.47829170e-05  2.14450000e-08  1.07507881e-04  2.14450000e-08  7.30616271e-05  2.14450000e-08  3.82946248e-04  2.14450000e-08  1.00184380e-04 
 2.14550000e-08  2.99738519e+00  2.14550000e-08  4.31455235e-04  2.14550000e-08  1.01289253e-04  2.14550000e-08  1.07740155e-04  2.14550000e-08  7.34151173e-05  2.14550000e-08  3.84494957e-04  2.14550000e-08  1.03777290e-04 
 2.14650000e-08  2.98421604e+00  2.14650000e-08  4.31477152e-04  2.14650000e-08  1.08233772e-04  2.14650000e-08  1.07945125e-04  2.14650000e-08  7.36480383e-05  2.14650000e-08  3.85863891e-04  2.14650000e-08  1.07123187e-04 
 2.14750000e-08  2.97083105e+00  2.14750000e-08  4.31465779e-04  2.14750000e-08  1.15665904e-04  2.14750000e-08  1.08124875e-04  2.14750000e-08  7.37574182e-05  2.14750000e-08  3.87083057e-04  2.14750000e-08  1.10217818e-04 
 2.14850000e-08  2.95715470e+00  2.14850000e-08  4.31421845e-04  2.14850000e-08  1.23640504e-04  2.14850000e-08  1.08280264e-04  2.14850000e-08  7.37379483e-05  2.14850000e-08  3.88175488e-04  2.14850000e-08  1.13056630e-04 
 2.14950000e-08  2.94310230e+00  2.14950000e-08  4.31348312e-04  2.14950000e-08  1.32219262e-04  2.14950000e-08  1.08414046e-04  2.14950000e-08  7.35806175e-05  2.14950000e-08  3.89159452e-04  2.14950000e-08  1.15632567e-04 
 2.15050000e-08  2.92858237e+00  2.15050000e-08  4.31258136e-04  2.15050000e-08  1.41475334e-04  2.15050000e-08  1.08537221e-04  2.15050000e-08  7.32689648e-05  2.15050000e-08  3.90050930e-04  2.15050000e-08  1.17930202e-04 
 2.15150000e-08  2.91348553e+00  2.15150000e-08  4.31170221e-04  2.15150000e-08  1.51501546e-04  2.15150000e-08  1.08666028e-04  2.15150000e-08  7.27780470e-05  2.15150000e-08  3.90864810e-04  2.15150000e-08  1.19923536e-04 
 2.15250000e-08  2.89765485e+00  2.15250000e-08  4.31087315e-04  2.15250000e-08  1.62412857e-04  2.15250000e-08  1.08804218e-04  2.15250000e-08  7.20802468e-05  2.15250000e-08  3.91613104e-04  2.15250000e-08  1.21585671e-04 
 2.15350000e-08  2.88087112e+00  2.15350000e-08  4.30990427e-04  2.15350000e-08  1.74334390e-04  2.15350000e-08  1.08938242e-04  2.15350000e-08  7.11471426e-05  2.15350000e-08  3.92303112e-04  2.15350000e-08  1.22897304e-04 
 2.15450000e-08  2.86285353e+00  2.15450000e-08  4.30845288e-04  2.15450000e-08  1.87374102e-04  2.15450000e-08  1.09042098e-04  2.15450000e-08  6.99493144e-05  2.15450000e-08  3.92936903e-04  2.15450000e-08  1.23848785e-04 
 2.15550000e-08  2.84333834e+00  2.15550000e-08  4.30705113e-04  2.15550000e-08  2.01591787e-04  2.15550000e-08  1.09161126e-04  2.15550000e-08  6.84032149e-05  2.15550000e-08  3.93522219e-04  2.15550000e-08  1.24380735e-04 
 2.15650000e-08  2.82195947e+00  2.15650000e-08  4.30588927e-04  2.15650000e-08  2.16878048e-04  2.15650000e-08  1.09314480e-04  2.15650000e-08  6.64137077e-05  2.15650000e-08  3.94067611e-04  2.15650000e-08  1.24412997e-04 
 2.15750000e-08  2.79823484e+00  2.15750000e-08  4.30387177e-04  2.15750000e-08  2.32469542e-04  2.15750000e-08  1.09416432e-04  2.15750000e-08  6.39559455e-05  2.15750000e-08  3.94568773e-04  2.15750000e-08  1.23907652e-04 
 2.15850000e-08  2.77184360e+00  2.15850000e-08  4.30007026e-04  2.15850000e-08  2.46136020e-04  2.15850000e-08  1.09392128e-04  2.15850000e-08  6.10930601e-05  2.15850000e-08  3.95014560e-04  2.15850000e-08  1.22842826e-04 
 2.15950000e-08  2.74288298e+00  2.15950000e-08  4.29618367e-04  2.15950000e-08  2.54532015e-04  2.15950000e-08  1.09380681e-04  2.15950000e-08  5.78861706e-05  2.15950000e-08  3.95415703e-04  2.15950000e-08  1.21097874e-04 
 2.16050000e-08  2.71155127e+00  2.16050000e-08  4.29333955e-04  2.16050000e-08  2.56565068e-04  2.16050000e-08  1.09476672e-04  2.16050000e-08  5.44982883e-05  2.16050000e-08  3.95793446e-04  2.16050000e-08  1.18578996e-04 
 2.16150000e-08  2.67778334e+00  2.16150000e-08  4.28532540e-04  2.16150000e-08  2.55235090e-04  2.16150000e-08  1.09167662e-04  2.16150000e-08  5.15714606e-05  2.16150000e-08  3.96106296e-04  2.16150000e-08  1.15661937e-04 
 2.16250000e-08  2.64236033e+00  2.16250000e-08  4.27421564e-04  2.16250000e-08  2.52965143e-04  2.16250000e-08  1.08615602e-04  2.16250000e-08  4.91951608e-05  2.16250000e-08  3.96341329e-04  2.16250000e-08  1.12569156e-04 
 2.16350000e-08  2.60601043e+00  2.16350000e-08  4.26372461e-04  2.16350000e-08  2.50434275e-04  2.16350000e-08  1.08120989e-04  2.16350000e-08  4.71616442e-05  2.16350000e-08  3.96526736e-04  2.16350000e-08  1.09347225e-04 
 2.16450000e-08  2.56905949e+00  2.16450000e-08  4.25579381e-04  2.16450000e-08  2.47593175e-04  2.16450000e-08  1.07843125e-04  2.16450000e-08  4.52460428e-05  2.16450000e-08  3.96700729e-04  2.16450000e-08  1.05962232e-04 
 2.16550000e-08  2.53151576e+00  2.16550000e-08  4.25069845e-04  2.16550000e-08  2.44249680e-04  2.16550000e-08  1.07809622e-04  2.16550000e-08  4.32919168e-05  2.16550000e-08  3.96896794e-04  2.16550000e-08  1.02360826e-04 
 2.16650000e-08  2.49321295e+00  2.16650000e-08  4.24772067e-04  2.16650000e-08  2.40270931e-04  2.16650000e-08  1.07970127e-04  2.16650000e-08  4.12254419e-05  2.16650000e-08  3.97137465e-04  2.16650000e-08  9.85072557e-05 
 2.16750000e-08  2.45392972e+00  2.16750000e-08  4.24581170e-04  2.16750000e-08  2.35618837e-04  2.16750000e-08  1.08247598e-04  2.16750000e-08  3.90376139e-05  2.16750000e-08  3.97433940e-04  2.16750000e-08  9.43967932e-05 
 2.16850000e-08  2.41346385e+00  2.16850000e-08  4.24402267e-04  2.16850000e-08  2.30326493e-04  2.16850000e-08  1.08571649e-04  2.16850000e-08  3.67572577e-05  2.16850000e-08  3.97787956e-04  2.16850000e-08  9.00538769e-05 
 2.16950000e-08  2.37166412e+00  2.16950000e-08  4.24172846e-04  2.16950000e-08  2.24453540e-04  2.16950000e-08  1.08896899e-04  2.16950000e-08  3.44243382e-05  2.16950000e-08  3.98195849e-04  2.16950000e-08  8.55201687e-05 
 2.17050000e-08  2.32843251e+00  2.17050000e-08  4.23862331e-04  2.17050000e-08  2.18053503e-04  2.17050000e-08  1.09203873e-04  2.17050000e-08  3.20743608e-05  2.17050000e-08  3.98652241e-04  2.17050000e-08  8.08426466e-05 
 2.17150000e-08  2.28371289e+00  2.17150000e-08  4.23457177e-04  2.17150000e-08  2.11167830e-04  2.17150000e-08  1.09488049e-04  2.17150000e-08  2.97358252e-05  2.17150000e-08  3.99145586e-04  2.17150000e-08  7.60688326e-05 
 2.17250000e-08  2.23746416e+00  2.17250000e-08  4.22948146e-04  2.17250000e-08  2.03820819e-04  2.17250000e-08  1.09750768e-04  2.17250000e-08  2.74291723e-05  2.17250000e-08  3.99670157e-04  2.17250000e-08  7.12413797e-05 
 2.17350000e-08  2.18965270e+00  2.17350000e-08  4.22326954e-04  2.17350000e-08  1.96020741e-04  2.17350000e-08  1.09997655e-04  2.17350000e-08  2.51683621e-05  2.17350000e-08  4.00221236e-04  2.17350000e-08  6.63975860e-05 
 2.17450000e-08  2.14022100e+00  2.17450000e-08  4.21578661e-04  2.17450000e-08  1.87767431e-04  2.17450000e-08  1.10234283e-04  2.17450000e-08  2.29639057e-05  2.17450000e-08  4.00790909e-04  2.17450000e-08  6.15686049e-05 
 2.17550000e-08  2.08905877e+00  2.17550000e-08  4.20670700e-04  2.17550000e-08  1.79051180e-04  2.17550000e-08  1.10459941e-04  2.17550000e-08  2.08232206e-05  2.17550000e-08  4.01364521e-04  2.17550000e-08  5.67910881e-05 
 2.17650000e-08  2.03614715e+00  2.17650000e-08  4.19552484e-04  2.17650000e-08  1.69872082e-04  2.17650000e-08  1.10670014e-04  2.17650000e-08  1.87553984e-05  2.17650000e-08  4.01945199e-04  2.17650000e-08  5.20870276e-05 
 2.17750000e-08  1.98158700e+00  2.17750000e-08  4.18158267e-04  2.17750000e-08  1.60225082e-04  2.17750000e-08  1.10865124e-04  2.17750000e-08  1.67672944e-05  2.17750000e-08  4.02544967e-04  2.17750000e-08  4.74760190e-05 
 2.17850000e-08  1.92536108e+00  2.17850000e-08  4.16379435e-04  2.17850000e-08  1.50121843e-04  2.17850000e-08  1.11046619e-04  2.17850000e-08  1.48674137e-05  2.17850000e-08  4.03142614e-04  2.17850000e-08  4.29765219e-05 
 2.17950000e-08  1.86745835e+00  2.17950000e-08  4.14005421e-04  2.17950000e-08  1.39584194e-04  2.17950000e-08  1.11197179e-04  2.17950000e-08  1.30637794e-05  2.17950000e-08  4.03733398e-04  2.17950000e-08  3.86062779e-05 
 2.18050000e-08  1.80785986e+00  2.18050000e-08  4.10647227e-04  2.18050000e-08  1.28656804e-04  2.18050000e-08  1.11290609e-04  2.18050000e-08  1.13652034e-05  2.18050000e-08  4.04308750e-04  2.18050000e-08  3.43798399e-05 
 2.18150000e-08  1.74654875e+00  2.18150000e-08  4.05490198e-04  2.18150000e-08  1.17400923e-04  2.18150000e-08  1.11273692e-04  2.18150000e-08  9.78103176e-06  2.18150000e-08  4.04858409e-04  2.18150000e-08  3.03100144e-05 
 2.18250000e-08  1.68354568e+00  2.18250000e-08  3.96602615e-04  2.18250000e-08  1.05930995e-04  2.18250000e-08  1.11023172e-04  2.18250000e-08  8.32151343e-06  2.18250000e-08  4.05368039e-04  2.18250000e-08  2.64089842e-05 
 2.18350000e-08  1.61907596e+00  2.18350000e-08  3.79068945e-04  2.18350000e-08  9.44451200e-05  2.18350000e-08  1.10213299e-04  2.18350000e-08  6.99773103e-06  2.18350000e-08  4.05815676e-04  2.18350000e-08  2.26919790e-05 
 2.18450000e-08  1.55404253e+00  2.18450000e-08  3.43724418e-04  2.18450000e-08  8.32107611e-05  2.18450000e-08  1.08026336e-04  2.18450000e-08  5.82353265e-06  2.18450000e-08  4.06164141e-04  2.18450000e-08  1.91874440e-05 
 2.18550000e-08  1.49057128e+00  2.18550000e-08  2.90839575e-04  2.18550000e-08  7.25897874e-05  2.18550000e-08  1.03476003e-04  2.18550000e-08  4.81331602e-06  2.18550000e-08  4.06355772e-04  2.18550000e-08  1.59466426e-05 
 2.18650000e-08  1.43089238e+00  2.18650000e-08  2.37041026e-04  2.18650000e-08  6.28077724e-05  2.18650000e-08  9.72562314e-05  2.18650000e-08  3.96179480e-06  2.18650000e-08  4.06324110e-04  2.18650000e-08  1.30117341e-05 
 2.18750000e-08  1.37547285e+00  2.18750000e-08  1.92319821e-04  2.18750000e-08  5.38068716e-05  2.18750000e-08  9.12742854e-05  2.18750000e-08  3.24024659e-06  2.18750000e-08  4.06025882e-04  2.18750000e-08  1.03768696e-05 
 2.18850000e-08  1.32342463e+00  2.18850000e-08  1.57942183e-04  2.18850000e-08  4.54934169e-05  2.18850000e-08  8.65830413e-05  2.18850000e-08  2.62319067e-06  2.18850000e-08  4.05468546e-04  2.18850000e-08  8.01281002e-06 
 2.18950000e-08  1.27360266e+00  2.18950000e-08  1.31924686e-04  2.18950000e-08  3.78705623e-05  2.18950000e-08  8.31668757e-05  2.18950000e-08  2.09676704e-06  2.18950000e-08  4.04694505e-04  2.18950000e-08  5.89218627e-06 
 2.19050000e-08  1.22507585e+00  2.19050000e-08  1.11863799e-04  2.19050000e-08  3.10009040e-05  2.19050000e-08  8.05940141e-05  2.19050000e-08  1.65312625e-06  2.19050000e-08  4.03744481e-04  2.19050000e-08  3.99458835e-06 
 2.19150000e-08  1.17711601e+00  2.19150000e-08  9.59095462e-05  2.19150000e-08  2.49489013e-05  2.19150000e-08  7.84539595e-05  2.19150000e-08  1.28553801e-06  2.19150000e-08  4.02641413e-04  2.19150000e-08  2.30306694e-06 
 2.19250000e-08  1.12923146e+00  2.19250000e-08  8.28807855e-05  2.19250000e-08  1.97479883e-05  2.19250000e-08  7.65022254e-05  2.19250000e-08  9.86525823e-07  2.19250000e-08  4.01386667e-04  2.19250000e-08  8.02574647e-07 
 2.19350000e-08  1.08139682e+00  2.19350000e-08  7.21985093e-05  2.19350000e-08  1.54321702e-05  2.19350000e-08  7.47640325e-05  2.19350000e-08  7.50015497e-07  2.19350000e-08  3.99972619e-04  2.19350000e-08  6.28356474e-07 
 2.19450000e-08  1.03395419e+00  2.19450000e-08  6.35220663e-05  2.19450000e-08  1.19118887e-05  2.19450000e-08  7.33635267e-05  2.19450000e-08  5.64841503e-07  2.19450000e-08  3.98419333e-04  2.19450000e-08  1.99910871e-06 
 2.19550000e-08  9.87199979e-01  2.19550000e-08  5.64449906e-05  2.19550000e-08  9.02833613e-06  2.19550000e-08  7.22739495e-05  2.19550000e-08  4.18392507e-07  2.19550000e-08  3.96784204e-04  2.19550000e-08  3.12599930e-06 
 2.19650000e-08  9.41259628e-01  2.19650000e-08  5.05780701e-05  2.19650000e-08  6.72486441e-06  2.19650000e-08  7.13907272e-05  2.19650000e-08  3.04946233e-07  2.19650000e-08  3.95132740e-04  2.19650000e-08  4.02791058e-06 
 2.19750000e-08  8.96159943e-01  2.19750000e-08  4.56543027e-05  2.19750000e-08  4.92858715e-06  2.19750000e-08  7.06641987e-05  2.19750000e-08  2.18877296e-07  2.19750000e-08  3.93514551e-04  2.19750000e-08  4.71807867e-06 
 2.19850000e-08  8.51864900e-01  2.19850000e-08  4.14811457e-05  2.19850000e-08  3.55823324e-06  2.19850000e-08  7.00716919e-05  2.19850000e-08  1.54862603e-07  2.19850000e-08  3.91951329e-04  2.19850000e-08  5.20855626e-06 
 2.19950000e-08  8.08289022e-01  2.19950000e-08  3.79070427e-05  2.19950000e-08  2.53336588e-06  2.19950000e-08  6.95905494e-05  2.19950000e-08  1.08132668e-07  2.19950000e-08  3.90426855e-04  2.19950000e-08  5.51437686e-06 
 2.20050000e-08  7.65296073e-01  2.20050000e-08  3.48023902e-05  2.20050000e-08  1.78086721e-06  2.20050000e-08  6.91788390e-05  2.20050000e-08  7.46188363e-08  2.20050000e-08  3.88884431e-04  2.20050000e-08  5.65597114e-06 
 2.20150000e-08  7.22729066e-01  2.20150000e-08  3.20654059e-05  2.20150000e-08  1.23786347e-06  2.20150000e-08  6.87941069e-05  2.20150000e-08  5.09793716e-08  2.20150000e-08  3.87229213e-04  2.20150000e-08  5.66098982e-06 
 2.20250000e-08  6.80471621e-01  2.20250000e-08  2.96305680e-05  2.20250000e-08  8.52296531e-07  2.20250000e-08  6.84234118e-05  2.20250000e-08  3.45533429e-08  2.20250000e-08  3.85323288e-04  2.20250000e-08  5.56301072e-06 
 2.20350000e-08  6.38453681e-01  2.20350000e-08  2.74494774e-05  2.20350000e-08  5.82232062e-07  2.20350000e-08  6.80580519e-05  2.20350000e-08  2.32767356e-08  2.20350000e-08  3.82958695e-04  2.20350000e-08  5.37706329e-06 
 2.20450000e-08  5.96638823e-01  2.20450000e-08  2.54726123e-05  2.20450000e-08  3.95498987e-07  2.20450000e-08  6.76595781e-05  2.20450000e-08  1.56199286e-08  2.20450000e-08  3.79821270e-04  2.20450000e-08  5.12963795e-06 
 2.20550000e-08  5.55018671e-01  2.20550000e-08  2.36568774e-05  2.20550000e-08  2.67745779e-07  2.20550000e-08  6.71781688e-05  2.20550000e-08  1.04647365e-08  2.20550000e-08  3.75392264e-04  2.20550000e-08  4.84489608e-06 
 2.20650000e-08  5.13614231e-01  2.20650000e-08  2.19591210e-05  2.20650000e-08  1.81046541e-07  2.20650000e-08  6.65360041e-05  2.20650000e-08  7.01421985e-09  2.20650000e-08  3.68793763e-04  2.20650000e-08  4.54435090e-06 
 2.20750000e-08  4.72641428e-01  2.20750000e-08  2.03658914e-05  2.20750000e-08  1.22422847e-07  2.20750000e-08  6.57122792e-05  2.20750000e-08  4.70832810e-09  2.20750000e-08  3.58673772e-04  2.20750000e-08  4.25245215e-06 
 2.20850000e-08  4.32329176e-01  2.20850000e-08  1.88249867e-05  2.20850000e-08  8.29003647e-08  2.20850000e-08  6.45436774e-05  2.20850000e-08  3.16902180e-09  2.20850000e-08  3.43377902e-04  2.20850000e-08  3.98421532e-06 
 2.20950000e-08  3.93142096e-01  2.20950000e-08  1.73225145e-05  2.20950000e-08  5.62301303e-08  2.20950000e-08  6.29551249e-05  2.20950000e-08  2.13877676e-09  2.20950000e-08  3.22308882e-04  2.20950000e-08  3.74650053e-06 
 2.21050000e-08  3.55923400e-01  2.21050000e-08  1.58935018e-05  2.21050000e-08  3.81424416e-08  2.21050000e-08  6.10342506e-05  2.21050000e-08  1.44481486e-09  2.21050000e-08  2.97306114e-04  2.21050000e-08  3.54492563e-06 
 2.21150000e-08  3.22034056e-01  2.21150000e-08  1.46585064e-05  2.21150000e-08  2.58075836e-08  2.21150000e-08  5.92270920e-05  2.21150000e-08  9.74247635e-10  2.21150000e-08  2.71585827e-04  2.21150000e-08  3.40270204e-06 
 2.21250000e-08  2.92554402e-01  2.21250000e-08  1.36474288e-05  2.21250000e-08  1.73551631e-08  2.21250000e-08  5.77170278e-05  2.21250000e-08  6.53308043e-10  2.21250000e-08  2.47723685e-04  2.21250000e-08  3.28704776e-06 
 2.21350000e-08  2.67384518e-01  2.21350000e-08  1.27384400e-05  2.21350000e-08  1.16321716e-08  2.21350000e-08  5.61049085e-05  2.21350000e-08  4.36853329e-10  2.21350000e-08  2.26787347e-04  2.21350000e-08  3.19687772e-06 
 2.21450000e-08  2.45781747e-01  2.21450000e-08  1.18727220e-05  2.21450000e-08  7.81041289e-09  2.21450000e-08  5.42269071e-05  2.21450000e-08  2.92770156e-10  2.21450000e-08  2.08665342e-04  2.21450000e-08  3.14003548e-06 
 2.21550000e-08  2.27049130e-01  2.21550000e-08  1.10630016e-05  2.21550000e-08  5.27316226e-09  2.21550000e-08  5.22145156e-05  2.21550000e-08  1.97362128e-10  2.21550000e-08  1.92889699e-04  2.21550000e-08  3.11391088e-06 
 2.21650000e-08  2.10654481e-01  2.21650000e-08  1.03193203e-05  2.21650000e-08  3.58804714e-09  2.21650000e-08  5.01816342e-05  2.21650000e-08  1.34128965e-10  2.21650000e-08  1.79042280e-04  2.21650000e-08  3.11040252e-06 
 2.21750000e-08  1.96207106e-01  2.21750000e-08  9.64465676e-06  2.21750000e-08  2.46425603e-09  2.21750000e-08  4.82012767e-05  2.21750000e-08  9.20295966e-11  2.21750000e-08  1.66803785e-04  2.21750000e-08  3.12018966e-06 
 2.21850000e-08  1.83414597e-01  2.21850000e-08  9.03695748e-06  2.21850000e-08  1.71003817e-09  2.21850000e-08  4.63137043e-05  2.21850000e-08  6.38128875e-11  2.21850000e-08  1.55934968e-04  2.21850000e-08  3.13512475e-06 
 2.21950000e-08  1.72051183e-01  2.21950000e-08  8.49211164e-06  2.21950000e-08  1.19991700e-09  2.21950000e-08  4.45410159e-05  2.21950000e-08  4.47487330e-11  2.21950000e-08  1.46251430e-04  2.21950000e-08  3.14912017e-06 
 2.22050000e-08  1.61936607e-01  2.22050000e-08  8.00514014e-06  2.22050000e-08  8.51878584e-10  2.22050000e-08  4.28939202e-05  2.22050000e-08  3.17531109e-11  2.22050000e-08  1.37606548e-04  2.22050000e-08  3.15819232e-06 
 2.22150000e-08  1.52923090e-01  2.22150000e-08  7.57096565e-06  2.22150000e-08  6.12190150e-10  2.22150000e-08  4.13765996e-05  2.22150000e-08  2.28094655e-11  2.22150000e-08  1.29880194e-04  2.22150000e-08  3.16014069e-06 
 2.22250000e-08  1.44887611e-01  2.22250000e-08  7.18486210e-06  2.22250000e-08  4.45490844e-10  2.22250000e-08  3.99899717e-05  2.22250000e-08  1.65928251e-11  2.22250000e-08  1.22971944e-04  2.22250000e-08  3.15412350e-06 
 2.22350000e-08  1.37727949e-01  2.22350000e-08  6.84281640e-06  2.22350000e-08  3.28375444e-10  2.22350000e-08  3.87344807e-05  2.22350000e-08  1.22273101e-11  2.22350000e-08  1.16797341e-04  2.22350000e-08  3.14025392e-06 
 2.22450000e-08  1.31361499e-01  2.22450000e-08  6.54186197e-06  2.22450000e-08  2.45249050e-10  2.22450000e-08  3.76127303e-05  2.22450000e-08  9.12992097e-12  2.22450000e-08  1.11286469e-04  2.22450000e-08  3.11927336e-06 
 2.22550000e-08  1.25725674e-01  2.22550000e-08  6.28031782e-06  2.22550000e-08  1.85646033e-10  2.22550000e-08  3.66315788e-05  2.22550000e-08  6.90973659e-12  2.22550000e-08  1.06384085e-04  2.22550000e-08  3.09236608e-06 
 2.22650000e-08  1.20773993e-01  2.22650000e-08  6.05737931e-06  2.22650000e-08  1.42515983e-10  2.22650000e-08  3.58003236e-05  2.22650000e-08  5.30358003e-12  2.22650000e-08  1.02047585e-04  2.22650000e-08  3.06066732e-06 
 2.22750000e-08  1.16461811e-01  2.22750000e-08  5.86988224e-06  2.22750000e-08  1.11048166e-10  2.22750000e-08  3.51124323e-05  2.22750000e-08  4.13197790e-12  2.22750000e-08  9.82430262e-05  2.22750000e-08  3.02643009e-06 
 2.22850000e-08  1.12722082e-01  2.22850000e-08  5.70922364e-06  2.22850000e-08  8.78189009e-11  2.22850000e-08  3.45284472e-05  2.22850000e-08  3.26727241e-12  2.22850000e-08  9.49314742e-05  2.22850000e-08  2.99538983e-06 
 2.22950000e-08  1.09447394e-01  2.22950000e-08  5.56334662e-06  2.22950000e-08  7.04487660e-11  2.22950000e-08  3.39860627e-05  2.22950000e-08  2.62077316e-12  2.22950000e-08  9.20452391e-05  2.22950000e-08  2.96808822e-06 
 2.23050000e-08  1.06530600e-01  2.23050000e-08  5.42601454e-06  2.23050000e-08  5.72568766e-11  2.23050000e-08  3.34555841e-05  2.23050000e-08  2.12984582e-12  2.23050000e-08  8.94977740e-05  2.23050000e-08  2.93842284e-06 
 2.23150000e-08  1.03896217e-01  2.23150000e-08  5.29552962e-06  2.23150000e-08  4.70587938e-11  2.23150000e-08  3.29331963e-05  2.23150000e-08  1.75036913e-12  2.23150000e-08  8.72182613e-05  2.23150000e-08  2.90028416e-06 
 2.23250000e-08  1.01492467e-01  2.23250000e-08  5.17204203e-06  2.23250000e-08  3.90480117e-11  2.23250000e-08  3.24250955e-05  2.23250000e-08  1.45230798e-12  2.23250000e-08  8.51533860e-05  2.23250000e-08  2.85069400e-06 
 2.23350000e-08  9.92837583e-02  2.23350000e-08  5.05473235e-06  2.23350000e-08  3.26573578e-11  2.23350000e-08  3.19307208e-05  2.23350000e-08  1.21454505e-12  2.23350000e-08  8.32689735e-05  2.23350000e-08  2.78954646e-06 
 2.23450000e-08  9.72474780e-02  2.23450000e-08  4.94270651e-06  2.23450000e-08  2.74690337e-11  2.23450000e-08  3.14486931e-05  2.23450000e-08  1.02152717e-12  2.23450000e-08  8.15437158e-05  2.23450000e-08  2.71657560e-06 
 2.23550000e-08  9.53719629e-02  2.23550000e-08  4.83507226e-06  2.23550000e-08  2.31677756e-11  2.23550000e-08  3.09775448e-05  2.23550000e-08  8.61519499e-13  2.23550000e-08  7.99667884e-05  2.23550000e-08  2.62886107e-06 
 2.23650000e-08  9.36534948e-02  2.23650000e-08  4.73158016e-06  2.23650000e-08  1.95249987e-11  2.23650000e-08  3.05196476e-05  2.23650000e-08  7.26014429e-13  2.23650000e-08  7.85328599e-05  2.23650000e-08  2.52100923e-06 
 2.23750000e-08  9.20909569e-02  2.23750000e-08  4.63303524e-06  2.23750000e-08  1.63931967e-11  2.23750000e-08  3.00834389e-05  2.23750000e-08  6.09522450e-13  2.23750000e-08  7.72358686e-05  2.23750000e-08  2.38770560e-06 
 2.23850000e-08  9.06807584e-02  2.23850000e-08  4.54096300e-06  2.23850000e-08  1.36894626e-11  2.23850000e-08  2.96810422e-05  2.23850000e-08  5.08958317e-13  2.23850000e-08  7.60656108e-05  2.23850000e-08  2.22645726e-06 
 2.23950000e-08  8.94118607e-02  2.23950000e-08  4.45642661e-06  2.23950000e-08  1.13691495e-11  2.23950000e-08  2.93207081e-05  2.23950000e-08  4.22660443e-13  2.23950000e-08  7.50070802e-05  2.23950000e-08  2.03830361e-06 
 2.24050000e-08  8.82621566e-02  2.24050000e-08  4.37909311e-06  2.24050000e-08  9.40252677e-12  2.24050000e-08  2.90008681e-05  2.24050000e-08  3.49521991e-13  2.24050000e-08  7.40399629e-05  2.24050000e-08  1.82682551e-06 
 2.24150000e-08  8.72131589e-02  2.24150000e-08  4.30722492e-06  2.24150000e-08  7.75216989e-12  2.24150000e-08  2.87108004e-05  2.24150000e-08  2.88150171e-13  2.24150000e-08  7.31520842e-05  2.24150000e-08  1.60023940e-06 
 2.24250000e-08  8.62395591e-02  2.24250000e-08  4.24098307e-06  2.24250000e-08  6.38398115e-12  2.24250000e-08  2.84516988e-05  2.24250000e-08  2.37275559e-13  2.24250000e-08  7.23186644e-05  2.24250000e-08  1.36557317e-06 
 2.24350000e-08  8.53070300e-02  2.24350000e-08  4.17906466e-06  2.24350000e-08  5.26627534e-12  2.24350000e-08  2.82142268e-05  2.24350000e-08  1.95718283e-13  2.24350000e-08  7.15117324e-05  2.24350000e-08  1.12703737e-06 
 2.24450000e-08  8.43995882e-02  2.24450000e-08  4.12038047e-06  2.24450000e-08  4.35697981e-12  2.24450000e-08  2.79914664e-05  2.24450000e-08  1.61912881e-13  2.24450000e-08  7.07204038e-05  2.24450000e-08  8.94603953e-07 
 2.24550000e-08  8.35165321e-02  2.24550000e-08  4.06095815e-06  2.24550000e-08  3.62023832e-12  2.24550000e-08  2.77561261e-05  2.24550000e-08  1.34525240e-13  2.24550000e-08  6.99564318e-05  2.24550000e-08  6.80011848e-07 
 2.24650000e-08  8.26383091e-02  2.24650000e-08  4.00529026e-06  2.24650000e-08  3.02180921e-12  2.24650000e-08  2.75399836e-05  2.24650000e-08  1.12281553e-13  2.24650000e-08  6.91862294e-05  2.24650000e-08  4.96377032e-07 
 2.24750000e-08  8.17175161e-02  2.24750000e-08  3.94476103e-06  2.24750000e-08  2.53817208e-12  2.24750000e-08  2.72845432e-05  2.24750000e-08  9.43067367e-14  2.24750000e-08  6.83948011e-05  2.24750000e-08  3.58929461e-07 
 2.24850000e-08  8.06265466e-02  2.24850000e-08  3.86467899e-06  2.24850000e-08  2.14794152e-12  2.24850000e-08  2.68901043e-05  2.24850000e-08  7.98051932e-14  2.24850000e-08  6.75098406e-05  2.24850000e-08  2.80219629e-07 
 2.24950000e-08  7.91775217e-02  2.24950000e-08  3.75057648e-06  2.24950000e-08  1.83367295e-12  2.24950000e-08  2.62570750e-05  2.24950000e-08  6.81278586e-14  2.24950000e-08  6.63988788e-05  2.24950000e-08  2.64201581e-07 
 2.25050000e-08  7.73518999e-02  2.25050000e-08  3.62346566e-06  2.25050000e-08  1.58288301e-12  2.25050000e-08  2.55271598e-05  2.25050000e-08  5.88101876e-14  2.25050000e-08  6.49684213e-05  2.25050000e-08  3.07438706e-07 
 2.25150000e-08  7.52660362e-02  2.25150000e-08  3.50241409e-06  2.25150000e-08  1.38424434e-12  2.25150000e-08  2.48281321e-05  2.25150000e-08  5.14305933e-14  2.25150000e-08  6.32663086e-05  2.25150000e-08  3.85341351e-07 
 2.25250000e-08  7.30378242e-02  2.25250000e-08  3.38835320e-06  2.25250000e-08  1.22663003e-12  2.25250000e-08  2.41633817e-05  2.25250000e-08  4.55751948e-14  2.25250000e-08  6.14074670e-05  2.25250000e-08  4.69574574e-07 
 2.25350000e-08  7.07590056e-02  2.25350000e-08  3.27866122e-06  2.25350000e-08  1.09955823e-12  2.25350000e-08  2.35138480e-05  2.25350000e-08  4.08543920e-14  2.25350000e-08  5.94921638e-05  2.25350000e-08  5.44534748e-07 
 2.25450000e-08  6.85289975e-02  2.25450000e-08  3.17126008e-06  2.25450000e-08  9.89687371e-13  2.25450000e-08  2.28686234e-05  2.25450000e-08  3.67725742e-14  2.25450000e-08  5.76244548e-05  2.25450000e-08  6.16692422e-07 
 2.25550000e-08  6.63318977e-02  2.25550000e-08  3.06508516e-06  2.25550000e-08  8.95531269e-13  2.25550000e-08  2.22194021e-05  2.25550000e-08  3.32743897e-14  2.25550000e-08  5.57918107e-05  2.25550000e-08  6.66274281e-07 
 2.25650000e-08  6.41760252e-02  2.25650000e-08  2.95885475e-06  2.25650000e-08  8.13701499e-13  2.25650000e-08  2.15584573e-05  2.25650000e-08  3.02341083e-14  2.25650000e-08  5.40059567e-05  2.25650000e-08  7.08214306e-07 
 2.25750000e-08  6.20721918e-02  2.25750000e-08  2.85204819e-06  2.25750000e-08  7.39924695e-13  2.25750000e-08  2.08844409e-05  2.25750000e-08  2.74930258e-14  2.25750000e-08  5.22782319e-05  2.25750000e-08  7.51827915e-07 
 2.25850000e-08  6.00384477e-02  2.25850000e-08  2.74483752e-06  2.25850000e-08  6.69903979e-13  2.25850000e-08  2.02017214e-05  2.25850000e-08  2.48915477e-14  2.25850000e-08  5.06246982e-05  2.25850000e-08  8.08432849e-07 
 2.25950000e-08  5.80982840e-02  2.25950000e-08  2.63796209e-06  2.25950000e-08  5.99924695e-13  2.25950000e-08  1.95191641e-05  2.25950000e-08  2.22916831e-14  2.25950000e-08  4.90650199e-05  2.25950000e-08  8.89417726e-07 
 2.26050000e-08  5.62737525e-02  2.26050000e-08  2.53364186e-06  2.26050000e-08  5.28310772e-13  2.26050000e-08  1.88557226e-05  2.26050000e-08  1.96311333e-14  2.26050000e-08  4.76123134e-05  2.26050000e-08  1.00065190e-06 
 2.26150000e-08  5.45653521e-02  2.26150000e-08  2.43391739e-06  2.26150000e-08  4.57045676e-13  2.26150000e-08  1.82263362e-05  2.26150000e-08  1.69835101e-14  2.26150000e-08  4.62592457e-05  2.26150000e-08  1.13369482e-06 
 2.26250000e-08  5.29390996e-02  2.26250000e-08  2.33736641e-06  2.26250000e-08  3.90533582e-13  2.26250000e-08  1.76171996e-05  2.26250000e-08  1.45123672e-14  2.26250000e-08  4.49770778e-05  2.26250000e-08  1.26761746e-06 
 2.26350000e-08  5.13302245e-02  2.26350000e-08  2.24167226e-06  2.26350000e-08  3.33119392e-13  2.26350000e-08  1.70056961e-05  2.26350000e-08  1.23791090e-14  2.26350000e-08  4.37092354e-05  2.26350000e-08  1.37697009e-06 
 2.26450000e-08  4.96504288e-02  2.26450000e-08  2.14523828e-06  2.26450000e-08  2.87801585e-13  2.26450000e-08  1.63734796e-05  2.26450000e-08  1.06951592e-14  2.26450000e-08  4.23726367e-05  2.26450000e-08  1.43577119e-06 
 2.26550000e-08  4.78038224e-02  2.26550000e-08  2.04678988e-06  2.26550000e-08  2.56015383e-13  2.26550000e-08  1.57046870e-05  2.26550000e-08  9.51387325e-15  2.26550000e-08  4.08754236e-05  2.26550000e-08  1.42009448e-06 
 2.26650000e-08  4.57148911e-02  2.26650000e-08  1.94560408e-06  2.26650000e-08  2.37949801e-13  2.26650000e-08  1.49894018e-05  2.26650000e-08  8.84229303e-15  2.26650000e-08  3.91441610e-05  2.26650000e-08  1.31378152e-06 
 2.26750000e-08  4.33489564e-02  2.26750000e-08  1.84149690e-06  2.26750000e-08  2.33361099e-13  2.26750000e-08  1.42247981e-05  2.26750000e-08  8.67135563e-15  2.26750000e-08  3.71444565e-05  2.26750000e-08  1.11338528e-06 
 2.26850000e-08  4.07257770e-02  2.26850000e-08  1.73469901e-06  2.26850000e-08  2.42189161e-13  2.26850000e-08  1.34146990e-05  2.26850000e-08  8.99879654e-15  2.26850000e-08  3.48950697e-05  2.26850000e-08  8.32907184e-07 
 2.26950000e-08  3.78825808e-02  2.26950000e-08  1.62605163e-06  2.26950000e-08  2.65981430e-13  2.26950000e-08  1.25691239e-05  2.26950000e-08  9.88203097e-15  2.26950000e-08  3.24299586e-05  2.26950000e-08  4.88845466e-07 
 2.27050000e-08  3.48545409e-02  2.27050000e-08  1.51635397e-06  2.27050000e-08  3.09022333e-13  2.27050000e-08  1.16980727e-05  2.27050000e-08  1.14800909e-14  2.27050000e-08  2.97811813e-05  2.27050000e-08  9.40456054e-08 
 2.27150000e-08  3.17002033e-02  2.27150000e-08  1.40645097e-06  2.27150000e-08  3.79827582e-13  2.27150000e-08  1.08128894e-05  2.27150000e-08  1.41093418e-14  2.27150000e-08  2.70041806e-05  2.27150000e-08  2.67530453e-07 
 2.27250000e-08  2.84786620e-02  2.27250000e-08  1.29763966e-06  2.27250000e-08  4.90112426e-13  2.27250000e-08  9.92845310e-06  2.27250000e-08  1.82046135e-14  2.27250000e-08  2.41531959e-05  2.27250000e-08  6.30920856e-07 
 2.27350000e-08  2.52544228e-02  2.27350000e-08  1.19140317e-06  2.27350000e-08  6.58673720e-13  2.27350000e-08  9.06091666e-06  2.27350000e-08  2.44636952e-14  2.27350000e-08  2.12873426e-05  2.27350000e-08  9.99845624e-07 
 2.27450000e-08  2.20999106e-02  2.27450000e-08  1.08836468e-06  2.27450000e-08  9.14550527e-13  2.27450000e-08  8.21923029e-06  2.27450000e-08  3.39647103e-14  2.27450000e-08  1.84772461e-05  2.27450000e-08  1.35659093e-06 
 2.27550000e-08  1.91513711e-02  2.27550000e-08  9.89431276e-07  2.27550000e-08  1.29055080e-12  2.27550000e-08  7.41498890e-06  2.27550000e-08  4.79257765e-14  2.27550000e-08  1.58577016e-05  2.27550000e-08  1.67435078e-06 
 2.27650000e-08  1.64164938e-02  2.27650000e-08  8.98163180e-07  2.27650000e-08  1.85014075e-12  2.27650000e-08  6.67535047e-06  2.27650000e-08  6.87034499e-14  2.27650000e-08  1.34221156e-05  2.27650000e-08  1.95152889e-06 
 2.27750000e-08  1.39191676e-02  2.27750000e-08  8.15557327e-07  2.27750000e-08  2.68933227e-12  2.27750000e-08  6.00766852e-06  2.27750000e-08  9.98629110e-14  2.27750000e-08  1.11915004e-05  2.27750000e-08  2.18857919e-06 
 2.27850000e-08  1.16837078e-02  2.27850000e-08  7.46654038e-07  2.27850000e-08  3.96226644e-12  2.27850000e-08  5.44792193e-06  2.27850000e-08  1.47128151e-13  2.27850000e-08  9.17187934e-06  2.27850000e-08  2.39023250e-06 
 2.27950000e-08  9.71021421e-03  2.27950000e-08  6.93274374e-07  2.27950000e-08  5.93423428e-12  2.27950000e-08  5.00682661e-06  2.27950000e-08  2.20351545e-13  2.27950000e-08  7.35791550e-06  2.27950000e-08  2.55967874e-06 
 2.28050000e-08  8.00735857e-03  2.28050000e-08  6.48545755e-07  2.28050000e-08  8.99347956e-12  2.28050000e-08  4.63331183e-06  2.28050000e-08  3.33954655e-13  2.28050000e-08  5.78720968e-06  2.28050000e-08  2.68557093e-06 
 2.28150000e-08  6.54754292e-03  2.28150000e-08  6.04185887e-07  2.28150000e-08  1.36646164e-11  2.28150000e-08  4.26861807e-06  2.28150000e-08  5.07427838e-13  2.28150000e-08  4.46410241e-06  2.28150000e-08  2.77735242e-06 
 2.28250000e-08  5.29276064e-03  2.28250000e-08  5.60989938e-07  2.28250000e-08  2.07357819e-11  2.28250000e-08  3.91906790e-06  2.28250000e-08  7.70061227e-13  2.28250000e-08  3.34600669e-06  2.28250000e-08  2.82393385e-06 
 2.28350000e-08  4.20352652e-03  2.28350000e-08  5.19066953e-07  2.28350000e-08  3.13600908e-11  2.28350000e-08  3.58549286e-06  2.28350000e-08  1.16472082e-12  2.28350000e-08  2.39163560e-06  2.28350000e-08  2.82937930e-06 
 2.28450000e-08  3.24227415e-03  2.28450000e-08  4.78043861e-07  2.28450000e-08  4.72234672e-11  2.28450000e-08  3.26512663e-06  2.28450000e-08  1.75409985e-12  2.28450000e-08  1.56357203e-06  2.28450000e-08  2.80285373e-06 
 2.28550000e-08  2.37485478e-03  2.28550000e-08  4.37872702e-07  2.28550000e-08  7.08164263e-11  2.28550000e-08  2.95734190e-06  2.28550000e-08  2.63084575e-12  2.28550000e-08  8.26685336e-07  2.28550000e-08  2.75476484e-06 
 2.28650000e-08  1.57025560e-03  2.28650000e-08  3.98180296e-07  2.28650000e-08  1.05857966e-10  2.28650000e-08  2.65927795e-06  2.28650000e-08  3.93336547e-12  2.28650000e-08  1.50298019e-07  2.28650000e-08  2.69466936e-06 
 2.28750000e-08  7.87047402e-04  2.28750000e-08  3.65109375e-07  2.28750000e-08  1.58000756e-10  2.28750000e-08  2.41121790e-06  2.28750000e-08  5.87213537e-12  2.28750000e-08  5.31080085e-07  2.28750000e-08  2.63084795e-06 
 2.28850000e-08  3.27123610e-06  2.28850000e-08  3.23791201e-07  2.28850000e-08  2.35934592e-10  2.28850000e-08  2.11439637e-06  2.28850000e-08  8.77091550e-12  2.28850000e-08  1.18427797e-06  2.28850000e-08  2.56964804e-06 
 2.28950000e-08 -8.06904287e-04  2.28950000e-08  2.79063390e-07  2.28950000e-08  3.53394520e-10  2.28950000e-08  1.80170126e-06  2.28950000e-08  1.31418036e-11  2.28950000e-08  1.85453701e-06  2.28950000e-08  2.51655277e-06 
 2.29050000e-08 -1.64377055e-03  2.29050000e-08  2.35810760e-07  2.29050000e-08  5.32554347e-10  2.29050000e-08  1.50490480e-06  2.29050000e-08  1.98122520e-11  2.29050000e-08  2.55987441e-06  2.29050000e-08  2.47596257e-06 
 2.29150000e-08 -2.53588177e-03  2.29150000e-08  1.89359221e-07  2.29150000e-08  8.10412808e-10  2.29150000e-08  1.19416192e-06  2.29150000e-08  3.01643985e-11  2.29150000e-08  3.31301317e-06  2.29150000e-08  2.45231440e-06 
 2.29250000e-08 -3.50800329e-03  2.29250000e-08  1.39920963e-07  2.29250000e-08  1.25094065e-09  2.29250000e-08  8.71569885e-07  2.29250000e-08  4.65911362e-11  2.29250000e-08  4.14049646e-06  2.29250000e-08  2.45031849e-06 
 2.29350000e-08 -4.59127552e-03  2.29350000e-08  8.58255489e-08  2.29350000e-08  1.96961601e-09  2.29350000e-08  5.27741779e-07  2.29350000e-08  7.34193513e-11  2.29350000e-08  5.06879468e-06  2.29350000e-08  2.47570909e-06 
 2.29450000e-08 -5.82419355e-03  2.29450000e-08  2.54799344e-08  2.29450000e-08  3.18582076e-09  2.29450000e-08  1.54540554e-07  2.29450000e-08  1.18887254e-10  2.29450000e-08  6.13236109e-06  2.29450000e-08  2.53616300e-06 
 2.29550000e-08 -7.26250763e-03  2.29550000e-08  4.33586579e-08  2.29550000e-08  5.34146772e-09  2.29550000e-08  2.59084654e-07  2.29550000e-08  1.99638792e-10  2.29550000e-08  7.38130131e-06  2.29550000e-08  2.64244186e-06 
 2.29650000e-08 -8.96578605e-03  2.29650000e-08  1.24810226e-07  2.29650000e-08  9.38331673e-09  2.29650000e-08  7.33649277e-07  2.29650000e-08  3.51481207e-10  2.29650000e-08  8.86345487e-06  2.29650000e-08  2.80910972e-06 
 2.29750000e-08 -1.09888904e-02  2.29750000e-08  2.23325484e-07  2.29750000e-08  1.74500097e-08  2.29750000e-08  1.28907946e-06  2.29750000e-08  6.55801186e-10  2.29750000e-08  1.06211285e-05  2.29750000e-08  3.05365704e-06 
 2.29850000e-08 -1.33553230e-02  2.29850000e-08  3.43780713e-07  2.29850000e-08  3.45177830e-08  2.29850000e-08  1.94468182e-06  2.29850000e-08  1.30379430e-09  2.29850000e-08  1.26637256e-05  2.29850000e-08  3.39316640e-06 
 2.29950000e-08 -1.60249383e-02  2.29950000e-08  4.89919144e-07  2.29950000e-08  7.22083435e-08  2.29950000e-08  2.71038861e-06  2.29950000e-08  2.74877427e-09  2.29950000e-08  1.49403777e-05  2.29950000e-08  3.84225456e-06 
 2.30050000e-08 -1.89094603e-02  2.30050000e-08  6.62211720e-07  2.30050000e-08  1.57301747e-07  2.30050000e-08  3.57638489e-06  2.30050000e-08  6.06000504e-09  2.30050000e-08  1.73629895e-05  2.30050000e-08  4.41512882e-06 
 2.30150000e-08 -2.19149058e-02  2.30150000e-08  8.58678137e-07  2.30150000e-08  3.49821731e-07  2.30150000e-08  4.52005142e-06  2.30150000e-08  1.37191495e-08  2.30150000e-08  1.98463774e-05  2.30150000e-08  5.12686019e-06 
 2.30250000e-08 -2.49639572e-02  2.30250000e-08  1.07611261e-06  2.30250000e-08  7.78388332e-07  2.30250000e-08  5.51422220e-06  2.30250000e-08  3.13123716e-08  2.30250000e-08  2.23263468e-05  2.30250000e-08  5.99025735e-06 
 2.30350000e-08 -2.79929048e-02  2.30350000e-08  1.31003683e-06  2.30350000e-08  1.70270475e-06  2.30350000e-08  6.52792130e-06  2.30350000e-08  7.08596489e-08  2.30350000e-08  2.47559209e-05  2.30350000e-08  7.01051600e-06 
 2.30450000e-08 -3.09408708e-02  2.30450000e-08  1.55394136e-06  2.30450000e-08  3.61508944e-06  2.30450000e-08  7.52348117e-06  2.30450000e-08  1.56880399e-07  2.30450000e-08  2.70959879e-05  2.30450000e-08  8.18257986e-06 
 2.30550000e-08 -3.37386597e-02  2.30550000e-08  1.79850880e-06  2.30550000e-08  7.38862407e-06  2.30550000e-08  8.45402812e-06  2.30550000e-08  3.36659787e-07  2.30550000e-08  2.93056535e-05  2.30550000e-08  9.49505783e-06 
 2.30650000e-08 -3.62958758e-02  2.30650000e-08  2.03033243e-06  2.30650000e-08  1.44052485e-05  2.30650000e-08  9.25921656e-06  2.30650000e-08  6.95357024e-07  2.30650000e-08  3.13321783e-05  2.30650000e-08  1.09416274e-05 
 2.30750000e-08 -3.84848264e-02  2.30750000e-08  2.22975304e-06  2.30750000e-08  2.63734681e-05  2.30750000e-08  9.85810048e-06  2.30750000e-08  1.37011625e-06  2.30750000e-08  3.30997094e-05  2.30750000e-08  1.25375923e-05 
 2.30850000e-08 -4.01267318e-02  2.30850000e-08  2.36897936e-06  2.30850000e-08  4.45152263e-05  2.30850000e-08  1.01450527e-05  2.30850000e-08  2.54416336e-06  2.30850000e-08  3.44988203e-05  2.30850000e-08  1.43356569e-05 
 2.30950000e-08 -4.09942996e-02  2.30950000e-08  2.41314121e-06  2.30950000e-08  6.85511147e-05  2.30950000e-08  9.99962285e-06  2.30950000e-08  4.40242121e-06  2.30950000e-08  3.53839578e-05  2.30950000e-08  1.64319680e-05 
 2.31050000e-08 -4.08408606e-02  2.31050000e-08  2.32556419e-06  2.31050000e-08  9.65625200e-05  2.31050000e-08  9.31300572e-06  2.31050000e-08  7.06443212e-06  2.31050000e-08  3.55863600e-05  2.31050000e-08  1.89552326e-05 
 2.31150000e-08 -3.94466590e-02  2.31150000e-08  2.07458214e-06  2.31150000e-08  1.25951649e-04  2.31150000e-08  8.01678673e-06  2.31150000e-08  1.05413808e-05  2.31150000e-08  3.49408847e-05  2.31150000e-08  2.20411564e-05 
 2.31250000e-08 -3.66615242e-02  2.31250000e-08  1.63789010e-06  2.31250000e-08  1.54550670e-04  2.31250000e-08  6.09699242e-06  2.31250000e-08  1.47446888e-05  2.31250000e-08  3.33167293e-05  2.31250000e-08  2.58051993e-05 
 2.31350000e-08 -3.24213679e-02  2.31350000e-08  1.00220977e-06  2.31350000e-08  1.80999346e-04  2.31350000e-08  3.58699091e-06  2.31350000e-08  1.95285087e-05  2.31350000e-08  3.06350515e-05  2.31350000e-08  3.03245247e-05 
 2.31450000e-08 -2.67471172e-02  2.31450000e-08  1.60833568e-07  2.31450000e-08  2.04915931e-04  2.31450000e-08  5.52346399e-07  2.31450000e-08  2.47414050e-05  2.31450000e-08  2.68756427e-05  2.31450000e-08  3.56312930e-05 
 2.31550000e-08 -1.97826013e-02  2.31550000e-08  8.94240937e-07  2.31550000e-08  2.26272182e-04  2.31550000e-08  2.93783397e-06  2.31550000e-08  3.02316815e-05  2.31550000e-08  2.21366133e-05  2.31550000e-08  4.17364575e-05 
 2.31650000e-08 -1.15927379e-02  2.31650000e-08  2.15034831e-06  2.31650000e-08  2.45315000e-04  2.31650000e-08  6.74240600e-06  2.31650000e-08  3.58878929e-05  2.31650000e-08  1.63922132e-05  2.31650000e-08  4.86124906e-05 
 2.31750000e-08 -2.28471103e-03  2.31750000e-08  3.62438674e-06  2.31750000e-08  2.62356441e-04  2.31750000e-08  1.08233612e-05  2.31750000e-08  4.16296800e-05  2.31750000e-08  9.71715889e-06  2.31750000e-08  5.62219945e-05 
 2.31850000e-08  7.82658447e-03  2.31850000e-08  5.26133310e-06  2.31850000e-08  2.77706556e-04  2.31850000e-08  1.49352884e-05  2.31850000e-08  4.74054414e-05  2.31850000e-08  2.25756363e-06  2.31850000e-08  6.45267249e-05 
 2.31950000e-08  1.86662322e-02  2.31950000e-08  7.32245144e-06  2.31950000e-08  2.91600880e-04  2.31950000e-08  1.97247513e-05  2.31950000e-08  5.31688846e-05  2.31950000e-08  5.41999053e-06  2.31950000e-08  7.34821421e-05 
 2.32050000e-08  3.01874180e-02  2.32050000e-08  9.52803543e-06  2.32050000e-08  3.04208239e-04  2.32050000e-08  2.43077175e-05  2.32050000e-08  5.88727133e-05  2.32050000e-08  1.37608154e-05  2.32050000e-08  8.30410106e-05 
 2.32150000e-08  4.24802878e-02  2.32150000e-08  1.19638415e-05  2.32150000e-08  3.15653207e-04  2.32150000e-08  2.88465739e-05  2.32150000e-08  6.44703013e-05  2.32150000e-08  2.27089915e-05  2.32150000e-08  9.31562921e-05 
 2.32250000e-08  5.53995253e-02  2.32250000e-08  1.46596236e-05  2.32250000e-08  3.26034233e-04  2.32250000e-08  3.33417311e-05  2.32250000e-08  6.99178855e-05  2.32250000e-08  3.20848858e-05  2.32250000e-08  1.03792830e-04 
 2.32350000e-08  6.89012561e-02  2.32350000e-08  1.76521402e-05  2.32350000e-08  3.35390627e-04  2.32350000e-08  3.78026265e-05  2.32350000e-08  7.51527144e-05  2.32350000e-08  4.18065325e-05  2.32350000e-08  1.14896859e-04 
 2.32450000e-08  8.29420784e-02  2.32450000e-08  2.09497247e-05  2.32450000e-08  3.43698544e-04  2.32450000e-08  4.21792588e-05  2.32450000e-08  8.00817945e-05  2.32450000e-08  5.18397883e-05  2.32450000e-08  1.26395865e-04 
 2.32550000e-08  9.74757162e-02  2.32550000e-08  2.45510705e-05  2.32550000e-08  3.50893674e-04  2.32550000e-08  4.64216620e-05  2.32550000e-08  8.45877649e-05  2.32550000e-08  6.21548280e-05  2.32550000e-08  1.38187603e-04 
 2.32650000e-08  1.12406962e-01  2.32650000e-08  2.84377861e-05  2.32650000e-08  3.56956872e-04  2.32650000e-08  5.04690295e-05  2.32650000e-08  8.85802309e-05  2.32650000e-08  7.26900487e-05  2.32650000e-08  1.50157485e-04 
 2.32750000e-08  1.27572920e-01  2.32750000e-08  3.25860001e-05  2.32750000e-08  3.61986559e-04  2.32750000e-08  5.42650931e-05  2.32750000e-08  9.20510159e-05  2.32750000e-08  8.33201426e-05  2.32750000e-08  1.62216488e-04 
 2.32850000e-08  1.42786716e-01  2.32850000e-08  3.69837859e-05  2.32850000e-08  3.66167483e-04  2.32850000e-08  5.77767711e-05  2.32850000e-08  9.50655219e-05  2.32850000e-08  9.38812653e-05  2.32850000e-08  1.74320132e-04 
 2.32950000e-08  1.57897918e-01  2.32950000e-08  4.16386364e-05  2.32950000e-08  3.69684909e-04  2.32950000e-08  6.09975804e-05  2.32950000e-08  9.77089055e-05  2.32950000e-08  1.04224488e-04  2.32950000e-08  1.86457837e-04 
 2.33050000e-08  1.72813304e-01  2.33050000e-08  4.65735726e-05  2.33050000e-08  3.72676901e-04  2.33050000e-08  6.39363790e-05  2.33050000e-08  1.00049232e-04  2.33050000e-08  1.14242707e-04  2.33050000e-08  1.98634095e-04 
 2.33150000e-08  1.87485963e-01  2.33150000e-08  5.18203065e-05  2.33150000e-08  3.75232012e-04  2.33150000e-08  6.66050175e-05  2.33150000e-08  1.02129847e-04  2.33150000e-08  1.23868402e-04  2.33150000e-08  2.10850901e-04 
 2.33250000e-08  2.01900088e-01  2.33250000e-08  5.74160850e-05  2.33250000e-08  3.77400388e-04  2.33250000e-08  6.90141840e-05  2.33250000e-08  1.03972659e-04  2.33250000e-08  1.33061495e-04  2.33250000e-08  2.23090602e-04 
 2.33350000e-08  2.16055512e-01  2.33350000e-08  6.34020009e-05  2.33350000e-08  3.79211548e-04  2.33350000e-08  7.11713635e-05  2.33350000e-08  1.05588068e-04  2.33350000e-08  1.41795559e-04  2.33350000e-08  2.35298868e-04 
 2.33450000e-08  2.29960239e-01  2.33450000e-08  6.98236174e-05  2.33450000e-08  3.80686718e-04  2.33450000e-08  7.30818438e-05  2.33450000e-08  1.06982551e-04  2.33450000e-08  1.50049211e-04  2.33450000e-08  2.47365898e-04 
 2.33550000e-08  2.43627472e-01  2.33550000e-08  7.67322987e-05  2.33550000e-08  3.81847222e-04  2.33550000e-08  7.47498046e-05  2.33550000e-08  1.08164266e-04  2.33550000e-08  1.57801398e-04  2.33550000e-08  2.59108866e-04 
 2.33650000e-08  2.57075792e-01  2.33650000e-08  8.41870083e-05  2.33650000e-08  3.82718432e-04  2.33650000e-08  7.61791325e-05  2.33650000e-08  1.09145827e-04  2.33650000e-08  1.65029440e-04  2.33650000e-08  2.70265117e-04 
 2.33750000e-08  2.70331809e-01  2.33750000e-08  9.22568187e-05  2.33750000e-08  3.83330744e-04  2.33750000e-08  7.73740521e-05  2.33750000e-08  1.09944997e-04  2.33750000e-08  1.71708753e-04  2.33750000e-08  2.80512629e-04 
 2.33850000e-08  2.83432680e-01  2.33850000e-08  1.01022972e-04  2.33850000e-08  3.83718049e-04  2.33850000e-08  7.83385784e-05  2.33850000e-08  1.10583504e-04  2.33850000e-08  1.77812909e-04  2.33850000e-08  2.89534772e-04 
 2.33950000e-08  2.96428735e-01  2.33950000e-08  1.10581064e-04  2.33950000e-08  3.83915910e-04  2.33950000e-08  7.90755723e-05  2.33950000e-08  1.11085555e-04  2.33950000e-08  1.83313339e-04  2.33950000e-08  2.97117549e-04 
 2.34050000e-08  3.09385994e-01  2.34050000e-08  1.21043306e-04  2.34050000e-08  3.83960051e-04  2.34050000e-08  7.95854003e-05  2.34050000e-08  1.11476546e-04  2.34050000e-08  1.88178287e-04  2.34050000e-08  3.03225727e-04 
 2.34150000e-08  3.22388936e-01  2.34150000e-08  1.32541074e-04  2.34150000e-08  3.83885290e-04  2.34150000e-08  7.98642771e-05  2.34150000e-08  1.11782129e-04  2.34150000e-08  1.92370737e-04  2.34150000e-08  3.08001527e-04 
 2.34250000e-08  3.35544040e-01  2.34250000e-08  1.45227871e-04  2.34250000e-08  3.83724962e-04  2.34250000e-08  7.99021347e-05  2.34250000e-08  1.12027701e-04  2.34250000e-08  1.95845099e-04  2.34250000e-08  3.11691300e-04 
 2.34350000e-08  3.48985049e-01  2.34350000e-08  1.59282263e-04  2.34350000e-08  3.83511318e-04  2.34350000e-08  7.96792588e-05  2.34350000e-08  1.12238731e-04  2.34350000e-08  1.98542821e-04  2.34350000e-08  3.14558941e-04 
 2.34450000e-08  3.62882099e-01  2.34450000e-08  1.74912243e-04  2.34450000e-08  3.83275618e-04  2.34450000e-08  7.91638483e-05  2.34450000e-08  1.12440924e-04  2.34450000e-08  2.00384137e-04  2.34450000e-08  3.16831623e-04 
 2.34550000e-08  3.77457373e-01  2.34550000e-08  1.92348414e-04  2.34550000e-08  3.83048191e-04  2.34550000e-08  7.83043397e-05  2.34550000e-08  1.12660482e-04  2.34550000e-08  2.01264212e-04  2.34550000e-08  3.18682847e-04 
 2.34650000e-08  3.93014767e-01  2.34650000e-08  2.11810102e-04  2.34650000e-08  3.82846000e-04  2.34650000e-08  7.70283260e-05  2.34650000e-08  1.12914508e-04  2.34650000e-08  2.01053379e-04  2.34650000e-08  3.20235624e-04 
 2.34750000e-08  4.09974418e-01  2.34750000e-08  2.33376535e-04  2.34750000e-08  3.82651864e-04  2.34750000e-08  7.52464447e-05  2.34750000e-08  1.13194419e-04  2.34750000e-08  1.99612366e-04  2.34750000e-08  3.21571890e-04 
 2.34850000e-08  4.28861581e-01  2.34850000e-08  2.56635380e-04  2.34850000e-08  3.82413927e-04  2.34850000e-08  7.28654884e-05  2.34850000e-08  1.13464672e-04  2.34850000e-08  1.96789513e-04  2.34850000e-08  3.22743436e-04 
 2.34950000e-08  4.50216731e-01  2.34950000e-08  2.79878676e-04  2.34950000e-08  3.82083124e-04  2.34950000e-08  6.98167388e-05  2.34950000e-08  1.13691574e-04  2.34950000e-08  1.92394373e-04  2.34950000e-08  3.23783668e-04 
 2.35050000e-08  4.74439386e-01  2.35050000e-08  2.99207274e-04  2.35050000e-08  3.81632321e-04  2.35050000e-08  6.61500381e-05  2.35050000e-08  1.13857648e-04  2.35050000e-08  1.86229615e-04  2.35050000e-08  3.24716435e-04 
 2.35150000e-08  5.01649242e-01  2.35150000e-08  3.10477283e-04  2.35150000e-08  3.81045786e-04  2.35150000e-08  6.21236881e-05  2.35150000e-08  1.13952263e-04  2.35150000e-08  1.78273389e-04  2.35150000e-08  3.25560694e-04 
 2.35250000e-08  5.31679844e-01  2.35250000e-08  3.13617520e-04  2.35250000e-08  3.80318917e-04  2.35250000e-08  5.80601124e-05  2.35250000e-08  1.13971300e-04  2.35250000e-08  1.68830463e-04  2.35250000e-08  3.26333028e-04 
 2.35350000e-08  5.64206494e-01  2.35350000e-08  3.11437948e-04  2.35350000e-08  3.79460557e-04  2.35350000e-08  5.41294462e-05  2.35350000e-08  1.13920190e-04  2.35350000e-08  1.58399165e-04  2.35350000e-08  3.27048694e-04 
 2.35450000e-08  5.98893470e-01  2.35450000e-08  3.06211751e-04  2.35450000e-08  3.78488301e-04  2.35450000e-08  5.03487941e-05  2.35450000e-08  1.13811612e-04  2.35450000e-08  1.47461495e-04  2.35450000e-08  3.27721815e-04 
 2.35550000e-08  6.35463144e-01  2.35550000e-08  2.99063201e-04  2.35550000e-08  3.77432790e-04  2.35550000e-08  4.66745206e-05  2.35550000e-08  1.13669975e-04  2.35550000e-08  1.36363940e-04  2.35550000e-08  3.28366009e-04 
 2.35650000e-08  6.73720429e-01  2.35650000e-08  2.90466124e-04  2.35650000e-08  3.76326241e-04  2.35650000e-08  4.30647059e-05  2.35650000e-08  1.13522638e-04  2.35650000e-08  1.25308694e-04  2.35650000e-08  3.28993886e-04 
 2.35750000e-08  7.13547639e-01  2.35750000e-08  2.80628628e-04  2.35750000e-08  3.75181377e-04  2.35750000e-08  3.95029393e-05  2.35750000e-08  1.13382584e-04  2.35750000e-08  1.14417366e-04  2.35750000e-08  3.29615424e-04 
 2.35850000e-08  7.54873963e-01  2.35850000e-08  2.69654753e-04  2.35850000e-08  3.73996226e-04  2.35850000e-08  3.59928603e-05  2.35850000e-08  1.13251843e-04  2.35850000e-08  1.03772363e-04  2.35850000e-08  3.30237397e-04 
 2.35950000e-08  7.97628775e-01  2.35950000e-08  2.57593166e-04  2.35950000e-08  3.72767901e-04  2.35950000e-08  3.25459849e-05  2.35950000e-08  1.13132211e-04  2.35950000e-08  9.34351271e-05  2.35950000e-08  3.30859556e-04 
 2.36050000e-08  8.41779846e-01  2.36050000e-08  2.44492256e-04  2.36050000e-08  3.71480143e-04  2.36050000e-08  2.91838841e-05  2.36050000e-08  1.13015723e-04  2.36050000e-08  8.34610305e-05  2.36050000e-08  3.31484754e-04 
 2.36150000e-08  8.87354679e-01  2.36150000e-08  2.30523852e-04  2.36150000e-08  3.70079813e-04  2.36150000e-08  2.59565332e-05  2.36150000e-08  1.12864523e-04  2.36150000e-08  7.39375990e-05  2.36150000e-08  3.32113483e-04 
 2.36250000e-08  9.34324254e-01  2.36250000e-08  2.15770197e-04  2.36250000e-08  3.68560739e-04  2.36250000e-08  2.28849055e-05  2.36250000e-08  1.12679758e-04  2.36250000e-08  6.49266526e-05  2.36250000e-08  3.32742534e-04 
 2.36350000e-08  9.82602593e-01  2.36350000e-08  1.99823381e-04  2.36350000e-08  3.67049931e-04  2.36350000e-08  1.98991134e-05  2.36350000e-08  1.12579061e-04  2.36350000e-08  5.63459776e-05  2.36350000e-08  3.33376563e-04 
 2.36450000e-08  1.03227974e+00  2.36450000e-08  1.82769133e-04  2.36450000e-08  3.65495696e-04  2.36450000e-08  1.70363449e-05  2.36450000e-08  1.12536464e-04  2.36450000e-08  4.82018530e-05  2.36450000e-08  3.34014721e-04 
 2.36550000e-08  1.08351440e+00  2.36550000e-08  1.65098939e-04  2.36550000e-08  3.63758425e-04  2.36550000e-08  1.43826297e-05  2.36550000e-08  1.12452671e-04  2.36550000e-08  4.06060427e-05  2.36550000e-08  3.34647878e-04 
 2.36650000e-08  1.13628315e+00  2.36650000e-08  1.46857772e-04  2.36650000e-08  3.61853632e-04  2.36650000e-08  1.19358544e-05  2.36650000e-08  1.12363348e-04  2.36650000e-08  3.35756185e-05  2.36650000e-08  3.35270633e-04 
 2.36750000e-08  1.19044236e+00  2.36750000e-08  1.28282081e-04  2.36750000e-08  3.59748471e-04  2.36750000e-08  9.71426285e-06  2.36750000e-08  1.12269067e-04  2.36750000e-08  2.71262237e-05  2.36750000e-08  3.35881488e-04 
 2.36850000e-08  1.24620372e+00  2.36850000e-08  1.11551710e-04  2.36850000e-08  3.56955731e-04  2.36850000e-08  7.92173115e-06  2.36850000e-08  1.11767387e-04  2.36850000e-08  2.16578955e-05  2.36850000e-08  3.36454185e-04 
 2.36950000e-08  1.30333557e+00  2.36950000e-08  9.66813156e-05  2.36950000e-08  3.53611718e-04  2.36950000e-08  6.47938717e-06  2.36950000e-08  1.11009009e-04  2.36950000e-08  1.71551578e-05  2.36950000e-08  3.36967218e-04 
 2.37050000e-08  1.36134141e+00  2.37050000e-08  8.29926235e-05  2.37050000e-08  3.49904924e-04  2.37050000e-08  5.26753284e-06  2.37050000e-08  1.10237009e-04  2.37050000e-08  1.33952240e-05  2.37050000e-08  3.37441593e-04 
 2.37150000e-08  1.41987682e+00  2.37150000e-08  7.00405465e-05  2.37150000e-08  3.45779594e-04  2.37150000e-08  4.21621904e-06  2.37150000e-08  1.09581179e-04  2.37150000e-08  1.01779446e-05  2.37150000e-08  3.37894522e-04 
 2.37250000e-08  1.47883376e+00  2.37250000e-08  5.75808544e-05  2.37250000e-08  3.40759269e-04  2.37250000e-08  3.28715400e-06  2.37250000e-08  1.09089619e-04  2.37250000e-08  7.34569214e-06  2.37250000e-08  3.38327501e-04 
 2.37350000e-08  1.53806032e+00  2.37350000e-08  4.56521334e-05  2.37350000e-08  3.33100022e-04  2.37350000e-08  2.46957830e-06  2.37350000e-08  1.08677598e-04  2.37350000e-08  4.80209560e-06  2.37350000e-08  3.38744624e-04 
 2.37450000e-08  1.59712991e+00  2.37450000e-08  3.46765217e-05  2.37450000e-08  3.17512643e-04  2.37450000e-08  1.77736713e-06  2.37450000e-08  1.07939444e-04  2.37450000e-08  2.54395705e-06  2.37450000e-08  3.39145886e-04 
 2.37550000e-08  1.65484614e+00  2.37550000e-08  2.52073334e-05  2.37550000e-08  2.88128582e-04  2.37550000e-08  1.22601949e-06  2.37550000e-08  1.05979753e-04  2.37550000e-08  6.26689729e-07  2.37550000e-08  3.39524610e-04 
 2.37650000e-08  1.70912777e+00  2.37650000e-08  1.76708923e-05  2.37650000e-08  2.51135896e-04  2.37650000e-08  8.18529059e-07  2.37650000e-08  1.02137039e-04  2.37650000e-08  9.97799729e-07  2.37650000e-08  3.39867794e-04 
 2.37750000e-08  1.75822573e+00  2.37750000e-08  1.20010319e-05  2.37750000e-08  2.15467953e-04  2.37750000e-08  5.31800365e-07  2.37750000e-08  9.68930460e-05  2.37750000e-08  2.18611684e-06  2.37750000e-08  3.40156428e-04 
 2.37850000e-08  1.80187772e+00  2.37850000e-08  7.91140815e-06  2.37850000e-08  1.84451900e-04  2.37850000e-08  3.37015681e-07  2.37850000e-08  9.12440588e-05  2.37850000e-08  2.94303460e-06  2.37850000e-08  3.40368621e-04 
 2.37950000e-08  1.84081495e+00  2.37950000e-08  5.07621757e-06  2.37950000e-08  1.58613267e-04  2.37950000e-08  2.08964710e-07  2.37950000e-08  8.59455692e-05  2.37950000e-08  3.39805912e-06  2.37950000e-08  3.40489856e-04 
 2.38050000e-08  1.87600995e+00  2.38050000e-08  3.18082743e-06  2.38050000e-08  1.37535996e-04  2.38050000e-08  1.27215490e-07  2.38050000e-08  8.13689441e-05  2.38050000e-08  3.64284438e-06  2.38050000e-08  3.40517202e-04 
 2.38150000e-08  1.90837703e+00  2.38150000e-08  1.95594635e-06  2.38150000e-08  1.20491109e-04  2.38150000e-08  7.63997118e-08  2.38150000e-08  7.76087409e-05  2.38150000e-08  3.74068087e-06  2.38150000e-08  3.40455695e-04 
 2.38250000e-08  1.93869897e+00  2.38250000e-08  1.18759273e-06  2.38250000e-08  1.06693165e-04  2.38250000e-08  4.55213199e-08  2.38250000e-08  7.46021286e-05  2.38250000e-08  3.73653975e-06  2.38250000e-08  3.40313669e-04 
 2.38350000e-08  1.96762599e+00  2.38350000e-08  7.16948587e-07  2.38350000e-08  9.54206622e-05  2.38350000e-08  2.70798489e-08  2.38350000e-08  7.22118809e-05  2.38350000e-08  3.66351722e-06  2.38350000e-08  3.40099614e-04 
 2.38450000e-08  1.99569984e+00  2.38450000e-08  4.33443651e-07  2.38450000e-08  8.60642974e-05  2.38450000e-08  1.61877125e-08  2.38450000e-08  7.02755660e-05  2.38450000e-08  3.54629884e-06  2.38450000e-08  3.39820479e-04 
 2.38550000e-08  2.02338511e+00  2.38550000e-08  2.64251935e-07  2.38550000e-08  7.81341932e-05  2.38550000e-08  9.78462892e-09  2.38550000e-08  6.86311885e-05  2.38550000e-08  3.40329210e-06  2.38550000e-08  3.39480826e-04 
 2.38650000e-08  2.05108193e+00  2.38650000e-08  1.63489294e-07  2.38650000e-08  7.12561808e-05  2.38650000e-08  6.01449260e-09  2.38650000e-08  6.71359612e-05  2.38650000e-08  3.24766816e-06  2.38650000e-08  3.39081933e-04 
 2.38750000e-08  2.07907081e+00  2.38750000e-08  1.03172749e-07  2.38750000e-08  6.51877424e-05  2.38750000e-08  3.77698948e-09  2.38750000e-08  6.57043014e-05  2.38750000e-08  3.08856858e-06  2.38750000e-08  3.38621644e-04 
 2.38850000e-08  2.10740603e+00  2.38850000e-08  6.66202417e-08  2.38850000e-08  5.98368827e-05  2.38850000e-08  2.42978840e-09  2.38850000e-08  6.43568213e-05  2.38850000e-08  2.93168221e-06  2.38850000e-08  3.38097192e-04 
 2.38950000e-08  2.13595144e+00  2.38950000e-08  4.40677966e-08  2.38950000e-08  5.51906282e-05  2.38950000e-08  1.60265442e-09  2.38950000e-08  6.31829316e-05  2.38950000e-08  2.77850433e-06  2.38950000e-08  3.37510107e-04 
 2.39050000e-08  2.16456227e+00  2.39050000e-08  2.98662665e-08  2.39050000e-08  5.11992159e-05  2.39050000e-08  1.08375538e-09  2.39050000e-08  6.22310560e-05  2.39050000e-08  2.62828388e-06  2.39050000e-08  3.36869729e-04 
 2.39150000e-08  2.19316817e+00  2.39150000e-08  2.07353467e-08  2.39150000e-08  4.77626750e-05  2.39150000e-08  7.51099686e-10  2.39150000e-08  6.14821867e-05  2.39150000e-08  2.47981456e-06  2.39150000e-08  3.36187429e-04 
 2.39250000e-08  2.22174519e+00  2.39250000e-08  1.47419274e-08  2.39250000e-08  4.47757806e-05  2.39250000e-08  5.33248191e-10  2.39250000e-08  6.08918722e-05  2.39250000e-08  2.33162972e-06  2.39250000e-08  3.35471492e-04 
 2.39350000e-08  2.25027916e+00  2.39350000e-08  1.07266523e-08  2.39350000e-08  4.21536083e-05  2.39350000e-08  3.87564366e-10  2.39350000e-08  6.04215254e-05  2.39350000e-08  2.18139119e-06  2.39350000e-08  3.34727192e-04 
 2.39450000e-08  2.27875241e+00  2.39450000e-08  7.98216464e-09  2.39450000e-08  3.98325093e-05  2.39450000e-08  2.88133115e-10  2.39450000e-08  6.00443708e-05  2.39450000e-08  2.02509168e-06  2.39450000e-08  3.33959785e-04 
 2.39550000e-08  2.30714373e+00  2.39550000e-08  6.06952143e-09  2.39550000e-08  3.77639176e-05  2.39550000e-08  2.18921211e-10  2.39550000e-08  5.97416885e-05  2.39550000e-08  1.85656421e-06  2.39550000e-08  3.33177369e-04 
 2.39650000e-08  2.33543335e+00  2.39650000e-08  4.71167276e-09  2.39650000e-08  3.59089078e-05  2.39650000e-08  1.69833078e-10  2.39650000e-08  5.94986550e-05  2.39650000e-08  1.66910695e-06  2.39650000e-08  3.32390988e-04 
 2.39750000e-08  2.36361200e+00  2.39750000e-08  3.73078252e-09  2.39750000e-08  3.42336092e-05  2.39750000e-08  1.34401009e-10  2.39750000e-08  5.92999999e-05  2.39750000e-08  1.45955875e-06  2.39750000e-08  3.31611555e-04 
 2.39850000e-08  2.39168829e+00  2.39850000e-08  3.01078316e-09  2.39850000e-08  3.27067598e-05  2.39850000e-08  1.08410454e-10  2.39850000e-08  5.91275668e-05  2.39850000e-08  1.23207731e-06  2.39850000e-08  3.30845851e-04 
 2.39950000e-08  2.41968248e+00  2.39950000e-08  2.47427535e-09  2.39950000e-08  3.13025899e-05  2.39950000e-08  8.90546546e-11  2.39950000e-08  5.89661674e-05  2.39950000e-08  9.95164983e-07  2.39950000e-08  3.30094243e-04 
 2.40050000e-08  2.44760738e+00  2.40050000e-08  2.06874485e-09  2.40050000e-08  3.00054036e-05  2.40050000e-08  7.44313843e-11  2.40050000e-08  5.88134882e-05  2.40050000e-08  7.61989862e-07  2.40050000e-08  3.29350677e-04 
 2.40150000e-08  2.47546162e+00  2.40150000e-08  1.75788109e-09  2.40150000e-08  2.88067834e-05  2.40150000e-08  6.32265863e-11  2.40150000e-08  5.86772725e-05  2.40150000e-08  5.46196958e-07  2.40150000e-08  3.28603174e-04 
 2.40250000e-08  2.50324313e+00  2.40250000e-08  1.51604860e-09  2.40250000e-08  2.76987634e-05  2.40250000e-08  5.45131764e-11  2.40250000e-08  5.85631866e-05  2.40250000e-08  3.46157062e-07  2.40250000e-08  3.27832203e-04 
 2.40350000e-08  2.53094252e+00  2.40350000e-08  1.32553277e-09  2.40350000e-08  2.66720254e-05  2.40350000e-08  4.76510209e-11  2.40350000e-08  5.84714828e-05  2.40350000e-08  1.74228885e-07  2.40350000e-08  3.27013718e-04 
 2.40450000e-08  2.55854926e+00  2.40450000e-08  1.17351961e-09  2.40450000e-08  2.57171510e-05  2.40450000e-08  4.21773209e-11  2.40450000e-08  5.83991639e-05  2.40450000e-08  3.72904081e-08  2.40450000e-08  3.26114274e-04 
 2.40550000e-08  2.58605637e+00  2.40550000e-08  1.05082593e-09  2.40550000e-08  2.48254994e-05  2.40550000e-08  3.77605159e-11  2.40550000e-08  5.83416917e-05  2.40550000e-08  6.78359569e-08  2.40550000e-08  3.25083842e-04 
 2.40650000e-08  2.61344788e+00  2.40650000e-08  9.50190808e-10  2.40650000e-08  2.39929853e-05  2.40650000e-08  3.41384996e-11  2.40650000e-08  5.83020228e-05  2.40650000e-08  1.71868350e-07  2.40650000e-08  3.23846774e-04 
 2.40750000e-08  2.64062228e+00  2.40750000e-08  8.67828866e-10  2.40750000e-08  2.32404419e-05  2.40750000e-08  3.11747570e-11  2.40750000e-08  5.83411355e-05  2.40750000e-08  2.52306985e-07  2.40750000e-08  3.22290701e-04 
 2.40850000e-08  2.66731571e+00  2.40850000e-08  7.98183597e-10  2.40850000e-08  2.26039587e-05  2.40850000e-08  2.86691543e-11  2.40850000e-08  5.85628048e-05  2.40850000e-08  2.94742701e-07  2.40850000e-08  3.20279050e-04 
 2.40950000e-08  2.69273895e+00  2.40950000e-08  7.35190396e-10  2.40950000e-08  2.22488750e-05  2.40950000e-08  2.64034536e-11  2.40950000e-08  5.94101766e-05  2.40950000e-08  2.80902396e-07  2.40950000e-08  3.17640425e-04 
 2.41050000e-08  2.71660992e+00  2.41050000e-08  6.76280138e-10  2.41050000e-08  2.20871998e-05  2.41050000e-08  2.42851666e-11  2.41050000e-08  6.06866348e-05  2.41050000e-08  2.03120178e-07  2.41050000e-08  3.14198254e-04 
 2.41150000e-08  2.73931095e+00  2.41150000e-08  6.21845757e-10  2.41150000e-08  2.18797805e-05  2.41150000e-08  2.23283016e-11  2.41150000e-08  6.17614521e-05  2.41150000e-08  6.23638222e-08  2.41150000e-08  3.09799138e-04 
 2.41250000e-08  2.76127302e+00  2.41250000e-08  5.72752605e-10  2.41250000e-08  2.15137174e-05  2.41250000e-08  2.05638438e-11  2.41250000e-08  6.23094091e-05  2.41250000e-08  1.37212110e-07  2.41250000e-08  3.04303369e-04 
 2.41350000e-08  2.78271252e+00  2.41350000e-08  5.28625183e-10  2.41350000e-08  2.10042221e-05  2.41350000e-08  1.89780835e-11  2.41350000e-08  6.23520327e-05  2.41350000e-08  3.53185893e-07  2.41350000e-08  2.97618659e-04 
 2.41450000e-08  2.80370282e+00  2.41450000e-08  4.88933230e-10  2.41450000e-08  2.03978475e-05  2.41450000e-08  1.75518175e-11  2.41450000e-08  6.20062432e-05  2.41450000e-08  5.49584593e-07  2.41450000e-08  2.89757951e-04 
 2.41550000e-08  2.82424194e+00  2.41550000e-08  4.53383013e-10  2.41550000e-08  1.97337809e-05  2.41550000e-08  1.62744415e-11  2.41550000e-08  6.13754514e-05  2.41550000e-08  7.16775141e-07  2.41550000e-08  2.80868084e-04 
 2.41650000e-08  2.84428901e+00  2.41650000e-08  4.21662626e-10  2.41650000e-08  1.90390299e-05  2.41650000e-08  1.51347273e-11  2.41650000e-08  6.05330207e-05  2.41650000e-08  8.54139485e-07  2.41650000e-08  2.71200094e-04 
 2.41750000e-08  2.86378227e+00  2.41750000e-08  3.93481774e-10  2.41750000e-08  1.83333274e-05  2.41750000e-08  1.41222376e-11  2.41750000e-08  5.95351441e-05  2.41750000e-08  9.66845046e-07  2.41750000e-08  2.61043729e-04 
 2.41850000e-08  2.88264775e+00  2.41850000e-08  3.68608291e-10  2.41850000e-08  1.76340079e-05  2.41850000e-08  1.32286290e-11  2.41850000e-08  5.84351272e-05  2.41850000e-08  1.06332973e-06  2.41850000e-08  2.50668872e-04 
 2.41950000e-08  2.90080823e+00  2.41950000e-08  3.46890163e-10  2.41950000e-08  1.69575921e-05  2.41950000e-08  1.24484383e-11  2.41950000e-08  5.72882619e-05  2.41950000e-08  1.15370752e-06  2.41950000e-08  2.40295172e-04 
 2.42050000e-08  2.91821313e+00  2.42050000e-08  3.28221220e-10  2.42050000e-08  1.63114567e-05  2.42050000e-08  1.17778516e-11  2.42050000e-08  5.61238146e-05  2.42050000e-08  1.25077070e-06  2.42050000e-08  2.30087621e-04 
 2.42150000e-08  2.93488019e+00  2.42150000e-08  3.12254767e-10  2.42150000e-08  1.56834049e-05  2.42150000e-08  1.12044024e-11  2.42150000e-08  5.49075683e-05  2.42150000e-08  1.36024011e-06  2.42150000e-08  2.20159097e-04 
 2.42250000e-08  2.95086000e+00  2.42250000e-08  2.98102808e-10  2.42250000e-08  1.50590770e-05  2.42250000e-08  1.06961421e-11  2.42250000e-08  5.35976396e-05  2.42250000e-08  1.45918766e-06  2.42250000e-08  2.10571325e-04 
 2.42350000e-08  2.96617547e+00  2.42350000e-08  2.84607540e-10  2.42350000e-08  1.44390354e-05  2.42350000e-08  1.02114237e-11  2.42350000e-08  5.22034553e-05  2.42350000e-08  1.50840061e-06  2.42350000e-08  2.01350848e-04 
 2.42450000e-08  2.98081810e+00  2.42450000e-08  2.70748479e-10  2.42450000e-08  1.38321367e-05  2.42450000e-08  9.71356858e-12  2.42450000e-08  5.07645394e-05  2.42450000e-08  1.48097227e-06  2.42450000e-08  1.92512390e-04 
 2.42550000e-08  2.99476772e+00  2.42550000e-08  2.55818656e-10  2.42550000e-08  1.32465224e-05  2.42550000e-08  9.17720088e-12  2.42550000e-08  4.93189381e-05  2.42550000e-08  1.36992281e-06  2.42550000e-08  1.84069703e-04 
 2.42650000e-08  3.00800865e+00  2.42650000e-08  2.39590460e-10  2.42650000e-08  1.26876696e-05  2.42650000e-08  8.59419324e-12  2.42650000e-08  4.78952212e-05  2.42650000e-08  1.18709042e-06  2.42650000e-08  1.76032858e-04 
 2.42750000e-08  3.02053712e+00  2.42750000e-08  2.22356375e-10  2.42750000e-08  1.21596705e-05  2.42750000e-08  7.97511006e-12  2.42750000e-08  4.65163276e-05  2.42750000e-08  9.58607399e-07  2.42750000e-08  1.68403263e-04 
 2.42850000e-08  3.03236022e+00  2.42850000e-08  2.04723449e-10  2.42850000e-08  1.16662275e-05  2.42850000e-08  7.34180124e-12  2.42850000e-08  4.52031758e-05  2.42850000e-08  7.15216251e-07  2.42850000e-08  1.61173758e-04 
 2.42950000e-08  3.04350668e+00  2.42950000e-08  1.87478832e-10  2.42950000e-08  1.12098649e-05  2.42950000e-08  6.72255200e-12  2.42950000e-08  4.39715064e-05  2.42950000e-08  4.79556506e-07  2.42950000e-08  1.54324426e-04 
 2.43050000e-08  3.05400520e+00  2.43050000e-08  1.71036202e-10  2.43050000e-08  1.07865638e-05  2.43050000e-08  6.13222361e-12  2.43050000e-08  4.28121919e-05  2.43050000e-08  2.75406913e-07  2.43050000e-08  1.47847293e-04 
 2.43150000e-08  3.06389648e+00  2.43150000e-08  1.55687823e-10  2.43150000e-08  1.03924431e-05  2.43150000e-08  5.58129687e-12  2.43150000e-08  4.17158191e-05  2.43150000e-08  1.15658799e-07  2.43150000e-08  1.41725540e-04 
 2.43250000e-08  3.07322743e+00  2.43250000e-08  1.41670481e-10  2.43250000e-08  1.00234883e-05  2.43250000e-08  5.07825253e-12  2.43250000e-08  4.06713455e-05  2.43250000e-08  1.08013465e-08  2.43250000e-08  1.35937875e-04 
 2.43350000e-08  3.08204851e+00  2.43350000e-08  1.29153503e-10  2.43350000e-08  9.67668651e-06  2.43350000e-08  4.62914846e-12  2.43350000e-08  3.96710255e-05  2.43350000e-08  2.54683181e-08  2.43350000e-08  1.30458197e-04 
 2.43450000e-08  3.09042328e+00  2.43450000e-08  1.18121497e-10  2.43450000e-08  9.34591661e-06  2.43450000e-08  4.23339728e-12  2.43450000e-08  3.86937857e-05  2.43450000e-08  6.49871300e-09  2.43450000e-08  1.25258107e-04 
 2.43550000e-08  3.09847075e+00  2.43550000e-08  1.08780773e-10  2.43550000e-08  9.01881903e-06  2.43550000e-08  3.89835896e-12  2.43550000e-08  3.76902280e-05  2.43550000e-08  3.46443697e-08  2.43550000e-08  1.20286058e-04 
 2.43650000e-08  3.10624205e+00  2.43650000e-08  1.00657947e-10  2.43650000e-08  8.68883881e-06  2.43650000e-08  3.60703858e-12  2.43650000e-08  3.66377543e-05  2.43650000e-08  9.63584697e-08  2.43650000e-08  1.15521873e-04 
 2.43750000e-08  3.11387363e+00  2.43750000e-08  9.36133448e-11  2.43750000e-08  8.33433984e-06  2.43750000e-08  3.35439968e-12  2.43750000e-08  3.54472581e-05  2.43750000e-08  1.43730318e-07  2.43750000e-08  1.10921607e-04 
 2.43850000e-08  3.12155412e+00  2.43850000e-08  8.75857900e-11  2.43850000e-08  7.92800775e-06  2.43850000e-08  3.13824102e-12  2.43850000e-08  3.40036833e-05  2.43850000e-08  1.72531277e-07  2.43850000e-08  1.06418886e-04 
 2.43950000e-08  3.12950910e+00  2.43950000e-08  8.25269141e-11  2.43950000e-08  7.44464025e-06  2.43950000e-08  2.95682544e-12  2.43950000e-08  3.21981138e-05  2.43950000e-08  1.87637615e-07  2.43950000e-08  1.01918112e-04 
 2.44050000e-08  3.13775646e+00  2.44050000e-08  7.83011773e-11  2.44050000e-08  6.90193063e-06  2.44050000e-08  2.80529484e-12  2.44050000e-08  3.01011576e-05  2.44050000e-08  2.04899200e-07  2.44050000e-08  9.73635309e-05 
 2.44150000e-08  3.14611480e+00  2.44150000e-08  7.47363037e-11  2.44150000e-08  6.37312374e-06  2.44150000e-08  2.67746511e-12  2.44150000e-08  2.80267965e-05  2.44150000e-08  2.16027462e-07  2.44150000e-08  9.27100055e-05 
 2.44250000e-08  3.15441392e+00  2.44250000e-08  7.17207633e-11  2.44250000e-08  5.89230686e-06  2.44250000e-08  2.56933336e-12  2.44250000e-08  2.61249136e-05  2.44250000e-08  2.16353437e-07  2.44250000e-08  8.79950402e-05 
 2.44350000e-08  3.16255247e+00  2.44350000e-08  6.91478143e-11  2.44350000e-08  5.46000686e-06  2.44350000e-08  2.47707066e-12  2.44350000e-08  2.44015803e-05  2.44350000e-08  2.05012794e-07  2.44350000e-08  8.32868330e-05 
 2.44450000e-08  3.17046879e+00  2.44450000e-08  6.69151140e-11  2.44450000e-08  5.06774938e-06  2.44450000e-08  2.39700715e-12  2.44450000e-08  2.28234883e-05  2.44450000e-08  1.83331377e-07  2.44450000e-08  7.86471407e-05 
 2.44550000e-08  3.17812120e+00  2.44550000e-08  6.49350157e-11  2.44550000e-08  4.70791799e-06  2.44550000e-08  2.32600088e-12  2.44550000e-08  2.13606317e-05  2.44550000e-08  1.54533075e-07  2.44550000e-08  7.41218817e-05 
 2.44650000e-08  3.18548009e+00  2.44650000e-08  6.31334697e-11  2.44650000e-08  4.37530670e-06  2.44650000e-08  2.26139787e-12  2.44650000e-08  1.99932683e-05  2.44650000e-08  1.22594518e-07  2.44650000e-08  6.97429538e-05 
 2.44750000e-08  3.19252482e+00  2.44750000e-08  6.14466936e-11  2.44750000e-08  4.06650477e-06  2.44750000e-08  2.20091240e-12  2.44750000e-08  1.87093391e-05  2.44750000e-08  9.14204298e-08  2.44750000e-08  6.55318835e-05 
 2.44850000e-08  3.19923703e+00  2.44850000e-08  5.97939005e-11  2.44850000e-08  3.77967659e-06  2.44850000e-08  2.14164955e-12  2.44850000e-08  1.75037678e-05  2.44850000e-08  6.54930003e-08  2.44850000e-08  6.15049209e-05 
 2.44950000e-08  3.20560729e+00  2.44950000e-08  5.81094726e-11  2.44950000e-08  3.51312399e-06  2.44950000e-08  2.08125709e-12  2.44950000e-08  1.63717462e-05  2.44950000e-08  4.50408883e-08  2.44950000e-08  5.76719709e-05 
 2.45050000e-08  3.21163388e+00  2.45050000e-08  5.63634819e-11  2.45050000e-08  3.26534647e-06  2.45050000e-08  2.01866333e-12  2.45050000e-08  1.53089928e-05  2.45050000e-08  3.37860484e-08  2.45050000e-08  5.40372356e-05 
 2.45150000e-08  3.21731693e+00  2.45150000e-08  5.45139328e-11  2.45150000e-08  3.03524757e-06  2.45150000e-08  1.95236314e-12  2.45150000e-08  1.43129014e-05  2.45150000e-08  3.22200933e-08  2.45150000e-08  5.06027528e-05 
 2.45250000e-08  3.22265281e+00  2.45250000e-08  5.24858820e-11  2.45250000e-08  2.82218397e-06  2.45250000e-08  1.87967120e-12  2.45250000e-08  1.33829461e-05  2.45250000e-08  4.27032519e-08  2.45250000e-08  4.73720846e-05 
 2.45350000e-08  3.22763743e+00  2.45350000e-08  5.01914802e-11  2.45350000e-08  2.62546355e-06  2.45350000e-08  1.79744008e-12  2.45350000e-08  1.25182474e-05  2.45350000e-08  6.81898262e-08  2.45350000e-08  4.43493117e-05 
 2.45450000e-08  3.23226340e+00  2.45450000e-08  4.75266172e-11  2.45450000e-08  2.44472920e-06  2.45450000e-08  1.70194013e-12  2.45450000e-08  1.17194334e-05  2.45450000e-08  1.12182236e-07  2.45450000e-08  4.15400456e-05 
 2.45550000e-08  3.23651997e+00  2.45550000e-08  4.43981882e-11  2.45550000e-08  2.28040270e-06  2.45550000e-08  1.58983668e-12  2.45550000e-08  1.09907358e-05  2.45550000e-08  1.77912353e-07  2.45550000e-08  3.89503766e-05 
 2.45650000e-08  3.24040459e+00  2.45650000e-08  4.08123175e-11  2.45650000e-08  2.13316898e-06  2.45650000e-08  1.46135044e-12  2.45650000e-08  1.03372474e-05  2.45650000e-08  2.62559860e-07  2.45650000e-08  3.65801161e-05 
 2.45750000e-08  3.24393650e+00  2.45750000e-08  3.69304489e-11  2.45750000e-08  2.00197846e-06  2.45750000e-08  1.32226688e-12  2.45750000e-08  9.75500717e-06  2.45750000e-08  3.55727824e-07  2.45750000e-08  3.44182350e-05 
 2.45850000e-08  3.24715350e+00  2.45850000e-08  3.29929372e-11  2.45850000e-08  1.88361155e-06  2.45850000e-08  1.18124116e-12  2.45850000e-08  9.22892444e-06  2.45850000e-08  4.45877873e-07  2.45850000e-08  3.24462146e-05 
 2.45950000e-08  3.25010074e+00  2.45950000e-08  2.92197009e-11  2.45950000e-08  1.77476441e-06  2.45950000e-08  1.04614576e-12  2.45950000e-08  8.74312908e-06  2.45950000e-08  5.24123541e-07  2.45950000e-08  3.06406423e-05 
 2.46050000e-08  3.25282632e+00  2.46050000e-08  2.57722280e-11  2.46050000e-08  1.67300239e-06  2.46050000e-08  9.22712138e-13  2.46050000e-08  8.28579251e-06  2.46050000e-08  5.83883836e-07  2.46050000e-08  2.89739036e-05 
 2.46150000e-08  3.25538679e+00  2.46150000e-08  2.27666809e-11  2.46150000e-08  1.57577534e-06  2.46150000e-08  8.15099442e-13  2.46150000e-08  7.84423700e-06  2.46150000e-08  6.17688065e-07  2.46150000e-08  2.74128578e-05 
 2.46250000e-08  3.25785695e+00  2.46250000e-08  2.03053750e-11  2.46250000e-08  1.47923428e-06  2.46250000e-08  7.26970557e-13  2.46250000e-08  7.39885023e-06  2.46250000e-08  6.13921975e-07  2.46250000e-08  2.59149835e-05 
 2.46350000e-08  3.26033572e+00  2.46350000e-08  1.84971802e-11  2.46350000e-08  1.37799509e-06  2.46350000e-08  6.62222409e-13  2.46350000e-08  6.92172914e-06  2.46350000e-08  5.55585346e-07  2.46350000e-08  2.44248353e-05 
 2.46450000e-08  3.26293415e+00  2.46450000e-08  1.74577165e-11  2.46450000e-08  1.26671462e-06  2.46450000e-08  6.24993103e-13  2.46450000e-08  6.38483001e-06  2.46450000e-08  4.25156039e-07  2.46450000e-08  2.28782841e-05 
 2.46550000e-08  3.26574646e+00  2.46550000e-08  1.73109450e-11  2.46550000e-08  1.14243318e-06  2.46550000e-08  6.19718967e-13  2.46550000e-08  5.77252401e-06  2.46550000e-08  2.14231119e-07  2.46550000e-08  2.12166442e-05 
 2.46650000e-08  3.26882626e+00  2.46650000e-08  1.82300015e-11  2.46650000e-08  1.00540624e-06  2.46650000e-08  6.52596994e-13  2.46650000e-08  5.08655493e-06  2.46650000e-08  6.22666347e-08  2.46650000e-08  1.94011016e-05 
 2.46750000e-08  3.27218257e+00  2.46750000e-08  2.05193857e-11  2.46750000e-08  8.58078312e-07  2.46750000e-08  7.34527587e-13  2.46750000e-08  4.34105835e-06  2.46750000e-08  3.65416154e-07  2.46750000e-08  1.74182336e-05 
 2.46850000e-08  3.27578360e+00  2.46850000e-08  2.46696605e-11  2.46850000e-08  7.04166088e-07  2.46850000e-08  8.83065556e-13  2.46850000e-08  3.55763458e-06  2.46850000e-08  7.08768681e-07  2.46850000e-08  1.52798606e-05 
 2.46950000e-08  3.27958516e+00  2.46950000e-08  3.16224396e-11  2.46950000e-08  5.46329014e-07  2.46950000e-08  1.13191552e-12  2.46950000e-08  2.75294778e-06  2.46950000e-08  1.06899175e-06  2.46950000e-08  1.30093637e-05 
 2.47050000e-08  3.28355017e+00  2.47050000e-08  4.31150764e-11  2.47050000e-08  3.85637926e-07  2.47050000e-08  1.54346342e-12  2.47050000e-08  1.93566933e-06  2.47050000e-08  1.43339786e-06  2.47050000e-08  1.06293173e-05 
 2.47150000e-08  3.28761953e+00  2.47150000e-08  6.22113894e-11  2.47150000e-08  2.24730604e-07  2.47150000e-08  2.22761665e-12  2.47150000e-08  1.12228377e-06  2.47150000e-08  1.78322823e-06  2.47150000e-08  8.17379849e-06 
 2.47250000e-08  3.29169690e+00  2.47250000e-08  9.40582215e-11  2.47250000e-08  6.83051589e-08  2.47250000e-08  3.36895073e-12  2.47250000e-08  3.39025043e-07  2.47250000e-08  2.09602994e-06  2.47250000e-08  5.69799060e-06 
 2.47350000e-08  3.29578297e+00  2.47350000e-08  1.48493706e-10  2.47350000e-08  8.69956016e-08  2.47350000e-08  5.32058902e-12  2.47350000e-08  4.28730638e-07  2.47350000e-08  2.37058980e-06  2.47350000e-08  3.20976028e-06 
 2.47450000e-08  3.29982975e+00  2.47450000e-08  2.43147373e-10  2.47450000e-08  2.38153198e-07  2.47450000e-08  8.71570184e-12  2.47450000e-08  1.16429367e-06  2.47450000e-08  2.63339339e-06  2.47450000e-08  7.34837002e-07 
 2.47550000e-08  3.30409687e+00  2.47550000e-08  4.14285292e-10  2.47550000e-08  3.37822465e-07  2.47550000e-08  1.48576560e-11  2.47550000e-08  1.63734280e-06  2.47550000e-08  2.87183593e-06  2.47550000e-08  2.02903977e-06 
 2.47650000e-08  3.30838039e+00  2.47650000e-08  7.30356264e-10  2.47650000e-08  4.46490960e-07  2.47650000e-08  2.62090090e-11  2.47650000e-08  2.14369633e-06  2.47650000e-08  3.06434806e-06  2.47650000e-08  4.77370899e-06 
 2.47750000e-08  3.31252588e+00  2.47750000e-08  1.32304464e-09  2.47750000e-08  5.77008544e-07  2.47750000e-08  4.75134156e-11  2.47750000e-08  2.74210173e-06  2.47750000e-08  3.19276165e-06  2.47750000e-08  7.36006673e-06 
 2.47850000e-08  3.31635280e+00  2.47850000e-08  2.42439633e-09  2.47850000e-08  6.95628810e-07  2.47850000e-08  8.71457371e-11  2.47850000e-08  3.27035917e-06  2.47850000e-08  3.22733582e-06  2.47850000e-08  9.74932138e-06 
 2.47950000e-08  3.31974081e+00  2.47950000e-08  4.40776023e-09  2.47950000e-08  8.04047157e-07  2.47950000e-08  1.58616212e-10  2.47950000e-08  3.73875839e-06  2.47950000e-08  3.15644861e-06  2.47950000e-08  1.18551426e-05 
 2.48050000e-08  3.32263506e+00  2.48050000e-08  7.84685433e-09  2.48050000e-08  9.03539697e-07  2.48050000e-08  2.82754805e-10  2.48050000e-08  4.15559434e-06  2.48050000e-08  3.00351921e-06  2.48050000e-08  1.36381270e-05 
 2.48150000e-08  3.32505745e+00  2.48150000e-08  1.36168145e-08  2.48150000e-08  9.94559534e-07  2.48150000e-08  4.91460364e-10  2.48150000e-08  4.52490342e-06  2.48150000e-08  2.80807505e-06  2.48150000e-08  1.51139946e-05 
 2.48250000e-08  3.32708105e+00  2.48250000e-08  2.30836949e-08  2.48250000e-08  1.07767317e-06  2.48250000e-08  8.34749365e-10  2.48250000e-08  4.85069386e-06  2.48250000e-08  2.60973812e-06  2.48250000e-08  1.63331697e-05 
 2.48350000e-08  3.32880882e+00  2.48350000e-08  3.84739942e-08  2.48350000e-08  1.15498452e-06  2.48350000e-08  1.39455608e-09  2.48350000e-08  5.14328000e-06  2.48350000e-08  2.43760267e-06  2.48350000e-08  1.73626568e-05 
 2.48450000e-08  3.33035508e+00  2.48450000e-08  6.35991852e-08  2.48450000e-08  1.23004662e-06  2.48450000e-08  2.31197435e-09  2.48450000e-08  5.41857891e-06  2.48450000e-08  2.31177516e-06  2.48450000e-08  1.82736781e-05 
 2.48550000e-08  3.33184100e+00  2.48550000e-08  1.05362415e-07  2.48550000e-08  1.30778799e-06  2.48550000e-08  3.84439866e-09  2.48550000e-08  5.69743442e-06  2.48550000e-08  2.24723281e-06  2.48550000e-08  1.91389293e-05 
 2.48650000e-08  3.33339889e+00  2.48650000e-08  1.77095936e-07  2.48650000e-08  1.39471075e-06  2.48650000e-08  6.49355747e-09  2.48650000e-08  6.00600804e-06  2.48650000e-08  2.25878182e-06  2.48650000e-08  2.00353217e-05 
 2.48750000e-08  3.33518202e+00  2.48750000e-08  3.06499463e-07  2.48750000e-08  1.49941418e-06  2.48750000e-08  1.13149411e-08  2.48750000e-08  6.37729210e-06  2.48750000e-08  2.36646868e-06  2.48750000e-08  2.10497807e-05 
 2.48850000e-08  3.33736896e+00  2.48850000e-08  5.55567176e-07  2.48850000e-08  1.63283536e-06  2.48850000e-08  2.07136700e-08  2.48850000e-08  6.85103659e-06  2.48850000e-08  2.59939422e-06  2.48850000e-08  2.22819156e-05 
 2.48950000e-08  3.34012327e+00  2.48950000e-08  1.06977206e-06  2.48950000e-08  1.80551168e-06  2.48950000e-08  4.04947610e-08  2.48950000e-08  7.46139396e-06  2.48950000e-08  2.99043195e-06  2.48950000e-08  2.38225840e-05 
 2.49050000e-08  3.34349059e+00  2.49050000e-08  2.18695743e-06  2.49050000e-08  2.02048277e-06  2.49050000e-08  8.47877867e-08  2.49050000e-08  8.20865283e-06  2.49050000e-08  3.56494193e-06  2.49050000e-08  2.56987688e-05 
 2.49150000e-08  3.34735881e+00  2.49150000e-08  4.64453212e-06  2.49150000e-08  2.27033595e-06  2.49150000e-08  1.86950762e-07  2.49150000e-08  9.05075060e-06  2.49150000e-08  4.35387916e-06  2.49150000e-08  2.78521704e-05 
 2.49250000e-08  3.35152421e+00  2.49250000e-08  9.87897854e-06  2.49250000e-08  2.53982675e-06  2.49250000e-08  4.20852823e-07  2.49250000e-08  9.91760155e-06  2.49250000e-08  5.41996113e-06  2.49250000e-08  3.01783270e-05 
 2.49350000e-08  3.35574654e+00  2.49350000e-08  2.02007705e-05  2.49350000e-08  2.80522782e-06  2.49350000e-08  9.32664693e-07  2.49350000e-08  1.07117272e-05  2.49350000e-08  6.88445900e-06  2.49350000e-08  3.25650637e-05 
 2.49450000e-08  3.35974031e+00  2.49450000e-08  3.82896451e-05  2.49450000e-08  3.02854268e-06  2.49450000e-08  1.96403220e-06  2.49450000e-08  1.12905496e-05  2.49450000e-08  8.96455632e-06  2.49450000e-08  3.48974008e-05 
 2.49550000e-08  3.36314871e+00  2.49550000e-08  6.56202039e-05  2.49550000e-08  3.15380006e-06  2.49550000e-08  3.82006310e-06  2.49550000e-08  1.14600753e-05  2.49550000e-08  1.19946839e-05  2.49550000e-08  3.70449944e-05 
 2.49650000e-08  3.36555851e+00  2.49650000e-08  1.00829461e-04  2.49650000e-08  3.11429542e-06  2.49650000e-08  6.75226109e-06  2.49650000e-08  1.10106158e-05  2.49650000e-08  1.63844659e-05  2.49650000e-08  3.88542330e-05 
 2.49750000e-08  3.36657177e+00  2.49750000e-08  1.40075472e-04  2.49750000e-08  2.85119316e-06  2.49750000e-08  1.08247285e-05  2.49750000e-08  9.78885513e-06  2.49750000e-08  2.25023769e-05  2.49750000e-08  4.01572445e-05 
 2.49850000e-08  3.36589439e+00  2.49850000e-08  1.79205795e-04  2.49850000e-08  2.33100562e-06  2.49850000e-08  1.58863996e-05  2.49850000e-08  7.75526610e-06  2.49850000e-08  3.05502020e-05  2.49850000e-08  4.07976014e-05 
 2.49950000e-08  3.36338270e+00  2.49950000e-08  2.15408546e-04  2.49950000e-08  1.54880670e-06  2.49950000e-08  2.16617334e-05  2.49950000e-08  4.98269166e-06  2.49950000e-08  4.05123256e-05  2.49950000e-08  4.06585507e-05 
 2.50050000e-08  3.35900954e+00  2.50050000e-08  2.47379814e-04  2.50050000e-08  5.16471502e-07  2.50050000e-08  2.78485410e-05  2.50050000e-08  1.60330952e-06  2.50050000e-08  5.21747147e-05  2.50050000e-08  3.96663940e-05 
 2.50150000e-08  3.35302008e+00  2.50150000e-08  2.75031690e-04  2.50150000e-08  7.32145434e-07  2.50150000e-08  3.42210230e-05  2.50150000e-08  2.18933863e-06  2.50150000e-08  6.52685001e-05  2.50150000e-08  3.78908286e-05 
 2.50250000e-08  3.34554847e+00  2.50250000e-08  2.98782002e-04  2.50250000e-08  2.17993050e-06  2.50250000e-08  4.06242255e-05  2.50250000e-08  6.26879944e-06  2.50250000e-08  7.95178795e-05  2.50250000e-08  3.53637250e-05 
 2.50350000e-08  3.33666920e+00  2.50350000e-08  3.19215721e-04  2.50350000e-08  3.82326884e-06  2.50350000e-08  4.69657003e-05  2.50350000e-08  1.05541483e-05  2.50350000e-08  9.46881912e-05  2.50350000e-08  3.20989175e-05 
 2.50450000e-08  3.32655666e+00  2.50450000e-08  3.36862979e-04  2.50450000e-08  5.65569857e-06  2.50450000e-08  5.31804025e-05  2.50450000e-08  1.49612740e-05  2.50450000e-08  1.10614242e-04  2.50450000e-08  2.81726981e-05 
 2.50550000e-08  3.31537153e+00  2.50550000e-08  3.52156357e-04  2.50550000e-08  7.67541048e-06  2.50550000e-08  5.92152449e-05  2.50550000e-08  1.94245575e-05  2.50550000e-08  1.27183055e-04  2.50550000e-08  2.36614654e-05 
 2.50650000e-08  3.30325812e+00  2.50650000e-08  3.65424976e-04  2.50650000e-08  9.88249730e-06  2.50650000e-08  6.50166299e-05  2.50650000e-08  2.38883308e-05  2.50650000e-08  1.44317388e-04  2.50650000e-08  1.86353571e-05 
 2.50750000e-08  3.29076167e+00  2.50750000e-08  3.76959627e-04  2.50750000e-08  1.21236963e-05  2.50750000e-08  7.05477988e-05  2.50750000e-08  2.79543306e-05  2.50750000e-08  1.61989168e-04  2.50750000e-08  1.31992781e-05 
 2.50850000e-08  3.27761274e+00  2.50850000e-08  3.86879257e-04  2.50850000e-08  1.45850752e-05  2.50850000e-08  7.57182846e-05  2.50850000e-08  3.20361572e-05  2.50850000e-08  1.80134931e-04  2.50850000e-08  7.45239636e-06 
 2.50950000e-08  3.26382852e+00  2.50950000e-08  3.95318885e-04  2.50950000e-08  1.72744519e-05  2.50950000e-08  8.04591707e-05  2.50950000e-08  3.60988343e-05  2.50950000e-08  1.98672607e-04  2.50950000e-08  1.39321837e-06 
 2.51050000e-08  3.24980211e+00  2.51050000e-08  4.02512245e-04  2.51050000e-08  2.05182412e-05  2.51050000e-08  8.47788668e-05  2.51050000e-08  4.07766054e-05  2.51050000e-08  2.17551206e-04  2.51050000e-08  4.19511509e-06 
 2.51150000e-08  3.23576770e+00  2.51150000e-08  4.08520639e-04  2.51150000e-08  2.37668727e-05  2.51150000e-08  8.86106788e-05  2.51150000e-08  4.48808884e-05  2.51150000e-08  2.36582015e-04  2.51150000e-08  9.98618474e-06 
 2.51250000e-08  3.22161934e+00  2.51250000e-08  4.13451166e-04  2.51250000e-08  2.70034025e-05  2.51250000e-08  9.19311588e-05  2.51250000e-08  4.84128110e-05  2.51250000e-08  2.55485820e-04  2.51250000e-08  1.60670833e-05 
 2.51350000e-08  3.20731063e+00  2.51350000e-08  4.17423524e-04  2.51350000e-08  3.03273532e-05  2.51350000e-08  9.47436745e-05  2.51350000e-08  5.15928232e-05  2.51350000e-08  2.73902512e-04  2.51350000e-08  2.23096849e-05 
 2.51450000e-08  3.19287308e+00  2.51450000e-08  4.20545907e-04  2.51450000e-08  3.37598468e-05  2.51450000e-08  9.70621129e-05  2.51450000e-08  5.44834279e-05  2.51450000e-08  2.91392274e-04  2.51450000e-08  2.86516580e-05 
 2.51550000e-08  3.17837256e+00  2.51550000e-08  4.22938316e-04  2.51550000e-08  3.72968280e-05  2.51550000e-08  9.89249272e-05  2.51550000e-08  5.71026163e-05  2.51550000e-08  3.07482723e-04  2.51550000e-08  3.50431159e-05 
 2.51650000e-08  3.16389705e+00  2.51650000e-08  4.24742090e-04  2.51650000e-08  4.09291372e-05  2.51650000e-08  1.00400864e-04  2.51650000e-08  5.94578295e-05  2.51650000e-08  3.21759557e-04  2.51650000e-08  4.14269069e-05 
 2.51750000e-08  3.14953201e+00  2.51750000e-08  4.26104191e-04  2.51750000e-08  4.46565593e-05  2.51750000e-08  1.01575831e-04  2.51750000e-08  6.15634213e-05  2.51750000e-08  3.33973323e-04  2.51750000e-08  4.77382018e-05 
 2.51850000e-08  3.13536044e+00  2.51850000e-08  4.27157508e-04  2.51850000e-08  4.84828696e-05  2.51850000e-08  1.02535248e-04  2.51850000e-08  6.34310829e-05  2.51850000e-08  3.44106463e-04  2.51850000e-08  5.39120161e-05 
 2.51950000e-08  3.12142758e+00  2.51950000e-08  4.28007136e-04  2.51950000e-08  5.24292340e-05  2.51950000e-08  1.03350559e-04  2.51950000e-08  6.50862955e-05  2.51950000e-08  3.52346964e-04  2.51950000e-08  5.98907634e-05 
 2.52050000e-08  3.10775705e+00  2.52050000e-08  4.28726120e-04  2.52050000e-08  5.65212597e-05  2.52050000e-08  1.04073212e-04  2.52050000e-08  6.65502905e-05  2.52050000e-08  3.58999930e-04  2.52050000e-08  6.56298975e-05 
 2.52150000e-08  3.09434134e+00  2.52150000e-08  4.29356995e-04  2.52150000e-08  6.07919017e-05  2.52150000e-08  1.04733827e-04  2.52150000e-08  6.78451407e-05  2.52150000e-08  3.64388002e-04  2.52150000e-08  7.11000505e-05 
 2.52250000e-08  3.08114590e+00  2.52250000e-08  4.29912026e-04  2.52250000e-08  6.52756572e-05  2.52250000e-08  1.05340920e-04  2.52250000e-08  6.89902577e-05  2.52250000e-08  3.68791333e-04  2.52250000e-08  7.62898460e-05 
 2.52350000e-08  3.06811391e+00  2.52350000e-08  4.30378999e-04  2.52350000e-08  7.00039234e-05  2.52350000e-08  1.05884222e-04  2.52350000e-08  7.00018347e-05  2.52350000e-08  3.72429566e-04  2.52350000e-08  8.12062623e-05 
 2.52450000e-08  3.05518329e+00  2.52450000e-08  4.30743658e-04  2.52450000e-08  7.50014216e-05  2.52450000e-08  1.06351420e-04  2.52450000e-08  7.08902490e-05  2.52450000e-08  3.75467478e-04  2.52450000e-08  8.58665665e-05 
 2.52550000e-08  3.04230409e+00  2.52550000e-08  4.31008935e-04  2.52550000e-08  8.02880801e-05  2.52550000e-08  1.06743347e-04  2.52550000e-08  7.16589697e-05  2.52550000e-08  3.78030903e-04  2.52550000e-08  9.02853104e-05 
 2.52650000e-08  3.02943732e+00  2.52650000e-08  4.31192450e-04  2.52650000e-08  8.58854729e-05  2.52650000e-08  1.07072605e-04  2.52650000e-08  7.23080512e-05  2.52650000e-08  3.80217786e-04  2.52650000e-08  9.44686743e-05 
 2.52750000e-08  3.01654534e+00  2.52750000e-08  4.31314494e-04  2.52750000e-08  9.18215098e-05  2.52750000e-08  1.07354423e-04  2.52750000e-08  7.28373348e-05  2.52750000e-08  3.82104165e-04  2.52750000e-08  9.84159365e-05 
 2.52850000e-08  3.00358447e+00  2.52850000e-08  4.31390399e-04  2.52850000e-08  9.81318380e-05  2.52850000e-08  1.07600609e-04  2.52850000e-08  7.32471813e-05  2.52850000e-08  3.83749068e-04  2.52850000e-08  1.02122836e-04 
 2.52950000e-08  2.99050196e+00  2.52950000e-08  4.31428537e-04  2.52950000e-08  1.04858271e-04  2.52950000e-08  1.07817777e-04  2.52950000e-08  7.35373238e-05  2.52950000e-08  3.85197237e-04  2.52950000e-08  1.05584889e-04 
 2.53050000e-08  2.97723629e+00  2.53050000e-08  4.31432577e-04  2.53050000e-08  1.12047700e-04  2.53050000e-08  1.08008982e-04  2.53050000e-08  7.37057535e-05  2.53050000e-08  3.86482690e-04  2.53050000e-08  1.08797919e-04 
 2.53150000e-08  2.96371674e+00  2.53150000e-08  4.31403795e-04  2.53150000e-08  1.19752242e-04  2.53150000e-08  1.08175481e-04  2.53150000e-08  7.37483470e-05  2.53150000e-08  3.87631430e-04  2.53150000e-08  1.11757622e-04 
 2.53250000e-08  2.94986283e+00  2.53250000e-08  4.31343303e-04  2.53250000e-08  1.28029944e-04  2.53250000e-08  1.08318486e-04  2.53250000e-08  7.36581904e-05  2.53250000e-08  3.88663651e-04  2.53250000e-08  1.14458641e-04 
 2.53350000e-08  2.93558641e+00  2.53350000e-08  4.31258443e-04  2.53350000e-08  1.36947525e-04  2.53350000e-08  1.08444356e-04  2.53350000e-08  7.34229280e-05  2.53350000e-08  3.89596083e-04  2.53350000e-08  1.16890391e-04 
 2.53450000e-08  2.92079000e+00  2.53450000e-08  4.31167576e-04  2.53450000e-08  1.46587364e-04  2.53450000e-08  1.08568639e-04  2.53450000e-08  7.30212172e-05  2.53450000e-08  3.90444170e-04  2.53450000e-08  1.19031310e-04 
 2.53550000e-08  2.90534271e+00  2.53550000e-08  4.31083303e-04  2.53550000e-08  1.57054325e-04  2.53550000e-08  1.08702788e-04  2.53550000e-08  7.24261361e-05  2.53550000e-08  3.91221568e-04  2.53550000e-08  1.20853538e-04 
 2.53650000e-08  2.88905588e+00  2.53650000e-08  4.30996596e-04  2.53650000e-08  1.68470940e-04  2.53650000e-08  1.08841229e-04  2.53650000e-08  7.16096811e-05  2.53650000e-08  3.91937951e-04  2.53650000e-08  1.22333574e-04 
 2.53750000e-08  2.87167579e+00  2.53750000e-08  4.30876655e-04  2.53750000e-08  1.80957186e-04  2.53750000e-08  1.08960838e-04  2.53750000e-08  7.05444190e-05  2.53750000e-08  3.92597574e-04  2.53750000e-08  1.23458769e-04 
 2.53850000e-08  2.85292247e+00  2.53850000e-08  4.30721750e-04  2.53850000e-08  1.94600711e-04  2.53850000e-08  1.09062035e-04  2.53850000e-08  6.91810052e-05  2.53850000e-08  3.93203722e-04  2.53850000e-08  1.24202500e-04 
 2.53950000e-08  2.83250788e+00  2.53950000e-08  4.30602128e-04  2.53950000e-08  2.09404075e-04  2.53950000e-08  1.09204748e-04  2.53950000e-08  6.74136055e-05  2.53950000e-08  3.93767120e-04  2.53950000e-08  1.24481333e-04 
 2.54050000e-08  2.80997768e+00  2.54050000e-08  4.30458066e-04  2.54050000e-08  2.25011871e-04  2.54050000e-08  1.09344425e-04  2.54050000e-08  6.51800576e-05  2.54050000e-08  3.94290076e-04  2.54050000e-08  1.24236594e-04 
 2.54150000e-08  2.78489985e+00  2.54150000e-08  4.30169503e-04  2.54150000e-08  2.39989245e-04  2.54150000e-08  1.09385469e-04  2.54150000e-08  6.24985290e-05  2.54150000e-08  3.94763074e-04  2.54150000e-08  1.23443386e-04 
 2.54250000e-08  2.75713434e+00  2.54250000e-08  4.29713378e-04  2.54250000e-08  2.51310047e-04  2.54250000e-08  1.09308844e-04  2.54250000e-08  5.94774201e-05  2.54250000e-08  3.95178791e-04  2.54250000e-08  1.22066098e-04 
 2.54350000e-08  2.72700718e+00  2.54350000e-08  4.29475765e-04  2.54350000e-08  2.56203812e-04  2.54350000e-08  1.09432026e-04  2.54350000e-08  5.60897134e-05  2.54350000e-08  3.95571302e-04  2.54350000e-08  1.19882051e-04 
 2.54450000e-08  2.69436083e+00  2.54450000e-08  4.28933232e-04  2.54450000e-08  2.56074303e-04  2.54450000e-08  1.09327174e-04  2.54450000e-08  5.29000247e-05  2.54450000e-08  3.95919241e-04  2.54450000e-08  1.17117398e-04 
 2.54550000e-08  2.65964374e+00  2.54550000e-08  4.27920611e-04  2.54550000e-08  2.54092570e-04  2.54550000e-08  1.08851220e-04  2.54550000e-08  5.02783437e-05  2.54550000e-08  3.96189231e-04  2.54550000e-08  1.14096948e-04 
 2.54650000e-08  2.62369561e+00  2.54650000e-08  4.26804989e-04  2.54650000e-08  2.51674254e-04  2.54650000e-08  1.08299023e-04  2.54650000e-08  4.81126107e-05  2.54650000e-08  3.96393248e-04  2.54650000e-08  1.10940570e-04 
 2.54750000e-08  2.58703966e+00  2.54750000e-08  4.25877946e-04  2.54750000e-08  2.49007846e-04  2.54750000e-08  1.07907546e-04  2.54750000e-08  4.61658657e-05  2.54750000e-08  3.96567559e-04  2.54750000e-08  1.07642289e-04 
 2.54850000e-08  2.54981695e+00  2.54850000e-08  4.25236975e-04  2.54850000e-08  2.45931418e-04  2.54850000e-08  1.07759390e-04  2.54850000e-08  4.42455958e-05  2.54850000e-08  3.96749007e-04  2.54850000e-08  1.04152860e-04 
 2.54950000e-08  2.51192932e+00  2.54950000e-08  4.24850904e-04  2.54950000e-08  2.42270400e-04  2.54950000e-08  1.07836171e-04  2.54950000e-08  4.22382158e-05  2.54950000e-08  3.96965750e-04  2.54950000e-08  1.00424393e-04 
 2.55050000e-08  2.47316874e+00  2.55050000e-08  4.24622766e-04  2.55050000e-08  2.37943145e-04  2.55050000e-08  1.08067516e-04  2.55050000e-08  4.01072464e-05  2.55050000e-08  3.97234226e-04  2.55050000e-08  9.64369362e-05 
 2.55150000e-08  2.43331728e+00  2.55150000e-08  4.24448501e-04  2.55150000e-08  2.32954329e-04  2.55150000e-08  1.08376392e-04  2.55150000e-08  3.78672115e-05  2.55150000e-08  3.97560458e-04  2.55150000e-08  9.22022211e-05 
 2.55250000e-08  2.39219863e+00  2.55250000e-08  4.24249768e-04  2.55250000e-08  2.27355197e-04  2.55250000e-08  1.08705073e-04  2.55250000e-08  3.55551057e-05  2.55250000e-08  3.97942289e-04  2.55250000e-08  8.77550170e-05 
 2.55350000e-08  2.34968900e+00  2.55350000e-08  4.23980798e-04  2.55350000e-08  2.21205793e-04  2.55350000e-08  1.09021586e-04  2.55350000e-08  3.32100166e-05  2.55350000e-08  3.98375819e-04  2.55350000e-08  8.31411588e-05 
 2.55450000e-08  2.30571392e+00  2.55450000e-08  4.23622412e-04  2.55450000e-08  2.14553337e-04  2.55450000e-08  1.09316149e-04  2.55450000e-08  3.08637165e-05  2.55450000e-08  3.98853644e-04  2.55450000e-08  7.84082246e-05 
 2.55550000e-08  2.26022955e+00  2.55550000e-08  4.23165527e-04  2.55550000e-08  2.07430717e-04  2.55550000e-08  1.09588907e-04  2.55550000e-08  2.85404755e-05  2.55550000e-08  3.99362354e-04  2.55550000e-08  7.36020617e-05 
 2.55650000e-08  2.21319718e+00  2.55650000e-08  4.22599632e-04  2.55650000e-08  1.99853568e-04  2.55650000e-08  1.09841794e-04  2.55650000e-08  2.62570729e-05  2.55650000e-08  3.99900371e-04  2.55650000e-08  6.87627439e-05 
 2.55750000e-08  2.16459657e+00  2.55750000e-08  4.21916769e-04  2.55750000e-08  1.91823733e-04  2.55750000e-08  1.10082990e-04  2.55750000e-08  2.40250553e-05  2.55750000e-08  4.00463415e-04  2.55750000e-08  6.39218637e-05 
 2.55850000e-08  2.11430425e+00  2.55850000e-08  4.21091835e-04  2.55850000e-08  1.83336738e-04  2.55850000e-08  1.10313826e-04  2.55850000e-08  2.18533787e-05  2.55850000e-08  4.01035728e-04  2.55850000e-08  5.91170318e-05 
 2.55950000e-08  2.06223590e+00  2.55950000e-08  4.20083347e-04  2.55950000e-08  1.74389117e-04  2.55950000e-08  1.10531518e-04  2.55950000e-08  1.97505854e-05  2.55950000e-08  4.01605856e-04  2.55950000e-08  5.43754801e-05 
 2.56050000e-08  2.00850373e+00  2.56050000e-08  4.18832113e-04  2.56050000e-08  1.64973177e-04  2.56050000e-08  1.10731148e-04  2.56050000e-08  1.77235867e-05  2.56050000e-08  4.02201279e-04  2.56050000e-08  4.97174803e-05 
 2.56150000e-08  1.95311359e+00  2.56150000e-08  4.17262129e-04  2.56150000e-08  1.55095088e-04  2.56150000e-08  1.10921187e-04  2.56150000e-08  1.57807313e-05  2.56150000e-08  4.02799656e-04  2.56150000e-08  4.51621174e-05 
 2.56250000e-08  1.89605308e+00  2.56250000e-08  4.15214263e-04  2.56250000e-08  1.44770115e-04  2.56250000e-08  1.11088908e-04  2.56250000e-08  1.39300546e-05  2.56250000e-08  4.03394460e-04  2.56250000e-08  4.07276897e-05 
 2.56350000e-08  1.83730794e+00  2.56350000e-08  4.12406034e-04  2.56350000e-08  1.34030755e-04  2.56350000e-08  1.11214569e-04  2.56350000e-08  1.21799641e-05  2.56350000e-08  4.03978057e-04  2.56350000e-08  3.64302123e-05 
 2.56450000e-08  1.77685738e+00  2.56450000e-08  4.08279024e-04  2.56450000e-08  1.22935695e-04  2.56450000e-08  1.11260988e-04  2.56450000e-08  1.05395316e-05  2.56450000e-08  4.04541375e-04  2.56450000e-08  3.22832097e-05 
 2.56550000e-08  1.71469572e+00  2.56550000e-08  4.01588648e-04  2.56550000e-08  1.11550228e-04  2.56550000e-08  1.11148200e-04  2.56550000e-08  9.01850906e-06  2.56550000e-08  4.05072345e-04  2.56550000e-08  2.82989539e-05 
 2.56650000e-08  1.65091118e+00  2.56650000e-08  3.89222227e-04  2.56650000e-08  1.00050925e-04  2.56650000e-08  1.10676464e-04  2.56650000e-08  7.62750378e-06  2.56650000e-08  4.05553434e-04  2.56650000e-08  2.44903468e-05 
 2.56750000e-08  1.58598861e+00  2.56750000e-08  3.63789546e-04  2.56750000e-08  8.86576513e-05  2.56750000e-08  1.09308666e-04  2.56750000e-08  6.37868147e-06  2.56750000e-08  4.05956111e-04  2.56750000e-08  2.08775411e-05 
 2.56850000e-08  1.52144329e+00  2.56850000e-08  3.18008961e-04  2.56850000e-08  7.76954292e-05  2.56850000e-08  1.05980827e-04  2.56850000e-08  5.28738015e-06  2.56850000e-08  4.06232623e-04  2.56850000e-08  1.75010254e-05 
 2.56950000e-08  1.45973321e+00  2.56950000e-08  2.62649341e-04  2.56950000e-08  6.74992256e-05  2.56950000e-08  1.00358847e-04  2.56950000e-08  4.36113052e-06  2.56950000e-08  4.06318253e-04  2.56950000e-08  1.44146361e-05 
 2.57050000e-08  1.40228989e+00  2.57050000e-08  2.12943150e-04  2.57050000e-08  5.81340542e-05  2.57050000e-08  9.40554135e-05  2.57050000e-08  3.57998479e-06  2.57050000e-08  4.06152949e-04  2.57050000e-08  1.16359547e-05 
 2.57150000e-08  1.34872795e+00  2.57150000e-08  1.73627993e-04  2.57150000e-08  4.94897340e-05  2.57150000e-08  8.86860997e-05  2.57150000e-08  2.91407816e-06  2.57150000e-08  4.05718602e-04  2.57150000e-08  9.14289760e-06 
 2.57250000e-08  1.29795128e+00  2.57250000e-08  1.43813447e-04  2.57250000e-08  4.15251511e-05  2.57250000e-08  8.46834650e-05  2.57250000e-08  2.34457148e-06  2.57250000e-08  4.05045573e-04  2.57250000e-08  6.90612744e-06 
 2.57350000e-08  1.24890643e+00  2.57350000e-08  1.21099882e-04  2.57350000e-08  3.42800530e-05  2.57350000e-08  8.17516113e-05  2.57350000e-08  1.86133372e-06  2.57350000e-08  4.04178281e-04  2.57350000e-08  4.90184756e-06 
 2.57450000e-08  1.20076539e+00  2.57450000e-08  1.03321672e-04  2.57450000e-08  2.78218410e-05  2.57450000e-08  7.94441697e-05  2.57450000e-08  1.45736763e-06  2.57450000e-08  4.03149324e-04  2.57450000e-08  3.11146213e-06 
 2.57550000e-08  1.15289996e+00  2.57550000e-08  8.89643872e-05  2.57550000e-08  2.22032371e-05  2.57550000e-08  7.74156731e-05  2.57550000e-08  1.12576402e-06  2.57550000e-08  4.01970827e-04  2.57550000e-08  1.51924712e-06 
 2.57650000e-08  1.10503243e+00  2.57650000e-08  7.71803868e-05  2.57650000e-08  1.74318474e-05  2.57650000e-08  7.55580650e-05  2.57650000e-08  8.58294604e-07  2.57650000e-08  4.00635341e-04  2.57650000e-08  1.10782694e-07 
 2.57750000e-08  1.05736172e+00  2.57750000e-08  6.75565073e-05  2.57750000e-08  1.35682500e-05  2.57750000e-08  7.39769213e-05  2.57750000e-08  6.51104161e-07  2.57750000e-08  3.99145708e-04  2.57750000e-08  1.35891629e-06 
 2.57850000e-08  1.01026015e+00  2.57850000e-08  5.97521636e-05  2.57850000e-08  1.03770828e-05  2.57850000e-08  7.27517405e-05  2.57850000e-08  4.86296098e-07  2.57850000e-08  3.97542541e-04  2.57850000e-08  2.60191091e-06 
 2.57950000e-08  9.63925723e-01  2.57950000e-08  5.33304163e-05  2.57950000e-08  7.79585856e-06  2.57950000e-08  7.17759307e-05  2.57950000e-08  3.57285609e-07  2.57950000e-08  3.95892120e-04  2.57950000e-08  3.61202313e-06 
 2.58050000e-08  9.18428262e-01  2.58050000e-08  4.79712715e-05  2.58050000e-08  5.75919776e-06  2.58050000e-08  7.09764275e-05  2.58050000e-08  2.58395738e-07  2.58050000e-08  3.94253336e-04  2.58050000e-08  4.40457608e-06 
 2.58150000e-08  8.73759327e-01  2.58150000e-08  4.34501877e-05  2.58150000e-08  4.18881530e-06  2.58150000e-08  7.03201455e-05  2.58150000e-08  1.84123451e-07  2.58150000e-08  3.92663128e-04  2.58150000e-08  4.99165153e-06 
 2.58250000e-08  8.29857855e-01  2.58250000e-08  3.95991788e-05  2.58250000e-08  3.00290306e-06  2.58250000e-08  6.97880887e-05  2.58250000e-08  1.29403479e-07  2.58250000e-08  3.91124974e-04  2.58250000e-08  5.38627340e-06 
 2.58350000e-08  7.86612493e-01  2.58350000e-08  3.62788459e-05  2.58350000e-08  2.12421073e-06  2.58350000e-08  6.93485604e-05  2.58350000e-08  8.98138783e-08  2.58350000e-08  3.89602208e-04  2.58350000e-08  5.60604957e-06 
 2.58450000e-08  7.43869470e-01  2.58450000e-08  3.33719742e-05  2.58450000e-08  1.48466713e-06  2.58450000e-08  6.89548314e-05  2.58450000e-08  6.16585897e-08  2.58450000e-08  3.88018635e-04  2.58450000e-08  5.67399897e-06 
 2.58550000e-08  7.01486401e-01  2.58550000e-08  3.07949244e-05  2.58550000e-08  1.02698419e-06  2.58550000e-08  6.85769332e-05  2.58550000e-08  4.19528713e-08  2.58550000e-08  3.86260587e-04  2.58550000e-08  5.62506872e-06 
 2.58650000e-08  6.59372599e-01  2.58650000e-08  2.84958966e-05  2.58650000e-08  7.04218350e-07  2.58650000e-08  6.82131889e-05  2.58650000e-08  2.83435801e-08  2.58650000e-08  3.84157150e-04  2.58650000e-08  5.47938409e-06 
 2.58750000e-08  6.17476489e-01  2.58750000e-08  2.64243644e-05  2.58750000e-08  4.79635866e-07  2.58750000e-08  6.78362708e-05  2.58750000e-08  1.90537141e-08  2.58750000e-08  3.81457350e-04  2.58750000e-08  5.25940484e-06 
 2.58850000e-08  5.75776279e-01  2.58850000e-08  2.45350832e-05  2.58850000e-08  3.25200249e-07  2.58850000e-08  6.74042248e-05  2.58850000e-08  1.27737054e-08  2.58850000e-08  3.77761400e-04  2.58850000e-08  4.99046310e-06 
 2.58950000e-08  5.34266767e-01  2.58950000e-08  2.27830314e-05  2.58950000e-08  2.20000345e-07  2.58950000e-08  6.68484353e-05  2.58950000e-08  8.55910980e-09  2.58950000e-08  3.72392400e-04  2.58950000e-08  4.69521937e-06 
 2.59050000e-08  4.93068085e-01  2.59050000e-08  2.11442882e-05  2.59050000e-08  1.48767865e-07  2.59050000e-08  6.61303624e-05  2.59050000e-08  5.74151864e-09  2.59050000e-08  3.64248902e-04  2.59050000e-08  4.39543831e-06 
 2.59150000e-08  4.52405330e-01  2.59150000e-08  1.95833397e-05  2.59150000e-08  1.00654808e-07  2.59150000e-08  6.51532205e-05  2.59150000e-08  3.85881128e-09  2.59150000e-08  3.51750180e-04  2.59150000e-08  4.11476628e-06 
 2.59250000e-08  4.12591187e-01  2.59250000e-08  1.80627268e-05  2.59250000e-08  6.82339649e-08  2.59250000e-08  6.37805583e-05  2.59250000e-08  2.60152640e-09  2.59250000e-08  3.33525933e-04  2.59250000e-08  3.86154426e-06 
 2.59350000e-08  3.74262802e-01  2.59350000e-08  1.65885968e-05  2.59350000e-08  4.63036075e-08  2.59350000e-08  6.19974597e-05  2.59350000e-08  1.75740074e-09  2.59350000e-08  3.10145910e-04  2.59350000e-08  3.64135159e-06 
 2.59450000e-08  3.38523184e-01  2.59450000e-08  1.52401637e-05  2.59450000e-08  3.13845467e-08  2.59450000e-08  6.00653882e-05  2.59450000e-08  1.18670558e-09  2.59450000e-08  2.84398968e-04  2.59450000e-08  3.46572364e-06 
 2.59550000e-08  3.06776009e-01  2.59550000e-08  1.41289985e-05  2.59550000e-08  2.11796002e-08  2.59550000e-08  5.84408105e-05  2.59550000e-08  7.98352900e-10  2.59550000e-08  2.59378916e-04  2.59550000e-08  3.34376292e-06 
 2.59650000e-08  2.79525451e-01  2.59650000e-08  1.31843806e-05  2.59650000e-08  1.42111382e-08  2.59650000e-08  5.69320147e-05  2.59650000e-08  5.34300354e-10  2.59650000e-08  2.36939464e-04  2.59650000e-08  3.23855417e-06 
 2.59750000e-08  2.56232314e-01  2.59750000e-08  1.22976558e-05  2.59750000e-08  9.52924847e-09  2.59750000e-08  5.51797840e-05  2.59750000e-08  3.57520388e-10  2.59750000e-08  2.17459903e-04  2.59750000e-08  3.16461623e-06 
 2.59850000e-08  2.36138093e-01  2.59850000e-08  1.14585120e-05  2.59850000e-08  6.41444130e-09  2.59850000e-08  5.32190251e-05  2.59850000e-08  2.40250281e-10  2.59850000e-08  2.00566146e-04  2.59850000e-08  3.12381007e-06 
 2.59950000e-08  2.18627693e-01  2.59950000e-08  1.06812623e-05  2.59950000e-08  4.34710250e-09  2.59950000e-08  5.11858333e-05  2.59950000e-08  1.62597686e-10  2.59950000e-08  1.85797190e-04  2.59950000e-08  3.11010022e-06 
 2.60050000e-08  2.03245239e-01  2.60050000e-08  9.97230260e-06  2.60050000e-08  2.97155859e-09  2.60050000e-08  4.91734162e-05  2.60050000e-08  1.11026408e-10  2.60050000e-08  1.72785160e-04  2.60050000e-08  3.11434209e-06 
 2.60150000e-08  1.89653899e-01  2.60150000e-08  9.33165162e-06  2.60150000e-08  2.05139525e-09  2.60150000e-08  4.72363119e-05  2.60150000e-08  7.65795555e-11  2.60150000e-08  1.61254280e-04  2.60150000e-08  3.12760506e-06 
 2.60250000e-08  1.77599002e-01  2.60250000e-08  8.75590879e-06  2.60250000e-08  1.43145648e-09  2.60250000e-08  4.54039339e-05  2.60250000e-08  5.33995355e-11  2.60250000e-08  1.50996831e-04  2.60250000e-08  3.14272359e-06 
 2.60350000e-08  1.66878472e-01  2.60350000e-08  8.24077217e-06  2.60350000e-08  1.01033436e-09  2.60350000e-08  4.36938753e-05  2.60350000e-08  3.76685536e-11  2.60350000e-08  1.41846967e-04  2.60350000e-08  3.15467885e-06 
 2.60450000e-08  1.57328126e-01  2.60450000e-08  7.78097360e-06  2.60450000e-08  7.21668389e-10  2.60450000e-08  4.21123013e-05  2.60450000e-08  2.68938070e-11  2.60450000e-08  1.33671498e-04  2.60450000e-08  3.16041888e-06 
 2.60550000e-08  1.48814449e-01  2.60550000e-08  7.37131935e-06  2.60550000e-08  5.21881270e-10  2.60550000e-08  4.06600067e-05  2.60550000e-08  1.94412280e-11  2.60550000e-08  1.26362682e-04  2.60550000e-08  3.15847182e-06 
 2.60650000e-08  1.41225328e-01  2.60650000e-08  7.00765041e-06  2.60650000e-08  3.82221354e-10  2.60650000e-08  3.93386816e-05  2.60650000e-08  1.42342098e-11  2.60650000e-08  1.19827861e-04  2.60650000e-08  3.14851713e-06 
 2.60750000e-08  1.34468220e-01  2.60750000e-08  6.68636149e-06  2.60750000e-08  2.83593006e-10  2.60750000e-08  3.81491148e-05  2.60750000e-08  1.05585317e-11  2.60750000e-08  1.13990004e-04  2.60750000e-08  3.13101378e-06 
 2.60850000e-08  1.28470376e-01  2.60850000e-08  6.40512675e-06  2.60850000e-08  2.13226378e-10  2.60850000e-08  3.70959285e-05  2.60850000e-08  7.93701365e-12  2.60850000e-08  1.08786348e-04  2.60850000e-08  3.10693137e-06 
 2.60950000e-08  1.23178806e-01  2.60950000e-08  6.16286454e-06  2.60950000e-08  1.62525180e-10  2.60950000e-08  3.61880801e-05  2.60950000e-08  6.04867280e-12  2.60950000e-08  1.04168902e-04  2.60950000e-08  3.07754892e-06 
 2.61050000e-08  1.18548933e-01  2.61050000e-08  5.95818246e-06  2.61050000e-08  1.25687102e-10  2.61050000e-08  3.54303295e-05  2.61050000e-08  4.67698246e-12  2.61050000e-08  1.00098644e-04  2.61050000e-08  3.04407989e-06 
 2.61150000e-08  1.14530365e-01  2.61150000e-08  5.78529247e-06  2.61150000e-08  9.86660206e-11  2.61150000e-08  3.48001496e-05  2.61150000e-08  3.67103638e-12  2.61150000e-08  9.65438938e-05  2.61150000e-08  3.01072670e-06 
 2.61250000e-08  1.11034970e-01  2.61250000e-08  5.63351223e-06  2.61250000e-08  7.85921357e-11  2.61250000e-08  3.42448681e-05  2.61250000e-08  2.92385011e-12  2.61250000e-08  9.34518259e-05  2.61250000e-08  2.98191906e-06 
 2.61350000e-08  1.07948696e-01  2.61350000e-08  5.49222645e-06  2.61350000e-08  6.34722148e-11  2.61350000e-08  3.37094894e-05  2.61350000e-08  2.36113872e-12  2.61350000e-08  9.07433440e-05  2.61350000e-08  2.95435920e-06 
 2.61450000e-08  1.05179751e-01  2.61450000e-08  5.35845248e-06  2.61450000e-08  5.18862462e-11  2.61450000e-08  3.31831674e-05  2.61450000e-08  1.92999734e-12  2.61450000e-08  8.83360723e-05  2.61450000e-08  2.92122510e-06 
 2.61550000e-08  1.02665115e-01  2.61550000e-08  5.23155529e-06  2.61550000e-08  4.28569735e-11  2.61550000e-08  3.26678562e-05  2.61550000e-08  1.59402718e-12  2.61550000e-08  8.61680774e-05  2.61550000e-08  2.87766396e-06 
 2.61650000e-08  1.00361799e-01  2.61650000e-08  5.11132314e-06  2.61650000e-08  3.57104833e-11  2.61650000e-08  3.21670873e-05  2.61650000e-08  1.32813404e-12  2.61650000e-08  8.41959090e-05  2.61650000e-08  2.82241743e-06 
 2.61750000e-08  9.82408044e-02  2.61750000e-08  4.99683221e-06  2.61750000e-08  2.99622103e-11  2.61750000e-08  3.16794216e-05  2.61750000e-08  1.11427787e-12  2.61750000e-08  8.23921798e-05  2.61750000e-08  2.75571364e-06 
 2.61850000e-08  9.62850944e-02  2.61850000e-08  4.88714704e-06  2.61850000e-08  2.52489737e-11  2.61850000e-08  3.12031509e-05  2.61850000e-08  9.38939554e-13  2.61850000e-08  8.07410780e-05  2.61850000e-08  2.67617157e-06 
 2.61950000e-08  9.44874514e-02  2.61950000e-08  4.78160982e-06  2.61950000e-08  2.12991568e-11  2.61950000e-08  3.07382105e-05  2.61950000e-08  7.92009398e-13  2.61950000e-08  7.92352536e-05  2.61950000e-08  2.57947105e-06 
 2.62050000e-08  9.28461186e-02  2.62050000e-08  4.68045867e-06  2.62050000e-08  1.79251563e-11  2.62050000e-08  3.02898054e-05  2.62050000e-08  6.66505370e-13  2.62050000e-08  7.78697309e-05  2.62050000e-08  2.45987140e-06 
 2.62150000e-08  9.13593960e-02  2.62150000e-08  4.58495519e-06  2.62150000e-08  1.50141101e-11  2.62150000e-08  2.98688501e-05  2.62150000e-08  5.58227416e-13  2.62150000e-08  7.66366368e-05  2.62150000e-08  2.31317171e-06 
 2.62250000e-08  9.00208900e-02  2.62250000e-08  4.49656374e-06  2.62250000e-08  1.25049307e-11  2.62250000e-08  2.94866422e-05  2.62250000e-08  4.64902265e-13  2.62250000e-08  7.55236684e-05  2.62250000e-08  2.13868818e-06 
 2.62350000e-08  8.88130498e-02  2.62350000e-08  4.41580704e-06  2.62350000e-08  1.03643528e-11  2.62350000e-08  2.91474512e-05  2.62350000e-08  3.85291621e-13  2.62350000e-08  7.45117685e-05  2.62350000e-08  1.93839239e-06 
 2.62450000e-08  8.77158026e-02  2.62450000e-08  4.34119364e-06  2.62450000e-08  8.55814346e-12  2.62450000e-08  2.88422195e-05  2.62450000e-08  3.18121378e-13  2.62450000e-08  7.35864234e-05  2.62450000e-08  1.71873841e-06 
 2.62550000e-08  8.67083073e-02  2.62550000e-08  4.27227630e-06  2.62550000e-08  7.05052672e-12  2.62550000e-08  2.85684580e-05  2.62550000e-08  2.62059883e-13  2.62550000e-08  7.27289930e-05  2.62550000e-08  1.48769677e-06 
 2.62650000e-08  8.57564496e-02  2.62650000e-08  4.20832776e-06  2.62650000e-08  5.81115050e-12  2.62650000e-08  2.83208420e-05  2.62650000e-08  2.15976787e-13  2.62650000e-08  7.19095578e-05  2.62650000e-08  1.24965178e-06 
 2.62750000e-08  8.48393621e-02  2.62750000e-08  4.14815384e-06  2.62750000e-08  4.79998037e-12  2.62750000e-08  2.80915023e-05  2.62750000e-08  1.78382209e-13  2.62750000e-08  7.11127972e-05  2.62750000e-08  1.01321142e-06 
 2.62850000e-08  8.39468230e-02  2.62850000e-08  4.08936990e-06  2.62850000e-08  3.97918405e-12  2.62850000e-08  2.78642179e-05  2.62850000e-08  1.47868391e-13  2.62850000e-08  7.03368470e-05  2.62850000e-08  7.88308625e-07 
 2.62950000e-08  8.30708876e-02  2.62950000e-08  4.03220016e-06  2.62950000e-08  3.31343210e-12  2.62950000e-08  2.76408610e-05  2.62950000e-08  1.23120951e-13  2.62950000e-08  6.95730213e-05  2.62950000e-08  5.87333660e-07 
 2.63050000e-08  8.21768737e-02  2.63050000e-08  3.97451482e-06  2.63050000e-08  2.77372897e-12  2.63050000e-08  2.74077895e-05  2.63050000e-08  1.03061144e-13  2.63050000e-08  6.87960749e-05  2.63050000e-08  4.22249995e-07 
 2.63150000e-08  8.12056644e-02  2.63150000e-08  3.90904636e-06  2.63150000e-08  2.33850198e-12  2.63150000e-08  2.71156918e-05  2.63150000e-08  8.68865246e-14  2.63150000e-08  6.79745157e-05  2.63150000e-08  3.14895916e-07 
 2.63250000e-08  7.99582639e-02  2.63250000e-08  3.81127621e-06  2.63250000e-08  1.98699557e-12  2.63250000e-08  2.65973812e-05  2.63250000e-08  7.38247351e-14  2.63250000e-08  6.70013047e-05  2.63250000e-08  2.64781884e-07 
 2.63350000e-08  7.83202714e-02  2.63350000e-08  3.68773676e-06  2.63350000e-08  1.70503641e-12  2.63350000e-08  2.58960883e-05  2.63350000e-08  6.33484871e-14  2.63350000e-08  6.57402964e-05  2.63350000e-08  2.79102439e-07 
 2.63450000e-08  7.63546211e-02  2.63450000e-08  3.56260226e-06  2.63450000e-08  1.48098888e-12  2.63450000e-08  2.51747920e-05  2.63450000e-08  5.50246955e-14  2.63450000e-08  6.41676347e-05  2.63450000e-08  3.42579558e-07 
 2.63550000e-08  7.41892022e-02  2.63550000e-08  3.44538111e-06  2.63550000e-08  1.30360584e-12  2.63550000e-08  2.44955904e-05  2.63550000e-08  4.84348596e-14  2.63550000e-08  6.23773216e-05  2.63550000e-08  4.26515889e-07 
 2.63650000e-08  7.19268297e-02  2.63650000e-08  3.33378701e-06  2.63650000e-08  1.16218341e-12  2.63650000e-08  2.38404287e-05  2.63650000e-08  4.31809630e-14  2.63650000e-08  6.04803756e-05  2.63650000e-08  5.06347773e-07 
 2.63750000e-08  6.96699457e-02  2.63750000e-08  3.22562354e-06  2.63750000e-08  1.04424138e-12  2.63750000e-08  2.31957376e-05  2.63750000e-08  3.87993400e-14  2.63750000e-08  5.85849245e-05  2.63750000e-08  5.82285188e-07 
 2.63850000e-08  6.74571171e-02  2.63850000e-08  3.11898518e-06  2.63850000e-08  9.42289468e-13  2.63850000e-08  2.25496334e-05  2.63850000e-08  3.50116094e-14  2.63850000e-08  5.67348749e-05  2.63850000e-08  6.42088749e-07 
 2.63950000e-08  6.52789113e-02  2.63950000e-08  3.01309105e-06  2.63950000e-08  8.54845807e-13  2.63950000e-08  2.18964923e-05  2.63950000e-08  3.17627722e-14  2.63950000e-08  5.49227929e-05  2.63950000e-08  6.86361175e-07 
 2.64050000e-08  6.31477169e-02  2.64050000e-08  2.90666328e-06  2.64050000e-08  7.77549267e-13  2.64050000e-08  2.12293264e-05  2.64050000e-08  2.88909105e-14  2.64050000e-08  5.31643700e-05  2.64050000e-08  7.27698766e-07 
 2.64150000e-08  6.10764658e-02  2.64150000e-08  2.79977219e-06  2.64150000e-08  7.06211705e-13  2.64150000e-08  2.05513331e-05  2.64150000e-08  2.62404745e-14  2.64150000e-08  5.14708795e-05  2.64150000e-08  7.75890722e-07 
 2.64250000e-08  5.90858159e-02  2.64250000e-08  2.69268311e-06  2.64250000e-08  6.36724788e-13  2.64250000e-08  1.98677894e-05  2.64250000e-08  2.36588639e-14  2.64250000e-08  4.98607743e-05  2.64250000e-08  8.42649749e-07 
 2.64350000e-08  5.72002855e-02  2.64350000e-08  2.58677283e-06  2.64350000e-08  5.66081878e-13  2.64350000e-08  1.91920851e-05  2.64350000e-08  2.10343734e-14  2.64350000e-08  4.83525483e-05  2.64350000e-08  9.37870568e-07 
 2.64450000e-08  5.54344437e-02  2.64450000e-08  2.48468468e-06  2.64450000e-08  4.94271284e-13  2.64450000e-08  1.85452124e-05  2.64450000e-08  1.83665128e-14  2.64450000e-08  4.69504751e-05  2.64450000e-08  1.06136245e-06 
 2.64550000e-08  5.37728636e-02  2.64550000e-08  2.38689913e-06  2.64550000e-08  4.24733667e-13  2.64550000e-08  1.79290451e-05  2.64550000e-08  1.57830268e-14  2.64550000e-08  4.56372524e-05  2.64550000e-08  1.19783292e-06 
 2.64650000e-08  5.21662063e-02  2.64650000e-08  2.29109054e-06  2.64650000e-08  3.62098715e-13  2.64650000e-08  1.73219059e-05  2.64650000e-08  1.34558702e-14  2.64650000e-08  4.43720199e-05  2.64650000e-08  1.32340884e-06 
 2.64750000e-08  5.05376767e-02  2.64750000e-08  2.19533420e-06  2.64750000e-08  3.10147251e-13  2.64750000e-08  1.67034741e-05  2.64750000e-08  1.15255142e-14  2.64750000e-08  4.30845211e-05  2.64750000e-08  1.41219620e-06 
 2.64850000e-08  4.87925453e-02  2.64850000e-08  2.09818675e-06  2.64850000e-08  2.71134327e-13  2.64850000e-08  1.60564069e-05  2.64850000e-08  1.00757709e-14  2.64850000e-08  4.16846566e-05  2.64850000e-08  1.43869678e-06 
 2.64950000e-08  4.68410255e-02  2.64950000e-08  1.99860471e-06  2.64950000e-08  2.45839736e-13  2.64950000e-08  1.53672107e-05  2.64950000e-08  9.13564069e-15  2.64950000e-08  4.00858425e-05  2.64950000e-08  1.38183735e-06 
 2.65050000e-08  4.46255055e-02  2.65050000e-08  1.89614763e-06  2.65050000e-08  2.34129038e-13  2.65050000e-08  1.46294484e-05  2.65050000e-08  8.70013675e-15  2.65050000e-08  3.82315775e-05  2.65050000e-08  1.23109202e-06 
 2.65150000e-08  4.21316836e-02  2.65150000e-08  1.79079235e-06  2.65150000e-08  2.35906229e-13  2.65150000e-08  1.38429698e-05  2.65150000e-08  8.76567030e-15  2.65150000e-08  3.61073683e-05  2.65150000e-08  9.89229288e-07 
 2.65250000e-08  3.94085273e-02  2.65250000e-08  1.68305249e-06  2.65250000e-08  2.51266447e-13  2.65250000e-08  1.30153817e-05  2.65250000e-08  9.33573830e-15  2.65250000e-08  3.37602382e-05  2.65250000e-08  6.79826399e-07 
 2.65350000e-08  3.64739923e-02  2.65350000e-08  1.57403726e-06  2.65350000e-08  2.83396695e-13  2.65350000e-08  1.21582454e-05  2.65350000e-08  1.05286257e-14  2.65350000e-08  3.12036695e-05  2.65350000e-08  3.09434415e-07 
 2.65450000e-08  3.33813697e-02  2.65450000e-08  1.46413098e-06  2.65450000e-08  3.38004899e-13  2.65450000e-08  1.12791174e-05  2.65450000e-08  1.25562841e-14  2.65450000e-08  2.84896839e-05  2.65450000e-08  8.23304765e-08 
 2.65550000e-08  3.01893825e-02  2.65550000e-08  1.35472542e-06  2.65550000e-08  4.25558082e-13  2.65550000e-08  1.03935865e-05  2.65550000e-08  1.58074958e-14  2.65550000e-08  2.56717089e-05  2.65550000e-08  4.35253882e-07 
 2.65650000e-08  2.69603970e-02  2.65650000e-08  1.24697667e-06  2.65650000e-08  5.60102169e-13  2.65650000e-08  9.51544595e-06  2.65650000e-08  2.08035269e-14  2.65650000e-08  2.28079365e-05  2.65650000e-08  8.03291301e-07 
 2.65750000e-08  2.37605636e-02  2.65750000e-08  1.14252541e-06  2.65750000e-08  7.64921375e-13  2.65750000e-08  8.66179200e-06  2.65750000e-08  2.84088355e-14  2.65750000e-08  1.99585696e-05  2.65750000e-08  1.16841503e-06 
 2.65850000e-08  2.06834793e-02  2.65850000e-08  1.04083817e-06  2.65850000e-08  1.07271473e-12  2.65850000e-08  7.83276195e-06  2.65850000e-08  3.98374459e-14  2.65850000e-08  1.72204258e-05  2.65850000e-08  1.51068898e-06 
 2.65950000e-08  1.78454512e-02  2.65950000e-08  9.45239570e-07  2.65950000e-08  1.52283760e-12  2.65950000e-08  7.05713286e-06  2.65950000e-08  5.65506412e-14  2.65950000e-08  1.46985669e-05  2.65950000e-08  1.80766044e-06 
 2.66050000e-08  1.52168246e-02  2.66050000e-08  8.57982872e-07  2.66050000e-08  2.19811430e-12  2.66050000e-08  6.35088775e-06  2.66050000e-08  8.16237978e-14  2.66050000e-08  1.23537518e-05  2.66050000e-08  2.06613343e-06 
 2.66150000e-08  1.28423462e-02  2.66150000e-08  7.81022459e-07  2.66150000e-08  3.21334312e-12  2.66150000e-08  5.72840351e-06  2.66150000e-08  1.19319827e-13  2.66150000e-08  1.02249011e-05  2.66150000e-08  2.28528683e-06 
 2.66250000e-08  1.07270812e-02  2.66250000e-08  7.19639212e-07  2.66250000e-08  4.76972565e-12  2.66250000e-08  5.22637243e-06  2.66250000e-08  1.77110424e-13  2.66250000e-08  8.29765729e-06  2.66250000e-08  2.47431930e-06 
 2.66350000e-08  8.88415104e-03  2.66350000e-08  6.71646914e-07  2.66350000e-08  7.18860737e-12  2.66350000e-08  4.82664752e-06  2.66350000e-08  2.66931145e-13  2.66350000e-08  6.59604232e-06  2.66350000e-08  2.61994038e-06 
 2.66450000e-08  7.30016093e-03  2.66450000e-08  6.27510549e-07  2.66450000e-08  1.09104200e-11  2.66450000e-08  4.46017612e-06  2.66450000e-08  4.05142648e-13  2.66450000e-08  5.14477350e-06  2.66450000e-08  2.73246136e-06 
 2.66550000e-08  5.94108902e-03  2.66550000e-08  5.83840388e-07  2.66550000e-08  1.65713058e-11  2.66550000e-08  4.10355180e-06  2.66550000e-08  6.15382564e-13  2.66550000e-08  3.92192984e-06  2.66550000e-08  2.80360423e-06 
 2.66650000e-08  4.76866048e-03  2.66650000e-08  5.41092400e-07  2.66650000e-08  2.51047586e-11  2.66650000e-08  3.76046666e-06  2.66650000e-08  9.32347526e-13  2.66650000e-08  2.88600434e-06  2.66650000e-08  2.83004832e-06 
 2.66750000e-08  3.74420373e-03  2.66750000e-08  4.99708569e-07  2.66750000e-08  3.78822226e-11  2.66750000e-08  3.43392557e-06  2.66750000e-08  1.40702708e-12  2.66750000e-08  1.99528386e-06  2.66750000e-08  2.81931932e-06 
 2.66850000e-08  2.83129849e-03  2.66850000e-08  4.59146258e-07  2.66850000e-08  5.69145668e-11  2.66850000e-08  3.11991101e-06  2.66850000e-08  2.11421030e-12  2.66850000e-08  1.21419359e-06  2.66850000e-08  2.78149446e-06 
 2.66950000e-08  1.99741697e-03  2.66950000e-08  4.19299116e-07  2.66950000e-08  8.51847989e-11  2.66950000e-08  2.81737980e-06  2.66950000e-08  3.16488660e-12  2.66950000e-08  5.09490874e-07  2.66950000e-08  2.72671066e-06 
 2.67050000e-08  1.20903587e-03  2.67050000e-08  3.81695297e-07  2.67050000e-08  1.27177959e-10  2.67050000e-08  2.53614056e-06  2.67050000e-08  4.72600906e-12  2.67050000e-08  1.59224031e-07  2.67050000e-08  2.66391133e-06 
 2.67150000e-08  4.28374813e-04  2.67150000e-08  3.47571785e-07  2.67150000e-08  1.89752912e-10  2.67150000e-08  2.28363941e-06  2.67150000e-08  7.05303389e-12  2.67150000e-08  8.34866314e-07  2.67150000e-08  2.60056509e-06 
 2.67250000e-08 -3.65807124e-04  2.67250000e-08  3.02730802e-07  2.67250000e-08  2.83557105e-10  2.67250000e-08  1.96667967e-06  2.67250000e-08  1.05427822e-11  2.67250000e-08  1.48695768e-06  2.67250000e-08  2.54243186e-06 
 2.67350000e-08 -1.18364771e-03  2.67350000e-08  2.59480834e-07  2.67350000e-08  4.25589952e-10  2.67350000e-08  1.66650535e-06  2.67350000e-08  1.58292999e-11  2.67350000e-08  2.17154251e-06  2.67350000e-08  2.49447361e-06 
 2.67450000e-08 -2.04198163e-03  2.67450000e-08  2.14725876e-07  2.67450000e-08  6.43674144e-10  2.67450000e-08  1.36301366e-06  2.67450000e-08  2.39513117e-11  2.67450000e-08  2.89470122e-06  2.67450000e-08  2.46104405e-06 
 2.67550000e-08 -2.96608101e-03  2.67550000e-08  1.67174718e-07  2.67550000e-08  9.84940205e-10  2.67550000e-08  1.04843981e-06  2.67550000e-08  3.66704415e-11  2.67550000e-08  3.67806641e-06  2.67550000e-08  2.44660670e-06 
 2.67650000e-08 -3.98356988e-03  2.67650000e-08  1.15835969e-07  2.67650000e-08  1.53237963e-09  2.67650000e-08  7.17391179e-07  2.67650000e-08  5.70932954e-11  2.67650000e-08  4.54684651e-06  2.67650000e-08  2.45622595e-06 
 2.67750000e-08 -5.12829678e-03  2.67750000e-08  5.92223594e-08  2.67750000e-08  2.43910537e-09  2.67750000e-08  3.61945887e-07  2.67750000e-08  9.09622078e-11  2.67750000e-08  5.53100861e-06  2.67750000e-08  2.49637344e-06 
 2.67850000e-08 -6.44441157e-03  2.67850000e-08  4.63600779e-09  2.67850000e-08  4.00354115e-09  2.67850000e-08  2.79348789e-08  2.67850000e-08  1.49497304e-10  2.67850000e-08  6.66958306e-06  2.67850000e-08  2.57602243e-06 
 2.67950000e-08 -7.99543768e-03  2.67950000e-08  7.83161940e-08  2.67950000e-08  6.84353305e-09  2.67950000e-08  4.64609685e-07  2.67950000e-08  2.56008332e-10  2.67950000e-08  8.01960118e-06  2.67950000e-08  2.70755348e-06 
 2.68050000e-08 -9.83594433e-03  2.68050000e-08  1.67029674e-07  2.68050000e-08  1.23169647e-08  2.68050000e-08  9.74042793e-07  2.68050000e-08  4.61978741e-10  2.68050000e-08  9.62024177e-06  2.68050000e-08  2.90702499e-06 
 2.68150000e-08 -1.20128925e-02  2.68150000e-08  2.74644696e-07  2.68150000e-08  2.35420348e-08  2.68150000e-08  1.57136314e-06  2.68150000e-08  8.86522820e-10  2.68150000e-08  1.15079078e-05  2.68150000e-08  3.19226035e-06 
 2.68250000e-08 -1.45229920e-02  2.68250000e-08  4.06293669e-07  2.68250000e-08  4.78027333e-08  2.68250000e-08  2.27599966e-06  2.68250000e-08  1.81117627e-09  2.68250000e-08  1.36641752e-05  2.68250000e-08  3.57917050e-06 
 2.68350000e-08 -1.72996609e-02  2.68350000e-08  5.64168557e-07  2.68350000e-08  1.02030132e-07  2.68350000e-08  3.08825256e-06  2.68350000e-08  3.90251162e-09  2.68350000e-08  1.60168115e-05  2.68350000e-08  4.08181781e-06 
 2.68450000e-08 -2.02473988e-02  2.68450000e-08  7.47493466e-07  2.68450000e-08  2.24814106e-07  2.68450000e-08  3.99152157e-06  2.68450000e-08  8.72310938e-09  2.68450000e-08  1.84748253e-05  2.68450000e-08  4.71485972e-06 
 2.68550000e-08 -2.32789665e-02  2.68550000e-08  9.53636924e-07  2.68550000e-08  5.01075977e-07  2.68550000e-08  4.96048204e-06  2.68550000e-08  1.98556673e-08  2.68550000e-08  2.09621125e-05  2.68550000e-08  5.49295334e-06 
 2.68650000e-08 -2.63244377e-02  2.68650000e-08  1.17891424e-06  2.68650000e-08  1.10815468e-06  2.68650000e-08  5.96664768e-06  2.68650000e-08  4.52123109e-08  2.68650000e-08  2.34233096e-05  2.68650000e-08  6.42609429e-06 
 2.68750000e-08 -2.93228491e-02  2.68750000e-08  1.41803863e-06  2.68750000e-08  2.39397283e-06  2.68750000e-08  6.97642838e-06  2.68750000e-08  1.01418813e-07  2.68750000e-08  2.58162316e-05  2.68750000e-08  7.51488484e-06 
 2.68850000e-08 -3.22111155e-02  2.68850000e-08  1.66336722e-06  2.68850000e-08  4.99962365e-06  2.68850000e-08  7.94845747e-06  2.68850000e-08  2.21549540e-07  2.68850000e-08  2.81022141e-05  2.68850000e-08  8.75050501e-06 
 2.68950000e-08 -3.49124867e-02  2.68950000e-08  1.90398720e-06  2.68950000e-08  1.00166651e-05  2.68950000e-08  8.83066150e-06  2.68950000e-08  4.67633194e-07  2.68950000e-08  3.02364452e-05  2.68950000e-08  1.01220457e-05 
 2.69050000e-08 -3.73221643e-02  2.69050000e-08  2.12402786e-06  2.69050000e-08  1.90274399e-05  2.69050000e-08  9.55454546e-06  2.69050000e-08  9.46725229e-07  2.69050000e-08  3.21573894e-05  2.69050000e-08  1.16306653e-05 
 2.69150000e-08 -3.92909855e-02  2.69150000e-08  2.30036169e-06  2.69150000e-08  3.36564029e-05  2.69150000e-08  1.00282106e-05  2.69150000e-08  1.81909418e-06  2.69150000e-08  3.37753673e-05  2.69150000e-08  1.33067326e-05 
 2.69250000e-08 -4.06169929e-02  2.69250000e-08  2.40169890e-06  2.69250000e-08  5.45522962e-05  2.69250000e-08  1.01372590e-05  2.69250000e-08  3.27616228e-06  2.69250000e-08  3.49645133e-05  2.69250000e-08  1.52224083e-05 
 2.69350000e-08 -4.10595172e-02  2.69350000e-08  2.39157477e-06  2.69350000e-08  8.06471902e-05  2.69350000e-08  9.76271252e-06  2.69350000e-08  5.48149749e-06  2.69350000e-08  3.55665367e-05  2.69350000e-08  1.74906400e-05 
 2.69450000e-08 -4.03781173e-02  2.69450000e-08  2.23482135e-06  2.69450000e-08  1.09569558e-04  2.69450000e-08  8.81089751e-06  2.69450000e-08  8.50870033e-06  2.69450000e-08  3.54105912e-05  2.69450000e-08  2.02467089e-05 
 2.69550000e-08 -3.83800020e-02  2.69550000e-08  1.90369043e-06  2.69550000e-08  1.38808551e-04  2.69550000e-08  7.23716493e-06  2.69550000e-08  1.23207733e-05  2.69550000e-08  3.43435145e-05  2.69550000e-08  2.36201209e-05 
 2.69650000e-08 -3.49529765e-02  2.69650000e-08  1.38018774e-06  2.69650000e-08  1.66549877e-04  2.69650000e-08  5.05037182e-06  2.69650000e-08  1.67980039e-05  2.69650000e-08  3.22565116e-05  2.69650000e-08  2.77108413e-05 
 2.69750000e-08 -3.00723995e-02  2.69750000e-08  6.54258621e-07  2.69750000e-08  1.91883533e-04  2.69750000e-08  2.29984658e-06  2.69750000e-08  2.17873713e-05  2.69750000e-08  2.90974822e-05  2.69750000e-08  3.25750045e-05 
 2.69850000e-08 -2.38079727e-02  2.69850000e-08  2.80137435e-07  2.69850000e-08  2.14635641e-04  2.69850000e-08  9.43750715e-07  2.69850000e-08  2.71352565e-05  2.69850000e-08  2.48894673e-05  2.69850000e-08  3.82358375e-05 
 2.69950000e-08 -1.62954802e-02  2.69950000e-08  1.42513657e-06  2.69950000e-08  2.34919875e-04  2.69950000e-08  4.58773614e-06  2.69950000e-08  3.27060566e-05  2.69950000e-08  1.97095998e-05  2.69950000e-08  4.46838703e-05 
 2.70050000e-08 -7.60037077e-03  2.70050000e-08  2.77398030e-06  2.70050000e-08  2.53032528e-04  2.70050000e-08  8.51499250e-06  2.70050000e-08  3.84046931e-05  2.70050000e-08  1.35435341e-05  2.70050000e-08  5.18869220e-05 
 2.70150000e-08  2.10521514e-03  2.70150000e-08  4.32935324e-06  2.70150000e-08  2.69285068e-04  2.70150000e-08  1.26460439e-05  2.70150000e-08  4.41630009e-05  2.70150000e-08  6.50363118e-06  2.70150000e-08  5.98055366e-05 
 2.70250000e-08  1.25368691e-02  2.70250000e-08  6.09357945e-06  2.70250000e-08  2.83956196e-04  2.70250000e-08  1.69067757e-05  2.70250000e-08  4.99327566e-05  2.70250000e-08  1.17453541e-06  2.70250000e-08  6.83983835e-05 
 2.70350000e-08  2.36643181e-02  2.70350000e-08  8.30278140e-06  2.70350000e-08  2.97265060e-04  2.70350000e-08  2.18432505e-05  2.70350000e-08  5.56740047e-05  2.70350000e-08  8.96940925e-06  2.70350000e-08  7.76245753e-05 
 2.70450000e-08  3.55212022e-02  2.70450000e-08  1.05620610e-05  2.70450000e-08  3.09338301e-04  2.70450000e-08  2.62925546e-05  2.70450000e-08  6.13311462e-05  2.70450000e-08  1.76601289e-05  2.70450000e-08  8.74288468e-05 
 2.70550000e-08  4.80934210e-02  2.70550000e-08  1.31109510e-05  2.70550000e-08  3.20300886e-04  2.70550000e-08  3.08204614e-05  2.70550000e-08  6.68647607e-05  2.70550000e-08  2.67990302e-05  2.70550000e-08  9.77759455e-05 
 2.70650000e-08  6.12681986e-02  2.70650000e-08  1.59325077e-05  2.70650000e-08  3.30225258e-04  2.70650000e-08  3.53012248e-05  2.70650000e-08  7.22239660e-05  2.70650000e-08  3.63307068e-05  2.70650000e-08  1.08621782e-04 
 2.70750000e-08  7.50050821e-02  2.70750000e-08  1.90558420e-05  2.70750000e-08  3.39122691e-04  2.70750000e-08  3.97278816e-05  2.70750000e-08  7.73337699e-05  2.70750000e-08  4.61898473e-05  2.70750000e-08  1.19906673e-04 
 2.70850000e-08  8.92625134e-02  2.70850000e-08  2.24850638e-05  2.70850000e-08  3.46945992e-04  2.70850000e-08  4.40492287e-05  2.70850000e-08  8.20879564e-05  2.70850000e-08  5.63479191e-05  2.70850000e-08  1.31544875e-04 
 2.70950000e-08  1.03979106e-01  2.70950000e-08  2.62113470e-05  2.70950000e-08  3.53637140e-04  2.70950000e-08  4.82106974e-05  2.70950000e-08  8.63722301e-05  2.70950000e-08  6.67673774e-05  2.70950000e-08  1.43424442e-04 
 2.71050000e-08  1.19028446e-01  2.71050000e-08  3.02116660e-05  2.71050000e-08  3.59225133e-04  2.71050000e-08  5.21507840e-05  2.71050000e-08  9.01285107e-05  2.71050000e-08  7.73596148e-05  2.71050000e-08  1.55438154e-04 
 2.71150000e-08  1.34229043e-01  2.71150000e-08  3.44655745e-05  2.71150000e-08  3.63855851e-04  2.71150000e-08  5.58217718e-05  2.71150000e-08  9.33861776e-05  2.71150000e-08  8.79761999e-05  2.71150000e-08  1.67516181e-04 
 2.71250000e-08  1.49405025e-01  2.71250000e-08  3.89695131e-05  2.71250000e-08  3.67722861e-04  2.71250000e-08  5.92030269e-05  2.71250000e-08  9.62252999e-05  2.71250000e-08  9.84547254e-05  2.71250000e-08  1.79630953e-04 
 2.71350000e-08  1.64430187e-01  2.71350000e-08  4.37385487e-05  2.71350000e-08  3.70994362e-04  2.71350000e-08  6.22963749e-05  2.71350000e-08  9.87267813e-05  2.71350000e-08  1.08662747e-04  2.71350000e-08  1.91781017e-04 
 2.71450000e-08  1.79234368e-01  2.71450000e-08  4.88002095e-05  2.71450000e-08  3.73784690e-04  2.71450000e-08  6.51132839e-05  2.71450000e-08  1.00947143e-04  2.71450000e-08  1.18512346e-04  2.71450000e-08  2.03971635e-04 
 2.71550000e-08  1.93786167e-01  2.71550000e-08  5.41886666e-05  2.71550000e-08  3.76163505e-04  2.71550000e-08  6.76652643e-05  2.71550000e-08  1.02919311e-04  2.71550000e-08  1.27949883e-04  2.71550000e-08  2.16198042e-04 
 2.71650000e-08  2.08077639e-01  2.71650000e-08  5.99427535e-05  2.71650000e-08  3.78170471e-04  2.71650000e-08  6.99615571e-05  2.71650000e-08  1.04659350e-04  2.71650000e-08  1.36942408e-04  2.71650000e-08  2.28428674e-04 
 2.71750000e-08  2.22112801e-01  2.71750000e-08  6.61053251e-05  2.71750000e-08  3.79830193e-04  2.71750000e-08  7.20086355e-05  2.71750000e-08  1.06175126e-04  2.71750000e-08  1.45466505e-04  2.71750000e-08  2.40587189e-04 
 2.71850000e-08  2.35902065e-01  2.71850000e-08  7.27241617e-05  2.71850000e-08  3.81163213e-04  2.71850000e-08  7.38112147e-05  2.71850000e-08  1.07473362e-04  2.71850000e-08  1.53501393e-04  2.71850000e-08  2.52533552e-04 
 2.71950000e-08  2.49460694e-01  2.71950000e-08  7.98534890e-05  2.71950000e-08  3.82192311e-04  2.71950000e-08  7.53732441e-05  2.71950000e-08  1.08563947e-04  2.71950000e-08  1.61025488e-04  2.71950000e-08  2.64049710e-04 
 2.72050000e-08  2.62810427e-01  2.72050000e-08  8.75562447e-05  2.72050000e-08  3.82945142e-04  2.72050000e-08  7.66988111e-05  2.72050000e-08  1.09461818e-04  2.72050000e-08  1.68015371e-04  2.72050000e-08  2.74842204e-04 
 2.72150000e-08  2.75982073e-01  2.72150000e-08  9.59063274e-05  2.72150000e-08  3.83453832e-04  2.72150000e-08  7.77921636e-05  2.72150000e-08  1.10186634e-04  2.72150000e-08  1.74445762e-04  2.72150000e-08  2.84581103e-04 
 2.72250000e-08  2.89018120e-01  2.72250000e-08  1.04990721e-04  2.72250000e-08  3.83753189e-04  2.72250000e-08  7.86569947e-05  2.72250000e-08  1.10761360e-04  2.72250000e-08  1.80289495e-04  2.72250000e-08  2.92982916e-04 
 2.72350000e-08  3.01975283e-01  2.72350000e-08  1.14911679e-04  2.72350000e-08  3.83878971e-04  2.72350000e-08  7.92953049e-05  2.72350000e-08  1.11210828e-04  2.72350000e-08  1.85516938e-04  2.72350000e-08  2.99906840e-04 
 2.72450000e-08  3.14927053e-01  2.72450000e-08  1.25789080e-04  2.72450000e-08  3.83866574e-04  2.72450000e-08  7.97059367e-05  2.72450000e-08  1.11560602e-04  2.72450000e-08  1.90094532e-04  2.72450000e-08  3.05401063e-04 
 2.72550000e-08  3.27966706e-01  2.72550000e-08  1.37763140e-04  2.72550000e-08  3.83750150e-04  2.72550000e-08  7.98827498e-05  2.72550000e-08  1.11836203e-04  2.72550000e-08  1.93982220e-04  2.72550000e-08  3.09664702e-04 
 2.72650000e-08  3.41211404e-01  2.72650000e-08  1.50997554e-04  2.72650000e-08  3.83562336e-04  2.72650000e-08  7.98122039e-05  2.72650000e-08  1.12062861e-04  2.72650000e-08  1.97129509e-04  2.72650000e-08  3.12960845e-04 
 2.72750000e-08  3.54808639e-01  2.72750000e-08  1.65682769e-04  2.72750000e-08  3.83334809e-04  2.72750000e-08  7.94699805e-05  2.72750000e-08  1.12265998e-04  2.72750000e-08  1.99469882e-04  2.72750000e-08  3.15541224e-04 
 2.72850000e-08  3.68947614e-01  2.72850000e-08  1.82037013e-04  2.72850000e-08  3.83098818e-04  2.72850000e-08  7.88163464e-05  2.72850000e-08  1.12471793e-04  2.72850000e-08  2.00913997e-04  2.72850000e-08  3.17609733e-04 
 2.72950000e-08  3.83880705e-01  2.72950000e-08  2.00293740e-04  2.72950000e-08  3.82881701e-04  2.72950000e-08  7.77905745e-05  2.72950000e-08  1.12704680e-04  2.72950000e-08  2.01345992e-04  2.72950000e-08  3.19316674e-04 
 2.73050000e-08  3.99957377e-01  2.73050000e-08  2.20638287e-04  2.73050000e-08  3.82687751e-04  2.73050000e-08  7.63130816e-05  2.73050000e-08  1.12972356e-04  2.73050000e-08  2.00629282e-04  2.73050000e-08  3.20765719e-04 
 2.73150000e-08  4.17647968e-01  2.73150000e-08  2.43004470e-04  2.73150000e-08  3.82482049e-04  2.73150000e-08  7.42909763e-05  2.73150000e-08  1.13252531e-04  2.73150000e-08  1.98623314e-04  2.73150000e-08  3.22024110e-04 
 2.73250000e-08  4.37498381e-01  2.73250000e-08  2.66566035e-04  2.73250000e-08  3.82209549e-04  2.73250000e-08  7.16354445e-05  2.73250000e-08  1.13507067e-04  2.73250000e-08  1.95162188e-04  2.73250000e-08  3.23134236e-04 
 2.73350000e-08  4.60007463e-01  2.73350000e-08  2.88738293e-04  2.73350000e-08  3.81830299e-04  2.73350000e-08  6.83131849e-05  2.73350000e-08  1.13709098e-04  2.73350000e-08  1.90038506e-04  2.73350000e-08  3.24124449e-04 
 2.73450000e-08  4.85469535e-01  2.73450000e-08  3.05001406e-04  2.73450000e-08  3.81323775e-04  2.73450000e-08  6.44572906e-05  2.73450000e-08  1.13845588e-04  2.73450000e-08  1.83106049e-04  2.73450000e-08  3.25015989e-04 
 2.73550000e-08  5.13876966e-01  2.73550000e-08  3.12592481e-04  2.73550000e-08  3.80678140e-04  2.73550000e-08  6.03858177e-05  2.73550000e-08  1.13907965e-04  2.73550000e-08  1.74474230e-04  2.73550000e-08  3.25826478e-04 
 2.73650000e-08  5.44975867e-01  2.73650000e-08  3.13145864e-04  2.73650000e-08  3.79895115e-04  2.73650000e-08  5.63730840e-05  2.73650000e-08  1.13896470e-04  2.73650000e-08  1.64553088e-04  2.73650000e-08  3.26571854e-04 
 2.73750000e-08  5.78422652e-01  2.73750000e-08  3.09489450e-04  2.73750000e-08  3.78986550e-04  2.73750000e-08  5.25120403e-05  2.73750000e-08  1.13818867e-04  2.73750000e-08  1.53861870e-04  2.73750000e-08  3.27266762e-04 
 2.73850000e-08  6.13902052e-01  2.73850000e-08  3.03372398e-04  2.73850000e-08  3.77975721e-04  2.73850000e-08  4.87847078e-05  2.73850000e-08  1.13692827e-04  2.73850000e-08  1.42830675e-04  2.73850000e-08  3.27925025e-04 
 2.73950000e-08  6.51170963e-01  2.73950000e-08  2.95585549e-04  2.73950000e-08  3.76896639e-04  2.73950000e-08  4.51442080e-05  2.73950000e-08  1.13546166e-04  2.73950000e-08  1.31737221e-04  2.73950000e-08  3.28559961e-04 
 2.74050000e-08  6.90068989e-01  2.74050000e-08  2.86457323e-04  2.74050000e-08  3.75774725e-04  2.74050000e-08  4.15578935e-05  2.74050000e-08  1.13401382e-04  2.74050000e-08  1.20743084e-04  2.74050000e-08  3.29183228e-04 
 2.74150000e-08  7.30502330e-01  2.74150000e-08  2.76142437e-04  2.74150000e-08  3.74614561e-04  2.74150000e-08  3.80195814e-05  2.74150000e-08  1.13265287e-04  2.74150000e-08  1.09950470e-04  2.74150000e-08  3.29803422e-04 
 2.74250000e-08  7.72412649e-01  2.74250000e-08  2.64717798e-04  2.74250000e-08  3.73412418e-04  2.74250000e-08  3.45371077e-05  2.74250000e-08  1.13138829e-04  2.74250000e-08  9.94312619e-05  2.74250000e-08  3.30425458e-04 
 2.74350000e-08  8.15714908e-01  2.74350000e-08  2.52221783e-04  2.74350000e-08  3.72164284e-04  2.74350000e-08  3.11247933e-05  2.74350000e-08  1.13022942e-04  2.74350000e-08  8.92426756e-05  2.74350000e-08  3.31046747e-04 
 2.74450000e-08  8.60427960e-01  2.74450000e-08  2.38735470e-04  2.74450000e-08  3.70839709e-04  2.74450000e-08  2.78133301e-05  2.74450000e-08  1.12898803e-04  2.74450000e-08  7.94460309e-05  2.74450000e-08  3.31673363e-04 
 2.74550000e-08  9.06566536e-01  2.74550000e-08  2.24488248e-04  2.74550000e-08  3.69376631e-04  2.74550000e-08  2.46613058e-05  2.74550000e-08  1.12720609e-04  2.74550000e-08  7.01451924e-05  2.74550000e-08  3.32301358e-04 
 2.74650000e-08  9.54047306e-01  2.74650000e-08  2.09275395e-04  2.74650000e-08  3.67857291e-04  2.74650000e-08  2.16300622e-05  2.74650000e-08  1.12564741e-04  2.74650000e-08  6.13237339e-05  2.74650000e-08  3.32931271e-04 
 2.74750000e-08  1.00286032e+00  2.74750000e-08  1.92840537e-04  2.74750000e-08  3.66344125e-04  2.74750000e-08  1.86885654e-05  2.74750000e-08  1.12497917e-04  2.74750000e-08  5.29192236e-05  2.74750000e-08  3.33567015e-04 
 2.74850000e-08  1.05311943e+00  2.74850000e-08  1.75481273e-04  2.74850000e-08  3.64730671e-04  2.74850000e-08  1.59058077e-05  2.74850000e-08  1.12448436e-04  2.74850000e-08  4.49909410e-05  2.74850000e-08  3.34204157e-04 
 2.74950000e-08  1.10501114e+00  2.74950000e-08  1.57667135e-04  2.74950000e-08  3.62901126e-04  2.74950000e-08  1.33519573e-05  2.74950000e-08  1.12338323e-04  2.74950000e-08  3.76503797e-05  2.74950000e-08  3.34831505e-04 
 2.75050000e-08  1.15828674e+00  2.75050000e-08  1.39068925e-04  2.75050000e-08  3.60973317e-04  2.75050000e-08  1.09730732e-05  2.75050000e-08  1.12293172e-04  2.75050000e-08  3.08222976e-05  2.75050000e-08  3.35450942e-04 
 2.75150000e-08  1.21309598e+00  2.75150000e-08  1.21140926e-04  2.75150000e-08  3.58603486e-04  2.75150000e-08  8.92617238e-06  2.75150000e-08  1.12043647e-04  2.75150000e-08  2.47562867e-05  2.75150000e-08  3.36047737e-04 
 2.75250000e-08  1.26936547e+00  2.75250000e-08  1.05272164e-04  2.75250000e-08  3.55555875e-04  2.75250000e-08  7.29603697e-06  2.75250000e-08  1.11401833e-04  2.75250000e-08  1.97105188e-05  2.75250000e-08  3.36600177e-04 
 2.75350000e-08  1.32694187e+00  2.75350000e-08  9.09855006e-05  2.75350000e-08  3.52055284e-04  2.75350000e-08  5.96212085e-06  2.75350000e-08  1.10616669e-04  2.75350000e-08  1.55471696e-05  2.75350000e-08  3.37086341e-04 
 2.75450000e-08  1.38514333e+00  2.75450000e-08  7.76455518e-05  2.75450000e-08  3.48206474e-04  2.75450000e-08  4.82262458e-06  2.75450000e-08  1.09883619e-04  2.75450000e-08  1.20320244e-05  2.75450000e-08  3.37553026e-04 
 2.75550000e-08  1.44382695e+00  2.75550000e-08  6.49197508e-05  2.75550000e-08  3.43819811e-04  2.75550000e-08  3.82487197e-06  2.75550000e-08  1.09296516e-04  2.75550000e-08  8.98981918e-06  2.75550000e-08  3.37997202e-04 
 2.75650000e-08  1.50288305e+00  2.75650000e-08  5.26453248e-05  2.75650000e-08  3.38080941e-04  2.75650000e-08  2.94052099e-06  2.75650000e-08  1.08864765e-04  2.75650000e-08  6.28027969e-06  2.75650000e-08  3.38423212e-04 
 2.75750000e-08  1.56209408e+00  2.75750000e-08  4.10351011e-05  2.75750000e-08  3.28122730e-04  2.75750000e-08  2.17145004e-06  2.75750000e-08  1.08400686e-04  2.75750000e-08  3.84659982e-06  2.75750000e-08  3.38834102e-04 
 2.75850000e-08  1.62078758e+00  2.75850000e-08  3.06068729e-05  2.75850000e-08  3.07148725e-04  2.75850000e-08  1.53516969e-06  2.75850000e-08  1.07296729e-04  2.75850000e-08  1.71747789e-06  2.75850000e-08  3.39227289e-04 
 2.75950000e-08  1.67735467e+00  2.75950000e-08  2.18824341e-05  2.75950000e-08  2.73345687e-04  2.75950000e-08  1.04271174e-06  2.75950000e-08  1.04592951e-04  2.75950000e-08  4.74756167e-08  2.75950000e-08  3.39593298e-04 
 2.76050000e-08  1.72964082e+00  2.76050000e-08  1.51524727e-05  2.76050000e-08  2.36174618e-04  2.76050000e-08  6.88943052e-07  2.76050000e-08  1.00073631e-04  2.76050000e-08  1.55555732e-06  2.76050000e-08  3.39916922e-04 
 2.76150000e-08  1.77646103e+00  2.76150000e-08  1.01619961e-05  2.76150000e-08  2.02228317e-04  2.76150000e-08  4.42856741e-07  2.76150000e-08  9.45521899e-05  2.76150000e-08  2.54485591e-06  2.76150000e-08  3.40176908e-04 
 2.76250000e-08  1.81806775e+00  2.76250000e-08  6.62322697e-06  2.76250000e-08  1.73332317e-04  2.76250000e-08  2.78054578e-07  2.76250000e-08  8.89801389e-05  2.76250000e-08  3.16282312e-06  2.76250000e-08  3.40353262e-04 
 2.76350000e-08  1.85535252e+00  2.76350000e-08  4.20700948e-06  2.76350000e-08  1.49507184e-04  2.76350000e-08  1.71048933e-07  2.76350000e-08  8.39506119e-05  2.76350000e-08  3.52137780e-06  2.76350000e-08  3.40436256e-04 
 2.76450000e-08  1.88928101e+00  2.76450000e-08  2.61448448e-06  2.76450000e-08  1.30165044e-04  2.76450000e-08  1.03500153e-07  2.76450000e-08  7.97067695e-05  2.76450000e-08  3.69898472e-06  2.76450000e-08  3.40426811e-04 
 2.76550000e-08  1.92071658e+00  2.76550000e-08  1.59831783e-06  2.76550000e-08  1.14533603e-04  2.76550000e-08  6.19198696e-08  2.76550000e-08  7.62669067e-05  2.76550000e-08  3.75010421e-06  2.76550000e-08  3.40331785e-04 
 2.76650000e-08  1.95038581e+00  2.76650000e-08  9.67479849e-07  2.76650000e-08  1.01844145e-04  2.76650000e-08  3.68461181e-08  2.76650000e-08  7.35303019e-05  2.76650000e-08  3.71416448e-06  2.76650000e-08  3.40159858e-04 
 2.76750000e-08  1.97889065e+00  2.76750000e-08  5.83981604e-07  2.76750000e-08  9.14181579e-05  2.76750000e-08  2.19483974e-08  2.76750000e-08  7.13453773e-05  2.76750000e-08  3.62042067e-06  2.76750000e-08  3.39919037e-04 
 2.76850000e-08  2.00673729e+00  2.76850000e-08  3.54016386e-07  2.76850000e-08  8.26955630e-05  2.76850000e-08  1.31715451e-08  2.76850000e-08  6.95479160e-05  2.76850000e-08  3.49070309e-06  2.76850000e-08  3.39615383e-04 
 2.76950000e-08  2.03436456e+00  2.76950000e-08  2.16989844e-07  2.76950000e-08  7.52334914e-05  2.76950000e-08  8.01172929e-09  2.76950000e-08  6.79811663e-05  2.76950000e-08  3.34128363e-06  2.76950000e-08  3.39252325e-04 
 2.77050000e-08  2.06213646e+00  2.77050000e-08  1.35273871e-07  2.77050000e-08  6.87072824e-05  2.77050000e-08  4.96578583e-09  2.77050000e-08  6.65189510e-05  2.77050000e-08  3.18325843e-06  2.77050000e-08  3.38829443e-04 
 2.77150000e-08  2.09025266e+00  2.77150000e-08  8.61494627e-08  2.77150000e-08  6.29354925e-05  2.77150000e-08  3.14864721e-09  2.77150000e-08  6.51143668e-05  2.77150000e-08  3.02464515e-06  2.77150000e-08  3.38344199e-04 
 2.77250000e-08  2.11867453e+00  2.77250000e-08  5.61747628e-08  2.77250000e-08  5.78728609e-05  2.77250000e-08  2.04625851e-09  2.77250000e-08  6.38273290e-05  2.77250000e-08  2.86928705e-06  2.77250000e-08  3.37794505e-04 
 2.77350000e-08  2.14724263e+00  2.77350000e-08  3.75283567e-08  2.77350000e-08  5.35013472e-05  2.77350000e-08  1.36350626e-09  2.77350000e-08  6.27414598e-05  2.77350000e-08  2.71750978e-06  2.77350000e-08  3.37185227e-04 
 2.77450000e-08  2.17584034e+00  2.77450000e-08  2.56861972e-08  2.77450000e-08  4.97475156e-05  2.77450000e-08  9.31363790e-10  2.77450000e-08  6.18757964e-05  2.77450000e-08  2.56823262e-06  2.77450000e-08  3.36527378e-04 
 2.77550000e-08  2.20442106e+00  2.77550000e-08  1.80074831e-08  2.77550000e-08  4.65044722e-05  2.77550000e-08  6.51892243e-10  2.77550000e-08  6.11958460e-05  2.77550000e-08  2.42019820e-06  2.77550000e-08  3.35831407e-04 
 2.77650000e-08  2.23296762e+00  2.77650000e-08  1.29248369e-08  2.77650000e-08  4.36739621e-05  2.77650000e-08  4.67291072e-10  2.77650000e-08  6.06575182e-05  2.77650000e-08  2.27167886e-06  2.77650000e-08  3.35104166e-04 
 2.77750000e-08  2.26146498e+00  2.77750000e-08  9.49155811e-09  2.77750000e-08  4.11802322e-05  2.77750000e-08  3.42801808e-10  2.77750000e-08  6.02271336e-05  2.77750000e-08  2.11979072e-06  2.77750000e-08  3.34350498e-04 
 2.77850000e-08  2.28989370e+00  2.77850000e-08  7.12601700e-09  2.77850000e-08  3.89664649e-05  2.77850000e-08  2.57143184e-10  2.77850000e-08  5.98816947e-05  2.77850000e-08  1.95967339e-06  2.77850000e-08  3.33576535e-04 
 2.77950000e-08  2.31823231e+00  2.77950000e-08  5.46477169e-09  2.77950000e-08  3.69885719e-05  2.77950000e-08  1.97053480e-10  2.77950000e-08  5.96045248e-05  2.77950000e-08  1.78459509e-06  2.77950000e-08  3.32791708e-04 
 2.78050000e-08  2.34646386e+00  2.78050000e-08  4.27683028e-09  2.78050000e-08  3.52102312e-05  2.78050000e-08  1.54122457e-10  2.78050000e-08  5.93812381e-05  2.78050000e-08  1.58870756e-06  2.78050000e-08  3.32007488e-04 
 2.78150000e-08  2.37458574e+00  2.78150000e-08  3.41290319e-09  2.78150000e-08  3.35986926e-05  2.78150000e-08  1.22924303e-10  2.78150000e-08  5.91953849e-05  2.78150000e-08  1.37129625e-06  2.78150000e-08  3.31233590e-04 
 2.78250000e-08  2.40261268e+00  2.78250000e-08  2.77485194e-09  2.78250000e-08  3.21243171e-05  2.78250000e-08  9.98974947e-11  2.78250000e-08  5.90288503e-05  2.78250000e-08  1.13950694e-06  2.78250000e-08  3.30474450e-04 
 2.78350000e-08  2.43056454e+00  2.78350000e-08  2.29654152e-09  2.78350000e-08  3.07649989e-05  2.78350000e-08  8.26448779e-11  2.78350000e-08  5.88706150e-05  2.78350000e-08  9.01880286e-07  2.78350000e-08  3.29727784e-04 
 2.78450000e-08  2.45844728e+00  2.78450000e-08  1.93300501e-09  2.78450000e-08  2.95087102e-05  2.78450000e-08  6.95382772e-11  2.78450000e-08  5.87235679e-05  2.78450000e-08  6.75785230e-07  2.78450000e-08  3.28985536e-04 
 2.78550000e-08  2.48625895e+00  2.78550000e-08  1.65257847e-09  2.78550000e-08  2.83479484e-05  2.78550000e-08  5.94321234e-11  2.78550000e-08  5.85959589e-05  2.78550000e-08  4.65016933e-07  2.78550000e-08  3.28232534e-04 
 2.78650000e-08  2.51399611e+00  2.78650000e-08  1.43336860e-09  2.78650000e-08  2.72740101e-05  2.78650000e-08  5.15349081e-11  2.78650000e-08  5.84908791e-05  2.78650000e-08  2.74283168e-07  2.78650000e-08  3.27447235e-04 
 2.78750000e-08  2.54164473e+00  2.78750000e-08  1.25967560e-09  2.78750000e-08  2.62775335e-05  2.78750000e-08  4.52794726e-11  2.78750000e-08  5.84073958e-05  2.78750000e-08  1.16249857e-07  2.78750000e-08  3.26604001e-04 
 2.78850000e-08  2.56919737e+00  2.78850000e-08  1.12056113e-09  2.78850000e-08  2.53499912e-05  2.78850000e-08  4.02707930e-11  2.78850000e-08  5.83430745e-05  2.78850000e-08  5.07272595e-09  2.78850000e-08  3.25662645e-04 
 2.78950000e-08  2.59665135e+00  2.78950000e-08  1.00734566e-09  2.78950000e-08  2.44808719e-05  2.78950000e-08  3.61955254e-11  2.78950000e-08  5.82879957e-05  2.78950000e-08  1.10664305e-07  2.78950000e-08  3.24565613e-04 
 2.79050000e-08  2.62396637e+00  2.79050000e-08  9.14835331e-10  2.79050000e-08  2.36776656e-05  2.79050000e-08  3.28661999e-11  2.79050000e-08  5.82709855e-05  2.79050000e-08  2.06962617e-07  2.79050000e-08  3.23221256e-04 
 2.79150000e-08  2.65100377e+00  2.79150000e-08  8.38288784e-10  2.79150000e-08  2.29571724e-05  2.79150000e-08  3.01119500e-11  2.79150000e-08  5.83449557e-05  2.79150000e-08  2.74013173e-07  2.79150000e-08  3.21513065e-04 
 2.79250000e-08  2.67727171e+00  2.79250000e-08  7.71953874e-10  2.79250000e-08  2.24213287e-05  2.79250000e-08  2.77256787e-11  2.79250000e-08  5.87811375e-05  2.79250000e-08  2.96072380e-07  2.79250000e-08  3.19287910e-04 
 2.79350000e-08  2.70207696e+00  2.79350000e-08  7.10824019e-10  2.79350000e-08  2.21644864e-05  2.79350000e-08  2.55272273e-11  2.79350000e-08  5.98512084e-05  2.79350000e-08  2.58788997e-07  2.79350000e-08  3.16367582e-04 
 2.79450000e-08  2.72542497e+00  2.79450000e-08  6.53710689e-10  2.79450000e-08  2.20111220e-05  2.79450000e-08  2.34737608e-11  2.79450000e-08  6.11191987e-05  2.79450000e-08  1.55691060e-07  2.79450000e-08  3.12585673e-04 
 2.79550000e-08  2.74779287e+00  2.79550000e-08  6.01342753e-10  2.79550000e-08  2.17470318e-05  2.79550000e-08  2.15913418e-11  2.79550000e-08  6.20043716e-05  2.79550000e-08  4.56063974e-09  2.79550000e-08  3.07793991e-04 
 2.79650000e-08  2.76952799e+00  2.79650000e-08  5.54480695e-10  2.79650000e-08  2.13217070e-05  2.79650000e-08  1.99072037e-11  2.79650000e-08  6.23471531e-05  2.79650000e-08  2.21728809e-07  2.79650000e-08  3.01864032e-04 
 2.79750000e-08  2.79078191e+00  2.79750000e-08  5.12200468e-10  2.79750000e-08  2.07705210e-05  2.79750000e-08  1.83878737e-11  2.79750000e-08  6.22278206e-05  2.79750000e-08  4.31684275e-07  2.79750000e-08  2.94736132e-04 
 2.79850000e-08  2.81159311e+00  2.79850000e-08  4.74234601e-10  2.79850000e-08  2.01391194e-05  2.79850000e-08  1.70236622e-11  2.79850000e-08  6.17639389e-05  2.79850000e-08  6.17241377e-07  2.79850000e-08  2.86472686e-04 
 2.79950000e-08  2.83194189e+00  2.79950000e-08  4.40276828e-10  2.79950000e-08  1.94616269e-05  2.79950000e-08  1.58035276e-11  2.79950000e-08  6.10465510e-05  2.79950000e-08  7.72491389e-07  2.79950000e-08  2.77265434e-04 
 2.80050000e-08  2.85177801e+00  2.80050000e-08  4.10020762e-10  2.80050000e-08  1.87615133e-05  2.80050000e-08  1.47164471e-11  2.80050000e-08  6.01403057e-05  2.80050000e-08  8.99414343e-07  2.80050000e-08  2.67387659e-04 
 2.80150000e-08  2.87103442e+00  2.80150000e-08  3.83193935e-10  2.80150000e-08  1.80571000e-05  2.80150000e-08  1.37526266e-11  2.80150000e-08  5.90987784e-05  2.80150000e-08  1.00456554e-06  2.80150000e-08  2.57126777e-04 
 2.80250000e-08  2.88963458e+00  2.80250000e-08  3.59592113e-10  2.80250000e-08  1.73655293e-05  2.80250000e-08  1.29047265e-11  2.80250000e-08  5.79764126e-05  2.80250000e-08  1.09691861e-06  2.80250000e-08  2.46735505e-04 
 2.80350000e-08  2.90750564e+00  2.80350000e-08  3.39098998e-10  2.80350000e-08  1.67013653e-05  2.80350000e-08  1.21685684e-11  2.80350000e-08  5.68237255e-05  2.80350000e-08  1.18793776e-06  2.80350000e-08  2.36413055e-04 
 2.80450000e-08  2.92461998e+00  2.80450000e-08  3.21569469e-10  2.80450000e-08  1.60649052e-05  2.80450000e-08  1.15389381e-11  2.80450000e-08  5.56474830e-05  2.80450000e-08  1.29022842e-06  2.80450000e-08  2.26304740e-04 
 2.80550000e-08  2.94101658e+00  2.80550000e-08  3.06461665e-10  2.80550000e-08  1.54398648e-05  2.80550000e-08  1.09963446e-11  2.80550000e-08  5.43996510e-05  2.80550000e-08  1.40004787e-06  2.80550000e-08  2.16503551e-04 
 2.80650000e-08  2.95673963e+00  2.80650000e-08  2.92731967e-10  2.80650000e-08  1.48170212e-05  2.80650000e-08  1.05032406e-11  2.80650000e-08  5.30557284e-05  2.80650000e-08  1.48472021e-06  2.80650000e-08  2.07055328e-04 
 2.80750000e-08  2.97179839e+00  2.80750000e-08  2.79245654e-10  2.80750000e-08  1.42014164e-05  2.80750000e-08  1.00188189e-11  2.80750000e-08  5.16410492e-05  2.80750000e-08  1.50737534e-06  2.80750000e-08  1.97979895e-04 
 2.80850000e-08  2.98617768e+00  2.80850000e-08  2.65084944e-10  2.80850000e-08  1.36022853e-05  2.80850000e-08  9.51010610e-12  2.80850000e-08  5.01969430e-05  2.80850000e-08  1.44855922e-06  2.80850000e-08  1.89291293e-04 
 2.80950000e-08  2.99985756e+00  2.80950000e-08  2.49704554e-10  2.80950000e-08  1.30267131e-05  2.80950000e-08  8.95754711e-12  2.80950000e-08  4.87578163e-05  2.80950000e-08  1.30854220e-06  2.80950000e-08  1.81002619e-04 
 2.81050000e-08  3.01282646e+00  2.81050000e-08  2.33079982e-10  2.81050000e-08  1.24794595e-05  2.81050000e-08  8.36031654e-12  2.81050000e-08  4.73494410e-05  2.81050000e-08  1.10530214e-06  2.81050000e-08  1.73121109e-04 
 2.81150000e-08  3.02508496e+00  2.81150000e-08  2.15653187e-10  2.81150000e-08  1.19644555e-05  2.81150000e-08  7.73434524e-12  2.81150000e-08  4.59939059e-05  2.81150000e-08  8.67929206e-07  2.81150000e-08  1.65644691e-04 
 2.81250000e-08  3.03664555e+00  2.81250000e-08  1.98098350e-10  2.81250000e-08  1.14850931e-05  2.81250000e-08  7.10388412e-12  2.81250000e-08  4.47107355e-05  2.81250000e-08  6.25888346e-07  2.81250000e-08  1.58562807e-04 
 2.81350000e-08  3.04754279e+00  2.81350000e-08  1.81157291e-10  2.81350000e-08  1.10422603e-05  2.81350000e-08  6.49558069e-12  2.81350000e-08  4.35093027e-05  2.81350000e-08  3.99305623e-07  2.81350000e-08  1.51854652e-04 
 2.81450000e-08  3.05780576e+00  2.81450000e-08  1.65116912e-10  2.81450000e-08  1.06306381e-05  2.81450000e-08  5.91973931e-12  2.81450000e-08  4.23753972e-05  2.81450000e-08  2.10716193e-07  2.81450000e-08  1.45514273e-04 
 2.81550000e-08  3.06747849e+00  2.81550000e-08  1.50259309e-10  2.81550000e-08  1.02465808e-05  2.81550000e-08  5.38647059e-12  2.81550000e-08  4.13000273e-05  2.81550000e-08  7.03761838e-08  2.81550000e-08  1.39521930e-04 
 2.81650000e-08  3.07661004e+00  2.81650000e-08  1.36802411e-10  2.81650000e-08  9.88651981e-06  2.81650000e-08  4.90357734e-12  2.81650000e-08  4.02736233e-05  2.81650000e-08  1.03717377e-08  2.81650000e-08  1.33853844e-04 
 2.81750000e-08  3.08525142e+00  2.81750000e-08  1.24862015e-10  2.81750000e-08  9.54737552e-06  2.81750000e-08  4.47519299e-12  2.81750000e-08  3.92879178e-05  2.81750000e-08  2.23385029e-08  2.81750000e-08  1.28483547e-04 
 2.81850000e-08  3.09349208e+00  2.81850000e-08  1.14476663e-10  2.81850000e-08  9.21912334e-06  2.81850000e-08  4.10265625e-12  2.81850000e-08  3.83049036e-05  2.81850000e-08  4.16595013e-09  2.81850000e-08  1.23374008e-04 
 2.81950000e-08  3.10142009e+00  2.81950000e-08  1.05616770e-10  2.81950000e-08  8.89311646e-06  2.81950000e-08  3.78488106e-12  2.81950000e-08  3.72915083e-05  2.81950000e-08  5.74308564e-08  2.81950000e-08  1.18485705e-04 
 2.82050000e-08  3.10911684e+00  2.82050000e-08  9.79118856e-11  2.82050000e-08  8.55717629e-06  2.82050000e-08  3.50855608e-12  2.82050000e-08  3.62005000e-05  2.82050000e-08  1.16016456e-07  2.82050000e-08  1.13790622e-04 
 2.82150000e-08  3.11673538e+00  2.82150000e-08  9.12568413e-11  2.82150000e-08  8.18779632e-06  2.82150000e-08  3.26989035e-12  2.82150000e-08  3.49341999e-05  2.82150000e-08  1.55817342e-07  2.82150000e-08  1.09237796e-04 
 2.82250000e-08  3.12449144e+00  2.82250000e-08  8.56086411e-11  2.82250000e-08  7.75580927e-06  2.82250000e-08  3.06733731e-12  2.82250000e-08  3.33688739e-05  2.82250000e-08  1.77386965e-07  2.82250000e-08  1.04747145e-04 
 2.82350000e-08  3.13255747e+00  2.82350000e-08  8.08795981e-11  2.82350000e-08  7.24438684e-06  2.82350000e-08  2.89775345e-12  2.82350000e-08  3.14294953e-05  2.82350000e-08  1.93820219e-07  2.82350000e-08  1.00238500e-04 
 2.82450000e-08  3.14086881e+00  2.82450000e-08  7.69130614e-11  2.82450000e-08  6.69878739e-06  2.82450000e-08  2.75551957e-12  2.82450000e-08  2.93059191e-05  2.82450000e-08  2.10564451e-07  2.82450000e-08  9.56501662e-05 
 2.82550000e-08  3.14921785e+00  2.82550000e-08  7.35647976e-11  2.82550000e-08  6.18635266e-06  2.82550000e-08  2.63545739e-12  2.82550000e-08  2.72887444e-05  2.82550000e-08  2.18232065e-07  2.82550000e-08  9.09683363e-05 
 2.82650000e-08  3.15745813e+00  2.82650000e-08  7.07265637e-11  2.82650000e-08  5.72595087e-06  2.82650000e-08  2.53368283e-12  2.82650000e-08  2.54630676e-05  2.82650000e-08  2.13577045e-07  2.82650000e-08  8.62495608e-05 
 2.82750000e-08  3.16551483e+00  2.82750000e-08  6.82924770e-11  2.82750000e-08  5.30985004e-06  2.82750000e-08  2.44639878e-12  2.82750000e-08  2.37989673e-05  2.82750000e-08  1.97906484e-07  2.82750000e-08  8.15631020e-05 
 2.82850000e-08  3.17333300e+00  2.82850000e-08  6.61642852e-11  2.82850000e-08  4.93052890e-06  2.82850000e-08  2.37008235e-12  2.82850000e-08  2.22671406e-05  2.82850000e-08  1.73084787e-07  2.82850000e-08  7.69637855e-05 
 2.82950000e-08  3.18087581e+00  2.82950000e-08  6.42602044e-11  2.82950000e-08  4.58140297e-06  2.82950000e-08  2.30180201e-12  2.82950000e-08  2.08419665e-05  2.82950000e-08  1.42662798e-07  2.82950000e-08  7.24917538e-05 
 2.83050000e-08  3.18811708e+00  2.83050000e-08  6.25103343e-11  2.83050000e-08  4.25806878e-06  2.83050000e-08  2.23905260e-12  2.83050000e-08  1.95071417e-05  2.83050000e-08  1.10582914e-07  2.83050000e-08  6.81746619e-05 
 2.83150000e-08  3.19503792e+00  2.83150000e-08  6.08492789e-11  2.83150000e-08  3.95771138e-06  2.83150000e-08  2.17949060e-12  2.83150000e-08  1.82532042e-05  2.83150000e-08  8.07070735e-08  2.83150000e-08  6.40314397e-05 
 2.83250000e-08  3.20162245e+00  2.83250000e-08  5.91974082e-11  2.83250000e-08  3.67863765e-06  2.83250000e-08  2.12026245e-12  2.83250000e-08  1.70756206e-05  2.83250000e-08  5.68698334e-08  2.83250000e-08  6.00763323e-05 
 2.83350000e-08  3.20786291e+00  2.83350000e-08  5.74912653e-11  2.83350000e-08  3.41930815e-06  2.83350000e-08  2.05909350e-12  2.83350000e-08  1.59702087e-05  2.83350000e-08  3.94842226e-08  2.83350000e-08  5.63177346e-05 
 2.83450000e-08  3.21376189e+00  2.83450000e-08  5.57213203e-11  2.83450000e-08  3.17817527e-06  2.83450000e-08  1.99564306e-12  2.83450000e-08  1.49322735e-05  2.83450000e-08  3.15898388e-08  2.83450000e-08  5.27570549e-05 
 2.83550000e-08  3.21931605e+00  2.83550000e-08  5.38201620e-11  2.83550000e-08  2.95452702e-06  2.83550000e-08  1.92749516e-12  2.83550000e-08  1.39610409e-05  2.83550000e-08  3.39980357e-08  2.83550000e-08  4.93977874e-05 
 2.83650000e-08  3.22452243e+00  2.83650000e-08  5.17124690e-11  2.83650000e-08  2.74761119e-06  2.83650000e-08  1.85195114e-12  2.83650000e-08  1.30554065e-05  2.83650000e-08  4.94553673e-08  2.83650000e-08  4.62433318e-05 
 2.83750000e-08  3.22937584e+00  2.83750000e-08  4.93029678e-11  2.83750000e-08  2.55683222e-06  2.83750000e-08  1.76559765e-12  2.83750000e-08  1.22149130e-05  2.83750000e-08  8.10503731e-08  2.83750000e-08  4.32983187e-05 
 2.83850000e-08  3.23386778e+00  2.83850000e-08  4.64874754e-11  2.83850000e-08  2.38202821e-06  2.83850000e-08  1.66470263e-12  2.83850000e-08  1.14410757e-05  2.83850000e-08  1.32330457e-07  2.83850000e-08  4.05686802e-05 
 2.83950000e-08  3.23798721e+00  2.83950000e-08  4.31903710e-11  2.83950000e-08  2.22394372e-06  2.83950000e-08  1.54655807e-12  2.83950000e-08  1.07395962e-05  2.83950000e-08  2.05832742e-07  2.83950000e-08  3.80599291e-05 
 2.84050000e-08  3.24173968e+00  2.84050000e-08  3.94777022e-11  2.84050000e-08  2.08281795e-06  2.84050000e-08  1.41353146e-12  2.84050000e-08  1.01131679e-05  2.84050000e-08  2.94745865e-07  2.84050000e-08  3.57673664e-05 
 2.84150000e-08  3.24515175e+00  2.84150000e-08  3.55516148e-11  2.84150000e-08  1.95677089e-06  2.84150000e-08  1.27286659e-12  2.84150000e-08  9.55357195e-06  2.84150000e-08  3.87982545e-07  2.84150000e-08  3.36769476e-05 
 2.84250000e-08  3.24826483e+00  2.84250000e-08  3.16517611e-11  2.84250000e-08  1.84226260e-06  2.84250000e-08  1.13322244e-12  2.84250000e-08  9.04400370e-06  2.84250000e-08  4.74746404e-07  2.84250000e-08  3.17684352e-05 
 2.84350000e-08  3.25112501e+00  2.84350000e-08  2.79795958e-11  2.84350000e-08  1.73633993e-06  2.84350000e-08  1.00174511e-12  2.84350000e-08  8.57022195e-06  2.84350000e-08  5.47188781e-07  2.84350000e-08  3.00168860e-05 
 2.84450000e-08  3.25378206e+00  2.84450000e-08  2.46762287e-11  2.84450000e-08  1.63667481e-06  2.84450000e-08  8.83470445e-13  2.84450000e-08  8.12084529e-06  2.84450000e-08  5.98876162e-07  2.84450000e-08  2.83932894e-05 
 2.84550000e-08  3.25629762e+00  2.84550000e-08  2.18497067e-11  2.84550000e-08  1.54038848e-06  2.84550000e-08  7.82266885e-13  2.84550000e-08  7.68142512e-06  2.84550000e-08  6.21261696e-07  2.84550000e-08  2.68618042e-05 
 2.84650000e-08  3.25875463e+00  2.84650000e-08  1.96031670e-11  2.84650000e-08  1.44305546e-06  2.84650000e-08  7.01826516e-13  2.84650000e-08  7.22926158e-06  2.84650000e-08  6.00773222e-07  2.84650000e-08  2.53756896e-05 
 2.84750000e-08  3.26125857e+00  2.84750000e-08  1.80484278e-11  2.84750000e-08  1.33905009e-06  2.84750000e-08  6.46151636e-13  2.84750000e-08  6.73506148e-06  2.84750000e-08  5.19330732e-07  2.84750000e-08  2.38755189e-05 
 2.84850000e-08  3.26391807e+00  2.84850000e-08  1.73025364e-11  2.84850000e-08  1.22363239e-06  2.84850000e-08  6.19431312e-13  2.84850000e-08  6.17385952e-06  2.84850000e-08  3.61475289e-07  2.84850000e-08  2.22972410e-05 
 2.84950000e-08  3.26681494e+00  2.84950000e-08  1.74982295e-11  2.84950000e-08  1.09497833e-06  2.84950000e-08  6.26415880e-13  2.84950000e-08  5.53608992e-06  2.84950000e-08  1.23756203e-07  2.84950000e-08  2.05878388e-05 
 2.85050000e-08  3.26998682e+00  2.85050000e-08  1.88482451e-11  2.85050000e-08  9.54267071e-07  2.85050000e-08  6.74721135e-13  2.85050000e-08  4.82863085e-06  2.85050000e-08  1.60684355e-07  2.85050000e-08  1.87172130e-05 
 2.85150000e-08  3.27342959e+00  2.85150000e-08  2.17051244e-11  2.85150000e-08  8.04327922e-07  2.85150000e-08  7.76964176e-13  2.85150000e-08  4.06795367e-06  2.85150000e-08  4.81191030e-07  2.85150000e-08  1.66801144e-05 
 2.85250000e-08  3.27709812e+00  2.85250000e-08  2.66756322e-11  2.85250000e-08  6.49262171e-07  2.85250000e-08  9.54861316e-13  2.85250000e-08  3.27784118e-06  2.85250000e-08  8.30671745e-07  2.85250000e-08  1.44967574e-05 
 2.85350000e-08  3.28095726e+00  2.85350000e-08  3.49351749e-11  2.85350000e-08  4.90363852e-07  2.85350000e-08  1.25048572e-12  2.85350000e-08  2.46804431e-06  2.85350000e-08  1.19444550e-06  2.85350000e-08  1.21877553e-05 
 2.85450000e-08  3.28496288e+00  2.85450000e-08  4.85970140e-11  2.85450000e-08  3.29380715e-07  2.85450000e-08  1.73984088e-12  2.85450000e-08  1.65065935e-06  2.85450000e-08  1.55581600e-06  2.85450000e-08  9.77889469e-06 
 2.85550000e-08  3.28903339e+00  2.85550000e-08  7.12605902e-11  2.85550000e-08  1.70345756e-07  2.85550000e-08  2.55188241e-12  2.85550000e-08  8.49031983e-07  2.85550000e-08  1.89279642e-06  2.85550000e-08  7.31653639e-06 
 2.85650000e-08  3.29311235e+00  2.85650000e-08  1.09434494e-10  2.85650000e-08  1.43707625e-08  2.85650000e-08  3.92013982e-12  2.85650000e-08  7.11634613e-08  2.85650000e-08  2.19444928e-06  2.85650000e-08  4.83716267e-06 
 2.85750000e-08  3.29719193e+00  2.85750000e-08  1.74986557e-10  2.85750000e-08  1.40006027e-07  2.85750000e-08  6.27068171e-12  2.85750000e-08  6.88174408e-07  2.85750000e-08  2.46200939e-06  2.85750000e-08  2.34970659e-06 
 2.85850000e-08  3.30127656e+00  2.85850000e-08  2.90182280e-10  2.85850000e-08  2.94917176e-07  2.85850000e-08  1.04033513e-11  2.85850000e-08  1.43765565e-06  2.85850000e-08  2.71663457e-06  2.85850000e-08  1.43894445e-07 
 2.85950000e-08  3.30554923e+00  2.85950000e-08  5.00523237e-10  2.85950000e-08  3.53871591e-07  2.85950000e-08  1.79539171e-11  2.85950000e-08  1.70983539e-06  2.85950000e-08  2.94321051e-06  2.85950000e-08  3.01368045e-06 
 2.86050000e-08  3.30983221e+00  2.86050000e-08  8.91188874e-10  2.86050000e-08  4.91666338e-07  2.86050000e-08  3.19881100e-11  2.86050000e-08  2.35264073e-06  2.86050000e-08  3.11619182e-06  2.86050000e-08  5.68170296e-06 
 2.86150000e-08  3.31388139e+00  2.86150000e-08  1.62356213e-09  2.86150000e-08  6.18815014e-07  2.86150000e-08  5.83226636e-11  2.86150000e-08  2.93024118e-06  2.86150000e-08  3.21562616e-06  2.86150000e-08  8.20768014e-06 
 2.86250000e-08  3.31756502e+00  2.86250000e-08  2.97154132e-09  2.86250000e-08  7.33567656e-07  2.86250000e-08  1.06851010e-10  2.86250000e-08  3.43603489e-06  2.86250000e-08  3.21337456e-06  2.86250000e-08  1.05056031e-05 
 2.86350000e-08  3.32078310e+00  2.86350000e-08  5.36697562e-09  2.86350000e-08  8.38726785e-07  2.86350000e-08  1.93216693e-10  2.86350000e-08  3.88566438e-06  2.86350000e-08  3.11063206e-06  2.86350000e-08  1.25006944e-05 
 2.86450000e-08  3.32350770e+00  2.86450000e-08  9.46844347e-09  2.86450000e-08  9.35149543e-07  2.86450000e-08  3.41360987e-10  2.86450000e-08  4.28534279e-06  2.86450000e-08  2.93858890e-06  2.86450000e-08  1.41732550e-05 
 2.86550000e-08  3.32578132e+00  2.86550000e-08  1.62853852e-08  2.86550000e-08  1.02319726e-06  2.86550000e-08  5.88131362e-10  2.86550000e-08  4.63850573e-06  2.86550000e-08  2.73833800e-06  2.86550000e-08  1.55533677e-05 
 2.86650000e-08  3.32768932e+00  2.86650000e-08  2.74137443e-08  2.86650000e-08  1.10387193e-06  2.86650000e-08  9.92056114e-10  2.86650000e-08  4.95093833e-06  2.86650000e-08  2.54615177e-06  2.86650000e-08  1.66987452e-05 
 2.86750000e-08  3.32933937e+00  2.86750000e-08  4.54937587e-08  2.86750000e-08  1.17978940e-06  2.86750000e-08  1.65047650e-09  2.86750000e-08  5.23498789e-06  2.86750000e-08  2.38771072e-06  2.86750000e-08  1.76783639e-05 
 2.86850000e-08  3.33084786e+00  2.86850000e-08  7.51254958e-08  2.86850000e-08  1.25494290e-06  2.86850000e-08  2.73405886e-09  2.86850000e-08  5.50817502e-06  2.86850000e-08  2.28086381e-06  2.86850000e-08  1.85637786e-05 
 2.86950000e-08  3.33233854e+00  2.86950000e-08  1.24808079e-07  2.86950000e-08  1.33473266e-06  2.86950000e-08  4.56059217e-09  2.86950000e-08  5.79295296e-06  2.86950000e-08  2.23988989e-06  2.86950000e-08  1.94284324e-05 
 2.87050000e-08  3.33394929e+00  2.87050000e-08  2.11338002e-07  2.87050000e-08  1.42627537e-06  2.87050000e-08  7.76450117e-09  2.87050000e-08  6.11750685e-06  2.87050000e-08  2.28065228e-06  2.87050000e-08  2.03517576e-05 
 2.87150000e-08  3.33584199e+00  2.87150000e-08  3.70490511e-07  2.87150000e-08  1.53896953e-06  2.87150000e-08  1.37160245e-08  2.87150000e-08  6.51731935e-06  2.87150000e-08  2.42597878e-06  2.87150000e-08  2.14249661e-05 
 2.87250000e-08  3.33819802e+00  2.87250000e-08  6.83949433e-07  2.87250000e-08  1.68415125e-06  2.87250000e-08  2.56089800e-08  2.87250000e-08  7.03256969e-06  2.87250000e-08  2.70750820e-06  2.87250000e-08  2.27489223e-05 
 2.87350000e-08  3.34115384e+00  2.87350000e-08  1.34391347e-06  2.87350000e-08  1.87074566e-06  2.87350000e-08  5.12117026e-08  2.87350000e-08  7.68953631e-06  2.87350000e-08  3.15676629e-06  2.87350000e-08  2.43996698e-05 
 2.87450000e-08  3.34470083e+00  2.87450000e-08  2.78986045e-06  2.87450000e-08  2.09815895e-06  2.87450000e-08  1.09303051e-07  2.87450000e-08  8.47332977e-06  2.87450000e-08  3.79708519e-06  2.87450000e-08  2.63749898e-05 
 2.87550000e-08  3.34868741e+00  2.87550000e-08  5.95140892e-06  2.87550000e-08  2.35613581e-06  2.87550000e-08  2.43447938e-07  2.87550000e-08  9.33127468e-06  2.87550000e-08  4.66759904e-06  2.87550000e-08  2.85956330e-05 
 2.87650000e-08  3.35289574e+00  2.87650000e-08  1.25469476e-05  2.87650000e-08  2.62714080e-06  2.87650000e-08  5.47186624e-07  2.87650000e-08  1.01858820e-05  2.87650000e-08  5.84614870e-06  2.87650000e-08  3.09521538e-05 
 2.87750000e-08  3.35707465e+00  2.87750000e-08  2.51104262e-05  2.87750000e-08  2.88353919e-06  2.87750000e-08  1.19650248e-06  2.87750000e-08  1.09271703e-05  2.87750000e-08  7.48056495e-06  2.87750000e-08  3.33327263e-05 
 2.87850000e-08  3.36091752e+00  2.87850000e-08  4.61397938e-05  2.87850000e-08  3.08164482e-06  2.87850000e-08  2.46082777e-06  2.87850000e-08  1.13954441e-05  2.87850000e-08  9.82624944e-06  2.87850000e-08  3.56187609e-05 
 2.87950000e-08  3.36404522e+00  2.87950000e-08  7.63057382e-05  2.87950000e-08  3.16060011e-06  2.87950000e-08  4.64348378e-06  2.87950000e-08  1.13855240e-05  2.87950000e-08  1.32502474e-05  2.87950000e-08  3.76728400e-05 
 2.88050000e-08  3.36604023e+00  2.88050000e-08  1.13279849e-04  2.88050000e-08  3.05406270e-06  2.88050000e-08  7.94640270e-06  2.88050000e-08  1.06979568e-05  2.88050000e-08  1.81633867e-05  2.88050000e-08  3.93349890e-05 
 2.88150000e-08  3.36652949e+00  2.88150000e-08  1.52866116e-04  2.88150000e-08  2.70997006e-06  2.88150000e-08  1.23595772e-05  2.88150000e-08  9.21214023e-06  2.88150000e-08  2.48932083e-05  2.88150000e-08  4.04377538e-05 
 2.88250000e-08  3.36526699e+00  2.88250000e-08  1.91248845e-04  2.88250000e-08  2.10487209e-06  2.88250000e-08  1.76793001e-05  2.88250000e-08  6.92910698e-06  2.88250000e-08  3.35684383e-05  2.88250000e-08  4.08352116e-05 
 2.88350000e-08  3.36215101e+00  2.88350000e-08  2.26134785e-04  2.88350000e-08  1.24064320e-06  2.88350000e-08  2.36119392e-05  2.88350000e-08  3.94660438e-06  2.88350000e-08  4.41052680e-05  2.88350000e-08  4.04244969e-05 
 2.88450000e-08  3.35720293e+00  2.88450000e-08  2.56678231e-04  2.88450000e-08  1.33762683e-07  2.88450000e-08  2.98750503e-05  2.88450000e-08  4.10331357e-07  2.88450000e-08  5.62540175e-05  2.88450000e-08  3.91555375e-05 
 2.88550000e-08  3.35076290e+00  2.88550000e-08  2.82997110e-04  2.88550000e-08  1.17612613e-06  2.88550000e-08  3.62638650e-05  2.88550000e-08  3.47384830e-06  2.88550000e-08  6.97431495e-05  2.88550000e-08  3.71536427e-05 
 2.88650000e-08  3.34282278e+00  2.88650000e-08  3.05608505e-04  2.88650000e-08  2.68675735e-06  2.88650000e-08  4.26499462e-05  2.88650000e-08  7.62724887e-06  2.88650000e-08  8.43033669e-05  2.88650000e-08  3.43817807e-05 
 2.88750000e-08  3.33353460e+00  2.88750000e-08  3.25088087e-04  2.88750000e-08  4.38967022e-06  2.88750000e-08  4.89520828e-05  2.88750000e-08  1.19559605e-05  2.88750000e-08  9.97220766e-05  2.88750000e-08  3.08970382e-05 
 2.88850000e-08  3.32306724e+00  2.88850000e-08  3.41932121e-04  2.88850000e-08  6.28065406e-06  2.88850000e-08  5.51094767e-05  2.88850000e-08  1.63842607e-05  2.88850000e-08  1.15856222e-04  2.88850000e-08  2.67763646e-05 
 2.88950000e-08  3.31157649e+00  2.88950000e-08  3.56539814e-04  2.88950000e-08  8.35853681e-06  2.88950000e-08  6.10702836e-05  2.88950000e-08  2.08499210e-05  2.88950000e-08  1.32605491e-04  2.88950000e-08  2.20944646e-05 
 2.89050000e-08  3.29923556e+00  2.89050000e-08  3.69213488e-04  2.89050000e-08  1.06111529e-05  2.89050000e-08  6.67809697e-05  2.89050000e-08  2.52702589e-05  2.89050000e-08  1.49903543e-04  2.89050000e-08  1.69223018e-05 
 2.89150000e-08  3.28665649e+00  2.89150000e-08  3.80227245e-04  2.89150000e-08  1.28605511e-05  2.89150000e-08  7.22068463e-05  2.89150000e-08  2.92041135e-05  2.89150000e-08  1.67730982e-04  2.89150000e-08  1.13763469e-05 
 2.89250000e-08  3.27327796e+00  2.89250000e-08  3.89651999e-04  2.89250000e-08  1.54120606e-05  2.89250000e-08  7.72401261e-05  2.89250000e-08  3.33267564e-05  2.89250000e-08  1.86004488e-04  2.89250000e-08  5.54200292e-06 
 2.89350000e-08  3.25936485e+00  2.89350000e-08  3.97658541e-04  2.89350000e-08  1.82054960e-05  2.89350000e-08  8.18358554e-05  2.89350000e-08  3.74436339e-05  2.89350000e-08  2.04645783e-04  2.89350000e-08  5.19355151e-07 
 2.89450000e-08  3.24532421e+00  2.89450000e-08  4.04476523e-04  2.89450000e-08  2.15793894e-05  2.89450000e-08  8.60093871e-05  2.89450000e-08  4.22046020e-05  2.89450000e-08  2.23593801e-04  2.89450000e-08  5.98107556e-06 
 2.89550000e-08  3.23129724e+00  2.89550000e-08  4.10125218e-04  2.89550000e-08  2.47833826e-05  2.89550000e-08  8.96747106e-05  2.89550000e-08  4.60450592e-05  2.89550000e-08  2.42610834e-04  2.89550000e-08  1.18966981e-05 
 2.89650000e-08  3.21711331e+00  2.89650000e-08  4.14736989e-04  2.89650000e-08  2.80334554e-05  2.89650000e-08  9.28296950e-05  2.89650000e-08  4.94395772e-05  2.89650000e-08  2.61395099e-04  2.89650000e-08  1.80394378e-05 
 2.89750000e-08  3.20277088e+00  2.89750000e-08  4.18425922e-04  2.89750000e-08  3.13856122e-05  2.89750000e-08  9.54800975e-05  2.89750000e-08  5.25180378e-05  2.89750000e-08  2.79559612e-04  2.89750000e-08  2.43176000e-05 
 2.89850000e-08  3.18831658e+00  2.89850000e-08  4.21301271e-04  2.89850000e-08  3.48474132e-05  2.89850000e-08  9.76459282e-05  2.89850000e-08  5.53178346e-05  2.89850000e-08  2.96646898e-04  2.89850000e-08  3.06782935e-05 
 2.89950000e-08  3.17382548e+00  2.89950000e-08  4.23489798e-04  2.89950000e-08  3.84107845e-05  2.89950000e-08  9.93753747e-05  2.89950000e-08  5.78498148e-05  2.89950000e-08  3.12191656e-04  2.89950000e-08  3.70710954e-05 
 2.90050000e-08  3.15938774e+00  2.90050000e-08  4.25136077e-04  2.90050000e-08  4.20677334e-05  2.90050000e-08  1.00743929e-04  2.90050000e-08  6.01216981e-05  2.90050000e-08  3.25820717e-04  2.90050000e-08  4.34363770e-05 
 2.90150000e-08  3.14508684e+00  2.90150000e-08  4.26385606e-04  2.90150000e-08  4.58206848e-05  2.90150000e-08  1.01839877e-04  2.90150000e-08  6.21489558e-05  2.90150000e-08  3.37355126e-04  2.90150000e-08  4.97082613e-05 
 2.90250000e-08  3.13099954e+00  2.90250000e-08  4.27363995e-04  2.90250000e-08  4.96764737e-05  2.90250000e-08  1.02745659e-04  2.90250000e-08  6.39445083e-05  2.90250000e-08  3.46851328e-04  2.90250000e-08  5.58232790e-05 
 2.90350000e-08  3.11716076e+00  2.90350000e-08  4.28165224e-04  2.90350000e-08  5.36597256e-05  2.90350000e-08  1.03525915e-04  2.90350000e-08  6.55353394e-05  2.90350000e-08  3.54545479e-04  2.90350000e-08  6.17277094e-05 
 2.90450000e-08  3.10358477e+00  2.90450000e-08  4.28852450e-04  2.90450000e-08  5.77982112e-05  2.90450000e-08  1.04225480e-04  2.90450000e-08  6.69425619e-05  2.90450000e-08  3.60757771e-04  2.90450000e-08  6.73817623e-05 
 2.90550000e-08  3.09025566e+00  2.90550000e-08  4.29458902e-04  2.90550000e-08  6.21256948e-05  2.90550000e-08  1.04868311e-04  2.90550000e-08  6.81873413e-05  2.90550000e-08  3.65801469e-04  2.90550000e-08  7.27614584e-05 
 2.90650000e-08  3.07713109e+00  2.90650000e-08  4.29987903e-04  2.90650000e-08  6.66760808e-05  2.90650000e-08  1.05456169e-04  2.90650000e-08  6.92880961e-05  2.90650000e-08  3.69937812e-04  2.90650000e-08  7.78614657e-05 
 2.90750000e-08  3.06415027e+00  2.90750000e-08  4.30423615e-04  2.90750000e-08  7.14788718e-05  2.90750000e-08  1.05975874e-04  2.90750000e-08  7.02595794e-05  2.90750000e-08  3.73367489e-04  2.90750000e-08  8.26932986e-05 
 2.90850000e-08  3.05125380e+00  2.90850000e-08  4.30755930e-04  2.90850000e-08  7.65567557e-05  2.90850000e-08  1.06418220e-04  2.90850000e-08  7.11099435e-05  2.90850000e-08  3.76241013e-04  2.90850000e-08  8.72745943e-05 
 2.90950000e-08  3.03839618e+00  2.90950000e-08  4.30993520e-04  2.90950000e-08  8.19293574e-05  2.90950000e-08  1.06788560e-04  2.90950000e-08  7.18410753e-05  2.90950000e-08  3.78674283e-04  2.90950000e-08  9.16174526e-05 
 2.91050000e-08  3.02553984e+00  2.91050000e-08  4.31155911e-04  2.91050000e-08  8.76198932e-05  2.91050000e-08  1.07101140e-04  2.91050000e-08  7.24528392e-05  2.91050000e-08  3.80757629e-04  2.91050000e-08  9.57255786e-05 
 2.91150000e-08  3.01264616e+00  2.91150000e-08  4.31262493e-04  2.91150000e-08  9.36584590e-05  2.91150000e-08  1.07370638e-04  2.91150000e-08  7.29451293e-05  2.91150000e-08  3.82561082e-04  2.91150000e-08  9.95968083e-05 
 2.91250000e-08  2.99966879e+00  2.91250000e-08  4.31326146e-04  2.91250000e-08  1.00082629e-04  2.91250000e-08  1.07607033e-04  2.91250000e-08  7.33182617e-05  2.91250000e-08  3.84138832e-04  2.91250000e-08  1.03226744e-04 
 2.91350000e-08  2.98655239e+00  2.91350000e-08  4.31353598e-04  2.91350000e-08  1.06935751e-04  2.91350000e-08  1.07815695e-04  2.91350000e-08  7.35715762e-05  2.91350000e-08  3.85531766e-04  2.91350000e-08  1.06610973e-04 
 2.91450000e-08  2.97323295e+00  2.91450000e-08  4.31347608e-04  2.91450000e-08  1.14266182e-04  2.91450000e-08  1.07998992e-04  2.91450000e-08  7.37025004e-05  2.91450000e-08  3.86771092e-04  2.91450000e-08  1.09745281e-04 
 2.91550000e-08  2.95963696e+00  2.91550000e-08  4.31309019e-04  2.91550000e-08  1.22127548e-04  2.91550000e-08  1.08157859e-04  2.91550000e-08  7.37061992e-05  2.91550000e-08  3.87880717e-04  2.91550000e-08  1.12625276e-04 
 2.91650000e-08  2.94568154e+00  2.91650000e-08  4.31239923e-04  2.91650000e-08  1.30579881e-04  2.91650000e-08  1.08294323e-04  2.91650000e-08  7.35745459e-05  2.91650000e-08  3.88879441e-04  2.91650000e-08  1.15244683e-04 
 2.91750000e-08  2.93127699e+00  2.91750000e-08  4.31151186e-04  2.91750000e-08  1.39693510e-04  2.91750000e-08  1.08417641e-04  2.91750000e-08  7.32927151e-05  2.91750000e-08  3.89783388e-04  2.91750000e-08  1.17590000e-04 
 2.91850000e-08  2.91631961e+00  2.91850000e-08  4.31062153e-04  2.91850000e-08  1.49556997e-04  2.91850000e-08  1.08544293e-04  2.91850000e-08  7.28370101e-05  2.91850000e-08  3.90607626e-04  2.91850000e-08  1.19636648e-04 
 2.91950000e-08  2.90066305e+00  2.91950000e-08  4.30979295e-04  2.91950000e-08  1.60281468e-04  2.91950000e-08  1.08680937e-04  2.91950000e-08  7.21801803e-05  2.91950000e-08  3.91364764e-04  2.91950000e-08  1.21357249e-04 
 2.92050000e-08  2.88410038e+00  2.92050000e-08  4.30887217e-04  2.92050000e-08  1.71991275e-04  2.92050000e-08  1.08816918e-04  2.92050000e-08  7.12941065e-05  2.92050000e-08  3.92062953e-04  2.92050000e-08  1.22730931e-04 
 2.92150000e-08  2.86636023e+00  2.92150000e-08  4.30750740e-04  2.92150000e-08  1.84799248e-04  2.92150000e-08  1.08925529e-04  2.92150000e-08  7.01513494e-05  2.92150000e-08  3.92704818e-04  2.92150000e-08  1.23748265e-04 
 2.92250000e-08  2.84717581e+00  2.92250000e-08  4.30603994e-04  2.92250000e-08  1.98777856e-04  2.92250000e-08  1.09036418e-04  2.92250000e-08  6.86813233e-05  2.92250000e-08  3.93296393e-04  2.92250000e-08  1.24362371e-04 
 2.92350000e-08  2.82621406e+00  2.92350000e-08  4.30489468e-04  2.92350000e-08  2.13872054e-04  2.92350000e-08  1.09187476e-04  2.92350000e-08  6.67826821e-05  2.92350000e-08  3.93847452e-04  2.92350000e-08  1.24490001e-04 
 2.92450000e-08  2.80299745e+00  2.92450000e-08  4.30312433e-04  2.92450000e-08  2.29502997e-04  2.92450000e-08  1.09305417e-04  2.92450000e-08  6.44164007e-05  2.92450000e-08  3.94356059e-04  2.92450000e-08  1.24086385e-04 
 2.92550000e-08  2.77715676e+00  2.92550000e-08  4.29967728e-04  2.92550000e-08  2.43770366e-04  2.92550000e-08  1.09305951e-04  2.92550000e-08  6.16263381e-05  2.92550000e-08  3.94811355e-04  2.92550000e-08  1.23129351e-04 
 2.92650000e-08  2.74869008e+00  2.92650000e-08  4.29536369e-04  2.92650000e-08  2.53388479e-04  2.92650000e-08  1.09255118e-04  2.92650000e-08  5.85019938e-05  2.92650000e-08  3.95215494e-04  2.92650000e-08  1.21539825e-04 
 2.92750000e-08  2.71788613e+00  2.92750000e-08  4.29299011e-04  2.92750000e-08  2.56477594e-04  2.92750000e-08  1.09384639e-04  2.92750000e-08  5.50953815e-05  2.92750000e-08  3.95599356e-04  2.92750000e-08  1.19142928e-04 
 2.92850000e-08  2.68457795e+00  2.92850000e-08  4.28590248e-04  2.92850000e-08  2.55558894e-04  2.92850000e-08  1.09148323e-04  2.92850000e-08  5.20685773e-05  2.92850000e-08  3.95925319e-04  2.92850000e-08  1.16284070e-04 
 2.92950000e-08  2.64945643e+00  2.92950000e-08  4.27503983e-04  2.92950000e-08  2.53395673e-04  2.92950000e-08  1.08614682e-04  2.92950000e-08  4.96087253e-05  2.92950000e-08  3.96171914e-04  2.92950000e-08  1.13225081e-04 
 2.93050000e-08  2.61330670e+00  2.93050000e-08  4.26425014e-04  2.93050000e-08  2.50918903e-04  2.93050000e-08  1.08094133e-04  2.93050000e-08  4.75335563e-05  2.93050000e-08  3.96362509e-04  2.93050000e-08  1.10035493e-04 
 2.93150000e-08  2.57652503e+00  2.93150000e-08  4.25582036e-04  2.93150000e-08  2.48156559e-04  2.93150000e-08  1.07773276e-04  2.93150000e-08  4.56120035e-05  2.93150000e-08  3.96534967e-04  2.93150000e-08  1.06690288e-04 
 2.93250000e-08  2.53916555e+00  2.93250000e-08  4.25026637e-04  2.93250000e-08  2.44923983e-04  2.93250000e-08  1.07698540e-04  2.93250000e-08  4.36738915e-05  2.93250000e-08  3.96724135e-04  2.93250000e-08  1.03136666e-04 
 2.93350000e-08  2.50108463e+00  2.93350000e-08  4.24700729e-04  2.93350000e-08  2.41071729e-04  2.93350000e-08  1.07830410e-04  2.93350000e-08  4.16307358e-05  2.93350000e-08  3.96954655e-04  2.93350000e-08  9.93337091e-05 
 2.93450000e-08  2.46206335e+00  2.93450000e-08  4.24499981e-04  2.93450000e-08  2.36547970e-04  2.93450000e-08  1.08092480e-04  2.93450000e-08  3.94646443e-05  2.93450000e-08  3.97239542e-04  2.93450000e-08  9.52715636e-05 
 2.93550000e-08  2.42189327e+00  2.93550000e-08  4.24325313e-04  2.93550000e-08  2.31377286e-04  2.93550000e-08  1.08411273e-04  2.93550000e-08  3.72000466e-05  2.93550000e-08  3.97582050e-04  2.93550000e-08  9.09706912e-05 
 2.93650000e-08  2.38041524e+00  2.93650000e-08  4.24109505e-04  2.93650000e-08  2.25615609e-04  2.93650000e-08  1.08737757e-04  2.93650000e-08  3.48755939e-05  2.93650000e-08  3.97978925e-04  2.93650000e-08  8.64702226e-05 
 2.93750000e-08  2.33752156e+00  2.93750000e-08  4.23816279e-04  2.93750000e-08  2.19319461e-04  2.93750000e-08  1.09047712e-04  2.93750000e-08  3.25282867e-05  2.93750000e-08  3.98425592e-04  2.93750000e-08  8.18169367e-05 
 2.93850000e-08  2.29315019e+00  2.93850000e-08  4.23430351e-04  2.93850000e-08  2.12532781e-04  2.93850000e-08  1.09334858e-04  2.93850000e-08  3.01878922e-05  2.93850000e-08  3.98911888e-04  2.93850000e-08  7.70585908e-05 
 2.93950000e-08  2.24725999e+00  2.93950000e-08  4.22942903e-04  2.93950000e-08  2.05283063e-04  2.93950000e-08  1.09600266e-04  2.93950000e-08  2.78761903e-05  2.93950000e-08  3.99429261e-04  2.93950000e-08  7.22391177e-05 
 2.94050000e-08  2.19981321e+00  2.94050000e-08  4.22344940e-04  2.94050000e-08  1.97581336e-04  2.94050000e-08  1.09848133e-04  2.94050000e-08  2.56081089e-05  2.94050000e-08  3.99974233e-04  2.94050000e-08  6.73972428e-05 
 2.94150000e-08  2.15077495e+00  2.94150000e-08  4.21625326e-04  2.94150000e-08  1.89428566e-04  2.94150000e-08  1.10085669e-04  2.94150000e-08  2.33945817e-05  2.94150000e-08  4.00541006e-04  2.94150000e-08  6.25628065e-05 
 2.94250000e-08  2.10002978e+00  2.94250000e-08  4.20754791e-04  2.94250000e-08  1.80814805e-04  2.94250000e-08  1.10312946e-04  2.94250000e-08  2.12430177e-05  2.94250000e-08  4.01114276e-04  2.94250000e-08  5.77745182e-05 
 2.94350000e-08  2.04750751e+00  2.94350000e-08  4.19686042e-04  2.94350000e-08  1.71741533e-04  2.94350000e-08  1.10525689e-04  2.94350000e-08  1.91628986e-05  2.94350000e-08  4.01687794e-04  2.94350000e-08  5.30559068e-05 
 2.94450000e-08  1.99334367e+00  2.94450000e-08  4.18356361e-04  2.94450000e-08  1.62200149e-04  2.94450000e-08  1.10721441e-04  2.94450000e-08  1.71605705e-05  2.94450000e-08  4.02286670e-04  2.94450000e-08  4.84264079e-05 
 2.94550000e-08  1.93751941e+00  2.94550000e-08  4.16674693e-04  2.94550000e-08  1.52200738e-04  2.94550000e-08  1.10906792e-04  2.94550000e-08  1.52446149e-05  2.94550000e-08  4.02883938e-04  2.94550000e-08  4.39047541e-05 
 2.94650000e-08  1.88002383e+00  2.94650000e-08  4.14453390e-04  2.94650000e-08  1.41761808e-04  2.94650000e-08  1.11065020e-04  2.94650000e-08  1.34229665e-05  2.94650000e-08  4.03476085e-04  2.94650000e-08  3.95089455e-05 
 2.94750000e-08  1.82083968e+00  2.94750000e-08  4.11355974e-04  2.94750000e-08  1.30922563e-04  2.94750000e-08  1.11173423e-04  2.94750000e-08  1.17042458e-05  2.94750000e-08  4.04054666e-04  2.94750000e-08  3.52540570e-05 
 2.94850000e-08  1.75994756e+00  2.94850000e-08  4.06695071e-04  2.94850000e-08  1.19743990e-04  2.94850000e-08  1.11186725e-04  2.94850000e-08  1.00976445e-05  2.94850000e-08  4.04610055e-04  2.94850000e-08  3.11531184e-05 
 2.94950000e-08  1.69735385e+00  2.94950000e-08  3.98884421e-04  2.94950000e-08  1.08314629e-04  2.94950000e-08  1.11003587e-04  2.94950000e-08  8.61317707e-06  2.94950000e-08  4.05128994e-04  2.94950000e-08  2.72182569e-05 
 2.95050000e-08  1.63320769e+00  2.95050000e-08  3.83892206e-04  2.95050000e-08  9.68269322e-05  2.95050000e-08  1.10361758e-04  2.95050000e-08  7.26169068e-06  2.95050000e-08  4.05591672e-04  2.95050000e-08  2.34632085e-05 
 2.95150000e-08  1.56820417e+00  2.95150000e-08  3.53112606e-04  2.95150000e-08  8.55241525e-05  2.95150000e-08  1.08573269e-04  2.95150000e-08  6.05619120e-06  2.95150000e-08  4.05965011e-04  2.95150000e-08  1.99122549e-05 
 2.95250000e-08  1.50422298e+00  2.95250000e-08  3.02857541e-04  2.95250000e-08  7.47551969e-05  2.95250000e-08  1.04563016e-04  2.95250000e-08  5.01185264e-06  2.95250000e-08  4.06195499e-04  2.95250000e-08  1.66127393e-05 
 2.95350000e-08  1.44366385e+00  2.95350000e-08  2.48026455e-04  2.95350000e-08  6.48026507e-05  2.95350000e-08  9.85518082e-05  2.95350000e-08  4.12961820e-06  2.95350000e-08  4.06216876e-04  2.95350000e-08  1.36136146e-05 
 2.95450000e-08  1.38741961e+00  2.95450000e-08  2.01066770e-04  2.95450000e-08  5.56563493e-05  2.95450000e-08  9.23912219e-05  2.95450000e-08  3.38387301e-06  2.95450000e-08  4.05977578e-04  2.95450000e-08  1.09187734e-05 
 2.95550000e-08  1.33478246e+00  2.95550000e-08  1.64585236e-04  2.95550000e-08  4.72079674e-05  2.95550000e-08  8.74024102e-05  2.95550000e-08  2.74671513e-06  2.95550000e-08  4.05473812e-04  2.95550000e-08  8.50091306e-06 
 2.95650000e-08  1.28461125e+00  2.95650000e-08  1.36980717e-04  2.95650000e-08  3.94419363e-05  2.95650000e-08  8.37440101e-05  2.95650000e-08  2.20229829e-06  2.95650000e-08  4.04743758e-04  2.95650000e-08  6.33161184e-06 
 2.95750000e-08  1.23592154e+00  2.95750000e-08  1.15817893e-04  2.95750000e-08  3.24125886e-05  2.95750000e-08  8.10292646e-05  2.95750000e-08  1.74197189e-06  2.95750000e-08  4.03830413e-04  2.95750000e-08  4.38909309e-06 
 2.95850000e-08  1.18793890e+00  2.95850000e-08  9.91051645e-05  2.95850000e-08  2.61860664e-05  2.95850000e-08  7.88291281e-05  2.95850000e-08  1.35894561e-06  2.95850000e-08  4.02761000e-04  2.95850000e-08  2.65565238e-06 
 2.95950000e-08  1.14010794e+00  2.95950000e-08  8.55123217e-05  2.95950000e-08  2.08057827e-05  2.95950000e-08  7.68464528e-05  2.95950000e-08  1.04609443e-06  2.95950000e-08  4.01541491e-04  2.95950000e-08  1.11617924e-06 
 2.96050000e-08  1.09228637e+00  2.96050000e-08  7.43534799e-05  2.96050000e-08  1.62902911e-05  2.96050000e-08  7.50518401e-05  2.96050000e-08  7.96205399e-07  2.96050000e-08  4.00163823e-04  2.96050000e-08  2.93932674e-07 
 2.96150000e-08  1.04476627e+00  2.96150000e-08  6.52686075e-05  2.96150000e-08  1.26285253e-05  2.96150000e-08  7.35705988e-05  2.96150000e-08  6.01973625e-07  2.96150000e-08  3.98639759e-04  2.96150000e-08  1.71970751e-06 
 2.96250000e-08  9.97885486e-01  2.96250000e-08  5.78820748e-05  2.96250000e-08  9.61207698e-06  2.96250000e-08  7.24250479e-05  2.96250000e-08  4.47650700e-07  2.96250000e-08  3.97019036e-04  2.96250000e-08  2.89695037e-06 
 2.96350000e-08  9.51798517e-01  2.96350000e-08  5.17773752e-05  2.96350000e-08  7.18856375e-06  2.96350000e-08  7.15024049e-05  2.96350000e-08  3.27517774e-07  2.96350000e-08  3.95368187e-04  2.96350000e-08  3.84632809e-06 
 2.96450000e-08  9.06551148e-01  2.96450000e-08  4.66662650e-05  2.96450000e-08  5.28841705e-06  2.96450000e-08  7.07441561e-05  2.96450000e-08  2.35935265e-07  2.96450000e-08  3.93741422e-04  2.96450000e-08  4.58184277e-06 
 2.96550000e-08  8.62119746e-01  2.96550000e-08  4.23430744e-05  2.96550000e-08  3.83162458e-06  2.96550000e-08  7.01236567e-05  2.96550000e-08  1.67505287e-07  2.96550000e-08  3.92167928e-04  2.96550000e-08  5.11538487e-06 
 2.96650000e-08  8.18430592e-01  2.96650000e-08  3.86498949e-05  2.96650000e-08  2.73712094e-06  2.96650000e-08  6.96208968e-05  2.96650000e-08  1.17332458e-07  2.96650000e-08  3.90640969e-04  2.96650000e-08  5.46089689e-06 
 2.96750000e-08  7.75359060e-01  2.96750000e-08  3.54529758e-05  2.96750000e-08  1.93000071e-06  2.96750000e-08  6.91986822e-05  2.96750000e-08  8.11976330e-08  2.96750000e-08  3.89113409e-04  2.96750000e-08  5.63742916e-06 
 2.96850000e-08  7.32748055e-01  2.96850000e-08  3.26434359e-05  2.96850000e-08  1.34516013e-06  2.96850000e-08  6.88119198e-05  2.96850000e-08  5.56078030e-08  2.96850000e-08  3.87499015e-04  2.96850000e-08  5.66951971e-06 
 2.96950000e-08  6.90468084e-01  2.96950000e-08  3.01467105e-05  2.96950000e-08  9.28344318e-07  2.96950000e-08  6.84377969e-05  2.96950000e-08  3.77653797e-08  2.96950000e-08  3.85673731e-04  2.96950000e-08  5.59455229e-06 
 2.97050000e-08  6.48440196e-01  2.97050000e-08  2.79153161e-05  2.97050000e-08  6.35394833e-07  2.97050000e-08  6.80756436e-05  2.97050000e-08  2.54791605e-08  2.97050000e-08  3.83448168e-04  2.97050000e-08  5.42641353e-06 
 2.97150000e-08  6.06620989e-01  2.97150000e-08  2.58984228e-05  2.97150000e-08  4.32217583e-07  2.97150000e-08  6.76902288e-05  2.97150000e-08  1.71150286e-08  2.97150000e-08  3.80542396e-04  2.97150000e-08  5.19099516e-06 
 2.97250000e-08  5.64996388e-01  2.97250000e-08  2.40525136e-05  2.97250000e-08  2.92860157e-07  2.97250000e-08  6.72368011e-05  2.97250000e-08  1.14720136e-08  2.97250000e-08  3.76501104e-04  2.97250000e-08  4.91296914e-06 
 2.97350000e-08  5.23567967e-01  2.97350000e-08  2.23320132e-05  2.97350000e-08  1.98110102e-07  2.97350000e-08  6.66377369e-05  2.97350000e-08  7.68980421e-09  2.97350000e-08  3.70551237e-04  2.97350000e-08  4.61429224e-06 
 2.97450000e-08  4.82512013e-01  2.97450000e-08  2.07217400e-05  2.97450000e-08  1.33990769e-07  2.97450000e-08  6.58726733e-05  2.97450000e-08  5.16134784e-09  2.97450000e-08  3.61469276e-04  2.97450000e-08  4.31820159e-06 
 2.97550000e-08  4.42047502e-01  2.97550000e-08  1.91748083e-05  2.97550000e-08  9.07193173e-08  2.97550000e-08  6.48029326e-05  2.97550000e-08  3.47244056e-09  2.97550000e-08  3.47607089e-04  2.97550000e-08  4.04373383e-06 
 2.97650000e-08  4.02561152e-01  2.97650000e-08  1.76662995e-05  2.97650000e-08  6.15357071e-08  2.97650000e-08  6.33240335e-05  2.97650000e-08  2.34310632e-09  2.97650000e-08  3.27925079e-04  2.97650000e-08  3.79843544e-06 
 2.97750000e-08  3.64786989e-01  2.97750000e-08  1.62150150e-05  2.97750000e-08  4.17657308e-08  2.97750000e-08  6.14645565e-05  2.97750000e-08  1.58347940e-09  2.97750000e-08  3.03645823e-04  2.97750000e-08  3.58794937e-06 
 2.97850000e-08  3.29967793e-01  2.97850000e-08  1.49236876e-05  2.97850000e-08  2.82953613e-08  2.97850000e-08  5.95865028e-05  2.97850000e-08  1.06895677e-09  2.97850000e-08  2.77842036e-04  2.97850000e-08  3.42978974e-06 
 2.97950000e-08  2.99385464e-01  2.97950000e-08  1.38694599e-05  2.97950000e-08  1.90661249e-08  2.97950000e-08  5.80370769e-05  2.97950000e-08  7.18160810e-10  2.97950000e-08  2.53379889e-04  2.97950000e-08  3.31115530e-06 
 2.98050000e-08  2.73255278e-01  2.98050000e-08  1.29490398e-05  2.98050000e-08  1.27867256e-08  2.98050000e-08  5.64941907e-05  2.98050000e-08  4.80458090e-10  2.98050000e-08  2.31733977e-04  2.98050000e-08  3.21373255e-06 
 2.98150000e-08  2.50893904e-01  2.98150000e-08  1.20750463e-05  2.98150000e-08  8.58043934e-09  2.98150000e-08  5.46803666e-05  2.98150000e-08  3.21766780e-10  2.98150000e-08  2.13000708e-04  2.98150000e-08  3.14874695e-06 
 2.98250000e-08  2.31537234e-01  2.98250000e-08  1.12518811e-05  2.98250000e-08  5.78567000e-09  2.98250000e-08  5.26931292e-05  2.98250000e-08  2.16615765e-10  2.98250000e-08  1.96713009e-04  2.98250000e-08  3.11582515e-06 
 2.98350000e-08  2.14617864e-01  2.98350000e-08  1.04926080e-05  2.98350000e-08  3.93005640e-09  2.98350000e-08  5.06609929e-05  2.98350000e-08  1.46953021e-10  2.98350000e-08  1.82431827e-04  2.98350000e-08  3.10777713e-06 
 2.98450000e-08  1.99717873e-01  2.98450000e-08  9.80174532e-06  2.98450000e-08  2.69374368e-09  2.98450000e-08  4.86658317e-05  2.98450000e-08  1.00621455e-10  2.98450000e-08  1.69817660e-04  2.98450000e-08  3.11526844e-06 
 2.98550000e-08  1.86530657e-01  2.98550000e-08  9.17823178e-06  2.98550000e-08  1.86510553e-09  2.98550000e-08  4.67542565e-05  2.98550000e-08  6.96114449e-11  2.98550000e-08  1.58620164e-04  2.98550000e-08  3.12972241e-06 
 2.98650000e-08  1.74823373e-01  2.98650000e-08  8.61845584e-06  2.98650000e-08  1.30552721e-09  2.98650000e-08  4.49522711e-05  2.98650000e-08  4.86940458e-11  2.98650000e-08  1.48649777e-04  2.98650000e-08  3.14451147e-06 
 2.98750000e-08  1.64406251e-01  2.98750000e-08  8.11777466e-06  2.98750000e-08  9.24441317e-10  2.98750000e-08  4.32738612e-05  2.98750000e-08  3.44617270e-11  2.98750000e-08  1.39751563e-04  2.98750000e-08  3.15516575e-06 
 2.98850000e-08  1.55124390e-01  2.98850000e-08  7.67104871e-06  2.98850000e-08  6.62517063e-10  2.98850000e-08  4.17242530e-05  2.98850000e-08  2.46868682e-11  2.98850000e-08  1.31799805e-04  2.98850000e-08  3.15909151e-06 
 2.98950000e-08  1.46849160e-01  2.98950000e-08  7.27345247e-06  2.98950000e-08  4.80738877e-10  2.98950000e-08  4.03049960e-05  2.98950000e-08  1.79070413e-11  2.98950000e-08  1.24689655e-04  2.98950000e-08  3.15515321e-06 
 2.99050000e-08  1.39473336e-01  2.99050000e-08  6.92075937e-06  2.99050000e-08  3.53310338e-10  2.99050000e-08  3.90163535e-05  2.99050000e-08  1.31566083e-11  2.99050000e-08  1.18332910e-04  2.99050000e-08  3.14326102e-06 
 2.99150000e-08  1.32909307e-01  2.99150000e-08  6.60970311e-06  2.99150000e-08  2.63065510e-10  2.99150000e-08  3.78600809e-05  2.99150000e-08  9.79369020e-12  2.99150000e-08  1.12656002e-04  2.99150000e-08  3.12402271e-06 
 2.99250000e-08  1.27089248e-01  2.99250000e-08  6.33825880e-06  2.99250000e-08  1.98500849e-10  2.99250000e-08  3.68417573e-05  2.99250000e-08  7.38851631e-12  2.99250000e-08  1.07599845e-04  2.99250000e-08  3.09851240e-06 
 2.99350000e-08  1.21963096e-01  2.99350000e-08  6.10546940e-06  2.99350000e-08  1.51865407e-10  2.99350000e-08  3.59704174e-05  2.99350000e-08  5.65171700e-12  2.99350000e-08  1.03118848e-04  2.99350000e-08  3.06795944e-06 
 2.99450000e-08  1.17487927e-01  2.99450000e-08  5.90940285e-06  2.99450000e-08  1.17901115e-10  2.99450000e-08  3.52471511e-05  2.99450000e-08  4.38710386e-12  2.99450000e-08  9.91771131e-05  2.99450000e-08  3.03398963e-06 
 2.99550000e-08  1.13607038e-01  2.99550000e-08  5.74300825e-06  2.99550000e-08  9.29070801e-11  2.99550000e-08  3.46417774e-05  2.99550000e-08  3.45666516e-12  2.99550000e-08  9.57408608e-05  2.99550000e-08  3.00158254e-06 
 2.99650000e-08  1.10221769e-01  2.99650000e-08  5.59453782e-06  2.99650000e-08  7.42781503e-11  2.99650000e-08  3.40946047e-05  2.99650000e-08  2.76329024e-12  2.99650000e-08  9.27501916e-05  2.99650000e-08  2.97359659e-06 
 2.99750000e-08  1.07220319e-01  2.99750000e-08  5.45542998e-06  2.99750000e-08  6.01887941e-11  2.99750000e-08  3.35624340e-05  2.99750000e-08  2.23894969e-12  2.99750000e-08  9.01215524e-05  2.99750000e-08  2.94528911e-06 
 2.99850000e-08  1.04518740e-01  2.99850000e-08  5.32343647e-06  2.99850000e-08  4.93438701e-11  2.99850000e-08  3.30384847e-05  2.99850000e-08  1.83539473e-12  2.99850000e-08  8.77777266e-05  2.99850000e-08  2.91000171e-06 
 2.99950000e-08  1.02059558e-01  2.99950000e-08  5.19838809e-06  2.99950000e-08  4.08580791e-11  2.99950000e-08  3.25272602e-05  2.99950000e-08  1.51965379e-12  2.99950000e-08  8.56607808e-05  2.99950000e-08  2.86371553e-06 
 3.00050000e-08  9.98034157e-02  3.00050000e-08  5.07976799e-06  3.00050000e-08  3.41154457e-11  3.00050000e-08  3.20302231e-05  3.00050000e-08  1.26879136e-12  3.00050000e-08  8.37318485e-05  3.00050000e-08  2.80579986e-06 
 3.00150000e-08  9.77243657e-02  3.00150000e-08  4.96666926e-06  3.00150000e-08  2.86678170e-11  3.00150000e-08  3.15459547e-05  3.00150000e-08  1.06612368e-12  3.00150000e-08  8.19664507e-05  3.00150000e-08  2.73635762e-06 
 3.00250000e-08  9.58079284e-02  3.00250000e-08  4.85815870e-06  3.00250000e-08  2.41775017e-11  3.00250000e-08  3.10727312e-05  3.00250000e-08  8.99080837e-13  3.00250000e-08  8.03512202e-05  3.00250000e-08  2.65332929e-06 
 3.00350000e-08  9.40486715e-02  3.00350000e-08  4.75374791e-06  3.00350000e-08  2.03946687e-11  3.00350000e-08  3.06114910e-05  3.00350000e-08  7.58364233e-13  3.00350000e-08  7.88799657e-05  3.00350000e-08  2.55184023e-06 
 3.00450000e-08  9.24453114e-02  3.00450000e-08  4.65393095e-06  3.00450000e-08  1.71516989e-11  3.00450000e-08  3.01688983e-05  3.00450000e-08  6.37735744e-13  3.00450000e-08  7.75473929e-05  3.00450000e-08  2.42624834e-06 
 3.00550000e-08  9.09954718e-02  3.00550000e-08  4.56011608e-06  3.00550000e-08  1.43510234e-11  3.00550000e-08  2.97565806e-05  3.00550000e-08  5.33564485e-13  3.00550000e-08  7.63446474e-05  3.00550000e-08  2.27308461e-06 
 3.00650000e-08  8.96911140e-02  3.00650000e-08  4.47362540e-06  3.00650000e-08  1.19399772e-11  3.00650000e-08  2.93847264e-05  3.00650000e-08  4.43890601e-13  3.00650000e-08  7.52585064e-05  3.00650000e-08  2.09253893e-06 
 3.00750000e-08  8.85113928e-02  3.00750000e-08  4.39470314e-06  3.00750000e-08  9.88921016e-12  3.00750000e-08  2.90555920e-05  3.00750000e-08  3.67621385e-13  3.00750000e-08  7.42678567e-05  3.00750000e-08  1.88702218e-06 
 3.00850000e-08  8.74381661e-02  3.00850000e-08  4.32139116e-06  3.00850000e-08  8.16212371e-12  3.00850000e-08  2.87571012e-05  3.00850000e-08  3.03394833e-13  3.00850000e-08  7.33615589e-05  3.00850000e-08  1.66430584e-06 
 3.00950000e-08  8.64492327e-02  3.00950000e-08  4.25388710e-06  3.00950000e-08  6.72391754e-12  3.00950000e-08  2.84909004e-05  3.00950000e-08  2.49915497e-13  3.00950000e-08  7.25175549e-05  3.00950000e-08  1.43193526e-06 
 3.01050000e-08  8.55065006e-02  3.01050000e-08  4.19103147e-06  3.01050000e-08  5.54606856e-12  3.01050000e-08  2.82484839e-05  3.01050000e-08  2.06120973e-13  3.01050000e-08  7.17037163e-05  3.01050000e-08  1.19299183e-06 
 3.01150000e-08  8.45958496e-02  3.01150000e-08  4.13167762e-06  3.01150000e-08  4.58525990e-12  3.01150000e-08  2.80226863e-05  3.01150000e-08  1.70399554e-13  3.01150000e-08  7.09110850e-05  3.01150000e-08  9.58341011e-07 
 3.01250000e-08  8.37096615e-02  3.01250000e-08  4.07276416e-06  3.01250000e-08  3.80590808e-12  3.01250000e-08  2.77924213e-05  3.01250000e-08  1.41427127e-13  3.01250000e-08  7.01421425e-05  3.01250000e-08  7.37870992e-07 
 3.01350000e-08  8.28355150e-02  3.01350000e-08  4.01655437e-06  3.01350000e-08  3.17321403e-12  3.01350000e-08  2.75738151e-05  3.01350000e-08  1.17909100e-13  3.01350000e-08  6.93773313e-05  3.01350000e-08  5.44360314e-07 
 3.01450000e-08  8.19330039e-02  3.01450000e-08  3.95791333e-06  3.01450000e-08  2.66082463e-12  3.01450000e-08  2.73324777e-05  3.01450000e-08  9.88650074e-14  3.01450000e-08  6.85963184e-05  3.01450000e-08  3.90478281e-07 
 3.01550000e-08  8.09196488e-02  3.01550000e-08  3.88736342e-06  3.01550000e-08  2.24757097e-12  3.01550000e-08  2.70041439e-05  3.01550000e-08  8.35074122e-14  3.01550000e-08  6.77524982e-05  3.01550000e-08  2.96156755e-07 
 3.01650000e-08  7.95880256e-02  3.01650000e-08  3.78185369e-06  3.01650000e-08  1.91398712e-12  3.01650000e-08  2.64311985e-05  3.01650000e-08  7.11119584e-14  3.01650000e-08  6.67252191e-05  3.01650000e-08  2.61044961e-07 
 3.01750000e-08  7.78663087e-02  3.01750000e-08  3.65613284e-06  3.01750000e-08  1.64696565e-12  3.01750000e-08  2.57128123e-05  3.01750000e-08  6.11909654e-14  3.01750000e-08  6.53907008e-05  3.01750000e-08  2.88897017e-07 
 3.01850000e-08  7.58447544e-02  3.01850000e-08  3.53267174e-06  3.01850000e-08  1.43510165e-12  3.01850000e-08  2.50001825e-05  3.01850000e-08  5.33199305e-14  3.01850000e-08  6.37584867e-05  3.01850000e-08  3.59670549e-07 
 3.01950000e-08  7.36489855e-02  3.01950000e-08  3.41694477e-06  3.01950000e-08  1.26723349e-12  3.01950000e-08  2.43277730e-05  3.01950000e-08  4.70835982e-14  3.01950000e-08  6.19348775e-05  3.01950000e-08  4.44412203e-07 
 3.02050000e-08  7.13773617e-02  3.02050000e-08  3.30666693e-06  3.02050000e-08  1.13299466e-12  3.02050000e-08  2.36780001e-05  3.02050000e-08  4.20965527e-14  3.02050000e-08  6.00260878e-05  3.02050000e-08  5.21089293e-07 
 3.02150000e-08  6.91358951e-02  3.02150000e-08  3.19925740e-06  3.02150000e-08  1.01910250e-12  3.02150000e-08  2.30357041e-05  3.02150000e-08  3.78653872e-14  3.02150000e-08  5.81448046e-05  3.02150000e-08  5.97333898e-07 
 3.02250000e-08  6.69346745e-02  3.02250000e-08  3.09308904e-06  3.02250000e-08  9.20721048e-13  3.02250000e-08  2.23898712e-05  3.02250000e-08  3.42102597e-14  3.02250000e-08  5.63060291e-05  3.02250000e-08  6.51556614e-07 
 3.02350000e-08  6.47697953e-02  3.02350000e-08  2.98742066e-06  3.02350000e-08  8.36119907e-13  3.02350000e-08  2.17355945e-05  3.02350000e-08  3.10670200e-14  3.02350000e-08  5.45075244e-05  3.02350000e-08  6.94100600e-07 
 3.02450000e-08  6.26535292e-02  3.02450000e-08  2.88105864e-06  3.02450000e-08  7.60758875e-13  3.02450000e-08  2.10666687e-05  3.02450000e-08  2.82670711e-14  3.02450000e-08  5.27645743e-05  3.02450000e-08  7.35724277e-07 
 3.02550000e-08  6.06011922e-02  3.02550000e-08  2.77427487e-06  3.02550000e-08  6.90382601e-13  3.02550000e-08  2.03879432e-05  3.02550000e-08  2.56523636e-14  3.02550000e-08  5.10900840e-05  3.02550000e-08  7.86808988e-07 
 3.02650000e-08  5.86344993e-02  3.02650000e-08  2.66745582e-06  3.02650000e-08  6.21028702e-13  3.02650000e-08  1.97056438e-05  3.02650000e-08  2.30757127e-14  3.02650000e-08  4.95031830e-05  3.02650000e-08  8.58980093e-07 
 3.02750000e-08  5.67774721e-02  3.02750000e-08  2.56232713e-06  3.02750000e-08  5.50171894e-13  3.02750000e-08  1.90355237e-05  3.02750000e-08  2.04432861e-14  3.02750000e-08  4.80206648e-05  3.02750000e-08  9.60798169e-07 
 3.02850000e-08  5.50395145e-02  3.02850000e-08  2.46144242e-06  3.02850000e-08  4.78630023e-13  3.02850000e-08  1.83972885e-05  3.02850000e-08  1.77854020e-14  3.02850000e-08  4.66420682e-05  3.02850000e-08  1.08875874e-06 
 3.02950000e-08  5.33976004e-02  3.02950000e-08  2.36445298e-06  3.02950000e-08  4.10322427e-13  3.02950000e-08  1.77860044e-05  3.02950000e-08  1.52475920e-14  3.02950000e-08  4.53456136e-05  3.02950000e-08  1.22499052e-06 
 3.03050000e-08  5.17960090e-02  3.03050000e-08  2.26893967e-06  3.03050000e-08  3.49812238e-13  3.03050000e-08  1.71788619e-05  3.03050000e-08  1.29993502e-14  3.03050000e-08  4.40843081e-05  3.03050000e-08  1.34484312e-06 
 3.03150000e-08  5.01531230e-02  3.03150000e-08  2.17314246e-06  3.03150000e-08  3.00571144e-13  3.03150000e-08  1.65565617e-05  3.03150000e-08  1.11696711e-14  3.03150000e-08  4.27823975e-05  3.03150000e-08  1.42238891e-06 
 3.03250000e-08  4.83730431e-02  3.03250000e-08  2.07568087e-06  3.03250000e-08  2.64518742e-13  3.03250000e-08  1.59022782e-05  3.03250000e-08  9.82990561e-15  3.03250000e-08  4.13483799e-05  3.03250000e-08  1.43263901e-06 
 3.03350000e-08  4.63710080e-02  3.03350000e-08  1.97563863e-06  3.03350000e-08  2.42178330e-13  3.03350000e-08  1.52039004e-05  3.03350000e-08  8.99952124e-15  3.03350000e-08  3.97002396e-05  3.03350000e-08  1.35631557e-06 
 3.03450000e-08  4.40985021e-02  3.03450000e-08  1.87268933e-06  3.03450000e-08  2.33343230e-13  3.03450000e-08  1.44565174e-05  3.03450000e-08  8.67084144e-15  3.03450000e-08  3.77901917e-05  3.03450000e-08  1.18568924e-06 
 3.03550000e-08  4.15541146e-02  3.03550000e-08  1.76690418e-06  3.03550000e-08  2.37936927e-13  3.03550000e-08  1.36614969e-05  3.03550000e-08  8.84099731e-15  3.03550000e-08  3.56163447e-05  3.03550000e-08  9.27778580e-07 
 3.03650000e-08  3.87856524e-02  3.03650000e-08  1.65892977e-06  3.03650000e-08  2.56526119e-13  3.03650000e-08  1.28275651e-05  3.03650000e-08  9.53099289e-15  3.03650000e-08  3.32240494e-05  3.03650000e-08  6.04615439e-07 
 3.03750000e-08  3.58156500e-02  3.03750000e-08  1.54978419e-06  3.03750000e-08  2.92762071e-13  3.03750000e-08  1.19658218e-05  3.03750000e-08  1.08763508e-14  3.03750000e-08  3.06317506e-05  3.03750000e-08  2.24226464e-07 
 3.03850000e-08  3.26999622e-02  3.03850000e-08  1.43998479e-06  3.03850000e-08  3.53378170e-13  3.03850000e-08  1.10849608e-05  3.03850000e-08  1.31271585e-14  3.03850000e-08  2.78935233e-05  3.03850000e-08  1.55844503e-07 
 3.03950000e-08  2.94974464e-02  3.03950000e-08  1.33093456e-06  3.03950000e-08  4.49284549e-13  3.03950000e-08  1.02006662e-05  3.03950000e-08  1.66885392e-14  3.03950000e-08  2.50629135e-05  3.03950000e-08  5.13150084e-07 
 3.04050000e-08  2.62715783e-02  3.04050000e-08  1.22386198e-06  3.04050000e-08  5.96251441e-13  3.04050000e-08  9.32723350e-06  3.04050000e-08  2.21458283e-14  3.04050000e-08  2.21989789e-05  3.04050000e-08  8.81744253e-07 
 3.04150000e-08  2.30900515e-02  3.04150000e-08  1.12021475e-06  3.04150000e-08  8.19618446e-13  3.04150000e-08  8.48013498e-06  3.04150000e-08  3.04397950e-14  3.04150000e-08  1.93642773e-05  3.04150000e-08  1.24373396e-06 
 3.04250000e-08  2.00641161e-02  3.04250000e-08  1.01950272e-06  3.04250000e-08  1.15223669e-12  3.04250000e-08  7.66004947e-06  3.04250000e-08  4.27901250e-14  3.04250000e-08  1.66735230e-05  3.04250000e-08  1.57648547e-06 
 3.04350000e-08  1.72677818e-02  3.04350000e-08  9.25690887e-07  3.04350000e-08  1.64183860e-12  3.04350000e-08  6.89925069e-06  3.04350000e-08  6.09691578e-14  3.04350000e-08  1.41861207e-05  3.04350000e-08  1.86561651e-06 
 3.04450000e-08  1.46922928e-02  3.04450000e-08  8.40156400e-07  3.04450000e-08  2.37567748e-12  3.04450000e-08  6.20748090e-06  3.04450000e-08  8.82167668e-14  3.04450000e-08  1.18878899e-05  3.04450000e-08  2.11535368e-06 
 3.04550000e-08  1.23749842e-02  3.04550000e-08  7.66282242e-07  3.04550000e-08  3.48158007e-12  3.04550000e-08  5.60924688e-06  3.04550000e-08  1.29279710e-13  3.04550000e-08  9.80458732e-06  3.04550000e-08  2.32693459e-06 
 3.04650000e-08  1.03131124e-02  3.04650000e-08  7.08247983e-07  3.04650000e-08  5.18582453e-12  3.04650000e-08  5.13274723e-06  3.04650000e-08  1.92560983e-13  3.04650000e-08  7.91837116e-06  3.04650000e-08  2.51094955e-06 
 3.04750000e-08  8.52866121e-03  3.04750000e-08  6.62166589e-07  3.04750000e-08  7.83458195e-12  3.04750000e-08  4.74787937e-06  3.04750000e-08  2.90919076e-13  3.04750000e-08  6.26906205e-06  3.04750000e-08  2.64513367e-06 
 3.04850000e-08  6.99799908e-03  3.04850000e-08  6.17837828e-07  3.04850000e-08  1.18885168e-11  3.04850000e-08  4.38142019e-06  3.04850000e-08  4.41466581e-13  3.04850000e-08  4.87309868e-06  3.04850000e-08  2.75062537e-06 
 3.04950000e-08  5.68335532e-03  3.04950000e-08  5.74607663e-07  3.04950000e-08  1.80420484e-11  3.04950000e-08  4.02941247e-06  3.04950000e-08  6.70008295e-13  3.04950000e-08  3.69386290e-06  3.04950000e-08  2.81237634e-06 
 3.05050000e-08  4.54619742e-03  3.05050000e-08  5.32240607e-07  3.05050000e-08  2.73021562e-11  3.05050000e-08  3.69049912e-06  3.05050000e-08  1.01397432e-12  3.05050000e-08  2.69232460e-06  3.05050000e-08  2.83047278e-06 
 3.05150000e-08  3.54880568e-03  3.05150000e-08  4.90974796e-07  3.05150000e-08  4.11428473e-11  3.05150000e-08  3.36625898e-06  3.05150000e-08  1.52817129e-12  3.05150000e-08  1.82852748e-06  3.05150000e-08  2.81316843e-06 
 3.05250000e-08  2.65584377e-03  3.05250000e-08  4.50632026e-07  3.05250000e-08  6.17336495e-11  3.05250000e-08  3.05517376e-06  3.05250000e-08  2.29329527e-12  3.05250000e-08  1.06661706e-06  3.05250000e-08  2.77090495e-06 
 3.05350000e-08  1.83537788e-03  3.05350000e-08  4.10895581e-07  3.05350000e-08  9.22977436e-11  3.05350000e-08  2.75475434e-06  3.05350000e-08  3.42928243e-12  3.05350000e-08  3.74760547e-07  3.05350000e-08  2.71364206e-06 
 3.05450000e-08  1.05123490e-03  3.05450000e-08  3.75044086e-07  3.05450000e-08  1.37697704e-10  3.05450000e-08  2.48641842e-06  3.05450000e-08  5.11715763e-12  3.05450000e-08  2.96663821e-07  3.05450000e-08  2.65007480e-06 
 3.05550000e-08  2.71701355e-04  3.05550000e-08  3.38353378e-07  3.05550000e-08  2.05378724e-10  3.05550000e-08  2.21814408e-06  3.05550000e-08  7.63424874e-12  3.05550000e-08  9.62044234e-07  3.05550000e-08  2.58722780e-06 
 3.05650000e-08 -5.25993557e-04  3.05650000e-08  2.93689806e-07  3.05650000e-08  3.06965303e-10  3.05650000e-08  1.90369399e-06  3.05650000e-08  1.14138521e-11  3.05650000e-08  1.61894901e-06  3.05650000e-08  2.53070156e-06 
 3.05750000e-08 -1.34835295e-03  3.05750000e-08  2.50564225e-07  3.05750000e-08  4.61076539e-10  3.05750000e-08  1.60560522e-06  3.05750000e-08  1.71505458e-11  3.05750000e-08  2.30914149e-06  3.05750000e-08  2.48520676e-06 
 3.05850000e-08 -2.21636651e-03  3.05850000e-08  2.05324001e-07  3.05850000e-08  6.98374205e-10  3.05850000e-08  1.30032783e-06  3.05850000e-08  2.59892883e-11  3.05850000e-08  3.04106534e-06  3.05850000e-08  2.45508459e-06 
 3.05950000e-08 -3.15491820e-03  3.05950000e-08  1.57240540e-07  3.05950000e-08  1.07113370e-09  3.05950000e-08  9.83792353e-07  3.05950000e-08  3.98845160e-11  3.05950000e-08  3.83799353e-06  3.05950000e-08  2.44484468e-06 
 3.06050000e-08 -4.19269702e-03  3.06050000e-08  1.05083728e-07  3.06050000e-08  1.67213441e-09  3.06050000e-08  6.49187012e-07  3.06050000e-08  6.23103671e-11  3.06050000e-08  4.72539975e-06  3.06050000e-08  2.45973764e-06 
 3.06150000e-08 -5.36494067e-03  3.06150000e-08  4.73450952e-08  3.06150000e-08  2.67415588e-09  3.06150000e-08  2.88598239e-07  3.06150000e-08  9.97495165e-11  3.06150000e-08  5.73463372e-06  3.06150000e-08  2.50659580e-06 
 3.06250000e-08 -6.71950686e-03  3.06250000e-08  1.80170147e-08  3.06250000e-08  4.41749886e-09  3.06250000e-08  1.08254590e-07  3.06250000e-08  1.65003904e-10  3.06250000e-08  6.90832353e-06  3.06250000e-08  2.59490715e-06 
 3.06350000e-08 -8.31873257e-03  3.06350000e-08  9.41020244e-08  3.06350000e-08  7.61479841e-09  3.06350000e-08  5.56525752e-07  3.06350000e-08  2.84980899e-10  3.06350000e-08  8.30053868e-06  3.06350000e-08  2.73782228e-06 
 3.06450000e-08 -1.02182923e-02  3.06450000e-08  1.85855379e-07  3.06450000e-08  1.38472544e-08  3.06450000e-08  1.08011361e-06  3.06450000e-08  5.19701491e-10  3.06450000e-08  9.95258115e-06  3.06450000e-08  2.95199401e-06 
 3.06550000e-08 -1.24582687e-02  3.06550000e-08  2.97536714e-07  3.06550000e-08  2.67631366e-08  3.06550000e-08  1.69588620e-06  3.06550000e-08  1.00878248e-09  3.06550000e-08  1.18926109e-05  3.06550000e-08  3.25502239e-06 
 3.06650000e-08 -1.50228329e-02  3.06650000e-08  4.33869230e-07  3.06650000e-08  5.48840310e-08  3.06650000e-08  2.42037662e-06  3.06650000e-08  2.08253659e-09  3.06650000e-08  1.40909358e-05  3.06650000e-08  3.66229687e-06 
 3.06750000e-08 -1.78366713e-02  3.06750000e-08  5.96454511e-07  3.06750000e-08  1.17955171e-07  3.06750000e-08  3.25036444e-06  3.06750000e-08  4.52176327e-09  3.06750000e-08  1.64685547e-05  3.06750000e-08  4.18780146e-06 
 3.06850000e-08 -2.08038481e-02  3.06850000e-08  7.84053900e-07  3.06850000e-08  2.60723360e-07  3.06850000e-08  4.16687895e-06  3.06850000e-08  1.01502694e-08  3.06850000e-08  1.89356579e-05  3.06850000e-08  4.84635549e-06 
 3.06950000e-08 -2.38405976e-02  3.06950000e-08  9.93837234e-07  3.06950000e-08  5.80781453e-07  3.06950000e-08  5.14394389e-06  3.06950000e-08  2.31235181e-08  3.06950000e-08  2.14203114e-05  3.06950000e-08  5.65214966e-06 
 3.07050000e-08 -2.68795885e-02  3.07050000e-08  1.22189068e-06  3.07050000e-08  1.27958598e-06  3.07050000e-08  6.15242331e-06  3.07050000e-08  5.25369907e-08  3.07050000e-08  2.38703780e-05  3.07050000e-08  6.61370376e-06 
 3.07150000e-08 -2.98604033e-02  3.07150000e-08  1.46255978e-06  3.07150000e-08  2.74765515e-06  3.07150000e-08  7.15754542e-06  3.07150000e-08  1.17306580e-07  3.07150000e-08  2.62451117e-05  3.07150000e-08  7.72969247e-06 
 3.07250000e-08 -3.27184790e-02  3.07250000e-08  1.70770051e-06  3.07250000e-08  5.69573421e-06  3.07250000e-08  8.11633638e-06  3.07250000e-08  2.54663756e-07  3.07250000e-08  2.85055173e-05  3.07250000e-08  8.99015902e-06 
 3.07350000e-08 -3.53732534e-02  3.07350000e-08  1.94567018e-06  3.07350000e-08  1.13088108e-05  3.07350000e-08  8.97434965e-06  3.07350000e-08  5.33546900e-07  3.07350000e-08  3.06046227e-05  3.07350000e-08  1.03852151e-05 
 3.07450000e-08 -3.77131802e-02  3.07450000e-08  2.15947130e-06  3.07450000e-08  2.12280285e-05  3.07450000e-08  9.65939486e-06  3.07450000e-08  1.07048014e-06  3.07450000e-08  3.24766873e-05  3.07450000e-08  1.19200989e-05 
 3.07550000e-08 -3.95798651e-02  3.07550000e-08  2.32451115e-06  3.07550000e-08  3.69818607e-05  3.07550000e-08  1.00751470e-05  3.07550000e-08  2.03396360e-06  3.07550000e-08  3.40259368e-05  3.07550000e-08  1.36321075e-05 
 3.07650000e-08 -4.07627465e-02  3.07650000e-08  2.40825760e-06  3.07650000e-08  5.89344521e-05  3.07650000e-08  1.01047015e-05  3.07650000e-08  3.61517997e-06  3.07650000e-08  3.51200249e-05  3.07650000e-08  1.56013157e-05 
 3.07750000e-08 -4.10181198e-02  3.07750000e-08  2.37401165e-06  3.07750000e-08  8.57185113e-05  3.07750000e-08  9.63155657e-06  3.07750000e-08  5.96502132e-06  3.07750000e-08  3.55966832e-05  3.07750000e-08  1.79464128e-05 
 3.07850000e-08 -4.01110592e-02  3.07850000e-08  2.18762384e-06  3.07850000e-08  1.14851436e-04  3.07850000e-08  8.56972796e-06  3.07850000e-08  9.13694673e-06  3.07850000e-08  3.52860882e-05  3.07850000e-08  2.08036090e-05 
 3.07950000e-08 -3.78619385e-02  3.07950000e-08  1.82312109e-06  3.07950000e-08  1.43914029e-04  3.07950000e-08  6.88459388e-06  3.07950000e-08  1.30760562e-05  3.07950000e-08  3.40416992e-05  3.07950000e-08  2.42983917e-05 
 3.08050000e-08 -3.41742892e-02  3.08050000e-08  1.26416083e-06  3.08050000e-08  1.71242505e-04  3.08050000e-08  4.59345565e-06  3.08050000e-08  1.76528210e-05  3.08050000e-08  3.17642990e-05  3.08050000e-08  2.85235900e-05 
 3.08150000e-08 -2.90388732e-02  3.08150000e-08  5.01873514e-07  3.08150000e-08  1.96107192e-04  3.08150000e-08  1.75124811e-06  3.08150000e-08  2.27139925e-05  3.08150000e-08  2.84125301e-05  3.08150000e-08  3.35270532e-05 
 3.08250000e-08 -2.25497992e-02  3.08250000e-08  4.70174170e-07  3.08250000e-08  2.18390583e-04  3.08250000e-08  1.57147229e-06  3.08250000e-08  2.81062575e-05  3.08250000e-08  2.40334736e-05  3.08250000e-08  3.93277972e-05 
 3.08350000e-08 -1.48204266e-02  3.08350000e-08  1.64953837e-06  3.08350000e-08  2.38253976e-04  3.08350000e-08  5.26638912e-06  3.08350000e-08  3.37014384e-05  3.08350000e-08  1.86721236e-05  3.08350000e-08  4.59106990e-05 
 3.08450000e-08 -5.93101253e-03  3.08450000e-08  3.03669967e-06  3.08450000e-08  2.56003995e-04  3.08450000e-08  9.24145552e-06  3.08450000e-08  3.94103054e-05  3.08450000e-08  1.23434993e-05  3.08450000e-08  5.32413132e-05 
 3.08550000e-08  3.90166003e-03  3.08550000e-08  4.61650788e-06  3.08550000e-08  2.71951814e-04  3.08550000e-08  1.33650637e-05  3.08550000e-08  4.51702479e-05  3.08550000e-08  5.17054557e-06  3.08550000e-08  6.12799735e-05 
 3.08650000e-08  1.44597266e-02  3.08650000e-08  6.47128340e-06  3.08650000e-08  2.86359845e-04  3.08650000e-08  1.77904421e-05  3.08650000e-08  5.09331486e-05  3.08650000e-08  2.51369281e-06  3.08650000e-08  6.99849800e-05 
 3.08750000e-08  2.56992401e-02  3.08750000e-08  8.67444368e-06  3.08750000e-08  2.99433556e-04  3.08750000e-08  2.26046971e-05  3.08750000e-08  5.66581008e-05  3.08750000e-08  1.04775465e-05  3.08750000e-08  7.93137882e-05 
 3.08850000e-08  3.77008697e-02  3.08850000e-08  1.09927541e-05  3.08850000e-08  3.11297009e-04  3.08850000e-08  2.70960775e-05  3.08850000e-08  6.22919032e-05  3.08850000e-08  1.92494156e-05  3.08850000e-08  8.92118277e-05 
 3.08950000e-08  5.03729964e-02  3.08950000e-08  1.35805244e-05  3.08950000e-08  3.22067554e-04  3.08950000e-08  3.16011760e-05  3.08950000e-08  6.77944532e-05  3.08950000e-08  2.84650981e-05  3.08950000e-08  9.96468396e-05 
 3.09050000e-08  6.36423865e-02  3.09050000e-08  1.64523474e-05  3.09050000e-08  3.31807843e-04  3.09050000e-08  3.60738370e-05  3.09050000e-08  7.31119580e-05  3.09050000e-08  3.80524033e-05  3.09050000e-08  1.10570629e-04 
 3.09150000e-08  7.74652928e-02  3.09150000e-08  1.96261227e-05  3.09150000e-08  3.40517921e-04  3.09150000e-08  4.04817485e-05  3.09150000e-08  7.81641381e-05  3.09150000e-08  4.79619836e-05  3.09150000e-08  1.21920261e-04 
 3.09250000e-08  9.18004976e-02  3.09250000e-08  2.31052769e-05  3.09250000e-08  3.48143028e-04  3.09250000e-08  4.47761542e-05  3.09250000e-08  8.28403168e-05  3.09250000e-08  5.81651309e-05  3.09250000e-08  1.33605019e-04 
 3.09350000e-08  1.06577557e-01  3.09350000e-08  2.68777254e-05  3.09350000e-08  3.54633740e-04  3.09350000e-08  4.89000998e-05  3.09350000e-08  8.70314027e-05  3.09350000e-08  6.86186407e-05  3.09350000e-08  1.45511226e-04 
 3.09450000e-08  1.21658356e-01  3.09450000e-08  3.09195801e-05  3.09450000e-08  3.60039889e-04  3.09450000e-08  5.27931113e-05  3.09450000e-08  9.06940211e-05  3.09450000e-08  7.92227351e-05  3.09450000e-08  1.57536266e-04 
 3.09550000e-08  1.36857589e-01  3.09550000e-08  3.52126049e-05  3.09550000e-08  3.64522108e-04  3.09550000e-08  5.64116876e-05  3.09550000e-08  9.38703368e-05  3.09550000e-08  8.98224774e-05  3.09550000e-08  1.69618351e-04 
 3.09650000e-08  1.52006425e-01  3.09650000e-08  3.97566286e-05  3.09650000e-08  3.68273001e-04  3.09650000e-08  5.97398800e-05  3.09650000e-08  9.66431991e-05  3.09650000e-08  1.00258705e-04  3.09650000e-08  1.81735537e-04 
 3.09750000e-08  1.66989192e-01  3.09750000e-08  4.45692827e-05  3.09750000e-08  3.71451300e-04  3.09750000e-08  6.27821736e-05  3.09750000e-08  9.90896382e-05  3.09750000e-08  1.10406896e-04  3.09750000e-08  1.93888502e-04 
 3.09850000e-08  1.81742821e-01  3.09850000e-08  4.96792599e-05  3.09850000e-08  3.74163641e-04  3.09850000e-08  6.55501263e-05  3.09850000e-08  1.01262433e-04  3.09850000e-08  1.20185485e-04  3.09850000e-08  2.06081965e-04 
 3.09950000e-08  1.96241065e-01  3.09950000e-08  5.51217012e-05  3.09950000e-08  3.76473369e-04  3.09950000e-08  6.80551932e-05  3.09950000e-08  1.03191018e-04  3.09950000e-08  1.29545282e-04  3.09950000e-08  2.18307692e-04 
 3.10050000e-08  2.10478688e-01  3.10050000e-08  6.09360334e-05  3.10050000e-08  3.78416572e-04  3.10050000e-08  7.03061334e-05  3.10050000e-08  1.04889462e-04  3.10050000e-08  1.38455722e-04  3.10050000e-08  2.30527635e-04 
 3.10150000e-08  2.24461054e-01  3.10150000e-08  6.71657467e-05  3.10150000e-08  3.80016478e-04  3.10150000e-08  7.23090437e-05  3.10150000e-08  1.06365001e-04  3.10150000e-08  1.46894299e-04  3.10150000e-08  2.42655692e-04 
 3.10250000e-08  2.38199445e-01  3.10250000e-08  7.38594953e-05  3.10250000e-08  3.81293699e-04  3.10250000e-08  7.40684847e-05  3.10250000e-08  1.07624697e-04  3.10250000e-08  1.54840346e-04  3.10250000e-08  2.54539002e-04 
 3.10350000e-08  2.51710006e-01  3.10350000e-08  8.10726523e-05  3.10350000e-08  3.82271722e-04  3.10350000e-08  7.55883791e-05  3.10350000e-08  1.08679222e-04  3.10350000e-08  1.62272077e-04  3.10350000e-08  2.65945588e-04 
 3.10450000e-08  2.65015822e-01  3.10450000e-08  8.88697207e-05  3.10450000e-08  3.82979058e-04  3.10450000e-08  7.68729070e-05  3.10450000e-08  1.09544397e-04  3.10450000e-08  1.69165843e-04  3.10450000e-08  2.76571805e-04 
 3.10550000e-08  2.78149448e-01  3.10550000e-08  9.73264794e-05  3.10550000e-08  3.83448398e-04  3.10550000e-08  7.79263110e-05  3.10550000e-08  1.10240537e-04  3.10550000e-08  1.75496163e-04  3.10550000e-08  2.86089232e-04 
 3.10650000e-08  2.91155536e-01  3.10650000e-08  1.06532124e-04  3.10650000e-08  3.83714790e-04  3.10650000e-08  7.87521187e-05  3.10650000e-08  1.10790993e-04  3.10650000e-08  1.81235637e-04  3.10650000e-08  2.94233319e-04 
 3.10750000e-08  3.04093334e-01  3.10750000e-08  1.16591458e-04  3.10750000e-08  3.83813970e-04  3.10750000e-08  7.93519443e-05  3.10750000e-08  1.11220757e-04  3.10750000e-08  1.86354232e-04  3.10750000e-08  3.00895480e-04 
 3.10850000e-08  3.17039279e-01  3.10850000e-08  1.27627288e-04  3.10850000e-08  3.83781123e-04  3.10850000e-08  7.97239768e-05  3.10850000e-08  1.11555384e-04  3.10850000e-08  1.90817659e-04  3.10850000e-08  3.06155133e-04 
 3.10950000e-08  3.30090104e-01  3.10950000e-08  1.39783207e-04  3.10950000e-08  3.83650083e-04  3.10950000e-08  7.98610854e-05  3.10950000e-08  1.11820290e-04  3.10950000e-08  1.94584598e-04  3.10950000e-08  3.10228935e-04 
 3.11050000e-08  3.43367201e-01  3.11050000e-08  1.53226789e-04  3.11050000e-08  3.83453196e-04  3.11050000e-08  7.97482796e-05  3.11050000e-08  1.12040619e-04  3.11050000e-08  1.97602514e-04  3.11050000e-08  3.13382115e-04 
 3.11150000e-08  3.57023613e-01  3.11150000e-08  1.68152766e-04  3.11150000e-08  3.83221988e-04  3.11150000e-08  7.93591496e-05  3.11150000e-08  1.12241832e-04  3.11150000e-08  1.99801807e-04  3.11150000e-08  3.15859343e-04 
 3.11250000e-08  3.71256576e-01  3.11250000e-08  1.84783072e-04  3.11250000e-08  3.82987415e-04  3.11250000e-08  7.86510645e-05  3.11250000e-08  1.12450064e-04  3.11250000e-08  2.01089044e-04  3.11250000e-08  3.17854827e-04 
 3.11350000e-08  3.86330784e-01  3.11350000e-08  2.03349522e-04  3.11350000e-08  3.82774205e-04  3.11350000e-08  7.75605709e-05  3.11350000e-08  1.12687903e-04  3.11350000e-08  2.01344059e-04  3.11350000e-08  3.19509952e-04 
 3.11450000e-08  4.02613407e-01  3.11450000e-08  2.24015152e-04  3.11450000e-08  3.82581732e-04  3.11450000e-08  7.60045197e-05  3.11450000e-08  1.12959360e-04  3.11450000e-08  2.00429950e-04  3.11450000e-08  3.20921343e-04 
 3.11550000e-08  4.20592359e-01  3.11550000e-08  2.46639928e-04  3.11550000e-08  3.82369513e-04  3.11550000e-08  7.38892194e-05  3.11550000e-08  1.13237836e-04  3.11550000e-08  1.98205351e-04  3.11550000e-08  3.22151092e-04 
 3.11650000e-08  4.40815480e-01  3.11650000e-08  2.70199565e-04  3.11650000e-08  3.82082446e-04  3.11650000e-08  7.11306554e-05  3.11650000e-08  1.13485094e-04  3.11650000e-08  1.94496583e-04  3.11650000e-08  3.23238406e-04 
 3.11750000e-08  4.63758251e-01  3.11750000e-08  2.91750904e-04  3.11750000e-08  3.81684526e-04  3.11750000e-08  6.77133710e-05  3.11750000e-08  1.13677209e-04  3.11750000e-08  1.89094951e-04  3.11750000e-08  3.24209985e-04 
 3.11850000e-08  4.89670215e-01  3.11850000e-08  3.06714554e-04  3.11850000e-08  3.81157081e-04  3.11850000e-08  6.38043577e-05  3.11850000e-08  1.13802270e-04  3.11850000e-08  1.81882157e-04  3.11850000e-08  3.25086192e-04 
 3.11950000e-08  5.18497924e-01  3.11950000e-08  3.13017756e-04  3.11950000e-08  3.80489771e-04  3.11950000e-08  5.97326490e-05  3.11950000e-08  1.13852512e-04  3.11950000e-08  1.73019190e-04  3.11950000e-08  3.25884187e-04 
 3.12050000e-08  5.49962609e-01  3.12050000e-08  3.12751101e-04  3.12050000e-08  3.79686945e-04  3.12050000e-08  5.57452029e-05  3.12050000e-08  1.13830093e-04  3.12050000e-08  1.62947916e-04  3.12050000e-08  3.26619661e-04 
 3.12150000e-08  5.83720623e-01  3.12150000e-08  3.08632424e-04  3.12150000e-08  3.78761437e-04  3.12150000e-08  5.19110497e-05  3.12150000e-08  1.13743609e-04  3.12150000e-08  1.52183202e-04  3.12150000e-08  3.27307019e-04 
 3.12250000e-08  6.19466731e-01  3.12250000e-08  3.02226567e-04  3.12250000e-08  3.77738609e-04  3.12250000e-08  4.82035707e-05  3.12250000e-08  1.13612596e-04  3.12250000e-08  1.41131782e-04  3.12250000e-08  3.27959962e-04 
 3.12350000e-08  6.56970755e-01  3.12350000e-08  2.94222946e-04  3.12350000e-08  3.76652841e-04  3.12350000e-08  4.45759712e-05  3.12350000e-08  1.13465421e-04  3.12350000e-08  1.30049101e-04  3.12350000e-08  3.28591634e-04 
 3.12450000e-08  6.96084778e-01  3.12450000e-08  2.84910310e-04  3.12450000e-08  3.75526216e-04  3.12450000e-08  4.09999121e-05  3.12450000e-08  1.13322085e-04  3.12450000e-08  1.19084200e-04  3.12450000e-08  3.29213249e-04 
 3.12550000e-08  7.36722355e-01  3.12550000e-08  2.74427941e-04  3.12550000e-08  3.74360993e-04  3.12550000e-08  3.74723703e-05  3.12550000e-08  1.13187653e-04  3.12550000e-08  1.08333272e-04  3.12550000e-08  3.29832882e-04 
 3.12650000e-08  7.78825665e-01  3.12650000e-08  2.62844574e-04  3.12650000e-08  3.73153256e-04  3.12650000e-08  3.40024077e-05  3.12650000e-08  1.13062994e-04  3.12650000e-08  9.78650493e-05  3.12650000e-08  3.30454382e-04 
 3.12750000e-08  8.22314079e-01  3.12750000e-08  2.50197886e-04  3.12750000e-08  3.71897317e-04  3.12750000e-08  3.06056858e-05  3.12750000e-08  1.12947825e-04  3.12750000e-08  8.77355368e-05  3.12750000e-08  3.31075553e-04 
 3.12850000e-08  8.67216517e-01  3.12850000e-08  2.36588213e-04  3.12850000e-08  3.70556817e-04  3.12850000e-08  2.73173704e-05  3.12850000e-08  1.12818541e-04  3.12850000e-08  7.80110357e-05  3.12850000e-08  3.31702190e-04 
 3.12950000e-08  9.13540081e-01  3.12950000e-08  2.22239879e-04  3.12950000e-08  3.69074725e-04  3.12950000e-08  2.41930232e-05  3.12950000e-08  1.12633443e-04  3.12950000e-08  6.87936535e-05  3.12950000e-08  3.32329602e-04 
 3.13050000e-08  9.61187775e-01  3.13050000e-08  2.06850075e-04  3.13050000e-08  3.67560614e-04  3.13050000e-08  2.11756101e-05  3.13050000e-08  1.12492513e-04  3.13050000e-08  6.00394002e-05  3.13050000e-08  3.32959902e-04 
 3.13150000e-08  1.01018280e+00  3.13150000e-08  1.90253555e-04  3.13150000e-08  3.66043894e-04  3.13150000e-08  1.82539909e-05  3.13150000e-08  1.12435800e-04  3.13150000e-08  5.17022258e-05  3.13150000e-08  3.33595928e-04 
 3.13250000e-08  1.06063813e+00  3.13250000e-08  1.72815028e-04  3.13250000e-08  3.64403971e-04  3.13250000e-08  1.55051549e-05  3.13250000e-08  1.12379516e-04  3.13250000e-08  4.38590511e-05  3.13250000e-08  3.34232207e-04 
 3.13350000e-08  1.11274515e+00  3.13350000e-08  1.54938336e-04  3.13350000e-08  3.62548097e-04  3.13350000e-08  1.29854343e-05  3.13350000e-08  1.12266130e-04  3.13350000e-08  3.66089118e-05  3.13350000e-08  3.34857334e-04 
 3.13450000e-08  1.16619222e+00  3.13450000e-08  1.36267414e-04  3.13450000e-08  3.60601682e-04  3.13450000e-08  1.06380235e-05  3.13450000e-08  1.12228426e-04  3.13450000e-08  2.98629178e-05  3.13450000e-08  3.35474800e-04 
 3.13550000e-08  1.22122094e+00  3.13550000e-08  1.18666208e-04  3.13550000e-08  3.58120755e-04  3.13550000e-08  8.66115822e-06  3.13550000e-08  1.11908681e-04  3.13550000e-08  2.39525394e-05  3.13550000e-08  3.36065164e-04 
 3.13650000e-08  1.27768479e+00  3.13650000e-08  1.03104883e-04  3.13650000e-08  3.54991083e-04  3.13650000e-08  7.08579082e-06  3.13650000e-08  1.11226252e-04  3.13650000e-08  1.90570857e-05  3.13650000e-08  3.36606750e-04 
 3.13750000e-08  1.33533245e+00  3.13750000e-08  8.90054430e-05  3.13750000e-08  3.51443117e-04  3.13750000e-08  5.78669212e-06  3.13750000e-08  1.10440247e-04  3.13750000e-08  1.50056036e-05  3.13750000e-08  3.37089154e-04 
 3.13850000e-08  1.39357501e+00  3.13850000e-08  7.57815183e-05  3.13850000e-08  3.47543253e-04  3.13850000e-08  4.67115773e-06  3.13850000e-08  1.09727565e-04  3.13850000e-08  1.15715764e-05  3.13850000e-08  3.37551760e-04 
 3.13950000e-08  1.45228646e+00  3.13950000e-08  6.31276736e-05  3.13950000e-08  3.43044070e-04  3.13950000e-08  3.69107487e-06  3.13950000e-08  1.09168683e-04  3.13950000e-08  8.58537651e-06  3.13950000e-08  3.37992649e-04 
 3.14050000e-08  1.51135191e+00  3.14050000e-08  5.09242383e-05  3.14050000e-08  3.36965346e-04  3.14050000e-08  2.82243453e-06  3.14050000e-08  1.08754828e-04  3.14050000e-08  5.91592003e-06  3.14050000e-08  3.38416233e-04 
 3.14150000e-08  1.57051866e+00  3.14150000e-08  3.94466244e-05  3.14150000e-08  3.25929092e-04  3.14150000e-08  2.07121382e-06  3.14150000e-08  1.08252962e-04  3.14150000e-08  3.52174506e-06  3.14150000e-08  3.38824830e-04 
 3.14250000e-08  1.62900466e+00  3.14250000e-08  2.92338251e-05  3.14250000e-08  3.02897681e-04  3.14250000e-08  1.45523025e-06  3.14250000e-08  1.06979857e-04  3.14250000e-08  1.44060978e-06  3.14250000e-08  3.39214829e-04 
 3.14350000e-08  1.68506345e+00  3.14350000e-08  2.07950530e-05  3.14350000e-08  2.67978613e-04  3.14350000e-08  9.83960263e-07  3.14350000e-08  1.04002154e-04  3.14350000e-08  2.93982521e-07  3.14350000e-08  3.39575856e-04 
 3.14450000e-08  1.73658222e+00  3.14450000e-08  1.43291185e-05  3.14450000e-08  2.31027589e-04  3.14450000e-08  6.47336084e-07  3.14450000e-08  9.92797448e-05  3.14450000e-08  1.72217972e-06  3.14450000e-08  3.39891814e-04 
 3.14550000e-08  1.78260052e+00  3.14550000e-08  9.56933739e-06  3.14550000e-08  1.97762738e-04  3.14550000e-08  4.14653855e-07  3.14550000e-08  9.37022740e-05  3.14550000e-08  2.65177483e-06  3.14550000e-08  3.40141007e-04 
 3.14650000e-08  1.82351508e+00  3.14650000e-08  6.21316247e-06  3.14650000e-08  1.69616277e-04  3.14650000e-08  2.59551747e-07  3.14650000e-08  8.81831674e-05  3.14650000e-08  3.22737467e-06  3.14650000e-08  3.40304501e-04 
 3.14750000e-08  1.86024931e+00  3.14750000e-08  3.93342791e-06  3.14750000e-08  1.46478198e-04  3.14750000e-08  1.59260624e-07  3.14750000e-08  8.32594256e-05  3.14750000e-08  3.55618864e-06  3.14750000e-08  3.40374282e-04 
 3.14850000e-08  1.89375929e+00  3.14850000e-08  2.43808406e-06  3.14850000e-08  1.27717144e-04  3.14850000e-08  9.61886662e-08  3.14850000e-08  7.91343821e-05  3.14850000e-08  3.71284730e-06  3.14850000e-08  3.40352421e-04 
 3.14950000e-08  1.92488877e+00  3.14950000e-08  1.48792385e-06  3.14950000e-08  1.12553339e-04  3.14950000e-08  5.74869972e-08  3.14950000e-08  7.58039436e-05  3.14950000e-08  3.74937104e-06  3.14950000e-08  3.40246246e-04 
 3.15050000e-08  1.95434474e+00  3.15050000e-08  9.00015180e-07  3.15050000e-08  1.00227684e-04  3.15050000e-08  3.42044196e-08  3.15050000e-08  7.31569435e-05  3.15050000e-08  3.70355946e-06  3.15050000e-08  3.40064454e-04 
 3.15150000e-08  1.98271298e+00  3.15150000e-08  5.43428289e-07  3.15150000e-08  9.00781114e-05  3.15150000e-08  2.03912041e-08  3.15150000e-08  7.10384356e-05  3.15150000e-08  3.60349016e-06  3.15150000e-08  3.39814833e-04 
 3.15250000e-08  2.01048810e+00  3.15250000e-08  3.29858645e-07  3.15250000e-08  8.15618898e-05  3.15250000e-08  1.22576745e-08  3.15250000e-08  6.92844728e-05  3.15250000e-08  3.47008211e-06  3.15250000e-08  3.39503109e-04 
 3.15350000e-08  2.03809962e+00  3.15350000e-08  2.02623735e-07  3.15350000e-08  7.42525858e-05  3.15350000e-08  7.47437479e-09  3.15350000e-08  6.77409722e-05  3.15350000e-08  3.31890208e-06  3.15350000e-08  3.39132296e-04 
 3.15450000e-08  2.06589782e+00  3.15450000e-08  1.26685648e-07  3.15450000e-08  6.78426215e-05  3.15450000e-08  4.64726963e-09  3.15450000e-08  6.62882903e-05  3.15450000e-08  3.16039522e-06  3.15450000e-08  3.38701415e-04 
 3.15550000e-08  2.09404888e+00  3.15550000e-08  8.09505260e-08  3.15550000e-08  6.21734305e-05  3.15550000e-08  2.95706331e-09  3.15550000e-08  6.48957129e-05  3.15550000e-08  3.00212305e-06  3.15550000e-08  3.38207853e-04 
 3.15650000e-08  2.12248481e+00  3.15650000e-08  5.29693033e-08  3.15650000e-08  5.72123907e-05  3.15650000e-08  1.92870861e-09  3.15650000e-08  6.36343876e-05  3.15650000e-08  2.84732671e-06  3.15650000e-08  3.37650011e-04 
 3.15750000e-08  2.15104760e+00  3.15750000e-08  3.55110899e-08  3.15750000e-08  5.29344402e-05  3.15750000e-08  1.28980494e-09  3.15750000e-08  6.25802787e-05  3.15750000e-08  2.69603541e-06  3.15750000e-08  3.37033931e-04 
 3.15850000e-08  2.17963102e+00  3.15850000e-08  2.43899984e-08  3.15850000e-08  4.92594815e-05  3.15850000e-08  8.84143771e-10  3.15850000e-08  6.17432335e-05  3.15850000e-08  2.54710299e-06  3.15850000e-08  3.36370901e-04 
 3.15950000e-08  2.20819471e+00  3.15950000e-08  1.71571852e-08  3.15950000e-08  4.60802233e-05  3.15950000e-08  6.20986587e-10  3.15950000e-08  6.10854622e-05  3.15950000e-08  2.39923171e-06  3.15950000e-08  3.35670928e-04 
 3.16050000e-08  2.23672268e+00  3.16050000e-08  1.23554970e-08  3.16050000e-08  4.33014384e-05  3.16050000e-08  4.46634729e-10  3.16050000e-08  6.05638552e-05  3.16050000e-08  2.25058406e-06  3.16050000e-08  3.34940428e-04 
 3.16150000e-08  2.26519936e+00  3.16150000e-08  9.10259535e-09  3.16150000e-08  4.08504148e-05  3.16150000e-08  3.28710268e-10  3.16150000e-08  6.01464345e-05  3.16150000e-08  2.09806510e-06  3.16150000e-08  3.34184222e-04 
 3.16250000e-08  2.29360477e+00  3.16250000e-08  6.85505253e-09  3.16250000e-08  3.86724711e-05  3.16250000e-08  2.47338132e-10  3.16250000e-08  5.98113409e-05  3.16250000e-08  1.93652599e-06  3.16250000e-08  3.33408807e-04 
 3.16350000e-08  2.32191755e+00  3.16350000e-08  5.27245364e-09  3.16350000e-08  3.67249036e-05  3.16350000e-08  1.90101047e-10  3.16350000e-08  5.95424746e-05  3.16350000e-08  1.75913868e-06  3.16350000e-08  3.32624020e-04 
 3.16450000e-08  2.35012205e+00  3.16450000e-08  4.13791016e-09  3.16450000e-08  3.49721527e-05  3.16450000e-08  1.49104429e-10  3.16450000e-08  5.93254590e-05  3.16450000e-08  1.56049754e-06  3.16450000e-08  3.31841335e-04 
 3.16550000e-08  2.37821802e+00  3.16550000e-08  3.31092524e-09  3.16550000e-08  3.33818739e-05  3.16550000e-08  1.19243174e-10  3.16550000e-08  5.91434988e-05  3.16550000e-08  1.34091107e-06  3.16550000e-08  3.31069914e-04 
 3.16650000e-08  2.40622184e+00  3.16650000e-08  2.69882551e-09  3.16650000e-08  3.19251018e-05  3.16650000e-08  9.71547169e-11  3.16650000e-08  5.89787155e-05  3.16650000e-08  1.10791219e-06  3.16650000e-08  3.30313384e-04 
 3.16750000e-08  2.43415245e+00  3.16750000e-08  2.23902378e-09  3.16750000e-08  3.05811034e-05  3.16750000e-08  8.05708554e-11  3.16750000e-08  5.88217967e-05  3.16750000e-08  8.70658292e-07  3.16750000e-08  3.29568644e-04 
 3.16850000e-08  2.46201357e+00  3.16850000e-08  1.88887497e-09  3.16850000e-08  2.93389077e-05  3.16850000e-08  6.79476910e-11  3.16850000e-08  5.86771096e-05  3.16850000e-08  6.47394741e-07  3.16850000e-08  3.28826996e-04 
 3.16950000e-08  2.48980356e+00  3.16950000e-08  1.61818601e-09  3.16950000e-08  2.81910869e-05  3.16950000e-08  5.81929695e-11  3.16950000e-08  5.85526199e-05  3.16950000e-08  4.38536758e-07  3.16950000e-08  3.28072218e-04 
 3.17050000e-08  2.51751857e+00  3.17050000e-08  1.40623909e-09  3.17050000e-08  2.71287218e-05  3.17050000e-08  5.05577582e-11  3.17050000e-08  5.84505845e-05  3.17050000e-08  2.51034565e-07  3.17050000e-08  3.27282109e-04 
 3.17150000e-08  2.54514289e+00  3.17150000e-08  1.23796985e-09  3.17150000e-08  2.61425563e-05  3.17150000e-08  4.44979099e-11  3.17150000e-08  5.83699138e-05  3.17150000e-08  9.76978730e-08  3.17150000e-08  3.26430396e-04 
 3.17250000e-08  2.57266996e+00  3.17250000e-08  1.10307626e-09  3.17250000e-08  2.52243076e-05  3.17250000e-08  3.96413901e-11  3.17250000e-08  5.83082451e-05  3.17250000e-08  1.70264169e-08  3.17250000e-08  3.25474757e-04 
 3.17350000e-08  2.60009811e+00  3.17350000e-08  9.92878784e-10  3.17350000e-08  2.43632053e-05  3.17350000e-08  3.56748549e-11  3.17350000e-08  5.82546669e-05  3.17350000e-08  1.24879162e-07  3.17350000e-08  3.24354676e-04 
 3.17450000e-08  2.62737624e+00  3.17450000e-08  9.02985663e-10  3.17450000e-08  2.35707182e-05  3.17450000e-08  3.24398095e-11  3.17450000e-08  5.82471371e-05  3.17450000e-08  2.18093041e-07  3.17450000e-08  3.22973836e-04 
 3.17550000e-08  2.65434789e+00  3.17550000e-08  8.28289755e-10  3.17550000e-08  2.28642147e-05  3.17550000e-08  2.97522264e-11  3.17550000e-08  5.83405665e-05  3.17550000e-08  2.80420186e-07  3.17550000e-08  3.21213710e-04 
 3.17650000e-08  2.68045006e+00  3.17650000e-08  7.62991201e-10  3.17650000e-08  2.23643932e-05  3.17650000e-08  2.74033171e-11  3.17650000e-08  5.88551013e-05  3.17650000e-08  2.95395752e-07  3.17650000e-08  3.18916688e-04 
 3.17750000e-08  2.70504160e+00  3.17750000e-08  7.02497299e-10  3.17750000e-08  2.21363836e-05  3.17750000e-08  2.52278142e-11  3.17750000e-08  5.99895125e-05  3.17750000e-08  2.50111991e-07  3.17750000e-08  3.15904527e-04 
 3.17850000e-08  2.72822744e+00  3.17850000e-08  6.46065057e-10  3.17850000e-08  2.19787773e-05  3.17850000e-08  2.31989029e-11  3.17850000e-08  6.12350667e-05  3.17850000e-08  1.38948335e-07  3.17850000e-08  3.12014474e-04 
 3.17950000e-08  2.75048996e+00  3.17950000e-08  5.94505141e-10  3.17950000e-08  2.16950225e-05  3.17950000e-08  2.13455904e-11  3.17950000e-08  6.20536072e-05  3.17950000e-08  3.05177350e-08  3.17950000e-08  3.07100063e-04 
 3.18050000e-08  2.77214760e+00  3.18050000e-08  5.48330260e-10  3.18050000e-08  2.12523628e-05  3.18050000e-08  1.96861775e-11  3.18050000e-08  6.23337490e-05  3.18050000e-08  2.48743331e-07  3.18050000e-08  3.01037319e-04 
 3.18150000e-08  2.79334027e+00  3.18150000e-08  5.06697759e-10  3.18150000e-08  2.06883576e-05  3.18150000e-08  1.81901390e-11  3.18150000e-08  6.21628317e-05  3.18150000e-08  4.56091167e-07  3.18150000e-08  2.93777576e-04 
 3.18250000e-08  2.81408989e+00  3.18250000e-08  4.69328452e-10  3.18250000e-08  2.00502593e-05  3.18250000e-08  1.68473734e-11  3.18250000e-08  6.16640812e-05  3.18250000e-08  6.37762393e-07  3.18250000e-08  2.85398276e-04 
 3.18350000e-08  2.83437281e+00  3.18350000e-08  4.35918038e-10  3.18350000e-08  1.93696614e-05  3.18350000e-08  1.56469137e-11  3.18350000e-08  6.09218399e-05  3.18350000e-08  7.89051215e-07  3.18350000e-08  2.76103966e-04 
 3.18450000e-08  2.85413648e+00  3.18450000e-08  4.06162571e-10  3.18450000e-08  1.86688530e-05  3.18450000e-08  1.45778267e-11  3.18450000e-08  5.99977754e-05  3.18450000e-08  9.12668595e-07  3.18450000e-08  2.66172778e-04 
 3.18550000e-08  2.87331247e+00  3.18550000e-08  3.79796680e-10  3.18550000e-08  1.79657764e-05  3.18550000e-08  1.36305741e-11  3.18550000e-08  5.89448271e-05  3.18550000e-08  1.01553500e-06  3.18550000e-08  2.55889859e-04 
 3.18650000e-08  2.89182364e+00  3.18650000e-08  3.56626917e-10  3.18650000e-08  1.72774649e-05  3.18650000e-08  1.27982039e-11  3.18650000e-08  5.78176213e-05  3.18650000e-08  1.10685326e-06  3.18650000e-08  2.45502086e-04 
 3.18750000e-08  2.90959974e+00  3.18750000e-08  3.36545263e-10  3.18750000e-08  1.66175657e-05  3.18750000e-08  1.20768356e-11  3.18750000e-08  5.66641485e-05  3.18750000e-08  1.19842867e-06  3.18750000e-08  2.35202251e-04 
 3.18850000e-08  2.92662141e+00  3.18850000e-08  3.19382779e-10  3.18850000e-08  1.59839558e-05  3.18850000e-08  1.14603981e-11  3.18850000e-08  5.54833337e-05  3.18850000e-08  1.30222073e-06  3.18850000e-08  2.25129587e-04 
 3.18950000e-08  2.94293209e+00  3.18950000e-08  3.04534336e-10  3.18950000e-08  1.53598801e-05  3.18950000e-08  1.09271233e-11  3.18950000e-08  5.42254636e-05  3.18950000e-08  1.41109163e-06  3.18950000e-08  2.15371107e-04 
 3.19050000e-08  2.95857259e+00  3.19050000e-08  2.90923870e-10  3.19050000e-08  1.47379841e-05  3.19050000e-08  1.04382974e-11  3.19050000e-08  5.28724208e-05  3.19050000e-08  1.49019384e-06  3.19050000e-08  2.05968371e-04 
 3.19150000e-08  2.97354832e+00  3.19150000e-08  2.77434859e-10  3.19150000e-08  1.41243543e-05  3.19150000e-08  9.95377113e-12  3.19150000e-08  5.14533080e-05  3.19150000e-08  1.50410500e-06  3.19150000e-08  1.96939783e-04 
 3.19250000e-08  2.98784267e+00  3.19250000e-08  2.63185871e-10  3.19250000e-08  1.35281335e-05  3.19250000e-08  9.44188179e-12  3.19250000e-08  5.00092502e-05  3.19250000e-08  1.43568971e-06  3.19250000e-08  1.88299336e-04 
 3.19350000e-08  3.00143615e+00  3.19350000e-08  2.47686416e-10  3.19350000e-08  1.29560757e-05  3.19350000e-08  8.88504581e-12  3.19350000e-08  4.85734687e-05  3.19350000e-08  1.28737589e-06  3.19350000e-08  1.80059773e-04 
 3.19450000e-08  3.01431861e+00  3.19450000e-08  2.30972806e-10  3.19450000e-08  1.24127638e-05  3.19450000e-08  8.28462354e-12  3.19450000e-08  4.71710105e-05  3.19450000e-08  1.07882072e-06  3.19450000e-08  1.72227350e-04 
 3.19550000e-08  3.02649187e+00  3.19550000e-08  2.13524299e-10  3.19550000e-08  1.19020925e-05  3.19550000e-08  7.65788399e-12  3.19550000e-08  4.58237529e-05  3.19550000e-08  8.39684873e-07  3.19550000e-08  1.64798997e-04 
 3.19650000e-08  3.03797119e+00  3.19650000e-08  1.96040506e-10  3.19650000e-08  1.14274153e-05  3.19650000e-08  7.02998712e-12  3.19650000e-08  4.45509741e-05  3.19650000e-08  5.98147329e-07  3.19650000e-08  1.57762292e-04 
 3.19750000e-08  3.04879005e+00  3.19750000e-08  1.79203840e-10  3.19750000e-08  1.09886480e-05  3.19750000e-08  6.42544660e-12  3.19750000e-08  4.33583853e-05  3.19750000e-08  3.75056181e-07  3.19750000e-08  1.51098954e-04 
 3.19850000e-08  3.05897981e+00  3.19850000e-08  1.63303557e-10  3.19850000e-08  1.05807188e-05  3.19850000e-08  5.85464837e-12  3.19850000e-08  4.22325880e-05  3.19850000e-08  1.91413120e-07  3.19850000e-08  1.44800994e-04 
 3.19950000e-08  3.06858508e+00  3.19950000e-08  1.48612150e-10  3.19950000e-08  1.01998451e-05  3.19950000e-08  5.32735731e-12  3.19950000e-08  4.11639188e-05  3.19950000e-08  5.70520008e-08  3.19950000e-08  1.38848455e-04 
 3.20050000e-08  3.07765524e+00  3.20050000e-08  1.35338246e-10  3.20050000e-08  9.84256758e-06  3.20050000e-08  4.85104239e-12  3.20050000e-08  4.01431699e-05  3.20050000e-08  1.60442465e-08  3.20050000e-08  1.33217104e-04 
 3.20150000e-08  3.08624152e+00  3.20150000e-08  1.23578184e-10  3.20150000e-08  9.50572272e-06  3.20150000e-08  4.42913728e-12  3.20150000e-08  3.91616442e-05  3.20150000e-08  2.10631952e-08  3.20150000e-08  1.27880458e-04 
 3.20250000e-08  3.09444099e+00  3.20250000e-08  1.13396684e-10  3.20250000e-08  9.17821695e-06  3.20250000e-08  4.06391881e-12  3.20250000e-08  3.81766446e-05  3.20250000e-08  8.98548839e-09  3.20250000e-08  1.22798780e-04 
 3.20350000e-08  3.10233300e+00  3.20350000e-08  1.04683465e-10  3.20350000e-08  8.85239657e-06  3.20350000e-08  3.75140890e-12  3.20350000e-08  3.71595114e-05  3.20350000e-08  6.53368838e-08  3.20350000e-08  1.17936035e-04 
 3.20450000e-08  3.11000835e+00  3.20450000e-08  9.71043918e-11  3.20450000e-08  8.51439884e-06  3.20450000e-08  3.47959711e-12  3.20450000e-08  3.60555918e-05  3.20450000e-08  1.21718960e-07  3.20450000e-08  1.13261645e-04 
 3.20550000e-08  3.11762493e+00  3.20550000e-08  9.05662707e-11  3.20550000e-08  8.14010013e-06  3.20550000e-08  3.24512512e-12  3.20550000e-08  3.47643974e-05  3.20550000e-08  1.59012489e-07  3.20550000e-08  1.08722740e-04 
 3.20650000e-08  3.12540517e+00  3.20650000e-08  8.50301514e-11  3.20650000e-08  7.70023662e-06  3.20650000e-08  3.04659185e-12  3.20650000e-08  3.31614951e-05  3.20650000e-08  1.78524985e-07  3.20650000e-08  1.04235064e-04 
 3.20750000e-08  3.13350398e+00  3.20750000e-08  8.03999544e-11  3.20750000e-08  7.18083396e-06  3.20750000e-08  2.88055388e-12  3.20750000e-08  3.11835187e-05  3.20750000e-08  1.95846155e-07  3.20750000e-08  9.97233838e-05 
 3.20850000e-08  3.14181970e+00  3.20850000e-08  7.65089171e-11  3.20850000e-08  6.63838381e-06  3.20850000e-08  2.74102742e-12  3.20850000e-08  2.90690847e-05  3.20850000e-08  2.11220902e-07  3.20850000e-08  9.51256959e-05 
 3.20950000e-08  3.15015686e+00  3.20950000e-08  7.32252154e-11  3.20950000e-08  6.13169044e-06  3.20950000e-08  2.62328031e-12  3.20950000e-08  2.70725948e-05  3.20950000e-08  2.17627202e-07  3.20950000e-08  9.04396420e-05 
 3.21050000e-08  3.15837998e+00  3.21050000e-08  7.04399375e-11  3.21050000e-08  5.67552234e-06  3.21050000e-08  2.52340481e-12  3.21050000e-08  2.52614723e-05  3.21050000e-08  2.12551872e-07  3.21050000e-08  8.57237704e-05 
 3.21150000e-08  3.16640644e+00  3.21150000e-08  6.80449460e-11  3.21150000e-08  5.26498469e-06  3.21150000e-08  2.43752238e-12  3.21150000e-08  2.36182806e-05  3.21150000e-08  1.95448278e-07  3.21150000e-08  8.10459620e-05 
 3.21250000e-08  3.17419163e+00  3.21250000e-08  6.59470276e-11  3.21250000e-08  4.88956811e-06  3.21250000e-08  2.36229139e-12  3.21250000e-08  2.21004597e-05  3.21250000e-08  1.69746951e-07  3.21250000e-08  7.64610303e-05 
 3.21350000e-08  3.18169869e+00  3.21350000e-08  6.40647250e-11  3.21350000e-08  4.54364917e-06  3.21350000e-08  2.29479202e-12  3.21350000e-08  2.06865987e-05  3.21350000e-08  1.38919967e-07  3.21350000e-08  7.20068476e-05 
 3.21450000e-08  3.18890233e+00  3.21450000e-08  6.23297227e-11  3.21450000e-08  4.22310619e-06  3.21450000e-08  2.23257594e-12  3.21450000e-08  1.93616073e-05  3.21450000e-08  1.06879892e-07  3.21450000e-08  6.77097935e-05 
 3.21550000e-08  3.19578384e+00  3.21550000e-08  6.06742831e-11  3.21550000e-08  3.92530866e-06  3.21550000e-08  2.17321574e-12  3.21550000e-08  1.81168388e-05  3.21550000e-08  7.75758486e-08  3.21550000e-08  6.35882459e-05 
 3.21650000e-08  3.20232876e+00  3.21650000e-08  5.90231810e-11  3.21650000e-08  3.64855677e-06  3.21650000e-08  2.11401555e-12  3.21650000e-08  1.69476677e-05  3.21650000e-08  5.41487148e-08  3.21650000e-08  5.96554956e-05 
 3.21750000e-08  3.20852933e+00  3.21750000e-08  5.73131421e-11  3.21750000e-08  3.39142458e-06  3.21750000e-08  2.05270757e-12  3.21750000e-08  1.58504126e-05  3.21750000e-08  3.78607859e-08  3.21750000e-08  5.59196927e-05 
 3.21850000e-08  3.21438897e+00  3.21850000e-08  5.55356570e-11  3.21850000e-08  3.15232070e-06  3.21850000e-08  1.98898741e-12  3.21850000e-08  1.48201348e-05  3.21850000e-08  3.09068843e-08  3.21850000e-08  5.23817752e-05 
 3.21950000e-08  3.21990378e+00  3.21950000e-08  5.36197607e-11  3.21950000e-08  2.93061882e-06  3.21950000e-08  1.92031189e-12  3.21950000e-08  1.38564541e-05  3.21950000e-08  3.44918007e-08  3.21950000e-08  4.90454166e-05 
 3.22050000e-08  3.22507082e+00  3.22050000e-08  5.14889883e-11  3.22050000e-08  2.72555656e-06  3.22050000e-08  1.84394138e-12  3.22050000e-08  1.29582002e-05  3.22050000e-08  5.13984099e-08  3.22050000e-08  4.59140508e-05 
 3.22150000e-08  3.22988459e+00  3.22150000e-08  4.90464199e-11  3.22150000e-08  2.53656798e-06  3.22150000e-08  1.75640358e-12  3.22150000e-08  1.21250427e-05  3.22150000e-08  8.47698533e-08  3.22150000e-08  4.29924525e-05 
 3.22250000e-08  3.23433634e+00  3.22250000e-08  4.61888407e-11  3.22250000e-08  2.36355652e-06  3.22250000e-08  1.65400119e-12  3.22250000e-08  1.13587915e-05  3.22250000e-08  1.38104163e-07  3.22250000e-08  4.02865796e-05 
 3.22350000e-08  3.23841558e+00  3.22350000e-08  4.28496277e-11  3.22350000e-08  2.20735530e-06  3.22350000e-08  1.53434860e-12  3.22350000e-08  1.06655337e-05  3.22350000e-08  2.13475028e-07  3.22350000e-08  3.78013443e-05 
 3.22450000e-08  3.24212972e+00  3.22450000e-08  3.91083149e-11  3.22450000e-08  2.06797844e-06  3.22450000e-08  1.40029648e-12  3.22450000e-08  1.00468159e-05  3.22450000e-08  3.03318471e-07  3.22450000e-08  3.55313233e-05 
 3.22550000e-08  3.24550733e+00  3.22550000e-08  3.51764287e-11  3.22550000e-08  1.94335419e-06  3.22550000e-08  1.25942471e-12  3.22550000e-08  9.49342377e-06  3.22550000e-08  3.96447541e-07  3.22550000e-08  3.34615397e-05 
 3.22650000e-08  3.24859072e+00  3.22650000e-08  3.12924940e-11  3.22650000e-08  1.82994214e-06  3.22650000e-08  1.12035936e-12  3.22650000e-08  8.98850524e-06  3.22650000e-08  4.82064168e-07  3.22650000e-08  3.15711380e-05 
 3.22750000e-08  3.25142585e+00  3.22750000e-08  2.76514135e-11  3.22750000e-08  1.72486048e-06  3.22750000e-08  9.89994820e-13  3.22750000e-08  8.51815241e-06  3.22750000e-08  5.52823248e-07  3.22750000e-08  2.98350918e-05 
 3.22850000e-08  3.25406343e+00  3.22850000e-08  2.43902732e-11  3.22850000e-08  1.62580478e-06  3.22850000e-08  8.73231884e-13  3.22850000e-08  8.07107187e-06  3.22850000e-08  6.02153937e-07  3.22850000e-08  2.82236807e-05 
 3.22950000e-08  3.25656645e+00  3.22950000e-08  2.16149335e-11  3.22950000e-08  1.52977548e-06  3.22950000e-08  7.73860663e-13  3.22950000e-08  7.63217461e-06  3.22950000e-08  6.21164221e-07  3.22950000e-08  2.67004227e-05 
 3.23050000e-08  3.25902013e+00  3.23050000e-08  1.94291940e-11  3.23050000e-08  1.43219701e-06  3.23050000e-08  6.95596900e-13  3.23050000e-08  7.17795119e-06  3.23050000e-08  5.95784833e-07  3.23050000e-08  2.52173804e-05 
 3.23150000e-08  3.26153123e+00  3.23150000e-08  1.79454614e-11  3.23150000e-08  1.32742909e-06  3.23150000e-08  6.42463918e-13  3.23150000e-08  6.67899613e-06  3.23150000e-08  5.07791469e-07  3.23150000e-08  2.37142486e-05 
 3.23250000e-08  3.26420702e+00  3.23250000e-08  1.72812530e-11  3.23250000e-08  1.21094427e-06  3.23250000e-08  6.18667573e-13  3.23250000e-08  6.11144434e-06  3.23250000e-08  3.42500114e-07  3.23250000e-08  2.21273718e-05 
 3.23350000e-08  3.26712551e+00  3.23350000e-08  1.75725680e-11  3.23350000e-08  1.08122900e-06  3.23350000e-08  6.29074952e-13  3.23350000e-08  5.46740001e-06  3.23350000e-08  9.78659566e-08  3.23350000e-08  2.04055529e-05 
 3.23450000e-08  3.27032015e+00  3.23450000e-08  1.90447295e-11  3.23450000e-08  9.39675166e-07  3.23450000e-08  6.81752700e-13  3.23450000e-08  4.75494001e-06  3.23450000e-08  1.88087081e-07  3.23450000e-08  1.85210656e-05 
 3.23550000e-08  3.27378352e+00  3.23550000e-08  2.20650756e-11  3.23550000e-08  7.89193399e-07  3.23550000e-08  7.89846717e-13  3.23550000e-08  3.99104060e-06  3.23550000e-08  5.12811610e-07  3.23550000e-08  1.64707596e-05 
 3.23650000e-08  3.27746711e+00  3.23650000e-08  2.72747947e-11  3.23650000e-08  6.33972458e-07  3.23650000e-08  9.76306145e-13  3.23650000e-08  3.19997631e-06  3.23650000e-08  8.63442764e-07  3.23650000e-08  1.42769918e-05 
 3.23750000e-08  3.28133861e+00  3.23750000e-08  3.59188778e-11  3.23750000e-08  4.74917764e-07  3.23750000e-08  1.28570677e-12  3.23750000e-08  2.38952243e-06  3.23750000e-08  1.22780190e-06  3.23750000e-08  1.19594059e-05 
 3.23850000e-08  3.28535182e+00  3.23850000e-08  5.02227921e-11  3.23850000e-08  3.13981762e-07  3.23850000e-08  1.79808401e-12  3.23850000e-08  1.57280234e-06  3.23850000e-08  1.58795966e-06  3.23850000e-08  9.54473698e-06 
 3.23950000e-08  3.28941973e+00  3.23950000e-08  7.39445776e-11  3.23950000e-08  1.55562243e-07  3.23950000e-08  2.64806630e-12  3.23950000e-08  7.74938215e-07  3.23950000e-08  1.92132766e-06  3.23950000e-08  7.08222593e-06 
 3.24050000e-08  3.29349492e+00  3.24050000e-08  1.13985134e-10  3.24050000e-08  8.01867945e-11  3.24050000e-08  4.08327958e-12  3.24050000e-08  3.96836740e-10  3.24050000e-08  2.21935818e-06  3.24050000e-08  4.60422555e-06 
 3.24150000e-08  3.29757094e+00  3.24150000e-08  1.82836846e-10  3.24150000e-08  1.54205495e-07  3.24150000e-08  6.55223830e-12  3.24150000e-08  7.57441228e-07  3.24150000e-08  2.48627922e-06  3.24150000e-08  2.11816534e-06 
 3.24250000e-08  3.30167875e+00  3.24250000e-08  3.04277922e-10  3.24250000e-08  3.01174623e-07  3.24250000e-08  1.09091750e-11  3.24250000e-08  1.46706786e-06  3.24250000e-08  2.73865378e-06  3.24250000e-08  4.12663508e-07 
 3.24350000e-08  3.30595075e+00  3.24350000e-08  5.26273387e-10  3.24350000e-08  3.67216302e-07  3.24350000e-08  1.88785835e-11  3.24350000e-08  1.77285962e-06  3.24350000e-08  2.96069177e-06  3.24350000e-08  3.26308937e-06 
 3.24450000e-08  3.31021326e+00  3.24450000e-08  9.39155708e-10  3.24450000e-08  5.03930701e-07  3.24450000e-08  3.37120030e-11  3.24450000e-08  2.40918033e-06  3.24450000e-08  3.12812377e-06  3.24450000e-08  5.91908256e-06 
 3.24550000e-08  3.31423240e+00  3.24550000e-08  1.71268177e-09  3.24550000e-08  6.29623214e-07  3.24550000e-08  6.15289612e-11  3.24550000e-08  2.97862190e-06  3.24550000e-08  3.21970478e-06  3.24550000e-08  8.42741423e-06 
 3.24650000e-08  3.31787551e+00  3.24650000e-08  3.13232235e-09  3.24650000e-08  7.43301822e-07  3.24650000e-08  1.12643230e-10  3.24650000e-08  3.47829868e-06  3.24650000e-08  3.20805257e-06  3.24650000e-08  1.06995822e-05 
 3.24750000e-08  3.32104641e+00  3.24750000e-08  5.64508527e-09  3.24750000e-08  8.47571998e-07  3.24750000e-08  2.03252262e-10  3.24750000e-08  3.92291479e-06  3.24750000e-08  3.09724019e-06  3.24750000e-08  1.26639785e-05 
 3.24850000e-08  3.32372566e+00  3.24850000e-08  9.93293506e-09  3.24850000e-08  9.43127260e-07  3.24850000e-08  3.58155770e-10  3.24850000e-08  4.31787043e-06  3.24850000e-08  2.92088006e-06  3.24850000e-08  1.43072072e-05 
 3.24950000e-08  3.32596048e+00  3.24950000e-08  1.70421886e-08  3.24950000e-08  1.03034230e-06  3.24950000e-08  6.15561968e-10  3.24950000e-08  4.66661649e-06  3.24950000e-08  2.72000289e-06  3.24950000e-08  1.56625267e-05 
 3.25050000e-08  3.32783885e+00  3.25050000e-08  2.86323619e-08  3.25050000e-08  1.11035668e-06  3.25050000e-08  1.03635662e-09  3.25050000e-08  4.97550747e-06  3.25050000e-08  2.52986798e-06  3.25050000e-08  1.67891117e-05 
 3.25150000e-08  3.32946933e+00  3.25150000e-08  4.74593393e-08  3.25150000e-08  1.18590244e-06  3.25150000e-08  1.72219469e-09  3.25150000e-08  5.25733769e-06  3.25150000e-08  2.37527690e-06  3.25150000e-08  1.77562402e-05 
 3.25250000e-08  3.33096863e+00  3.25250000e-08  7.83455475e-08  3.25250000e-08  1.26108296e-06  3.25250000e-08  2.85209760e-09  3.25250000e-08  5.53002267e-06  3.25250000e-08  2.27352853e-06  3.25250000e-08  1.86354532e-05 
 3.25350000e-08  3.33246115e+00  3.25350000e-08  1.30244892e-07  3.25350000e-08  1.34141589e-06  3.25350000e-08  4.76110676e-09  3.25350000e-08  5.81640788e-06  3.25350000e-08  2.23878143e-06  3.25350000e-08  1.95003597e-05 
 3.25450000e-08  3.33408602e+00  3.25450000e-08  2.20949224e-07  3.25450000e-08  1.43416852e-06  3.25450000e-08  8.12190250e-09  3.25450000e-08  6.14516207e-06  3.25450000e-08  2.28726612e-06  3.25450000e-08  2.04309503e-05 
 3.25550000e-08  3.33600710e+00  3.25550000e-08  3.88577589e-07  3.25550000e-08  1.54891933e-06  3.25550000e-08  1.43965118e-08  3.25550000e-08  6.55229406e-06  3.25550000e-08  2.44248799e-06  3.25550000e-08  2.15194327e-05 
 3.25650000e-08  3.33840559e+00  3.25650000e-08  7.20535537e-07  3.25650000e-08  1.69704544e-06  3.25650000e-08  2.70096922e-08  3.25650000e-08  7.07784304e-06  3.25650000e-08  2.73645942e-06  3.25650000e-08  2.28665253e-05 
 3.25750000e-08  3.34140915e+00  3.25750000e-08  1.42239376e-06  3.25750000e-08  1.88686884e-06  3.25750000e-08  5.42992188e-08  3.25750000e-08  7.74533818e-06  3.25750000e-08  3.19946217e-06  3.25750000e-08  2.45435895e-05 
 3.25850000e-08  3.34499534e+00  3.25850000e-08  2.96158625e-06  3.25850000e-08  2.11703447e-06  3.25850000e-08  1.16355591e-07  3.25850000e-08  8.53679966e-06  3.25850000e-08  3.85664775e-06  3.25850000e-08  2.65406227e-05 
 3.25950000e-08  3.34900564e+00  3.25950000e-08  6.31908947e-06  3.25950000e-08  2.37662241e-06  3.25950000e-08  2.59585713e-07  3.25950000e-08  9.39711297e-06  3.25950000e-08  4.74774563e-06  3.25950000e-08  2.87750104e-05 
 3.26050000e-08  3.35321916e+00  3.26050000e-08  1.32824412e-05  3.26050000e-08  2.64741919e-06  3.26050000e-08  5.82780343e-07  3.26050000e-08  1.02465617e-05  3.26050000e-08  5.95525152e-06  3.26050000e-08  3.11366225e-05 
 3.26150000e-08  3.35738135e+00  3.26150000e-08  2.64248516e-05  3.26150000e-08  2.90089359e-06  3.26150000e-08  1.26922422e-06  3.26150000e-08  1.09724399e-05  3.26150000e-08  7.63452912e-06  3.26150000e-08  3.35130516e-05 
 3.26250000e-08  3.36118072e+00  3.26250000e-08  4.81704154e-05  3.26250000e-08  3.09186377e-06  3.26250000e-08  2.59408828e-06  3.26250000e-08  1.14105650e-05  3.26250000e-08  1.00491715e-05  3.26250000e-08  3.57852251e-05 
 3.26350000e-08  3.36423337e+00  3.26350000e-08  7.89723261e-05  3.26350000e-08  3.15858492e-06  3.26350000e-08  4.85779096e-06  3.26350000e-08  1.13542691e-05  3.26350000e-08  1.35734847e-05  3.26350000e-08  3.78137769e-05 
 3.26450000e-08  3.36612199e+00  3.26450000e-08  1.16287922e-04  3.26450000e-08  3.03508244e-06  3.26450000e-08  8.24807159e-06  3.26450000e-08  1.06075820e-05  3.26450000e-08  1.86174060e-05  3.26450000e-08  3.94374515e-05 
 3.26550000e-08  3.36648245e+00  3.26550000e-08  1.55884863e-04  3.26550000e-08  2.67151041e-06  3.26550000e-08  1.27380820e-05  3.26550000e-08  9.05965262e-06  3.26550000e-08  2.54923766e-05  3.26550000e-08  4.04897687e-05 
 3.26650000e-08  3.36507854e+00  3.26650000e-08  1.94040875e-04  3.26650000e-08  2.04624044e-06  3.26650000e-08  1.81124486e-05  3.26650000e-08  6.71893030e-06  3.26650000e-08  3.43154387e-05  3.26650000e-08  4.08273805e-05 
 3.26750000e-08  3.36181867e+00  3.26750000e-08  2.28586233e-04  3.26750000e-08  1.16287636e-06  3.26750000e-08  2.40747126e-05  3.26750000e-08  3.68924731e-06  3.26750000e-08  4.49856514e-05  3.26750000e-08  4.03506625e-05 
 3.26850000e-08  3.35673750e+00  3.26850000e-08  2.58785897e-04  3.26850000e-08  3.92007533e-08  3.26850000e-08  3.03501910e-05  3.26850000e-08  1.19910990e-07  3.26850000e-08  5.72440859e-05  3.26850000e-08  3.90160273e-05 
 3.26950000e-08  3.35019586e+00  3.26950000e-08  2.84794233e-04  3.26950000e-08  1.28424447e-06  3.26950000e-08  3.67389030e-05  3.26950000e-08  3.78208120e-06  3.26950000e-08  7.08184103e-05  3.26950000e-08  3.69618157e-05 
 3.27050000e-08  3.34215082e+00  3.27050000e-08  3.07146103e-04  3.27050000e-08  2.80888894e-06  3.27050000e-08  4.31187245e-05  3.27050000e-08  7.94964674e-06  3.27050000e-08  8.54424084e-05  3.27050000e-08  3.41340294e-05 
 3.27150000e-08  3.33277053e+00  3.27150000e-08  3.26403335e-04  3.27150000e-08  4.52545590e-06  3.27150000e-08  4.94079265e-05  3.27150000e-08  1.22867901e-05  3.27150000e-08  1.00915823e-04  3.27150000e-08  3.05991667e-05 
 3.27250000e-08  3.32222458e+00  3.27250000e-08  3.43060966e-04  3.27250000e-08  6.42949776e-06  3.27250000e-08  5.55485898e-05  3.27250000e-08  1.67176322e-05  3.27250000e-08  1.17094972e-04  3.27250000e-08  2.64343764e-05 
 3.27350000e-08  3.31066710e+00  3.27350000e-08  3.57509575e-04  3.27350000e-08  8.52022296e-06  3.27350000e-08  6.14889120e-05  3.27350000e-08  2.11814509e-05  3.27350000e-08  1.33882760e-04  3.27350000e-08  2.17140646e-05 
 3.27450000e-08  3.29831157e+00  3.27450000e-08  3.70050035e-04  3.27450000e-08  1.07704547e-05  3.27450000e-08  6.71775435e-05  3.27450000e-08  2.55610370e-05  3.27450000e-08  1.51216723e-04  3.27450000e-08  1.65129454e-05 
 3.27550000e-08  3.28567344e+00  3.27550000e-08  3.80937234e-04  3.27550000e-08  1.30413769e-05  3.27550000e-08  7.25733668e-05  3.27550000e-08  2.95098944e-05  3.27550000e-08  1.69074169e-04  3.27550000e-08  1.09453279e-05 
 3.27650000e-08  3.27225443e+00  3.27650000e-08  3.90248049e-04  3.27650000e-08  1.56062027e-05  3.27650000e-08  7.75722929e-05  3.27650000e-08  3.36244404e-05  3.27650000e-08  1.87373255e-04  3.27650000e-08  5.08694667e-06 
 3.27750000e-08  3.25833374e+00  3.27750000e-08  3.98160712e-04  3.27750000e-08  1.84463050e-05  3.27750000e-08  8.21354535e-05  3.27750000e-08  3.78017460e-05  3.27750000e-08  2.06037980e-04  3.27750000e-08  9.23336747e-07 
 3.27850000e-08  3.24429912e+00  3.27850000e-08  4.04885626e-04  3.27850000e-08  2.18042959e-05  3.27850000e-08  8.62692304e-05  3.27850000e-08  4.24876519e-05  3.27850000e-08  2.24993951e-04  3.27850000e-08  6.42053794e-06 
 3.27950000e-08  3.23026471e+00  3.27950000e-08  4.10452226e-04  3.27950000e-08  2.50095566e-05  3.27950000e-08  8.98946927e-05  3.27950000e-08  4.62923893e-05  3.27950000e-08  2.43999594e-04  3.27950000e-08  1.23530005e-05 
 3.28050000e-08  3.21607377e+00  3.28050000e-08  4.14991470e-04  3.28050000e-08  2.82651770e-05  3.28050000e-08  9.30104415e-05  3.28050000e-08  4.96616459e-05  3.28050000e-08  2.62747101e-04  3.28050000e-08  1.85050157e-05 
 3.28150000e-08  3.20172786e+00  3.28150000e-08  4.18616130e-04  3.28150000e-08  3.16234166e-05  3.28150000e-08  9.56227834e-05  3.28150000e-08  5.27178994e-05  3.28150000e-08  2.80843264e-04  3.28150000e-08  2.47884089e-05 
 3.28250000e-08  3.18727521e+00  3.28250000e-08  4.21435935e-04  3.28250000e-08  3.50905589e-05  3.28250000e-08  9.77532962e-05  3.28250000e-08  5.54964750e-05  3.28250000e-08  2.97827295e-04  3.28250000e-08  3.11509555e-05 
 3.28350000e-08  3.17279166e+00  3.28350000e-08  4.23578192e-04  3.28350000e-08  3.86583057e-05  3.28350000e-08  9.94516719e-05  3.28350000e-08  5.80079407e-05  3.28350000e-08  3.13236292e-04  3.28350000e-08  3.75419804e-05 
 3.28450000e-08  3.15836876e+00  3.28450000e-08  4.25190486e-04  3.28450000e-08  4.23190865e-05  3.28450000e-08  1.00796524e-04  3.28450000e-08  6.02600300e-05  3.28450000e-08  3.26709124e-04  3.28450000e-08  4.39005595e-05 
 3.28550000e-08  3.14408944e+00  3.28550000e-08  4.26416213e-04  3.28550000e-08  4.60757346e-05  3.28550000e-08  1.01875378e-04  3.28550000e-08  6.22683034e-05  3.28550000e-08  3.38084304e-04  3.28550000e-08  5.01608760e-05 
 3.28650000e-08  3.13002620e+00  3.28650000e-08  4.27377711e-04  3.28650000e-08  4.99367333e-05  3.28650000e-08  1.02768733e-04  3.28650000e-08  6.40474399e-05  3.28650000e-08  3.47433775e-04  3.28650000e-08  5.62604562e-05 
 3.28750000e-08  3.11621416e+00  3.28750000e-08  4.28168622e-04  3.28750000e-08  5.39264916e-05  3.28750000e-08  1.03541246e-04  3.28750000e-08  6.56232123e-05  3.28750000e-08  3.55004005e-04  3.28750000e-08  6.21460706e-05 
 3.28850000e-08  3.10266452e+00  3.28850000e-08  4.28848942e-04  3.28850000e-08  5.80736249e-05  3.28850000e-08  1.04235547e-04  3.28850000e-08  6.70172887e-05  3.28850000e-08  3.61117245e-04  3.28850000e-08  6.77791648e-05 
 3.28950000e-08  3.08935958e+00  3.28950000e-08  4.29449786e-04  3.28950000e-08  6.24119337e-05  3.28950000e-08  1.04874056e-04  3.28950000e-08  6.82505304e-05  3.28950000e-08  3.66083849e-04  3.28950000e-08  7.31370602e-05 
 3.29050000e-08  3.07625534e+00  3.29050000e-08  4.29972603e-04  3.29050000e-08  6.69751028e-05  3.29050000e-08  1.05457107e-04  3.29050000e-08  6.93411217e-05  3.29050000e-08  3.70160479e-04  3.29050000e-08  7.82157707e-05 
 3.29150000e-08  3.06329047e+00  3.29150000e-08  4.30401129e-04  3.29150000e-08  7.17921427e-05  3.29150000e-08  1.05971168e-04  3.29150000e-08  7.03034369e-05  3.29150000e-08  3.73543487e-04  3.29150000e-08  8.30276754e-05 
 3.29250000e-08  3.05040644e+00  3.29250000e-08  4.30726370e-04  3.29250000e-08  7.68852948e-05  3.29250000e-08  1.06407881e-04  3.29250000e-08  7.11451015e-05  3.29250000e-08  3.76380280e-04  3.29250000e-08  8.75903293e-05 
 3.29350000e-08  3.03755866e+00  3.29350000e-08  4.30958131e-04  3.29350000e-08  8.22741922e-05  3.29350000e-08  1.06773500e-04  3.29350000e-08  7.18677198e-05  3.29350000e-08  3.78784518e-04  3.29350000e-08  9.19152523e-05 
 3.29450000e-08  3.02470978e+00  3.29450000e-08  4.31116177e-04  3.29450000e-08  8.79824089e-05  3.29450000e-08  1.07082491e-04  3.29450000e-08  7.24711288e-05  3.29450000e-08  3.80844786e-04  3.29450000e-08  9.60056615e-05 
 3.29550000e-08  3.01182092e+00  3.29550000e-08  4.31219604e-04  3.29550000e-08  9.40405134e-05  3.29550000e-08  1.07349329e-04  3.29550000e-08  7.29552570e-05  3.29550000e-08  3.82629783e-04  3.29550000e-08  9.98591228e-05 
 3.29650000e-08  2.99884517e+00  3.29650000e-08  4.31280771e-04  3.29650000e-08  1.00486454e-04  3.29650000e-08  1.07583600e-04  3.29650000e-08  7.33204111e-05  3.29650000e-08  3.84192566e-04  3.29650000e-08  1.03471222e-04 
 3.29750000e-08  2.98572672e+00  3.29750000e-08  4.31306046e-04  3.29750000e-08  1.07363841e-04  3.29750000e-08  1.07790400e-04  3.29750000e-08  7.35658303e-05  3.29750000e-08  3.85573191e-04  3.29750000e-08  1.06837580e-04 
 3.29850000e-08  2.97240107e+00  3.29850000e-08  4.31298016e-04  3.29850000e-08  1.14721279e-04  3.29850000e-08  1.07971967e-04  3.29850000e-08  7.36888064e-05  3.29850000e-08  3.86802237e-04  3.29850000e-08  1.09953995e-04 
 3.29950000e-08  2.95879422e+00  3.29950000e-08  4.31257458e-04  3.29950000e-08  1.22612664e-04  3.29950000e-08  1.08129185e-04  3.29950000e-08  7.36843546e-05  3.29950000e-08  3.87903155e-04  3.29950000e-08  1.12816046e-04 
 3.30050000e-08  2.94482290e+00  3.30050000e-08  4.31186773e-04  3.30050000e-08  1.31098427e-04  3.30050000e-08  1.08264337e-04  3.30050000e-08  7.35440638e-05  3.30050000e-08  3.88894448e-04  3.30050000e-08  1.15417207e-04 
 3.30150000e-08  2.93039719e+00  3.30150000e-08  4.31097628e-04  3.30150000e-08  1.40249685e-04  3.30150000e-08  1.08387337e-04  3.30150000e-08  7.32525574e-05  3.30150000e-08  3.89792116e-04  3.30150000e-08  1.17743288e-04 
 3.30250000e-08  2.91541184e+00  3.30250000e-08  4.31009273e-04  3.30250000e-08  1.50156296e-04  3.30250000e-08  1.08514612e-04  3.30250000e-08  7.27857482e-05  3.30250000e-08  3.90611112e-04  3.30250000e-08  1.19769191e-04 
 3.30350000e-08  2.89971720e+00  3.30350000e-08  4.30926740e-04  3.30350000e-08  1.60930502e-04  3.30350000e-08  1.08651691e-04  3.30350000e-08  7.21163989e-05  3.30350000e-08  3.91363780e-04  3.30350000e-08  1.21467786e-04 
 3.30450000e-08  2.88310264e+00  3.30450000e-08  4.30833257e-04  3.30450000e-08  1.72696648e-04  3.30450000e-08  1.08786812e-04  3.30450000e-08  7.12164638e-05  3.30450000e-08  3.92057922e-04  3.30450000e-08  1.22818892e-04 
 3.30550000e-08  2.86529418e+00  3.30550000e-08  4.30693624e-04  3.30550000e-08  1.85565669e-04  3.30550000e-08  1.08893249e-04  3.30550000e-08  7.00581760e-05  3.30550000e-08  3.92695891e-04  3.30550000e-08  1.23813348e-04 
 3.30650000e-08  2.84602815e+00  3.30650000e-08  4.30549802e-04  3.30650000e-08  1.99606484e-04  3.30650000e-08  1.09007031e-04  3.30650000e-08  6.85662008e-05  3.30650000e-08  3.93284383e-04  3.30650000e-08  1.24399592e-04 
 3.30750000e-08  2.82496031e+00  3.30750000e-08  4.30435640e-04  3.30750000e-08  2.14749427e-04  3.30750000e-08  1.09159128e-04  3.30750000e-08  6.66417139e-05  3.30750000e-08  3.93832739e-04  3.30750000e-08  1.24495717e-04 
 3.30850000e-08  2.80161092e+00  3.30850000e-08  4.30250355e-04  3.30850000e-08  2.30363291e-04  3.30850000e-08  1.09271251e-04  3.30850000e-08  6.42509016e-05  3.30850000e-08  3.94338097e-04  3.30850000e-08  1.24060109e-04 
 3.30950000e-08  2.77562706e+00  3.30950000e-08  4.29893591e-04  3.30950000e-08  2.44452529e-04  3.30950000e-08  1.09262867e-04  3.30950000e-08  6.14429665e-05  3.30950000e-08  3.94789475e-04  3.30950000e-08  1.23070806e-04 
 3.31050000e-08  2.74704035e+00  3.31050000e-08  4.29479959e-04  3.31050000e-08  2.53705453e-04  3.31050000e-08  1.09227560e-04  3.31050000e-08  5.82939833e-05  3.31050000e-08  3.95192253e-04  3.31050000e-08  1.21431995e-04 
 3.31150000e-08  2.71610304e+00  3.31150000e-08  4.29229546e-04  3.31150000e-08  2.56469943e-04  3.31150000e-08  1.09347533e-04  3.31150000e-08  5.48944077e-05  3.31150000e-08  3.95573901e-04  3.31150000e-08  1.18996672e-04 
 3.31250000e-08  2.68267848e+00  3.31250000e-08  4.28484185e-04  3.31250000e-08  2.55433508e-04  3.31250000e-08  1.09082010e-04  3.31250000e-08  5.19063531e-05  3.31250000e-08  3.95894671e-04  3.31250000e-08  1.16124871e-04 
 3.31350000e-08  2.64749870e+00  3.31350000e-08  4.27387711e-04  3.31350000e-08  2.53248296e-04  3.31350000e-08  1.08540419e-04  3.31350000e-08  4.94787959e-05  3.31350000e-08  3.96136456e-04  3.31350000e-08  1.13061360e-04 
 3.31450000e-08  2.61132832e+00  3.31450000e-08  4.26319825e-04  3.31450000e-08  2.50762382e-04  3.31450000e-08  1.08029161e-04  3.31450000e-08  4.74201970e-05  3.31450000e-08  3.96324570e-04  3.31450000e-08  1.09866796e-04 
 3.31550000e-08  2.57453781e+00  3.31550000e-08  4.25496172e-04  3.31550000e-08  2.47979133e-04  3.31550000e-08  1.07724365e-04  3.31550000e-08  4.55018434e-05  3.31550000e-08  3.96496991e-04  3.31550000e-08  1.06512751e-04 
 3.31650000e-08  2.53716442e+00  3.31650000e-08  4.24959024e-04  3.31650000e-08  2.44712968e-04  3.31650000e-08  1.07665121e-04  3.31650000e-08  4.35587690e-05  3.31650000e-08  3.96688026e-04  3.31650000e-08  1.02946285e-04 
 3.31750000e-08  2.49905617e+00  3.31750000e-08  4.24644524e-04  3.31750000e-08  2.40822245e-04  3.31750000e-08  1.07807355e-04  3.31750000e-08  4.15083022e-05  3.31750000e-08  3.96921448e-04  3.31750000e-08  9.91287894e-05 
 3.31850000e-08  2.45999427e+00  3.31850000e-08  4.24449062e-04  3.31850000e-08  2.36259194e-04  3.31850000e-08  1.08075216e-04  3.31850000e-08  3.93352528e-05  3.31850000e-08  3.97209648e-04  3.31850000e-08  9.50519895e-05 
 3.31950000e-08  2.41977233e+00  3.31950000e-08  4.24274640e-04  3.31950000e-08  2.31051913e-04  3.31950000e-08  1.08396031e-04  3.31950000e-08  3.70657642e-05  3.31950000e-08  3.97555391e-04  3.31950000e-08  9.07378796e-05 
 3.32050000e-08  2.37823404e+00  3.32050000e-08  4.24055039e-04  3.32050000e-08  2.25259115e-04  3.32050000e-08  1.08721503e-04  3.32050000e-08  3.47394357e-05  3.32050000e-08  3.97955167e-04  3.32050000e-08  8.62270319e-05 
 3.32150000e-08  2.33527599e+00  3.32150000e-08  4.23756874e-04  3.32150000e-08  2.18935368e-04  3.32150000e-08  1.09029777e-04  3.32150000e-08  3.23923417e-05  3.32150000e-08  3.98404257e-04  3.32150000e-08  8.15662040e-05 
 3.32250000e-08  2.29083830e+00  3.32250000e-08  4.23365459e-04  3.32250000e-08  2.12123941e-04  3.32250000e-08  1.09315127e-04  3.32250000e-08  3.00538160e-05  3.32250000e-08  3.98892176e-04  3.32250000e-08  7.68031628e-05 
 3.32350000e-08  2.24488039e+00  3.32350000e-08  4.22872151e-04  3.32350000e-08  2.04851101e-04  3.32350000e-08  1.09578903e-04  3.32350000e-08  2.77450816e-05  3.32350000e-08  3.99411125e-04  3.32350000e-08  7.19814389e-05 
 3.32450000e-08  2.19736502e+00  3.32450000e-08  4.22268139e-04  3.32450000e-08  1.97126952e-04  3.32450000e-08  1.09825650e-04  3.32450000e-08  2.54806879e-05  3.32450000e-08  3.99957229e-04  3.32450000e-08  6.71394699e-05 
 3.32550000e-08  2.14825429e+00  3.32550000e-08  4.21541535e-04  3.32550000e-08  1.88952381e-04  3.32550000e-08  1.10062271e-04  3.32550000e-08  2.32714608e-05  3.32550000e-08  4.00524527e-04  3.32550000e-08  6.23067661e-05 
 3.32650000e-08  2.09743132e+00  3.32650000e-08  4.20662243e-04  3.32650000e-08  1.80316449e-04  3.32650000e-08  1.10288616e-04  3.32650000e-08  2.11245102e-05  3.32650000e-08  4.01097612e-04  3.32650000e-08  5.75222605e-05 
 3.32750000e-08  2.04483983e+00  3.32750000e-08  4.19582198e-04  3.32750000e-08  1.71221109e-04  3.32750000e-08  1.10500263e-04  3.32750000e-08  1.90493888e-05  3.32750000e-08  4.01672538e-04  3.32750000e-08  5.28085081e-05 
 3.32850000e-08  1.99060666e+00  3.32850000e-08  4.18238106e-04  3.32850000e-08  1.61658333e-04  3.32850000e-08  1.10695511e-04  3.32850000e-08  1.70524700e-05  3.32850000e-08  4.02271296e-04  3.32850000e-08  4.81850116e-05 
 3.32950000e-08  1.93471360e+00  3.32950000e-08  4.16534976e-04  3.32950000e-08  1.51638509e-04  3.32950000e-08  1.10879689e-04  3.32950000e-08  1.51422789e-05  3.32950000e-08  4.02868356e-04  3.32950000e-08  4.36703798e-05 
 3.33050000e-08  1.87714941e+00  3.33050000e-08  4.14280269e-04  3.33050000e-08  1.41180950e-04  3.33050000e-08  1.11035974e-04  3.33050000e-08  1.33267550e-05  3.33050000e-08  4.03459900e-04  3.33050000e-08  3.92824948e-05 
 3.33150000e-08  1.81789479e+00  3.33150000e-08  4.11126247e-04  3.33150000e-08  1.30326309e-04  3.33150000e-08  1.11140891e-04  3.33150000e-08  1.16145718e-05  3.33150000e-08  4.04037451e-04  3.33150000e-08  3.50361882e-05 
 3.33250000e-08  1.75693232e+00  3.33250000e-08  4.06358891e-04  3.33250000e-08  1.19135219e-04  3.33250000e-08  1.11147535e-04  3.33250000e-08  1.00149076e-05  3.33250000e-08  4.04591259e-04  3.33250000e-08  3.09444542e-05 
 3.33350000e-08  1.69426973e+00  3.33350000e-08  3.98319860e-04  3.33350000e-08  1.07702767e-04  3.33350000e-08  1.10950000e-04  3.33350000e-08  8.53783650e-06  3.33350000e-08  4.05107815e-04  3.33350000e-08  2.70193421e-05 
 3.33450000e-08  1.63007663e+00  3.33450000e-08  3.82791043e-04  3.33450000e-08  9.62216269e-05  3.33450000e-08  1.10273177e-04  3.33450000e-08  7.19416400e-06  3.33450000e-08  4.05566874e-04  3.33450000e-08  2.32750469e-05 
 3.33550000e-08  1.56509131e+00  3.33550000e-08  3.51004566e-04  3.33550000e-08  8.49402375e-05  3.33550000e-08  1.08400666e-04  3.33550000e-08  5.99707383e-06  3.33550000e-08  4.05934504e-04  3.33550000e-08  1.97366989e-05 
 3.33650000e-08  1.50124378e+00  3.33650000e-08  3.00096537e-04  3.33650000e-08  7.42116311e-05  3.33650000e-08  1.04269399e-04  3.33650000e-08  4.96169287e-06  3.33650000e-08  4.06156315e-04  3.33650000e-08  1.64522850e-05 
 3.33750000e-08  1.44090825e+00  3.33750000e-08  2.45475659e-04  3.33750000e-08  6.43056072e-05  3.33750000e-08  9.82071099e-05  3.33750000e-08  4.08754542e-06  3.33750000e-08  4.06165974e-04  3.33750000e-08  1.34695898e-05 
 3.33850000e-08  1.38486307e+00  3.33850000e-08  1.99030875e-04  3.33850000e-08  5.51974676e-05  3.33850000e-08  9.20920978e-05  3.33850000e-08  3.34802631e-06  3.33850000e-08  4.05913287e-04  3.33850000e-08  1.07896608e-05 
 3.33950000e-08  1.33236912e+00  3.33950000e-08  1.63035641e-04  3.33950000e-08  4.67849322e-05  3.33950000e-08  8.71734652e-05  3.33950000e-08  2.71606420e-06  3.33950000e-08  4.05397648e-04  3.33950000e-08  8.38522307e-06 
 3.34050000e-08  1.28229716e+00  3.34050000e-08  1.35800413e-04  3.34050000e-08  3.90579878e-05  3.34050000e-08  8.35693254e-05  3.34050000e-08  2.17637317e-06  3.34050000e-08  4.04658519e-04  3.34050000e-08  6.22837498e-06 
 3.34150000e-08  1.23366648e+00  3.34150000e-08  1.14899519e-04  3.34150000e-08  3.20706004e-05  3.34150000e-08  8.08898500e-05  3.34150000e-08  1.72033978e-06  3.34150000e-08  4.03737936e-04  3.34150000e-08  4.29725198e-06 
 3.34250000e-08  1.18571678e+00  3.34250000e-08  9.83686105e-05  3.34250000e-08  2.58889849e-05  3.34250000e-08  7.87059968e-05  3.34250000e-08  1.34123707e-06  3.34250000e-08  4.02662502e-04  3.34250000e-08  2.57445620e-06 
 3.34350000e-08  1.13790199e+00  3.34350000e-08  8.49115494e-05  3.34350000e-08  2.05538438e-05  3.34350000e-08  7.67336005e-05  3.34350000e-08  1.03184872e-06  3.34350000e-08  4.01437329e-04  3.34350000e-08  1.04477810e-06 
 3.34450000e-08  1.09010319e+00  3.34450000e-08  7.38643387e-05  3.34450000e-08  1.60875651e-05  3.34450000e-08  7.49526001e-05  3.34450000e-08  7.85255479e-07  3.34450000e-08  4.00053857e-04  3.34450000e-08  3.69120966e-07 
 3.34550000e-08  1.04262261e+00  3.34550000e-08  6.48735170e-05  3.34550000e-08  1.24607804e-05  3.34550000e-08  7.34893001e-05  3.34550000e-08  5.93255538e-07  3.34550000e-08  3.98524971e-04  3.34550000e-08  1.78167555e-06 
 3.34650000e-08  9.95789961e-01  3.34650000e-08  5.75581372e-05  3.34650000e-08  9.47670803e-06  3.34650000e-08  7.23563560e-05  3.34650000e-08  4.40847614e-07  3.34650000e-08  3.96902200e-04  3.34650000e-08  2.94707187e-06 
 3.34750000e-08  9.49754303e-01  3.34750000e-08  5.15079717e-05  3.34750000e-08  7.08201381e-06  3.34750000e-08  7.14426196e-05  3.34750000e-08  3.22318873e-07  3.34750000e-08  3.95252032e-04  3.34750000e-08  3.88555264e-06 
 3.34850000e-08  9.04557770e-01  3.34850000e-08  4.64396545e-05  3.34850000e-08  5.20647307e-06  3.34850000e-08  7.06914131e-05  3.34850000e-08  2.32042147e-07  3.34850000e-08  3.93627856e-04  3.34850000e-08  4.61092285e-06 
 3.34950000e-08  8.60174429e-01  3.34950000e-08  4.21506330e-05  3.34950000e-08  3.76990912e-06  3.34950000e-08  7.00770176e-05  3.34950000e-08  1.64645376e-07  3.34950000e-08  3.92057520e-04  3.34950000e-08  5.13505513e-06 
 3.35050000e-08  8.16528516e-01  3.35050000e-08  3.84846644e-05  3.35050000e-08  2.69151558e-06  3.35050000e-08  6.95791035e-05  3.35050000e-08  1.15269155e-07  3.35050000e-08  3.90532603e-04  3.35050000e-08  5.47205322e-06 
 3.35150000e-08  7.73493366e-01  3.35150000e-08  3.53090587e-05  3.35150000e-08  1.89689373e-06  3.35150000e-08  6.91596382e-05  3.35150000e-08  7.97342989e-08  3.35150000e-08  3.89004308e-04  3.35150000e-08  5.64119079e-06 
 3.35250000e-08  7.30911799e-01  3.35250000e-08  3.25164165e-05  3.35250000e-08  1.32152801e-06  3.35250000e-08  6.87739424e-05  3.35250000e-08  5.45864734e-08  3.35250000e-08  3.87384965e-04  3.35250000e-08  5.66754042e-06 
 3.35350000e-08  6.88656747e-01  3.35350000e-08  3.00340217e-05  3.35350000e-08  9.11723471e-07  3.35350000e-08  6.84010485e-05  3.35350000e-08  3.70621314e-08  3.35350000e-08  3.85548372e-04  3.35350000e-08  5.58778289e-06 
 3.35450000e-08  6.46651047e-01  3.35450000e-08  2.78144188e-05  3.35450000e-08  6.23862946e-07  3.35450000e-08  6.80390188e-05  3.35450000e-08  2.50006552e-08  3.35450000e-08  3.83302502e-04  3.35450000e-08  5.41597674e-06 
 3.35550000e-08  6.04852592e-01  3.35550000e-08  2.58071473e-05  3.35550000e-08  4.24311605e-07  3.35550000e-08  6.76521813e-05  3.35550000e-08  1.67926585e-08  3.35550000e-08  3.80362402e-04  3.35550000e-08  5.17808944e-06 
 3.35650000e-08  5.63248640e-01  3.35650000e-08  2.39689486e-05  3.35650000e-08  2.87491956e-07  3.35650000e-08  6.71952282e-05  3.35650000e-08  1.12564430e-08  3.35650000e-08  3.76263551e-04  3.35650000e-08  4.89866889e-06 
 3.35750000e-08  5.21842137e-01  3.35750000e-08  2.22542513e-05  3.35750000e-08  1.94490509e-07  3.35750000e-08  6.65892820e-05  3.35750000e-08  7.54634552e-09  3.35750000e-08  3.70217060e-04  3.35750000e-08  4.59953805e-06 
 3.35850000e-08  4.80818165e-01  3.35850000e-08  2.06491482e-05  3.35850000e-08  1.31556434e-07  3.35850000e-08  6.58165885e-05  3.35850000e-08  5.06592991e-09  3.35850000e-08  3.60980612e-04  3.35850000e-08  4.30414603e-06 
 3.35950000e-08  4.40395142e-01  3.35950000e-08  1.91051338e-05  3.35950000e-08  8.90876777e-08  3.35950000e-08  6.47322369e-05  3.35950000e-08  3.40907629e-09  3.35950000e-08  3.46901671e-04  3.35950000e-08  4.03077969e-06 
 3.36050000e-08  4.00971884e-01  3.36050000e-08  1.75994010e-05  3.36050000e-08  6.04392260e-08  3.36050000e-08  6.32374099e-05  3.36050000e-08  2.30085164e-09  3.36050000e-08  3.27003787e-04  3.36050000e-08  3.78684568e-06 
 3.36150000e-08  3.63298457e-01  3.36150000e-08  1.61530371e-05  3.36150000e-08  4.10255655e-08  3.36150000e-08  6.13688904e-05  3.36150000e-08  1.55513780e-09  3.36150000e-08  3.02608788e-04  3.36150000e-08  3.57797659e-06 
 3.36250000e-08  3.28637606e-01  3.36250000e-08  1.48719895e-05  3.36250000e-08  2.77938637e-08  3.36250000e-08  5.95032320e-05  3.36250000e-08  1.04985608e-09  3.36250000e-08  2.76818817e-04  3.36250000e-08  3.42265177e-06 
 3.36350000e-08  2.98243228e-01  3.36350000e-08  1.38264401e-05  3.36350000e-08  1.87256901e-08  3.36350000e-08  5.79640370e-05  3.36350000e-08  7.05251793e-10  3.36350000e-08  2.52456563e-04  3.36350000e-08  3.30457953e-06 
 3.36450000e-08  2.72256084e-01  3.36450000e-08  1.29078542e-05  3.36450000e-08  1.25607054e-08  3.36450000e-08  5.64084745e-05  3.36450000e-08  4.71919003e-10  3.36450000e-08  2.30913488e-04  3.36450000e-08  3.20847770e-06 
 3.36550000e-08  2.49990325e-01  3.36550000e-08  1.20346960e-05  3.36550000e-08  8.43232463e-09  3.36550000e-08  5.45814484e-05  3.36550000e-08  3.16187716e-10  3.36550000e-08  2.12254622e-04  3.36550000e-08  3.14500125e-06 
 3.36650000e-08  2.30721253e-01  3.36650000e-08  1.12139580e-05  3.36650000e-08  5.68832959e-09  3.36650000e-08  5.25900582e-05  3.36650000e-08  2.12958074e-10  3.36650000e-08  1.96035920e-04  3.36650000e-08  3.11333623e-06 
 3.36750000e-08  2.13884103e-01  3.36750000e-08  1.04574700e-05  3.36750000e-08  3.86572856e-09  3.36750000e-08  5.05573916e-05  3.36750000e-08  1.44540499e-10  3.36750000e-08  1.81821095e-04  3.36750000e-08  3.10613480e-06 
 3.36850000e-08  1.99063547e-01  3.36850000e-08  9.76967489e-06  3.36850000e-08  2.65090211e-09  3.36850000e-08  4.85649058e-05  3.36850000e-08  9.90172327e-11  3.36850000e-08  1.69271977e-04  3.36850000e-08  3.11409000e-06 
 3.36950000e-08  1.85950400e-01  3.36950000e-08  9.14928576e-06  3.36950000e-08  1.83634738e-09  3.36950000e-08  4.66581779e-05  3.36950000e-08  6.85359189e-11  3.36950000e-08  1.58135593e-04  3.36950000e-08  3.12871268e-06 
 3.37050000e-08  1.74307553e-01  3.37050000e-08  8.59253525e-06  3.37050000e-08  1.28607811e-09  3.37050000e-08  4.48624644e-05  3.37050000e-08  4.79673936e-11  3.37050000e-08  1.48218172e-04  3.37050000e-08  3.14347261e-06 
 3.37150000e-08  1.63946892e-01  3.37150000e-08  8.09457296e-06  3.37150000e-08  9.11171233e-10  3.37150000e-08  4.31903941e-05  3.37150000e-08  3.39663320e-11  3.37150000e-08  1.39366616e-04  3.37150000e-08  3.15397138e-06 
 3.37250000e-08  1.54714889e-01  3.37250000e-08  7.65032001e-06  3.37250000e-08  6.53376134e-10  3.37250000e-08  4.16472286e-05  3.37250000e-08  2.43458437e-11  3.37250000e-08  1.31456161e-04  3.37250000e-08  3.15767145e-06 
 3.37350000e-08  1.46483939e-01  3.37350000e-08  7.25495775e-06  3.37350000e-08  4.74378953e-10  3.37350000e-08  4.02343186e-05  3.37350000e-08  1.76698945e-11  3.37350000e-08  1.24382806e-04  3.37350000e-08  3.15348119e-06 
 3.37450000e-08  1.39147714e-01  3.37450000e-08  6.90429948e-06  3.37450000e-08  3.48839585e-10  3.37450000e-08  3.89519441e-05  3.37450000e-08  1.29899765e-11  3.37450000e-08  1.18059011e-04  3.37450000e-08  3.14134227e-06 
 3.37550000e-08  1.32619442e-01  3.37550000e-08  6.59512431e-06  3.37550000e-08  2.59889899e-10  3.37550000e-08  3.78019459e-05  3.37550000e-08  9.67537249e-12  3.37550000e-08  1.12411838e-04  3.37550000e-08  3.12188391e-06 
 3.37650000e-08  1.26832141e-01  3.37650000e-08  6.32546024e-06  3.37650000e-08  1.96221781e-10  3.37650000e-08  3.67900649e-05  3.37650000e-08  7.30362726e-12  3.37650000e-08  1.07382821e-04  3.37650000e-08  3.09619688e-06 
 3.37750000e-08  1.21736294e-01  3.37750000e-08  6.09437158e-06  3.37750000e-08  1.50214723e-10  3.37750000e-08  3.59253388e-05  3.37750000e-08  5.59024858e-12  3.37750000e-08  1.02926828e-04  3.37750000e-08  3.06550151e-06 
 3.37850000e-08  1.17289071e-01  3.37850000e-08  5.89980833e-06  3.37850000e-08  1.16694548e-10  3.37850000e-08  3.52080743e-05  3.37850000e-08  4.34218276e-12  3.37850000e-08  9.90083882e-05  3.37850000e-08  3.03149864e-06 
 3.37950000e-08  1.13432661e-01  3.37950000e-08  5.73452439e-06  3.37950000e-08  9.20135820e-11  3.37950000e-08  3.46068905e-05  3.37950000e-08  3.42340560e-12  3.37950000e-08  9.55932682e-05  3.37950000e-08  2.99927926e-06 
 3.38050000e-08  1.10067116e-01  3.38050000e-08  5.58668005e-06  3.38050000e-08  7.36076379e-11  3.38050000e-08  3.40614179e-05  3.38050000e-08  2.73833473e-12  3.38050000e-08  9.26205713e-05  3.38050000e-08  2.97142164e-06 
 3.38150000e-08  1.07081239e-01  3.38150000e-08  5.44804275e-06  3.38150000e-08  5.96775094e-11  3.38150000e-08  3.35303433e-05  3.38150000e-08  2.21992262e-12  3.38150000e-08  9.00062729e-05  3.38150000e-08  2.94298146e-06 
 3.38250000e-08  1.04392350e-01  3.38250000e-08  5.31645223e-06  3.38250000e-08  4.89474531e-11  3.38250000e-08  3.30073540e-05  3.38250000e-08  1.82064377e-12  3.38250000e-08  8.76740897e-05  3.38250000e-08  2.90736099e-06 
 3.38350000e-08  1.01943819e-01  3.38350000e-08  5.19180220e-06  3.38350000e-08  4.05461624e-11  3.38350000e-08  3.24972884e-05  3.38350000e-08  1.50804808e-12  3.38350000e-08  8.55667239e-05  3.38350000e-08  2.86067143e-06 
 3.38450000e-08  9.96968522e-02  3.38450000e-08  5.07353054e-06  3.38450000e-08  3.38664688e-11  3.38450000e-08  3.20012963e-05  3.38450000e-08  1.25952815e-12  3.38450000e-08  8.36460129e-05  3.38450000e-08  2.80236322e-06 
 3.38550000e-08  9.76259876e-02  3.38550000e-08  4.96073657e-06  3.38550000e-08  2.84658218e-11  3.38550000e-08  3.15179805e-05  3.38550000e-08  1.05860892e-12  3.38550000e-08  8.18879299e-05  3.38550000e-08  2.73250819e-06 
 3.38650000e-08  9.57171469e-02  3.38650000e-08  4.85249101e-06  3.38650000e-08  2.40105434e-11  3.38650000e-08  3.10456321e-05  3.38650000e-08  8.92869896e-13  3.38650000e-08  8.02794812e-05  3.38650000e-08  2.64894509e-06 
 3.38750000e-08  9.39651651e-02  3.38750000e-08  4.74833443e-06  3.38750000e-08  2.02542432e-11  3.38750000e-08  3.05853561e-05  3.38750000e-08  7.53140607e-13  3.38750000e-08  7.88146405e-05  3.38750000e-08  2.54672974e-06 
 3.38850000e-08  9.23688294e-02  3.38850000e-08  4.64879945e-06  3.38850000e-08  1.70323466e-11  3.38850000e-08  3.01440322e-05  3.38850000e-08  6.33296240e-13  3.38850000e-08  7.74880680e-05  3.38850000e-08  2.42025056e-06 
 3.38950000e-08  9.09256671e-02  3.38950000e-08  4.55531072e-06  3.38950000e-08  1.42495005e-11  3.38950000e-08  2.97333570e-05  3.38950000e-08  5.29788388e-13  3.38950000e-08  7.62907874e-05  3.38950000e-08  2.26615400e-06 
 3.39050000e-08  8.96274045e-02  3.39050000e-08  4.46916418e-06  3.39050000e-08  1.18542072e-11  3.39050000e-08  2.93633217e-05  3.39050000e-08  4.40700627e-13  3.39050000e-08  7.52094648e-05  3.39050000e-08  2.08475532e-06 
 3.39150000e-08  8.84526703e-02  3.39150000e-08  4.39055933e-06  3.39150000e-08  9.81769857e-12  3.39150000e-08  2.90358554e-05  3.39150000e-08  3.64961893e-13  3.39150000e-08  7.42226536e-05  3.39150000e-08  1.87845054e-06 
 3.39250000e-08  8.73837416e-02  3.39250000e-08  4.31748322e-06  3.39250000e-08  8.10300953e-12  3.39250000e-08  2.87385281e-05  3.39250000e-08  3.01196561e-13  3.39250000e-08  7.33197916e-05  3.39250000e-08  1.65519367e-06 
 3.39350000e-08  8.63983413e-02  3.39350000e-08  4.25023498e-06  3.39350000e-08  6.67546181e-12  3.39350000e-08  2.84736537e-05  3.39350000e-08  2.48113729e-13  3.39350000e-08  7.24784169e-05  3.39350000e-08  1.42262272e-06 
 3.39450000e-08  8.54577591e-02  3.39450000e-08  4.18758859e-06  3.39450000e-08  5.50691177e-12  3.39450000e-08  2.82322347e-05  3.39450000e-08  2.04665093e-13  3.39450000e-08  7.16660556e-05  3.39450000e-08  1.18363465e-06 
 3.39550000e-08  8.45487623e-02  3.39550000e-08  4.12839818e-06  3.39550000e-08  4.55368748e-12  3.39550000e-08  2.80071588e-05  3.39550000e-08  1.69225771e-13  3.39550000e-08  7.08746060e-05  3.39550000e-08  9.49332185e-07 
 3.39650000e-08  8.36641226e-02  3.39650000e-08  4.06950458e-06  3.39650000e-08  3.78054609e-12  3.39650000e-08  2.77766347e-05  3.39650000e-08  1.40484320e-13  3.39650000e-08  7.01071916e-05  3.39650000e-08  7.29593296e-07 
 3.39750000e-08  8.27907513e-02  3.39750000e-08  4.01346083e-06  3.39750000e-08  3.15279113e-12  3.39750000e-08  2.75588186e-05  3.39750000e-08  1.17149976e-13  3.39750000e-08  6.93426776e-05  3.39750000e-08  5.37251731e-07 
 3.39850000e-08  8.18877032e-02  3.39850000e-08  3.95474519e-06  3.39850000e-08  2.64447391e-12  3.39850000e-08  2.73166380e-05  3.39850000e-08  9.82573180e-14  3.39850000e-08  6.85615561e-05  3.39850000e-08  3.85245578e-07 
 3.39950000e-08  8.08676465e-02  3.39950000e-08  3.88330601e-06  3.39950000e-08  2.23444414e-12  3.39950000e-08  2.69819307e-05  3.39950000e-08  8.30195901e-14  3.39950000e-08  6.77145025e-05  3.39950000e-08  2.92657537e-07 
 3.40050000e-08  7.95254057e-02  3.40050000e-08  3.77704815e-06  3.40050000e-08  1.90351685e-12  3.40050000e-08  2.64035301e-05  3.40050000e-08  7.07228997e-14  3.40050000e-08  6.66796197e-05  3.40050000e-08  2.59581079e-07 
 3.40150000e-08  7.77937647e-02  3.40150000e-08  3.65115971e-06  3.40150000e-08  1.63866722e-12  3.40150000e-08  2.56835853e-05  3.40150000e-08  6.08826341e-14  3.40150000e-08  6.53361172e-05  3.40150000e-08  2.89150630e-07 
 3.40250000e-08  7.57676910e-02  3.40250000e-08  3.52825313e-06  3.40250000e-08  1.42855694e-12  3.40250000e-08  2.49742912e-05  3.40250000e-08  5.30767700e-14  3.40250000e-08  6.36976762e-05  3.40250000e-08  3.60854039e-07 
 3.40350000e-08  7.35716243e-02  3.40350000e-08  3.41298056e-06  3.40350000e-08  1.26204863e-12  3.40350000e-08  2.43044474e-05  3.40350000e-08  4.68909607e-14  3.40350000e-08  6.18724244e-05  3.40350000e-08  4.45620088e-07 
 3.40450000e-08  7.12998712e-02  3.40450000e-08  3.30258568e-06  3.40450000e-08  1.12881181e-12  3.40450000e-08  2.36532482e-05  3.40450000e-08  4.19411394e-14  3.40450000e-08  5.99642409e-05  3.40450000e-08  5.21916731e-07 
 3.40550000e-08  6.90608021e-02  3.40550000e-08  3.19522098e-06  3.40550000e-08  1.01548428e-12  3.40550000e-08  2.30108431e-05  3.40550000e-08  3.77309528e-14  3.40550000e-08  5.80853496e-05  3.40550000e-08  5.98315312e-07 
 3.40650000e-08  6.68611598e-02  3.40650000e-08  3.08912825e-06  3.40650000e-08  9.17610835e-13  3.40650000e-08  2.23651077e-05  3.40650000e-08  3.40946941e-14  3.40650000e-08  5.62480091e-05  3.40650000e-08  6.51827827e-07 
 3.40750000e-08  6.46977175e-02  3.40750000e-08  2.98347658e-06  3.40750000e-08  8.33421852e-13  3.40750000e-08  2.17105555e-05  3.40750000e-08  3.09667673e-14  3.40750000e-08  5.44509867e-05  3.40750000e-08  6.94200501e-07 
 3.40850000e-08  6.25830887e-02  3.40850000e-08  2.87714409e-06  3.40850000e-08  7.58344583e-13  3.40850000e-08  2.10415242e-05  3.40850000e-08  2.81773626e-14  3.40850000e-08  5.27096406e-05  3.40850000e-08  7.35944414e-07 
 3.40950000e-08  6.05330460e-02  3.40950000e-08  2.77038072e-06  3.40950000e-08  6.88113949e-13  3.40950000e-08  2.03627278e-05  3.40950000e-08  2.55680690e-14  3.40950000e-08  5.10374115e-05  3.40950000e-08  7.87510001e-07 
 3.41050000e-08  5.85695515e-02  3.41050000e-08  2.66360689e-06  3.41050000e-08  6.18796013e-13  3.41050000e-08  1.96806390e-05  3.41050000e-08  2.29927574e-14  3.41050000e-08  4.94535464e-05  3.41050000e-08  8.60469450e-07 
 3.41150000e-08  5.67163273e-02  3.41150000e-08  2.55860615e-06  3.41150000e-08  5.47942535e-13  3.41150000e-08  1.90114019e-05  3.41150000e-08  2.03604563e-14  3.41150000e-08  4.79743414e-05  3.41150000e-08  9.63165017e-07 
 3.41250000e-08  5.49820038e-02  3.41250000e-08  2.45789934e-06  3.41250000e-08  4.76479836e-13  3.41250000e-08  1.83743953e-05  3.41250000e-08  1.77055130e-14  3.41250000e-08  4.65986988e-05  3.41250000e-08  1.09164827e-06 
 3.41350000e-08  5.33425335e-02  3.41350000e-08  2.36102444e-06  3.41350000e-08  4.08378877e-13  3.41350000e-08  1.77637615e-05  3.41350000e-08  1.51753775e-14  3.41350000e-08  4.53042435e-05  3.41350000e-08  1.22774266e-06 
 3.41450000e-08  5.17413870e-02  3.41450000e-08  2.26556411e-06  3.41450000e-08  3.48185092e-13  3.41450000e-08  1.71566536e-05  3.41450000e-08  1.29388881e-14  3.41450000e-08  4.40431516e-05  3.41450000e-08  1.34672531e-06 
 3.41550000e-08  5.00963651e-02  3.41550000e-08  2.16977772e-06  3.41550000e-08  2.99326347e-13  3.41550000e-08  1.65338969e-05  3.41550000e-08  1.11234122e-14  3.41550000e-08  4.27390070e-05  3.41550000e-08  1.42268011e-06 
 3.41650000e-08  4.83115348e-02  3.41650000e-08  2.07229400e-06  3.41650000e-08  2.63678136e-13  3.41650000e-08  1.58787504e-05  3.41650000e-08  9.79866216e-15  3.41650000e-08  4.13002384e-05  3.41650000e-08  1.43071137e-06 
 3.41750000e-08  4.63029152e-02  3.41750000e-08  1.97221402e-06  3.41750000e-08  2.41732851e-13  3.41750000e-08  1.51792986e-05  3.41750000e-08  8.98295679e-15  3.41750000e-08  3.96455471e-05  3.41750000e-08  1.35180638e-06 
 3.41850000e-08  4.40232224e-02  3.41850000e-08  1.86922530e-06  3.41850000e-08  2.33278643e-13  3.41850000e-08  1.44308260e-05  3.41850000e-08  8.66842661e-15  3.41850000e-08  3.77283335e-05  3.41850000e-08  1.17861206e-06 
 3.41950000e-08  4.14728743e-02  3.41950000e-08  1.76341242e-06  3.41950000e-08  2.38240284e-13  3.41950000e-08  1.36349106e-05  3.41950000e-08  8.85225018e-15  3.41950000e-08  3.55484923e-05  3.41950000e-08  9.18749066e-07 
 3.42050000e-08  3.86989393e-02  3.42050000e-08  1.65543751e-06  3.42050000e-08  2.57262510e-13  3.42050000e-08  1.28003853e-05  3.42050000e-08  9.55832872e-15  3.42050000e-08  3.31505743e-05  3.42050000e-08  5.93826366e-07 
 3.42150000e-08  3.57249603e-02  3.42150000e-08  1.54630146e-06  3.42150000e-08  2.94047631e-13  3.42150000e-08  1.19382628e-05  3.42150000e-08  1.09240803e-14  3.42150000e-08  3.05541091e-05  3.42150000e-08  2.12255499e-07 
 3.42250000e-08  3.26069831e-02  3.42250000e-08  1.43654931e-06  3.42250000e-08  3.55471237e-13  3.42250000e-08  1.10574575e-05  3.42250000e-08  1.32048809e-14  3.42250000e-08  2.78132539e-05  3.42250000e-08  1.66023115e-07 
 3.42350000e-08  2.94038618e-02  3.42350000e-08  1.32757592e-06  3.42350000e-08  4.52491750e-13  3.42350000e-08  1.01735884e-05  3.42350000e-08  1.68076305e-14  3.42350000e-08  2.49815901e-05  3.42350000e-08  5.23817775e-07 
 3.42450000e-08  2.61791088e-02  3.42450000e-08  1.22062848e-06  3.42450000e-08  6.01108204e-13  3.42450000e-08  9.30108394e-06  3.42450000e-08  2.23261665e-14  3.42450000e-08  2.21181440e-05  3.42450000e-08  8.92400229e-07 
 3.42550000e-08  2.30008646e-02  3.42550000e-08  1.11708044e-06  3.42550000e-08  8.26922405e-13  3.42550000e-08  8.45482625e-06  3.42550000e-08  3.07109931e-14  3.42550000e-08  1.92862229e-05  3.42550000e-08  1.25389415e-06 
 3.42650000e-08  1.99822574e-02  3.42650000e-08  1.01655909e-06  3.42650000e-08  1.16277373e-12  3.42650000e-08  7.63640888e-06  3.42650000e-08  4.31813623e-14  3.42650000e-08  1.66020055e-05  3.42650000e-08  1.58534815e-06 
 3.42750000e-08  1.71918946e-02  3.42750000e-08  9.22987316e-07  3.42750000e-08  1.65751014e-12  3.42750000e-08  6.87761557e-06  3.42750000e-08  6.15510340e-14  3.42750000e-08  1.41195623e-05  3.42750000e-08  1.87341924e-06 
 3.42850000e-08  1.46237503e-02  3.42850000e-08  8.37706274e-07  3.42850000e-08  2.39892171e-12  3.42850000e-08  6.18796128e-06  3.42850000e-08  8.90798198e-14  3.42850000e-08  1.18276692e-05  3.42850000e-08  2.12200997e-06 
 3.42950000e-08  1.23141275e-02  3.42950000e-08  7.64247425e-07  3.42950000e-08  3.51653099e-12  3.42950000e-08  5.59299160e-06  3.42950000e-08  1.30577455e-13  3.42950000e-08  9.75045104e-06  3.42950000e-08  2.33262634e-06 
 3.43050000e-08  1.02594462e-02  3.43050000e-08  7.06499082e-07  3.43050000e-08  5.23927478e-12  3.43050000e-08  5.11875433e-06  3.43050000e-08  1.94545685e-13  3.43050000e-08  7.87037249e-06  3.43050000e-08  2.51578374e-06 
 3.43150000e-08  8.48277194e-03  3.43150000e-08  6.60687972e-07  3.43150000e-08  7.91641794e-12  3.43150000e-08  4.73600994e-06  3.43150000e-08  2.93958019e-13  3.43150000e-08  6.22790988e-06  3.43150000e-08  2.64837422e-06 
 3.43250000e-08  6.95894313e-03  3.43250000e-08  6.16221680e-07  3.43250000e-08  1.20099973e-11  3.43250000e-08  4.36879391e-06  3.43250000e-08  4.45978088e-13  3.43250000e-08  4.83942763e-06  3.43250000e-08  2.75277581e-06 
 3.43350000e-08  5.64997925e-03  3.43350000e-08  5.72983614e-07  3.43350000e-08  1.82204747e-11  3.43350000e-08  4.01697461e-06  3.43350000e-08  6.76635465e-13  3.43350000e-08  3.66596968e-06  3.43350000e-08  2.81312815e-06 
 3.43450000e-08  4.51717533e-03  3.43450000e-08  5.30903806e-07  3.43450000e-08  2.75671040e-11  3.43450000e-08  3.68027507e-06  3.43450000e-08  1.02381656e-12  3.43450000e-08  2.66771686e-06  3.43450000e-08  2.83033933e-06 
 3.43550000e-08  3.52294527e-03  3.43550000e-08  4.89729876e-07  3.43550000e-08  4.15361816e-11  3.43550000e-08  3.35685678e-06  3.43550000e-08  1.54278541e-12  3.43550000e-08  1.80674349e-06  3.43550000e-08  2.81247577e-06 
 3.43650000e-08  2.63242853e-03  3.43650000e-08  4.49468369e-07  3.43650000e-08  6.23159966e-11  3.43650000e-08  3.04650124e-06  3.43650000e-08  2.31493669e-12  3.43650000e-08  1.04696663e-06  3.43650000e-08  2.76989337e-06 
 3.43750000e-08  1.81375532e-03  3.43750000e-08  4.09798644e-07  3.43750000e-08  9.31590272e-11  3.43750000e-08  2.74669592e-06  3.43750000e-08  3.46129796e-12  3.43750000e-08  3.56630868e-07  3.43750000e-08  2.71250953e-06 
 3.43850000e-08  1.03026067e-03  3.43850000e-08  3.74208490e-07  3.43850000e-08  1.38973954e-10  3.43850000e-08  2.48024385e-06  3.43850000e-08  5.16461272e-12  3.43850000e-08  3.15166553e-07  3.43850000e-08  2.64897679e-06 
 3.43950000e-08  2.50966815e-04  3.43950000e-08  3.37163460e-07  3.43950000e-08  2.07277274e-10  3.43950000e-08  2.20977664e-06  3.43950000e-08  7.70486899e-12  3.43950000e-08  9.79044809e-07  3.43950000e-08  2.58626684e-06 
 3.44050000e-08 -5.47087347e-04  3.44050000e-08  2.92530114e-07  3.44050000e-08  3.09815703e-10  3.44050000e-08  1.89568680e-06  3.44050000e-08  1.15199258e-11  3.44050000e-08  1.63650226e-06  3.44050000e-08  2.52999314e-06 
 3.44150000e-08 -1.36997340e-03  3.44150000e-08  2.49419980e-07  3.44150000e-08  4.65411628e-10  3.44150000e-08  1.59785286e-06  3.44150000e-08  1.73119589e-11  3.44150000e-08  2.32736120e-06  3.44150000e-08  2.48484654e-06 
 3.44250000e-08 -2.23921531e-03  3.44250000e-08  2.04117956e-07  3.44250000e-08  7.05086545e-10  3.44250000e-08  1.29234143e-06  3.44250000e-08  2.62393880e-11  3.44250000e-08  3.06040260e-06  3.44250000e-08  2.45517345e-06 
 3.44350000e-08 -3.17964837e-03  3.44350000e-08  1.55965105e-07  3.44350000e-08  1.08177353e-09  3.44350000e-08  9.75539888e-07  3.44350000e-08  4.02812992e-11  3.44350000e-08  3.85910156e-06  3.44350000e-08  2.44549257e-06 
 3.44450000e-08 -4.22009420e-03  3.44450000e-08  1.03701454e-07  3.44450000e-08  1.68951609e-09  3.44450000e-08  6.40459895e-07  3.44450000e-08  6.29593041e-11  3.44450000e-08  4.74896472e-06  3.44450000e-08  2.46108109e-06 
 3.44550000e-08 -5.39596896e-03  3.44550000e-08  4.58155689e-08  3.44550000e-08  2.70366171e-09  3.44550000e-08  2.79187780e-07  3.44550000e-08  1.00852763e-10  3.44550000e-08  5.76151883e-06  3.44550000e-08  2.50882006e-06 
 3.44650000e-08 -6.75562931e-03  3.44650000e-08  1.97447754e-08  3.44650000e-08  4.47004911e-09  3.44650000e-08  1.18595212e-07  3.44650000e-08  1.66972855e-10  3.44650000e-08  6.93987320e-06  3.44650000e-08  2.59827342e-06 
 3.44750000e-08 -8.36120871e-03  3.44750000e-08  9.61450212e-08  3.44750000e-08  7.71394984e-09  3.44750000e-08  5.68394569e-07  3.44750000e-08  2.88706774e-10  3.44750000e-08  8.33766894e-06  3.44750000e-08  2.74267922e-06 
 3.44850000e-08 -1.02684184e-02  3.44850000e-08  1.88293733e-07  3.44850000e-08  1.40464562e-08  3.44850000e-08  1.09382743e-06  3.44850000e-08  5.27219232e-10  3.44850000e-08  9.99638155e-06  3.44850000e-08  2.95874734e-06 
 3.44950000e-08 -1.25163613e-02  3.44950000e-08  3.00496648e-07  3.44950000e-08  2.71867971e-08  3.44950000e-08  1.71196173e-06  3.44950000e-08  1.02487547e-09  3.44950000e-08  1.19430290e-05  3.44950000e-08  3.26404272e-06 
 3.45050000e-08 -1.50875696e-02  3.45050000e-08  4.37416593e-07  3.45050000e-08  5.58216220e-08  3.45050000e-08  2.43892074e-06  3.45050000e-08  2.11850919e-09  3.45050000e-08  1.41464677e-05  3.45050000e-08  3.67388233e-06 
 3.45150000e-08 -1.79057149e-02  3.45150000e-08  6.00577662e-07  3.45150000e-08  1.20069664e-07  3.45150000e-08  3.27103235e-06  3.45150000e-08  4.60413706e-09  3.45150000e-08  1.65269388e-05  3.45150000e-08  4.20224166e-06 
 3.45250000e-08 -2.08749115e-02  3.45250000e-08  7.88686384e-07  3.45250000e-08  2.65489134e-07  3.45250000e-08  4.18905508e-06  3.45250000e-08  1.03401866e-08  3.45250000e-08  1.89948736e-05  3.45250000e-08  4.86395548e-06 
 3.45350000e-08 -2.39118686e-02  3.45350000e-08  9.98890282e-07  3.45350000e-08  5.91326209e-07  3.45350000e-08  5.16695106e-06  3.45350000e-08  2.35574440e-08  3.45350000e-08  2.14788889e-05  3.45350000e-08  5.67314397e-06 
 3.45450000e-08 -2.69495841e-02  3.45450000e-08  1.22724716e-06  3.45450000e-08  1.30214826e-06  3.45450000e-08  6.17550985e-06  3.45450000e-08  5.35055230e-08  3.45450000e-08  2.39272517e-05  3.45450000e-08  6.63813377e-06 
 3.45550000e-08 -2.99277089e-02  3.45550000e-08  1.46805741e-06  3.45550000e-08  2.79390687e-06  3.45550000e-08  7.17982078e-06  3.45550000e-08  1.19395561e-07  3.45550000e-08  2.62993907e-05  3.45550000e-08  7.75736392e-06 
 3.45650000e-08 -3.27814956e-02  3.45650000e-08  1.71311558e-06  3.45650000e-08  5.78608979e-06  3.45650000e-08  8.13671920e-06  3.45650000e-08  2.58988932e-07  3.45650000e-08  2.85562637e-05  3.45650000e-08  9.02075738e-06 
 3.45750000e-08 -3.54299057e-02  3.45750000e-08  1.95068850e-06  3.45750000e-08  1.14748932e-05  3.45750000e-08  8.99146942e-06  3.45750000e-08  5.42088743e-07  3.45750000e-08  3.06506247e-05  3.45750000e-08  1.04185841e-05 
 3.45850000e-08 -3.77605621e-02  3.45850000e-08  2.16364009e-06  3.45850000e-08  2.15070518e-05  3.45850000e-08  9.67143367e-06  3.45850000e-08  1.08635919e-06  3.45850000e-08  3.25162101e-05  3.45850000e-08  1.19566159e-05 
 3.45950000e-08 -3.96139709e-02  3.45950000e-08  2.32720434e-06  3.45950000e-08  3.73965192e-05  3.45950000e-08  1.00797799e-05  3.45950000e-08  2.06119587e-06  3.45950000e-08  3.40565095e-05  3.45950000e-08  1.36730106e-05 
 3.46050000e-08 -4.07786188e-02  3.46050000e-08  2.40871520e-06  3.46050000e-08  5.94714295e-05  3.46050000e-08  1.00993779e-05  3.46050000e-08  3.65755657e-06  3.46050000e-08  3.51384316e-05  3.46050000e-08  1.56487803e-05 
 3.46150000e-08 -4.10105895e-02  3.46150000e-08  2.37147092e-06  3.46150000e-08  8.63301314e-05  3.46150000e-08  9.61412772e-06  3.46150000e-08  6.02462593e-06  3.46150000e-08  3.55993124e-05  3.46150000e-08  1.80032409e-05 
 3.46250000e-08 -4.00757849e-02  3.46250000e-08  2.18146732e-06  3.46250000e-08  1.15480057e-04  3.46250000e-08  8.53904505e-06  3.46250000e-08  9.21339517e-06  3.46250000e-08  3.52695571e-05  3.46250000e-08  2.08726263e-05 
 3.46350000e-08 -3.77962752e-02  3.46350000e-08  1.81295625e-06  3.46350000e-08  1.44515279e-04  3.46350000e-08  6.84072821e-06  3.46350000e-08  1.31669071e-05  3.46350000e-08  3.40035113e-05  3.46350000e-08  2.43818702e-05 
 3.46450000e-08 -3.40775062e-02  3.46450000e-08  1.24979340e-06  3.46450000e-08  1.71790411e-04  3.46450000e-08  4.53745537e-06  3.46450000e-08  1.77545937e-05  3.46450000e-08  3.17031471e-05  3.46450000e-08  2.86229079e-05 
 3.46550000e-08 -2.89120623e-02  3.46550000e-08  4.83248350e-07  3.46550000e-08  1.96596952e-04  3.46550000e-08  1.68478525e-06  3.46550000e-08  2.28233227e-05  3.46550000e-08  2.83283969e-05  3.46550000e-08  3.36425977e-05 
 3.46650000e-08 -2.23968453e-02  3.46650000e-08  4.93170800e-07  3.46650000e-08  2.18823159e-04  3.46650000e-08  1.64679246e-06  3.46650000e-08  2.82198341e-05  3.46650000e-08  2.39291513e-05  3.46650000e-08  3.94595513e-05 
 3.46750000e-08 -1.46425946e-02  3.46750000e-08  1.67645586e-06  3.46750000e-08  2.38635873e-04  3.46750000e-08  5.34711889e-06  3.46750000e-08  3.38169778e-05  3.46750000e-08  1.85466002e-05  3.46750000e-08  4.60578745e-05 
 3.46850000e-08 -5.73074992e-03  3.46850000e-08  3.06798888e-06  3.46850000e-08  2.56341630e-04  3.46850000e-08  9.32724721e-06  3.46850000e-08  3.95259155e-05  3.46850000e-08  1.21987730e-05  3.46850000e-08  5.34033032e-05 
 3.46950000e-08  4.11602730e-03  3.46950000e-08  4.65043705e-06  3.46950000e-08  2.72252463e-04  3.46950000e-08  1.34492716e-05  3.46950000e-08  4.52850009e-05  3.46950000e-08  5.01037414e-06  3.46950000e-08  6.14557793e-05 
 3.47050000e-08  1.46875822e-02  3.47050000e-08  6.51574645e-06  3.47050000e-08  2.86629257e-04  3.47050000e-08  1.78935511e-05  3.47050000e-08  5.10463413e-05  3.47050000e-08  2.67327631e-06  3.47050000e-08  7.01730272e-05 
 3.47150000e-08  2.59390468e-02  3.47150000e-08  8.71779887e-06  3.47150000e-08  2.99674962e-04  3.47150000e-08  2.26926510e-05  3.47150000e-08  5.67686069e-05  3.47150000e-08  1.06564426e-05  3.47150000e-08  7.95129097e-05 
 3.47250000e-08  3.79561229e-02  3.47250000e-08  1.10426025e-05  3.47250000e-08  3.11513385e-04  3.47250000e-08  2.71880417e-05  3.47250000e-08  6.23988984e-05  3.47250000e-08  1.94370600e-05  3.47250000e-08  8.94209655e-05 
 3.47350000e-08  5.06386634e-02  3.47350000e-08  1.36345823e-05  3.47350000e-08  3.22260928e-04  3.47350000e-08  3.16899873e-05  3.47350000e-08  6.78970059e-05  3.47350000e-08  2.86609686e-05  3.47350000e-08  9.98652396e-05 
 3.47450000e-08  6.39177560e-02  3.47450000e-08  1.65117967e-05  3.47450000e-08  3.31979105e-04  3.47450000e-08  3.61610347e-05  3.47450000e-08  7.32087915e-05  3.47450000e-08  3.82541280e-05  3.47450000e-08  1.10797038e-04 
 3.47550000e-08  7.77493264e-02  3.47550000e-08  1.96908951e-05  3.47550000e-08  3.40666611e-04  3.47550000e-08  4.05661352e-05  3.47550000e-08  7.82533343e-05  3.47550000e-08  4.81689712e-05  3.47550000e-08  1.22153045e-04 
 3.47650000e-08  9.20923532e-02  3.47650000e-08  2.31752086e-05  3.47650000e-08  3.48267528e-04  3.47650000e-08  4.48568340e-05  3.47650000e-08  8.29192747e-05  3.47650000e-08  5.83769302e-05  3.47650000e-08  1.33842051e-04 
 3.47750000e-08  1.06874851e-01  3.47750000e-08  2.69521689e-05  3.47750000e-08  3.54734153e-04  3.47750000e-08  4.89757235e-05  3.47750000e-08  8.70985710e-05  3.47750000e-08  6.88338019e-05  3.47750000e-08  1.45750043e-04 
 3.47850000e-08  1.21957788e-01  3.47850000e-08  3.09978596e-05  3.47850000e-08  3.60118144e-04  3.47850000e-08  5.28626960e-05  3.47850000e-08  9.07492160e-05  3.47850000e-08  7.94387943e-05  3.47850000e-08  1.57774663e-04 
 3.47950000e-08  1.37154981e-01  3.47950000e-08  3.52942238e-05  3.47950000e-08  3.64582439e-04  3.47950000e-08  5.64745642e-05  3.47950000e-08  9.39152463e-05  3.47950000e-08  9.00359154e-05  3.47950000e-08  1.69855341e-04 
 3.48050000e-08  1.52298321e-01  3.48050000e-08  3.98415548e-05  3.48050000e-08  3.68319852e-04  3.48050000e-08  5.97960070e-05  3.48050000e-08  9.66800670e-05  3.48050000e-08  1.00466206e-04  3.48050000e-08  1.81970904e-04 
 3.48150000e-08  1.67273843e-01  3.48150000e-08  4.46578699e-05  3.48150000e-08  3.71487513e-04  3.48150000e-08  6.28319752e-05  3.48150000e-08  9.91199305e-05  3.48150000e-08  1.10606408e-04  3.48150000e-08  1.94122311e-04 
 3.48250000e-08  1.82019011e-01  3.48250000e-08  4.97719593e-05  3.48250000e-08  3.74191636e-04  3.48250000e-08  6.55938842e-05  3.48250000e-08  1.01287515e-04  3.48250000e-08  1.20375509e-04  3.48250000e-08  2.06314408e-04 
 3.48350000e-08  1.96508781e-01  3.48350000e-08  5.52191745e-05  3.48350000e-08  3.76494099e-04  3.48350000e-08  6.80933833e-05  3.48350000e-08  1.03211339e-04  3.48350000e-08  1.29725264e-04  3.48350000e-08  2.18538460e-04 
 3.48450000e-08  2.10738141e-01  3.48450000e-08  6.10388799e-05  3.48450000e-08  3.78430559e-04  3.48450000e-08  7.03390228e-05  3.48450000e-08  1.04905223e-04  3.48450000e-08  1.38625449e-04  3.48450000e-08  2.30755613e-04 
 3.48550000e-08  2.24712543e-01  3.48550000e-08  6.72746007e-05  3.48550000e-08  3.80024119e-04  3.48550000e-08  7.23368378e-05  3.48550000e-08  1.06376346e-04  3.48550000e-08  1.47053632e-04  3.48550000e-08  2.42878620e-04 
 3.48650000e-08  2.38443311e-01  3.48650000e-08  7.39750623e-05  3.48650000e-08  3.81295428e-04  3.48650000e-08  7.40913674e-05  3.48650000e-08  1.07631827e-04  3.48650000e-08  1.54989119e-04  3.48650000e-08  2.54753184e-04 
 3.48750000e-08  2.51946657e-01  3.48750000e-08  8.11957466e-05  3.48750000e-08  3.82268075e-04  3.48750000e-08  7.56065366e-05  3.48750000e-08  1.08682438e-04  3.48750000e-08  1.62410088e-04  3.48750000e-08  2.66145819e-04 
 3.48850000e-08  2.65245775e-01  3.48850000e-08  8.90012966e-05  3.48850000e-08  3.82970665e-04  3.48850000e-08  7.68865310e-05  3.48850000e-08  1.09544098e-04  3.48850000e-08  1.69292852e-04  3.48850000e-08  2.76751911e-04 
 3.48950000e-08  2.78373384e-01  3.48950000e-08  9.74676658e-05  3.48950000e-08  3.83435950e-04  3.48950000e-08  7.79355932e-05  3.48950000e-08  1.10237191e-04  3.48950000e-08  1.75611907e-04  3.48950000e-08  2.86243459e-04 
 3.49050000e-08  2.91374339e-01  3.49050000e-08  1.06684254e-04  3.49050000e-08  3.83699001e-04  3.49050000e-08  7.87572334e-05  3.49050000e-08  1.10785104e-04  3.49050000e-08  1.81339829e-04  3.49050000e-08  2.94358251e-04 
 3.49150000e-08  3.04308129e-01  3.49150000e-08  1.16756098e-04  3.49150000e-08  3.83795545e-04  3.49150000e-08  7.93530257e-05  3.49150000e-08  1.11212841e-04  3.49150000e-08  1.86446549e-04  3.49150000e-08  3.00991335e-04 
 3.49250000e-08  3.17251481e-01  3.49250000e-08  1.27805917e-04  3.49250000e-08  3.83760781e-04  3.49250000e-08  7.97207754e-05  3.49250000e-08  1.11545982e-04  3.49250000e-08  1.90898113e-04  3.49250000e-08  3.06225438e-04 
 3.49350000e-08  3.30301592e-01  3.49350000e-08  1.39978363e-04  3.49350000e-08  3.83628430e-04  3.49350000e-08  7.98538549e-05  3.49350000e-08  1.11809869e-04  3.49350000e-08  1.94652424e-04  3.49350000e-08  3.10278866e-04 
 3.49450000e-08  3.43580104e-01  3.49450000e-08  1.53441407e-04  3.49450000e-08  3.83430780e-04  3.49450000e-08  7.97371745e-05  3.49450000e-08  1.12029613e-04  3.49450000e-08  1.97656549e-04  3.49450000e-08  3.13416866e-04 
 3.49550000e-08  3.57240428e-01  3.49550000e-08  1.68389341e-04  3.49550000e-08  3.83199398e-04  3.49550000e-08  7.93435304e-05  3.49550000e-08  1.12230719e-04  3.49550000e-08  1.99841294e-04  3.49550000e-08  3.15883238e-04 
 3.49650000e-08  3.71480781e-01  3.49650000e-08  1.85044569e-04  3.49650000e-08  3.82965624e-04  3.49650000e-08  7.86296635e-05  3.49650000e-08  1.12439647e-04  3.49650000e-08  2.01113091e-04  3.49650000e-08  3.17871150e-04 
 3.49750000e-08  3.86567539e-01  3.49750000e-08  2.03639765e-04  3.49750000e-08  3.82753259e-04  3.49750000e-08  7.75328162e-05  3.49750000e-08  1.12678282e-04  3.49750000e-08  2.01350555e-04  3.49750000e-08  3.19520947e-04 
 3.49850000e-08  4.02870030e-01  3.49850000e-08  2.24335540e-04  3.49850000e-08  3.82561372e-04  3.49850000e-08  7.59691043e-05  3.49850000e-08  1.12950413e-04  3.49850000e-08  2.00417306e-04  3.49850000e-08  3.20928508e-04 
 3.49950000e-08  4.20875440e-01  3.49950000e-08  2.46983229e-04  3.49950000e-08  3.82348334e-04  3.49950000e-08  7.38457717e-05  3.49950000e-08  1.13228518e-04  3.49950000e-08  1.98170115e-04  3.49950000e-08  3.22155349e-04 
 3.50050000e-08  4.41132964e-01  3.50050000e-08  2.70536743e-04  3.50050000e-08  3.82059544e-04  3.50050000e-08  7.10777828e-05  3.50050000e-08  1.13474754e-04  3.50050000e-08  1.94437984e-04  3.50050000e-08  3.23240348e-04 
 3.50150000e-08  4.64116648e-01  3.50150000e-08  2.92020603e-04  3.50150000e-08  3.81660159e-04  3.50150000e-08  6.76513066e-05  3.50150000e-08  1.13666123e-04  3.50150000e-08  1.89011494e-04  3.50150000e-08  3.24210080e-04 
 3.50250000e-08  4.90069146e-01  3.50250000e-08  3.06858263e-04  3.50250000e-08  3.81130688e-04  3.50250000e-08  6.37390077e-05  3.50250000e-08  1.13789997e-04  3.50250000e-08  1.81771336e-04  3.50250000e-08  3.25084793e-04 
 3.50350000e-08  5.18933396e-01  3.50350000e-08  3.13043205e-04  3.50350000e-08  3.80461458e-04  3.50350000e-08  5.96684936e-05  3.50350000e-08  1.13839116e-04  3.50350000e-08  1.72886943e-04  3.50350000e-08  3.25881600e-04 
 3.50450000e-08  5.50428883e-01  3.50450000e-08  3.12703682e-04  3.50450000e-08  3.79656957e-04  3.50450000e-08  5.56842322e-05  3.50450000e-08  1.13815739e-04  3.50450000e-08  1.62802431e-04  3.50450000e-08  3.26616159e-04 
 3.50550000e-08  5.84212267e-01  3.50550000e-08  3.08544530e-04  3.50550000e-08  3.78730115e-04  3.50550000e-08  5.18531931e-05  3.50550000e-08  1.13728543e-04  3.50550000e-08  1.52031725e-04  3.50550000e-08  3.27302844e-04 
 3.50650000e-08  6.19979412e-01  3.50650000e-08  3.02113564e-04  3.50650000e-08  3.77706469e-04  3.50650000e-08  4.81480755e-05  3.50650000e-08  1.13597225e-04  3.50650000e-08  1.40979179e-04  3.50650000e-08  3.27955340e-04 
 3.50750000e-08  6.57501442e-01  3.50750000e-08  2.94091232e-04  3.50750000e-08  3.76620397e-04  3.50750000e-08  4.45221599e-05  3.50750000e-08  1.13450171e-04  3.50750000e-08  1.29898142e-04  3.50750000e-08  3.28586767e-04 
 3.50850000e-08  6.96631637e-01  3.50850000e-08  2.84762884e-04  3.50850000e-08  3.75493640e-04  3.50850000e-08  4.09475356e-05  3.50850000e-08  1.13307124e-04  3.50850000e-08  1.18936523e-04  3.50850000e-08  3.29208292e-04 
 3.50950000e-08  7.37284225e-01  3.50950000e-08  2.74266445e-04  3.50950000e-08  3.74328255e-04  3.50950000e-08  3.74214586e-05  3.50950000e-08  1.13172997e-04  3.50950000e-08  1.08189965e-04  3.50950000e-08  3.29827940e-04 
 3.51050000e-08  7.79401064e-01  3.51050000e-08  2.62669891e-04  3.51050000e-08  3.73120352e-04  3.51050000e-08  3.39530858e-05  3.51050000e-08  1.13048680e-04  3.51050000e-08  9.77269054e-05  3.51050000e-08  3.30449417e-04 
 3.51150000e-08  8.22902591e-01  3.51150000e-08  2.50009584e-04  3.51150000e-08  3.71864429e-04  3.51150000e-08  3.05578827e-05  3.51150000e-08  1.12934077e-04  3.51150000e-08  8.76027045e-05  3.51150000e-08  3.31070731e-04 
 3.51250000e-08  8.67818644e-01  3.51250000e-08  2.36388951e-04  3.51250000e-08  3.70523083e-04  3.51250000e-08  2.72717977e-05  3.51250000e-08  1.12804729e-04  3.51250000e-08  7.78846214e-05  3.51250000e-08  3.31697478e-04 
 3.51350000e-08  9.14156104e-01  3.51350000e-08  2.22032685e-04  3.51350000e-08  3.69039488e-04  3.51350000e-08  2.41502753e-05  3.51350000e-08  1.12619100e-04  3.51350000e-08  6.86749079e-05  3.51350000e-08  3.32324925e-04 
 3.51450000e-08  9.61815950e-01  3.51450000e-08  2.06628647e-04  3.51450000e-08  3.67525953e-04  3.51450000e-08  2.11345076e-05  3.51450000e-08  1.12479503e-04  3.51450000e-08  5.99269603e-05  3.51450000e-08  3.32955358e-04 
 3.51550000e-08  1.01082429e+00  3.51550000e-08  1.90019976e-04  3.51550000e-08  3.66008947e-04  3.51550000e-08  1.82151223e-05  3.51550000e-08  1.12423605e-04  3.51550000e-08  5.15962605e-05  3.51550000e-08  3.33591491e-04 
 3.51650000e-08  1.06129385e+00  3.51650000e-08  1.72576737e-04  3.51650000e-08  3.64366821e-04  3.51650000e-08  1.54696820e-05  3.51650000e-08  1.12366711e-04  3.51650000e-08  4.37611237e-05  3.51650000e-08  3.34227774e-04 
 3.51750000e-08  1.11341649e+00  3.51750000e-08  1.54695275e-04  3.51750000e-08  3.62509225e-04  3.51750000e-08  1.29530936e-05  3.51750000e-08  1.12253421e-04  3.51750000e-08  3.65190971e-05  3.51750000e-08  3.34852802e-04 
 3.51850000e-08  1.16687590e+00  3.51850000e-08  1.36022774e-04  3.51850000e-08  3.60560775e-04  3.51850000e-08  1.06090428e-05  3.51850000e-08  1.12215867e-04  3.51850000e-08  2.97811799e-05  3.51850000e-08  3.35470149e-04 
 3.51950000e-08  1.22192026e+00  3.51950000e-08  1.18452981e-04  3.51950000e-08  3.58070432e-04  3.51950000e-08  8.63851603e-06  3.51950000e-08  1.11890048e-04  3.51950000e-08  2.38849235e-05  3.51950000e-08  3.36060021e-04 
 3.52050000e-08  1.27839738e+00  3.52050000e-08  1.02919377e-04  3.52050000e-08  3.54934348e-04  3.52050000e-08  7.06792926e-06  3.52050000e-08  1.11204559e-04  3.52050000e-08  1.90026200e-05  3.52050000e-08  3.36600747e-04 
 3.52150000e-08  1.33604765e+00  3.52150000e-08  8.88370452e-05  3.52150000e-08  3.51382876e-04  3.52150000e-08  5.77187564e-06  3.52150000e-08  1.10418863e-04  3.52150000e-08  1.49608202e-05  3.52150000e-08  3.37082943e-04 
 3.52250000e-08  1.39429043e+00  3.52250000e-08  7.56240764e-05  3.52250000e-08  3.47479019e-04  3.52250000e-08  4.65844940e-06  3.52250000e-08  1.09708226e-04  3.52250000e-08  1.15337806e-05  3.52250000e-08  3.37545310e-04 
 3.52350000e-08  1.45300100e+00  3.52350000e-08  6.29771240e-05  3.52350000e-08  3.42970236e-04  3.52350000e-08  3.67990863e-06  3.52350000e-08  1.09152039e-04  3.52350000e-08  8.55232936e-06  3.52350000e-08  3.37986032e-04 
 3.52450000e-08  1.51206452e+00  3.52450000e-08  5.07821516e-05  3.52450000e-08  3.36860526e-04  3.52450000e-08  2.81274969e-06  3.52450000e-08  1.08739254e-04  3.52450000e-08  5.88709230e-06  3.52450000e-08  3.38409492e-04 
 3.52550000e-08  1.57122404e+00  3.52550000e-08  3.93177268e-05  3.52550000e-08  3.25727932e-04  3.52550000e-08  2.06313226e-06  3.52550000e-08  1.08233651e-04  3.52550000e-08  3.49679305e-06  3.52550000e-08  3.38817970e-04 
 3.52650000e-08  1.62968800e+00  3.52650000e-08  2.91235733e-05  3.52650000e-08  3.02526152e-04  3.52650000e-08  1.44885018e-06  3.52650000e-08  1.06945934e-04  3.52650000e-08  1.41985412e-06  3.52650000e-08  3.39207796e-04 
 3.52750000e-08  1.68569984e+00  3.52750000e-08  2.07088320e-05  3.52750000e-08  2.67527620e-04  3.52750000e-08  9.79327116e-07  3.52750000e-08  1.03945866e-04  3.52750000e-08  3.11748959e-07  3.52750000e-08  3.39568496e-04 
 3.52850000e-08  1.73715161e+00  3.52850000e-08  1.42647071e-05  3.52850000e-08  2.30602267e-04  3.52850000e-08  6.44097159e-07  3.52850000e-08  9.92082876e-05  3.52850000e-08  1.73407501e-06  3.52850000e-08  3.39883911e-04 
 3.52950000e-08  1.78310206e+00  3.52950000e-08  9.52346123e-06  3.52950000e-08  1.97396647e-04  3.52950000e-08  4.12480300e-07  3.52950000e-08  9.36277721e-05  3.52950000e-08  2.65924756e-06  3.52950000e-08  3.40132319e-04 
 3.53050000e-08  1.82395878e+00  3.53050000e-08  6.18170330e-06  3.53050000e-08  1.69313141e-04  3.53050000e-08  2.58137694e-07  3.53050000e-08  8.81141479e-05  3.53050000e-08  3.23170884e-06  3.53050000e-08  3.40294881e-04 
 3.53150000e-08  1.86064722e+00  3.53150000e-08  3.91260852e-06  3.53150000e-08  1.46231957e-04  3.53150000e-08  1.58366474e-07  3.53150000e-08  8.31997982e-05  3.53150000e-08  3.55831930e-06  3.53150000e-08  3.40363723e-04 
 3.53250000e-08  1.89412238e+00  3.53250000e-08  2.42475786e-06  3.53250000e-08  1.27518606e-04  3.53250000e-08  9.56378117e-08  3.53250000e-08  7.90849048e-05  3.53250000e-08  3.71343061e-06  3.53250000e-08  3.40341005e-04 
 3.53350000e-08  1.92522629e+00  3.53350000e-08  1.47963829e-06  3.53350000e-08  1.12392964e-04  3.53350000e-08  5.71550115e-08  3.53350000e-08  7.57636509e-05  3.53350000e-08  3.74888326e-06  3.53350000e-08  3.40234087e-04 
 3.53450000e-08  1.95466426e+00  3.53450000e-08  8.94980327e-07  3.53450000e-08  1.00096881e-04  3.53450000e-08  3.40076052e-08  3.53450000e-08  7.31241021e-05  3.53450000e-08  3.70235562e-06  3.53450000e-08  3.40051664e-04 
 3.53550000e-08  1.98302069e+00  3.53550000e-08  5.40416432e-07  3.53550000e-08  8.99697271e-05  3.53550000e-08  2.02757030e-08  3.53550000e-08  7.10110992e-05  3.53550000e-08  3.60183636e-06  3.53550000e-08  3.39801504e-04 
 3.53650000e-08  2.01078920e+00  3.53650000e-08  3.28071708e-07  3.53650000e-08  8.14702416e-05  3.53650000e-08  1.21901423e-08  3.53650000e-08  6.92607628e-05  3.53650000e-08  3.46817508e-06  3.53650000e-08  3.39489304e-04 
 3.53750000e-08  2.03839850e+00  3.53750000e-08  2.01564563e-07  3.53750000e-08  7.41733669e-05  3.53750000e-08  7.43478633e-09  3.53750000e-08  6.77192684e-05  3.53750000e-08  3.31688298e-06  3.53750000e-08  3.39118046e-04 
 3.53850000e-08  2.06619751e+00  3.53850000e-08  1.26053957e-07  3.53850000e-08  6.77730364e-05  3.53850000e-08  4.62385465e-09  3.53850000e-08  6.62676313e-05  3.53850000e-08  3.15836330e-06  3.53850000e-08  3.38686705e-04 
 3.53950000e-08  2.09434989e+00  3.53950000e-08  8.05687363e-08  3.53950000e-08  6.21123680e-05  3.53950000e-08  2.94299993e-09  3.53950000e-08  6.48763195e-05  3.53950000e-08  3.00013322e-06  3.53950000e-08  3.38192662e-04 
 3.54050000e-08  2.12278565e+00  3.54050000e-08  5.27342133e-08  3.54050000e-08  5.71595663e-05  3.54050000e-08  1.92009012e-09  3.54050000e-08  6.36171875e-05  3.54050000e-08  2.84539176e-06  3.54050000e-08  3.37634367e-04 
 3.54150000e-08  2.15134683e+00  3.54150000e-08  3.53633001e-08  3.54150000e-08  5.28891309e-05  3.54150000e-08  1.28440668e-09  3.54150000e-08  6.25656871e-05  3.54150000e-08  2.69414596e-06  3.54150000e-08  3.37017945e-04 
 3.54250000e-08  2.17992804e+00  3.54250000e-08  2.42951214e-08  3.54250000e-08  4.92204732e-05  3.54250000e-08  8.80688064e-10  3.54250000e-08  6.17309583e-05  3.54250000e-08  2.54524648e-06  3.54250000e-08  3.36354701e-04 
 3.54350000e-08  2.20848936e+00  3.54350000e-08  1.70949952e-08  3.54350000e-08  4.60463109e-05  3.54350000e-08  6.18726491e-10  3.54350000e-08  6.10749883e-05  3.54350000e-08  2.39739321e-06  3.54350000e-08  3.35654603e-04 
 3.54450000e-08  2.23701490e+00  3.54450000e-08  1.23138845e-08  3.54450000e-08  4.32716669e-05  3.54450000e-08  4.45125144e-10  3.54450000e-08  6.05547564e-05  3.54450000e-08  2.24874024e-06  3.54450000e-08  3.34924036e-04 
 3.54550000e-08  2.26548902e+00  3.54550000e-08  9.07418415e-09  3.54550000e-08  4.08240680e-05  3.54550000e-08  3.27681059e-10  3.54550000e-08  6.01384168e-05  3.54550000e-08  2.09617648e-06  3.54550000e-08  3.34167819e-04 
 3.54650000e-08  2.29389172e+00  3.54650000e-08  6.83527182e-09  3.54650000e-08  3.86489997e-05  3.54650000e-08  2.46622400e-10  3.54650000e-08  5.98041973e-05  3.54650000e-08  1.93453199e-06  3.54650000e-08  3.33392480e-04 
 3.54750000e-08  2.32220164e+00  3.54750000e-08  5.25842208e-09  3.54750000e-08  3.67038673e-05  3.54750000e-08  1.89593822e-10  3.54750000e-08  5.95360421e-05  3.54750000e-08  1.75697415e-06  3.54750000e-08  3.32607881e-04 
 3.54850000e-08  2.35040325e+00  3.54850000e-08  4.12778022e-09  3.54850000e-08  3.49531718e-05  3.54850000e-08  1.48738532e-10  3.54850000e-08  5.93195747e-05  3.54850000e-08  1.55813375e-06  3.54850000e-08  3.31825493e-04 
 3.54950000e-08  2.37849648e+00  3.54950000e-08  3.30349258e-09  3.54950000e-08  3.33646022e-05  3.54950000e-08  1.18974883e-10  3.54950000e-08  5.91379735e-05  3.54950000e-08  1.33839542e-06  3.54950000e-08  3.31054436e-04 
 3.55050000e-08  2.40649781e+00  3.55050000e-08  2.69328644e-09  3.55050000e-08  3.19092561e-05  3.55050000e-08  9.69548899e-11  3.55050000e-08  5.89733944e-05  3.55050000e-08  1.10531683e-06  3.55050000e-08  3.30298273e-04 
 3.55150000e-08  2.43442609e+00  3.55150000e-08  2.23483520e-09  3.55150000e-08  3.05665085e-05  3.55150000e-08  8.04198223e-11  3.55150000e-08  5.88166598e-05  3.55150000e-08  8.68103001e-07  3.55150000e-08  3.29553842e-04 
 3.55250000e-08  2.46228489e+00  3.55250000e-08  1.88566286e-09  3.55250000e-08  2.93254597e-05  3.55250000e-08  6.78319172e-11  3.55250000e-08  5.86722306e-05  3.55250000e-08  6.45060260e-07  3.55250000e-08  3.28812398e-04 
 3.55350000e-08  2.49007260e+00  3.55350000e-08  1.61568377e-09  3.55350000e-08  2.81786861e-05  3.55350000e-08  5.81028144e-11  3.55350000e-08  5.85480455e-05  3.55350000e-08  4.36349891e-07  3.55350000e-08  3.28057642e-04 
 3.55450000e-08  2.51778533e+00  3.55450000e-08  1.40426615e-09  3.55450000e-08  2.71172551e-05  3.55450000e-08  5.04866968e-11  3.55450000e-08  5.84463014e-05  3.55450000e-08  2.49090016e-07  3.55450000e-08  3.27267326e-04 
 3.55550000e-08  2.54540728e+00  3.55550000e-08  1.23638993e-09  3.55550000e-08  2.61318804e-05  3.55550000e-08  4.44410211e-11  3.55550000e-08  5.83658091e-05  3.55550000e-08  9.60882827e-08  3.55550000e-08  3.26415213e-04 
 3.55650000e-08  2.57293188e+00  3.55650000e-08  1.10180365e-09  3.55650000e-08  2.52143897e-05  3.55650000e-08  3.95955792e-11  3.55650000e-08  5.83044131e-05  3.55650000e-08  1.81446025e-08  3.55650000e-08  3.25458741e-04 
 3.55750000e-08  2.60035760e+00  3.55750000e-08  9.91824938e-10  3.55750000e-08  2.43539511e-05  3.55750000e-08  3.56369255e-11  3.55750000e-08  5.82510356e-05  3.55750000e-08  1.26213395e-07  3.55750000e-08  3.24337190e-04 
 3.55850000e-08  2.62763247e+00  3.55850000e-08  9.02121453e-10  3.55850000e-08  2.35623337e-05  3.55850000e-08  3.24087111e-11  3.55850000e-08  5.82443286e-05  3.55850000e-08  2.19244183e-07  3.55850000e-08  3.22953883e-04 
 3.55950000e-08  2.65459864e+00  3.55950000e-08  8.27559634e-10  3.55950000e-08  2.28569707e-05  3.55950000e-08  2.97259584e-11  3.55950000e-08  5.83394065e-05  3.55950000e-08  2.81244456e-07  3.55950000e-08  3.21190146e-04 
 3.56050000e-08  2.68068823e+00  3.56050000e-08  7.62337807e-10  3.56050000e-08  2.23598228e-05  3.56050000e-08  2.73798151e-11  3.56050000e-08  5.88597352e-05  3.56050000e-08  2.95711106e-07  3.56050000e-08  3.18888002e-04 
 3.56150000e-08  2.70527085e+00  3.56150000e-08  7.01918748e-10  3.56150000e-08  2.21318923e-05  3.56150000e-08  2.52070092e-11  3.56150000e-08  5.99935282e-05  3.56150000e-08  2.49848325e-07  3.56150000e-08  3.15868892e-04 
 3.56250000e-08  2.72844995e+00  3.56250000e-08  6.45555216e-10  3.56250000e-08  2.19736043e-05  3.56250000e-08  2.31805728e-11  3.56250000e-08  6.12364610e-05  3.56250000e-08  1.38182214e-07  3.56250000e-08  3.11969964e-04 
 3.56350000e-08  2.75070329e+00  3.56350000e-08  5.94047831e-10  3.56350000e-08  2.16901809e-05  3.56350000e-08  2.13291523e-11  3.56350000e-08  6.20550292e-05  3.56350000e-08  3.17312314e-08  3.56350000e-08  3.07045161e-04 
 3.56450000e-08  2.77235512e+00  3.56450000e-08  5.47921451e-10  3.56450000e-08  2.12465723e-05  3.56450000e-08  1.96714846e-11  3.56450000e-08  6.23314500e-05  3.56450000e-08  2.50045868e-07  3.56450000e-08  3.00971573e-04 
 3.56550000e-08  2.79354286e+00  3.56550000e-08  5.06333010e-10  3.56550000e-08  2.06818098e-05  3.56550000e-08  1.81770309e-11  3.56550000e-08  6.21572269e-05  3.56550000e-08  4.57325355e-07  3.56550000e-08  2.93701216e-04 
 3.56650000e-08  2.81428761e+00  3.56650000e-08  4.69003566e-10  3.56650000e-08  2.00432585e-05  3.56650000e-08  1.68356986e-11  3.56650000e-08  6.16559738e-05  3.56650000e-08  6.38824875e-07  3.56650000e-08  2.85312702e-04 
 3.56750000e-08  2.83456534e+00  3.56750000e-08  4.35628980e-10  3.56750000e-08  1.93624421e-05  3.56750000e-08  1.56365269e-11  3.56750000e-08  6.09118771e-05  3.56750000e-08  7.89909222e-07  3.56750000e-08  2.76011521e-04 
 3.56850000e-08  2.85432328e+00  3.56850000e-08  4.05905962e-10  3.56850000e-08  1.86615899e-05  3.56850000e-08  1.45686065e-11  3.56850000e-08  5.99864671e-05  3.56850000e-08  9.13343883e-07  3.56850000e-08  2.66076144e-04 
 3.56950000e-08  2.87349277e+00  3.56950000e-08  3.79572383e-10  3.56950000e-08  1.79585455e-05  3.56950000e-08  1.36225157e-11  3.56950000e-08  5.89323897e-05  3.56950000e-08  1.01630624e-06  3.56950000e-08  2.55791731e-04 
 3.57050000e-08  2.89199668e+00  3.57050000e-08  3.56432921e-10  3.57050000e-08  1.72705007e-05  3.57050000e-08  1.27912350e-11  3.57050000e-08  5.78048432e-05  3.57050000e-08  1.10776567e-06  3.57050000e-08  2.45404391e-04 
 3.57150000e-08  2.90976520e+00  3.57150000e-08  3.36377316e-10  3.57150000e-08  1.66110183e-05  3.57150000e-08  1.20708029e-11  3.57150000e-08  5.66516038e-05  3.57150000e-08  1.19928566e-06  3.57150000e-08  2.35106253e-04 
 3.57250000e-08  2.92677964e+00  3.57250000e-08  3.19237502e-10  3.57250000e-08  1.59776198e-05  3.57250000e-08  1.14551800e-11  3.57250000e-08  5.54704085e-05  3.57250000e-08  1.30305443e-06  3.57250000e-08  2.25036374e-04 
 3.57350000e-08  2.94308361e+00  3.57350000e-08  3.04404232e-10  3.57350000e-08  1.53536130e-05  3.57350000e-08  1.09224502e-11  3.57350000e-08  5.42117452e-05  3.57350000e-08  1.41173710e-06  3.57350000e-08  2.15281217e-04 
 3.57450000e-08  2.95871763e+00  3.57450000e-08  2.90799033e-10  3.57450000e-08  1.47317990e-05  3.57450000e-08  1.04338131e-11  3.57450000e-08  5.28580299e-05  3.57450000e-08  1.49033520e-06  3.57450000e-08  2.05882015e-04 
 3.57550000e-08  2.97368683e+00  3.57550000e-08  2.77306672e-10  3.57550000e-08  1.41183339e-05  3.57550000e-08  9.94916582e-12  3.57550000e-08  5.14386194e-05  3.57550000e-08  1.50353627e-06  3.57550000e-08  1.96857073e-04 
 3.57650000e-08  2.98797450e+00  3.57650000e-08  2.63048418e-10  3.57650000e-08  1.35223490e-05  3.57650000e-08  9.43694324e-12  3.57650000e-08  4.99946061e-05  3.57650000e-08  1.43437254e-06  3.57650000e-08  1.88220381e-04 
 3.57750000e-08  3.00156119e+00  3.57750000e-08  2.47538007e-10  3.57750000e-08  1.29505724e-05  3.57750000e-08  8.87971373e-12  3.57750000e-08  4.85591185e-05  3.57750000e-08  1.28543033e-06  3.57750000e-08  1.79984647e-04 
 3.57850000e-08  3.01443688e+00  3.57850000e-08  2.30816342e-10  3.57850000e-08  1.24075736e-05  3.57850000e-08  8.27900269e-12  3.57850000e-08  4.71571490e-05  3.57850000e-08  1.07648786e-06  3.57850000e-08  1.72156049e-04 
 3.57950000e-08  3.02660346e+00  3.57950000e-08  2.13365347e-10  3.57950000e-08  1.18972445e-05  3.57950000e-08  7.65217470e-12  3.57950000e-08  4.58105572e-05  3.57950000e-08  8.37240410e-07  3.57950000e-08  1.64731439e-04 
 3.58050000e-08  3.03807644e+00  3.58050000e-08  1.95886412e-10  3.58050000e-08  1.14229307e-05  3.58050000e-08  7.02445339e-12  3.58050000e-08  4.45385855e-05  3.58050000e-08  5.95781035e-07  3.58050000e-08  1.57698265e-04 
 3.58150000e-08  3.04888917e+00  3.58150000e-08  1.79057384e-10  3.58150000e-08  1.09844790e-05  3.58150000e-08  6.42018826e-12  3.58150000e-08  4.33466835e-05  3.58150000e-08  3.72998501e-07  3.58150000e-08  1.51038425e-04 
 3.58250000e-08  3.05907322e+00  3.58250000e-08  1.63167503e-10  3.58250000e-08  1.05768402e-05  3.58250000e-08  5.84976452e-12  3.58250000e-08  4.22215300e-05  3.58250000e-08  1.89741120e-07  3.58250000e-08  1.44743756e-04 
 3.58350000e-08  3.06867323e+00  3.58350000e-08  1.48488466e-10  3.58350000e-08  1.01962126e-05  3.58350000e-08  5.32291843e-12  3.58350000e-08  4.11533770e-05  3.58350000e-08  5.58575938e-08  3.58350000e-08  1.38794327e-04 
 3.58450000e-08  3.07773858e+00  3.58450000e-08  1.35228377e-10  3.58450000e-08  9.83915162e-06  3.58450000e-08  4.84710015e-12  3.58450000e-08  4.01330685e-05  3.58450000e-08  1.66176628e-08  3.58450000e-08  1.33165846e-04 
 3.58550000e-08  3.08632057e+00  3.58550000e-08  1.23481720e-10  3.58550000e-08  9.50248566e-06  3.58550000e-08  4.42567667e-12  3.58550000e-08  3.91518680e-05  3.58550000e-08  2.11413647e-08  3.58550000e-08  1.27831821e-04 
 3.58650000e-08  3.09451680e+00  3.58650000e-08  1.13315076e-10  3.58650000e-08  9.17504284e-06  3.58650000e-08  4.06099149e-12  3.58650000e-08  3.81667337e-05  3.58650000e-08  9.04450599e-09  3.58650000e-08  1.22752320e-04 
 3.58750000e-08  3.10240596e+00  3.58750000e-08  1.04612537e-10  3.58750000e-08  8.84924142e-06  3.58750000e-08  3.74886493e-12  3.58750000e-08  3.71493281e-05  3.58750000e-08  6.55542833e-08  3.58750000e-08  1.17891589e-04 
 3.58850000e-08  3.11007955e+00  3.58850000e-08  9.70429124e-11  3.58850000e-08  8.51109068e-06  3.58850000e-08  3.47739211e-12  3.58850000e-08  3.60444322e-05  3.58850000e-08  1.21788347e-07  3.58850000e-08  1.13218850e-04 
 3.58950000e-08  3.11769587e+00  3.58950000e-08  9.05135688e-11  3.58950000e-08  8.13641923e-06  3.58950000e-08  3.24323497e-12  3.58950000e-08  3.47513402e-05  3.58950000e-08  1.58906612e-07  3.58950000e-08  1.08681082e-04 
 3.59050000e-08  3.12547781e+00  3.59050000e-08  8.49858395e-11  3.59050000e-08  7.69596397e-06  3.59050000e-08  3.04500262e-12  3.59050000e-08  3.31455996e-05  3.59050000e-08  1.78270716e-07  3.59050000e-08  1.04193707e-04 
 3.59150000e-08  3.13357410e+00  3.59150000e-08  8.03614582e-11  3.59150000e-08  7.17725412e-06  3.59150000e-08  2.87917301e-12  3.59150000e-08  3.11702316e-05  3.59150000e-08  1.94913926e-07  3.59150000e-08  9.96822429e-05 
 3.59250000e-08  3.14188824e+00  3.59250000e-08  7.64756484e-11  3.59250000e-08  6.63498473e-06  3.59250000e-08  2.73983396e-12  3.59250000e-08  2.90562278e-05  3.59250000e-08  2.09999563e-07  3.59250000e-08  9.50853229e-05 
 3.59350000e-08  3.15022290e+00  3.59350000e-08  7.31955358e-11  3.59350000e-08  6.12865364e-06  3.59350000e-08  2.62221552e-12  3.59350000e-08  2.70609961e-05  3.59350000e-08  2.16131814e-07  3.59350000e-08  9.04002511e-05 
 3.59450000e-08  3.15844313e+00  3.59450000e-08  7.04136051e-11  3.59450000e-08  5.67282173e-06  3.59450000e-08  2.52246006e-12  3.59450000e-08  2.52510595e-05  3.59450000e-08  2.10942109e-07  3.59450000e-08  8.56856748e-05 
 3.59550000e-08  3.16647043e+00  3.59550000e-08  6.80226637e-11  3.59550000e-08  5.26153997e-06  3.59550000e-08  2.43672310e-12  3.59550000e-08  2.36043057e-05  3.59550000e-08  1.94481527e-07  3.59550000e-08  8.10091375e-05 
 3.59650000e-08  3.17425432e+00  3.59650000e-08  6.59272918e-11  3.59650000e-08  4.88627071e-06  3.59650000e-08  2.36158356e-12  3.59650000e-08  2.20869043e-05  3.59650000e-08  1.69077851e-07  3.59650000e-08  7.64248246e-05 
 3.59750000e-08  3.18175954e+00  3.59750000e-08  6.40469355e-11  3.59750000e-08  4.54058021e-06  3.59750000e-08  2.29415405e-12  3.59750000e-08  2.06738500e-05  3.59750000e-08  1.38413711e-07  3.59750000e-08  7.19714211e-05 
 3.59850000e-08  3.18896102e+00  3.59850000e-08  6.23130965e-11  3.59850000e-08  4.22025828e-06  3.59850000e-08  2.23197973e-12  3.59850000e-08  1.93496581e-05  3.59850000e-08  1.06470302e-07  3.59850000e-08  6.76753765e-05 
 3.59950000e-08  3.19584012e+00  3.59950000e-08  6.06578886e-11  3.59950000e-08  3.92266597e-06  3.59950000e-08  2.17262789e-12  3.59950000e-08  1.81056439e-05  3.59950000e-08  7.72586363e-08  3.59950000e-08  6.35550516e-05 
 3.60050000e-08  3.20238250e+00  3.60050000e-08  5.90064951e-11  3.60050000e-08  3.64609982e-06  3.60050000e-08  2.11341730e-12  3.60050000e-08  1.69371612e-05  3.60050000e-08  5.38833663e-08  3.60050000e-08  5.96236553e-05 
 3.60150000e-08  3.20858039e+00  3.60150000e-08  5.72956616e-11  3.60150000e-08  3.38914398e-06  3.60150000e-08  2.05208089e-12  3.60150000e-08  1.58405742e-05  3.60150000e-08  3.77002590e-08  3.60150000e-08  5.58893145e-05 
 3.60250000e-08  3.21443732e+00  3.60250000e-08  5.55169774e-11  3.60250000e-08  3.15020296e-06  3.60250000e-08  1.98831781e-12  3.60250000e-08  1.48109224e-05  3.60250000e-08  3.08340167e-08  3.60250000e-08  5.23529208e-05 
 3.60350000e-08  3.21994932e+00  3.60350000e-08  5.35991214e-11  3.60350000e-08  2.92865861e-06  3.60350000e-08  1.91957210e-12  3.60350000e-08  1.38478641e-05  3.60350000e-08  3.45306159e-08  3.60350000e-08  4.90181637e-05 
 3.60450000e-08  3.22511344e+00  3.60450000e-08  5.14654830e-11  3.60450000e-08  2.72374773e-06  3.60450000e-08  1.84309894e-12  3.60450000e-08  1.29502244e-05  3.60450000e-08  5.15799416e-08  3.60450000e-08  4.58884806e-05 
 3.60550000e-08  3.22992417e+00  3.60550000e-08  4.90189496e-11  3.60550000e-08  2.53490761e-06  3.60550000e-08  1.75541912e-12  3.60550000e-08  1.21176881e-05  3.60550000e-08  8.51328322e-08  3.60550000e-08  4.29686617e-05 
 3.60650000e-08  3.23437271e+00  3.60650000e-08  4.61564148e-11  3.60650000e-08  2.36204894e-06  3.60650000e-08  1.65283923e-12  3.60650000e-08  1.13520988e-05  3.60650000e-08  1.38681741e-07  3.60650000e-08  4.02646656e-05 
 3.60750000e-08  3.23844862e+00  3.60750000e-08  4.28120938e-11  3.60750000e-08  2.20601269e-06  3.60750000e-08  1.53300369e-12  3.60750000e-08  1.06595786e-05  3.60750000e-08  2.14261761e-07  3.60750000e-08  3.77813600e-05 
 3.60850000e-08  3.24215985e+00  3.60850000e-08  3.90685058e-11  3.60850000e-08  2.06679710e-06  3.60850000e-08  1.39887012e-12  3.60850000e-08  1.00415851e-05  3.60850000e-08  3.04103082e-07  3.60850000e-08  3.55129874e-05 
 3.60950000e-08  3.24553481e+00  3.60950000e-08  3.51365194e-11  3.60950000e-08  1.94229037e-06  3.60950000e-08  1.25799485e-12  3.60950000e-08  9.48870984e-06  3.60950000e-08  3.97160777e-07  3.60950000e-08  3.34447715e-05 
 3.61050000e-08  3.24861578e+00  3.61050000e-08  3.12539733e-11  3.61050000e-08  1.82895594e-06  3.61050000e-08  1.11898016e-12  3.61050000e-08  8.98411766e-06  3.61050000e-08  4.82722285e-07  3.61050000e-08  3.15558801e-05 
 3.61150000e-08  3.25144895e+00  3.61150000e-08  2.76160166e-11  3.61150000e-08  1.72393544e-06  3.61150000e-08  9.88727449e-13  3.61150000e-08  8.51400969e-06  3.61150000e-08  5.53322034e-07  3.61150000e-08  2.98210634e-05 
 3.61250000e-08  3.25408504e+00  3.61250000e-08  2.43590616e-11  3.61250000e-08  1.62491583e-06  3.61250000e-08  8.72114350e-13  3.61250000e-08  8.06704883e-06  3.61250000e-08  6.02409691e-07  3.61250000e-08  2.82106187e-05 
 3.61350000e-08  3.25658734e+00  3.61350000e-08  2.15891143e-11  3.61350000e-08  1.52888873e-06  3.61350000e-08  7.72936177e-13  3.61350000e-08  7.62809647e-06  3.61350000e-08  6.21046523e-07  3.61350000e-08  2.66878735e-05 
 3.61450000e-08  3.25904131e+00  3.61450000e-08  1.94099394e-11  3.61450000e-08  1.43125767e-06  3.61450000e-08  6.94907423e-13  3.61450000e-08  7.17353291e-06  3.61450000e-08  5.95099474e-07  3.61450000e-08  2.52047790e-05 
 3.61550000e-08  3.26155387e+00  3.61550000e-08  1.79340468e-11  3.61550000e-08  1.32637867e-06  3.61550000e-08  6.42055092e-13  3.61550000e-08  6.67392985e-06  3.61550000e-08  5.06341924e-07  3.61550000e-08  2.37009233e-05 
 3.61650000e-08  3.26423214e+00  3.61650000e-08  1.72790078e-11  3.61650000e-08  1.20974870e-06  3.61650000e-08  6.18586979e-13  3.61650000e-08  6.10554881e-06  3.61650000e-08  3.40182310e-07  3.61650000e-08  2.21126949e-05 
 3.61750000e-08  3.26715371e+00  3.61750000e-08  1.75812216e-11  3.61750000e-08  1.07988901e-06  3.61750000e-08  6.29384476e-13  3.61750000e-08  5.46068149e-06  3.61750000e-08  9.47380643e-08  3.61750000e-08  2.03891009e-05 
 3.61850000e-08  3.27035154e+00  3.61850000e-08  1.90675258e-11  3.61850000e-08  9.38215123e-07  3.61850000e-08  6.82568492e-13  3.61850000e-08  4.74753848e-06  3.61850000e-08  1.91387472e-07  3.61850000e-08  1.85026807e-05 
 3.61950000e-08  3.27381787e+00  3.61950000e-08  2.21070302e-11  3.61950000e-08  7.87646872e-07  3.61950000e-08  7.91348238e-13  3.61950000e-08  3.98315358e-06  3.61950000e-08  5.16626421e-07  3.61950000e-08  1.64505187e-05 
 3.62050000e-08  3.27750378e+00  3.62050000e-08  2.73450867e-11  3.62050000e-08  6.32383604e-07  3.62050000e-08  9.78821961e-13  3.62050000e-08  3.19186099e-06  3.62050000e-08  8.67418840e-07  3.62050000e-08  1.42552184e-05 
 3.62150000e-08  3.28137731e+00  3.62150000e-08  3.60351068e-11  3.62150000e-08  4.73285778e-07  3.62150000e-08  1.28986958e-12  3.62150000e-08  2.38120823e-06  3.62150000e-08  1.23187596e-06  3.62150000e-08  1.19363089e-05 
 3.62250000e-08  3.28539200e+00  3.62250000e-08  5.04165305e-11  3.62250000e-08  3.12329713e-07  3.62250000e-08  1.80502468e-12  3.62250000e-08  1.56443923e-06  3.62250000e-08  1.59193198e-06  3.62250000e-08  9.52062346e-06 
 3.62350000e-08  3.28946001e+00  3.62350000e-08  7.42658094e-11  3.62350000e-08  1.53956151e-07  3.62350000e-08  2.65957815e-12  3.62350000e-08  7.66886245e-07  3.62350000e-08  1.92483403e-06  3.62350000e-08  7.05789743e-06 
 3.62450000e-08  3.29353567e+00  3.62450000e-08  1.14534069e-10  3.62450000e-08  1.70567172e-09  3.62450000e-08  4.10295913e-12  3.62450000e-08  8.44055319e-09  3.62450000e-08  2.22246071e-06  3.62450000e-08  4.57958927e-06 
 3.62550000e-08  3.29761149e+00  3.62550000e-08  1.83793878e-10  3.62550000e-08  1.55808875e-07  3.62550000e-08  6.58656358e-12  3.62550000e-08  7.65250063e-07  3.62550000e-08  2.48937956e-06  3.62550000e-08  2.09358882e-06 
 3.62650000e-08  3.30172252e+00  3.62650000e-08  3.06017580e-10  3.62650000e-08  3.01964222e-07  3.62650000e-08  1.09716042e-11  3.62650000e-08  1.47077577e-06  3.62650000e-08  2.74155829e-06  3.62650000e-08  4.41631929e-07 
 3.62750000e-08  3.30599508e+00  3.62750000e-08  5.29495310e-10  3.62750000e-08  3.68780519e-07  3.62750000e-08  1.89942834e-11  3.62750000e-08  1.78022572e-06  3.62750000e-08  2.96311857e-06  3.62750000e-08  3.29036626e-06 
 3.62850000e-08  3.31025609e+00  3.62850000e-08  9.45248091e-10  3.62850000e-08  5.05399436e-07  3.62850000e-08  3.39309668e-11  3.62850000e-08  2.41592631e-06  3.62850000e-08  3.12999348e-06  3.62850000e-08  5.94548038e-06 
 3.62950000e-08  3.31427205e+00  3.62950000e-08  1.72400851e-09  3.62950000e-08  6.30989301e-07  3.62950000e-08  6.19364897e-11  3.62950000e-08  2.98472732e-06  3.62950000e-08  3.22046102e-06  3.62950000e-08  8.45179558e-06 
 3.63050000e-08  3.31791102e+00  3.63050000e-08  3.15289028e-09  3.63050000e-08  7.44585217e-07  3.63050000e-08  1.13384248e-10  3.63050000e-08  3.48387807e-06  3.63050000e-08  3.20776438e-06  3.63050000e-08  1.07212421e-05 
 3.63150000e-08  3.32107799e+00  3.63150000e-08  5.68180282e-09  3.63150000e-08  8.48745015e-07  3.63150000e-08  2.04577301e-10  3.63150000e-08  3.92785319e-06  3.63150000e-08  3.09647134e-06  3.63150000e-08  1.26831522e-05 
 3.63250000e-08  3.32375297e+00  3.63250000e-08  9.99601779e-09  3.63250000e-08  9.44211681e-07  3.63250000e-08  3.60436858e-10  3.63250000e-08  4.32229107e-06  3.63250000e-08  2.91969846e-06  3.63250000e-08  1.43236193e-05 
 3.63350000e-08  3.32598394e+00  3.63350000e-08  1.71476228e-08  3.63350000e-08  1.03135200e-06  3.63350000e-08  6.19383859e-10  3.63350000e-08  4.67059901e-06  3.63350000e-08  2.71870667e-06  3.63350000e-08  1.56764532e-05 
 3.63450000e-08  3.32785932e+00  3.63450000e-08  2.88061202e-08  3.63450000e-08  1.11131014e-06  3.63450000e-08  1.04267411e-09  3.63450000e-08  4.97914453e-06  3.63450000e-08  2.52873417e-06  3.63450000e-08  1.68011162e-05 
 3.63550000e-08  3.32948794e+00  3.63550000e-08  4.77456546e-08  3.63550000e-08  1.18683751e-06  3.63550000e-08  1.73264329e-09  3.63550000e-08  5.26079907e-06  3.63550000e-08  2.37454145e-06  3.63550000e-08  1.77670164e-05 
 3.63650000e-08  3.33098666e+00  3.63650000e-08  7.88239308e-08  3.63650000e-08  1.26205482e-06  3.63650000e-08  2.86963794e-09  3.63650000e-08  5.53354158e-06  3.63650000e-08  2.27338767e-06  3.63650000e-08  1.86457654e-05 
 3.63750000e-08  3.33248008e+00  3.63750000e-08  1.31067404e-07  3.63750000e-08  1.34249959e-06  3.63750000e-08  4.79145125e-09  3.63750000e-08  5.82028636e-06  3.63750000e-08  2.23943476e-06  3.63750000e-08  1.95110565e-05 
 3.63850000e-08  3.33410760e+00  3.63850000e-08  2.22428152e-07  3.63850000e-08  1.43546510e-06  3.63850000e-08  8.17692198e-09  3.63850000e-08  6.14978843e-06  3.63850000e-08  2.28897347e-06  3.63850000e-08  2.04430241e-05 
 3.63950000e-08  3.33603346e+00  3.63950000e-08  3.91404787e-07  3.63950000e-08  1.55056121e-06  3.63950000e-08  1.45029478e-08  3.63950000e-08  6.55815220e-06  3.63950000e-08  2.44562106e-06  3.63950000e-08  2.15340654e-05 
 3.64050000e-08  3.33843884e+00  3.64050000e-08  7.26331920e-07  3.64050000e-08  1.69917038e-06  3.64050000e-08  2.72318288e-08  3.64050000e-08  7.08538979e-06  3.64050000e-08  2.74145494e-06  3.64050000e-08  2.28848779e-05 
 3.64150000e-08  3.34145006e+00  3.64150000e-08  1.43495679e-06  3.64150000e-08  1.88953079e-06  3.64150000e-08  5.47942359e-08  3.64150000e-08  7.75464298e-06  3.64150000e-08  3.20665790e-06  3.64150000e-08  2.45661078e-05 
 3.64250000e-08  3.34504298e+00  3.64250000e-08  2.98953548e-06  3.64250000e-08  2.12012154e-06  3.64250000e-08  1.17506249e-07  3.64250000e-08  8.54724690e-06  3.64250000e-08  3.86559113e-06  3.64250000e-08  2.65669308e-05 
 3.64350000e-08  3.34905736e+00  3.64350000e-08  6.37945263e-06  3.64350000e-08  2.37998467e-06  3.64350000e-08  2.62244940e-07  3.64350000e-08  9.40798563e-06  3.64350000e-08  4.75958141e-06  3.64350000e-08  2.88036486e-05 
 3.64450000e-08  3.35327189e+00  3.64450000e-08  1.34034465e-05  3.64450000e-08  2.65082553e-06  3.64450000e-08  5.88667166e-07  3.64450000e-08  1.02568878e-05  3.64450000e-08  5.97168280e-06  3.64450000e-08  3.11660020e-05 
 3.64550000e-08  3.35743177e+00  3.64550000e-08  2.66417368e-05  3.64550000e-08  2.90386272e-06  3.64550000e-08  1.28130688e-06  3.64550000e-08  1.09803805e-05  3.64550000e-08  7.65820359e-06  3.64550000e-08  3.35419252e-05 
 3.64650000e-08  3.36122442e+00  3.64650000e-08  4.85053753e-05  3.64650000e-08  3.09372084e-06  3.64650000e-08  2.61625767e-06  3.64650000e-08  1.14137542e-05  3.64650000e-08  1.00846464e-05  3.64650000e-08  3.58119553e-05 
 3.64750000e-08  3.36426517e+00  3.64750000e-08  7.94126262e-05  3.64750000e-08  3.15846463e-06  3.64750000e-08  4.89352002e-06  3.64750000e-08  1.13499290e-05  3.64750000e-08  1.36258682e-05  3.64750000e-08  3.78365168e-05 
 3.64850000e-08  3.36613705e+00  3.64850000e-08  1.16788175e-04  3.64850000e-08  3.03226030e-06  3.64850000e-08  8.29874660e-06  3.64850000e-08  1.05938019e-05  3.64850000e-08  1.86904423e-05  3.64850000e-08  3.94541857e-05 
 3.64950000e-08  3.36647660e+00  3.64950000e-08  1.56390551e-04  3.64950000e-08  2.66543258e-06  3.64950000e-08  1.28021084e-05  3.64950000e-08  9.03545143e-06  3.64950000e-08  2.55895632e-05  3.64950000e-08  4.04984779e-05 
 3.65050000e-08  3.36505038e+00  3.65050000e-08  1.94517090e-04  3.65050000e-08  2.03692894e-06  3.65050000e-08  1.81869928e-05  3.65050000e-08  6.68550920e-06  3.65050000e-08  3.44352074e-05  3.65050000e-08  4.08267122e-05 
 3.65150000e-08  3.36176702e+00  3.65150000e-08  2.29012344e-04  3.65150000e-08  1.15026584e-06  3.65150000e-08  2.41557951e-05  3.65150000e-08  3.64758403e-06  3.65150000e-08  4.51268768e-05  3.65150000e-08  4.03395441e-05 
 3.65250000e-08  3.35666356e+00  3.65250000e-08  2.59158291e-04  3.65250000e-08  2.35116061e-08  3.65250000e-08  3.04347280e-05  3.65250000e-08  7.18848726e-08  3.65250000e-08  5.74044632e-05  3.65250000e-08  3.89944093e-05 
 3.65350000e-08  3.35010365e+00  3.65350000e-08  2.85113660e-04  3.65350000e-08  1.30261772e-06  3.65350000e-08  3.68238556e-05  3.65350000e-08  3.83426422e-06  3.65350000e-08  7.09969241e-05  3.65350000e-08  3.69313416e-05 
 3.65450000e-08  3.34203876e+00  3.65450000e-08  3.07417999e-04  3.65450000e-08  2.83005661e-06  3.65450000e-08  4.32020791e-05  3.65450000e-08  8.00532129e-06  3.65450000e-08  8.56376538e-05  3.65450000e-08  3.40934270e-05 
 3.65550000e-08  3.33264230e+00  3.65550000e-08  3.26640456e-04  3.65550000e-08  4.54893946e-06  3.65550000e-08  4.94904939e-05  3.65550000e-08  1.23437131e-05  3.65550000e-08  1.01121165e-04  3.65550000e-08  3.05496895e-05 
 3.65650000e-08  3.32208181e+00  3.65650000e-08  3.43268405e-04  3.65650000e-08  6.45553997e-06  3.65650000e-08  5.56295928e-05  3.65650000e-08  1.67756454e-05  3.65650000e-08  1.17309284e-04  3.65650000e-08  2.63771561e-05 
 3.65750000e-08  3.31051149e+00  3.65750000e-08  3.57691358e-04  3.65750000e-08  8.54888982e-06  3.65750000e-08  6.15676200e-05  3.65750000e-08  2.12399284e-05  3.65750000e-08  1.34105192e-04  3.65750000e-08  2.16499848e-05 
 3.65850000e-08  3.29815185e+00  3.65850000e-08  3.70210037e-04  3.65850000e-08  1.07991817e-05  3.65850000e-08  6.72535559e-05  3.65850000e-08  2.56132880e-05  3.65850000e-08  1.51447136e-04  3.65850000e-08  1.64435170e-05 
 3.65950000e-08  3.28550180e+00  3.65950000e-08  3.81076299e-04  3.65950000e-08  1.30743362e-05  3.65950000e-08  7.26452294e-05  3.65950000e-08  2.95654499e-05  3.65950000e-08  1.69311609e-04  3.65950000e-08  1.08717225e-05 
 3.66050000e-08  3.27207390e+00  3.66050000e-08  3.90368186e-04  3.66050000e-08  1.56420572e-05  3.66050000e-08  7.76392128e-05  3.66050000e-08  3.36793234e-05  3.66050000e-08  1.87616851e-04  3.66050000e-08  5.00869751e-06 
 3.66150000e-08  3.25814982e+00  3.66150000e-08  3.98265137e-04  3.66150000e-08  1.84909302e-05  3.66150000e-08  8.21976175e-05  3.66150000e-08  3.78677932e-05  3.66150000e-08  2.06287427e-04  3.66150000e-08  9.93247167e-07 
 3.66250000e-08  3.24411408e+00  3.66250000e-08  4.04974326e-04  3.66250000e-08  2.18469766e-05  3.66250000e-08  8.63252936e-05  3.66250000e-08  4.25415035e-05  3.66250000e-08  2.25246568e-04  3.66250000e-08  6.49708087e-06 
 3.66350000e-08  3.23007613e+00  3.66350000e-08  4.10526946e-04  3.66350000e-08  2.50532981e-05  3.66350000e-08  8.99445071e-05  3.66350000e-08  4.63407131e-05  3.66350000e-08  2.44251960e-04  3.66350000e-08  1.24330248e-05 
 3.66450000e-08  3.21588161e+00  3.66450000e-08  4.15053725e-04  3.66450000e-08  2.83107812e-05  3.66450000e-08  9.30539760e-05  3.66450000e-08  4.97061753e-05  3.66450000e-08  2.62994657e-04  3.66450000e-08  1.85872627e-05 
 3.66550000e-08  3.20153263e+00  3.66550000e-08  4.18667243e-04  3.66550000e-08  3.16710401e-05  3.66550000e-08  9.56601114e-05  3.66550000e-08  5.27590975e-05  3.66550000e-08  2.81080285e-04  3.66550000e-08  2.48722140e-05 
 3.66650000e-08  3.18707775e+00  3.66650000e-08  4.21477380e-04  3.66650000e-08  3.51401337e-05  3.66650000e-08  9.77848048e-05  3.66650000e-08  5.55344450e-05  3.66650000e-08  2.98047456e-04  3.66650000e-08  3.12357442e-05 
 3.66750000e-08  3.17259376e+00  3.66750000e-08  4.23612822e-04  3.66750000e-08  3.87096741e-05  3.66750000e-08  9.94789317e-05  3.66750000e-08  5.80424976e-05  3.66750000e-08  3.13434476e-04  3.66750000e-08  3.76266894e-05 
 3.66850000e-08  3.15817113e+00  3.66850000e-08  4.25219774e-04  3.66850000e-08  4.23724892e-05  3.66850000e-08  1.00820322e-04  3.66850000e-08  6.02915953e-05  3.66850000e-08  3.26881926e-04  3.66850000e-08  4.39843393e-05 
 3.66950000e-08  3.14389288e+00  3.66950000e-08  4.26441383e-04  3.66950000e-08  4.61312953e-05  3.66950000e-08  1.01896435e-04  3.66950000e-08  6.22970462e-05  3.66950000e-08  3.38230837e-04  3.66950000e-08  5.02430143e-05 
 3.67050000e-08  3.12983135e+00  3.67050000e-08  4.27400273e-04  3.67050000e-08  4.99947499e-05  3.67050000e-08  1.02788063e-04  3.67050000e-08  6.40735865e-05  3.67050000e-08  3.47555954e-04  3.67050000e-08  5.63401897e-05 
 3.67150000e-08  3.11602096e+00  3.67150000e-08  4.28189005e-04  3.67150000e-08  5.39873587e-05  3.67150000e-08  1.03559112e-04  3.67150000e-08  6.56470840e-05  3.67150000e-08  3.55105333e-04  3.67150000e-08  6.22230001e-05 
 3.67250000e-08  3.10247308e+00  3.67250000e-08  4.28868027e-04  3.67250000e-08  5.81377343e-05  3.67250000e-08  1.04252580e-04  3.67250000e-08  6.70390105e-05  3.67250000e-08  3.61201764e-04  3.67250000e-08  6.78528562e-05 
 3.67350000e-08  3.08916949e+00  3.67350000e-08  4.29467896e-04  3.67350000e-08  6.24798144e-05  3.67350000e-08  1.04890485e-04  3.67350000e-08  6.82703153e-05  3.67350000e-08  3.66155239e-04  3.67350000e-08  7.32072780e-05 
 3.67450000e-08  3.07606583e+00  3.67450000e-08  4.29989612e-04  3.67450000e-08  6.70472882e-05  3.67450000e-08  1.05472820e-04  3.67450000e-08  6.93591756e-05  3.67450000e-08  3.70221674e-04  3.67450000e-08  7.82825390e-05 
 3.67550000e-08  3.06310060e+00  3.67550000e-08  4.30416804e-04  3.67550000e-08  7.18690887e-05  3.67550000e-08  1.05985962e-04  3.67550000e-08  7.03198967e-05  3.67550000e-08  3.73596687e-04  3.67550000e-08  8.30911910e-05 
 3.67650000e-08  3.05021543e+00  3.67650000e-08  4.30740711e-04  3.67650000e-08  7.69673842e-05  3.67650000e-08  1.06421731e-04  3.67650000e-08  7.11599948e-05  3.67650000e-08  3.76427164e-04  3.67650000e-08  8.76507668e-05 
 3.67750000e-08  3.03736593e+00  3.67750000e-08  4.30971373e-04  3.67750000e-08  8.23617768e-05  3.67750000e-08  1.06786567e-04  3.67750000e-08  7.18809594e-05  3.67750000e-08  3.78826406e-04  3.67750000e-08  9.19727119e-05 
 3.67850000e-08  3.02451471e+00  3.67850000e-08  4.31128598e-04  3.67850000e-08  8.80760239e-05  3.67850000e-08  1.07094979e-04  3.67850000e-08  7.24827102e-05  3.67850000e-08  3.80882701e-04  3.67850000e-08  9.60600763e-05 
 3.67950000e-08  3.01162279e+00  3.67950000e-08  4.31231442e-04  3.67950000e-08  9.41408592e-05  3.67950000e-08  1.07361418e-04  3.67950000e-08  7.29652100e-05  3.67950000e-08  3.82664526e-04  3.67950000e-08  9.99103202e-05 
 3.68050000e-08  2.99864317e+00  3.68050000e-08  4.31292163e-04  3.68050000e-08  1.00594251e-04  3.68050000e-08  1.07595397e-04  3.68050000e-08  7.33286675e-05  3.68050000e-08  3.84224746e-04  3.68050000e-08  1.03519087e-04 
 3.68150000e-08  2.98551987e+00  3.68150000e-08  4.31317041e-04  3.68150000e-08  1.07479925e-04  3.68150000e-08  1.07801945e-04  3.68150000e-08  7.35723126e-05  3.68150000e-08  3.85603274e-04  3.68150000e-08  1.06881994e-04 
 3.68250000e-08  2.97218820e+00  3.68250000e-08  4.31308626e-04  3.68250000e-08  1.14846586e-04  3.68250000e-08  1.07983271e-04  3.68250000e-08  7.36934055e-05  3.68250000e-08  3.86830579e-04  3.68250000e-08  1.09994835e-04 
 3.68350000e-08  2.95857400e+00  3.68350000e-08  4.31267684e-04  3.68350000e-08  1.22748246e-04  3.68350000e-08  1.08140255e-04  3.68350000e-08  7.36869202e-05  3.68350000e-08  3.87930029e-04  3.68350000e-08  1.12853175e-04 
 3.68450000e-08  2.94459382e+00  3.68450000e-08  4.31196694e-04  3.68450000e-08  1.31245488e-04  3.68450000e-08  1.08275242e-04  3.68450000e-08  7.35443668e-05  3.68450000e-08  3.88920079e-04  3.68450000e-08  1.15450417e-04 
 3.68550000e-08  2.93015757e+00  3.68550000e-08  4.31107515e-04  3.68550000e-08  1.40409685e-04  3.68550000e-08  1.08398306e-04  3.68550000e-08  7.32502210e-05  3.68550000e-08  3.89816714e-04  3.68550000e-08  1.17772197e-04 
 3.68650000e-08  2.91515950e+00  3.68650000e-08  4.31019360e-04  3.68650000e-08  1.50331085e-04  3.68650000e-08  1.08525856e-04  3.68650000e-08  7.27802814e-05  3.68650000e-08  3.90634871e-04  3.68650000e-08  1.19793286e-04 
 3.68750000e-08  2.89944901e+00  3.68750000e-08  4.30936925e-04  3.68750000e-08  1.61122282e-04  3.68750000e-08  1.08663159e-04  3.68750000e-08  7.21072767e-05  3.68750000e-08  3.91386841e-04  3.68750000e-08  1.21486597e-04 
 3.68850000e-08  2.88281435e+00  3.68850000e-08  4.30843113e-04  3.68850000e-08  1.72907704e-04  3.68850000e-08  1.08798189e-04  3.68850000e-08  7.12031323e-05  3.68850000e-08  3.92080346e-04  3.68850000e-08  1.22832088e-04 
 3.68950000e-08  2.86498065e+00  3.68950000e-08  4.30702784e-04  3.68950000e-08  1.85797868e-04  3.68950000e-08  1.08904268e-04  3.68950000e-08  7.00399124e-05  3.68950000e-08  3.92717691e-04  3.68950000e-08  1.23820593e-04 
 3.69050000e-08  2.84568454e+00  3.69050000e-08  4.30559656e-04  3.69050000e-08  1.99860606e-04  3.69050000e-08  1.09018868e-04  3.69050000e-08  6.85410962e-05  3.69050000e-08  3.93305721e-04  3.69050000e-08  1.24399410e-04 
 3.69150000e-08  2.82457875e+00  3.69150000e-08  4.30445466e-04  3.69150000e-08  2.15021535e-04  3.69150000e-08  1.09171275e-04  3.69150000e-08  6.66084003e-05  3.69150000e-08  3.93853675e-04  3.69150000e-08  1.24486903e-04 
 3.69250000e-08  2.80118303e+00  3.69250000e-08  4.30258055e-04  3.69250000e-08  2.30633150e-04  3.69250000e-08  1.09282047e-04  3.69250000e-08  6.42092715e-05  3.69250000e-08  3.94358471e-04  3.69250000e-08  1.24042083e-04 
 3.69350000e-08  2.77514874e+00  3.69350000e-08  4.29898173e-04  3.69350000e-08  2.44669993e-04  3.69350000e-08  1.09271495e-04  3.69350000e-08  6.13946097e-05  3.69350000e-08  3.94809100e-04  3.69350000e-08  1.23043003e-04 
 3.69450000e-08  2.74651637e+00  3.69450000e-08  4.29488175e-04  3.69450000e-08  2.53813038e-04  3.69450000e-08  1.09239564e-04  3.69450000e-08  5.82381514e-05  3.69450000e-08  3.95211683e-04  3.69450000e-08  1.21390291e-04 
 3.69550000e-08  2.71553060e+00  3.69550000e-08  4.29233746e-04  3.69550000e-08  2.56480057e-04  3.69550000e-08  1.09356709e-04  3.69550000e-08  5.48400455e-05  3.69550000e-08  3.95592875e-04  3.69550000e-08  1.18943890e-04 
 3.69650000e-08  2.68206355e+00  3.69650000e-08  4.28480258e-04  3.69650000e-08  2.55404642e-04  3.69650000e-08  1.09084828e-04  3.69650000e-08  5.18608561e-05  3.69650000e-08  3.95912578e-04  3.69650000e-08  1.16066619e-04 
 3.69750000e-08  2.64685537e+00  3.69750000e-08  4.27381564e-04  3.69750000e-08  2.53209087e-04  3.69750000e-08  1.08541588e-04  3.69750000e-08  4.94408545e-05  3.69750000e-08  3.96153427e-04  3.69750000e-08  1.12999911e-04 
 3.69850000e-08  2.61066584e+00  3.69850000e-08  4.26316453e-04  3.69850000e-08  2.50717979e-04  3.69850000e-08  1.08032737e-04  3.69850000e-08  4.73860217e-05  3.69850000e-08  3.96341180e-04  3.69850000e-08  1.09802291e-04 
 3.69950000e-08  2.57385898e+00  3.69950000e-08  4.25497411e-04  3.69950000e-08  2.47927429e-04  3.69950000e-08  1.07731912e-04  3.69950000e-08  4.54681935e-05  3.69950000e-08  3.96513850e-04  3.69950000e-08  1.06444523e-04 
 3.70050000e-08  2.53646787e+00  3.70050000e-08  4.24964528e-04  3.70050000e-08  2.44651054e-04  3.70050000e-08  1.07676499e-04  3.70050000e-08  4.35236336e-05  3.70050000e-08  3.96705621e-04  3.70050000e-08  1.02873609e-04 
 3.70150000e-08  2.49833847e+00  3.70150000e-08  4.24652759e-04  3.70150000e-08  2.40748561e-04  3.70150000e-08  1.07821486e-04  3.70150000e-08  4.14709530e-05  3.70150000e-08  3.96940084e-04  3.70150000e-08  9.90513634e-05 
 3.70250000e-08  2.45925163e+00  3.70250000e-08  4.24458271e-04  3.70250000e-08  2.36173638e-04  3.70250000e-08  1.08090827e-04  3.70250000e-08  3.92958656e-05  3.70250000e-08  3.97229457e-04  3.70250000e-08  9.49700425e-05 
 3.70350000e-08  2.41900144e+00  3.70350000e-08  4.24283221e-04  3.70350000e-08  2.30955645e-04  3.70350000e-08  1.08411936e-04  3.70350000e-08  3.70250936e-05  3.70350000e-08  3.97576317e-04  3.70350000e-08  9.06522243e-05 
 3.70450000e-08  2.37743291e+00  3.70450000e-08  4.24062639e-04  3.70450000e-08  2.25152364e-04  3.70450000e-08  1.08737523e-04  3.70450000e-08  3.46978856e-05  3.70450000e-08  3.97977199e-04  3.70450000e-08  8.61383144e-05 
 3.70550000e-08  2.33444285e+00  3.70550000e-08  4.23763090e-04  3.70550000e-08  2.18818752e-04  3.70550000e-08  1.09045706e-04  3.70550000e-08  3.23504349e-05  3.70550000e-08  3.98427296e-04  3.70550000e-08  8.14751684e-05 
 3.70650000e-08  2.28997197e+00  3.70650000e-08  4.23369898e-04  3.70650000e-08  2.11998215e-04  3.70650000e-08  1.09330788e-04  3.70650000e-08  3.00120750e-05  3.70650000e-08  3.98915958e-04  3.70650000e-08  7.67106873e-05 
 3.70750000e-08  2.24397987e+00  3.70750000e-08  4.22874739e-04  3.70750000e-08  2.04716196e-04  3.70750000e-08  1.09594444e-04  3.70750000e-08  2.77037365e-05  3.70750000e-08  3.99435662e-04  3.70750000e-08  7.18881478e-05 
 3.70850000e-08  2.19642934e+00  3.70850000e-08  4.22268590e-04  3.70850000e-08  1.96982904e-04  3.70850000e-08  1.09841117e-04  3.70850000e-08  2.54399882e-05  3.70850000e-08  3.99982377e-04  3.70850000e-08  6.70460176e-05 
 3.70950000e-08  2.14728196e+00  3.70950000e-08  4.21539453e-04  3.70950000e-08  1.88798826e-04  3.70950000e-08  1.10077747e-04  3.70950000e-08  2.32315379e-05  3.70950000e-08  4.00550082e-04  3.70950000e-08  6.22137356e-05 
 3.71050000e-08  2.09642001e+00  3.71050000e-08  4.20656808e-04  3.71050000e-08  1.80153150e-04  3.71050000e-08  1.10304019e-04  3.71050000e-08  2.10855275e-05  3.71050000e-08  4.01123369e-04  3.71050000e-08  5.74302102e-05 
 3.71150000e-08  2.04379150e+00  3.71150000e-08  4.19572378e-04  3.71150000e-08  1.71047650e-04  3.71150000e-08  1.10515567e-04  3.71150000e-08  1.90114636e-05  3.71150000e-08  4.01699095e-04  3.71150000e-08  5.27177433e-05 
 3.71250000e-08  1.98952054e+00  3.71250000e-08  4.18222501e-04  3.71250000e-08  1.61474678e-04  3.71250000e-08  1.10710881e-04  3.71250000e-08  1.70157838e-05  3.71250000e-08  4.02298088e-04  3.71250000e-08  4.80958965e-05 
 3.71350000e-08  1.93358918e+00  3.71350000e-08  4.16510614e-04  3.71350000e-08  1.51444763e-04  3.71350000e-08  1.10894830e-04  3.71350000e-08  1.51070068e-05  3.71350000e-08  4.02895331e-04  3.71350000e-08  4.35832564e-05 
 3.71450000e-08  1.87598607e+00  3.71450000e-08  4.14242109e-04  3.71450000e-08  1.40977524e-04  3.71450000e-08  1.11050535e-04  3.71450000e-08  1.32930823e-05  3.71450000e-08  4.03486895e-04  3.71450000e-08  3.91976864e-05 
 3.71550000e-08  1.81669358e+00  3.71550000e-08  4.11064666e-04  3.71550000e-08  1.30113926e-04  3.71550000e-08  1.11154240e-04  3.71550000e-08  1.15826753e-05  3.71550000e-08  4.04064315e-04  3.71550000e-08  3.49540357e-05 
 3.71650000e-08  1.75569262e+00  3.71650000e-08  4.06252889e-04  3.71650000e-08  1.18914834e-04  3.71650000e-08  1.11158300e-04  3.71650000e-08  9.98501563e-06  3.71650000e-08  4.04617769e-04  3.71650000e-08  3.08652072e-05 
 3.71750000e-08  1.69299403e+00  3.71750000e-08  3.98118247e-04  3.71750000e-08  1.07477536e-04  3.71750000e-08  1.10954948e-04  3.71750000e-08  8.51017166e-06  3.71750000e-08  4.05133675e-04  3.71750000e-08  2.69433211e-05 
 3.71850000e-08  1.62877188e+00  3.71850000e-08  3.82363516e-04  3.71850000e-08  9.59954778e-05  3.71850000e-08  1.10263418e-04  3.71850000e-08  7.16900466e-06  3.71850000e-08  4.05591596e-04  3.71850000e-08  2.32026180e-05 
 3.71950000e-08  1.56378390e+00  3.71950000e-08  3.50159358e-04  3.71950000e-08  8.47193928e-05  3.71950000e-08  1.08356060e-04  3.71950000e-08  5.97477900e-06  3.71950000e-08  4.05957220e-04  3.71950000e-08  1.96685858e-05 
 3.72050000e-08  1.49998315e+00  3.72050000e-08  2.98990499e-04  3.72050000e-08  7.40035222e-05  3.72050000e-08  1.04174943e-04  3.72050000e-08  4.94254340e-06  3.72050000e-08  4.06175783e-04  3.72050000e-08  1.63896351e-05 
 3.72150000e-08  1.43972465e+00  3.72150000e-08  2.44450278e-04  3.72150000e-08  6.41132863e-05  3.72150000e-08  9.80900230e-05  3.72150000e-08  4.07131047e-06  3.72150000e-08  4.06180880e-04  3.72150000e-08  1.34127766e-05 
 3.72250000e-08  1.38375380e+00  3.72250000e-08  1.98209230e-04  3.72250000e-08  5.50187642e-05  3.72250000e-08  9.19897557e-05  3.72250000e-08  3.33410313e-06  3.72250000e-08  4.05922974e-04  3.72250000e-08  1.07383507e-05 
 3.72350000e-08  1.33131303e+00  3.72350000e-08  1.62409954e-04  3.72350000e-08  4.66188676e-05  3.72350000e-08  8.70984290e-05  3.72350000e-08  2.70406257e-06  3.72350000e-08  4.05402483e-04  3.72350000e-08  8.33887738e-06 
 3.72450000e-08  1.28127254e+00  3.72450000e-08  1.35323841e-04  3.72450000e-08  3.89054261e-05  3.72450000e-08  8.35169175e-05  3.72450000e-08  2.16609669e-06  3.72450000e-08  4.04659338e-04  3.72450000e-08  6.18655890e-06 
 3.72550000e-08  1.23265593e+00  3.72550000e-08  1.14526984e-04  3.72550000e-08  3.19331594e-05  3.72550000e-08  8.08510049e-05  3.72550000e-08  1.71166562e-06  3.72550000e-08  4.03735383e-04  3.72550000e-08  4.25963692e-06 
 3.72650000e-08  1.18470647e+00  3.72650000e-08  9.80676050e-05  3.72650000e-08  2.57681236e-05  3.72650000e-08  7.86730715e-05  3.72650000e-08  1.33404742e-06  3.72650000e-08  4.02656828e-04  3.72650000e-08  2.54077155e-06 
 3.72750000e-08  1.13688407e+00  3.72750000e-08  8.46631498e-05  3.72750000e-08  2.04501649e-05  3.72750000e-08  7.67033204e-05  3.72750000e-08  1.02599686e-06  3.72750000e-08  4.01428335e-04  3.72750000e-08  1.01477173e-06 
 3.72850000e-08  1.08908098e+00  3.72850000e-08  7.36604138e-05  3.72850000e-08  1.60031733e-05  3.72850000e-08  7.49273512e-05  3.72850000e-08  7.80704142e-07  3.72850000e-08  4.00041389e-04  3.72850000e-08  4.01167756e-07 
 3.72950000e-08  1.04160513e+00  3.72950000e-08  6.47082325e-05  3.72950000e-08  1.23900784e-05  3.72950000e-08  7.34718330e-05  3.72950000e-08  5.89585883e-07  3.72950000e-08  3.98509702e-04  3.72950000e-08  1.80848727e-06 
 3.73050000e-08  9.94782317e-01  3.73050000e-08  5.74222339e-05  3.73050000e-08  9.41892218e-06  3.73050000e-08  7.23444066e-05  3.73050000e-08  4.37946890e-07  3.73050000e-08  3.96885569e-04  3.73050000e-08  2.96907366e-06 
 3.73150000e-08  9.48758682e-01  3.73150000e-08  5.13946242e-05  3.73150000e-08  7.03595263e-06  3.73150000e-08  7.14345585e-05  3.73150000e-08  3.20073687e-07  3.73150000e-08  3.95235400e-04  3.73150000e-08  3.90299949e-06 
 3.73250000e-08  9.03574423e-01  3.73250000e-08  4.63440638e-05  3.73250000e-08  5.17060710e-06  3.73250000e-08  7.06864739e-05  3.73250000e-08  2.30339736e-07  3.73250000e-08  3.93612154e-04  3.73250000e-08  4.62399569e-06 
 3.73350000e-08  8.59202372e-01  3.73350000e-08  4.20692699e-05  3.73350000e-08  3.74256672e-06  3.73350000e-08  7.00748547e-05  3.73350000e-08  1.63379410e-07  3.73350000e-08  3.92042966e-04  3.73350000e-08  5.14394938e-06 
 3.73450000e-08  8.15565622e-01  3.73450000e-08  3.84146082e-05  3.73450000e-08  2.67106918e-06  3.73450000e-08  6.95791441e-05  3.73450000e-08  1.14344867e-07  3.73450000e-08  3.90518491e-04  3.73450000e-08  5.47707150e-06 
 3.73550000e-08  7.72536340e-01  3.73550000e-08  3.52477534e-05  3.73550000e-08  1.88187838e-06  3.73550000e-08  6.91608208e-05  3.73550000e-08  7.90711414e-08  3.73550000e-08  3.88988999e-04  3.73550000e-08  5.64277556e-06 
 3.73650000e-08  7.29957236e-01  3.73650000e-08  3.24619559e-05  3.73650000e-08  1.31068950e-06  3.73650000e-08  6.87754043e-05  3.73650000e-08  5.41184066e-08  3.73650000e-08  3.87365956e-04  3.73650000e-08  5.66644435e-06 
 3.73750000e-08  6.87702483e-01  3.73750000e-08  2.99853781e-05  3.73750000e-08  9.04016984e-07  3.73750000e-08  6.84028825e-05  3.73750000e-08  3.67362861e-08  3.73750000e-08  3.85521850e-04  3.73750000e-08  5.58439966e-06 
 3.73850000e-08  6.45695830e-01  3.73850000e-08  2.77704984e-05  3.73850000e-08  6.18458738e-07  3.73850000e-08  6.80405978e-05  3.73850000e-08  2.47765525e-08  3.73850000e-08  3.83262953e-04  3.73850000e-08  5.41080962e-06 
 3.73950000e-08  6.03895864e-01  3.73950000e-08  2.57669938e-05  3.73950000e-08  4.20567965e-07  3.73950000e-08  6.76526073e-05  3.73950000e-08  1.66400938e-08  3.73950000e-08  3.80301105e-04  3.73950000e-08  5.17170483e-06 
 3.74050000e-08  5.62290607e-01  3.74050000e-08  2.39316883e-05  3.74050000e-08  2.84924108e-07  3.74050000e-08  6.71932377e-05  3.74050000e-08  1.11533750e-08  3.74050000e-08  3.76165881e-04  3.74050000e-08  4.89158625e-06 
 3.74150000e-08  5.20883866e-01  3.74150000e-08  2.22189578e-05  3.74150000e-08  1.92741762e-07  3.74150000e-08  6.65828299e-05  3.74150000e-08  7.47706378e-09  3.74150000e-08  3.70058187e-04  3.74150000e-08  4.59222354e-06 
 3.74250000e-08  4.79865820e-01  3.74250000e-08  2.06155424e-05  3.74250000e-08  1.30368262e-07  3.74250000e-08  6.58049288e-05  3.74250000e-08  5.01937338e-09  3.74250000e-08  3.60723283e-04  3.74250000e-08  4.29720804e-06 
 3.74350000e-08  4.39455023e-01  3.74350000e-08  1.90720023e-05  3.74350000e-08  8.82831162e-08  3.74350000e-08  6.47110229e-05  3.74350000e-08  3.37784029e-09  3.74350000e-08  3.46505607e-04  3.74350000e-08  4.02442165e-06 
 3.74450000e-08  4.00057873e-01  3.74450000e-08  1.75667193e-05  3.74450000e-08  5.98925466e-08  3.74450000e-08  6.32054570e-05  3.74450000e-08  2.27978953e-09  3.74450000e-08  3.26468398e-04  3.74450000e-08  3.78120660e-06 
 3.74550000e-08  3.62434924e-01  3.74550000e-08  1.61222511e-05  3.74550000e-08  4.06519072e-08  3.74550000e-08  6.13302792e-05  3.74550000e-08  1.54083300e-09  3.74550000e-08  3.01995559e-04  3.74550000e-08  3.57319901e-06 
 3.74650000e-08  3.27861624e-01  3.74650000e-08  1.48465311e-05  3.74650000e-08  2.75371002e-08  3.74650000e-08  5.94710319e-05  3.74650000e-08  1.04007838e-09  3.74650000e-08  2.76207808e-04  3.74650000e-08  3.41943926e-06 
 3.74750000e-08  2.97574564e-01  3.74750000e-08  1.38054339e-05  3.74750000e-08  1.85487920e-08  3.74750000e-08  5.79366889e-05  3.74750000e-08  6.98544973e-10  3.74750000e-08  2.51901485e-04  3.74750000e-08  3.30164781e-06 
 3.74850000e-08  2.71684892e-01  3.74850000e-08  1.28881592e-05  3.74850000e-08  1.24409393e-08  3.74850000e-08  5.63751068e-05  3.74850000e-08  4.67394799e-10  3.74850000e-08  2.30429742e-04  3.74850000e-08  3.20625150e-06 
 3.74950000e-08  2.49498149e-01  3.74950000e-08  1.20158211e-05  3.74950000e-08  8.35217369e-09  3.74950000e-08  5.45417195e-05  3.74950000e-08  3.13168987e-10  3.74950000e-08  2.11834743e-04  3.74950000e-08  3.14357961e-06 
 3.75050000e-08  2.30292738e-01  3.75050000e-08  1.11963361e-05  3.75050000e-08  5.63487948e-09  3.75050000e-08  5.25475506e-05  3.75050000e-08  2.10949805e-10  3.75050000e-08  1.95668625e-04  3.75050000e-08  3.11260064e-06 
 3.75150000e-08  2.13507825e-01  3.75150000e-08  1.04413242e-05  3.75150000e-08  3.83002084e-09  3.75150000e-08  5.05146185e-05  3.75150000e-08  1.43201439e-10  3.75150000e-08  1.81497200e-04  3.75150000e-08  3.10586882e-06 
 3.75250000e-08  1.98731124e-01  3.75250000e-08  9.75505638e-06  3.75250000e-08  2.62693023e-09  3.75250000e-08  4.85233917e-05  3.75250000e-08  9.81196560e-11  3.75250000e-08  1.68984595e-04  3.75250000e-08  3.11407002e-06 
 3.75350000e-08  1.85655521e-01  3.75350000e-08  9.13614825e-06  3.75350000e-08  1.82014480e-09  3.75350000e-08  4.66187866e-05  3.75350000e-08  6.79299942e-11  3.75350000e-08  1.57879540e-04  3.75350000e-08  3.12875329e-06 
 3.75450000e-08  1.74045305e-01  3.75450000e-08  8.58079013e-06  3.75450000e-08  1.27503893e-09  3.75450000e-08  4.48256780e-05  3.75450000e-08  4.75549717e-11  3.75450000e-08  1.47989421e-04  3.75450000e-08  3.14344060e-06 
 3.75550000e-08  1.63713326e-01  3.75550000e-08  8.08411487e-06  3.75550000e-08  9.03583348e-10  3.75550000e-08  4.31564597e-05  3.75550000e-08  3.36830756e-11  3.75550000e-08  1.39161938e-04  3.75550000e-08  3.15378336e-06 
 3.75650000e-08  1.54506755e-01  3.75650000e-08  7.64104292e-06  3.75650000e-08  6.48111259e-10  3.75650000e-08  4.16162612e-05  3.75650000e-08  2.41494321e-11  3.75650000e-08  1.31272896e-04  3.75650000e-08  3.15728502e-06 
 3.75750000e-08  1.46298538e-01  3.75750000e-08  7.24676583e-06  3.75750000e-08  4.70689971e-10  3.75750000e-08  4.02063775e-05  3.75750000e-08  1.75323454e-11  3.75750000e-08  1.24218725e-04  3.75750000e-08  3.15288455e-06 
 3.75850000e-08  1.38982834e-01  3.75850000e-08  6.89711674e-06  3.75850000e-08  3.46228825e-10  3.75850000e-08  3.89271043e-05  3.75850000e-08  1.28926722e-11  3.75850000e-08  1.17912255e-04  3.75850000e-08  3.14054484e-06 
 3.75950000e-08  1.32473363e-01  3.75950000e-08  6.58890429e-06  3.75950000e-08  2.58023628e-10  3.75950000e-08  3.77803691e-05  3.75950000e-08  9.60584029e-12  3.75950000e-08  1.12280904e-04  3.75950000e-08  3.12090899e-06 
 3.76050000e-08  1.26703662e-01  3.76050000e-08  6.32019174e-06  3.76050000e-08  1.94874617e-10  3.76050000e-08  3.67720495e-05  3.76050000e-08  7.25345023e-12  3.76050000e-08  1.07266586e-04  3.76050000e-08  3.09507882e-06 
 3.76150000e-08  1.21624531e-01  3.76150000e-08  6.09005477e-06  3.76150000e-08  1.49234418e-10  3.76150000e-08  3.59111917e-05  3.76150000e-08  5.55374461e-12  3.76150000e-08  1.02824436e-04  3.76150000e-08  3.06426696e-06 
 3.76250000e-08  1.17193093e-01  3.76250000e-08  5.89634263e-06  3.76250000e-08  1.15975678e-10  3.76250000e-08  3.51974727e-05  3.76250000e-08  4.31541941e-12  3.76250000e-08  9.89192326e-05  3.76250000e-08  3.03023255e-06 
 3.76350000e-08  1.13350546e-01  3.76350000e-08  5.73164464e-06  3.76350000e-08  9.14797804e-11  3.76350000e-08  3.45985330e-05  3.76350000e-08  3.40353580e-12  3.76350000e-08  9.55163005e-05  3.76350000e-08  2.99815148e-06 
 3.76450000e-08  1.09995825e-01  3.76450000e-08  5.58404338e-06  3.76450000e-08  7.32060373e-11  3.76450000e-08  3.40534693e-05  3.76450000e-08  2.72338806e-12  3.76450000e-08  9.25538760e-05  3.76450000e-08  2.97037987e-06 
 3.76550000e-08  1.07018105e-01  3.76550000e-08  5.44555579e-06  3.76550000e-08  5.93702381e-11  3.76550000e-08  3.35224202e-05  3.76550000e-08  2.20848799e-12  3.76550000e-08  8.99474899e-05  3.76550000e-08  2.94181323e-06 
 3.76650000e-08  1.04335608e-01  3.76650000e-08  5.31408423e-06  3.76650000e-08  4.87080131e-11  3.76650000e-08  3.29994172e-05  3.76650000e-08  1.81173418e-12  3.76650000e-08  8.76215226e-05  3.76650000e-08  2.90590421e-06 
 3.76750000e-08  1.01892290e-01  3.76750000e-08  5.18956802e-06  3.76750000e-08  4.03564817e-11  3.76750000e-08  3.24895510e-05  3.76750000e-08  1.50099057e-12  3.76750000e-08  8.55191142e-05  3.76750000e-08  2.85886795e-06 
 3.76850000e-08  9.96497476e-02  3.76850000e-08  5.07140652e-06  3.76850000e-08  3.37136601e-11  3.76850000e-08  3.19937179e-05  3.76850000e-08  1.25384293e-12  3.76850000e-08  8.36026094e-05  3.76850000e-08  2.80021799e-06 
 3.76950000e-08  9.75828634e-02  3.76950000e-08  4.95870129e-06  3.76950000e-08  2.83401830e-11  3.76950000e-08  3.15105318e-05  3.76950000e-08  1.05393483e-12  3.76950000e-08  8.18483082e-05  3.76950000e-08  2.72999536e-06 
 3.77050000e-08  9.56778542e-02  3.77050000e-08  4.85052468e-06  3.77050000e-08  2.39046769e-11  3.77050000e-08  3.10382955e-05  3.77050000e-08  8.88931600e-13  3.77050000e-08  8.02434910e-05  3.77050000e-08  2.64594823e-06 
 3.77150000e-08  9.39297448e-02  3.77150000e-08  4.74644096e-06  3.77150000e-08  2.01629250e-11  3.77150000e-08  3.05782586e-05  3.77150000e-08  7.49743675e-13  3.77150000e-08  7.87822341e-05  3.77150000e-08  2.54307011e-06 
 3.77250000e-08  9.23373486e-02  3.77250000e-08  4.64701599e-06  3.77250000e-08  1.69524655e-11  3.77250000e-08  3.01374923e-05  3.77250000e-08  6.30324893e-13  3.77250000e-08  7.74591221e-05  3.77250000e-08  2.41577498e-06 
 3.77350000e-08  9.08981110e-02  3.77350000e-08  4.55369356e-06  3.77350000e-08  1.41794928e-11  3.77350000e-08  2.97277941e-05  3.77350000e-08  5.27184446e-13  3.77350000e-08  7.62650585e-05  3.77350000e-08  2.26084798e-06 
 3.77450000e-08  8.96034799e-02  3.77450000e-08  4.46772951e-06  3.77450000e-08  1.17933952e-11  3.77450000e-08  2.93588681e-05  3.77450000e-08  4.38438861e-13  3.77450000e-08  7.51865947e-05  3.77450000e-08  2.07867918e-06 
 3.77550000e-08  8.84315528e-02  3.77550000e-08  4.38930961e-06  3.77550000e-08  9.76576035e-12  3.77550000e-08  2.90325260e-05  3.77550000e-08  3.63030296e-13  3.77550000e-08  7.42018441e-05  3.77550000e-08  1.87166171e-06 
 3.77650000e-08  8.73650066e-02  3.77650000e-08  4.31634400e-06  3.77650000e-08  8.05909839e-12  3.77650000e-08  2.87358457e-05  3.77650000e-08  2.99563624e-13  3.77650000e-08  7.33008785e-05  3.77650000e-08  1.64796919e-06 
 3.77750000e-08  8.63813611e-02  3.77750000e-08  4.24923084e-06  3.77750000e-08  6.63876289e-12  3.77750000e-08  2.84717833e-05  3.77750000e-08  2.46749113e-13  3.77750000e-08  7.24607150e-05  3.77750000e-08  1.41519938e-06 
 3.77850000e-08  8.54413457e-02  3.77850000e-08  4.18668070e-06  3.77850000e-08  5.47678502e-12  3.77850000e-08  2.82308777e-05  3.77850000e-08  2.03544947e-13  3.77850000e-08  7.16485779e-05  3.77850000e-08  1.17607550e-06 
 3.77950000e-08  8.45326081e-02  3.77950000e-08  4.12755222e-06  3.77950000e-08  4.52900638e-12  3.77950000e-08  2.80060997e-05  3.77950000e-08  1.68308184e-13  3.77950000e-08  7.08572022e-05  3.77950000e-08  9.42003296e-07 
 3.78050000e-08  8.36482212e-02  3.78050000e-08  4.06859104e-06  3.78050000e-08  3.76041330e-12  3.78050000e-08  2.77749752e-05  3.78050000e-08  1.39735902e-13  3.78050000e-08  7.00902627e-05  3.78050000e-08  7.22857968e-07 
 3.78150000e-08  8.27744040e-02  3.78150000e-08  4.01261393e-06  3.78150000e-08  3.13632267e-12  3.78150000e-08  2.75575111e-05  3.78150000e-08  1.16537843e-13  3.78150000e-08  6.93251101e-05  3.78150000e-08  5.31536866e-07 
 3.78250000e-08  8.18695824e-02  3.78250000e-08  3.95372511e-06  3.78250000e-08  2.63109507e-12  3.78250000e-08  2.73140451e-05  3.78250000e-08  9.77600898e-14  3.78250000e-08  6.85429309e-05  3.78250000e-08  3.81257244e-07 
 3.78350000e-08  8.08415156e-02  3.78350000e-08  3.88128926e-06  3.78350000e-08  2.22354193e-12  3.78350000e-08  2.69724555e-05  3.78350000e-08  8.26144518e-14  3.78350000e-08  6.76916628e-05  3.78350000e-08  2.90295153e-07 
 3.78450000e-08  7.94864147e-02  3.78450000e-08  3.77401672e-06  3.78450000e-08  1.89469522e-12  3.78450000e-08  2.63870128e-05  3.78450000e-08  7.03951186e-14  3.78450000e-08  6.66478572e-05  3.78450000e-08  2.59300871e-07 
 3.78550000e-08  7.77427736e-02  3.78550000e-08  3.64787613e-06  3.78550000e-08  1.63160316e-12  3.78550000e-08  2.56651647e-05  3.78550000e-08  6.06201850e-14  3.78550000e-08  6.52935742e-05  3.78550000e-08  2.90626858e-07 
 3.78650000e-08  7.57088710e-02  3.78650000e-08  3.52519157e-06  3.78650000e-08  1.42293543e-12  3.78650000e-08  2.49571164e-05  3.78650000e-08  5.28679265e-14  3.78650000e-08  6.36468355e-05  3.78650000e-08  3.63199327e-07 
 3.78750000e-08  7.35084584e-02  3.78750000e-08  3.41007214e-06  3.78750000e-08  1.25755227e-12  3.78750000e-08  2.42879459e-05  3.78750000e-08  4.67239185e-14  3.78750000e-08  6.18170394e-05  3.78750000e-08  4.47981663e-07 
 3.78850000e-08  7.12348744e-02  3.78850000e-08  3.29981897e-06  3.78850000e-08  1.12521675e-12  3.78850000e-08  2.36372771e-05  3.78850000e-08  4.18075746e-14  3.78850000e-08  5.99068426e-05  3.78850000e-08  5.23537712e-07 
 3.78950000e-08  6.89962686e-02  3.78950000e-08  3.19244879e-06  3.78950000e-08  1.01249264e-12  3.78950000e-08  2.29944367e-05  3.78950000e-08  3.76198048e-14  3.78950000e-08  5.80287058e-05  3.78950000e-08  5.99767133e-07 
 3.79050000e-08  6.67967250e-02  3.79050000e-08  3.08625537e-06  3.79050000e-08  9.15087629e-13  3.79050000e-08  2.23476202e-05  3.79050000e-08  3.40009472e-14  3.79050000e-08  5.61920760e-05  3.79050000e-08  6.52932110e-07 
 3.79150000e-08  6.46342866e-02  3.79150000e-08  2.98054937e-06  3.79150000e-08  8.31167743e-13  3.79150000e-08  2.16924178e-05  3.79150000e-08  3.08830183e-14  3.79150000e-08  5.43964310e-05  3.79150000e-08  6.95315067e-07 
 3.79250000e-08  6.25210741e-02  3.79250000e-08  2.87414520e-06  3.79250000e-08  7.56230587e-13  3.79250000e-08  2.10226873e-05  3.79250000e-08  2.80988205e-14  3.79250000e-08  5.26568887e-05  3.79250000e-08  7.37308252e-07 
 3.79350000e-08  6.04730007e-02  3.79350000e-08  2.76732001e-06  3.79350000e-08  6.86012764e-13  3.79350000e-08  2.03433649e-05  3.79350000e-08  2.54900052e-14  3.79350000e-08  5.09869362e-05  3.79350000e-08  7.89479008e-07 
 3.79450000e-08  5.85121633e-02  3.79450000e-08  2.66052205e-06  3.79450000e-08  6.16596215e-13  3.79450000e-08  1.96611441e-05  3.79450000e-08  2.29110325e-14  3.79450000e-08  4.94058705e-05  3.79450000e-08  8.63429507e-07 
 3.79550000e-08  5.66623219e-02  3.79550000e-08  2.55558570e-06  3.79550000e-08  5.45615109e-13  3.79550000e-08  1.89925018e-05  3.79550000e-08  2.02739910e-14  3.79550000e-08  4.79298462e-05  3.79550000e-08  9.67243601e-07 
 3.79650000e-08  5.49311830e-02  3.79650000e-08  2.45499633e-06  3.79650000e-08  4.74132746e-13  3.79650000e-08  1.83564449e-05  3.79650000e-08  1.76183151e-14  3.79650000e-08  4.65569853e-05  3.79650000e-08  1.09640568e-06 
 3.79750000e-08  5.32934702e-02  3.79750000e-08  2.35816294e-06  3.79750000e-08  4.06186630e-13  3.79750000e-08  1.77460535e-05  3.79750000e-08  1.50939281e-14  3.79750000e-08  4.52641654e-05  3.79750000e-08  1.23236215e-06 
 3.79850000e-08  5.16916060e-02  3.79850000e-08  2.26267146e-06  3.79850000e-08  3.46305149e-13  3.79850000e-08  1.71384349e-05  3.79850000e-08  1.28690369e-14  3.79850000e-08  4.40024858e-05  3.79850000e-08  1.35027861e-06 
 3.79950000e-08  5.00425740e-02  3.79950000e-08  2.16680188e-06  3.79950000e-08  2.97864722e-13  3.79950000e-08  1.65145328e-05  3.79950000e-08  1.10690989e-14  3.79950000e-08  4.26946301e-05  3.79950000e-08  1.42422184e-06 
 3.80050000e-08  4.82503073e-02  3.80050000e-08  2.06919339e-06  3.80050000e-08  2.62685162e-13  3.80050000e-08  1.58576949e-05  3.80050000e-08  9.76175797e-15  3.80050000e-08  4.12488585e-05  3.80050000e-08  1.42938947e-06 
 3.80150000e-08  4.62317497e-02  3.80150000e-08  1.96896842e-06  3.80150000e-08  2.41217275e-13  3.80150000e-08  1.51562419e-05  3.80150000e-08  8.96378718e-15  3.80150000e-08  3.95847236e-05  3.80150000e-08  1.34709377e-06 
 3.80250000e-08  4.39411578e-02  3.80250000e-08  1.86583170e-06  3.80250000e-08  2.33239914e-13  3.80250000e-08  1.44057016e-05  3.80250000e-08  8.66697061e-15  3.80250000e-08  3.76571126e-05  3.80250000e-08  1.17046241e-06 
 3.80350000e-08  4.13813577e-02  3.80350000e-08  1.75988551e-06  3.80350000e-08  2.38676571e-13  3.80350000e-08  1.36079310e-05  3.80350000e-08  8.86843863e-15  3.80350000e-08  3.54682719e-05  3.80350000e-08  9.07918977e-07 
 3.80450000e-08  3.85984169e-02  3.80450000e-08  1.65181330e-06  3.80450000e-08  2.58276064e-13  3.80450000e-08  1.27719127e-05  3.80450000e-08  9.59595663e-15  3.80450000e-08  3.30616629e-05  3.80450000e-08  5.80505566e-07 
 3.80550000e-08  3.56172664e-02  3.80550000e-08  1.54259309e-06  3.80550000e-08  2.95812088e-13  3.80550000e-08  1.19085498e-05  3.80550000e-08  1.09895931e-14  3.80550000e-08  3.04583040e-05  3.80550000e-08  1.97167578e-07 
 3.80650000e-08  3.24942402e-02  3.80650000e-08  1.43280795e-06  3.80650000e-08  3.58358698e-13  3.80650000e-08  1.10270664e-05  3.80650000e-08  1.33121043e-14  3.80650000e-08  2.77124874e-05  3.80650000e-08  1.79069455e-07 
 3.80750000e-08  2.92883018e-02  3.80750000e-08  1.32384339e-06  3.80750000e-08  4.56960255e-13  3.80750000e-08  1.01430164e-05  3.80750000e-08  1.69735600e-14  3.80750000e-08  2.48779453e-05  3.80750000e-08  5.37679471e-07 
 3.80850000e-08  2.60630704e-02  3.80850000e-08  1.21697527e-06  3.80850000e-08  6.07951382e-13  3.80850000e-08  9.27104025e-06  3.80850000e-08  2.25802666e-14  3.80850000e-08  2.20137016e-05  3.80850000e-08  9.06411680e-07 
 3.80950000e-08  2.28873484e-02  3.80950000e-08  1.11347483e-06  3.80950000e-08  8.37342643e-13  3.80950000e-08  8.42521544e-06  3.80950000e-08  3.10979043e-14  3.80950000e-08  1.91841374e-05  3.80950000e-08  1.26739887e-06 
 3.81050000e-08  1.98770514e-02  3.81050000e-08  1.01313846e-06  3.81050000e-08  1.17800582e-12  3.81050000e-08  7.60845916e-06  3.81050000e-08  4.37469313e-14  3.81050000e-08  1.65076137e-05  3.81050000e-08  1.59721520e-06 
 3.81150000e-08  1.70932005e-02  3.81150000e-08  9.19836067e-07  3.81150000e-08  1.68049652e-12  3.81150000e-08  6.85191638e-06  3.81150000e-08  6.24045153e-14  3.81150000e-08  1.40306804e-05  3.81150000e-08  1.88397608e-06 
 3.81250000e-08  1.45336758e-02  3.81250000e-08  8.34859171e-07  3.81250000e-08  2.43356619e-12  3.81250000e-08  6.16478822e-06  3.81250000e-08  9.03661724e-14  3.81250000e-08  1.17463372e-05  3.81250000e-08  2.13112557e-06 
 3.81350000e-08  1.22333152e-02  3.81350000e-08  7.61952765e-07  3.81350000e-08  3.56957147e-12  3.81350000e-08  5.57411108e-06  3.81350000e-08  1.32546888e-13  3.81350000e-08  9.67638120e-06  3.81350000e-08  2.34056849e-06 
 3.81450000e-08  1.01872541e-02  3.81450000e-08  7.04744049e-07  3.81450000e-08  5.32262256e-12  3.81450000e-08  5.10396130e-06  3.81450000e-08  1.97640542e-13  3.81450000e-08  7.80301849e-06  3.81450000e-08  2.52294742e-06 
 3.81550000e-08  8.41774287e-03  3.81550000e-08  6.58825726e-07  3.81550000e-08  8.04743749e-12  3.81550000e-08  4.72061975e-06  3.81550000e-08  2.98823293e-13  3.81550000e-08  6.16834388e-06  3.81550000e-08  2.65451302e-06 
 3.81650000e-08  6.90127232e-03  3.81650000e-08  6.14468190e-07  3.81650000e-08  1.22141321e-11  3.81650000e-08  4.35440030e-06  3.81650000e-08  4.53559139e-13  3.81650000e-08  4.78698869e-06  3.81650000e-08  2.75677146e-06 
 3.81750000e-08  5.59926432e-03  3.81750000e-08  5.71441302e-07  3.81750000e-08  1.85352904e-11  3.81750000e-08  4.00430266e-06  3.81750000e-08  6.88328300e-13  3.81750000e-08  3.61984945e-06  3.81750000e-08  2.81542750e-06 
 3.81850000e-08  4.47239014e-03  3.81850000e-08  5.29285868e-07  3.81850000e-08  2.80451351e-11  3.81850000e-08  3.66733238e-06  3.81850000e-08  1.04157417e-12  3.81850000e-08  2.62795850e-06  3.81850000e-08  2.83107815e-06 
 3.81950000e-08  3.48309256e-03  3.81950000e-08  4.88163271e-07  3.81950000e-08  4.22557780e-11  3.81950000e-08  3.34453048e-06  3.81950000e-08  1.56952142e-12  3.81950000e-08  1.77181929e-06  3.81950000e-08  2.81202663e-06 
 3.82050000e-08  2.59621076e-03  3.82050000e-08  4.47917860e-07  3.82050000e-08  6.33941003e-11  3.82050000e-08  3.03454189e-06  3.82050000e-08  2.35500146e-12  3.82050000e-08  1.01566462e-06  3.82050000e-08  2.76866230e-06 
 3.82150000e-08  1.77994120e-03  3.82150000e-08  4.08259275e-07  3.82150000e-08  9.47720837e-11  3.82150000e-08  2.73506164e-06  3.82150000e-08  3.52125832e-12  3.82150000e-08  3.27691042e-07  3.82150000e-08  2.71086911e-06 
 3.82250000e-08  9.96905549e-04  3.82250000e-08  3.73027490e-07  3.82250000e-08  1.41393014e-10  3.82250000e-08  2.47121573e-06  3.82250000e-08  5.25456154e-12  3.82250000e-08  3.45031497e-07  3.82250000e-08  2.64725669e-06 
 3.82350000e-08  2.17380768e-04  3.82350000e-08  3.35398867e-07  3.82350000e-08  2.10922149e-10  3.82350000e-08  2.19712931e-06  3.82350000e-08  7.84044819e-12  3.82350000e-08  1.00703904e-06  3.82350000e-08  2.58471351e-06 
 3.82450000e-08 -5.81967829e-04  3.82450000e-08  2.90768668e-07  3.82450000e-08  3.15357213e-10  3.82450000e-08  1.88332595e-06  3.82450000e-08  1.17261476e-11  3.82450000e-08  1.66592029e-06  3.82450000e-08  2.52883534e-06 
 3.82550000e-08 -1.40646229e-03  3.82550000e-08  2.47644858e-07  3.82550000e-08  4.73942156e-10  3.82550000e-08  1.58566187e-06  3.82550000e-08  1.76295907e-11  3.82550000e-08  2.35845735e-06  3.82550000e-08  2.48427285e-06 
 3.82650000e-08 -2.27854840e-03  3.82650000e-08  2.02194859e-07  3.82650000e-08  7.18446214e-10  3.82650000e-08  1.27948077e-06  3.82650000e-08  2.67371769e-11  3.82650000e-08  3.09397758e-06  3.82650000e-08  2.45538225e-06 
 3.82750000e-08 -3.22303654e-03  3.82750000e-08  1.53874667e-07  3.82750000e-08  1.10317476e-09  3.82750000e-08  9.61925867e-07  3.82750000e-08  4.10794252e-11  3.82750000e-08  3.89634566e-06  3.82750000e-08  2.44670499e-06 
 3.82850000e-08 -4.26904234e-03  3.82850000e-08  1.01370716e-07  3.82850000e-08  1.72481648e-09  3.82850000e-08  6.25694713e-07  3.82850000e-08  6.42772865e-11  3.82850000e-08  4.79118437e-06  3.82850000e-08  2.46357572e-06 
 3.82950000e-08 -5.45237588e-03  3.82950000e-08  4.31616558e-08  3.82950000e-08  2.76410676e-09  3.82950000e-08  2.62848774e-07  3.82950000e-08  1.03112991e-10  3.82950000e-08  5.81039664e-06  3.82950000e-08  2.51297738e-06 
 3.83050000e-08 -6.82237445e-03  3.83050000e-08  2.28289777e-08  3.83050000e-08  4.57853650e-09  3.83050000e-08  1.37024428e-07  3.83050000e-08  1.71038013e-10  3.83050000e-08  6.99802321e-06  3.83050000e-08  2.60463117e-06 
 3.83150000e-08 -8.44091293e-03  3.83150000e-08  9.98920272e-08  3.83150000e-08  7.92005311e-09  3.83150000e-08  5.90091013e-07  3.83150000e-08  2.96452620e-10  3.83150000e-08  8.40702115e-06  3.83150000e-08  2.75195956e-06 
 3.83250000e-08 -1.03637857e-02  3.83250000e-08  1.92881722e-07  3.83250000e-08  1.44631335e-08  3.83250000e-08  1.11951607e-06  3.83250000e-08  5.42947299e-10  3.83250000e-08  1.00791558e-05  3.83250000e-08  2.97180232e-06 
 3.83350000e-08 -1.26282271e-02  3.83350000e-08  3.06191583e-07  3.83350000e-08  2.80784069e-08  3.83350000e-08  1.74273172e-06  3.83350000e-08  1.05875348e-09  3.83350000e-08  1.20392696e-05  3.83350000e-08  3.28168308e-06 
 3.83450000e-08 -1.52136336e-02  3.83450000e-08  4.44375880e-07  3.83450000e-08  5.78075871e-08  3.83450000e-08  2.47509925e-06  3.83450000e-08  2.19473817e-09  3.83450000e-08  1.42534280e-05  3.83450000e-08  3.69681371e-06 
 3.83550000e-08 -1.80417229e-02  3.83550000e-08  6.08813132e-07  3.83550000e-08  1.24580068e-07  3.83550000e-08  3.31207811e-06  3.83550000e-08  4.77996395e-09  3.83550000e-08  1.66404139e-05  3.83550000e-08  4.23118770e-06 
 3.83650000e-08 -2.10166520e-02  3.83650000e-08  7.98105057e-07  3.83650000e-08  2.75730961e-07  3.83650000e-08  4.23389041e-06  3.83650000e-08  1.07487190e-08  3.83650000e-08  1.91110784e-05  3.83650000e-08  4.89969102e-06 
 3.83750000e-08 -2.40559427e-02  3.83750000e-08  1.00934938e-06  3.83750000e-08  6.14160966e-07  3.83750000e-08  5.21432708e-06  3.83750000e-08  2.44983566e-08  3.83750000e-08  2.15950288e-05  3.83750000e-08  5.71630669e-06 
 3.83850000e-08 -2.70931083e-02  3.83850000e-08  1.23853545e-06  3.83850000e-08  1.35138806e-06  3.83850000e-08  6.22395283e-06  3.83850000e-08  5.56227619e-08  3.83850000e-08  2.40412405e-05  3.83850000e-08  6.68896182e-06 
 3.83950000e-08 -3.00677933e-02  3.83950000e-08  1.47985668e-06  3.83950000e-08  2.89565674e-06  3.83950000e-08  7.22748849e-06  3.83950000e-08  1.23999991e-07  3.83950000e-08  2.64094026e-05  3.83950000e-08  7.81560051e-06 
 3.84050000e-08 -3.29147122e-02  3.84050000e-08  1.72496092e-06  3.84050000e-08  5.98648811e-06  3.84050000e-08  8.18127588e-06  3.84050000e-08  2.68603115e-07  3.84050000e-08  2.86602807e-05  3.84050000e-08  9.08589238e-06 
 3.84150000e-08 -3.55516387e-02  3.84150000e-08  1.96189751e-06  3.84150000e-08  1.18461029e-05  3.84150000e-08  9.02984803e-06  3.84150000e-08  5.61237458e-07  3.84150000e-08  3.07459447e-05  3.84150000e-08  1.04904578e-05 
 3.84250000e-08 -3.78641867e-02  3.84250000e-08  2.17319728e-06  3.84250000e-08  2.21349758e-05  3.84250000e-08  9.69945854e-06  3.84250000e-08  1.12224862e-06  3.84250000e-08  3.25988842e-05  3.84250000e-08  1.20362548e-05 
 3.84350000e-08 -3.96902055e-02  3.84350000e-08  2.33367315e-06  3.84350000e-08  3.83355624e-05  3.84350000e-08  1.00920071e-05  3.84350000e-08  2.12322950e-06  3.84350000e-08  3.41208372e-05  3.84350000e-08  1.37633787e-05 
 3.84450000e-08 -4.08158004e-02  3.84450000e-08  2.41031599e-06  3.84450000e-08  6.06955818e-05  3.84450000e-08  1.00897065e-05  3.84450000e-08  3.75485172e-06  3.84450000e-08  3.51769101e-05  3.84450000e-08  1.57549889e-05 
 3.84550000e-08 -4.09963011e-02  3.84550000e-08  2.36636820e-06  3.84550000e-08  8.77354300e-05  3.84550000e-08  9.57721029e-06  3.84550000e-08  6.16264483e-06  3.84550000e-08  3.56033912e-05  3.84550000e-08  1.81318909e-05 
 3.84650000e-08 -3.99992057e-02  3.84650000e-08  2.16810309e-06  3.84650000e-08  1.16938221e-04  3.84650000e-08  8.47166911e-06  3.84650000e-08  9.39212210e-06  3.84650000e-08  3.52310386e-05  3.84650000e-08  2.10304764e-05 
 3.84750000e-08 -3.76502066e-02  3.84750000e-08  1.79023764e-06  3.84750000e-08  1.45925775e-04  3.84750000e-08  6.74237993e-06  3.84750000e-08  1.33816319e-05  3.84750000e-08  3.39160585e-05  3.84750000e-08  2.45745328e-05 
 3.84850000e-08 -3.38589662e-02  3.84850000e-08  1.21704336e-06  3.84850000e-08  1.73092399e-04  3.84850000e-08  4.40984249e-06  3.84850000e-08  1.79980900e-05  3.84850000e-08  3.15630156e-05  3.84850000e-08  2.88540446e-05 
 3.84950000e-08 -2.86221873e-02  3.84950000e-08  4.40085068e-07  3.84950000e-08  1.97777370e-04  3.84950000e-08  1.53110890e-06  3.84950000e-08  2.30884175e-05  3.84950000e-08  2.81347188e-05  3.84950000e-08  3.39136745e-05 
 3.85050000e-08 -2.20433464e-02  3.85050000e-08  5.47293928e-07  3.85050000e-08  2.19882170e-04  3.85050000e-08  1.82340448e-06  3.85050000e-08  2.84993214e-05  3.85050000e-08  2.36876438e-05  3.85050000e-08  3.97710732e-05 
 3.85150000e-08 -1.42275386e-02  3.85150000e-08  1.74075819e-06  3.85150000e-08  2.39587092e-04  3.85150000e-08  5.53907107e-06  3.85150000e-08  3.41059992e-05  3.85150000e-08  1.82544456e-05  3.85150000e-08  4.64081482e-05 
 3.85250000e-08 -5.25930931e-03  3.85250000e-08  3.14382530e-06  3.85250000e-08  2.57199301e-04  3.85250000e-08  9.53408489e-06  3.85250000e-08  3.98206018e-05  3.85250000e-08  1.18605020e-05  3.85250000e-08  5.37905981e-05 
 3.85350000e-08  4.62602940e-03  3.85350000e-08  4.73406250e-06  3.85350000e-08  2.73030951e-04  3.85350000e-08  1.36557098e-05  3.85350000e-08  4.55829181e-05  3.85350000e-08  4.63343499e-06  3.85350000e-08  6.18790707e-05 
 3.85450000e-08  1.52364837e-02  3.85450000e-08  6.62631561e-06  3.85450000e-08  2.87339437e-04  3.85450000e-08  1.81483729e-05  3.85450000e-08  5.13452815e-05  3.85450000e-08  3.05208602e-06  3.85450000e-08  7.06302632e-05 
 3.85550000e-08  2.65236202e-02  3.85550000e-08  8.82807788e-06  3.85550000e-08  3.00323672e-04  3.85550000e-08  2.29153914e-05  3.85550000e-08  5.70658795e-05  3.85550000e-08  1.10845703e-05  3.85550000e-08  8.00016700e-05 
 3.85650000e-08  3.85851363e-02  3.85650000e-08  1.11709394e-05  3.85650000e-08  3.12106930e-04  3.85650000e-08  2.74237897e-05  3.85650000e-08  6.26924523e-05  3.85650000e-08  1.98897891e-05  3.85650000e-08  8.99390628e-05 
 3.85750000e-08  5.13011267e-02  3.85750000e-08  1.37761981e-05  3.85750000e-08  3.22803351e-04  3.85750000e-08  3.19221773e-05  3.85750000e-08  6.81844234e-05  3.85750000e-08  2.91373249e-05  3.85750000e-08  1.00411138e-04 
 3.85850000e-08  6.46124644e-02  3.85850000e-08  1.66698944e-05  3.85850000e-08  3.32471635e-04  3.85850000e-08  3.63929205e-05  3.85850000e-08  7.34866686e-05  3.85850000e-08  3.87488076e-05  3.85850000e-08  1.11367974e-04 
 3.85950000e-08  7.84743758e-02  3.85950000e-08  1.98658586e-05  3.85950000e-08  3.41107098e-04  3.85950000e-08  4.07947358e-05  3.85950000e-08  7.85165163e-05  3.85950000e-08  4.86807512e-05  3.85950000e-08  1.22745187e-04 
 3.86050000e-08  9.28452938e-02  3.86050000e-08  2.33670402e-05  3.86050000e-08  3.48652494e-04  3.86050000e-08  4.50794650e-05  3.86050000e-08  8.31616860e-05  3.86050000e-08  5.89041916e-05  3.86050000e-08  1.34449830e-04 
 3.86150000e-08  1.07650706e-01  3.86150000e-08  2.71600703e-05  3.86150000e-08  3.55062738e-04  3.86150000e-08  4.91892695e-05  3.86150000e-08  8.73156957e-05  3.86150000e-08  6.93731751e-05  3.86150000e-08  1.46367643e-04 
 3.86250000e-08  1.22747459e-01  3.86250000e-08  3.12208380e-05  3.86250000e-08  3.60396903e-04  3.86250000e-08  5.30641786e-05  3.86250000e-08  9.09416983e-05  3.86250000e-08  7.99829986e-05  3.86250000e-08  1.58398306e-04 
 3.86350000e-08  1.37949268e-01  3.86350000e-08  3.55321867e-05  3.86350000e-08  3.64821031e-04  3.86350000e-08  5.66626013e-05  3.86350000e-08  9.40867328e-05  3.86350000e-08  9.05764565e-05  3.86350000e-08  1.70483284e-04 
 3.86450000e-08  1.53090477e-01  3.86450000e-08  4.00953568e-05  3.86450000e-08  3.68526901e-04  3.86450000e-08  5.99704169e-05  3.86450000e-08  9.68344810e-05  3.86450000e-08  1.00996026e-04  3.86450000e-08  1.82602924e-04 
 3.86550000e-08  1.68059558e-01  3.86550000e-08  4.49290535e-05  3.86550000e-08  3.71669621e-04  3.86550000e-08  6.29930727e-05  3.86550000e-08  9.92605217e-05  3.86550000e-08  1.11120300e-04  3.86550000e-08  1.94758819e-04 
 3.86650000e-08  1.82796705e-01  3.86650000e-08  5.00625606e-05  3.86650000e-08  3.74352228e-04  3.86650000e-08  6.57422651e-05  3.86650000e-08  1.01415768e-04  3.86650000e-08  1.20870533e-04  3.86650000e-08  2.06955338e-04 
 3.86750000e-08  1.97277683e-01  3.86750000e-08  5.55313951e-05  3.86750000e-08  3.76635540e-04  3.86750000e-08  6.82292964e-05  3.86750000e-08  1.03328238e-04  3.86750000e-08  1.30199325e-04  3.86750000e-08  2.19182715e-04 
 3.86850000e-08  2.11498314e-01  3.86850000e-08  6.13752881e-05  3.86850000e-08  3.78554268e-04  3.86850000e-08  7.04627063e-05  3.86850000e-08  1.05011222e-04  3.86850000e-08  1.39076995e-04  3.86850000e-08  2.31400129e-04 
 3.86950000e-08  2.25464492e-01  3.86950000e-08  6.76380769e-05  3.86950000e-08  3.80131144e-04  3.86950000e-08  7.24484280e-05  3.86950000e-08  1.06471735e-04  3.86950000e-08  1.47481323e-04  3.86950000e-08  2.43517362e-04 
 3.87050000e-08  2.39187864e-01  3.87050000e-08  7.43688766e-05  3.87050000e-08  3.81386849e-04  3.87050000e-08  7.41909457e-05  3.87050000e-08  1.07716999e-04  3.87050000e-08  1.55391616e-04  3.87050000e-08  2.55376232e-04 
 3.87150000e-08  2.52684989e-01  3.87150000e-08  8.16236661e-05  3.87150000e-08  3.82345184e-04  3.87150000e-08  7.56941656e-05  3.87150000e-08  1.08758018e-04  3.87150000e-08  1.62785948e-04  3.87150000e-08  2.66739100e-04 
 3.87250000e-08  2.65979550e-01  3.87250000e-08  8.94677283e-05  3.87250000e-08  3.83035003e-04  3.87250000e-08  7.69622762e-05  3.87250000e-08  1.09610967e-04  3.87250000e-08  1.69640510e-04  3.87250000e-08  2.77298473e-04 
 3.87350000e-08  2.79104896e-01  3.87350000e-08  9.79777829e-05  3.87350000e-08  3.83489224e-04  3.87350000e-08  7.79994892e-05  3.87350000e-08  1.10296425e-04  3.87350000e-08  1.75929663e-04  3.87350000e-08  2.86727135e-04 
 3.87450000e-08  2.92106658e-01  3.87450000e-08  1.07244131e-04  3.87450000e-08  3.83742996e-04  3.87450000e-08  7.88092263e-05  3.87450000e-08  1.10837906e-04  3.87450000e-08  1.81625816e-04  3.87450000e-08  2.94768831e-04 
 3.87550000e-08  3.05045258e-01  3.87550000e-08  1.17372852e-04  3.87550000e-08  3.83832053e-04  3.87550000e-08  7.93928955e-05  3.87550000e-08  1.11260474e-04  3.87550000e-08  1.86698660e-04  3.87550000e-08  3.01328163e-04 
 3.87650000e-08  3.17998514e-01  3.87650000e-08  1.28488233e-04  3.87650000e-08  3.83791508e-04  3.87650000e-08  7.97483553e-05  3.87650000e-08  1.11589697e-04  3.87650000e-08  1.91113462e-04  3.87650000e-08  3.06496684e-04 
 3.87750000e-08  3.31064822e-01  3.87750000e-08  1.40735572e-04  3.87750000e-08  3.83655095e-04  3.87750000e-08  7.98679823e-05  3.87750000e-08  1.11850979e-04  3.87750000e-08  1.94828203e-04  3.87750000e-08  3.10497415e-04 
 3.87850000e-08  3.44367656e-01  3.87850000e-08  1.54284405e-04  3.87850000e-08  3.83455079e-04  3.87850000e-08  7.97360683e-05  3.87850000e-08  1.12069469e-04  3.87850000e-08  1.97789272e-04  3.87850000e-08  3.13595959e-04 
 3.87950000e-08  3.58062847e-01  3.87950000e-08  1.69331628e-04  3.87950000e-08  3.83222979e-04  3.87950000e-08  7.93251679e-05  3.87950000e-08  1.12270701e-04  3.87950000e-08  1.99925498e-04  3.87950000e-08  3.16033997e-04 
 3.88050000e-08  3.72351727e-01  3.88050000e-08  1.86100957e-04  3.88050000e-08  3.82989635e-04  3.88050000e-08  7.85912191e-05  3.88050000e-08  1.12480809e-04  3.88050000e-08  2.01141418e-04  3.88050000e-08  3.18001897e-04 
 3.88150000e-08  3.87505390e-01  3.88150000e-08  2.04823102e-04  3.88150000e-08  3.82778764e-04  3.88150000e-08  7.74691122e-05  3.88150000e-08  1.12721702e-04  3.88150000e-08  2.01315016e-04  3.88150000e-08  3.19637586e-04 
 3.88250000e-08  4.03900981e-01  3.88250000e-08  2.25649858e-04  3.88250000e-08  3.82587498e-04  3.88250000e-08  7.58737675e-05  3.88250000e-08  1.12995727e-04  3.88250000e-08  2.00309572e-04  3.88250000e-08  3.21034946e-04 
 3.88350000e-08  4.22032626e-01  3.88350000e-08  2.48401677e-04  3.88350000e-08  3.82371610e-04  3.88350000e-08  7.37131929e-05  3.88350000e-08  1.13273331e-04  3.88350000e-08  1.97980031e-04  3.88350000e-08  3.22253969e-04 
 3.88450000e-08  4.42447808e-01  3.88450000e-08  2.71947321e-04  3.88450000e-08  3.82077008e-04  3.88450000e-08  7.09046248e-05  3.88450000e-08  1.13517025e-04  3.88450000e-08  1.94150712e-04  3.88450000e-08  3.23332687e-04 
 3.88550000e-08  4.65612455e-01  3.88550000e-08  2.93168007e-04  3.88550000e-08  3.81670364e-04  3.88550000e-08  6.74405907e-05  3.88550000e-08  1.13704943e-04  3.88550000e-08  1.88615582e-04  3.88550000e-08  3.24297258e-04 
 3.88650000e-08  4.91753887e-01  3.88650000e-08  3.07493990e-04  3.88650000e-08  3.81132915e-04  3.88650000e-08  6.35063610e-05  3.88650000e-08  1.13824922e-04  3.88650000e-08  1.81268881e-04  3.88650000e-08  3.25167731e-04 
 3.88750000e-08  5.20797028e-01  3.88750000e-08  3.13200498e-04  3.88750000e-08  3.80455212e-04  3.88750000e-08  5.94339346e-05  3.88750000e-08  1.13869725e-04  3.88750000e-08  1.72296828e-04  3.88750000e-08  3.25961133e-04 
 3.88850000e-08  5.52451746e-01  3.88850000e-08  3.12559647e-04  3.88850000e-08  3.79642839e-04  3.88850000e-08  5.54557393e-05  3.88850000e-08  1.13842416e-04  3.88850000e-08  1.62156854e-04  3.88850000e-08  3.26693102e-04 
 3.88950000e-08  5.86375834e-01  3.88950000e-08  3.08226820e-04  3.88950000e-08  3.78709137e-04  3.88950000e-08  5.16314516e-05  3.88950000e-08  1.13752037e-04  3.88950000e-08  1.51357883e-04  3.88950000e-08  3.27377959e-04 
 3.89050000e-08  6.22269104e-01  3.89050000e-08  3.01684228e-04  3.89050000e-08  3.77680442e-04  3.89050000e-08  4.79313426e-05  3.89050000e-08  1.13619012e-04  3.89050000e-08  1.40294300e-04  3.89050000e-08  3.28029382e-04 
 3.89150000e-08  6.59906456e-01  3.89150000e-08  2.93573957e-04  3.89150000e-08  3.76591130e-04  3.89150000e-08  4.43077434e-05  3.89150000e-08  1.13471826e-04  3.89150000e-08  1.29214384e-04  3.89150000e-08  3.28660446e-04 
 3.89250000e-08  6.99145825e-01  3.89250000e-08  2.84168150e-04  3.89250000e-08  3.75461658e-04  3.89250000e-08  4.07345947e-05  3.89250000e-08  1.13329270e-04  3.89250000e-08  1.18261264e-04  3.89250000e-08  3.29282162e-04 
 3.89350000e-08  7.39904039e-01  3.89350000e-08  2.73599293e-04  3.89350000e-08  3.74293338e-04  3.89350000e-08  3.72103209e-05  3.89350000e-08  1.13195717e-04  3.89350000e-08  1.07528259e-04  3.89350000e-08  3.29902367e-04 
 3.89450000e-08  7.82121327e-01  3.89450000e-08  2.61932238e-04  3.89450000e-08  3.73082402e-04  3.89450000e-08  3.37445113e-05  3.89450000e-08  1.13072171e-04  3.89450000e-08  9.70825969e-05  3.89450000e-08  3.30524170e-04 
 3.89550000e-08  8.25724688e-01  3.89550000e-08  2.49203778e-04  3.89550000e-08  3.71822112e-04  3.89550000e-08  3.03533099e-05  3.89550000e-08  1.12957668e-04  3.89550000e-08  8.69791765e-05  3.89550000e-08  3.31146331e-04 
 3.89650000e-08  8.70743954e-01  3.89650000e-08  2.35525790e-04  3.89650000e-08  3.70472984e-04  3.89650000e-08  2.70745710e-05  3.89650000e-08  1.12825999e-04  3.89650000e-08  7.72878215e-05  3.89650000e-08  3.31773694e-04 
 3.89750000e-08  9.17183054e-01  3.89750000e-08  2.21114461e-04  3.89750000e-08  3.68981976e-04  3.89750000e-08  2.39611899e-05  3.89750000e-08  1.12638796e-04  3.89750000e-08  6.81081040e-05  3.89750000e-08  3.32401554e-04 
 3.89850000e-08  9.64940437e-01  3.89850000e-08  2.05626867e-04  3.89850000e-08  3.67469154e-04  3.89850000e-08  2.09490622e-05  3.89850000e-08  1.12505272e-04  3.89850000e-08  5.93846035e-05  3.89850000e-08  3.33032761e-04 
 3.89950000e-08  1.01405385e+00  3.89950000e-08  1.88943815e-04  3.89950000e-08  3.65948068e-04  3.89950000e-08  1.80366406e-05  3.89950000e-08  1.12452654e-04  3.89950000e-08  5.10798585e-05  3.89950000e-08  3.33669508e-04 
 3.90050000e-08  1.06463930e+00  3.90050000e-08  1.71461208e-04  3.90050000e-08  3.64292051e-04  3.90050000e-08  1.53042264e-05  3.90050000e-08  1.12391996e-04  3.90050000e-08  4.32790231e-05  3.90050000e-08  3.34305756e-04 
 3.90150000e-08  1.11687520e+00  3.90150000e-08  1.53536456e-04  3.90150000e-08  3.62423421e-04  3.90150000e-08  1.27995200e-05  3.90150000e-08  1.12278916e-04  3.90150000e-08  3.60714121e-05  3.90150000e-08  3.34930428e-04 
 3.90250000e-08  1.17043950e+00  3.90250000e-08  1.34843218e-04  3.90250000e-08  3.60459663e-04  3.90250000e-08  1.04698930e-05  3.90250000e-08  1.12239953e-04  3.90250000e-08  2.93703830e-05  3.90250000e-08  3.35547252e-04 
 3.90350000e-08  1.22560184e+00  3.90350000e-08  1.17392241e-04  3.90350000e-08  3.57923028e-04  3.90350000e-08  8.52631416e-06  3.90350000e-08  1.11887149e-04  3.90350000e-08  2.35370424e-05  3.90350000e-08  3.36134891e-04 
 3.90450000e-08  1.28218870e+00  3.90450000e-08  1.01962048e-04  3.90450000e-08  3.54752914e-04  3.90450000e-08  6.97608246e-06  3.90450000e-08  1.11188001e-04  3.90450000e-08  1.87134982e-05  3.90450000e-08  3.36671647e-04 
 3.90550000e-08  1.33990182e+00  3.90550000e-08  8.79414743e-05  3.90550000e-08  3.51177396e-04  3.90550000e-08  5.69334828e-06  3.90550000e-08  1.10402697e-04  3.90550000e-08  1.47159860e-05  3.90550000e-08  3.37152787e-04 
 3.90650000e-08  1.39819686e+00  3.90650000e-08  7.47689481e-05  3.90650000e-08  3.47242791e-04  3.90650000e-08  4.58965548e-06  3.90650000e-08  1.09699488e-04  3.90650000e-08  1.13222088e-05  3.90650000e-08  3.37613842e-04 
 3.90750000e-08  1.45695269e+00  3.90750000e-08  6.21489057e-05  3.90750000e-08  3.42668664e-04  3.90750000e-08  3.61868383e-06  3.90750000e-08  1.09153401e-04  3.90750000e-08  8.36423677e-06  3.90750000e-08  3.38053513e-04 
 3.90850000e-08  1.51605120e+00  3.90850000e-08  4.99894316e-05  3.90850000e-08  3.36368306e-04  3.90850000e-08  2.75889573e-06  3.90850000e-08  1.08743588e-04  3.90850000e-08  5.71763183e-06  3.90850000e-08  3.38476162e-04 
 3.90950000e-08  1.57521510e+00  3.90950000e-08  3.85935084e-05  3.90950000e-08  3.24656382e-04  3.90950000e-08  2.01787184e-06  3.90950000e-08  1.08211222e-04  3.90950000e-08  3.34739737e-06  3.90950000e-08  3.38883736e-04 
 3.91050000e-08  1.63359492e+00  3.91050000e-08  2.85042125e-05  3.91050000e-08  3.00466463e-04  3.91050000e-08  1.41311734e-06  3.91050000e-08  1.06832596e-04  3.91050000e-08  1.29366700e-06  3.91050000e-08  3.39272151e-04 
 3.91150000e-08  1.68937367e+00  3.91150000e-08  2.02226498e-05  3.91150000e-08  2.65019801e-04  3.91150000e-08  9.53272843e-07  3.91150000e-08  1.03700016e-04  3.91150000e-08  4.22909474e-07  3.91150000e-08  3.39630530e-04 
 3.91250000e-08  1.74047715e+00  3.91250000e-08  1.38988643e-05  3.91250000e-08  2.28230511e-04  3.91250000e-08  6.25745617e-07  3.91250000e-08  9.88709800e-05  3.91250000e-08  1.80799964e-06  3.91250000e-08  3.39942266e-04 
 3.91350000e-08  1.78607121e+00  3.91350000e-08  9.26102007e-06  3.91350000e-08  1.95348392e-04  3.91350000e-08  4.00073044e-07  3.91350000e-08  9.32683387e-05  3.91350000e-08  2.70598564e-06  3.91350000e-08  3.40185468e-04 
 3.91450000e-08  1.82662474e+00  3.91450000e-08  6.00048562e-06  3.91450000e-08  1.67611903e-04  3.91450000e-08  2.50007527e-07  3.91450000e-08  8.77813854e-05  3.91450000e-08  3.25941408e-06  3.91450000e-08  3.40341867e-04 
 3.91550000e-08  1.86307537e+00  3.91550000e-08  3.79183459e-06  3.91550000e-08  1.44846185e-04  3.91550000e-08  1.53187795e-07  3.91550000e-08  8.29166078e-05  3.91550000e-08  3.57277573e-06  3.91550000e-08  3.40404383e-04 
 3.91650000e-08  1.89637326e+00  3.91650000e-08  2.34689682e-06  3.91650000e-08  1.26398340e-04  3.91650000e-08  9.24235904e-08  3.91650000e-08  7.88563299e-05  3.91650000e-08  3.71860404e-06  3.91650000e-08  3.40375683e-04 
 3.91750000e-08  1.92735160e+00  3.91750000e-08  1.43087359e-06  3.91750000e-08  1.11485510e-04  3.91750000e-08  5.52031832e-08  3.91750000e-08  7.55847786e-05  3.91750000e-08  3.74760873e-06  3.91750000e-08  3.40263322e-04 
 3.91850000e-08  1.95670708e+00  3.91850000e-08  8.65129070e-07  3.91850000e-08  9.93542911e-05  3.91850000e-08  3.28416770e-08  3.91850000e-08  7.29853797e-05  3.91850000e-08  3.69672622e-06  3.91850000e-08  3.40075992e-04 
 3.91950000e-08  1.98501726e+00  3.91950000e-08  5.22429053e-07  3.91950000e-08  8.93516927e-05  3.91950000e-08  1.95863491e-08  3.91950000e-08  7.09014360e-05  3.91950000e-08  3.59341927e-06  3.91950000e-08  3.39821346e-04 
 3.92050000e-08  2.01277169e+00  3.92050000e-08  3.17327164e-07  3.92050000e-08  8.09438356e-05  3.92050000e-08  1.17842792e-08  3.92050000e-08  6.91686129e-05  3.92050000e-08  3.45813216e-06  3.92050000e-08  3.39504939e-04 
 3.92150000e-08  2.04039449e+00  3.92150000e-08  1.95155488e-07  3.92150000e-08  7.37141440e-05  3.92150000e-08  7.19532294e-09  3.92150000e-08  6.76350651e-05  3.92150000e-08  3.30603298e-06  3.92150000e-08  3.39129493e-04 
 3.92250000e-08  2.06822560e+00  3.92250000e-08  1.22208290e-07  3.92250000e-08  6.73660893e-05  3.92250000e-08  4.48134573e-09  3.92250000e-08  6.61864469e-05  3.92250000e-08  3.14732751e-06  3.92250000e-08  3.38693663e-04 
 3.92350000e-08  2.09641242e+00  3.92350000e-08  7.82309605e-08  3.92350000e-08  6.17527166e-05  3.92350000e-08  2.85690480e-09  3.92350000e-08  6.48003644e-05  3.92350000e-08  2.98928578e-06  3.92350000e-08  3.38194896e-04 
 3.92450000e-08  2.12487137e+00  3.92450000e-08  5.12865582e-08  3.92450000e-08  5.68474585e-05  3.92450000e-08  1.86702689e-09  3.92450000e-08  6.35535276e-05  3.92450000e-08  2.83479641e-06  3.92450000e-08  3.37631980e-04 
 3.92550000e-08  2.15344512e+00  3.92550000e-08  3.44482019e-08  3.92550000e-08  5.26213005e-05  3.92550000e-08  1.25098532e-09  3.92550000e-08  6.25176793e-05  3.92550000e-08  2.68372326e-06  3.92550000e-08  3.37011630e-04 
 3.92650000e-08  2.18203403e+00  3.92650000e-08  2.37045386e-08  3.92650000e-08  4.89899355e-05  3.92650000e-08  8.59179293e-10  3.92650000e-08  6.16969999e-05  3.92650000e-08  2.53490099e-06  3.92650000e-08  3.36345259e-04 
 3.92750000e-08  2.21060134e+00  3.92750000e-08  1.67059389e-08  3.92750000e-08  4.58458795e-05  3.92750000e-08  6.04588540e-10  3.92750000e-08  6.10518915e-05  3.92750000e-08  2.38701049e-06  3.92750000e-08  3.35642587e-04 
 3.92850000e-08  2.23913171e+00  3.92850000e-08  1.20523421e-08  3.92850000e-08  4.30956503e-05  3.92850000e-08  4.35637650e-10  3.92850000e-08  6.05398843e-05  3.92850000e-08  2.23813820e-06  3.92850000e-08  3.34909782e-04 
 3.92950000e-08  2.26760922e+00  3.92950000e-08  8.89484596e-09  3.92950000e-08  4.06682325e-05  3.92950000e-08  3.21184744e-10  3.92950000e-08  6.01299772e-05  3.92950000e-08  2.08504229e-06  3.92950000e-08  3.34151684e-04 
 3.93050000e-08  2.29601362e+00  3.93050000e-08  6.70992860e-09  3.93050000e-08  3.85101134e-05  3.93050000e-08  2.42087210e-10  3.93050000e-08  5.98009365e-05  3.93050000e-08  1.92238264e-06  3.93050000e-08  3.33375053e-04 
 3.93150000e-08  2.32432370e+00  3.93150000e-08  5.16921176e-09  3.93150000e-08  3.65793267e-05  3.93150000e-08  1.86369041e-10  3.93150000e-08  5.95369517e-05  3.93150000e-08  1.74329010e-06  3.93150000e-08  3.32589979e-04 
 3.93250000e-08  2.35252478e+00  3.93250000e-08  4.06320294e-09  3.93250000e-08  3.48406722e-05  3.93250000e-08  1.46406010e-10  3.93250000e-08  5.93235627e-05  3.93250000e-08  1.54268421e-06  3.93250000e-08  3.31807906e-04 
 3.93350000e-08  2.38061819e+00  3.93350000e-08  3.25602429e-09  3.93350000e-08  3.32619676e-05  3.93350000e-08  1.17261457e-10  3.93350000e-08  5.91436784e-05  3.93350000e-08  1.32154830e-06  3.93350000e-08  3.31037622e-04 
 3.93450000e-08  2.40862131e+00  3.93450000e-08  2.65788161e-09  3.93450000e-08  3.18147055e-05  3.93450000e-08  9.56776187e-11  3.93450000e-08  5.89796908e-05  3.93450000e-08  1.08765398e-06  3.93450000e-08  3.30282187e-04 
 3.93550000e-08  2.43655233e+00  3.93550000e-08  2.20806772e-09  3.93550000e-08  3.04790452e-05  3.93550000e-08  7.94546156e-11  3.93550000e-08  5.88234820e-05  3.93550000e-08  8.50573895e-07  3.93550000e-08  3.29537931e-04 
 3.93650000e-08  2.46441357e+00  3.93650000e-08  1.86516223e-09  3.93650000e-08  2.92445723e-05  3.93650000e-08  6.70929991e-11  3.93650000e-08  5.86802086e-05  3.93650000e-08  6.29127113e-07  3.93650000e-08  3.28795711e-04 
 3.93750000e-08  2.49220364e+00  3.93750000e-08  1.59974204e-09  3.93750000e-08  2.81038515e-05  3.93750000e-08  5.75284216e-11  3.93750000e-08  5.85575872e-05  3.93750000e-08  4.21439028e-07  3.93750000e-08  3.28038556e-04 
 3.93850000e-08  2.51991825e+00  3.93850000e-08  1.39173404e-09  3.93850000e-08  2.70478630e-05  3.93850000e-08  5.00353001e-11  3.93850000e-08  5.84574538e-05  3.93850000e-08  2.36121591e-07  3.93850000e-08  3.27243713e-04 
 3.93950000e-08  2.54754108e+00  3.93950000e-08  1.22640711e-09  3.93950000e-08  2.60672161e-05  3.93950000e-08  4.40815531e-11  3.93950000e-08  5.83782003e-05  3.93950000e-08  8.57000336e-08  3.93950000e-08  3.26384389e-04 
 3.94050000e-08  2.57506530e+00  3.94050000e-08  1.09380444e-09  3.94050000e-08  2.51540335e-05  3.94050000e-08  3.93076191e-11  3.94050000e-08  5.83180834e-05  3.94050000e-08  2.47909385e-08  3.94050000e-08  3.25416697e-04 
 3.94150000e-08  2.60248989e+00  3.94150000e-08  9.85219362e-10  3.94150000e-08  2.42973514e-05  3.94150000e-08  3.53991730e-11  3.94150000e-08  5.82655182e-05  3.94150000e-08  1.34212166e-07  3.94150000e-08  3.24277730e-04 
 3.94250000e-08  2.62975538e+00  3.94250000e-08  8.96748883e-10  3.94250000e-08  2.35115155e-05  3.94250000e-08  3.22153755e-11  3.94250000e-08  5.82651707e-05  3.94250000e-08  2.25385376e-07  3.94250000e-08  3.22867506e-04 
 3.94350000e-08  2.65669072e+00  3.94350000e-08  8.23017163e-10  3.94350000e-08  2.28148717e-05  3.94350000e-08  2.95625301e-11  3.94350000e-08  5.83748383e-05  3.94350000e-08  2.84458063e-07  3.94350000e-08  3.21065365e-04 
 3.94450000e-08  2.68268388e+00  3.94450000e-08  7.58169073e-10  3.94450000e-08  2.23403379e-05  3.94450000e-08  2.72298749e-11  3.94450000e-08  5.89469159e-05  3.94450000e-08  2.94467273e-07  3.94450000e-08  3.18710188e-04 
 3.94550000e-08  2.70714882e+00  3.94550000e-08  6.97950011e-10  3.94550000e-08  2.21271028e-05  3.94550000e-08  2.50643036e-11  3.94550000e-08  6.01144292e-05  3.94550000e-08  2.43502760e-07  3.94550000e-08  3.15622894e-04 
 3.94650000e-08  2.73024464e+00  3.94650000e-08  6.41849670e-10  3.94650000e-08  2.19633453e-05  3.94650000e-08  2.30473657e-11  3.94650000e-08  6.13375184e-05  3.94650000e-08  1.26843456e-07  3.94650000e-08  3.11642263e-04 
 3.94750000e-08  2.75244810e+00  3.94750000e-08  5.90698965e-10  3.94750000e-08  2.16664455e-05  3.94750000e-08  2.12087976e-11  3.94750000e-08  6.21127117e-05  3.94750000e-08  4.83118392e-08  3.94750000e-08  3.06623022e-04 
 3.94850000e-08  2.77406557e+00  3.94850000e-08  5.44873741e-10  3.94850000e-08  2.12111784e-05  3.94850000e-08  1.95619655e-11  3.94850000e-08  6.23490354e-05  3.94850000e-08  2.66793104e-07  3.94850000e-08  3.00446416e-04 
 3.94950000e-08  2.79522335e+00  3.94950000e-08  5.03576088e-10  3.94950000e-08  2.06385815e-05  3.94950000e-08  1.80779678e-11  3.94950000e-08  6.21442832e-05  3.94950000e-08  4.72596618e-07  3.94950000e-08  2.93073774e-04 
 3.95050000e-08  2.81593720e+00  3.95050000e-08  4.66520921e-10  3.95050000e-08  1.99951389e-05  3.95050000e-08  1.67464949e-11  3.95050000e-08  6.16201337e-05  3.95050000e-08  6.51854316e-07  3.95050000e-08  2.84595451e-04 
 3.95150000e-08  2.83618004e+00  3.95150000e-08  4.33402575e-10  3.95150000e-08  1.93114873e-05  3.95150000e-08  1.55565333e-11  3.95150000e-08  6.08585951e-05  3.95150000e-08  8.00669887e-07  3.95150000e-08  2.75225868e-04 
 3.95250000e-08  2.85589744e+00  3.95250000e-08  4.03919146e-10  3.95250000e-08  1.86093472e-05  3.95250000e-08  1.44972244e-11  3.95250000e-08  5.99200323e-05  3.95250000e-08  9.22262317e-07  3.95250000e-08  2.65246701e-04 
 3.95350000e-08  2.87501977e+00  3.95350000e-08  3.77812698e-10  3.95350000e-08  1.79064380e-05  3.95350000e-08  1.35592977e-11  3.95350000e-08  5.88570763e-05  3.95350000e-08  1.02404454e-06  3.95350000e-08  2.54941317e-04 
 3.95450000e-08  2.89346959e+00  3.95450000e-08  3.54894751e-10  3.95450000e-08  1.72199202e-05  3.95450000e-08  1.27359795e-11  3.95450000e-08  5.77252048e-05  3.95450000e-08  1.11515907e-06  3.95450000e-08  2.44551589e-04 
 3.95550000e-08  2.91117931e+00  3.95550000e-08  3.35058956e-10  3.95550000e-08  1.65626132e-05  3.95550000e-08  1.20234488e-11  3.95550000e-08  5.65700966e-05  3.95550000e-08  1.20742786e-06  3.95550000e-08  2.34265045e-04 
 3.95650000e-08  2.92813639e+00  3.95650000e-08  3.18115171e-10  3.95650000e-08  1.59302965e-05  3.95650000e-08  1.14148722e-11  3.95650000e-08  5.53838291e-05  3.95650000e-08  1.31241135e-06  3.95650000e-08  2.24216345e-04 
 3.95750000e-08  2.94438704e+00  3.95750000e-08  3.03405680e-10  3.95750000e-08  1.53061737e-05  3.95750000e-08  1.08865892e-11  3.95750000e-08  5.41164969e-05  3.95750000e-08  1.42021903e-06  3.95750000e-08  2.14487642e-04 
 3.95850000e-08  2.95996919e+00  3.95850000e-08  2.89829276e-10  3.95850000e-08  1.46843873e-05  3.95850000e-08  1.03989819e-11  3.95850000e-08  5.27551463e-05  3.95850000e-08  1.49452890e-06  3.95850000e-08  2.05117238e-04 
 3.95950000e-08  2.97488537e+00  3.95950000e-08  2.76282362e-10  3.95950000e-08  1.40717433e-05  3.95950000e-08  9.91236891e-12  3.95950000e-08  5.13315221e-05  3.95950000e-08  1.50119194e-06  3.95950000e-08  1.96122533e-04 
 3.96050000e-08  2.98911795e+00  3.96050000e-08  2.61911335e-10  3.96050000e-08  1.34772722e-05  3.96050000e-08  9.39609097e-12  3.96050000e-08  4.98864597e-05  3.96050000e-08  1.42491295e-06  3.96050000e-08  1.87517465e-04 
 3.96150000e-08  3.00264796e+00  3.96150000e-08  2.46270554e-10  3.96150000e-08  1.29074766e-05  3.96150000e-08  8.83417819e-12  3.96150000e-08  4.84522885e-05  3.96150000e-08  1.26987036e-06  3.96150000e-08  1.79314403e-04 
 3.96250000e-08  3.01546638e+00  3.96250000e-08  2.29445606e-10  3.96250000e-08  1.23668197e-05  3.96250000e-08  8.22976187e-12  3.96250000e-08  4.70535674e-05  3.96250000e-08  1.05706750e-06  3.96250000e-08  1.71518748e-04 
 3.96350000e-08  3.02757603e+00  3.96350000e-08  2.11944956e-10  3.96350000e-08  1.18591757e-05  3.96350000e-08  7.60115880e-12  3.96350000e-08  4.57120497e-05  3.96350000e-08  8.16578803e-07  3.96350000e-08  1.64126608e-04 
 3.96450000e-08  3.03899447e+00  3.96450000e-08  1.94488569e-10  3.96450000e-08  1.13878110e-05  3.96450000e-08  6.97425669e-12  3.96450000e-08  4.44466146e-05  3.96450000e-08  5.75701162e-07  3.96450000e-08  1.57124161e-04 
 3.96550000e-08  3.04975437e+00  3.96550000e-08  1.77711087e-10  3.96550000e-08  1.09518848e-05  3.96550000e-08  6.37185307e-12  3.96550000e-08  4.32601281e-05  3.96550000e-08  3.55772366e-07  3.96550000e-08  1.50495011e-04 
 3.96650000e-08  3.05988917e+00  3.96650000e-08  1.61902326e-10  3.96650000e-08  1.05465640e-05  3.96650000e-08  5.80435136e-12  3.96650000e-08  4.21400181e-05  3.96650000e-08  1.76184130e-07  3.96650000e-08  1.44229306e-04 
 3.96750000e-08  3.06944362e+00  3.96750000e-08  1.47327742e-10  3.96750000e-08  1.01678578e-05  3.96750000e-08  5.28126359e-12  3.96750000e-08  4.10757021e-05  3.96750000e-08  4.72714166e-08  3.96750000e-08  1.38307354e-04 
 3.96850000e-08  3.07846773e+00  3.96850000e-08  1.34188206e-10  3.96850000e-08  9.81245413e-06  3.96850000e-08  4.80977984e-12  3.96850000e-08  4.00584994e-05  3.96850000e-08  1.91563652e-08  3.96850000e-08  1.32704141e-04 
 3.96950000e-08  3.08701341e+00  3.96950000e-08  1.22562705e-10  3.96950000e-08  9.47708419e-06  3.96950000e-08  4.39270960e-12  3.96950000e-08  3.90792276e-05  3.96950000e-08  1.86646477e-08  3.96950000e-08  1.27392938e-04 
 3.97050000e-08  3.09518402e+00  3.97050000e-08  1.12534475e-10  3.97050000e-08  9.14969811e-06  3.97050000e-08  4.03299299e-12  3.97050000e-08  3.80910152e-05  3.97050000e-08  1.31531065e-08  3.97050000e-08  1.22331923e-04 
 3.97150000e-08  3.10305180e+00  3.97150000e-08  1.03929191e-10  3.97150000e-08  8.82341443e-06  3.97150000e-08  3.72435733e-12  3.97150000e-08  3.70686669e-05  3.97150000e-08  7.09754618e-08  3.97150000e-08  1.17488001e-04 
 3.97250000e-08  3.11071599e+00  3.97250000e-08  9.64476093e-11  3.97250000e-08  8.48287116e-06  3.97250000e-08  3.45604297e-12  3.97250000e-08  3.59509252e-05  3.97250000e-08  1.25759962e-07  3.97250000e-08  1.12828247e-04 
 3.97350000e-08  3.11833940e+00  3.97350000e-08  9.00016200e-11  3.97350000e-08  8.10331828e-06  3.97350000e-08  3.22487568e-12  3.97350000e-08  3.46344778e-05  3.97350000e-08  1.61378735e-07  3.97350000e-08  1.08297876e-04 
 3.97450000e-08  3.12614974e+00  3.97450000e-08  8.45543875e-11  3.97450000e-08  7.65562927e-06  3.97450000e-08  3.02953045e-12  3.97450000e-08  3.29952115e-05  3.97450000e-08  1.79554290e-07  3.97450000e-08  1.03808847e-04 
 3.97550000e-08  3.13427584e+00  3.97550000e-08  8.00002154e-11  3.97550000e-08  7.13122366e-06  3.97550000e-08  2.86621929e-12  3.97550000e-08  3.09923663e-05  3.97550000e-08  1.96483957e-07  3.97550000e-08  9.92909703e-05 
 3.97650000e-08  3.14260235e+00  3.97650000e-08  7.61699755e-11  3.97650000e-08  6.59019778e-06  3.97650000e-08  2.72887317e-12  3.97650000e-08  2.88806240e-05  3.97650000e-08  2.11027154e-07  3.97650000e-08  9.46835438e-05 
 3.97750000e-08  3.15093426e+00  3.97750000e-08  7.29359362e-11  3.97750000e-08  6.08801544e-06  3.97750000e-08  2.61290680e-12  3.97750000e-08  2.69004295e-05  3.97750000e-08  2.16193481e-07  3.97750000e-08  8.99916000e-05 
 3.97850000e-08  3.15914289e+00  3.97850000e-08  7.01908304e-11  3.97850000e-08  5.63627385e-06  3.97850000e-08  2.51447166e-12  3.97850000e-08  2.51055835e-05  3.97850000e-08  2.09932960e-07  3.97850000e-08  8.52763616e-05 
 3.97950000e-08  3.16715310e+00  3.97950000e-08  6.78279236e-11  3.97950000e-08  5.22832696e-06  3.97950000e-08  2.42973982e-12  3.97950000e-08  2.34709165e-05  3.97950000e-08  1.92512077e-07  3.97950000e-08  8.06046863e-05 
 3.98050000e-08  3.17491606e+00  3.98050000e-08  6.57530754e-11  3.98050000e-08  4.85574123e-06  3.98050000e-08  2.35533615e-12  3.98050000e-08  2.19630170e-05  3.98050000e-08  1.66439025e-07  3.98050000e-08  7.60293470e-05 
 3.98150000e-08  3.18239757e+00  3.98150000e-08  6.38868663e-11  3.98150000e-08  4.51229855e-06  3.98150000e-08  2.28841400e-12  3.98150000e-08  2.05578032e-05  3.98150000e-08  1.35469014e-07  3.98150000e-08  7.15878056e-05 
 3.98250000e-08  3.18957331e+00  3.98250000e-08  6.21616091e-11  3.98250000e-08  4.19394814e-06  3.98250000e-08  2.22654760e-12  3.98250000e-08  1.92404780e-05  3.98250000e-08  1.03572126e-07  3.98250000e-08  6.73056123e-05 
 3.98350000e-08  3.19642476e+00  3.98350000e-08  6.05072340e-11  3.98350000e-08  3.89818046e-06  3.98350000e-08  2.16722602e-12  3.98350000e-08  1.80029370e-05  3.98350000e-08  7.48604778e-08  3.98350000e-08  6.32007312e-05 
 3.98450000e-08  3.20293881e+00  3.98450000e-08  5.88524478e-11  3.98450000e-08  3.62327590e-06  3.98450000e-08  2.10789417e-12  3.98450000e-08  1.68404169e-05  3.98450000e-08  5.18535324e-08  3.98450000e-08  5.92855963e-05 
 3.98550000e-08  3.20910760e+00  3.98550000e-08  5.71338766e-11  3.98550000e-08  3.36791106e-06  3.98550000e-08  2.04628093e-12  3.98550000e-08  1.57496983e-05  3.98550000e-08  3.66516420e-08  3.98550000e-08  5.55681581e-05 
 3.98650000e-08  3.21493540e+00  3.98650000e-08  5.53439274e-11  3.98650000e-08  3.13044621e-06  3.98650000e-08  1.98211457e-12  3.98650000e-08  1.47255871e-05  3.98650000e-08  3.06546650e-08  3.98650000e-08  5.20489101e-05 
 3.98750000e-08  3.22041774e+00  3.98750000e-08  5.34078111e-11  3.98750000e-08  2.91033704e-06  3.98750000e-08  1.91271494e-12  3.98750000e-08  1.37680893e-05  3.98750000e-08  3.54639634e-08  3.98750000e-08  4.87317311e-05 
 3.98850000e-08  3.22555159e+00  3.98850000e-08  5.12475224e-11  3.98850000e-08  2.70681086e-06  3.98850000e-08  1.83528727e-12  3.98850000e-08  1.28759776e-05  3.98850000e-08  5.39198669e-08  3.98850000e-08  4.56201265e-05 
 3.98950000e-08  3.23033110e+00  3.98950000e-08  4.87641972e-11  3.98950000e-08  2.51933496e-06  3.98950000e-08  1.74628964e-12  3.98950000e-08  1.20490749e-05  3.98950000e-08  8.92342675e-08  3.98950000e-08  4.27190522e-05 
 3.99050000e-08  3.23474723e+00  3.99050000e-08  4.58559989e-11  3.99050000e-08  2.34788773e-06  3.99050000e-08  1.64207417e-12  3.99050000e-08  1.12895387e-05  3.99050000e-08  1.44830050e-07  3.99050000e-08  4.00344775e-05 
 3.99150000e-08  3.23879031e+00  3.99150000e-08  4.24668164e-11  3.99150000e-08  2.19334841e-06  3.99150000e-08  1.52063195e-12  3.99150000e-08  1.06036391e-05  3.99150000e-08  2.22186673e-07  3.99150000e-08  3.75706534e-05 
 3.99250000e-08  3.24246997e+00  3.99250000e-08  3.86928863e-11  3.99250000e-08  2.05557594e-06  3.99250000e-08  1.38541204e-12  3.99250000e-08  9.99210572e-06  3.99250000e-08  3.12983928e-07  3.99250000e-08  3.53209817e-05 
 3.99350000e-08  3.24581681e+00  3.99350000e-08  3.47539175e-11  3.99350000e-08  1.93219457e-06  3.99350000e-08  1.24428982e-12  3.99350000e-08  9.44418846e-06  3.99350000e-08  4.05789615e-07  3.99350000e-08  3.32698383e-05 
 3.99450000e-08  3.24887384e+00  3.99450000e-08  3.08858936e-11  3.99450000e-08  1.81967058e-06  3.99450000e-08  1.10580156e-12  3.99450000e-08  8.94302983e-06  3.99450000e-08  4.90227307e-07  3.99450000e-08  3.13958665e-05 
 3.99550000e-08  3.25168753e+00  3.99550000e-08  2.72783197e-11  3.99550000e-08  1.71523893e-06  3.99550000e-08  9.76636506e-13  3.99550000e-08  8.47526929e-06  3.99550000e-08  5.59059220e-07  3.99550000e-08  2.96734042e-05 
 3.99650000e-08  3.25430942e+00  3.99650000e-08  2.40632604e-11  3.99650000e-08  1.61657220e-06  3.99650000e-08  8.61523269e-13  3.99650000e-08  8.02947285e-06  3.99650000e-08  6.05648446e-07  3.99650000e-08  2.80721948e-05 
 3.99750000e-08  3.25680470e+00  3.99750000e-08  2.13454992e-11  3.99750000e-08  1.52052818e-06  3.99750000e-08  7.64213356e-13  3.99750000e-08  7.58979026e-06  3.99750000e-08  6.20637797e-07  3.99750000e-08  2.65546193e-05 
 3.99850000e-08  3.25926131e+00  3.99850000e-08  1.92296163e-11  3.99850000e-08  1.42234668e-06  3.99850000e-08  6.88450387e-13  3.99850000e-08  7.13172062e-06  3.99850000e-08  5.89327429e-07  3.99850000e-08  2.50712867e-05 
 3.99925000e-08  3.26114087e+00  3.99925000e-08  1.80989725e-11  3.99925000e-08  1.34396075e-06  3.99925000e-08  6.47961850e-13  3.99925000e-08  6.75866865e-06  3.99925000e-08  5.24614562e-07  3.99925000e-08  2.39461029e-05 
 4.00000000e-08  3.26310699e+00  4.00000000e-08  1.74217063e-11  4.00000000e-08  1.25905579e-06  4.00000000e-08  6.23703008e-13  4.00000000e-08  6.34742639e-06  4.00000000e-08  4.16433863e-07  4.00000000e-08  2.27779223e-05 
