 0.00000000e+00  3.28128854e+00 
 2.50000000e-13  3.28128854e+00 
 5.00000000e-13  3.28128854e+00 
 1.00000000e-12  3.28128854e+00 
 2.00000000e-12  3.28128854e+00 
 4.00000000e-12  3.28128855e+00 
 8.00000000e-12  3.28128855e+00 
 1.60000000e-11  3.28128849e+00 
 3.20000000e-11  3.28128847e+00 
 5.00000000e-11  3.28128980e+00 
 5.25000000e-11  3.28129019e+00 
 5.75000000e-11  3.28129112e+00 
 6.75000000e-11  3.28129372e+00 
 8.37500000e-11  3.28129777e+00 
 1.00000000e-10  3.28129625e+00 
 1.02500000e-10  3.28129499e+00 
 1.07500000e-10  3.28129176e+00 
 1.17500000e-10  3.28128066e+00 
 1.33750000e-10  3.28125028e+00 
 1.50000000e-10  3.28120816e+00 
 1.52500000e-10  3.28120077e+00 
 1.57500000e-10  3.28118572e+00 
 1.67500000e-10  3.28115410e+00 
 1.83750000e-10  3.28109688e+00 
 2.00000000e-10  3.28102891e+00 
 2.02500000e-10  3.28101718e+00 
 2.07500000e-10  3.28099307e+00 
 2.17500000e-10  3.28094087e+00 
 2.33750000e-10  3.28084739e+00 
 2.50000000e-10  3.28075040e+00 
 2.52500000e-10  3.28073577e+00 
 2.57500000e-10  3.28070698e+00 
 2.67500000e-10  3.28065344e+00 
 2.83750000e-10  3.28058135e+00 
 3.00000000e-10  3.28052738e+00 
 3.02500000e-10  3.28052063e+00 
 3.07500000e-10  3.28050758e+00 
 3.17500000e-10  3.28048267e+00 
 3.33750000e-10  3.28044042e+00 
 3.50000000e-10  3.28039360e+00 
 3.52500000e-10  3.28038598e+00 
 3.57500000e-10  3.28037074e+00 
 3.67500000e-10  3.28034150e+00 
 3.83750000e-10  3.28030200e+00 
 4.00000000e-10  3.28027422e+00 
 4.02500000e-10  3.28027104e+00 
 4.07500000e-10  3.28026502e+00 
 4.17500000e-10  3.28025384e+00 
 4.33750000e-10  3.28023311e+00 
 4.50000000e-10  3.28020417e+00 
 4.52500000e-10  3.28019856e+00 
 4.57500000e-10  3.28018686e+00 
 4.67500000e-10  3.28016150e+00 
 4.83750000e-10  3.28011506e+00 
 5.00000000e-10  3.28005746e+00 
 5.02500000e-10  3.28004703e+00 
 5.07500000e-10  3.28002510e+00 
 5.17500000e-10  3.27997351e+00 
 5.33750000e-10  3.27986774e+00 
 5.50000000e-10  3.27974392e+00 
 5.52500000e-10  3.27972411e+00 
 5.57500000e-10  3.27968460e+00 
 5.67500000e-10  3.27960695e+00 
 5.83750000e-10  3.27949059e+00 
 6.00000000e-10  3.27939615e+00 
 6.02500000e-10  3.27938456e+00 
 6.07500000e-10  3.27936315e+00 
 6.17500000e-10  3.27933246e+00 
 6.33750000e-10  3.27932054e+00 
 6.50000000e-10  3.27935528e+00 
 6.52500000e-10  3.27936510e+00 
 6.57500000e-10  3.27938678e+00 
 6.67500000e-10  3.27944252e+00 
 6.83750000e-10  3.27956882e+00 
 7.00000000e-10  3.27973859e+00 
 7.02500000e-10  3.27976896e+00 
 7.07500000e-10  3.27983154e+00 
 7.17500000e-10  3.27996682e+00 
 7.33750000e-10  3.28021170e+00 
 7.50000000e-10  3.28048587e+00 
 7.52500000e-10  3.28053098e+00 
 7.57500000e-10  3.28062271e+00 
 7.67500000e-10  3.28081665e+00 
 7.83750000e-10  3.28116580e+00 
 8.00000000e-10  3.28155543e+00 
 8.02500000e-10  3.28161898e+00 
 8.07500000e-10  3.28174723e+00 
 8.17500000e-10  3.28200702e+00 
 8.33750000e-10  3.28242393e+00 
 8.50000000e-10  3.28282309e+00 
 8.52500000e-10  3.28288229e+00 
 8.57500000e-10  3.28299984e+00 
 8.67500000e-10  3.28323186e+00 
 8.83750000e-10  3.28360738e+00 
 9.00000000e-10  3.28398507e+00 
 9.02500000e-10  3.28404346e+00 
 9.07500000e-10  3.28416027e+00 
 9.17500000e-10  3.28439391e+00 
 9.33750000e-10  3.28477375e+00 
 9.50000000e-10  3.28515420e+00 
 9.52500000e-10  3.28521280e+00 
 9.57500000e-10  3.28532992e+00 
 9.67500000e-10  3.28556224e+00 
 9.83750000e-10  3.28592887e+00 
 1.00000000e-09  3.28627802e+00 
 1.00250000e-09  3.28632987e+00 
 1.00750000e-09  3.28643269e+00 
 1.01750000e-09  3.28663287e+00 
 1.03375000e-09  3.28694185e+00 
 1.05000000e-09  3.28722931e+00 
 1.05250000e-09  3.28727117e+00 
 1.05750000e-09  3.28735381e+00 
 1.06750000e-09  3.28751406e+00 
 1.08375000e-09  3.28776388e+00 
 1.10000000e-09  3.28799944e+00 
 1.10250000e-09  3.28803393e+00 
 1.10750000e-09  3.28810172e+00 
 1.11750000e-09  3.28822797e+00 
 1.13375000e-09  3.28839681e+00 
 1.15000000e-09  3.28851178e+00 
 1.15250000e-09  3.28852351e+00 
 1.15750000e-09  3.28854415e+00 
 1.16750000e-09  3.28856959e+00 
 1.18375000e-09  3.28856912e+00 
 1.20000000e-09  3.28851581e+00 
 1.20250000e-09  3.28850200e+00 
 1.20750000e-09  3.28847136e+00 
 1.21750000e-09  3.28838902e+00 
 1.23375000e-09  3.28818616e+00 
 1.25000000e-09  3.28789393e+00 
 1.25250000e-09  3.28784001e+00 
 1.25750000e-09  3.28772827e+00 
 1.26750000e-09  3.28748366e+00 
 1.28375000e-09  3.28703110e+00 
 1.30000000e-09  3.28650977e+00 
 1.30250000e-09  3.28642240e+00 
 1.30750000e-09  3.28624409e+00 
 1.31750000e-09  3.28586590e+00 
 1.33375000e-09  3.28519211e+00 
 1.35000000e-09  3.28444826e+00 
 1.35250000e-09  3.28432699e+00 
 1.35750000e-09  3.28408110e+00 
 1.36750000e-09  3.28356757e+00 
 1.38375000e-09  3.28266693e+00 
 1.40000000e-09  3.28168514e+00 
 1.40250000e-09  3.28152635e+00 
 1.40750000e-09  3.28120554e+00 
 1.41750000e-09  3.28054662e+00 
 1.43375000e-09  3.27943645e+00 
 1.45000000e-09  3.27828940e+00 
 1.45250000e-09  3.27811021e+00 
 1.45750000e-09  3.27775091e+00 
 1.46750000e-09  3.27702748e+00 
 1.48375000e-09  3.27584736e+00 
 1.50000000e-09  3.27468392e+00 
 1.50250000e-09  3.27450880e+00 
 1.50750000e-09  3.27416169e+00 
 1.51750000e-09  3.27349107e+00 
 1.53375000e-09  3.27249178e+00 
 1.55000000e-09  3.27163282e+00 
 1.55250000e-09  3.27151677e+00 
 1.55750000e-09  3.27129312e+00 
 1.56750000e-09  3.27089844e+00 
 1.58375000e-09  3.27042125e+00 
 1.60000000e-09  3.27017132e+00 
 1.60250000e-09  3.27015760e+00 
 1.60750000e-09  3.27014277e+00 
 1.61750000e-09  3.27019080e+00 
 1.63375000e-09  3.27050252e+00 
 1.65000000e-09  3.27111870e+00 
 1.65250000e-09  3.27124473e+00 
 1.65750000e-09  3.27151169e+00 
 1.66750000e-09  3.27213482e+00 
 1.68375000e-09  3.27339201e+00 
 1.70000000e-09  3.27492308e+00 
 1.70250000e-09  3.27518317e+00 
 1.70750000e-09  3.27571310e+00 
 1.71750000e-09  3.27682434e+00 
 1.73375000e-09  3.27874504e+00 
 1.75000000e-09  3.28076002e+00 
 1.75250000e-09  3.28107528e+00 
 1.75750000e-09  3.28170636e+00 
 1.76750000e-09  3.28296339e+00 
 1.78375000e-09  3.28495291e+00 
 1.80000000e-09  3.28681483e+00 
 1.80250000e-09  3.28708365e+00 
 1.80750000e-09  3.28761210e+00 
 1.81750000e-09  3.28860444e+00 
 1.83375000e-09  3.29002436e+00 
 1.85000000e-09  3.29120832e+00 
 1.85250000e-09  3.29136763e+00 
 1.85750000e-09  3.29167801e+00 
 1.86750000e-09  3.29224308e+00 
 1.88375000e-09  3.29301944e+00 
 1.90000000e-09  3.29365459e+00 
 1.90250000e-09  3.29374049e+00 
 1.90750000e-09  3.29390939e+00 
 1.91750000e-09  3.29422730e+00 
 1.93375000e-09  3.29470315e+00 
 1.95000000e-09  3.29514486e+00 
 1.95250000e-09  3.29520982e+00 
 1.95750000e-09  3.29533941e+00 
 1.96750000e-09  3.29559410e+00 
 1.98375000e-09  3.29599767e+00 
 2.00000000e-09  3.29638937e+00 
 2.00250000e-09  3.29644832e+00 
 2.00750000e-09  3.29656599e+00 
 2.01750000e-09  3.29679774e+00 
 2.03375000e-09  3.29716290e+00 
 2.05000000e-09  3.29751523e+00 
 2.05250000e-09  3.29756828e+00 
 2.05750000e-09  3.29767406e+00 
 2.06750000e-09  3.29788451e+00 
 2.08375000e-09  3.29822896e+00 
 2.10000000e-09  3.29858205e+00 
 2.10250000e-09  3.29863773e+00 
 2.10750000e-09  3.29874987e+00 
 2.11750000e-09  3.29897892e+00 
 2.13375000e-09  3.29936619e+00 
 2.15000000e-09  3.29977551e+00 
 2.15250000e-09  3.29984136e+00 
 2.15750000e-09  3.29997466e+00 
 2.16750000e-09  3.30027576e+00 
 2.18375000e-09  3.30077998e+00 
 2.20000000e-09  3.30133289e+00 
 2.20250000e-09  3.30142573e+00 
 2.20750000e-09  3.30161607e+00 
 2.21750000e-09  3.30202511e+00 
 2.23375000e-09  3.30279080e+00 
 2.25000000e-09  3.30373862e+00 
 2.25250000e-09  3.30390787e+00 
 2.25750000e-09  3.30426275e+00 
 2.26750000e-09  3.30507482e+00 
 2.28375000e-09  3.30676471e+00 
 2.30000000e-09  3.30907373e+00 
 2.30250000e-09  3.30950374e+00 
 2.30750000e-09  3.31041519e+00 
 2.31750000e-09  3.31246660e+00 
 2.33375000e-09  3.31599143e+00 
 2.35000000e-09  3.31759882e+00 
 2.35250000e-09  3.31733894e+00 
 2.35750000e-09  3.31638310e+00 
 2.36750000e-09  3.31138309e+00 
 2.38375000e-09  3.29311381e+00 
 2.40000000e-09  3.26145302e+00 
 2.40250000e-09  3.25491985e+00 
 2.40750000e-09  3.24103241e+00 
 2.41750000e-09  3.20816840e+00 
 2.43375000e-09  3.13841170e+00 
 2.45000000e-09  3.04252245e+00 
 2.45250000e-09  3.02447009e+00 
 2.45750000e-09  2.98608552e+00 
 2.46750000e-09  2.89319200e+00 
 2.48375000e-09  2.65239745e+00 
 2.50000000e-09  2.22236257e+00 
 2.50250000e-09  2.13510419e+00 
 2.50750000e-09  1.95167743e+00 
 2.51750000e-09  1.53302504e+00 
 2.53375000e-09  7.83165547e-01 
 2.55000000e-09  2.61273244e-01 
 2.55250000e-09  2.19974510e-01 
 2.55750000e-09  1.51188158e-01 
 2.56750000e-09  7.41012862e-02 
 2.58375000e-09  3.16332285e-02 
 2.60000000e-09  2.05524687e-02 
 2.60226924e-09  1.95235874e-02 
 2.60680772e-09  1.75074862e-02 
 2.61588469e-09  1.40987001e-02 
 2.63294234e-09  9.51507654e-03 
 2.65000000e-09  6.55715151e-03 
 2.65250000e-09  6.22336871e-03 
 2.65750000e-09  5.58671360e-03 
 2.66750000e-09  4.49725670e-03 
 2.68375000e-09  3.14257055e-03 
 2.70000000e-09  2.18376784e-03 
 2.70250000e-09  2.06883283e-03 
 2.70750000e-09  1.85130510e-03 
 2.71750000e-09  1.48406868e-03 
 2.73375000e-09  1.04482808e-03 
 2.75000000e-09  7.55450240e-04 
 2.75250000e-09  7.22521142e-04 
 2.75750000e-09  6.61039631e-04 
 2.76750000e-09  5.59796571e-04 
 2.78375000e-09  4.40585232e-04 
 2.80000000e-09  3.59148504e-04 
 2.80250000e-09  3.49255112e-04 
 2.80750000e-09  3.30584232e-04 
 2.81750000e-09  2.97761043e-04 
 2.83375000e-09  2.54947502e-04 
 2.85000000e-09  2.21674188e-04 
 2.85250000e-09  2.17270063e-04 
 2.85750000e-09  2.08779751e-04 
 2.86750000e-09  2.01127026e-04 
 2.88375000e-09  1.75949010e-04 
 2.90000000e-09  1.51001672e-04 
 2.90250000e-09  1.48156326e-04 
 2.90750000e-09  1.43678274e-04 
 2.91750000e-09  1.35049853e-04 
 2.93375000e-09  1.17246903e-04 
 2.95000000e-09  9.82236860e-05 
 2.95250000e-09  9.39328734e-05 
 2.95750000e-09  8.47595493e-05 
 2.96750000e-09  5.31483732e-05 
 2.98375000e-09 -5.98527766e-05 
 3.00000000e-09 -2.68650558e-04 
 3.00250000e-09 -3.10126706e-04 
 3.00750000e-09 -3.97806113e-04 
 3.01750000e-09 -5.94303054e-04 
 3.03375000e-09 -9.24949202e-04 
 3.05000000e-09 -1.35936371e-03 
 3.05250000e-09 -1.42863782e-03 
 3.05750000e-09 -1.56886264e-03 
 3.06750000e-09 -1.85651841e-03 
 3.08375000e-09 -2.33725133e-03 
 3.10000000e-09 -2.83084001e-03 
 3.10250000e-09 -2.90718582e-03 
 3.10750000e-09 -3.06146080e-03 
 3.11750000e-09 -3.37440436e-03 
 3.13375000e-09 -3.89703373e-03 
 3.15000000e-09 -4.45114554e-03 
 3.15250000e-09 -4.54008196e-03 
 3.15750000e-09 -4.72454674e-03 
 3.16750000e-09 -5.11683278e-03 
 3.18375000e-09 -5.84528773e-03 
 3.20000000e-09 -6.76032189e-03 
 3.20250000e-09 -6.92483393e-03 
 3.20750000e-09 -7.28624784e-03 
 3.21750000e-09 -8.10899970e-03 
 3.23375000e-09 -9.79407781e-03 
 3.25000000e-09 -1.19112787e-02 
 3.25250000e-09 -1.22373943e-02 
 3.25750000e-09 -1.29152994e-02 
 3.26750000e-09 -1.39877959e-02 
 3.28375000e-09 -1.34798611e-02 
 3.30000000e-09 -7.36571715e-03 
 3.30250000e-09 -5.66208975e-03 
 3.30750000e-09 -1.82562549e-03 
 3.31750000e-09  8.13978585e-03 
 3.33375000e-09  3.29047332e-02 
 3.35000000e-09  7.05769820e-02 
 3.35250000e-09  7.78761658e-02 
 3.35750000e-09  9.34038708e-02 
 3.36750000e-09  1.30607479e-01 
 3.38375000e-09  2.14488334e-01 
 3.40000000e-09  3.45906042e-01 
 3.40250000e-09  3.73326051e-01 
 3.40750000e-09  4.34617852e-01 
 3.41750000e-09  6.07537375e-01 
 3.43375000e-09  1.05631923e+00 
 3.45000000e-09  1.69787876e+00 
 3.45250000e-09  1.81275074e+00 
 3.45750000e-09  2.04533893e+00 
 3.46750000e-09  2.46994031e+00 
 3.48375000e-09  2.91431114e+00 
 3.50000000e-09  3.12884015e+00 
 3.50250000e-09  3.14647386e+00 
 3.50750000e-09  3.17759547e+00 
 3.51750000e-09  3.22012378e+00 
 3.53375000e-09  3.25589024e+00 
 3.55000000e-09  3.27209589e+00 
 3.55250000e-09  3.27372886e+00 
 3.55750000e-09  3.27678842e+00 
 3.56750000e-09  3.28181364e+00 
 3.58375000e-09  3.28765848e+00 
 3.60000000e-09  3.29146731e+00 
 3.60250000e-09  3.29190074e+00 
 3.60750000e-09  3.29271520e+00 
 3.61750000e-09  3.29406455e+00 
 3.63375000e-09  3.29564817e+00 
 3.65000000e-09  3.29669618e+00 
 3.65250000e-09  3.29681822e+00 
 3.65750000e-09  3.29704938e+00 
 3.66750000e-09  3.29744199e+00 
 3.68375000e-09  3.29792728e+00 
 3.70000000e-09  3.29827892e+00 
 3.70250000e-09  3.29832324e+00 
 3.70750000e-09  3.29840873e+00 
 3.71750000e-09  3.29856359e+00 
 3.73375000e-09  3.29878058e+00 
 3.75000000e-09  3.29896045e+00 
 3.75250000e-09  3.29898383e+00 
 3.75750000e-09  3.29902689e+00 
 3.76750000e-09  3.29910738e+00 
 3.78375000e-09  3.29924806e+00 
 3.80000000e-09  3.29940534e+00 
 3.80250000e-09  3.29942923e+00 
 3.80750000e-09  3.29947525e+00 
 3.81750000e-09  3.29955912e+00 
 3.83375000e-09  3.29967249e+00 
 3.85000000e-09  3.29976109e+00 
 3.85250000e-09  3.29977245e+00 
 3.85750000e-09  3.29979414e+00 
 3.86750000e-09  3.29983250e+00 
 3.88375000e-09  3.29987954e+00 
 3.90000000e-09  3.29990907e+00 
 3.90250000e-09  3.29991227e+00 
 3.90750000e-09  3.29991800e+00 
 3.91750000e-09  3.29992708e+00 
 3.93375000e-09  3.29993679e+00 
 3.95000000e-09  3.29994197e+00 
 3.95250000e-09  3.29994236e+00 
 3.95750000e-09  3.29994245e+00 
 3.96750000e-09  3.29994139e+00 
 3.98375000e-09  3.29993967e+00 
 4.00000000e-09  3.29994119e+00 
 4.00250000e-09  3.29994179e+00 
 4.00750000e-09  3.29994327e+00 
 4.01750000e-09  3.29994823e+00 
 4.03375000e-09  3.29996236e+00 
 4.05000000e-09  3.29997926e+00 
 4.05250000e-09  3.29998047e+00 
 4.05750000e-09  3.29998241e+00 
 4.06750000e-09  3.29998214e+00 
 4.08375000e-09  3.29997445e+00 
 4.10000000e-09  3.29996341e+00 
 4.10250000e-09  3.29996159e+00 
 4.10750000e-09  3.29995780e+00 
 4.11750000e-09  3.29995022e+00 
 4.13375000e-09  3.29994022e+00 
 4.15000000e-09  3.29993370e+00 
 4.15250000e-09  3.29993317e+00 
 4.15750000e-09  3.29993234e+00 
 4.16750000e-09  3.29993161e+00 
 4.18375000e-09  3.29993080e+00 
 4.20000000e-09  3.29992895e+00 
 4.20250000e-09  3.29992882e+00 
 4.20750000e-09  3.29992857e+00 
 4.21750000e-09  3.29992891e+00 
 4.23375000e-09  3.29993176e+00 
 4.25000000e-09  3.29993773e+00 
 4.25250000e-09  3.29993889e+00 
 4.25750000e-09  3.29994100e+00 
 4.26750000e-09  3.29994577e+00 
 4.28375000e-09  3.29995754e+00 
 4.30000000e-09  3.29997446e+00 
 4.30250000e-09  3.29997739e+00 
 4.30750000e-09  3.29998318e+00 
 4.31750000e-09  3.29999377e+00 
 4.33375000e-09  3.30000501e+00 
 4.35000000e-09  3.30000857e+00 
 4.35250000e-09  3.30000769e+00 
 4.35750000e-09  3.30000604e+00 
 4.36750000e-09  3.30000216e+00 
 4.38375000e-09  3.29999555e+00 
 4.40000000e-09  3.29999029e+00 
 4.40250000e-09  3.29998956e+00 
 4.40750000e-09  3.29998815e+00 
 4.41750000e-09  3.29998503e+00 
 4.43375000e-09  3.29997693e+00 
 4.45000000e-09  3.29996361e+00 
 4.45250000e-09  3.29996132e+00 
 4.45750000e-09  3.29995818e+00 
 4.46750000e-09  3.29995922e+00 
 4.48375000e-09  3.29995993e+00 
 4.50000000e-09  3.29996595e+00 
 4.50250000e-09  3.29996804e+00 
 4.50750000e-09  3.29997316e+00 
 4.51750000e-09  3.29998771e+00 
 4.53375000e-09  3.30002323e+00 
 4.55000000e-09  3.30005518e+00 
 4.55250000e-09  3.30005707e+00 
 4.55750000e-09  3.30005850e+00 
 4.56750000e-09  3.30004694e+00 
 4.58375000e-09  3.29999080e+00 
 4.60000000e-09  3.29990760e+00 
 4.60250000e-09  3.29989325e+00 
 4.60750000e-09  3.29986509e+00 
 4.61750000e-09  3.29981604e+00 
 4.63375000e-09  3.29975782e+00 
 4.65000000e-09  3.29972916e+00 
 4.65250000e-09  3.29972909e+00 
 4.65750000e-09  3.29973069e+00 
 4.66750000e-09  3.29974267e+00 
 4.68375000e-09  3.29978343e+00 
 4.70000000e-09  3.29984527e+00 
 4.70250000e-09  3.29985242e+00 
 4.70750000e-09  3.29986537e+00 
 4.71750000e-09  3.29988546e+00 
 4.73375000e-09  3.29990440e+00 
 4.75000000e-09  3.29992751e+00 
 4.75250000e-09  3.29993370e+00 
 4.75750000e-09  3.29994554e+00 
 4.76750000e-09  3.29996720e+00 
 4.78375000e-09  3.29999315e+00 
 4.80000000e-09  3.30000669e+00 
 4.80250000e-09  3.30000759e+00 
 4.80750000e-09  3.30000867e+00 
 4.81750000e-09  3.30000770e+00 
 4.83375000e-09  3.29999834e+00 
 4.85000000e-09  3.29998128e+00 
 4.85250000e-09  3.29997776e+00 
 4.85750000e-09  3.29996952e+00 
 4.86750000e-09  3.29994919e+00 
 4.88375000e-09  3.29990588e+00 
 4.90000000e-09  3.29984341e+00 
 4.90250000e-09  3.29983200e+00 
 4.90750000e-09  3.29980632e+00 
 4.91750000e-09  3.29975180e+00 
 4.93375000e-09  3.29967576e+00 
 4.95000000e-09  3.29964204e+00 
 4.95250000e-09  3.29964237e+00 
 4.95750000e-09  3.29964391e+00 
 4.96750000e-09  3.29965687e+00 
 4.98375000e-09  3.29969605e+00 
 5.00000000e-09  3.29975789e+00 
 5.00250000e-09  3.29977049e+00 
 5.00750000e-09  3.29979739e+00 
 5.01750000e-09  3.29986820e+00 
 5.03375000e-09  3.30004460e+00 
 5.05000000e-09  3.30032481e+00 
 5.05250000e-09  3.30037537e+00 
 5.05750000e-09  3.30047899e+00 
 5.06750000e-09  3.30069992e+00 
 5.08375000e-09  3.30107912e+00 
 5.10000000e-09  3.30144636e+00 
 5.10250000e-09  3.30149903e+00 
 5.10750000e-09  3.30160755e+00 
 5.11750000e-09  3.30182981e+00 
 5.13375000e-09  3.30219665e+00 
 5.15000000e-09  3.30258245e+00 
 5.15250000e-09  3.30264268e+00 
 5.15750000e-09  3.30276345e+00 
 5.16750000e-09  3.30300879e+00 
 5.18375000e-09  3.30341874e+00 
 5.20000000e-09  3.30383573e+00 
 5.20250000e-09  3.30389676e+00 
 5.20750000e-09  3.30401713e+00 
 5.21750000e-09  3.30423615e+00 
 5.23375000e-09  3.30453368e+00 
 5.25000000e-09  3.30479720e+00 
 5.25250000e-09  3.30483797e+00 
 5.25750000e-09  3.30492299e+00 
 5.26750000e-09  3.30511334e+00 
 5.28375000e-09  3.30549129e+00 
 5.30000000e-09  3.30597727e+00 
 5.30250000e-09  3.30606403e+00 
 5.30750000e-09  3.30624627e+00 
 5.31750000e-09  3.30665948e+00 
 5.33375000e-09  3.30748868e+00 
 5.35000000e-09  3.30857157e+00 
 5.35250000e-09  3.30876846e+00 
 5.35750000e-09  3.30918619e+00 
 5.36750000e-09  3.31014959e+00 
 5.38375000e-09  3.31216302e+00 
 5.40000000e-09  3.31491093e+00 
 5.40250000e-09  3.31540613e+00 
 5.40750000e-09  3.31643173e+00 
 5.41750000e-09  3.31840198e+00 
 5.43375000e-09  3.31931185e+00 
 5.45000000e-09  3.31264344e+00 
 5.45250000e-09  3.31044357e+00 
 5.45750000e-09  3.30530176e+00 
 5.46750000e-09  3.29122343e+00 
 5.48375000e-09  3.25505454e+00 
 5.50000000e-09  3.19889665e+00 
 5.50250000e-09  3.18800077e+00 
 5.50750000e-09  3.16494258e+00 
 5.51750000e-09  3.11053538e+00 
 5.53375000e-09  2.99120671e+00 
 5.55000000e-09  2.80397392e+00 
 5.55250000e-09  2.76322259e+00 
 5.55750000e-09  2.66930996e+00 
 5.56750000e-09  2.41142369e+00 
 5.58375000e-09  1.80685590e+00 
 5.60000000e-09  1.01874066e+00 
 5.60250000e-09  8.91404523e-01 
 5.60750000e-09  6.57845206e-01 
 5.61750000e-09  3.19662696e-01 
 5.63367277e-09  8.09869210e-02 
 5.65000000e-09  3.31628507e-02 
 5.65250000e-09  3.10699220e-02 
 5.65750000e-09  2.70150238e-02 
 5.66750000e-09  2.04435157e-02 
 5.68375000e-09  1.32455828e-02 
 5.70000000e-09  8.88505638e-03 
 5.70250000e-09  8.38129553e-03 
 5.70750000e-09  7.42415667e-03 
 5.71750000e-09  5.80320212e-03 
 5.73375000e-09  3.84420988e-03 
 5.75000000e-09  2.51591825e-03 
 5.75250000e-09  2.36137071e-03 
 5.75750000e-09  2.07114940e-03 
 5.76750000e-09  1.59041700e-03 
 5.78375000e-09  1.03216553e-03 
 5.80000000e-09  6.75802738e-04 
 5.80250000e-09  6.36052449e-04 
 5.80750000e-09  5.62381524e-04 
 5.81750000e-09  4.42951951e-04 
 5.83375000e-09  3.07041166e-04 
 5.85000000e-09  2.19701877e-04 
 5.85250000e-09  2.09677769e-04 
 5.85750000e-09  1.90929837e-04 
 5.86750000e-09  1.59829233e-04 
 5.88375000e-09  1.23058114e-04 
 5.90000000e-09  9.83229459e-05 
 5.90250000e-09  9.53006403e-05 
 5.90750000e-09  8.94742510e-05 
 5.91750000e-09  7.92562626e-05 
 5.93375000e-09  6.62076633e-05 
 5.95000000e-09  5.61702373e-05 
 5.95250000e-09  5.49310095e-05 
 5.95750000e-09  5.27121249e-05 
 5.96750000e-09  4.89951140e-05 
 5.98375000e-09  4.31012340e-05 
 6.00000000e-09  3.72134745e-05 
 6.00250000e-09  3.62981673e-05 
 6.00750000e-09  3.45713361e-05 
 6.01750000e-09  3.07176279e-05 
 6.03375000e-09  2.23292685e-05 
 6.05000000e-09  1.12752086e-05 
 6.05250000e-09  1.02973948e-05 
 6.05750000e-09  8.57318386e-06 
 6.06750000e-09  7.03457784e-06 
 6.08375000e-09  7.37563246e-06 
 6.10000000e-09  8.98087259e-06 
 6.10250000e-09  9.16936419e-06 
 6.10750000e-09  9.32166021e-06 
 6.11750000e-09  9.36015476e-06 
 6.13375000e-09  9.58965353e-06 
 6.15000000e-09  1.04133572e-05 
 6.15250000e-09  1.05453553e-05 
 6.15750000e-09  1.06202708e-05 
 6.16750000e-09  1.01269816e-05 
 6.18375000e-09  7.24409833e-06 
 6.20000000e-09  1.64202102e-06 
 6.20250000e-09  6.91819468e-07 
 6.20750000e-09 -1.21842561e-06 
 6.21750000e-09 -4.48357416e-06 
 6.23375000e-09 -7.65641529e-06 
 6.25000000e-09 -7.80318880e-06 
 6.25250000e-09 -7.73092680e-06 
 6.25750000e-09 -7.59766543e-06 
 6.26750000e-09 -6.89732823e-06 
 6.28375000e-09 -4.19123652e-06 
 6.30000000e-09  1.42210146e-06 
 6.30250000e-09  2.04604329e-06 
 6.30750000e-09  3.26611198e-06 
 6.31750000e-09  5.72371469e-06 
 6.33375000e-09  9.51037513e-06 
 6.35000000e-09  1.16464533e-05 
 6.35250000e-09  1.18581653e-05 
 6.35750000e-09  1.22202592e-05 
 6.36750000e-09  1.26627023e-05 
 6.38375000e-09  1.23547459e-05 
 6.40000000e-09  1.08355836e-05 
 6.40250000e-09  1.05371801e-05 
 6.40750000e-09  9.88239640e-06 
 6.41750000e-09  8.40211708e-06 
 6.43375000e-09  5.25185075e-06 
 6.45000000e-09  1.82056281e-06 
 6.45250000e-09  1.32973792e-06 
 6.45750000e-09  2.77645599e-08 
 6.46750000e-09 -3.35666236e-06 
 6.48375000e-09 -9.73091946e-06 
 6.50000000e-09 -1.84500934e-05 
 6.50250000e-09 -1.97859336e-05 
 6.50750000e-09 -2.26425171e-05 
 6.51750000e-09 -2.62565365e-05 
 6.53375000e-09 -2.61032787e-05 
 6.55000000e-09 -1.93991369e-05 
 6.55250000e-09 -1.75347928e-05 
 6.55750000e-09 -1.37138746e-05 
 6.56750000e-09 -3.40083431e-06 
 6.58375000e-09  2.11521938e-05 
 6.60000000e-09  5.58263241e-05 
 6.60250000e-09  6.15002930e-05 
 6.60750000e-09  7.25279750e-05 
 6.61750000e-09  9.35931716e-05 
 6.63375000e-09  1.21376026e-04 
 6.65000000e-09  1.29107355e-04 
 6.65250000e-09  1.29283622e-04 
 6.65750000e-09  1.28760536e-04 
 6.66750000e-09  1.22913689e-04 
 6.68375000e-09  1.11638834e-04 
 6.70000000e-09  1.00904448e-04 
 6.70250000e-09  9.96708390e-05 
 6.70750000e-09  9.76131973e-05 
 6.71750000e-09  9.09302455e-05 
 6.73375000e-09  6.53695828e-05 
 6.75000000e-09  2.60891819e-05 
 6.75250000e-09  2.00231754e-05 
 6.75750000e-09  9.21652625e-06 
 6.76750000e-09 -6.18289993e-06 
 6.78375000e-09 -1.33680224e-05 
 6.80000000e-09 -3.58169870e-07 
 6.80250000e-09  3.09067238e-06 
 6.80750000e-09  1.15065237e-05 
 6.81750000e-09  3.43243267e-05 
 6.83375000e-09  8.88810547e-05 
 6.85000000e-09  1.54263159e-04 
 6.85250000e-09  1.62178800e-04 
 6.85750000e-09  1.76657079e-04 
 6.86750000e-09  1.90966605e-04 
 6.88375000e-09  1.61224910e-04 
 6.90000000e-09  2.57942341e-05 
 6.90250000e-09 -1.01472353e-05 
 6.90750000e-09 -9.58510801e-05 
 6.91750000e-09 -3.22955263e-04 
 6.93375000e-09 -8.17826330e-04 
 6.95000000e-09 -1.34356279e-03 
 6.95250000e-09 -1.42825727e-03 
 6.95750000e-09 -1.60137845e-03 
 6.96750000e-09 -1.95446813e-03 
 6.98375000e-09 -2.50971224e-03 
 7.00000000e-09 -3.03145464e-03 
 7.00250000e-09 -3.10842602e-03 
 7.00750000e-09 -3.26273800e-03 
 7.01750000e-09 -3.56928409e-03 
 7.03375000e-09 -4.07726388e-03 
 7.05000000e-09 -4.61053085e-03 
 7.05250000e-09 -4.69567668e-03 
 7.05750000e-09 -4.87269641e-03 
 7.06750000e-09 -5.24472021e-03 
 7.08375000e-09 -5.90717704e-03 
 7.10000000e-09 -6.67924343e-03 
 7.10250000e-09 -6.80846584e-03 
 7.10750000e-09 -7.09165710e-03 
 7.11750000e-09 -7.71760425e-03 
 7.13375000e-09 -8.98359583e-03 
 7.15000000e-09 -1.06382374e-02 
 7.15250000e-09 -1.09096892e-02 
 7.15750000e-09 -1.14914244e-02 
 7.16750000e-09 -1.25606766e-02 
 7.18375000e-09 -1.30853867e-02 
 7.20000000e-09 -9.70163213e-03 
 7.20250000e-09 -8.58092475e-03 
 7.20750000e-09 -5.96565422e-03 
 7.21750000e-09  1.57778046e-03 
 7.23375000e-09  2.09196936e-02 
 7.25000000e-09  5.19534163e-02 
 7.25250000e-09  5.80631064e-02 
 7.25750000e-09  7.10930367e-02 
 7.26750000e-09  1.02464192e-01 
 7.28375000e-09  1.73033848e-01 
 7.30000000e-09  2.80968243e-01 
 7.30250000e-09  3.02917085e-01 
 7.30750000e-09  3.51148594e-01 
 7.31750000e-09  4.82621565e-01 
 7.33375000e-09  8.54764903e-01 
 7.35000000e-09  1.43428303e+00 
 7.35250000e-09  1.54283172e+00 
 7.35750000e-09  1.76688737e+00 
 7.36750000e-09  2.23027413e+00 
 7.38375000e-09  2.78547034e+00 
 7.40000000e-09  3.07422460e+00 
 7.40250000e-09  3.09855704e+00 
 7.40750000e-09  3.14147958e+00 
 7.41750000e-09  3.19998822e+00 
 7.43375000e-09  3.24801878e+00 
 7.45000000e-09  3.26824305e+00 
 7.45250000e-09  3.27017391e+00 
 7.45750000e-09  3.27377369e+00 
 7.46750000e-09  3.27961431e+00 
 7.48375000e-09  3.28631781e+00 
 7.50000000e-09  3.29064666e+00 
 7.50250000e-09  3.29113831e+00 
 7.50750000e-09  3.29206239e+00 
 7.51750000e-09  3.29359269e+00 
 7.53375000e-09  3.29538120e+00 
 7.55000000e-09  3.29655525e+00 
 7.55250000e-09  3.29669072e+00 
 7.55750000e-09  3.29694643e+00 
 7.56750000e-09  3.29737790e+00 
 7.58375000e-09  3.29790947e+00 
 7.60000000e-09  3.29829624e+00 
 7.60250000e-09  3.29834527e+00 
 7.60750000e-09  3.29843977e+00 
 7.61750000e-09  3.29860962e+00 
 7.63375000e-09  3.29883292e+00 
 7.65000000e-09  3.29900660e+00 
 7.65250000e-09  3.29903429e+00 
 7.65750000e-09  3.29908940e+00 
 7.66750000e-09  3.29920266e+00 
 7.68375000e-09  3.29938124e+00 
 7.70000000e-09  3.29953561e+00 
 7.70250000e-09  3.29955624e+00 
 7.70750000e-09  3.29959572e+00 
 7.71750000e-09  3.29966798e+00 
 7.73375000e-09  3.29976291e+00 
 7.75000000e-09  3.29983122e+00 
 7.75250000e-09  3.29983915e+00 
 7.75750000e-09  3.29985343e+00 
 7.76750000e-09  3.29987557e+00 
 7.78375000e-09  3.29989955e+00 
 7.80000000e-09  3.29991444e+00 
 7.80250000e-09  3.29991642e+00 
 7.80750000e-09  3.29992002e+00 
 7.81750000e-09  3.29992660e+00 
 7.83375000e-09  3.29993468e+00 
 7.85000000e-09  3.29994033e+00 
 7.85250000e-09  3.29994143e+00 
 7.85750000e-09  3.29994308e+00 
 7.86750000e-09  3.29994552e+00 
 7.88375000e-09  3.29995192e+00 
 7.90000000e-09  3.29996684e+00 
 7.90250000e-09  3.29996954e+00 
 7.90750000e-09  3.29997502e+00 
 7.91750000e-09  3.29998159e+00 
 7.93375000e-09  3.29997960e+00 
 7.95000000e-09  3.29996805e+00 
 7.95250000e-09  3.29996597e+00 
 7.95750000e-09  3.29996181e+00 
 7.96750000e-09  3.29995384e+00 
 7.98375000e-09  3.29994282e+00 
 8.00000000e-09  3.29993479e+00 
 8.00250000e-09  3.29993388e+00 
 8.00750000e-09  3.29993207e+00 
 8.01750000e-09  3.29992895e+00 
 8.03375000e-09  3.29992531e+00 
 8.05000000e-09  3.29992235e+00 
 8.05250000e-09  3.29992195e+00 
 8.05750000e-09  3.29992121e+00 
 8.06750000e-09  3.29992072e+00 
 8.08375000e-09  3.29992237e+00 
 8.10000000e-09  3.29992749e+00 
 8.10250000e-09  3.29992865e+00 
 8.10750000e-09  3.29993080e+00 
 8.11750000e-09  3.29993571e+00 
 8.13375000e-09  3.29994732e+00 
 8.15000000e-09  3.29996451e+00 
 8.15250000e-09  3.29996764e+00 
 8.15750000e-09  3.29997392e+00 
 8.16750000e-09  3.29998594e+00 
 8.18375000e-09  3.29999983e+00 
 8.20000000e-09  3.30000600e+00 
 8.20250000e-09  3.30000605e+00 
 8.20750000e-09  3.30000490e+00 
 8.21750000e-09  3.30000182e+00 
 8.23375000e-09  3.29999552e+00 
 8.25000000e-09  3.29998977e+00 
 8.25250000e-09  3.29998911e+00 
 8.25750000e-09  3.29998782e+00 
 8.26750000e-09  3.29998489e+00 
 8.28375000e-09  3.29997785e+00 
 8.30000000e-09  3.29996537e+00 
 8.30250000e-09  3.29996295e+00 
 8.30750000e-09  3.29995848e+00 
 8.31750000e-09  3.29995283e+00 
 8.33375000e-09  3.29995836e+00 
 8.35000000e-09  3.29996612e+00 
 8.35250000e-09  3.29996777e+00 
 8.35750000e-09  3.29997214e+00 
 8.36750000e-09  3.29998564e+00 
 8.38375000e-09  3.30002043e+00 
 8.40000000e-09  3.30005225e+00 
 8.40250000e-09  3.30005408e+00 
 8.40750000e-09  3.30005546e+00 
 8.41750000e-09  3.30004350e+00 
 8.43375000e-09  3.29998506e+00 
 8.45000000e-09  3.29989903e+00 
 8.45250000e-09  3.29988447e+00 
 8.45750000e-09  3.29985594e+00 
 8.46750000e-09  3.29980732e+00 
 8.48375000e-09  3.29974862e+00 
 8.50000000e-09  3.29972175e+00 
 8.50250000e-09  3.29972207e+00 
 8.50750000e-09  3.29972435e+00 
 8.51750000e-09  3.29973763e+00 
 8.53375000e-09  3.29978283e+00 
 8.55000000e-09  3.29984320e+00 
 8.55250000e-09  3.29985045e+00 
 8.55750000e-09  3.29986360e+00 
 8.56750000e-09  3.29988339e+00 
 8.58375000e-09  3.29990427e+00 
 8.60000000e-09  3.29993275e+00 
 8.60250000e-09  3.29993918e+00 
 8.60750000e-09  3.29995122e+00 
 8.61750000e-09  3.29997221e+00 
 8.63375000e-09  3.29999601e+00 
 8.65000000e-09  3.30000734e+00 
 8.65250000e-09  3.30000787e+00 
 8.65750000e-09  3.30000827e+00 
 8.66750000e-09  3.30000628e+00 
 8.68375000e-09  3.29999505e+00 
 8.70000000e-09  3.29997531e+00 
 8.70250000e-09  3.29997126e+00 
 8.70750000e-09  3.29996167e+00 
 8.71750000e-09  3.29993780e+00 
 8.73375000e-09  3.29988714e+00 
 8.75000000e-09  3.29981507e+00 
 8.75250000e-09  3.29980244e+00 
 8.75750000e-09  3.29977480e+00 
 8.76750000e-09  3.29972084e+00 
 8.78375000e-09  3.29965804e+00 
 8.80000000e-09  3.29964179e+00 
 8.80250000e-09  3.29964415e+00 
 8.80750000e-09  3.29964917e+00 
 8.81750000e-09  3.29966678e+00 
 8.83375000e-09  3.29971177e+00 
 8.85000000e-09  3.29978402e+00 
 8.85250000e-09  3.29979905e+00 
 8.85750000e-09  3.29983161e+00 
 8.86750000e-09  3.29991755e+00 
 8.88375000e-09  3.30013655e+00 
 8.90000000e-09  3.30044784e+00 
 8.90250000e-09  3.30050227e+00 
 8.90750000e-09  3.30061372e+00 
 8.91750000e-09  3.30084865e+00 
 8.93375000e-09  3.30123740e+00 
 8.95000000e-09  3.30160115e+00 
 8.95250000e-09  3.30165662e+00 
 8.95750000e-09  3.30176639e+00 
 8.96750000e-09  3.30198438e+00 
 8.98375000e-09  3.30235524e+00 
 9.00000000e-09  3.30274642e+00 
 9.00250000e-09  3.30280660e+00 
 9.00750000e-09  3.30292813e+00 
 9.01750000e-09  3.30317753e+00 
 9.03375000e-09  3.30359586e+00 
 9.05000000e-09  3.30401106e+00 
 9.05250000e-09  3.30406929e+00 
 9.05750000e-09  3.30418316e+00 
 9.06750000e-09  3.30438786e+00 
 9.08375000e-09  3.30467219e+00 
 9.10000000e-09  3.30494429e+00 
 9.10250000e-09  3.30498853e+00 
 9.10750000e-09  3.30508123e+00 
 9.11750000e-09  3.30529157e+00 
 9.13375000e-09  3.30571537e+00 
 9.15000000e-09  3.30626496e+00 
 9.15250000e-09  3.30636357e+00 
 9.15750000e-09  3.30657099e+00 
 9.16750000e-09  3.30704125e+00 
 9.18375000e-09  3.30798332e+00 
 9.20000000e-09  3.30921847e+00 
 9.20250000e-09  3.30944307e+00 
 9.20750000e-09  3.30992108e+00 
 9.21750000e-09  3.31103108e+00 
 9.23375000e-09  3.31337646e+00 
 9.25000000e-09  3.31647067e+00 
 9.25250000e-09  3.31699151e+00 
 9.25750000e-09  3.31801651e+00 
 9.26750000e-09  3.31952848e+00 
 9.28375000e-09  3.31758301e+00 
 9.30000000e-09  3.30513092e+00 
 9.30250000e-09  3.30178695e+00 
 9.30750000e-09  3.29487805e+00 
 9.31750000e-09  3.27636738e+00 
 9.33375000e-09  3.23083224e+00 
 9.35000000e-09  3.16356159e+00 
 9.35250000e-09  3.15065333e+00 
 9.35750000e-09  3.12332773e+00 
 9.36750000e-09  3.05859046e+00 
 9.38375000e-09  2.91238085e+00 
 9.40000000e-09  2.65515079e+00 
 9.40250000e-09  2.59631434e+00 
 9.40750000e-09  2.46578952e+00 
 9.41750000e-09  2.13598764e+00 
 9.43375000e-09  1.42922290e+00 
 9.45000000e-09  6.61334284e-01 
 9.45250000e-09  5.62103438e-01 
 9.45750000e-09  3.89313443e-01 
 9.46750000e-09  1.73705756e-01 
 9.48375000e-09  4.80481811e-02 
 9.50000000e-09  2.60955442e-02 
 9.50178051e-09  2.49663017e-02 
 9.50534152e-09  2.27331222e-02 
 9.51246355e-09  1.88194568e-02 
 9.52670761e-09  1.29790958e-02 
 9.55000000e-09  7.21058329e-03 
 9.55250000e-09  6.80419851e-03 
 9.55750000e-09  6.02980689e-03 
 9.56750000e-09  4.70611792e-03 
 9.58375000e-09  3.10044250e-03 
 9.60000000e-09  2.01940452e-03 
 9.60250000e-09  1.89472914e-03 
 9.60750000e-09  1.66109065e-03 
 9.61750000e-09  1.27580900e-03 
 9.63375000e-09  8.31238536e-04 
 9.65000000e-09  5.49540262e-04 
 9.65250000e-09  5.18270379e-04 
 9.65750000e-09  4.60369758e-04 
 9.66750000e-09  3.66278067e-04 
 9.68375000e-09  2.58384662e-04 
 9.70000000e-09  1.88451003e-04 
 9.70250000e-09  1.80356205e-04 
 9.70750000e-09  1.65136348e-04 
 9.71750000e-09  1.39645713e-04 
 9.73375000e-09  1.09246960e-04 
 9.75000000e-09  8.86338568e-05 
 9.75250000e-09  8.62185633e-05 
 9.75750000e-09  8.16897495e-05 
 9.76750000e-09  7.39758597e-05 
 9.78375000e-09  6.36623410e-05 
 9.80000000e-09  5.48033938e-05 
 9.80250000e-09  5.34891800e-05 
 9.80750000e-09  5.08578668e-05 
 9.81750000e-09  4.56462000e-05 
 9.83375000e-09  3.79772658e-05 
 9.85000000e-09  3.20798802e-05 
 9.85250000e-09  3.14038875e-05 
 9.85750000e-09  2.99625603e-05 
 9.86750000e-09  2.65190712e-05 
 9.88375000e-09  1.72787368e-05 
 9.90000000e-09  9.12963098e-06 
 9.90250000e-09  8.63750998e-06 
 9.90750000e-09  7.72847204e-06 
 9.91750000e-09  7.00707056e-06 
 9.93375000e-09  7.64167225e-06 
 9.95000000e-09  8.98651653e-06 
 9.95250000e-09  9.21069204e-06 
 9.95750000e-09  9.53912358e-06 
 9.96750000e-09  1.01712128e-05 
 9.98375000e-09  1.12124130e-05 
 1.00000000e-08  1.20113237e-05 
 1.00025000e-08  1.19579329e-05 
 1.00075000e-08  1.15459201e-05 
 1.00175000e-08  9.71525986e-06 
 1.00337500e-08  4.62560120e-06 
 1.00500000e-08 -2.19064424e-06 
 1.00525000e-08 -3.18694907e-06 
 1.00575000e-08 -5.03145316e-06 
 1.00675000e-08 -7.72504979e-06 
 1.00837500e-08 -9.03795210e-06 
 1.01000000e-08 -8.45599348e-06 
 1.01025000e-08 -8.18131991e-06 
 1.01075000e-08 -7.59862027e-06 
 1.01175000e-08 -5.97903948e-06 
 1.01337500e-08 -1.56155861e-06 
 1.01500000e-08  3.83254520e-06 
 1.01525000e-08  4.39334294e-06 
 1.01575000e-08  5.52551008e-06 
 1.01675000e-08  7.72917414e-06 
 1.01837500e-08  1.10322515e-05 
 1.02000000e-08  1.24048232e-05 
 1.02025000e-08  1.24738532e-05 
 1.02075000e-08  1.25098538e-05 
 1.02175000e-08  1.21665697e-05 
 1.02337500e-08  1.07229373e-05 
 1.02500000e-08  8.51745147e-06 
 1.02525000e-08  8.22926952e-06 
 1.02575000e-08  7.68077363e-06 
 1.02675000e-08  6.37523567e-06 
 1.02837500e-08  3.79371229e-06 
 1.03000000e-08  9.58025408e-07 
 1.03025000e-08  3.34660393e-07 
 1.03075000e-08 -1.28778144e-06 
 1.03175000e-08 -5.10198045e-06 
 1.03337500e-08 -1.27421878e-05 
 1.03500000e-08 -2.20735756e-05 
 1.03525000e-08 -2.30235879e-05 
 1.03575000e-08 -2.49026062e-05 
 1.03675000e-08 -2.60102364e-05 
 1.03837500e-08 -2.23009914e-05 
 1.04000000e-08 -1.25049151e-05 
 1.04025000e-08 -1.01942700e-05 
 1.04075000e-08 -5.29675616e-06 
 1.04175000e-08  7.71287759e-06 
 1.04337500e-08  3.81595500e-05 
 1.04500000e-08  7.45547895e-05 
 1.04525000e-08  7.97155188e-05 
 1.04575000e-08  9.03720726e-05 
 1.04675000e-08  1.10891166e-04 
 1.04837500e-08  1.25086456e-04 
 1.05000000e-08  1.27426740e-04 
 1.05025000e-08  1.25919798e-04 
 1.05075000e-08  1.23559546e-04 
 1.05175000e-08  1.17653783e-04 
 1.05337500e-08  1.06261067e-04 
 1.05500000e-08  9.88439275e-05 
 1.05525000e-08  9.67752508e-05 
 1.05575000e-08  9.29119325e-05 
 1.05675000e-08  7.95963802e-05 
 1.05837500e-08  4.34194453e-05 
 1.06000000e-08  6.17182154e-06 
 1.06025000e-08  1.75076436e-06 
 1.06075000e-08 -6.00652775e-06 
 1.06175000e-08 -1.42125298e-05 
 1.06337500e-08 -1.02425922e-05 
 1.06500000e-08  1.20386009e-05 
 1.06525000e-08  1.71762074e-05 
 1.06575000e-08  2.95231643e-05 
 1.06675000e-08  6.12181679e-05 
 1.06837500e-08  1.26930969e-04 
 1.07000000e-08  1.82341513e-04 
 1.07025000e-08  1.86517356e-04 
 1.07075000e-08  1.92569060e-04 
 1.07175000e-08  1.85712689e-04 
 1.07337500e-08  1.04005096e-04 
 1.07500000e-08 -1.19972450e-04 
 1.07525000e-08 -1.73380063e-04 
 1.07575000e-08 -2.89370701e-04 
 1.07675000e-08 -5.72316267e-04 
 1.07837500e-08 -1.11059801e-03 
 1.08000000e-08 -1.63238792e-03 
 1.08025000e-08 -1.72484030e-03 
 1.08075000e-08 -1.90689381e-03 
 1.08175000e-08 -2.25643297e-03 
 1.08337500e-08 -2.79098040e-03 
 1.08500000e-08 -3.29829441e-03 
 1.08525000e-08 -3.37398769e-03 
 1.08575000e-08 -3.52553744e-03 
 1.08675000e-08 -3.83410600e-03 
 1.08837500e-08 -4.34958165e-03 
 1.09000000e-08 -4.89850947e-03 
 1.09025000e-08 -4.98832728e-03 
 1.09075000e-08 -5.17542679e-03 
 1.09175000e-08 -5.56882885e-03 
 1.09337500e-08 -6.27882662e-03 
 1.09500000e-08 -7.13114578e-03 
 1.09525000e-08 -7.27663873e-03 
 1.09575000e-08 -7.59996559e-03 
 1.09675000e-08 -8.32403697e-03 
 1.09837500e-08 -9.78789382e-03 
 1.10000000e-08 -1.15774902e-02 
 1.10025000e-08 -1.18453239e-02 
 1.10075000e-08 -1.23886432e-02 
 1.10175000e-08 -1.31358315e-02 
 1.10337500e-08 -1.20057246e-02 
 1.10500000e-08 -5.41922472e-03 
 1.10525000e-08 -3.67658492e-03 
 1.10575000e-08  2.11272385e-04 
 1.10675000e-08  1.01758061e-02 
 1.10837500e-08  3.51820795e-02 
 1.11000000e-08  7.33301141e-02 
 1.11025000e-08  8.07593228e-02 
 1.11075000e-08  9.65920467e-02 
 1.11175000e-08  1.34732927e-01 
 1.11337500e-08  2.21694757e-01 
 1.11500000e-08  3.60554428e-01 
 1.11525000e-08  3.89954531e-01 
 1.11575000e-08  4.56188749e-01 
 1.11675000e-08  6.44022887e-01 
 1.11837500e-08  1.12293367e+00 
 1.12000000e-08  1.79599976e+00 
 1.12025000e-08  1.91478550e+00 
 1.12075000e-08  2.15160545e+00 
 1.12175000e-08  2.55647605e+00 
 1.12337500e-08  2.96310091e+00 
 1.12500000e-08  3.15167822e+00 
 1.12522511e-08  3.16539781e+00 
 1.12567533e-08  3.18984290e+00 
 1.12657578e-08  3.22433314e+00 
 1.12837667e-08  3.26041935e+00 
 1.13000000e-08  3.27458157e+00 
 1.13025000e-08  3.27606377e+00 
 1.13075000e-08  3.27884584e+00 
 1.13175000e-08  3.28343213e+00 
 1.13337500e-08  3.28877267e+00 
 1.13500000e-08  3.29224235e+00 
 1.13525000e-08  3.29263739e+00 
 1.13575000e-08  3.29337923e+00 
 1.13675000e-08  3.29460632e+00 
 1.13837500e-08  3.29604384e+00 
 1.14000000e-08  3.29699559e+00 
 1.14025000e-08  3.29710647e+00 
 1.14075000e-08  3.29731639e+00 
 1.14175000e-08  3.29767394e+00 
 1.14337500e-08  3.29812237e+00 
 1.14500000e-08  3.29845686e+00 
 1.14525000e-08  3.29849976e+00 
 1.14575000e-08  3.29858202e+00 
 1.14675000e-08  3.29872831e+00 
 1.14837500e-08  3.29891922e+00 
 1.15000000e-08  3.29909123e+00 
 1.15025000e-08  3.29912065e+00 
 1.15075000e-08  3.29917918e+00 
 1.15175000e-08  3.29929509e+00 
 1.15337500e-08  3.29946621e+00 
 1.15500000e-08  3.29960549e+00 
 1.15525000e-08  3.29962365e+00 
 1.15575000e-08  3.29965900e+00 
 1.15675000e-08  3.29972000e+00 
 1.15837500e-08  3.29979783e+00 
 1.16000000e-08  3.29985256e+00 
 1.16025000e-08  3.29985881e+00 
 1.16075000e-08  3.29987010e+00 
 1.16175000e-08  3.29988788e+00 
 1.16337500e-08  3.29990741e+00 
 1.16500000e-08  3.29992004e+00 
 1.16525000e-08  3.29992167e+00 
 1.16575000e-08  3.29992457e+00 
 1.16675000e-08  3.29992987e+00 
 1.16837500e-08  3.29993637e+00 
 1.17000000e-08  3.29994221e+00 
 1.17025000e-08  3.29994327e+00 
 1.17075000e-08  3.29994525e+00 
 1.17175000e-08  3.29994983e+00 
 1.17337500e-08  3.29996176e+00 
 1.17500000e-08  3.29997928e+00 
 1.17525000e-08  3.29998081e+00 
 1.17575000e-08  3.29998313e+00 
 1.17675000e-08  3.29998227e+00 
 1.17837500e-08  3.29997204e+00 
 1.18000000e-08  3.29995829e+00 
 1.18025000e-08  3.29995632e+00 
 1.18075000e-08  3.29995251e+00 
 1.18175000e-08  3.29994571e+00 
 1.18337500e-08  3.29993689e+00 
 1.18500000e-08  3.29993073e+00 
 1.18525000e-08  3.29993011e+00 
 1.18575000e-08  3.29992893e+00 
 1.18675000e-08  3.29992713e+00 
 1.18837500e-08  3.29992487e+00 
 1.19000000e-08  3.29992207e+00 
 1.19025000e-08  3.29992174e+00 
 1.19075000e-08  3.29992106e+00 
 1.19175000e-08  3.29992062e+00 
 1.19337500e-08  3.29992295e+00 
 1.19500000e-08  3.29992943e+00 
 1.19525000e-08  3.29993091e+00 
 1.19575000e-08  3.29993395e+00 
 1.19675000e-08  3.29994135e+00 
 1.19837500e-08  3.29995726e+00 
 1.20000000e-08  3.29997667e+00 
 1.20025000e-08  3.29997976e+00 
 1.20075000e-08  3.29998573e+00 
 1.20175000e-08  3.29999597e+00 
 1.20337500e-08  3.30000606e+00 
 1.20500000e-08  3.30000755e+00 
 1.20525000e-08  3.30000652e+00 
 1.20575000e-08  3.30000421e+00 
 1.20675000e-08  3.29999801e+00 
 1.20837500e-08  3.29998983e+00 
 1.21000000e-08  3.29998447e+00 
 1.21025000e-08  3.29998380e+00 
 1.21075000e-08  3.29998284e+00 
 1.21175000e-08  3.29998099e+00 
 1.21337500e-08  3.29997311e+00 
 1.21500000e-08  3.29995974e+00 
 1.21525000e-08  3.29995758e+00 
 1.21575000e-08  3.29995493e+00 
 1.21675000e-08  3.29995667e+00 
 1.21837500e-08  3.29995969e+00 
 1.22000000e-08  3.29996981e+00 
 1.22025000e-08  3.29997271e+00 
 1.22075000e-08  3.29997968e+00 
 1.22175000e-08  3.29999841e+00 
 1.22337500e-08  3.30003728e+00 
 1.22500000e-08  3.30005393e+00 
 1.22525000e-08  3.30005228e+00 
 1.22575000e-08  3.30004653e+00 
 1.22675000e-08  3.30002000e+00 
 1.22837500e-08  3.29994700e+00 
 1.23000000e-08  3.29985613e+00 
 1.23025000e-08  3.29984266e+00 
 1.23075000e-08  3.29981914e+00 
 1.23175000e-08  3.29977788e+00 
 1.23337500e-08  3.29973106e+00 
 1.23500000e-08  3.29972421e+00 
 1.23525000e-08  3.29972678e+00 
 1.23575000e-08  3.29973348e+00 
 1.23675000e-08  3.29975473e+00 
 1.23837500e-08  3.29981550e+00 
 1.24000000e-08  3.29986535e+00 
 1.24025000e-08  3.29987115e+00 
 1.24075000e-08  3.29988075e+00 
 1.24175000e-08  3.29989367e+00 
 1.24337500e-08  3.29991612e+00 
 1.24500000e-08  3.29995183e+00 
 1.24525000e-08  3.29995772e+00 
 1.24575000e-08  3.29996846e+00 
 1.24675000e-08  3.29998574e+00 
 1.24837500e-08  3.30000287e+00 
 1.25000000e-08  3.30000729e+00 
 1.25025000e-08  3.30000686e+00 
 1.25075000e-08  3.30000530e+00 
 1.25175000e-08  3.29999944e+00 
 1.25337500e-08  3.29998409e+00 
 1.25500000e-08  3.29995897e+00 
 1.25525000e-08  3.29995408e+00 
 1.25575000e-08  3.29994280e+00 
 1.25675000e-08  3.29991543e+00 
 1.25837500e-08  3.29985613e+00 
 1.26000000e-08  3.29977347e+00 
 1.26025000e-08  3.29976014e+00 
 1.26075000e-08  3.29973234e+00 
 1.26175000e-08  3.29968515e+00 
 1.26337500e-08  3.29964558e+00 
 1.26500000e-08  3.29965047e+00 
 1.26525000e-08  3.29965503e+00 
 1.26575000e-08  3.29966412e+00 
 1.26675000e-08  3.29968842e+00 
 1.26837500e-08  3.29974483e+00 
 1.27000000e-08  3.29983784e+00 
 1.27025000e-08  3.29985760e+00 
 1.27075000e-08  3.29990090e+00 
 1.27175000e-08  3.30001385e+00 
 1.27337500e-08  3.30029019e+00 
 1.27500000e-08  3.30063522e+00 
 1.27525000e-08  3.30069289e+00 
 1.27575000e-08  3.30080926e+00 
 1.27675000e-08  3.30104659e+00 
 1.27837500e-08  3.30142223e+00 
 1.28000000e-08  3.30177587e+00 
 1.28025000e-08  3.30183233e+00 
 1.28075000e-08  3.30194454e+00 
 1.28175000e-08  3.30217262e+00 
 1.28337500e-08  3.30255932e+00 
 1.28500000e-08  3.30295656e+00 
 1.28525000e-08  3.30301835e+00 
 1.28575000e-08  3.30314321e+00 
 1.28675000e-08  3.30339921e+00 
 1.28837500e-08  3.30382172e+00 
 1.29000000e-08  3.30421631e+00 
 1.29025000e-08  3.30426859e+00 
 1.29075000e-08  3.30437060e+00 
 1.29175000e-08  3.30455639e+00 
 1.29337500e-08  3.30483222e+00 
 1.29500000e-08  3.30512389e+00 
 1.29525000e-08  3.30517338e+00 
 1.29575000e-08  3.30527731e+00 
 1.29675000e-08  3.30551453e+00 
 1.29837500e-08  3.30599545e+00 
 1.30000000e-08  3.30662138e+00 
 1.30025000e-08  3.30673384e+00 
 1.30075000e-08  3.30697060e+00 
 1.30175000e-08  3.30750868e+00 
 1.30337500e-08  3.30859598e+00 
 1.30500000e-08  3.31004232e+00 
 1.30525000e-08  3.31030794e+00 
 1.30575000e-08  3.31087547e+00 
 1.30675000e-08  3.31219988e+00 
 1.30837500e-08  3.31497145e+00 
 1.31000000e-08  3.31820419e+00 
 1.31025000e-08  3.31865032e+00 
 1.31075000e-08  3.31940877e+00 
 1.31175000e-08  3.31955085e+00 
 1.31337500e-08  3.31263464e+00 
 1.31500000e-08  3.29285928e+00 
 1.31525000e-08  3.28849245e+00 
 1.31575000e-08  3.27886595e+00 
 1.31675000e-08  3.25417475e+00 
 1.31837500e-08  3.19740948e+00 
 1.32000000e-08  3.11589834e+00 
 1.32025000e-08  3.10030217e+00 
 1.32075000e-08  3.06719000e+00 
 1.32175000e-08  2.98780588e+00 
 1.32337500e-08  2.79643982e+00 
 1.32500000e-08  2.42664993e+00 
 1.32525000e-08  2.34666993e+00 
 1.32575000e-08  2.17559280e+00 
 1.32675000e-08  1.77179501e+00 
 1.32837500e-08  9.82043549e-01 
 1.33000000e-08  3.52352656e-01 
 1.33025000e-08  2.94171433e-01 
 1.33075000e-08  1.97048075e-01 
 1.33175000e-08  8.89777289e-02 
 1.33337500e-08  3.28425173e-02 
 1.33500000e-08  2.04936246e-02 
 1.33519126e-08  1.95548470e-02 
 1.33557377e-08  1.77286427e-02 
 1.33633879e-08  1.45845271e-02 
 1.33786884e-08  9.92005552e-03 
 1.34000000e-08  5.82134827e-03 
 1.34025000e-08  5.48285330e-03 
 1.34075000e-08  4.84188454e-03 
 1.34175000e-08  3.75847678e-03 
 1.34337500e-08  2.45981289e-03 
 1.34500000e-08  1.59724244e-03 
 1.34525000e-08  1.49818835e-03 
 1.34575000e-08  1.31298583e-03 
 1.34675000e-08  1.00914238e-03 
 1.34837500e-08  6.61264179e-04 
 1.35000000e-08  4.42624982e-04 
 1.35025000e-08  4.18399796e-04 
 1.35075000e-08  3.73633270e-04 
 1.35175000e-08  3.00892543e-04 
 1.35337500e-08  2.16983947e-04 
 1.35500000e-08  1.62126722e-04 
 1.35525000e-08  1.55640483e-04 
 1.35575000e-08  1.43302009e-04 
 1.35675000e-08  1.22207791e-04 
 1.35837500e-08  9.66994978e-05 
 1.36000000e-08  7.92284057e-05 
 1.36025000e-08  7.72453767e-05 
 1.36075000e-08  7.36147022e-05 
 1.36175000e-08  6.75887678e-05 
 1.36337500e-08  5.91212862e-05 
 1.36500000e-08  5.13419563e-05 
 1.36525000e-08  5.01326611e-05 
 1.36575000e-08  4.75778229e-05 
 1.36675000e-08  4.25704689e-05 
 1.36837500e-08  3.54903135e-05 
 1.37000000e-08  3.02737310e-05 
 1.37025000e-08  2.93511679e-05 
 1.37075000e-08  2.70438040e-05 
 1.37175000e-08  2.09172885e-05 
 1.37337500e-08  1.05472915e-05 
 1.37500000e-08  5.40656262e-06 
 1.37525000e-08  5.33893208e-06 
 1.37575000e-08  5.36117249e-06 
 1.37675000e-08  6.31936174e-06 
 1.37837500e-08  8.47587744e-06 
 1.38000000e-08  1.02808225e-05 
 1.38025000e-08  1.04324061e-05 
 1.38075000e-08  1.05068847e-05 
 1.38175000e-08  1.04377634e-05 
 1.38337500e-08  1.05625141e-05 
 1.38500000e-08  9.95553665e-06 
 1.38525000e-08  9.74378015e-06 
 1.38575000e-08  9.16288484e-06 
 1.38675000e-08  7.25332632e-06 
 1.38837500e-08  2.01856209e-06 
 1.39000000e-08 -4.19505874e-06 
 1.39025000e-08 -4.99992484e-06 
 1.39075000e-08 -6.53209768e-06 
 1.39175000e-08 -8.31906609e-06 
 1.39337500e-08 -9.14517526e-06 
 1.39500000e-08 -7.86315641e-06 
 1.39525000e-08 -7.38467915e-06 
 1.39575000e-08 -6.34270694e-06 
 1.39675000e-08 -3.73086234e-06 
 1.39837500e-08  2.78978069e-06 
 1.40000000e-08  6.51721023e-06 
 1.40025000e-08  7.14638637e-06 
 1.40075000e-08  8.32509751e-06 
 1.40175000e-08  1.08068928e-05 
 1.40337500e-08  1.30803196e-05 
 1.40500000e-08  1.37392210e-05 
 1.40525000e-08  1.36970020e-05 
 1.40575000e-08  1.34126066e-05 
 1.40675000e-08  1.21846930e-05 
 1.40837500e-08  9.47546367e-06 
 1.41000000e-08  6.47049849e-06 
 1.41025000e-08  5.97603248e-06 
 1.41075000e-08  4.93870439e-06 
 1.41175000e-08  2.90529965e-06 
 1.41337500e-08 -1.32654436e-07 
 1.41500000e-08 -3.92477200e-06 
 1.41525000e-08 -4.55616494e-06 
 1.41575000e-08 -6.07630595e-06 
 1.41675000e-08 -9.52956741e-06 
 1.41837500e-08 -1.71713132e-05 
 1.42000000e-08 -2.37052773e-05 
 1.42025000e-08 -2.40283847e-05 
 1.42075000e-08 -2.47545412e-05 
 1.42175000e-08 -2.39779193e-05 
 1.42337500e-08 -1.75985493e-05 
 1.42500000e-08 -3.43414035e-06 
 1.42525000e-08 -6.22522200e-08 
 1.42575000e-08  6.99809601e-06 
 1.42675000e-08  2.57066140e-05 
 1.42837500e-08  6.22966889e-05 
 1.43000000e-08  9.79855881e-05 
 1.43025000e-08  1.03396845e-04 
 1.43075000e-08  1.11998199e-04 
 1.43175000e-08  1.22214295e-04 
 1.43337500e-08  1.28421916e-04 
 1.43500000e-08  1.22076097e-04 
 1.43525000e-08  1.20304092e-04 
 1.43575000e-08  1.16421056e-04 
 1.43675000e-08  1.09114354e-04 
 1.43837500e-08  1.00872642e-04 
 1.44000000e-08  8.85641412e-05 
 1.44025000e-08  8.51235925e-05 
 1.44075000e-08  7.77320361e-05 
 1.44175000e-08  5.69308058e-05 
 1.44337500e-08  1.86266096e-05 
 1.44500000e-08 -8.07564721e-06 
 1.44525000e-08 -1.01664273e-05 
 1.44575000e-08 -1.28536517e-05 
 1.44675000e-08 -1.18219649e-05 
 1.44837500e-08  4.52697227e-06 
 1.45000000e-08  3.92807278e-05 
 1.45025000e-08  4.67096383e-05 
 1.45075000e-08  6.39863315e-05 
 1.45175000e-08  1.04129254e-04 
 1.45337500e-08  1.66726765e-04 
 1.45500000e-08  1.92701065e-04 
 1.45525000e-08  1.90878908e-04 
 1.45575000e-08  1.84226648e-04 
 1.45675000e-08  1.44864313e-04 
 1.45837500e-08 -2.24633172e-05 
 1.46000000e-08 -3.73136651e-04 
 1.46025000e-08 -4.44970427e-04 
 1.46075000e-08 -5.96246676e-04 
 1.46175000e-08 -9.35633331e-04 
 1.46337500e-08 -1.44926884e-03 
 1.46500000e-08 -2.03346689e-03 
 1.46525000e-08 -2.11960256e-03 
 1.46575000e-08 -2.28994748e-03 
 1.46675000e-08 -2.61978329e-03 
 1.46837500e-08 -3.13351393e-03 
 1.47000000e-08 -3.63587384e-03 
 1.47025000e-08 -3.71280724e-03 
 1.47075000e-08 -3.86941781e-03 
 1.47175000e-08 -4.18835884e-03 
 1.47337500e-08 -4.72585635e-03 
 1.47500000e-08 -5.31841444e-03 
 1.47525000e-08 -5.41415016e-03 
 1.47575000e-08 -5.61558929e-03 
 1.47675000e-08 -6.04277530e-03 
 1.47837500e-08 -6.83306416e-03 
 1.48000000e-08 -7.82868301e-03 
 1.48025000e-08 -8.00285194e-03 
 1.48075000e-08 -8.39450392e-03 
 1.48175000e-08 -9.27469175e-03 
 1.48337500e-08 -1.09887476e-02 
 1.48500000e-08 -1.27169759e-02 
 1.48525000e-08 -1.29022556e-02 
 1.48575000e-08 -1.31970975e-02 
 1.48675000e-08 -1.29034282e-02 
 1.48837500e-08 -8.31077903e-03 
 1.49000000e-08  3.40787487e-03 
 1.49025000e-08  5.97097386e-03 
 1.49075000e-08  1.16079599e-02 
 1.49175000e-08  2.60509516e-02 
 1.49337500e-08  5.97393407e-02 
 1.49500000e-08  1.09753599e-01 
 1.49525000e-08  1.19465111e-01 
 1.49575000e-08  1.40190219e-01 
 1.49675000e-08  1.90532372e-01 
 1.49837500e-08  3.09659405e-01 
 1.50000000e-08  5.22071794e-01 
 1.50025000e-08  5.70571237e-01 
 1.50075000e-08  6.79036549e-01 
 1.50175000e-08  9.59818740e-01 
 1.50337500e-08  1.57852729e+00 
 1.50500000e-08  2.30686689e+00 
 1.50525000e-08  2.40947325e+00 
 1.50575000e-08  2.59213168e+00 
 1.50675000e-08  2.86273626e+00 
 1.50837500e-08  3.10910238e+00 
 1.51000000e-08  3.21155632e+00 
 1.51025000e-08  3.21935407e+00 
 1.51075000e-08  3.23317330e+00 
 1.51175000e-08  3.25259636e+00 
 1.51337500e-08  3.27081303e+00 
 1.51500000e-08  3.28080503e+00 
 1.51525000e-08  3.28190008e+00 
 1.51575000e-08  3.28395864e+00 
 1.51675000e-08  3.28736475e+00 
 1.51837500e-08  3.29133611e+00 
 1.52000000e-08  3.29391694e+00 
 1.52025000e-08  3.29420998e+00 
 1.52075000e-08  3.29476049e+00 
 1.52175000e-08  3.29567275e+00 
 1.52337500e-08  3.29674906e+00 
 1.52500000e-08  3.29747332e+00 
 1.52525000e-08  3.29755920e+00 
 1.52575000e-08  3.29772262e+00 
 1.52675000e-08  3.29800540e+00 
 1.52837500e-08  3.29836990e+00 
 1.53000000e-08  3.29864917e+00 
 1.53025000e-08  3.29868485e+00 
 1.53075000e-08  3.29875165e+00 
 1.53175000e-08  3.29886843e+00 
 1.53337500e-08  3.29904191e+00 
 1.53500000e-08  3.29922862e+00 
 1.53525000e-08  3.29925796e+00 
 1.53575000e-08  3.29931480e+00 
 1.53675000e-08  3.29941994e+00 
 1.53837500e-08  3.29956506e+00 
 1.54000000e-08  3.29968100e+00 
 1.54025000e-08  3.29969631e+00 
 1.54075000e-08  3.29972553e+00 
 1.54175000e-08  3.29977686e+00 
 1.54337500e-08  3.29984010e+00 
 1.54500000e-08  3.29988099e+00 
 1.54525000e-08  3.29988540e+00 
 1.54575000e-08  3.29989320e+00 
 1.54675000e-08  3.29990518e+00 
 1.54837500e-08  3.29991855e+00 
 1.55000000e-08  3.29992701e+00 
 1.55025000e-08  3.29992820e+00 
 1.55075000e-08  3.29993030e+00 
 1.55175000e-08  3.29993425e+00 
 1.55337500e-08  3.29994031e+00 
 1.55500000e-08  3.29994710e+00 
 1.55525000e-08  3.29994830e+00 
 1.55575000e-08  3.29995090e+00 
 1.55675000e-08  3.29995790e+00 
 1.55837500e-08  3.29997474e+00 
 1.56000000e-08  3.29998485e+00 
 1.56025000e-08  3.29998417e+00 
 1.56075000e-08  3.29998227e+00 
 1.56175000e-08  3.29997561e+00 
 1.56337500e-08  3.29996178e+00 
 1.56500000e-08  3.29994872e+00 
 1.56525000e-08  3.29994717e+00 
 1.56575000e-08  3.29994432e+00 
 1.56675000e-08  3.29993983e+00 
 1.56837500e-08  3.29993432e+00 
 1.57000000e-08  3.29993032e+00 
 1.57025000e-08  3.29992979e+00 
 1.57075000e-08  3.29992857e+00 
 1.57175000e-08  3.29992602e+00 
 1.57337500e-08  3.29992183e+00 
 1.57500000e-08  3.29991927e+00 
 1.57525000e-08  3.29991930e+00 
 1.57575000e-08  3.29991930e+00 
 1.57675000e-08  3.29992054e+00 
 1.57837500e-08  3.29992609e+00 
 1.58000000e-08  3.29993556e+00 
 1.58025000e-08  3.29993756e+00 
 1.58075000e-08  3.29994184e+00 
 1.58175000e-08  3.29995236e+00 
 1.58337500e-08  3.29997245e+00 
 1.58500000e-08  3.29999159e+00 
 1.58525000e-08  3.29999395e+00 
 1.58575000e-08  3.29999785e+00 
 1.58675000e-08  3.30000382e+00 
 1.58837500e-08  3.30000709e+00 
 1.59000000e-08  3.30000120e+00 
 1.59025000e-08  3.30000014e+00 
 1.59075000e-08  3.29999811e+00 
 1.59175000e-08  3.29999394e+00 
 1.59337500e-08  3.29998796e+00 
 1.59500000e-08  3.29998279e+00 
 1.59525000e-08  3.29998194e+00 
 1.59575000e-08  3.29998030e+00 
 1.59675000e-08  3.29997524e+00 
 1.59837500e-08  3.29996252e+00 
 1.60000000e-08  3.29995553e+00 
 1.60025000e-08  3.29995578e+00 
 1.60075000e-08  3.29995626e+00 
 1.60175000e-08  3.29995788e+00 
 1.60337500e-08  3.29996634e+00 
 1.60500000e-08  3.29998769e+00 
 1.60525000e-08  3.29999248e+00 
 1.60575000e-08  3.30000358e+00 
 1.60675000e-08  3.30002851e+00 
 1.60837500e-08  3.30005204e+00 
 1.61000000e-08  3.30003365e+00 
 1.61025000e-08  3.30002578e+00 
 1.61075000e-08  3.30000770e+00 
 1.61175000e-08  3.29996292e+00 
 1.61337500e-08  3.29987375e+00 
 1.61500000e-08  3.29979573e+00 
 1.61525000e-08  3.29978636e+00 
 1.61575000e-08  3.29976775e+00 
 1.61675000e-08  3.29974098e+00 
 1.61837500e-08  3.29972783e+00 
 1.62000000e-08  3.29974642e+00 
 1.62025000e-08  3.29975193e+00 
 1.62075000e-08  3.29976391e+00 
 1.62175000e-08  3.29980374e+00 
 1.62337500e-08  3.29985373e+00 
 1.62500000e-08  3.29988551e+00 
 1.62525000e-08  3.29988877e+00 
 1.62575000e-08  3.29989500e+00 
 1.62675000e-08  3.29991176e+00 
 1.62837500e-08  3.29994687e+00 
 1.63000000e-08  3.29998114e+00 
 1.63025000e-08  3.29998535e+00 
 1.63075000e-08  3.29999250e+00 
 1.63175000e-08  3.30000168e+00 
 1.63337500e-08  3.30000591e+00 
 1.63500000e-08  3.29999913e+00 
 1.63525000e-08  3.29999762e+00 
 1.63575000e-08  3.29999394e+00 
 1.63675000e-08  3.29998431e+00 
 1.63837500e-08  3.29996168e+00 
 1.64000000e-08  3.29992741e+00 
 1.64025000e-08  3.29992093e+00 
 1.64075000e-08  3.29990606e+00 
 1.64175000e-08  3.29987053e+00 
 1.64337500e-08  3.29979486e+00 
 1.64500000e-08  3.29970906e+00 
 1.64525000e-08  3.29969842e+00 
 1.64575000e-08  3.29967824e+00 
 1.64675000e-08  3.29965308e+00 
 1.64837500e-08  3.29964877e+00 
 1.65000000e-08  3.29967615e+00 
 1.65025000e-08  3.29968295e+00 
 1.65075000e-08  3.29969643e+00 
 1.65175000e-08  3.29972998e+00 
 1.65337500e-08  3.29981181e+00 
 1.65500000e-08  3.29995347e+00 
 1.65525000e-08  3.29998318e+00 
 1.65575000e-08  3.30005270e+00 
 1.65675000e-08  3.30022111e+00 
 1.65837500e-08  3.30055380e+00 
 1.66000000e-08  3.30093486e+00 
 1.66025000e-08  3.30099568e+00 
 1.66075000e-08  3.30111783e+00 
 1.66175000e-08  3.30135078e+00 
 1.66337500e-08  3.30171762e+00 
 1.66500000e-08  3.30208530e+00 
 1.66525000e-08  3.30214119e+00 
 1.66575000e-08  3.30225566e+00 
 1.66675000e-08  3.30249225e+00 
 1.66837500e-08  3.30288308e+00 
 1.67000000e-08  3.30328667e+00 
 1.67025000e-08  3.30335022e+00 
 1.67075000e-08  3.30347938e+00 
 1.67175000e-08  3.30374045e+00 
 1.67337500e-08  3.30413757e+00 
 1.67500000e-08  3.30446504e+00 
 1.67525000e-08  3.30450689e+00 
 1.67575000e-08  3.30458986e+00 
 1.67675000e-08  3.30475291e+00 
 1.67837500e-08  3.30503689e+00 
 1.68000000e-08  3.30538223e+00 
 1.68025000e-08  3.30544344e+00 
 1.68075000e-08  3.30557218e+00 
 1.68175000e-08  3.30586581e+00 
 1.68337500e-08  3.30645671e+00 
 1.68500000e-08  3.30722176e+00 
 1.68525000e-08  3.30735919e+00 
 1.68575000e-08  3.30764898e+00 
 1.68675000e-08  3.30831006e+00 
 1.68837500e-08  3.30966506e+00 
 1.69000000e-08  3.31150483e+00 
 1.69025000e-08  3.31184677e+00 
 1.69075000e-08  3.31258033e+00 
 1.69175000e-08  3.31428316e+00 
 1.69337500e-08  3.31751997e+00 
 1.69500000e-08  3.31962961e+00 
 1.69525000e-08  3.31958884e+00 
 1.69575000e-08  3.31912008e+00 
 1.69675000e-08  3.31529323e+00 
 1.69837500e-08  3.29831127e+00 
 1.70000000e-08  3.26732957e+00 
 1.70025000e-08  3.26067530e+00 
 1.70075000e-08  3.24641371e+00 
 1.70175000e-08  3.21192502e+00 
 1.70337500e-08  3.13630691e+00 
 1.70500000e-08  3.02821932e+00 
 1.70525000e-08  3.00734888e+00 
 1.70575000e-08  2.96250911e+00 
 1.70675000e-08  2.84959730e+00 
 1.70837500e-08  2.52648299e+00 
 1.71000000e-08  1.98044679e+00 
 1.71025000e-08  1.87381138e+00 
 1.71075000e-08  1.65074942e+00 
 1.71175000e-08  1.15668066e+00 
 1.71337500e-08  4.62654830e-01 
 1.71500000e-08  1.18175330e-01 
 1.71518030e-08  1.04931539e-01 
 1.71554090e-08  8.21169583e-02 
 1.71626210e-08  5.32696761e-02 
 1.71770449e-08  2.79146507e-02 
 1.72000000e-08  1.42122998e-02 
 1.72025000e-08  1.34897527e-02 
 1.72075000e-08  1.20639953e-02 
 1.72175000e-08  9.53065740e-03 
 1.72337500e-08  6.39179356e-03 
 1.72500000e-08  4.24197895e-03 
 1.72525000e-08  3.98763418e-03 
 1.72575000e-08  3.50847069e-03 
 1.72675000e-08  2.70752634e-03 
 1.72837500e-08  1.76114490e-03 
 1.73000000e-08  1.14277888e-03 
 1.73025000e-08  1.07258480e-03 
 1.73075000e-08  9.41701193e-04 
 1.73175000e-08  7.28106419e-04 
 1.73337500e-08  4.85463759e-04 
 1.73500000e-08  3.33168096e-04 
 1.73525000e-08  3.15988263e-04 
 1.73575000e-08  2.84025132e-04 
 1.73675000e-08  2.31462743e-04 
 1.73837500e-08  1.70214442e-04 
 1.74000000e-08  1.29904375e-04 
 1.74025000e-08  1.25162892e-04 
 1.74075000e-08  1.16198032e-04 
 1.74175000e-08  1.01036749e-04 
 1.74337500e-08  8.26215399e-05 
 1.74500000e-08  6.95415211e-05 
 1.74525000e-08  6.79913515e-05 
 1.74575000e-08  6.51334629e-05 
 1.74675000e-08  6.01412349e-05 
 1.74837500e-08  5.26985751e-05 
 1.75000000e-08  4.55956421e-05 
 1.75025000e-08  4.44607595e-05 
 1.75075000e-08  4.20321130e-05 
 1.75175000e-08  3.74240788e-05 
 1.75337500e-08  3.14219025e-05 
 1.75500000e-08  2.45330928e-05 
 1.75525000e-08  2.29865408e-05 
 1.75575000e-08  1.95902117e-05 
 1.75675000e-08  1.34064660e-05 
 1.75837500e-08  7.45091748e-06 
 1.76000000e-08  6.44068724e-06 
 1.76025000e-08  6.62598112e-06 
 1.76075000e-08  6.98580723e-06 
 1.76175000e-08  7.96824612e-06 
 1.76337500e-08  9.48448114e-06 
 1.76500000e-08  1.07063609e-05 
 1.76525000e-08  1.08307275e-05 
 1.76575000e-08  1.08979758e-05 
 1.76675000e-08  1.08538427e-05 
 1.76837500e-08  1.02120015e-05 
 1.77000000e-08  7.58727384e-06 
 1.77025000e-08  7.01921036e-06 
 1.77075000e-08  5.76460056e-06 
 1.77175000e-08  2.71995798e-06 
 1.77337500e-08 -3.06447739e-06 
 1.77500000e-08 -7.34980433e-06 
 1.77525000e-08 -7.58465592e-06 
 1.77575000e-08 -8.17020710e-06 
 1.77675000e-08 -9.14363110e-06 
 1.77837500e-08 -8.79757578e-06 
 1.78000000e-08 -6.09309877e-06 
 1.78025000e-08 -5.32570683e-06 
 1.78075000e-08 -3.08664059e-06 
 1.78175000e-08  1.72754130e-06 
 1.78337500e-08  6.81247377e-06 
 1.78500000e-08  1.11588092e-05 
 1.78525000e-08  1.15772707e-05 
 1.78575000e-08  1.20403096e-05 
 1.78675000e-08  1.19933672e-05 
 1.78837500e-08  1.14990252e-05 
 1.79000000e-08  1.07828075e-05 
 1.79025000e-08  1.06794177e-05 
 1.79075000e-08  1.04594598e-05 
 1.79175000e-08  9.84293044e-06 
 1.79337500e-08  8.02364754e-06 
 1.79500000e-08  5.16144240e-06 
 1.79525000e-08  4.68308745e-06 
 1.79575000e-08  3.55607810e-06 
 1.79675000e-08  1.66208000e-06 
 1.79837500e-08 -1.89957138e-06 
 1.80000000e-08 -7.26902964e-06 
 1.80025000e-08 -8.31634700e-06 
 1.80075000e-08 -1.09176414e-05 
 1.80175000e-08 -1.65961531e-05 
 1.80337500e-08 -2.44310740e-05 
 1.80500000e-08 -2.58929297e-05 
 1.80525000e-08 -2.51863718e-05 
 1.80575000e-08 -2.38806910e-05 
 1.80675000e-08 -1.93229562e-05 
 1.80837500e-08 -6.48485404e-06 
 1.81000000e-08  1.63890613e-05 
 1.81025000e-08  2.11696925e-05 
 1.81075000e-08  3.13006046e-05 
 1.81175000e-08  5.38785884e-05 
 1.81337500e-08  8.92498622e-05 
 1.81500000e-08  1.20747090e-04 
 1.81525000e-08  1.22494885e-04 
 1.81575000e-08  1.25562314e-04 
 1.81675000e-08  1.29116678e-04 
 1.81837500e-08  1.25308579e-04 
 1.82000000e-08  1.13427641e-04 
 1.82025000e-08  1.11425210e-04 
 1.82075000e-08  1.08067993e-04 
 1.82175000e-08  1.03803598e-04 
 1.82337500e-08  9.17508137e-05 
 1.82500000e-08  6.77951049e-05 
 1.82525000e-08  6.14289956e-05 
 1.82575000e-08  4.88549042e-05 
 1.82675000e-08  2.43407641e-05 
 1.82837500e-08 -4.64515875e-06 
 1.83000000e-08 -1.36135247e-05 
 1.83025000e-08 -1.28790471e-05 
 1.83075000e-08 -1.01133081e-05 
 1.83175000e-08  7.13010921e-07 
 1.83337500e-08  3.16732100e-05 
 1.83500000e-08  8.57003244e-05 
 1.83525000e-08  9.57183609e-05 
 1.83575000e-08  1.17297063e-04 
 1.83675000e-08  1.56970091e-04 
 1.83837500e-08  1.91552658e-04 
 1.84000000e-08  1.65975726e-04 
 1.84025000e-08  1.53815874e-04 
 1.84075000e-08  1.23825197e-04 
 1.84175000e-08  2.13549142e-05 
 1.84337500e-08 -2.95064443e-04 
 1.84500000e-08 -7.77916953e-04 
 1.84525000e-08 -8.65241034e-04 
 1.84575000e-08 -1.03264791e-03 
 1.84675000e-08 -1.33518958e-03 
 1.84837500e-08 -1.91888402e-03 
 1.85000000e-08 -2.48189107e-03 
 1.85025000e-08 -2.56366827e-03 
 1.85075000e-08 -2.72621617e-03 
 1.85175000e-08 -3.04384227e-03 
 1.85337500e-08 -3.54758904e-03 
 1.85500000e-08 -4.05409633e-03 
 1.85525000e-08 -4.13290860e-03 
 1.85575000e-08 -4.29398943e-03 
 1.85675000e-08 -4.62255179e-03 
 1.85837500e-08 -5.20429229e-03 
 1.86000000e-08 -5.85814498e-03 
 1.86025000e-08 -5.96535085e-03 
 1.86075000e-08 -6.19422512e-03 
 1.86175000e-08 -6.68574566e-03 
 1.86337500e-08 -7.63219181e-03 
 1.86500000e-08 -8.88836553e-03 
 1.86525000e-08 -9.11018053e-03 
 1.86575000e-08 -9.60624988e-03 
 1.86675000e-08 -1.06826709e-02 
 1.86837500e-08 -1.24678341e-02 
 1.87000000e-08 -1.31633071e-02 
 1.87025000e-08 -1.29977518e-02 
 1.87075000e-08 -1.24415521e-02 
 1.87175000e-08 -9.65250374e-03 
 1.87337500e-08  7.79756311e-04 
 1.87500000e-08  1.95259423e-02 
 1.87525000e-08  2.34759163e-02 
 1.87575000e-08  3.19666763e-02 
 1.87675000e-08  5.27411446e-02 
 1.87837500e-08  9.94976057e-02 
 1.88000000e-08  1.68550334e-01 
 1.88025000e-08  1.82074525e-01 
 1.88075000e-08  2.11131477e-01 
 1.88175000e-08  2.83587918e-01 
 1.88337500e-08  4.72865908e-01 
 1.88500000e-08  8.34377439e-01 
 1.88525000e-08  9.11773052e-01 
 1.88575000e-08  1.07632977e+00 
 1.88675000e-08  1.46118400e+00 
 1.88837500e-08  2.18992302e+00 
 1.89000000e-08  2.76239305e+00 
 1.89025000e-08  2.82123345e+00 
 1.89075000e-08  2.92600995e+00 
 1.89175000e-08  3.07377899e+00 
 1.89337500e-08  3.19837847e+00 
 1.89500000e-08  3.24692828e+00 
 1.89525000e-08  3.25074634e+00 
 1.89575000e-08  3.25767898e+00 
 1.89675000e-08  3.26817766e+00 
 1.89837500e-08  3.27929607e+00 
 1.90000000e-08  3.28611562e+00 
 1.90025000e-08  3.28688416e+00 
 1.90075000e-08  3.28832920e+00 
 1.90175000e-08  3.29072216e+00 
 1.90337500e-08  3.29351486e+00 
 1.90500000e-08  3.29533274e+00 
 1.90525000e-08  3.29553995e+00 
 1.90575000e-08  3.29593022e+00 
 1.90675000e-08  3.29658189e+00 
 1.90837500e-08  3.29736199e+00 
 1.91000000e-08  3.29790128e+00 
 1.91025000e-08  3.29796663e+00 
 1.91075000e-08  3.29809147e+00 
 1.91175000e-08  3.29831105e+00 
 1.91337500e-08  3.29860284e+00 
 1.91500000e-08  3.29882538e+00 
 1.91525000e-08  3.29885345e+00 
 1.91575000e-08  3.29890638e+00 
 1.91675000e-08  3.29901272e+00 
 1.91837500e-08  3.29919769e+00 
 1.92000000e-08  3.29938194e+00 
 1.92025000e-08  3.29940806e+00 
 1.92075000e-08  3.29945810e+00 
 1.92175000e-08  3.29954804e+00 
 1.92337500e-08  3.29966924e+00 
 1.92500000e-08  3.29976318e+00 
 1.92525000e-08  3.29977498e+00 
 1.92575000e-08  3.29979715e+00 
 1.92675000e-08  3.29983459e+00 
 1.92837500e-08  3.29987793e+00 
 1.93000000e-08  3.29990450e+00 
 1.93025000e-08  3.29990726e+00 
 1.93075000e-08  3.29991182e+00 
 1.93175000e-08  3.29991874e+00 
 1.93337500e-08  3.29992583e+00 
 1.93500000e-08  3.29993051e+00 
 1.93525000e-08  3.29993119e+00 
 1.93575000e-08  3.29993228e+00 
 1.93675000e-08  3.29993489e+00 
 1.93837500e-08  3.29994050e+00 
 1.94000000e-08  3.29994866e+00 
 1.94025000e-08  3.29995080e+00 
 1.94075000e-08  3.29995633e+00 
 1.94175000e-08  3.29996904e+00 
 1.94337500e-08  3.29998291e+00 
 1.94500000e-08  3.29998018e+00 
 1.94525000e-08  3.29997844e+00 
 1.94575000e-08  3.29997487e+00 
 1.94675000e-08  3.29996723e+00 
 1.94837500e-08  3.29995490e+00 
 1.95000000e-08  3.29994440e+00 
 1.95025000e-08  3.29994306e+00 
 1.95075000e-08  3.29994037e+00 
 1.95175000e-08  3.29993550e+00 
 1.95337500e-08  3.29992955e+00 
 1.95500000e-08  3.29992572e+00 
 1.95525000e-08  3.29992536e+00 
 1.95575000e-08  3.29992449e+00 
 1.95675000e-08  3.29992263e+00 
 1.95837500e-08  3.29992066e+00 
 1.96000000e-08  3.29992172e+00 
 1.96025000e-08  3.29992227e+00 
 1.96075000e-08  3.29992335e+00 
 1.96175000e-08  3.29992658e+00 
 1.96337500e-08  3.29993474e+00 
 1.96500000e-08  3.29994753e+00 
 1.96525000e-08  3.29995020e+00 
 1.96575000e-08  3.29995595e+00 
 1.96675000e-08  3.29996911e+00 
 1.96837500e-08  3.29998965e+00 
 1.97000000e-08  3.30000344e+00 
 1.97025000e-08  3.30000451e+00 
 1.97075000e-08  3.30000592e+00 
 1.97175000e-08  3.30000590e+00 
 1.97337500e-08  3.29999941e+00 
 1.97500000e-08  3.29999302e+00 
 1.97525000e-08  3.29999210e+00 
 1.97575000e-08  3.29999061e+00 
 1.97675000e-08  3.29998851e+00 
 1.97837500e-08  3.29998473e+00 
 1.98000000e-08  3.29997827e+00 
 1.98025000e-08  3.29997643e+00 
 1.98075000e-08  3.29997247e+00 
 1.98175000e-08  3.29996328e+00 
 1.98337500e-08  3.29995319e+00 
 1.98500000e-08  3.29995609e+00 
 1.98525000e-08  3.29995683e+00 
 1.98575000e-08  3.29995893e+00 
 1.98675000e-08  3.29996551e+00 
 1.98837500e-08  3.29998600e+00 
 1.99000000e-08  3.30002254e+00 
 1.99025000e-08  3.30002858e+00 
 1.99075000e-08  3.30003992e+00 
 1.99175000e-08  3.30005345e+00 
 1.99337500e-08  3.30004094e+00 
 1.99500000e-08  3.29998017e+00 
 1.99525000e-08  3.29996797e+00 
 1.99575000e-08  3.29994225e+00 
 1.99675000e-08  3.29988654e+00 
 1.99837500e-08  3.29980594e+00 
 2.00000000e-08  3.29974983e+00 
 2.00025000e-08  3.29974390e+00 
 2.00075000e-08  3.29973438e+00 
 2.00175000e-08  3.29972629e+00 
 2.00337500e-08  3.29973880e+00 
 2.00500000e-08  3.29978285e+00 
 2.00525000e-08  3.29979300e+00 
 2.00575000e-08  3.29981214e+00 
 2.00675000e-08  3.29984519e+00 
 2.00837500e-08  3.29988380e+00 
 2.01000000e-08  3.29990421e+00 
 2.01025000e-08  3.29990864e+00 
 2.01075000e-08  3.29991755e+00 
 2.01175000e-08  3.29993862e+00 
 2.01337500e-08  3.29997254e+00 
 2.01500000e-08  3.29999702e+00 
 2.01525000e-08  3.29999945e+00 
 2.01575000e-08  3.30000385e+00 
 2.01675000e-08  3.30000791e+00 
 2.01837500e-08  3.30000420e+00 
 2.02000000e-08  3.29999075e+00 
 2.02025000e-08  3.29998832e+00 
 2.02075000e-08  3.29998268e+00 
 2.02175000e-08  3.29996880e+00 
 2.02337500e-08  3.29993798e+00 
 2.02500000e-08  3.29989136e+00 
 2.02525000e-08  3.29988239e+00 
 2.02575000e-08  3.29986158e+00 
 2.02675000e-08  3.29981270e+00 
 2.02837500e-08  3.29972452e+00 
 2.03000000e-08  3.29965928e+00 
 2.03025000e-08  3.29965464e+00 
 2.03075000e-08  3.29964664e+00 
 2.03175000e-08  3.29964349e+00 
 2.03337500e-08  3.29966349e+00 
 2.03500000e-08  3.29970720e+00 
 2.03525000e-08  3.29971673e+00 
 2.03575000e-08  3.29973686e+00 
 2.03675000e-08  3.29979009e+00 
 2.03837500e-08  3.29992480e+00 
 2.04000000e-08  3.30015149e+00 
 2.04025000e-08  3.30019589e+00 
 2.04075000e-08  3.30028799e+00 
 2.04175000e-08  3.30049176e+00 
 2.04337500e-08  3.30086138e+00 
 2.04500000e-08  3.30124717e+00 
 2.04525000e-08  3.30130458e+00 
 2.04575000e-08  3.30141994e+00 
 2.04675000e-08  3.30163856e+00 
 2.04837500e-08  3.30201083e+00 
 2.05000000e-08  3.30238859e+00 
 2.05025000e-08  3.30244915e+00 
 2.05075000e-08  3.30256947e+00 
 2.05175000e-08  3.30281082e+00 
 2.05337500e-08  3.30321443e+00 
 2.05500000e-08  3.30363764e+00 
 2.05525000e-08  3.30370350e+00 
 2.05575000e-08  3.30383602e+00 
 2.05675000e-08  3.30408884e+00 
 2.05837500e-08  3.30443790e+00 
 2.06000000e-08  3.30472107e+00 
 2.06025000e-08  3.30476083e+00 
 2.06075000e-08  3.30484239e+00 
 2.06175000e-08  3.30501823e+00 
 2.06337500e-08  3.30535697e+00 
 2.06500000e-08  3.30578891e+00 
 2.06525000e-08  3.30586602e+00 
 2.06575000e-08  3.30602806e+00 
 2.06675000e-08  3.30639640e+00 
 2.06837500e-08  3.30713737e+00 
 2.07000000e-08  3.30810458e+00 
 2.07025000e-08  3.30827930e+00 
 2.07075000e-08  3.30864944e+00 
 2.07175000e-08  3.30950128e+00 
 2.07337500e-08  3.31127529e+00 
 2.07500000e-08  3.31372416e+00 
 2.07525000e-08  3.31417790e+00 
 2.07575000e-08  3.31513965e+00 
 2.07675000e-08  3.31720013e+00 
 2.07837500e-08  3.31961128e+00 
 2.08000000e-08  3.31682807e+00 
 2.08025000e-08  3.31547220e+00 
 2.08075000e-08  3.31209684e+00 
 2.08175000e-08  3.30104218e+00 
 2.08337500e-08  3.27189917e+00 
 2.08500000e-08  3.22384298e+00 
 2.08525000e-08  3.21434766e+00 
 2.08575000e-08  3.19421987e+00 
 2.08675000e-08  3.14661560e+00 
 2.08837500e-08  3.04279871e+00 
 2.09000000e-08  2.88790502e+00 
 2.09025000e-08  2.85622323e+00 
 2.09075000e-08  2.78494775e+00 
 2.09175000e-08  2.58151832e+00 
 2.09337500e-08  2.06053140e+00 
 2.09500000e-08  1.32702127e+00 
 2.09525000e-08  1.19691759e+00 
 2.09575000e-08  9.38448059e-01 
 2.09675000e-08  5.05444598e-01 
 2.09838949e-08  1.32321679e-01 
 2.10000000e-08  4.24148600e-02 
 2.10016735e-08  4.00929904e-02 
 2.10050204e-08  3.57833556e-02 
 2.10117142e-08  2.89628989e-02 
 2.10251019e-08  1.94897323e-02 
 2.10500000e-08  9.98929481e-03 
 2.10525000e-08  9.46896302e-03 
 2.10575000e-08  8.45523172e-03 
 2.10675000e-08  6.66373940e-03 
 2.10837500e-08  4.43903602e-03 
 2.11000000e-08  2.91412138e-03 
 2.11025000e-08  2.73596752e-03 
 2.11075000e-08  2.40130300e-03 
 2.11175000e-08  1.84610733e-03 
 2.11337500e-08  1.19858420e-03 
 2.11500000e-08  7.82352414e-04 
 2.11525000e-08  7.35703278e-04 
 2.11575000e-08  6.48935543e-04 
 2.11675000e-08  5.07682633e-04 
 2.11837500e-08  3.47253762e-04 
 2.12000000e-08  2.45062771e-04 
 2.12025000e-08  2.33441124e-04 
 2.12075000e-08  2.11796917e-04 
 2.12175000e-08  1.76162324e-04 
 2.12337500e-08  1.34243292e-04 
 2.12500000e-08  1.06108447e-04 
 2.12525000e-08  1.02768365e-04 
 2.12575000e-08  9.64534069e-05 
 2.12675000e-08  8.57108523e-05 
 2.12837500e-08  7.21153484e-05 
 2.13000000e-08  6.15922306e-05 
 2.13025000e-08  6.00608482e-05 
 2.13075000e-08  5.70187310e-05 
 2.13175000e-08  5.12217175e-05 
 2.13337500e-08  4.28642364e-05 
 2.13500000e-08  3.56872819e-05 
 2.13525000e-08  3.48046613e-05 
 2.13575000e-08  3.31938531e-05 
 2.13675000e-08  3.07402130e-05 
 2.13837500e-08  2.51438655e-05 
 2.14000000e-08  1.52536092e-05 
 2.14025000e-08  1.39499316e-05 
 2.14075000e-08  1.14233300e-05 
 2.14175000e-08  8.20544978e-06 
 2.14337500e-08  6.78416743e-06 
 2.14500000e-08  7.83619896e-06 
 2.14525000e-08  8.15209661e-06 
 2.14575000e-08  8.73518856e-06 
 2.14675000e-08  9.94915663e-06 
 2.14837500e-08  1.14681257e-05 
 2.15000000e-08  1.27493643e-05 
 2.15025000e-08  1.28307015e-05 
 2.15075000e-08  1.27084730e-05 
 2.15175000e-08  1.16618449e-05 
 2.15337500e-08  8.23743126e-06 
 2.15500000e-08  2.48971188e-06 
 2.15525000e-08  1.50473762e-06 
 2.15575000e-08 -4.80570621e-07 
 2.15675000e-08 -4.18460390e-06 
 2.15837500e-08 -8.24002544e-06 
 2.16000000e-08 -8.74918348e-06 
 2.16025000e-08 -8.70240261e-06 
 2.16075000e-08 -8.58218053e-06 
 2.16175000e-08 -7.83171490e-06 
 2.16337500e-08 -5.11528334e-06 
 2.16500000e-08  1.08499659e-07 
 2.16525000e-08  9.58934275e-07 
 2.16575000e-08  2.60110825e-06 
 2.16675000e-08  5.71911198e-06 
 2.16837500e-08  1.01851787e-05 
 2.17000000e-08  1.30276992e-05 
 2.17025000e-08  1.32094438e-05 
 2.17075000e-08  1.33785353e-05 
 2.17175000e-08  1.31836787e-05 
 2.17337500e-08  1.21499332e-05 
 2.17500000e-08  1.03465652e-05 
 2.17525000e-08  1.00187140e-05 
 2.17575000e-08  9.30073691e-06 
 2.17675000e-08  7.71970089e-06 
 2.17837500e-08  4.70545625e-06 
 2.18000000e-08  1.15518138e-06 
 2.18025000e-08  6.81247639e-07 
 2.18075000e-08 -3.56953374e-07 
 2.18175000e-08 -2.55088465e-06 
 2.18337500e-08 -7.27371983e-06 
 2.18500000e-08 -1.48811813e-05 
 2.18525000e-08 -1.62601633e-05 
 2.18575000e-08 -1.93652816e-05 
 2.18675000e-08 -2.40623097e-05 
 2.18837500e-08 -2.58580225e-05 
 2.19000000e-08 -2.06466965e-05 
 2.19025000e-08 -1.90326477e-05 
 2.19075000e-08 -1.58188833e-05 
 2.19175000e-08 -6.99106734e-06 
 2.19337500e-08  1.53576788e-05 
 2.19500000e-08  4.88587142e-05 
 2.19525000e-08  5.46380307e-05 
 2.19575000e-08  6.60202987e-05 
 2.19675000e-08  8.70949577e-05 
 2.19837500e-08  1.18833881e-04 
 2.20000000e-08  1.28204433e-04 
 2.20025000e-08  1.28630172e-04 
 2.20075000e-08  1.29115262e-04 
 2.20175000e-08  1.24427140e-04 
 2.20337500e-08  1.14842213e-04 
 2.20500000e-08  1.04396482e-04 
 2.20525000e-08  1.03354985e-04 
 2.20575000e-08  1.01284013e-04 
 2.20675000e-08  9.42547605e-05 
 2.20837500e-08  6.93090730e-05 
 2.21000000e-08  2.89894283e-05 
 2.21025000e-08  2.25457723e-05 
 2.21075000e-08  1.10971942e-05 
 2.21175000e-08 -5.30770497e-06 
 2.21337500e-08 -1.42580221e-05 
 2.21500000e-08 -2.90197941e-06 
 2.21525000e-08  5.78726755e-07 
 2.21575000e-08  8.72609838e-06 
 2.21675000e-08  3.11260423e-05 
 2.21837500e-08  8.47255832e-05 
 2.22000000e-08  1.51786147e-04 
 2.22025000e-08  1.60197058e-04 
 2.22075000e-08  1.75647670e-04 
 2.22175000e-08  1.92065323e-04 
 2.22337500e-08  1.68376975e-04 
 2.22500000e-08  4.45983204e-05 
 2.22525000e-08  1.11771179e-05 
 2.22575000e-08 -6.90115466e-05 
 2.22675000e-08 -2.85943908e-04 
 2.22837500e-08 -7.69191133e-04 
 2.23000000e-08 -1.30036062e-03 
 2.23025000e-08 -1.38246028e-03 
 2.23075000e-08 -1.55179197e-03 
 2.23175000e-08 -1.90312560e-03 
 2.23337500e-08 -2.46012594e-03 
 2.23500000e-08 -2.98408229e-03 
 2.23525000e-08 -3.06138385e-03 
 2.23575000e-08 -3.21629179e-03 
 2.23675000e-08 -3.52365335e-03 
 2.23837500e-08 -4.02889738e-03 
 2.24000000e-08 -4.55601830e-03 
 2.24025000e-08 -4.63921646e-03 
 2.24075000e-08 -4.81209731e-03 
 2.24175000e-08 -5.17575076e-03 
 2.24337500e-08 -5.82488779e-03 
 2.24500000e-08 -6.58226610e-03 
 2.24525000e-08 -6.70916479e-03 
 2.24575000e-08 -6.98662181e-03 
 2.24675000e-08 -7.59863114e-03 
 2.24837500e-08 -8.83279839e-03 
 2.25000000e-08 -1.04578294e-02 
 2.25025000e-08 -1.07277677e-02 
 2.25075000e-08 -1.13101453e-02 
 2.25175000e-08 -1.24123845e-02 
 2.25337500e-08 -1.31686350e-02 
 2.25500000e-08 -1.03120269e-02 
 2.25525000e-08 -9.30054054e-03 
 2.25575000e-08 -6.91318803e-03 
 2.25675000e-08  1.92548509e-04 
 2.25837500e-08  1.85275600e-02 
 2.26000000e-08  4.83042178e-02 
 2.26025000e-08  5.41830519e-02 
 2.26075000e-08  6.67246742e-02 
 2.26175000e-08  9.69327638e-02 
 2.26337500e-08  1.64620354e-01 
 2.26500000e-08  2.67716453e-01 
 2.26525000e-08  2.88603407e-01 
 2.26575000e-08  3.34337363e-01 
 2.26675000e-08  4.57385431e-01 
 2.26837500e-08  8.09629446e-01 
 2.27000000e-08  1.36951971e+00 
 2.27025000e-08  1.47553069e+00 
 2.27075000e-08  1.69511158e+00 
 2.27175000e-08  2.15936579e+00 
 2.27337500e-08  2.74294794e+00 
 2.27500000e-08  3.05484791e+00 
 2.27525000e-08  3.08146298e+00 
 2.27575000e-08  3.12844078e+00 
 2.27675000e-08  3.19259951e+00 
 2.27837500e-08  3.24512777e+00 
 2.28000000e-08  3.26684232e+00 
 2.28025000e-08  3.26887913e+00 
 2.28075000e-08  3.27267077e+00 
 2.28175000e-08  3.27879954e+00 
 2.28337500e-08  3.28580524e+00 
 2.28500000e-08  3.29031734e+00 
 2.28525000e-08  3.29082941e+00 
 2.28575000e-08  3.29179176e+00 
 2.28675000e-08  3.29338481e+00 
 2.28837500e-08  3.29524558e+00 
 2.29000000e-08  3.29646478e+00 
 2.29025000e-08  3.29660512e+00 
 2.29075000e-08  3.29686987e+00 
 2.29175000e-08  3.29731589e+00 
 2.29337500e-08  3.29786423e+00 
 2.29500000e-08  3.29826212e+00 
 2.29525000e-08  3.29831242e+00 
 2.29575000e-08  3.29840933e+00 
 2.29675000e-08  3.29858339e+00 
 2.29837500e-08  3.29881296e+00 
 2.30000000e-08  3.29898929e+00 
 2.30025000e-08  3.29901705e+00 
 2.30075000e-08  3.29907251e+00 
 2.30175000e-08  3.29918764e+00 
 2.30337500e-08  3.29937053e+00 
 2.30500000e-08  3.29952899e+00 
 2.30525000e-08  3.29954997e+00 
 2.30575000e-08  3.29958985e+00 
 2.30675000e-08  3.29966188e+00 
 2.30837500e-08  3.29975656e+00 
 2.31000000e-08  3.29982524e+00 
 2.31025000e-08  3.29983345e+00 
 2.31075000e-08  3.29984852e+00 
 2.31175000e-08  3.29987285e+00 
 2.31337500e-08  3.29989987e+00 
 2.31500000e-08  3.29991637e+00 
 2.31525000e-08  3.29991836e+00 
 2.31575000e-08  3.29992178e+00 
 2.31675000e-08  3.29992733e+00 
 2.31837500e-08  3.29993366e+00 
 2.32000000e-08  3.29993811e+00 
 2.32025000e-08  3.29993907e+00 
 2.32075000e-08  3.29994046e+00 
 2.32175000e-08  3.29994245e+00 
 2.32337500e-08  3.29994833e+00 
 2.32500000e-08  3.29996295e+00 
 2.32525000e-08  3.29996580e+00 
 2.32575000e-08  3.29997176e+00 
 2.32675000e-08  3.29997985e+00 
 2.32837500e-08  3.29998009e+00 
 2.33000000e-08  3.29996992e+00 
 2.33025000e-08  3.29996798e+00 
 2.33075000e-08  3.29996407e+00 
 2.33175000e-08  3.29995644e+00 
 2.33337500e-08  3.29994553e+00 
 2.33500000e-08  3.29993716e+00 
 2.33525000e-08  3.29993609e+00 
 2.33575000e-08  3.29993383e+00 
 2.33675000e-08  3.29992951e+00 
 2.33837500e-08  3.29992428e+00 
 2.34000000e-08  3.29992050e+00 
 2.34025000e-08  3.29991992e+00 
 2.34075000e-08  3.29991866e+00 
 2.34175000e-08  3.29991686e+00 
 2.34337500e-08  3.29991706e+00 
 2.34500000e-08  3.29992183e+00 
 2.34525000e-08  3.29992330e+00 
 2.34575000e-08  3.29992651e+00 
 2.34675000e-08  3.29993461e+00 
 2.34837500e-08  3.29995043e+00 
 2.35000000e-08  3.29996962e+00 
 2.35025000e-08  3.29997276e+00 
 2.35075000e-08  3.29997887e+00 
 2.35175000e-08  3.29998991e+00 
 2.35337500e-08  3.30000231e+00 
 2.35500000e-08  3.30000728e+00 
 2.35525000e-08  3.30000712e+00 
 2.35575000e-08  3.30000522e+00 
 2.35675000e-08  3.30000096e+00 
 2.35837500e-08  3.29999358e+00 
 2.36000000e-08  3.29998746e+00 
 2.36025000e-08  3.29998685e+00 
 2.36075000e-08  3.29998573e+00 
 2.36175000e-08  3.29998343e+00 
 2.36337500e-08  3.29997706e+00 
 2.36500000e-08  3.29996464e+00 
 2.36525000e-08  3.29996226e+00 
 2.36575000e-08  3.29995796e+00 
 2.36675000e-08  3.29995397e+00 
 2.36837500e-08  3.29995928e+00 
 2.37000000e-08  3.29996701e+00 
 2.37025000e-08  3.29996871e+00 
 2.37075000e-08  3.29997311e+00 
 2.37175000e-08  3.29998662e+00 
 2.37337500e-08  3.30002152e+00 
 2.37500000e-08  3.30005269e+00 
 2.37525000e-08  3.30005428e+00 
 2.37575000e-08  3.30005504e+00 
 2.37675000e-08  3.30004159e+00 
 2.37837500e-08  3.29998108e+00 
 2.38000000e-08  3.29989358e+00 
 2.38025000e-08  3.29987905e+00 
 2.38075000e-08  3.29985074e+00 
 2.38175000e-08  3.29980331e+00 
 2.38337500e-08  3.29974551e+00 
 2.38500000e-08  3.29972088e+00 
 2.38525000e-08  3.29972156e+00 
 2.38575000e-08  3.29972438e+00 
 2.38675000e-08  3.29973828e+00 
 2.38837500e-08  3.29978482e+00 
 2.39000000e-08  3.29984497e+00 
 2.39025000e-08  3.29985216e+00 
 2.39075000e-08  3.29986510e+00 
 2.39175000e-08  3.29988394e+00 
 2.39337500e-08  3.29990452e+00 
 2.39500000e-08  3.29993470e+00 
 2.39525000e-08  3.29994125e+00 
 2.39575000e-08  3.29995349e+00 
 2.39675000e-08  3.29997449e+00 
 2.39837500e-08  3.29999754e+00 
 2.40000000e-08  3.30000765e+00 
 2.40025000e-08  3.30000788e+00 
 2.40075000e-08  3.30000753e+00 
 2.40175000e-08  3.30000366e+00 
 2.40337500e-08  3.29999106e+00 
 2.40500000e-08  3.29997011e+00 
 2.40525000e-08  3.29996606e+00 
 2.40575000e-08  3.29995679e+00 
 2.40675000e-08  3.29993442e+00 
 2.40837500e-08  3.29988518e+00 
 2.41000000e-08  3.29981265e+00 
 2.41025000e-08  3.29979979e+00 
 2.41075000e-08  3.29977152e+00 
 2.41175000e-08  3.29971622e+00 
 2.41337500e-08  3.29965333e+00 
 2.41500000e-08  3.29963827e+00 
 2.41525000e-08  3.29964089e+00 
 2.41575000e-08  3.29964661e+00 
 2.41675000e-08  3.29966650e+00 
 2.41837500e-08  3.29971630e+00 
 2.42000000e-08  3.29979468e+00 
 2.42025000e-08  3.29981080e+00 
 2.42075000e-08  3.29984566e+00 
 2.42175000e-08  3.29993692e+00 
 2.42337500e-08  3.30016809e+00 
 2.42500000e-08  3.30048673e+00 
 2.42525000e-08  3.30054189e+00 
 2.42575000e-08  3.30065424e+00 
 2.42675000e-08  3.30088890e+00 
 2.42837500e-08  3.30127528e+00 
 2.43000000e-08  3.30164039e+00 
 2.43025000e-08  3.30169768e+00 
 2.43075000e-08  3.30180949e+00 
 2.43175000e-08  3.30203533e+00 
 2.43337500e-08  3.30242118e+00 
 2.43500000e-08  3.30282174e+00 
 2.43525000e-08  3.30288327e+00 
 2.43575000e-08  3.30300725e+00 
 2.43675000e-08  3.30326076e+00 
 2.43837500e-08  3.30368348e+00 
 2.44000000e-08  3.30409569e+00 
 2.44025000e-08  3.30415235e+00 
 2.44075000e-08  3.30426282e+00 
 2.44175000e-08  3.30446103e+00 
 2.44337500e-08  3.30474042e+00 
 2.44500000e-08  3.30501643e+00 
 2.44525000e-08  3.30506203e+00 
 2.44575000e-08  3.30515770e+00 
 2.44675000e-08  3.30537574e+00 
 2.44837500e-08  3.30581786e+00 
 2.45000000e-08  3.30639392e+00 
 2.45025000e-08  3.30649755e+00 
 2.45075000e-08  3.30671571e+00 
 2.45175000e-08  3.30721059e+00 
 2.45337500e-08  3.30820318e+00 
 2.45500000e-08  3.30950442e+00 
 2.45525000e-08  3.30974213e+00 
 2.45575000e-08  3.31024844e+00 
 2.45675000e-08  3.31142570e+00 
 2.45837500e-08  3.31391146e+00 
 2.46000000e-08  3.31709268e+00 
 2.46025000e-08  3.31760242e+00 
 2.46075000e-08  3.31857134e+00 
 2.46175000e-08  3.31971719e+00 
 2.46337500e-08  3.31623930e+00 
 2.46500000e-08  3.30118671e+00 
 2.46525000e-08  3.29763788e+00 
 2.46575000e-08  3.28995921e+00 
 2.46675000e-08  3.26932956e+00 
 2.46837500e-08  3.22000110e+00 
 2.47000000e-08  3.14799600e+00 
 2.47025000e-08  3.13420308e+00 
 2.47075000e-08  3.10498149e+00 
 2.47175000e-08  3.03553639e+00 
 2.47337500e-08  2.87587520e+00 
 2.47500000e-08  2.58079535e+00 
 2.47525000e-08  2.51419706e+00 
 2.47575000e-08  2.36881873e+00 
 2.47675000e-08  2.01169353e+00 
 2.47837500e-08  1.26858697e+00 
 2.48000000e-08  5.39544401e-01 
 2.48025000e-08  4.54540434e-01 
 2.48075000e-08  3.09086969e-01 
 2.48175000e-08  1.36182967e-01 
 2.48337500e-08  4.10667923e-02 
 2.48500000e-08  2.38778523e-02 
 2.48517516e-08  2.28617286e-02 
 2.48552549e-08  2.08624441e-02 
 2.48622615e-08  1.73657174e-02 
 2.48762747e-08  1.21087525e-02 
 2.49000000e-08  6.65073275e-03 
 2.49025000e-08  6.27307929e-03 
 2.49075000e-08  5.55444039e-03 
 2.49175000e-08  4.32840267e-03 
 2.49337500e-08  2.84524888e-03 
 2.49500000e-08  1.85096604e-03 
 2.49525000e-08  1.73661671e-03 
 2.49575000e-08  1.52240545e-03 
 2.49675000e-08  1.16953701e-03 
 2.49837500e-08  7.63377221e-04 
 2.50000000e-08  5.06848668e-04 
 2.50025000e-08  4.78363290e-04 
 2.50075000e-08  4.25598180e-04 
 2.50175000e-08  3.39669632e-04 
 2.50337500e-08  2.40823257e-04 
 2.50500000e-08  1.76623729e-04 
 2.50525000e-08  1.69129616e-04 
 2.50575000e-08  1.54957830e-04 
 2.50675000e-08  1.31021649e-04 
 2.50837500e-08  1.02471345e-04 
 2.51000000e-08  8.32389745e-05 
 2.51025000e-08  8.11409226e-05 
 2.51075000e-08  7.73930595e-05 
 2.51175000e-08  7.14248916e-05 
 2.51337500e-08  6.30822569e-05 
 2.51500000e-08  5.51201952e-05 
 2.51525000e-08  5.37792162e-05 
 2.51575000e-08  5.09566906e-05 
 2.51675000e-08  4.49880467e-05 
 2.51837500e-08  3.66184445e-05 
 2.52000000e-08  3.05624819e-05 
 2.52025000e-08  2.97880535e-05 
 2.52075000e-08  2.82463377e-05 
 2.52175000e-08  2.39092347e-05 
 2.52337500e-08  1.41535108e-05 
 2.52500000e-08  7.14797580e-06 
 2.52525000e-08  6.87519172e-06 
 2.52575000e-08  6.48041090e-06 
 2.52675000e-08  6.77324064e-06 
 2.52837500e-08  8.39425304e-06 
 2.53000000e-08  1.00450420e-05 
 2.53025000e-08  1.01708101e-05 
 2.53075000e-08  1.01810441e-05 
 2.53175000e-08  9.96273808e-06 
 2.53337500e-08  1.00417013e-05 
 2.53500000e-08  1.01930809e-05 
 2.53525000e-08  1.01981865e-05 
 2.53575000e-08  1.00863972e-05 
 2.53675000e-08  9.17650724e-06 
 2.53837500e-08  5.04568437e-06 
 2.54000000e-08 -1.22903290e-06 
 2.54025000e-08 -2.27917542e-06 
 2.54075000e-08 -4.36691086e-06 
 2.54175000e-08 -7.70947906e-06 
 2.54337500e-08 -9.45053125e-06 
 2.54500000e-08 -9.03932838e-06 
 2.54525000e-08 -8.66656710e-06 
 2.54575000e-08 -7.81869415e-06 
 2.54675000e-08 -5.57686439e-06 
 2.54837500e-08 -3.82965745e-08 
 2.55000000e-08  4.78653215e-06 
 2.55025000e-08  5.38264982e-06 
 2.55075000e-08  6.53490085e-06 
 2.55175000e-08  8.79114586e-06 
 2.55337500e-08  1.14423429e-05 
 2.55500000e-08  1.23955748e-05 
 2.55525000e-08  1.24687563e-05 
 2.55575000e-08  1.25216993e-05 
 2.55675000e-08  1.22099011e-05 
 2.55837500e-08  1.07658782e-05 
 2.56000000e-08  8.52423936e-06 
 2.56025000e-08  8.18872906e-06 
 2.56075000e-08  7.42565744e-06 
 2.56175000e-08  5.72825723e-06 
 2.56337500e-08  2.68328742e-06 
 2.56500000e-08 -6.10999785e-07 
 2.56525000e-08 -1.34125505e-06 
 2.56575000e-08 -3.13547576e-06 
 2.56675000e-08 -7.31406461e-06 
 2.56837500e-08 -1.56993610e-05 
 2.57000000e-08 -2.47336630e-05 
 2.57025000e-08 -2.54129232e-05 
 2.57075000e-08 -2.66221238e-05 
 2.57175000e-08 -2.61195182e-05 
 2.57337500e-08 -2.01487928e-05 
 2.57500000e-08 -8.10693476e-06 
 2.57525000e-08 -5.44541870e-06 
 2.57575000e-08  2.28233487e-07 
 2.57675000e-08  1.47237746e-05 
 2.57837500e-08  4.75729861e-05 
 2.58000000e-08  8.33654358e-05 
 2.58025000e-08  8.84065257e-05 
 2.58075000e-08  1.01137645e-04 
 2.58175000e-08  1.16716487e-04 
 2.58337500e-08  1.27988326e-04 
 2.58500000e-08  1.26787083e-04 
 2.58525000e-08  1.25344071e-04 
 2.58575000e-08  1.22358273e-04 
 2.58675000e-08  1.14552417e-04 
 2.58837500e-08  1.03865408e-04 
 2.59000000e-08  9.53109960e-05 
 2.59025000e-08  9.27291300e-05 
 2.59075000e-08  8.74085036e-05 
 2.59175000e-08  7.02835970e-05 
 2.59337500e-08  3.15649070e-05 
 2.59500000e-08 -2.10766845e-06 
 2.59525000e-08 -5.66010953e-06 
 2.59575000e-08 -1.10732924e-05 
 2.59675000e-08 -1.46568113e-05 
 2.59837500e-08 -4.72147671e-06 
 2.60000000e-08  2.26907428e-05 
 2.60025000e-08  2.88130520e-05 
 2.60075000e-08  4.33527920e-05 
 2.60175000e-08  7.94743950e-05 
 2.60337500e-08  1.47026416e-04 
 2.60500000e-08  1.91943710e-04 
 2.60525000e-08  1.93660629e-04 
 2.60575000e-08  1.94445889e-04 
 2.60675000e-08  1.74312499e-04 
 2.60837500e-08  5.80281018e-05 
 2.61000000e-08 -2.20415818e-04 
 2.61025000e-08 -2.81934318e-04 
 2.61075000e-08 -4.13547209e-04 
 2.61175000e-08 -7.22678235e-04 
 2.61337500e-08 -1.25864050e-03 
 2.61500000e-08 -1.81193883e-03 
 2.61525000e-08 -1.90319003e-03 
 2.61575000e-08 -2.08334256e-03 
 2.61675000e-08 -2.43024010e-03 
 2.61837500e-08 -2.96221676e-03 
 2.62000000e-08 -3.47070166e-03 
 2.62025000e-08 -3.54680787e-03 
 2.62075000e-08 -3.70148493e-03 
 2.62175000e-08 -4.01575253e-03 
 2.62337500e-08 -4.54162258e-03 
 2.62500000e-08 -5.10952949e-03 
 2.62525000e-08 -5.20177317e-03 
 2.62575000e-08 -5.39479854e-03 
 2.62675000e-08 -5.80230106e-03 
 2.62837500e-08 -6.54632494e-03 
 2.63000000e-08 -7.46033162e-03 
 2.63025000e-08 -7.61829150e-03 
 2.63075000e-08 -7.97187746e-03 
 2.63175000e-08 -8.76803317e-03 
 2.63337500e-08 -1.03631529e-02 
 2.63500000e-08 -1.21843143e-02 
 2.63525000e-08 -1.24299305e-02 
 2.63575000e-08 -1.28948026e-02 
 2.63675000e-08 -1.32455744e-02 
 2.63837500e-08 -1.05892965e-02 
 2.64000000e-08 -1.51840106e-03 
 2.64025000e-08  6.38018809e-04 
 2.64075000e-08  5.22106475e-03 
 2.64175000e-08  1.73718933e-02 
 2.64337500e-08  4.65418931e-02 
 2.64500000e-08  9.02423633e-02 
 2.64525000e-08  9.87213471e-02 
 2.64575000e-08  1.16798402e-01 
 2.64675000e-08  1.60475484e-01 
 2.64837500e-08  2.61561047e-01 
 2.65000000e-08  4.30405089e-01 
 2.65025000e-08  4.67658711e-01 
 2.65075000e-08  5.52665501e-01 
 2.65175000e-08  7.85857097e-01 
 2.65337500e-08  1.33578150e+00 
 2.65500000e-08  2.05459996e+00 
 2.65525000e-08  2.17264088e+00 
 2.65575000e-08  2.39159854e+00 
 2.65675000e-08  2.72714882e+00 
 2.65837500e-08  3.04645651e+00 
 2.66000000e-08  3.18612608e+00 
 2.66023000e-08  3.19621369e+00 
 2.66069000e-08  3.21416566e+00 
 2.66161001e-08  3.23953827e+00 
 2.66330501e-08  3.26530968e+00 
 2.66500000e-08  3.27789350e+00 
 2.66525000e-08  3.27916556e+00 
 2.66575000e-08  3.28155625e+00 
 2.66675000e-08  3.28550982e+00 
 2.66837500e-08  3.29012231e+00 
 2.67000000e-08  3.29312390e+00 
 2.67025000e-08  3.29346519e+00 
 2.67075000e-08  3.29410624e+00 
 2.67175000e-08  3.29516785e+00 
 2.67337500e-08  3.29641473e+00 
 2.67500000e-08  3.29724557e+00 
 2.67525000e-08  3.29734297e+00 
 2.67575000e-08  3.29752771e+00 
 2.67675000e-08  3.29784444e+00 
 2.67837500e-08  3.29824723e+00 
 2.68000000e-08  3.29855289e+00 
 2.68025000e-08  3.29859222e+00 
 2.68075000e-08  3.29866688e+00 
 2.68175000e-08  3.29879750e+00 
 2.68337500e-08  3.29897603e+00 
 2.68500000e-08  3.29915901e+00 
 2.68525000e-08  3.29918927e+00 
 2.68575000e-08  3.29924862e+00 
 2.68675000e-08  3.29936160e+00 
 2.68837500e-08  3.29952127e+00 
 2.69000000e-08  3.29964850e+00 
 2.69025000e-08  3.29966522e+00 
 2.69075000e-08  3.29969652e+00 
 2.69175000e-08  3.29974997e+00 
 2.69337500e-08  3.29981645e+00 
 2.69500000e-08  3.29986156e+00 
 2.69525000e-08  3.29986693e+00 
 2.69575000e-08  3.29987703e+00 
 2.69675000e-08  3.29989446e+00 
 2.69837500e-08  3.29991491e+00 
 2.70000000e-08  3.29992768e+00 
 2.70025000e-08  3.29992916e+00 
 2.70075000e-08  3.29993157e+00 
 2.70175000e-08  3.29993534e+00 
 2.70337500e-08  3.29993985e+00 
 2.70500000e-08  3.29994579e+00 
 2.70525000e-08  3.29994671e+00 
 2.70575000e-08  3.29994853e+00 
 2.70675000e-08  3.29995341e+00 
 2.70837500e-08  3.29996779e+00 
 2.71000000e-08  3.29998192e+00 
 2.71025000e-08  3.29998219e+00 
 2.71075000e-08  3.29998218e+00 
 2.71175000e-08  3.29997846e+00 
 2.71337500e-08  3.29996692e+00 
 2.71500000e-08  3.29995388e+00 
 2.71525000e-08  3.29995209e+00 
 2.71575000e-08  3.29994857e+00 
 2.71675000e-08  3.29994229e+00 
 2.71837500e-08  3.29993425e+00 
 2.72000000e-08  3.29992876e+00 
 2.72025000e-08  3.29992827e+00 
 2.72075000e-08  3.29992739e+00 
 2.72175000e-08  3.29992627e+00 
 2.72337500e-08  3.29992439e+00 
 2.72500000e-08  3.29992211e+00 
 2.72525000e-08  3.29992192e+00 
 2.72575000e-08  3.29992134e+00 
 2.72675000e-08  3.29992073e+00 
 2.72837500e-08  3.29992364e+00 
 2.73000000e-08  3.29993122e+00 
 2.73025000e-08  3.29993287e+00 
 2.73075000e-08  3.29993630e+00 
 2.73175000e-08  3.29994479e+00 
 2.73337500e-08  3.29996274e+00 
 2.73500000e-08  3.29998244e+00 
 2.73525000e-08  3.29998528e+00 
 2.73575000e-08  3.29999073e+00 
 2.73675000e-08  3.29999915e+00 
 2.73837500e-08  3.30000701e+00 
 2.74000000e-08  3.30000491e+00 
 2.74025000e-08  3.30000382e+00 
 2.74075000e-08  3.30000154e+00 
 2.74175000e-08  3.29999767e+00 
 2.74337500e-08  3.29999270e+00 
 2.74500000e-08  3.29998784e+00 
 2.74525000e-08  3.29998687e+00 
 2.74575000e-08  3.29998486e+00 
 2.74675000e-08  3.29997892e+00 
 2.74837500e-08  3.29996462e+00 
 2.75000000e-08  3.29995115e+00 
 2.75025000e-08  3.29995112e+00 
 2.75075000e-08  3.29995228e+00 
 2.75175000e-08  3.29995515e+00 
 2.75337500e-08  3.29996298e+00 
 2.75500000e-08  3.29998104e+00 
 2.75525000e-08  3.29998533e+00 
 2.75575000e-08  3.29999538e+00 
 2.75675000e-08  3.30002120e+00 
 2.75837500e-08  3.30005473e+00 
 2.76000000e-08  3.30005116e+00 
 2.76025000e-08  3.30004534e+00 
 2.76075000e-08  3.30003083e+00 
 2.76175000e-08  3.29998704e+00 
 2.76337500e-08  3.29989907e+00 
 2.76500000e-08  3.29981273e+00 
 2.76525000e-08  3.29980251e+00 
 2.76575000e-08  3.29978317e+00 
 2.76675000e-08  3.29975003e+00 
 2.76837500e-08  3.29972522e+00 
 2.77000000e-08  3.29973594e+00 
 2.77025000e-08  3.29974040e+00 
 2.77075000e-08  3.29975043e+00 
 2.77175000e-08  3.29978167e+00 
 2.77337500e-08  3.29983956e+00 
 2.77500000e-08  3.29987896e+00 
 2.77525000e-08  3.29988287e+00 
 2.77575000e-08  3.29988843e+00 
 2.77675000e-08  3.29990138e+00 
 2.77837500e-08  3.29993271e+00 
 2.78000000e-08  3.29996842e+00 
 2.78025000e-08  3.29997336e+00 
 2.78075000e-08  3.29998213e+00 
 2.78175000e-08  3.29999495e+00 
 2.78337500e-08  3.30000530e+00 
 2.78500000e-08  3.30000349e+00 
 2.78525000e-08  3.30000230e+00 
 2.78575000e-08  3.29999925e+00 
 2.78675000e-08  3.29999100e+00 
 2.78837500e-08  3.29997070e+00 
 2.79000000e-08  3.29994035e+00 
 2.79025000e-08  3.29993482e+00 
 2.79075000e-08  3.29992232e+00 
 2.79175000e-08  3.29989259e+00 
 2.79337500e-08  3.29982610e+00 
 2.79500000e-08  3.29973933e+00 
 2.79525000e-08  3.29972662e+00 
 2.79575000e-08  3.29970115e+00 
 2.79675000e-08  3.29966277e+00 
 2.79837500e-08  3.29964034e+00 
 2.80000000e-08  3.29965717e+00 
 2.80025000e-08  3.29966312e+00 
 2.80075000e-08  3.29967525e+00 
 2.80175000e-08  3.29970704e+00 
 2.80337500e-08  3.29978173e+00 
 2.80500000e-08  3.29990556e+00 
 2.80525000e-08  3.29993134e+00 
 2.80575000e-08  3.29998709e+00 
 2.80675000e-08  3.30013805e+00 
 2.80837500e-08  3.30044731e+00 
 2.81000000e-08  3.30081502e+00 
 2.81025000e-08  3.30087476e+00 
 2.81075000e-08  3.30099505e+00 
 2.81175000e-08  3.30123410e+00 
 2.81337500e-08  3.30160335e+00 
 2.81500000e-08  3.30196792e+00 
 2.81525000e-08  3.30202453e+00 
 2.81575000e-08  3.30213695e+00 
 2.81675000e-08  3.30236979e+00 
 2.81837500e-08  3.30276153e+00 
 2.82000000e-08  3.30316771e+00 
 2.82025000e-08  3.30323212e+00 
 2.82075000e-08  3.30336331e+00 
 2.82175000e-08  3.30363182e+00 
 2.82337500e-08  3.30405172e+00 
 2.82500000e-08  3.30440578e+00 
 2.82525000e-08  3.30444981e+00 
 2.82575000e-08  3.30453578e+00 
 2.82675000e-08  3.30469782e+00 
 2.82837500e-08  3.30496717e+00 
 2.83000000e-08  3.30528804e+00 
 2.83025000e-08  3.30534491e+00 
 2.83075000e-08  3.30546474e+00 
 2.83175000e-08  3.30573897e+00 
 2.83337500e-08  3.30629200e+00 
 2.83500000e-08  3.30700788e+00 
 2.83525000e-08  3.30713634e+00 
 2.83575000e-08  3.30740701e+00 
 2.83675000e-08  3.30802355e+00 
 2.83837500e-08  3.30928048e+00 
 2.84000000e-08  3.31097429e+00 
 2.84025000e-08  3.31128984e+00 
 2.84075000e-08  3.31196570e+00 
 2.84175000e-08  3.31353917e+00 
 2.84337500e-08  3.31667273e+00 
 2.84500000e-08  3.31939909e+00 
 2.84525000e-08  3.31958230e+00 
 2.84575000e-08  3.31965337e+00 
 2.84675000e-08  3.31742832e+00 
 2.84837500e-08  3.30409629e+00 
 2.85000000e-08  3.27720075e+00 
 2.85025000e-08  3.27137815e+00 
 2.85075000e-08  3.25880539e+00 
 2.85175000e-08  3.22792082e+00 
 2.85337500e-08  3.15940618e+00 
 2.85500000e-08  3.06189850e+00 
 2.85525000e-08  3.04312652e+00 
 2.85575000e-08  3.00302671e+00 
 2.85675000e-08  2.90441720e+00 
 2.85837500e-08  2.63713258e+00 
 2.86000000e-08  2.15362364e+00 
 2.86025000e-08  2.05577732e+00 
 2.86075000e-08  1.85016020e+00 
 2.86175000e-08  1.38323504e+00 
 2.86337500e-08  6.25106561e-01 
 2.86500000e-08  1.75171443e-01 
 2.86524484e-08  1.47550113e-01 
 2.86573452e-08  1.02208042e-01 
 2.86671389e-08  5.34477732e-02 
 2.86835694e-08  2.55203430e-02 
 2.87000000e-08  1.64368231e-02 
 2.87025000e-08  1.54952757e-02 
 2.87075000e-08  1.36925527e-02 
 2.87175000e-08  1.06883140e-02 
 2.87337500e-08  7.13952824e-03 
 2.87500000e-08  4.75598435e-03 
 2.87525000e-08  4.47099864e-03 
 2.87575000e-08  3.93448448e-03 
 2.87675000e-08  3.03859779e-03 
 2.87837500e-08  1.97870489e-03 
 2.88000000e-08  1.28347657e-03 
 2.88025000e-08  1.20432158e-03 
 2.88075000e-08  1.05663448e-03 
 2.88175000e-08  8.15352584e-04 
 2.88337500e-08  5.40695185e-04 
 2.88500000e-08  3.68590963e-04 
 2.88525000e-08  3.49193457e-04 
 2.88575000e-08  3.13024010e-04 
 2.88675000e-08  2.53269822e-04 
 2.88837500e-08  1.83587888e-04 
 2.89000000e-08  1.37923135e-04 
 2.89025000e-08  1.32640105e-04 
 2.89075000e-08  1.22735791e-04 
 2.89175000e-08  1.06229281e-04 
 2.89337500e-08  8.63846892e-05 
 2.89500000e-08  7.24405679e-05 
 2.89525000e-08  7.07443633e-05 
 2.89575000e-08  6.75371724e-05 
 2.89675000e-08  6.18425506e-05 
 2.89837500e-08  5.35080037e-05 
 2.90000000e-08  4.60623393e-05 
 2.90025000e-08  4.48700586e-05 
 2.90075000e-08  4.25291813e-05 
 2.90175000e-08  3.79321329e-05 
 2.90337500e-08  3.19044287e-05 
 2.90500000e-08  2.64152360e-05 
 2.90525000e-08  2.52305174e-05 
 2.90575000e-08  2.25209332e-05 
 2.90675000e-08  1.67034769e-05 
 2.90837500e-08  9.49378701e-06 
 2.91000000e-08  7.40258839e-06 
 2.91025000e-08  7.39019590e-06 
 2.91075000e-08  7.25476036e-06 
 2.91175000e-08  7.14042449e-06 
 2.91337500e-08  7.49685817e-06 
 2.91500000e-08  8.23569868e-06 
 2.91525000e-08  8.46468656e-06 
 2.91575000e-08  8.91023178e-06 
 2.91675000e-08  1.00531552e-05 
 2.91837500e-08  1.14266717e-05 
 2.92000000e-08  1.05456503e-05 
 2.92025000e-08  1.00984762e-05 
 2.92075000e-08  8.93947595e-06 
 2.92175000e-08  5.65600739e-06 
 2.92337500e-08 -9.74121910e-07 
 2.92500000e-08 -6.93530840e-06 
 2.92525000e-08 -7.53348882e-06 
 2.92575000e-08 -8.26110749e-06 
 2.92675000e-08 -9.35435633e-06 
 2.92837500e-08 -9.35376361e-06 
 2.93000000e-08 -7.02376474e-06 
 2.93025000e-08 -6.41509183e-06 
 2.93075000e-08 -5.10526217e-06 
 2.93175000e-08 -9.64721626e-07 
 2.93337500e-08  4.12563209e-06 
 2.93500000e-08  7.99719033e-06 
 2.93525000e-08  8.69242706e-06 
 2.93575000e-08  9.90545505e-06 
 2.93675000e-08  1.14662063e-05 
 2.93837500e-08  1.25090002e-05 
 2.94000000e-08  1.26157138e-05 
 2.94025000e-08  1.25808911e-05 
 2.94075000e-08  1.24461415e-05 
 2.94175000e-08  1.18484410e-05 
 2.94337500e-08  9.97981919e-06 
 2.94500000e-08  7.22865144e-06 
 2.94525000e-08  6.65755405e-06 
 2.94575000e-08  5.33592185e-06 
 2.94675000e-08  2.26402588e-06 
 2.94837500e-08 -2.16068430e-06 
 2.95000000e-08 -7.10755223e-06 
 2.95025000e-08 -7.87860568e-06 
 2.95075000e-08 -9.72180480e-06 
 2.95175000e-08 -1.37814349e-05 
 2.95337500e-08 -2.14039517e-05 
 2.95500000e-08 -2.52252581e-05 
 2.95525000e-08 -2.49110835e-05 
 2.95575000e-08 -2.43471267e-05 
 2.95675000e-08 -2.11421948e-05 
 2.95837500e-08 -1.12402773e-05 
 2.96000000e-08  7.45332786e-06 
 2.96025000e-08  1.12407162e-05 
 2.96075000e-08  1.94519119e-05 
 2.96175000e-08  3.94496084e-05 
 2.96337500e-08  7.51260752e-05 
 2.96500000e-08  1.09041297e-04 
 2.96525000e-08  1.12455994e-04 
 2.96575000e-08  1.18436435e-04 
 2.96675000e-08  1.26183866e-04 
 2.96837500e-08  1.28364002e-04 
 2.97000000e-08  1.17859398e-04 
 2.97025000e-08  1.16178506e-04 
 2.97075000e-08  1.12766434e-04 
 2.97175000e-08  1.06810465e-04 
 2.97337500e-08  9.75152251e-05 
 2.97500000e-08  8.02591389e-05 
 2.97525000e-08  7.51739428e-05 
 2.97575000e-08  6.45782759e-05 
 2.97675000e-08  4.02552892e-05 
 2.97837500e-08  5.13551510e-06 
 2.98000000e-08 -1.28106605e-05 
 2.98025000e-08 -1.33348361e-05 
 2.98075000e-08 -1.30290759e-05 
 2.98175000e-08 -6.74878958e-06 
 2.98337500e-08  1.69762080e-05 
 2.98500000e-08  6.12702479e-05 
 2.98525000e-08  7.01700379e-05 
 2.98575000e-08  9.02403736e-05 
 2.98675000e-08  1.32253279e-04 
 2.98837500e-08  1.83140064e-04 
 2.99000000e-08  1.84696660e-04 
 2.99025000e-08  1.77955181e-04 
 2.99075000e-08  1.60146176e-04 
 2.99175000e-08  9.03382518e-05 
 2.99337500e-08 -1.51855623e-04 
 2.99500000e-08 -5.73567694e-04 
 2.99525000e-08 -6.53776869e-04 
 2.99575000e-08 -8.19501621e-04 
 2.99675000e-08 -1.14113353e-03 
 2.99837500e-08 -1.68030390e-03 
 3.00000000e-08 -2.26351682e-03 
 3.00025000e-08 -2.34734975e-03 
 3.00075000e-08 -2.51378146e-03 
 3.00175000e-08 -2.83778247e-03 
 3.00337500e-08 -3.34549226e-03 
 3.00500000e-08 -3.84530032e-03 
 3.00525000e-08 -3.92263506e-03 
 3.00575000e-08 -4.08007000e-03 
 3.00675000e-08 -4.40047017e-03 
 3.00837500e-08 -4.95277496e-03 
 3.01000000e-08 -5.57320047e-03 
 3.01025000e-08 -5.67406454e-03 
 3.01075000e-08 -5.88788210e-03 
 3.01175000e-08 -6.34446334e-03 
 3.01337500e-08 -7.20644095e-03 
 3.01500000e-08 -8.32430810e-03 
 3.01525000e-08 -8.52241369e-03 
 3.01575000e-08 -8.96765253e-03 
 3.01675000e-08 -9.95476624e-03 
 3.01837500e-08 -1.17584395e-02 
 3.02000000e-08 -1.31372510e-02 
 3.02025000e-08 -1.31864026e-02 
 3.02075000e-08 -1.31362052e-02 
 3.02175000e-08 -1.17522082e-02 
 3.02337500e-08 -4.43036353e-03 
 3.02500000e-08  1.05782189e-02 
 3.02525000e-08  1.37852802e-02 
 3.02575000e-08  2.07422790e-02 
 3.02675000e-08  3.80785742e-02 
 3.02837500e-08  7.76091857e-02 
 3.03000000e-08  1.35891523e-01 
 3.03025000e-08  1.47229309e-01 
 3.03075000e-08  1.71483911e-01 
 3.03175000e-08  2.30986471e-01 
 3.03337500e-08  3.77010069e-01 
 3.03500000e-08  6.54901956e-01 
 3.03525000e-08  7.17351550e-01 
 3.03575000e-08  8.53028566e-01 
 3.03675000e-08  1.18443556e+00 
 3.03837500e-08  1.86892407e+00 
 3.04000000e-08  2.54614317e+00 
 3.04025000e-08  2.62660674e+00 
 3.04075000e-08  2.77023409e+00 
 3.04175000e-08  2.97772530e+00 
 3.04337500e-08  3.15898342e+00 
 3.04500000e-08  3.23134027e+00 
 3.04525000e-08  3.23683368e+00 
 3.04575000e-08  3.24666759e+00 
 3.04675000e-08  3.26095515e+00 
 3.04837500e-08  3.27519474e+00 
 3.05000000e-08  3.28350775e+00 
 3.05025000e-08  3.28443503e+00 
 3.05075000e-08  3.28617896e+00 
 3.05175000e-08  3.28906778e+00 
 3.05337500e-08  3.29243972e+00 
 3.05500000e-08  3.29463188e+00 
 3.05525000e-08  3.29488102e+00 
 3.05575000e-08  3.29534951e+00 
 3.05675000e-08  3.29612880e+00 
 3.05837500e-08  3.29705366e+00 
 3.06000000e-08  3.29768247e+00 
 3.06025000e-08  3.29775762e+00 
 3.06075000e-08  3.29790077e+00 
 3.06175000e-08  3.29814997e+00 
 3.06337500e-08  3.29847623e+00 
 3.06500000e-08  3.29872819e+00 
 3.06525000e-08  3.29876004e+00 
 3.06575000e-08  3.29881915e+00 
 3.06675000e-08  3.29892731e+00 
 3.06837500e-08  3.29910518e+00 
 3.07000000e-08  3.29929426e+00 
 3.07025000e-08  3.29932247e+00 
 3.07075000e-08  3.29937679e+00 
 3.07175000e-08  3.29947559e+00 
 3.07337500e-08  3.29960958e+00 
 3.07500000e-08  3.29971696e+00 
 3.07525000e-08  3.29973069e+00 
 3.07575000e-08  3.29975668e+00 
 3.07675000e-08  3.29980158e+00 
 3.07837500e-08  3.29985565e+00 
 3.08000000e-08  3.29989015e+00 
 3.08025000e-08  3.29989392e+00 
 3.08075000e-08  3.29990052e+00 
 3.08175000e-08  3.29991084e+00 
 3.08337500e-08  3.29992249e+00 
 3.08500000e-08  3.29992962e+00 
 3.08525000e-08  3.29993062e+00 
 3.08575000e-08  3.29993228e+00 
 3.08675000e-08  3.29993532e+00 
 3.08837500e-08  3.29994132e+00 
 3.09000000e-08  3.29994808e+00 
 3.09025000e-08  3.29994953e+00 
 3.09075000e-08  3.29995287e+00 
 3.09175000e-08  3.29996210e+00 
 3.09337500e-08  3.29997828e+00 
 3.09500000e-08  3.29998180e+00 
 3.09525000e-08  3.29998060e+00 
 3.09575000e-08  3.29997816e+00 
 3.09675000e-08  3.29997228e+00 
 3.09837500e-08  3.29996105e+00 
 3.10000000e-08  3.29995002e+00 
 3.10025000e-08  3.29994841e+00 
 3.10075000e-08  3.29994502e+00 
 3.10175000e-08  3.29993832e+00 
 3.10337500e-08  3.29992984e+00 
 3.10500000e-08  3.29992460e+00 
 3.10525000e-08  3.29992415e+00 
 3.10575000e-08  3.29992332e+00 
 3.10675000e-08  3.29992207e+00 
 3.10837500e-08  3.29991982e+00 
 3.11000000e-08  3.29991943e+00 
 3.11025000e-08  3.29991981e+00 
 3.11075000e-08  3.29992069e+00 
 3.11175000e-08  3.29992391e+00 
 3.11337500e-08  3.29993185e+00 
 3.11500000e-08  3.29994308e+00 
 3.11525000e-08  3.29994518e+00 
 3.11575000e-08  3.29994947e+00 
 3.11675000e-08  3.29995941e+00 
 3.11837500e-08  3.29997777e+00 
 3.12000000e-08  3.29999375e+00 
 3.12025000e-08  3.29999545e+00 
 3.12075000e-08  3.29999851e+00 
 3.12175000e-08  3.30000295e+00 
 3.12337500e-08  3.30000343e+00 
 3.12500000e-08  3.29999753e+00 
 3.12525000e-08  3.29999667e+00 
 3.12575000e-08  3.29999517e+00 
 3.12675000e-08  3.29999278e+00 
 3.12837500e-08  3.29998862e+00 
 3.13000000e-08  3.29998343e+00 
 3.13025000e-08  3.29998204e+00 
 3.13075000e-08  3.29997883e+00 
 3.13175000e-08  3.29996979e+00 
 3.13337500e-08  3.29995406e+00 
 3.13500000e-08  3.29995155e+00 
 3.13525000e-08  3.29995226e+00 
 3.13575000e-08  3.29995381e+00 
 3.13675000e-08  3.29995868e+00 
 3.13837500e-08  3.29997373e+00 
 3.14000000e-08  3.30000209e+00 
 3.14025000e-08  3.30000824e+00 
 3.14075000e-08  3.30002103e+00 
 3.14175000e-08  3.30004323e+00 
 3.14337500e-08  3.30005378e+00 
 3.14500000e-08  3.30001782e+00 
 3.14525000e-08  3.30000716e+00 
 3.14575000e-08  3.29998539e+00 
 3.14675000e-08  3.29993323e+00 
 3.14837500e-08  3.29984170e+00 
 3.15000000e-08  3.29977330e+00 
 3.15025000e-08  3.29976485e+00 
 3.15075000e-08  3.29974975e+00 
 3.15175000e-08  3.29973074e+00 
 3.15337500e-08  3.29972966e+00 
 3.15500000e-08  3.29975814e+00 
 3.15525000e-08  3.29976682e+00 
 3.15575000e-08  3.29978759e+00 
 3.15675000e-08  3.29982248e+00 
 3.15837500e-08  3.29986841e+00 
 3.16000000e-08  3.29989528e+00 
 3.16025000e-08  3.29989856e+00 
 3.16075000e-08  3.29990491e+00 
 3.16175000e-08  3.29992269e+00 
 3.16337500e-08  3.29995777e+00 
 3.16500000e-08  3.29998823e+00 
 3.16525000e-08  3.29999166e+00 
 3.16575000e-08  3.29999738e+00 
 3.16675000e-08  3.30000440e+00 
 3.16837500e-08  3.30000498e+00 
 3.17000000e-08  3.29999563e+00 
 3.17025000e-08  3.29999387e+00 
 3.17075000e-08  3.29998978e+00 
 3.17175000e-08  3.29997948e+00 
 3.17337500e-08  3.29995487e+00 
 3.17500000e-08  3.29991656e+00 
 3.17525000e-08  3.29990909e+00 
 3.17575000e-08  3.29989169e+00 
 3.17675000e-08  3.29984975e+00 
 3.17837500e-08  3.29976506e+00 
 3.18000000e-08  3.29968297e+00 
 3.18025000e-08  3.29967436e+00 
 3.18075000e-08  3.29965863e+00 
 3.18175000e-08  3.29964246e+00 
 3.18337500e-08  3.29964885e+00 
 3.18500000e-08  3.29968297e+00 
 3.18525000e-08  3.29969096e+00 
 3.18575000e-08  3.29970752e+00 
 3.18675000e-08  3.29975059e+00 
 3.18837500e-08  3.29985677e+00 
 3.19000000e-08  3.30003191e+00 
 3.19025000e-08  3.30007112e+00 
 3.19075000e-08  3.30015274e+00 
 3.19175000e-08  3.30033702e+00 
 3.19337500e-08  3.30068559e+00 
 3.19500000e-08  3.30106911e+00 
 3.19525000e-08  3.30112934e+00 
 3.19575000e-08  3.30124151e+00 
 3.19675000e-08  3.30146885e+00 
 3.19837500e-08  3.30183051e+00 
 3.20000000e-08  3.30220240e+00 
 3.20025000e-08  3.30226005e+00 
 3.20075000e-08  3.30237674e+00 
 3.20175000e-08  3.30261507e+00 
 3.20337500e-08  3.30301179e+00 
 3.20500000e-08  3.30342844e+00 
 3.20525000e-08  3.30349466e+00 
 3.20575000e-08  3.30362946e+00 
 3.20675000e-08  3.30389741e+00 
 3.20837500e-08  3.30428473e+00 
 3.21000000e-08  3.30459089e+00 
 3.21025000e-08  3.30463032e+00 
 3.21075000e-08  3.30470922e+00 
 3.21175000e-08  3.30487015e+00 
 3.21337500e-08  3.30516760e+00 
 3.21500000e-08  3.30554397e+00 
 3.21525000e-08  3.30561143e+00 
 3.21575000e-08  3.30575345e+00 
 3.21675000e-08  3.30607735e+00 
 3.21837500e-08  3.30672844e+00 
 3.22000000e-08  3.30757306e+00 
 3.22025000e-08  3.30772479e+00 
 3.22075000e-08  3.30804540e+00 
 3.22175000e-08  3.30877927e+00 
 3.22337500e-08  3.31029132e+00 
 3.22500000e-08  3.31236279e+00 
 3.22525000e-08  3.31274892e+00 
 3.22575000e-08  3.31357580e+00 
 3.22675000e-08  3.31545948e+00 
 3.22837500e-08  3.31862433e+00 
 3.23000000e-08  3.31923562e+00 
 3.23025000e-08  3.31874347e+00 
 3.23075000e-08  3.31724522e+00 
 3.23175000e-08  3.31068707e+00 
 3.23337500e-08  3.28875467e+00 
 3.23500000e-08  3.25094636e+00 
 3.23525000e-08  3.24316520e+00 
 3.23575000e-08  3.22658580e+00 
 3.23675000e-08  3.18698234e+00 
 3.23837500e-08  3.10078389e+00 
 3.24000000e-08  2.97630441e+00 
 3.24025000e-08  2.95188699e+00 
 3.24075000e-08  2.89879516e+00 
 3.24175000e-08  2.75808570e+00 
 3.24337500e-08  2.35408039e+00 
 3.24500000e-08  1.72578893e+00 
 3.24525000e-08  1.60784677e+00 
 3.24575000e-08  1.36380075e+00 
 3.24675000e-08  8.58967864e-01 
 3.24817113e-08  3.31253165e-01 
 3.24908556e-08  1.58614962e-01 
 3.25000000e-08  7.96766720e-02 
 3.25018289e-08  7.16587977e-02 
 3.25054866e-08  5.78613466e-02 
 3.25128021e-08  4.02058204e-02 
 3.25274331e-08  2.30401534e-02 
 3.25500000e-08  1.23368614e-02 
 3.25525000e-08  1.16915096e-02 
 3.25575000e-08  1.04331003e-02 
 3.25675000e-08  8.22442146e-03 
 3.25837500e-08  5.50152802e-03 
 3.26000000e-08  3.63555900e-03 
 3.26025000e-08  3.41568176e-03 
 3.26075000e-08  3.00196475e-03 
 3.26175000e-08  2.31258952e-03 
 3.26337500e-08  1.50226376e-03 
 3.26500000e-08  9.76283534e-04 
 3.26525000e-08  9.16830370e-04 
 3.26575000e-08  8.06084685e-04 
 3.26675000e-08  6.25636506e-04 
 3.26837500e-08  4.21109324e-04 
 3.27000000e-08  2.92351271e-04 
 3.27025000e-08  2.77731569e-04 
 3.27075000e-08  2.50483329e-04 
 3.27175000e-08  2.05543509e-04 
 3.27337500e-08  1.52980282e-04 
 3.27500000e-08  1.18209781e-04 
 3.27525000e-08  1.14176448e-04 
 3.27575000e-08  1.06636685e-04 
 3.27675000e-08  9.40804781e-05 
 3.27837500e-08  7.86056046e-05 
 3.28000000e-08  6.70744212e-05 
 3.28025000e-08  6.55217942e-05 
 3.28075000e-08  6.24722325e-05 
 3.28175000e-08  5.66206437e-05 
 3.28337500e-08  4.82615912e-05 
 3.28500000e-08  4.07850393e-05 
 3.28525000e-08  3.97677572e-05 
 3.28575000e-08  3.78686956e-05 
 3.28675000e-08  3.46120592e-05 
 3.28837500e-08  3.03247751e-05 
 3.29000000e-08  2.27562320e-05 
 3.29025000e-08  2.10561527e-05 
 3.29075000e-08  1.74002769e-05 
 3.29175000e-08  1.12516474e-05 
 3.29337500e-08  6.01941487e-06 
 3.29500000e-08  5.41381165e-06 
 3.29525000e-08  5.69871007e-06 
 3.29575000e-08  6.33275584e-06 
 3.29675000e-08  7.97512273e-06 
 3.29837500e-08  1.02353743e-05 
 3.30000000e-08  1.18721414e-05 
 3.30025000e-08  1.20542554e-05 
 3.30075000e-08  1.22426722e-05 
 3.30175000e-08  1.22922071e-05 
 3.30337500e-08  1.11642376e-05 
 3.30500000e-08  7.58504991e-06 
 3.30525000e-08  6.79760761e-06 
 3.30575000e-08  5.05199332e-06 
 3.30675000e-08  1.07947679e-06 
 3.30837500e-08 -5.34166561e-06 
 3.31000000e-08 -8.90771828e-06 
 3.31025000e-08 -9.03818810e-06 
 3.31075000e-08 -9.28716460e-06 
 3.31175000e-08 -9.29038941e-06 
 3.31337500e-08 -7.64813848e-06 
 3.31500000e-08 -4.14003265e-06 
 3.31525000e-08 -2.99505309e-06 
 3.31575000e-08 -7.91320507e-07 
 3.31675000e-08  1.97986573e-06 
 3.31837500e-08  5.92487424e-06 
 3.32000000e-08  9.71965975e-06 
 3.32025000e-08  1.01826466e-05 
 3.32075000e-08  1.09670217e-05 
 3.32175000e-08  1.21185980e-05 
 3.32337500e-08  1.30180029e-05 
 3.32500000e-08  1.25651803e-05 
 3.32525000e-08  1.23208737e-05 
 3.32575000e-08  1.16824042e-05 
 3.32675000e-08  9.99026773e-06 
 3.32837500e-08  6.91262075e-06 
 3.33000000e-08  3.35783200e-06 
 3.33025000e-08  2.80012217e-06 
 3.33075000e-08  1.77793775e-06 
 3.33175000e-08  4.95847888e-08 
 3.33337500e-08 -3.56162722e-06 
 3.33500000e-08 -9.27541281e-06 
 3.33525000e-08 -1.04521154e-05 
 3.33575000e-08 -1.34003531e-05 
 3.33675000e-08 -1.94878297e-05 
 3.33837500e-08 -2.62261472e-05 
 3.34000000e-08 -2.57841128e-05 
 3.34025000e-08 -2.47037190e-05 
 3.34075000e-08 -2.25518085e-05 
 3.34175000e-08 -1.61430405e-05 
 3.34337500e-08 -6.02000633e-09 
 3.34500000e-08  2.61769742e-05 
 3.34525000e-08  3.14221035e-05 
 3.34575000e-08  4.22080454e-05 
 3.34675000e-08  6.47068775e-05 
 3.34837500e-08  9.92910330e-05 
 3.35000000e-08  1.23628709e-04 
 3.35025000e-08  1.24912008e-04 
 3.35075000e-08  1.27023787e-04 
 3.35175000e-08  1.28666183e-04 
 3.35337500e-08  1.21001532e-04 
 3.35500000e-08  1.09432470e-04 
 3.35525000e-08  1.07392820e-04 
 3.35575000e-08  1.05121423e-04 
 3.35675000e-08  1.00648171e-04 
 3.35837500e-08  8.70969167e-05 
 3.36000000e-08  5.73715336e-05 
 3.36025000e-08  5.05443383e-05 
 3.36075000e-08  3.75476131e-05 
 3.36175000e-08  1.47095034e-05 
 3.36337500e-08 -8.50039425e-06 
 3.36500000e-08 -1.08428941e-05 
 3.36525000e-08 -9.38299131e-06 
 3.36575000e-08 -5.29952468e-06 
 3.36675000e-08  7.32776604e-06 
 3.36837500e-08  4.23361711e-05 
 3.37000000e-08  1.00490004e-04 
 3.37025000e-08  1.10623759e-04 
 3.37075000e-08  1.31831586e-04 
 3.37175000e-08  1.67868669e-04 
 3.37337500e-08  1.91263353e-04 
 3.37500000e-08  1.47477972e-04 
 3.37525000e-08  1.31228579e-04 
 3.37575000e-08  9.18871939e-05 
 3.37675000e-08 -3.60480841e-05 
 3.37837500e-08 -3.95556305e-04 
 3.38000000e-08 -9.07330017e-04 
 3.38025000e-08 -9.96749824e-04 
 3.38075000e-08 -1.13014037e-03 
 3.38175000e-08 -1.46404945e-03 
 3.38337500e-08 -2.04587740e-03 
 3.38500000e-08 -2.59920050e-03 
 3.38525000e-08 -2.67985595e-03 
 3.38575000e-08 -2.84045192e-03 
 3.38675000e-08 -3.15527372e-03 
 3.38837500e-08 -3.65759113e-03 
 3.39000000e-08 -4.16819208e-03 
 3.39025000e-08 -4.24778144e-03 
 3.39075000e-08 -4.40950075e-03 
 3.39175000e-08 -4.74671269e-03 
 3.39337500e-08 -5.34223450e-03 
 3.39500000e-08 -6.01585482e-03 
 3.39525000e-08 -6.12676010e-03 
 3.39575000e-08 -6.36464833e-03 
 3.39675000e-08 -6.87797702e-03 
 3.39837500e-08 -7.87831532e-03 
 3.40000000e-08 -9.21450960e-03 
 3.40025000e-08 -9.44868412e-03 
 3.40075000e-08 -9.96984167e-03 
 3.40175000e-08 -1.10802904e-02 
 3.40337500e-08 -1.27714495e-02 
 3.40500000e-08 -1.29044360e-02 
 3.40525000e-08 -1.25851451e-02 
 3.40575000e-08 -1.16840697e-02 
 3.40675000e-08 -8.02559255e-03 
 3.40837500e-08  4.05556776e-03 
 3.41000000e-08  2.50284675e-02 
 3.41025000e-08  2.93611873e-02 
 3.41075000e-08  3.86498027e-02 
 3.41175000e-08  6.12387949e-02 
 3.41337500e-08  1.11841287e-01 
 3.41500000e-08  1.86742092e-01 
 3.41525000e-08  2.01476514e-01 
 3.41575000e-08  2.33218214e-01 
 3.41675000e-08  3.13170142e-01 
 3.41837500e-08  5.29974647e-01 
 3.42000000e-08  9.32666835e-01 
 3.42025000e-08  1.01645312e+00 
 3.42075000e-08  1.19338684e+00 
 3.42175000e-08  1.60061003e+00 
 3.42337500e-08  2.32549553e+00 
 3.42500000e-08  2.84121930e+00 
 3.42525000e-08  2.89167887e+00 
 3.42575000e-08  2.98137796e+00 
 3.42675000e-08  3.10683729e+00 
 3.42837500e-08  3.21144808e+00 
 3.43000000e-08  3.25219069e+00 
 3.43025000e-08  3.25548848e+00 
 3.43075000e-08  3.26151386e+00 
 3.43175000e-08  3.27079568e+00 
 3.43337500e-08  3.28084477e+00 
 3.43500000e-08  3.28710655e+00 
 3.43525000e-08  3.28781428e+00 
 3.43575000e-08  3.28914488e+00 
 3.43675000e-08  3.29134817e+00 
 3.43837500e-08  3.29391941e+00 
 3.44000000e-08  3.29559422e+00 
 3.44025000e-08  3.29578519e+00 
 3.44075000e-08  3.29614478e+00 
 3.44175000e-08  3.29674564e+00 
 3.44337500e-08  3.29746888e+00 
 3.44500000e-08  3.29797474e+00 
 3.44525000e-08  3.29803689e+00 
 3.44575000e-08  3.29815614e+00 
 3.44675000e-08  3.29836783e+00 
 3.44837500e-08  3.29864986e+00 
 3.45000000e-08  3.29886216e+00 
 3.45025000e-08  3.29888930e+00 
 3.45075000e-08  3.29894113e+00 
 3.45175000e-08  3.29904773e+00 
 3.45337500e-08  3.29923267e+00 
 3.45500000e-08  3.29941266e+00 
 3.45525000e-08  3.29943765e+00 
 3.45575000e-08  3.29948516e+00 
 3.45675000e-08  3.29956951e+00 
 3.45837500e-08  3.29968326e+00 
 3.46000000e-08  3.29977115e+00 
 3.46025000e-08  3.29978221e+00 
 3.46075000e-08  3.29980294e+00 
 3.46175000e-08  3.29983773e+00 
 3.46337500e-08  3.29987788e+00 
 3.46500000e-08  3.29990262e+00 
 3.46525000e-08  3.29990535e+00 
 3.46575000e-08  3.29991022e+00 
 3.46675000e-08  3.29991819e+00 
 3.46837500e-08  3.29992694e+00 
 3.47000000e-08  3.29993260e+00 
 3.47025000e-08  3.29993349e+00 
 3.47075000e-08  3.29993515e+00 
 3.47175000e-08  3.29993939e+00 
 3.47337500e-08  3.29994665e+00 
 3.47500000e-08  3.29995638e+00 
 3.47525000e-08  3.29995882e+00 
 3.47575000e-08  3.29996451e+00 
 3.47675000e-08  3.29997615e+00 
 3.47837500e-08  3.29998637e+00 
 3.48000000e-08  3.29998076e+00 
 3.48025000e-08  3.29997867e+00 
 3.48075000e-08  3.29997423e+00 
 3.48175000e-08  3.29996463e+00 
 3.48337500e-08  3.29995014e+00 
 3.48500000e-08  3.29993895e+00 
 3.48525000e-08  3.29993776e+00 
 3.48575000e-08  3.29993565e+00 
 3.48675000e-08  3.29993261e+00 
 3.48837500e-08  3.29992932e+00 
 3.49000000e-08  3.29992703e+00 
 3.49025000e-08  3.29992677e+00 
 3.49075000e-08  3.29992600e+00 
 3.49175000e-08  3.29992409e+00 
 3.49337500e-08  3.29992227e+00 
 3.49500000e-08  3.29992345e+00 
 3.49525000e-08  3.29992402e+00 
 3.49575000e-08  3.29992507e+00 
 3.49675000e-08  3.29992811e+00 
 3.49837500e-08  3.29993610e+00 
 3.50000000e-08  3.29994913e+00 
 3.50025000e-08  3.29995177e+00 
 3.50075000e-08  3.29995735e+00 
 3.50175000e-08  3.29996973e+00 
 3.50337500e-08  3.29998876e+00 
 3.50500000e-08  3.30000102e+00 
 3.50525000e-08  3.30000221e+00 
 3.50575000e-08  3.30000419e+00 
 3.50675000e-08  3.30000588e+00 
 3.50837500e-08  3.30000109e+00 
 3.51000000e-08  3.29999551e+00 
 3.51025000e-08  3.29999445e+00 
 3.51075000e-08  3.29999233e+00 
 3.51175000e-08  3.29998819e+00 
 3.51337500e-08  3.29998194e+00 
 3.51500000e-08  3.29997432e+00 
 3.51525000e-08  3.29997252e+00 
 3.51575000e-08  3.29996888e+00 
 3.51675000e-08  3.29996119e+00 
 3.51837500e-08  3.29995517e+00 
 3.52000000e-08  3.29995886e+00 
 3.52025000e-08  3.29995956e+00 
 3.52075000e-08  3.29996118e+00 
 3.52175000e-08  3.29996671e+00 
 3.52337500e-08  3.29998652e+00 
 3.52500000e-08  3.30002269e+00 
 3.52525000e-08  3.30002863e+00 
 3.52575000e-08  3.30003980e+00 
 3.52675000e-08  3.30005283e+00 
 3.52837500e-08  3.30003791e+00 
 3.53000000e-08  3.29997428e+00 
 3.53025000e-08  3.29996173e+00 
 3.53075000e-08  3.29993526e+00 
 3.53175000e-08  3.29987857e+00 
 3.53337500e-08  3.29979932e+00 
 3.53500000e-08  3.29974441e+00 
 3.53525000e-08  3.29973910e+00 
 3.53575000e-08  3.29973092e+00 
 3.53675000e-08  3.29972551e+00 
 3.53837500e-08  3.29974175e+00 
 3.54000000e-08  3.29978994e+00 
 3.54025000e-08  3.29979983e+00 
 3.54075000e-08  3.29981854e+00 
 3.54175000e-08  3.29985123e+00 
 3.54337500e-08  3.29988821e+00 
 3.54500000e-08  3.29990892e+00 
 3.54525000e-08  3.29991384e+00 
 3.54575000e-08  3.29992358e+00 
 3.54675000e-08  3.29994508e+00 
 3.54837500e-08  3.29997774e+00 
 3.55000000e-08  3.30000024e+00 
 3.55025000e-08  3.30000250e+00 
 3.55075000e-08  3.30000565e+00 
 3.55175000e-08  3.30000670e+00 
 3.55337500e-08  3.29999947e+00 
 3.55500000e-08  3.29998533e+00 
 3.55525000e-08  3.29998274e+00 
 3.55575000e-08  3.29997709e+00 
 3.55675000e-08  3.29996414e+00 
 3.55837500e-08  3.29993419e+00 
 3.56000000e-08  3.29988626e+00 
 3.56025000e-08  3.29987684e+00 
 3.56075000e-08  3.29985488e+00 
 3.56175000e-08  3.29980367e+00 
 3.56337500e-08  3.29971522e+00 
 3.56500000e-08  3.29965524e+00 
 3.56525000e-08  3.29965165e+00 
 3.56575000e-08  3.29964570e+00 
 3.56675000e-08  3.29964597e+00 
 3.56837500e-08  3.29966963e+00 
 3.57000000e-08  3.29971591e+00 
 3.57025000e-08  3.29972575e+00 
 3.57075000e-08  3.29974646e+00 
 3.57175000e-08  3.29980102e+00 
 3.57337500e-08  3.29994019e+00 
 3.57500000e-08  3.30017559e+00 
 3.57525000e-08  3.30022105e+00 
 3.57575000e-08  3.30031542e+00 
 3.57675000e-08  3.30052371e+00 
 3.57837500e-08  3.30089736e+00 
 3.58000000e-08  3.30128153e+00 
 3.58025000e-08  3.30133875e+00 
 3.58075000e-08  3.30144976e+00 
 3.58175000e-08  3.30166892e+00 
 3.58337500e-08  3.30203699e+00 
 3.58500000e-08  3.30241534e+00 
 3.58525000e-08  3.30247637e+00 
 3.58575000e-08  3.30259751e+00 
 3.58675000e-08  3.30284068e+00 
 3.58837500e-08  3.30324714e+00 
 3.59000000e-08  3.30367096e+00 
 3.59025000e-08  3.30373634e+00 
 3.59075000e-08  3.30386746e+00 
 3.59175000e-08  3.30411494e+00 
 3.59337500e-08  3.30445284e+00 
 3.59500000e-08  3.30472826e+00 
 3.59525000e-08  3.30476737e+00 
 3.59575000e-08  3.30484773e+00 
 3.59675000e-08  3.30502256e+00 
 3.59837500e-08  3.30536506e+00 
 3.60000000e-08  3.30580730e+00 
 3.60025000e-08  3.30588675e+00 
 3.60075000e-08  3.30605394e+00 
 3.60175000e-08  3.30643382e+00 
 3.60337500e-08  3.30719380e+00 
 3.60500000e-08  3.30817911e+00 
 3.60525000e-08  3.30835711e+00 
 3.60575000e-08  3.30873390e+00 
 3.60675000e-08  3.30960043e+00 
 3.60837500e-08  3.31141068e+00 
 3.61000000e-08  3.31390844e+00 
 3.61025000e-08  3.31436978e+00 
 3.61075000e-08  3.31534565e+00 
 3.61175000e-08  3.31741121e+00 
 3.61337500e-08  3.31964484e+00 
 3.61500000e-08  3.31631180e+00 
 3.61525000e-08  3.31482964e+00 
 3.61575000e-08  3.31118753e+00 
 3.61675000e-08  3.29953582e+00 
 3.61837500e-08  3.26941973e+00 
 3.62000000e-08  3.22016593e+00 
 3.62025000e-08  3.21046551e+00 
 3.62075000e-08  3.18990924e+00 
 3.62175000e-08  3.14131184e+00 
 3.62337500e-08  3.03520813e+00 
 3.62500000e-08  2.87592045e+00 
 3.62525000e-08  2.84309043e+00 
 3.62575000e-08  2.76883320e+00 
 3.62675000e-08  2.55685918e+00 
 3.62837500e-08  2.02230571e+00 
 3.63000000e-08  1.27826700e+00 
 3.63025000e-08  1.14746293e+00 
 3.63075000e-08  8.90622183e-01 
 3.63175000e-08  4.71047262e-01 
 3.63336776e-08  1.23940076e-01 
 3.63500000e-08  4.03519949e-02 
 3.63517093e-08  3.82266657e-02 
 3.63551280e-08  3.42423920e-02 
 3.63619653e-08  2.78083920e-02 
 3.63756400e-08  1.87023346e-02 
 3.64000000e-08  9.80402704e-03 
 3.64025000e-08  9.28528733e-03 
 3.64075000e-08  8.27942238e-03 
 3.64175000e-08  6.51574179e-03 
 3.64337500e-08  4.33617589e-03 
 3.64500000e-08  2.84490926e-03 
 3.64525000e-08  2.67075805e-03 
 3.64575000e-08  2.34353933e-03 
 3.64675000e-08  1.80061915e-03 
 3.64837500e-08  1.16792052e-03 
 3.65000000e-08  7.62058419e-04 
 3.65025000e-08  7.16658483e-04 
 3.65075000e-08  6.32441702e-04 
 3.65175000e-08  4.95945754e-04 
 3.65337500e-08  3.41078911e-04 
 3.65500000e-08  2.42107257e-04 
 3.65525000e-08  2.30730438e-04 
 3.65575000e-08  2.09425491e-04 
 3.65675000e-08  1.74030110e-04 
 3.65837500e-08  1.32294891e-04 
 3.66000000e-08  1.04402019e-04 
 3.66025000e-08  1.01081329e-04 
 3.66075000e-08  9.47772143e-05 
 3.66175000e-08  8.39832662e-05 
 3.66337500e-08  7.03252255e-05 
 3.66500000e-08  5.98453463e-05 
 3.66525000e-08  5.84890909e-05 
 3.66575000e-08  5.59788078e-05 
 3.66675000e-08  5.15762447e-05 
 3.66837500e-08  4.48317028e-05 
 3.67000000e-08  3.83250395e-05 
 3.67025000e-08  3.73561986e-05 
 3.67075000e-08  3.54166481e-05 
 3.67175000e-08  3.19406012e-05 
 3.67337500e-08  2.49281404e-05 
 3.67500000e-08  1.43361144e-05 
 3.67525000e-08  1.30470108e-05 
 3.67575000e-08  1.05883928e-05 
 3.67675000e-08  7.54259728e-06 
 3.67837500e-08  6.21682797e-06 
 3.68000000e-08  7.18855868e-06 
 3.68025000e-08  7.36884934e-06 
 3.68075000e-08  7.54395779e-06 
 3.68175000e-08  7.73607033e-06 
 3.68337500e-08  8.21140141e-06 
 3.68500000e-08  9.25147282e-06 
 3.68525000e-08  9.52624938e-06 
 3.68575000e-08  1.00111760e-05 
 3.68675000e-08  1.06061908e-05 
 3.68837500e-08  9.21791502e-06 
 3.69000000e-08  4.48238708e-06 
 3.69025000e-08  3.49121057e-06 
 3.69075000e-08  1.39956327e-06 
 3.69175000e-08 -2.83276260e-06 
 3.69337500e-08 -7.68301097e-06 
 3.69500000e-08 -8.52201351e-06 
 3.69525000e-08 -8.49955714e-06 
 3.69575000e-08 -8.41366163e-06 
 3.69675000e-08 -7.70920816e-06 
 3.69837500e-08 -5.11856734e-06 
 3.70000000e-08 -3.57906502e-08 
 3.70025000e-08  7.71923633e-07 
 3.70075000e-08  2.32245950e-06 
 3.70175000e-08  5.29219736e-06 
 3.70337500e-08  9.65013558e-06 
 3.70500000e-08  1.24492217e-05 
 3.70525000e-08  1.26572279e-05 
 3.70575000e-08  1.29160745e-05 
 3.70675000e-08  1.29911993e-05 
 3.70837500e-08  1.23619148e-05 
 3.71000000e-08  1.08215467e-05 
 3.71025000e-08  1.05161878e-05 
 3.71075000e-08  9.83748016e-06 
 3.71175000e-08  8.31272024e-06 
 3.71337500e-08  5.25809824e-06 
 3.71500000e-08  1.78720782e-06 
 3.71525000e-08  1.35720730e-06 
 3.71575000e-08  3.28222146e-07 
 3.71675000e-08 -2.15367685e-06 
 3.71837500e-08 -7.29870096e-06 
 3.72000000e-08 -1.51086943e-05 
 3.72025000e-08 -1.64114030e-05 
 3.72075000e-08 -1.92948580e-05 
 3.72175000e-08 -2.35210835e-05 
 3.72337500e-08 -2.49975356e-05 
 3.72500000e-08 -1.98913690e-05 
 3.72525000e-08 -1.84020181e-05 
 3.72575000e-08 -1.55445512e-05 
 3.72675000e-08 -7.66953280e-06 
 3.72837500e-08  1.32916851e-05 
 3.73000000e-08  4.58760283e-05 
 3.73025000e-08  5.16772661e-05 
 3.73075000e-08  6.31968590e-05 
 3.73175000e-08  8.48623407e-05 
 3.73337500e-08  1.17445064e-04 
 3.73500000e-08  1.28305150e-04 
 3.73525000e-08  1.28793242e-04 
 3.73575000e-08  1.29343817e-04 
 3.73675000e-08  1.25030426e-04 
 3.73837500e-08  1.14815811e-04 
 3.74000000e-08  1.04253103e-04 
 3.74025000e-08  1.02976375e-04 
 3.74075000e-08  1.00671657e-04 
 3.74175000e-08  9.42218091e-05 
 3.74337500e-08  7.14147937e-05 
 3.74500000e-08  3.23452051e-05 
 3.74525000e-08  2.57581278e-05 
 3.74575000e-08  1.38320677e-05 
 3.74675000e-08 -4.00925530e-06 
 3.74837500e-08 -1.53953710e-05 
 3.75000000e-08 -5.77797209e-06 
 3.75025000e-08 -2.52557727e-06 
 3.75075000e-08  5.27135294e-06 
 3.75175000e-08  2.65490415e-05 
 3.75337500e-08  7.80851349e-05 
 3.75500000e-08  1.45192836e-04 
 3.75525000e-08  1.54085938e-04 
 3.75575000e-08  1.70793656e-04 
 3.75675000e-08  1.90633898e-04 
 3.75837500e-08  1.74662117e-04 
 3.76000000e-08  6.42680012e-05 
 3.76025000e-08  3.37632102e-05 
 3.76075000e-08 -3.85023933e-05 
 3.76175000e-08 -2.42809950e-04 
 3.76337500e-08 -7.09176012e-04 
 3.76500000e-08 -1.24590319e-03 
 3.76525000e-08 -1.32584540e-03 
 3.76575000e-08 -1.49281836e-03 
 3.76675000e-08 -1.84702308e-03 
 3.76837500e-08 -2.41339981e-03 
 3.77000000e-08 -2.94538873e-03 
 3.77025000e-08 -3.02371847e-03 
 3.77075000e-08 -3.18055652e-03 
 3.77175000e-08 -3.49093949e-03 
 3.77337500e-08 -3.99613463e-03 
 3.77500000e-08 -4.51947978e-03 
 3.77525000e-08 -4.60116962e-03 
 3.77575000e-08 -4.77085898e-03 
 3.77675000e-08 -5.12790275e-03 
 3.77837500e-08 -5.76525261e-03 
 3.78000000e-08 -6.50726427e-03 
 3.78025000e-08 -6.63128281e-03 
 3.78075000e-08 -6.90186559e-03 
 3.78175000e-08 -7.49774325e-03 
 3.78337500e-08 -8.69933158e-03 
 3.78500000e-08 -1.02946103e-02 
 3.78525000e-08 -1.05627014e-02 
 3.78575000e-08 -1.11442731e-02 
 3.78675000e-08 -1.22703083e-02 
 3.78837500e-08 -1.32126511e-02 
 3.79000000e-08 -1.08004901e-02 
 3.79025000e-08 -9.88274742e-03 
 3.79075000e-08 -7.69140649e-03 
 3.79175000e-08 -1.01075497e-03 
 3.79337500e-08  1.65529856e-02 
 3.79500000e-08  4.52507332e-02 
 3.79525000e-08  5.09393094e-02 
 3.79575000e-08  6.30799166e-02 
 3.79675000e-08  9.23426238e-02 
 3.79837500e-08  1.57868340e-01 
 3.80000000e-08  2.57236212e-01 
 3.80025000e-08  2.77282209e-01 
 3.80075000e-08  3.21066788e-01 
 3.80175000e-08  4.37715003e-01 
 3.80337500e-08  7.73679889e-01 
 3.80500000e-08  1.31696666e+00 
 3.80525000e-08  1.42077019e+00 
 3.80575000e-08  1.63637100e+00 
 3.80675000e-08  2.09902183e+00 
 3.80837500e-08  2.70519191e+00 
 3.81000000e-08  3.03734042e+00 
 3.81025000e-08  3.06600611e+00 
 3.81075000e-08  3.11662981e+00 
 3.81175000e-08  3.18589552e+00 
 3.81337500e-08  3.24253120e+00 
 3.81500000e-08  3.26561470e+00 
 3.81525000e-08  3.26774688e+00 
 3.81575000e-08  3.27171052e+00 
 3.81675000e-08  3.27809466e+00 
 3.81837500e-08  3.28536377e+00 
 3.82000000e-08  3.29003325e+00 
 3.82025000e-08  3.29056257e+00 
 3.82075000e-08  3.29155699e+00 
 3.82175000e-08  3.29320196e+00 
 3.82337500e-08  3.29512343e+00 
 3.82500000e-08  3.29638259e+00 
 3.82525000e-08  3.29652791e+00 
 3.82575000e-08  3.29680245e+00 
 3.82675000e-08  3.29726574e+00 
 3.82837500e-08  3.29783291e+00 
 3.83000000e-08  3.29824010e+00 
 3.83025000e-08  3.29829097e+00 
 3.83075000e-08  3.29838856e+00 
 3.83175000e-08  3.29856284e+00 
 3.83337500e-08  3.29879415e+00 
 3.83500000e-08  3.29897133e+00 
 3.83525000e-08  3.29899838e+00 
 3.83575000e-08  3.29905223e+00 
 3.83675000e-08  3.29916492e+00 
 3.83837500e-08  3.29934755e+00 
 3.84000000e-08  3.29950880e+00 
 3.84025000e-08  3.29953048e+00 
 3.84075000e-08  3.29957199e+00 
 3.84175000e-08  3.29964756e+00 
 3.84337500e-08  3.29974811e+00 
 3.84500000e-08  3.29982087e+00 
 3.84525000e-08  3.29982953e+00 
 3.84575000e-08  3.29984541e+00 
 3.84675000e-08  3.29987087e+00 
 3.84837500e-08  3.29989900e+00 
 3.85000000e-08  3.29991614e+00 
 3.85025000e-08  3.29991822e+00 
 3.85075000e-08  3.29992180e+00 
 3.85175000e-08  3.29992764e+00 
 3.85337500e-08  3.29993428e+00 
 3.85500000e-08  3.29993864e+00 
 3.85525000e-08  3.29993953e+00 
 3.85575000e-08  3.29994103e+00 
 3.85675000e-08  3.29994318e+00 
 3.85837500e-08  3.29994860e+00 
 3.86000000e-08  3.29996217e+00 
 3.86025000e-08  3.29996498e+00 
 3.86075000e-08  3.29997091e+00 
 3.86175000e-08  3.29997912e+00 
 3.86337500e-08  3.29997949e+00 
 3.86500000e-08  3.29996896e+00 
 3.86525000e-08  3.29996698e+00 
 3.86575000e-08  3.29996308e+00 
 3.86675000e-08  3.29995563e+00 
 3.86837500e-08  3.29994505e+00 
 3.87000000e-08  3.29993694e+00 
 3.87025000e-08  3.29993598e+00 
 3.87075000e-08  3.29993407e+00 
 3.87175000e-08  3.29993069e+00 
 3.87337500e-08  3.29992665e+00 
 3.87500000e-08  3.29992353e+00 
 3.87525000e-08  3.29992304e+00 
 3.87575000e-08  3.29992202e+00 
 3.87675000e-08  3.29992076e+00 
 3.87837500e-08  3.29992114e+00 
 3.88000000e-08  3.29992522e+00 
 3.88025000e-08  3.29992633e+00 
 3.88075000e-08  3.29992850e+00 
 3.88175000e-08  3.29993377e+00 
 3.88337500e-08  3.29994553e+00 
 3.88500000e-08  3.29996244e+00 
 3.88525000e-08  3.29996556e+00 
 3.88575000e-08  3.29997190e+00 
 3.88675000e-08  3.29998443e+00 
 3.88837500e-08  3.29999986e+00 
 3.89000000e-08  3.30000746e+00 
 3.89025000e-08  3.30000765e+00 
 3.89075000e-08  3.30000753e+00 
 3.89175000e-08  3.30000415e+00 
 3.89337500e-08  3.29999747e+00 
 3.89500000e-08  3.29999138e+00 
 3.89525000e-08  3.29999064e+00 
 3.89575000e-08  3.29998923e+00 
 3.89675000e-08  3.29998612e+00 
 3.89837500e-08  3.29997941e+00 
 3.90000000e-08  3.29996763e+00 
 3.90025000e-08  3.29996511e+00 
 3.90075000e-08  3.29996027e+00 
 3.90175000e-08  3.29995267e+00 
 3.90337500e-08  3.29995552e+00 
 3.90500000e-08  3.29996196e+00 
 3.90525000e-08  3.29996320e+00 
 3.90575000e-08  3.29996672e+00 
 3.90675000e-08  3.29997846e+00 
 3.90837500e-08  3.30001043e+00 
 3.91000000e-08  3.30004661e+00 
 3.91025000e-08  3.30004972e+00 
 3.91075000e-08  3.30005386e+00 
 3.91175000e-08  3.30004824e+00 
 3.91337500e-08  3.29999976e+00 
 3.91500000e-08  3.29991896e+00 
 3.91525000e-08  3.29990420e+00 
 3.91575000e-08  3.29987510e+00 
 3.91675000e-08  3.29982324e+00 
 3.91837500e-08  3.29976110e+00 
 3.92000000e-08  3.29972725e+00 
 3.92025000e-08  3.29972636e+00 
 3.92075000e-08  3.29972634e+00 
 3.92175000e-08  3.29973521e+00 
 3.92337500e-08  3.29977188e+00 
 3.92500000e-08  3.29983423e+00 
 3.92525000e-08  3.29984173e+00 
 3.92575000e-08  3.29985551e+00 
 3.92675000e-08  3.29987781e+00 
 3.92837500e-08  3.29989967e+00 
 3.93000000e-08  3.29992477e+00 
 3.93025000e-08  3.29993123e+00 
 3.93075000e-08  3.29994333e+00 
 3.93175000e-08  3.29996467e+00 
 3.93337500e-08  3.29998989e+00 
 3.93500000e-08  3.30000296e+00 
 3.93525000e-08  3.30000399e+00 
 3.93575000e-08  3.30000533e+00 
 3.93675000e-08  3.30000527e+00 
 3.93837500e-08  3.29999680e+00 
 3.94000000e-08  3.29997949e+00 
 3.94025000e-08  3.29997592e+00 
 3.94075000e-08  3.29996753e+00 
 3.94175000e-08  3.29994670e+00 
 3.94337500e-08  3.29990160e+00 
 3.94500000e-08  3.29983568e+00 
 3.94525000e-08  3.29982365e+00 
 3.94575000e-08  3.29979669e+00 
 3.94675000e-08  3.29974059e+00 
 3.94837500e-08  3.29966670e+00 
 3.95000000e-08  3.29963820e+00 
 3.95025000e-08  3.29963934e+00 
 3.95075000e-08  3.29964245e+00 
 3.95175000e-08  3.29965843e+00 
 3.95337500e-08  3.29970229e+00 
 3.95500000e-08  3.29977033e+00 
 3.95525000e-08  3.29978392e+00 
 3.95575000e-08  3.29981275e+00 
 3.95675000e-08  3.29988789e+00 
 3.95837500e-08  3.30008169e+00 
 3.96000000e-08  3.30037686e+00 
 3.96025000e-08  3.30042936e+00 
 3.96075000e-08  3.30053733e+00 
 3.96175000e-08  3.30076799e+00 
 3.96337500e-08  3.30115942e+00 
 3.96500000e-08  3.30152982e+00 
 3.96525000e-08  3.30158525e+00 
 3.96575000e-08  3.30169865e+00 
 3.96675000e-08  3.30192466e+00 
 3.96837500e-08  3.30230098e+00 
 3.97000000e-08  3.30269591e+00 
 3.97025000e-08  3.30275602e+00 
 3.97075000e-08  3.30287697e+00 
 3.97175000e-08  3.30312366e+00 
 3.97337500e-08  3.30353724e+00 
 3.97500000e-08  3.30395462e+00 
 3.97525000e-08  3.30401445e+00 
 3.97575000e-08  3.30413189e+00 
 3.97675000e-08  3.30434403e+00 
 3.97837500e-08  3.30463568e+00 
 3.98000000e-08  3.30490620e+00 
 3.98025000e-08  3.30494944e+00 
 3.98075000e-08  3.30503996e+00 
 3.98175000e-08  3.30524415e+00 
 3.98337500e-08  3.30565139e+00 
 3.98500000e-08  3.30617546e+00 
 3.98525000e-08  3.30626903e+00 
 3.98575000e-08  3.30646566e+00 
 3.98675000e-08  3.30691172e+00 
 3.98837500e-08  3.30780942e+00 
 3.99000000e-08  3.30899039e+00 
 3.99025000e-08  3.30920529e+00 
 3.99075000e-08  3.30966242e+00 
 3.99175000e-08  3.31072321e+00 
 3.99337500e-08  3.31296545e+00 
 3.99500000e-08  3.31598070e+00 
 3.99525000e-08  3.31650443e+00 
 3.99575000e-08  3.31755789e+00 
 3.99675000e-08  3.31930452e+00 
 3.99837500e-08  3.31845086e+00 
 4.00000000e-08  3.30795197e+00 
 4.00025000e-08  3.30497408e+00 
 4.00075000e-08  3.29840513e+00 
 4.00175000e-08  3.28153620e+00 
 4.00337500e-08  3.23886404e+00 
 4.00500000e-08  3.17489893e+00 
 4.00525000e-08  3.16263572e+00 
 4.00575000e-08  3.13667366e+00 
 4.00675000e-08  3.07524115e+00 
 4.00837500e-08  2.93771267e+00 
 4.01000000e-08  2.70457908e+00 
 4.01025000e-08  2.65135320e+00 
 4.01075000e-08  2.53149024e+00 
 4.01175000e-08  2.22157584e+00 
 4.01337500e-08  1.54162694e+00 
 4.01500000e-08  7.54020062e-01 
 4.01525000e-08  6.45386431e-01 
 4.01575000e-08  4.53819644e-01 
 4.01675000e-08  2.05783758e-01 
 4.01837500e-08  5.43269576e-02 
 4.02000000e-08  2.77434973e-02 
 4.02018614e-08  2.64845880e-02 
 4.02055842e-08  2.39926018e-02 
 4.02130298e-08  1.96488452e-02 
 4.02279211e-08  1.32694368e-02 
 4.02500000e-08  7.61726131e-03 
 4.02525000e-08  7.18703636e-03 
 4.02575000e-08  6.36795973e-03 
 4.02675000e-08  4.97126430e-03 
 4.02837500e-08  3.27855944e-03 
 4.03000000e-08  2.13715841e-03 
 4.03025000e-08  2.00534747e-03 
 4.03075000e-08  1.75831224e-03 
 4.03175000e-08  1.35080888e-03 
 4.03337500e-08  8.80049284e-04 
 4.03500000e-08  5.81148054e-04 
 4.03525000e-08  5.47813169e-04 
 4.03575000e-08  4.85895319e-04 
 4.03675000e-08  3.84825836e-04 
 4.03837500e-08  2.68920345e-04 
 4.04000000e-08  1.94122844e-04 
 4.04025000e-08  1.85575134e-04 
 4.04075000e-08  1.69614105e-04 
 4.04175000e-08  1.43209017e-04 
 4.04337500e-08  1.11915784e-04 
 4.04500000e-08  9.06898506e-05 
 4.04525000e-08  8.81655532e-05 
 4.04575000e-08  8.33916389e-05 
 4.04675000e-08  7.51802441e-05 
 4.04837500e-08  6.43348432e-05 
 4.05000000e-08  5.52771388e-05 
 4.05025000e-08  5.39928890e-05 
 4.05075000e-08  5.14852739e-05 
 4.05175000e-08  4.66981281e-05 
 4.05337500e-08  3.94206588e-05 
 4.05500000e-08  3.34403066e-05 
 4.05525000e-08  3.27941581e-05 
 4.05575000e-08  3.13797214e-05 
 4.05675000e-08  2.78608716e-05 
 4.05837500e-08  1.85478101e-05 
 4.06000000e-08  9.45320113e-06 
 4.06025000e-08  8.81392896e-06 
 4.06075000e-08  7.59046332e-06 
 4.06175000e-08  6.31713772e-06 
 4.06337500e-08  6.45914592e-06 
 4.06500000e-08  7.70298604e-06 
 4.06525000e-08  7.94293700e-06 
 4.06575000e-08  8.31510764e-06 
 4.06675000e-08  9.06395853e-06 
 4.06837500e-08  1.02845107e-05 
 4.07000000e-08  1.13980324e-05 
 4.07025000e-08  1.14714471e-05 
 4.07075000e-08  1.13846392e-05 
 4.07175000e-08  1.03317833e-05 
 4.07337500e-08  6.19478393e-06 
 4.07500000e-08 -2.60510842e-07 
 4.07525000e-08 -1.34367255e-06 
 4.07575000e-08 -3.39618634e-06 
 4.07675000e-08 -6.54906837e-06 
 4.07837500e-08 -8.53503231e-06 
 4.08000000e-08 -8.02757852e-06 
 4.08025000e-08 -7.76987376e-06 
 4.08075000e-08 -7.21918658e-06 
 4.08175000e-08 -5.67694255e-06 
 4.08337500e-08 -1.69942204e-06 
 4.08500000e-08  3.90647517e-06 
 4.08525000e-08  4.42652503e-06 
 4.08575000e-08  5.51022762e-06 
 4.08675000e-08  7.77812828e-06 
 4.08837500e-08  1.12331886e-05 
 4.09000000e-08  1.26499443e-05 
 4.09025000e-08  1.26792150e-05 
 4.09075000e-08  1.25874347e-05 
 4.09175000e-08  1.19356339e-05 
 4.09337500e-08  1.02265962e-05 
 4.09500000e-08  8.00595060e-06 
 4.09525000e-08  7.70695020e-06 
 4.09575000e-08  7.11349210e-06 
 4.09675000e-08  5.72231851e-06 
 4.09837500e-08  2.92169476e-06 
 4.10000000e-08  2.78651512e-08 
 4.10025000e-08 -4.70779545e-07 
 4.10075000e-08 -1.65805262e-06 
 4.10175000e-08 -4.36499763e-06 
 4.10337500e-08 -1.05778989e-05 
 4.10500000e-08 -1.94640978e-05 
 4.10525000e-08 -2.05548758e-05 
 4.10575000e-08 -2.28381750e-05 
 4.10675000e-08 -2.50291933e-05 
 4.10837500e-08 -2.27972731e-05 
 4.11000000e-08 -1.42361287e-05 
 4.11025000e-08 -1.21674326e-05 
 4.11075000e-08 -7.87881981e-06 
 4.11175000e-08  3.80549213e-06 
 4.11337500e-08  3.22517336e-05 
 4.11500000e-08  6.87972213e-05 
 4.11525000e-08  7.43134809e-05 
 4.11575000e-08  8.49210330e-05 
 4.11675000e-08  1.08157900e-04 
 4.11837500e-08  1.26137572e-04 
 4.12000000e-08  1.30532628e-04 
 4.12025000e-08  1.28766208e-04 
 4.12075000e-08  1.25847590e-04 
 4.12175000e-08  1.19474615e-04 
 4.12337500e-08  1.06909532e-04 
 4.12500000e-08  9.78674479e-05 
 4.12525000e-08  9.60803580e-05 
 4.12575000e-08  9.29626802e-05 
 4.12675000e-08  8.18303542e-05 
 4.12837500e-08  4.79898864e-05 
 4.13000000e-08  9.86625638e-06 
 4.13025000e-08  5.19040743e-06 
 4.13075000e-08 -2.76206265e-06 
 4.13175000e-08 -1.15955856e-05 
 4.13337500e-08 -8.55637023e-06 
 4.13500000e-08  1.25005097e-05 
 4.13525000e-08  1.73149584e-05 
 4.13575000e-08  2.88020371e-05 
 4.13675000e-08  5.83716364e-05 
 4.13837500e-08  1.22045586e-04 
 4.14000000e-08  1.79324745e-04 
 4.14025000e-08  1.84033454e-04 
 4.14075000e-08  1.91203724e-04 
 4.14175000e-08  1.87001151e-04 
 4.14337500e-08  1.12338107e-04 
 4.14500000e-08 -9.91975400e-05 
 4.14525000e-08 -1.50431730e-04 
 4.14575000e-08 -2.61959849e-04 
 4.14675000e-08 -5.36413435e-04 
 4.14837500e-08 -1.07257645e-03 
 4.15000000e-08 -1.58738752e-03 
 4.15025000e-08 -1.68068860e-03 
 4.15075000e-08 -1.86457722e-03 
 4.15175000e-08 -2.21825518e-03 
 4.15337500e-08 -2.75913662e-03 
 4.15500000e-08 -3.27127663e-03 
 4.15525000e-08 -3.34754259e-03 
 4.15575000e-08 -3.50034168e-03 
 4.15675000e-08 -3.81021770e-03 
 4.15837500e-08 -4.32797428e-03 
 4.16000000e-08 -4.87670875e-03 
 4.16025000e-08 -4.96647572e-03 
 4.16075000e-08 -5.15325301e-03 
 4.16175000e-08 -5.54499053e-03 
 4.16337500e-08 -6.24844535e-03 
 4.16500000e-08 -7.08766531e-03 
 4.16525000e-08 -7.23031991e-03 
 4.16575000e-08 -7.54699572e-03 
 4.16675000e-08 -8.25619993e-03 
 4.16837500e-08 -9.69660600e-03 
 4.17000000e-08 -1.14822309e-02 
 4.17025000e-08 -1.17534026e-02 
 4.17075000e-08 -1.23082603e-02 
 4.17175000e-08 -1.31109484e-02 
 4.17337500e-08 -1.21913115e-02 
 4.17500000e-08 -5.95153349e-03 
 4.17525000e-08 -4.27207760e-03 
 4.17575000e-08 -5.01616060e-04 
 4.17675000e-08  9.20332541e-03 
 4.17837500e-08  3.36175066e-02 
 4.18000000e-08  7.09889694e-02 
 4.18025000e-08  7.82707560e-02 
 4.18075000e-08  9.37883012e-02 
 4.18175000e-08  1.31153552e-01 
 4.18337500e-08  2.16170813e-01 
 4.18500000e-08  3.51146421e-01 
 4.18525000e-08  3.79571157e-01 
 4.18575000e-08  4.43406611e-01 
 4.18675000e-08  6.24772019e-01 
 4.18837500e-08  1.09282205e+00 
 4.19000000e-08  1.75709058e+00 
 4.19025000e-08  1.87517365e+00 
 4.19075000e-08  2.11217876e+00 
 4.19175000e-08  2.52672649e+00 
 4.19337500e-08  2.94797749e+00 
 4.19500000e-08  3.14533215e+00 
 4.19523736e-08  3.16045434e+00 
 4.19571208e-08  3.18723584e+00 
 4.19666152e-08  3.22432176e+00 
 4.19833076e-08  3.25852163e+00 
 4.20000000e-08  3.27398118e+00 
 4.20025000e-08  3.27550804e+00 
 4.20075000e-08  3.27837097e+00 
 4.20175000e-08  3.28307988e+00 
 4.20337500e-08  3.28855181e+00 
 4.20500000e-08  3.29210250e+00 
 4.20525000e-08  3.29250681e+00 
 4.20575000e-08  3.29326629e+00 
 4.20675000e-08  3.29452282e+00 
 4.20837500e-08  3.29599332e+00 
 4.21000000e-08  3.29696432e+00 
 4.21025000e-08  3.29707695e+00 
 4.21075000e-08  3.29728979e+00 
 4.21175000e-08  3.29765110e+00 
 4.21337500e-08  3.29810425e+00 
 4.21500000e-08  3.29844341e+00 
 4.21525000e-08  3.29848716e+00 
 4.21575000e-08  3.29857126e+00 
 4.21675000e-08  3.29872133e+00 
 4.21837500e-08  3.29891685e+00 
 4.22000000e-08  3.29909242e+00 
 4.22025000e-08  3.29912213e+00 
 4.22075000e-08  3.29918095e+00 
 4.22175000e-08  3.29929653e+00 
 4.22337500e-08  3.29946654e+00 
 4.22500000e-08  3.29960498e+00 
 4.22525000e-08  3.29962322e+00 
 4.22575000e-08  3.29965863e+00 
 4.22675000e-08  3.29972010e+00 
 4.22837500e-08  3.29979855e+00 
 4.23000000e-08  3.29985347e+00 
 4.23025000e-08  3.29985985e+00 
 4.23075000e-08  3.29987155e+00 
 4.23175000e-08  3.29989062e+00 
 4.23337500e-08  3.29991195e+00 
 4.23500000e-08  3.29992541e+00 
 4.23525000e-08  3.29992679e+00 
 4.23575000e-08  3.29992872e+00 
 4.23675000e-08  3.29993079e+00 
 4.23837500e-08  3.29993259e+00 
 4.24000000e-08  3.29993585e+00 
 4.24025000e-08  3.29993689e+00 
 4.24075000e-08  3.29993918e+00 
 4.24175000e-08  3.29994543e+00 
 4.24337500e-08  3.29996003e+00 
 4.24500000e-08  3.29997922e+00 
 4.24525000e-08  3.29998094e+00 
 4.24575000e-08  3.29998360e+00 
 4.24675000e-08  3.29998324e+00 
 4.24837500e-08  3.29997334e+00 
 4.25000000e-08  3.29995956e+00 
 4.25025000e-08  3.29995762e+00 
 4.25075000e-08  3.29995392e+00 
 4.25175000e-08  3.29994748e+00 
 4.25337500e-08  3.29993906e+00 
 4.25500000e-08  3.29993295e+00 
 4.25525000e-08  3.29993226e+00 
 4.25575000e-08  3.29993088e+00 
 4.25675000e-08  3.29992849e+00 
 4.25837500e-08  3.29992545e+00 
 4.26000000e-08  3.29992225e+00 
 4.26025000e-08  3.29992188e+00 
 4.26075000e-08  3.29992108e+00 
 4.26175000e-08  3.29992037e+00 
 4.26337500e-08  3.29992250e+00 
 4.26500000e-08  3.29992898e+00 
 4.26525000e-08  3.29993046e+00 
 4.26575000e-08  3.29993346e+00 
 4.26675000e-08  3.29994076e+00 
 4.26837500e-08  3.29995654e+00 
 4.27000000e-08  3.29997585e+00 
 4.27025000e-08  3.29997896e+00 
 4.27075000e-08  3.29998506e+00 
 4.27175000e-08  3.29999572e+00 
 4.27337500e-08  3.30000640e+00 
 4.27500000e-08  3.30000813e+00 
 4.27525000e-08  3.30000711e+00 
 4.27575000e-08  3.30000478e+00 
 4.27675000e-08  3.29999831e+00 
 4.27837500e-08  3.29998997e+00 
 4.28000000e-08  3.29998464e+00 
 4.28025000e-08  3.29998389e+00 
 4.28075000e-08  3.29998266e+00 
 4.28175000e-08  3.29998002e+00 
 4.28337500e-08  3.29997111e+00 
 4.28500000e-08  3.29995738e+00 
 4.28525000e-08  3.29995538e+00 
 4.28575000e-08  3.29995270e+00 
 4.28675000e-08  3.29995616e+00 
 4.28837500e-08  3.29996201e+00 
 4.29000000e-08  3.29997337e+00 
 4.29025000e-08  3.29997622e+00 
 4.29075000e-08  3.29998292e+00 
 4.29175000e-08  3.30000067e+00 
 4.29337500e-08  3.30003826e+00 
 4.29500000e-08  3.30005459e+00 
 4.29525000e-08  3.30005279e+00 
 4.29575000e-08  3.30004655e+00 
 4.29675000e-08  3.30001851e+00 
 4.29837500e-08  3.29994382e+00 
 4.30000000e-08  3.29985202e+00 
 4.30025000e-08  3.29983904e+00 
 4.30075000e-08  3.29981649e+00 
 4.30175000e-08  3.29977801e+00 
 4.30337500e-08  3.29973489e+00 
 4.30500000e-08  3.29972939e+00 
 4.30525000e-08  3.29973179e+00 
 4.30575000e-08  3.29973779e+00 
 4.30675000e-08  3.29975683e+00 
 4.30837500e-08  3.29981489e+00 
 4.31000000e-08  3.29986397e+00 
 4.31025000e-08  3.29986976e+00 
 4.31075000e-08  3.29987939e+00 
 4.31175000e-08  3.29989264e+00 
 4.31337500e-08  3.29991653e+00 
 4.31500000e-08  3.29995358e+00 
 4.31525000e-08  3.29995961e+00 
 4.31575000e-08  3.29997070e+00 
 4.31675000e-08  3.29998866e+00 
 4.31837500e-08  3.30000653e+00 
 4.32000000e-08  3.30001058e+00 
 4.32025000e-08  3.30000979e+00 
 4.32075000e-08  3.30000713e+00 
 4.32175000e-08  3.29999831e+00 
 4.32337500e-08  3.29997935e+00 
 4.32500000e-08  3.29995290e+00 
 4.32525000e-08  3.29994816e+00 
 4.32575000e-08  3.29993750e+00 
 4.32675000e-08  3.29991248e+00 
 4.32837500e-08  3.29985706e+00 
 4.33000000e-08  3.29977700e+00 
 4.33025000e-08  3.29976392e+00 
 4.33075000e-08  3.29973652e+00 
 4.33175000e-08  3.29968936e+00 
 4.33337500e-08  3.29964816e+00 
 4.33500000e-08  3.29965085e+00 
 4.33525000e-08  3.29965490e+00 
 4.33575000e-08  3.29966272e+00 
 4.33675000e-08  3.29968423e+00 
 4.33837500e-08  3.29973770e+00 
 4.34000000e-08  3.29982916e+00 
 4.34025000e-08  3.29984882e+00 
 4.34075000e-08  3.29989200e+00 
 4.34175000e-08  3.30000470e+00 
 4.34337500e-08  3.30028130e+00 
 4.34500000e-08  3.30062534e+00 
 4.34525000e-08  3.30068323e+00 
 4.34575000e-08  3.30080020e+00 
 4.34675000e-08  3.30103951e+00 
 4.34837500e-08  3.30142044e+00 
 4.35000000e-08  3.30177682e+00 
 4.35025000e-08  3.30183397e+00 
 4.35075000e-08  3.30194743e+00 
 4.35175000e-08  3.30217832e+00 
 4.35337500e-08  3.30256747e+00 
 4.35500000e-08  3.30296486e+00 
 4.35525000e-08  3.30302634e+00 
 4.35575000e-08  3.30315039e+00 
 4.35675000e-08  3.30340430e+00 
 4.35837500e-08  3.30382295e+00 
 4.36000000e-08  3.30421305e+00 
 4.36025000e-08  3.30426453e+00 
 4.36075000e-08  3.30436484e+00 
 4.36175000e-08  3.30454752e+00 
 4.36337500e-08  3.30482098e+00 
 4.36500000e-08  3.30511370e+00 
 4.36525000e-08  3.30516366e+00 
 4.36575000e-08  3.30526867e+00 
 4.36675000e-08  3.30550845e+00 
 4.36837500e-08  3.30599332e+00 
 4.37000000e-08  3.30662257e+00 
 4.37025000e-08  3.30673551e+00 
 4.37075000e-08  3.30697328e+00 
 4.37175000e-08  3.30751328e+00 
 4.37337500e-08  3.30860311e+00 
 4.37500000e-08  3.31005167e+00 
 4.37525000e-08  3.31031771e+00 
 4.37575000e-08  3.31088618e+00 
 4.37675000e-08  3.31221212e+00 
 4.37837500e-08  3.31498196e+00 
 4.38000000e-08  3.31820381e+00 
 4.38025000e-08  3.31864710e+00 
 4.38075000e-08  3.31939973e+00 
 4.38175000e-08  3.31953347e+00 
 4.38337500e-08  3.31263199e+00 
 4.38500000e-08  3.29291648e+00 
 4.38525000e-08  3.28856403e+00 
 4.38575000e-08  3.27896839e+00 
 4.38675000e-08  3.25435000e+00 
 4.38837500e-08  3.19773063e+00 
 4.39000000e-08  3.11640323e+00 
 4.39025000e-08  3.10084008e+00 
 4.39075000e-08  3.06779770e+00 
 4.39175000e-08  2.98858075e+00 
 4.39337500e-08  2.79771908e+00 
 4.39500000e-08  2.42879416e+00 
 4.39525000e-08  2.34894184e+00 
 4.39575000e-08  2.17809509e+00 
 4.39675000e-08  1.77464357e+00 
 4.39837500e-08  9.84820128e-01 
 4.40000000e-08  3.53833228e-01 
 4.40025000e-08  2.95398417e-01 
 4.40075000e-08  1.97839580e-01 
 4.40175000e-08  8.92601391e-02 
 4.40337500e-08  3.28748684e-02 
 4.40500000e-08  2.05016871e-02 
 4.40519091e-08  1.95634321e-02 
 4.40557274e-08  1.77381991e-02 
 4.40633639e-08  1.45949644e-02 
 4.40786369e-08  9.92409824e-03 
 4.41000000e-08  5.81242154e-03 
 4.41025000e-08  5.47587753e-03 
 4.41075000e-08  4.83793001e-03 
 4.41175000e-08  3.75732498e-03 
 4.41337500e-08  2.46014240e-03 
 4.41500000e-08  1.59837322e-03 
 4.41525000e-08  1.49933631e-03 
 4.41575000e-08  1.31404803e-03 
 4.41675000e-08  1.00977144e-03 
 4.41837500e-08  6.61352938e-04 
 4.42000000e-08  4.42484379e-04 
 4.42025000e-08  4.18161154e-04 
 4.42075000e-08  3.73101604e-04 
 4.42175000e-08  2.99561330e-04 
 4.42337500e-08  2.14574426e-04 
 4.42500000e-08  1.59155774e-04 
 4.42525000e-08  1.52770309e-04 
 4.42575000e-08  1.40817963e-04 
 4.42675000e-08  1.20936673e-04 
 4.42837500e-08  9.71417057e-05 
 4.43000000e-08  8.06579823e-05 
 4.43025000e-08  7.86491379e-05 
 4.43075000e-08  7.48116739e-05 
 4.43175000e-08  6.80038759e-05 
 4.43337500e-08  5.84639682e-05 
 4.43500000e-08  5.01499533e-05 
 4.43525000e-08  4.89722578e-05 
 4.43575000e-08  4.65672773e-05 
 4.43675000e-08  4.20847220e-05 
 4.43837500e-08  3.56635519e-05 
 4.44000000e-08  3.07887188e-05 
 4.44025000e-08  2.98662320e-05 
 4.44075000e-08  2.75511258e-05 
 4.44175000e-08  2.14171942e-05 
 4.44337500e-08  1.10929331e-05 
 4.44500000e-08  5.98295441e-06 
 4.44525000e-08  5.89949337e-06 
 4.44575000e-08  5.86488190e-06 
 4.44675000e-08  6.63751978e-06 
 4.44837500e-08  8.46595331e-06 
 4.45000000e-08  1.00176962e-05 
 4.45025000e-08  1.01987514e-05 
 4.45075000e-08  1.03997068e-05 
 4.45175000e-08  1.07360645e-05 
 4.45337500e-08  1.14169040e-05 
 4.45500000e-08  1.11519833e-05 
 4.45525000e-08  1.08654662e-05 
 4.45575000e-08  1.00029582e-05 
 4.45675000e-08  7.24639763e-06 
 4.45837500e-08  9.13432281e-07 
 4.46000000e-08 -5.91526119e-06 
 4.46025000e-08 -6.68398725e-06 
 4.46075000e-08 -8.06421344e-06 
 4.46175000e-08 -9.41768351e-06 
 4.46337500e-08 -9.59007886e-06 
 4.46500000e-08 -7.99332176e-06 
 4.46525000e-08 -7.52167285e-06 
 4.46575000e-08 -6.53280799e-06 
 4.46675000e-08 -4.10829327e-06 
 4.46837500e-08  2.33749069e-06 
 4.47000000e-08  6.12732998e-06 
 4.47025000e-08  6.73160078e-06 
 4.47075000e-08  7.86673531e-06 
 4.47175000e-08  1.02900184e-05 
 4.47337500e-08  1.24195768e-05 
 4.47500000e-08  1.29245529e-05 
 4.47525000e-08  1.29479552e-05 
 4.47575000e-08  1.28879359e-05 
 4.47675000e-08  1.23072433e-05 
 4.47837500e-08  1.04636408e-05 
 4.48000000e-08  7.91684469e-06 
 4.48025000e-08  7.44605591e-06 
 4.48075000e-08  6.42900216e-06 
 4.48175000e-08  4.32095824e-06 
 4.48337500e-08  1.12136857e-06 
 4.48500000e-08 -2.78864163e-06 
 4.48525000e-08 -3.52728141e-06 
 4.48575000e-08 -5.35172511e-06 
 4.48675000e-08 -9.61130264e-06 
 4.48837500e-08 -1.83168567e-05 
 4.49000000e-08 -2.57422824e-05 
 4.49025000e-08 -2.60619956e-05 
 4.49075000e-08 -2.66282081e-05 
 4.49175000e-08 -2.51046378e-05 
 4.49337500e-08 -1.76325613e-05 
 4.49500000e-08 -2.96409748e-06 
 4.49525000e-08  3.77934194e-07 
 4.49575000e-08  7.31955962e-06 
 4.49675000e-08  2.55749851e-05 
 4.49837500e-08  6.17379752e-05 
 4.50000000e-08  9.73701601e-05 
 4.50025000e-08  1.02881930e-04 
 4.50075000e-08  1.11709694e-04 
 4.50175000e-08  1.22091566e-04 
 4.50337500e-08  1.28364013e-04 
 4.50500000e-08  1.22036705e-04 
 4.50525000e-08  1.20290224e-04 
 4.50575000e-08  1.16389259e-04 
 4.50675000e-08  1.09128583e-04 
 4.50837500e-08  1.01278762e-04 
 4.51000000e-08  8.94534995e-05 
 4.51025000e-08  8.60452188e-05 
 4.51075000e-08  7.86248238e-05 
 4.51175000e-08  5.74708660e-05 
 4.51337500e-08  1.83999113e-05 
 4.51500000e-08 -9.09676166e-06 
 4.51525000e-08 -1.11498455e-05 
 4.51575000e-08 -1.35876254e-05 
 4.51675000e-08 -1.16712366e-05 
 4.51837500e-08  5.88991694e-06 
 4.52000000e-08  4.10188049e-05 
 4.52025000e-08  4.82792494e-05 
 4.52075000e-08  6.50511134e-05 
 4.52175000e-08  1.03856691e-04 
 4.52337500e-08  1.65114588e-04 
 4.52500000e-08  1.90894698e-04 
 4.52525000e-08  1.89127599e-04 
 4.52575000e-08  1.82686172e-04 
 4.52675000e-08  1.44542029e-04 
 4.52837500e-08 -1.82438126e-05 
 4.53000000e-08 -3.62077826e-04 
 4.53025000e-08 -4.32643908e-04 
 4.53075000e-08 -5.81387909e-04 
 4.53175000e-08 -9.16750612e-04 
 4.53337500e-08 -1.43188725e-03 
 4.53500000e-08 -2.01591819e-03 
 4.53525000e-08 -2.10306017e-03 
 4.53575000e-08 -2.27552813e-03 
 4.53675000e-08 -2.60926150e-03 
 4.53837500e-08 -3.12605417e-03 
 4.54000000e-08 -3.62736689e-03 
 4.54025000e-08 -3.70357189e-03 
 4.54075000e-08 -3.85859177e-03 
 4.54175000e-08 -4.17455769e-03 
 4.54337500e-08 -4.70974423e-03 
 4.54500000e-08 -5.30247851e-03 
 4.54525000e-08 -5.39882394e-03 
 4.54575000e-08 -5.60158589e-03 
 4.54675000e-08 -6.03155647e-03 
 4.54837500e-08 -6.82451164e-03 
 4.55000000e-08 -7.81945883e-03 
 4.55025000e-08 -7.99318661e-03 
 4.55075000e-08 -8.38370081e-03 
 4.55175000e-08 -9.26126629e-03 
 4.55337500e-08 -1.09720364e-02 
 4.55500000e-08 -1.27097262e-02 
 4.55525000e-08 -1.28988576e-02 
 4.55575000e-08 -1.32035944e-02 
 4.55675000e-08 -1.29426830e-02 
 4.55837500e-08 -8.43665547e-03 
 4.56000000e-08  3.18124092e-03 
 4.56025000e-08  5.72568334e-03 
 4.56075000e-08  1.13255190e-02 
 4.56175000e-08  2.56949808e-02 
 4.56337500e-08  5.92631650e-02 
 4.56500000e-08  1.09149986e-01 
 4.56525000e-08  1.18840420e-01 
 4.56575000e-08  1.39521998e-01 
 4.56675000e-08  1.89766112e-01 
 4.56837500e-08  3.08654398e-01 
 4.57000000e-08  5.20477193e-01 
 4.57025000e-08  5.68838936e-01 
 4.57075000e-08  6.77042538e-01 
 4.57175000e-08  9.57359753e-01 
 4.57337500e-08  1.57548514e+00 
 4.57500000e-08  2.30417209e+00 
 4.57525000e-08  2.40702069e+00 
 4.57575000e-08  2.59011373e+00 
 4.57675000e-08  2.86142491e+00 
 4.57837500e-08  3.10853312e+00 
 4.58000000e-08  3.21133503e+00 
 4.58025000e-08  3.21916001e+00 
 4.58075000e-08  3.23302673e+00 
 4.58175000e-08  3.25251173e+00 
 4.58337500e-08  3.27077409e+00 
 4.58500000e-08  3.28078063e+00 
 4.58525000e-08  3.28187639e+00 
 4.58575000e-08  3.28393581e+00 
 4.58675000e-08  3.28734211e+00 
 4.58837500e-08  3.29131454e+00 
 4.59000000e-08  3.29389887e+00 
 4.59025000e-08  3.29419267e+00 
 4.59075000e-08  3.29474478e+00 
 4.59175000e-08  3.29566049e+00 
 4.59337500e-08  3.29674177e+00 
 4.59500000e-08  3.29747006e+00 
 4.59525000e-08  3.29755653e+00 
 4.59575000e-08  3.29772118e+00 
 4.59675000e-08  3.29800633e+00 
 4.59837500e-08  3.29837363e+00 
 4.60000000e-08  3.29865428e+00 
 4.60025000e-08  3.29868998e+00 
 4.60075000e-08  3.29875666e+00 
 4.60175000e-08  3.29887275e+00 
 4.60337500e-08  3.29904491e+00 
 4.60500000e-08  3.29923033e+00 
 4.60525000e-08  3.29925969e+00 
 4.60575000e-08  3.29931681e+00 
 4.60675000e-08  3.29942326e+00 
 4.60837500e-08  3.29957016e+00 
 4.61000000e-08  3.29968671e+00 
 4.61025000e-08  3.29970184e+00 
 4.61075000e-08  3.29973042e+00 
 4.61175000e-08  3.29977973e+00 
 4.61337500e-08  3.29984013e+00 
 4.61500000e-08  3.29987953e+00 
 4.61525000e-08  3.29988409e+00 
 4.61575000e-08  3.29989257e+00 
 4.61675000e-08  3.29990700e+00 
 4.61837500e-08  3.29992392e+00 
 4.62000000e-08  3.29993418e+00 
 4.62025000e-08  3.29993519e+00 
 4.62075000e-08  3.29993640e+00 
 4.62175000e-08  3.29993718e+00 
 4.62337500e-08  3.29993833e+00 
 4.62500000e-08  3.29994226e+00 
 4.62525000e-08  3.29994329e+00 
 4.62575000e-08  3.29994575e+00 
 4.62675000e-08  3.29995310e+00 
 4.62837500e-08  3.29997109e+00 
 4.63000000e-08  3.29998267e+00 
 4.63025000e-08  3.29998219e+00 
 4.63075000e-08  3.29998067e+00 
 4.63175000e-08  3.29997462e+00 
 4.63337500e-08  3.29996144e+00 
 4.63500000e-08  3.29994874e+00 
 4.63525000e-08  3.29994726e+00 
 4.63575000e-08  3.29994461e+00 
 4.63675000e-08  3.29994059e+00 
 4.63837500e-08  3.29993565e+00 
 4.64000000e-08  3.29993189e+00 
 4.64025000e-08  3.29993135e+00 
 4.64075000e-08  3.29993003e+00 
 4.64175000e-08  3.29992714e+00 
 4.64337500e-08  3.29992249e+00 
 4.64500000e-08  3.29991952e+00 
 4.64525000e-08  3.29991957e+00 
 4.64575000e-08  3.29991972e+00 
 4.64675000e-08  3.29992153e+00 
 4.64837500e-08  3.29992771e+00 
 4.65000000e-08  3.29993715e+00 
 4.65025000e-08  3.29993897e+00 
 4.65075000e-08  3.29994271e+00 
 4.65175000e-08  3.29995170e+00 
 4.65337500e-08  3.29996994e+00 
 4.65500000e-08  3.29998849e+00 
 4.65525000e-08  3.29999092e+00 
 4.65575000e-08  3.29999516e+00 
 4.65675000e-08  3.30000182e+00 
 4.65837500e-08  3.30000665e+00 
 4.66000000e-08  3.30000145e+00 
 4.66025000e-08  3.30000051e+00 
 4.66075000e-08  3.29999871e+00 
 4.66175000e-08  3.29999524e+00 
 4.66337500e-08  3.29999016e+00 
 4.66500000e-08  3.29998544e+00 
 4.66525000e-08  3.29998445e+00 
 4.66575000e-08  3.29998230e+00 
 4.66675000e-08  3.29997562e+00 
 4.66837500e-08  3.29996073e+00 
 4.67000000e-08  3.29995136e+00 
 4.67025000e-08  3.29995177e+00 
 4.67075000e-08  3.29995295e+00 
 4.67175000e-08  3.29995636e+00 
 4.67337500e-08  3.29996743e+00 
 4.67500000e-08  3.29998946e+00 
 4.67525000e-08  3.29999423e+00 
 4.67575000e-08  3.30000553e+00 
 4.67675000e-08  3.30003045e+00 
 4.67837500e-08  3.30005464e+00 
 4.68000000e-08  3.30003752e+00 
 4.68025000e-08  3.30002978e+00 
 4.68075000e-08  3.30001186e+00 
 4.68175000e-08  3.29996672e+00 
 4.68337500e-08  3.29987725e+00 
 4.68500000e-08  3.29979766e+00 
 4.68525000e-08  3.29978795e+00 
 4.68575000e-08  3.29976875e+00 
 4.68675000e-08  3.29974003e+00 
 4.68837500e-08  3.29972488e+00 
 4.69000000e-08  3.29974238e+00 
 4.69025000e-08  3.29974801e+00 
 4.69075000e-08  3.29976042e+00 
 4.69175000e-08  3.29980185e+00 
 4.69337500e-08  3.29985483e+00 
 4.69500000e-08  3.29988884e+00 
 4.69525000e-08  3.29989193e+00 
 4.69575000e-08  3.29989747e+00 
 4.69675000e-08  3.29991152e+00 
 4.69837500e-08  3.29994281e+00 
 4.70000000e-08  3.29997582e+00 
 4.70025000e-08  3.29998015e+00 
 4.70075000e-08  3.29998775e+00 
 4.70175000e-08  3.29999821e+00 
 4.70337500e-08  3.30000489e+00 
 4.70500000e-08  3.29999967e+00 
 4.70525000e-08  3.29999828e+00 
 4.70575000e-08  3.29999488e+00 
 4.70675000e-08  3.29998584e+00 
 4.70837500e-08  3.29996410e+00 
 4.71000000e-08  3.29993067e+00 
 4.71025000e-08  3.29992421e+00 
 4.71075000e-08  3.29990925e+00 
 4.71175000e-08  3.29987311e+00 
 4.71337500e-08  3.29979655e+00 
 4.71500000e-08  3.29970951e+00 
 4.71525000e-08  3.29969862e+00 
 4.71575000e-08  3.29967794e+00 
 4.71675000e-08  3.29965178e+00 
 4.71837500e-08  3.29964591e+00 
 4.72000000e-08  3.29967204e+00 
 4.72025000e-08  3.29967882e+00 
 4.72075000e-08  3.29969247e+00 
 4.72175000e-08  3.29972723e+00 
 4.72337500e-08  3.29981130e+00 
 4.72500000e-08  3.29995407e+00 
 4.72525000e-08  3.29998368e+00 
 4.72575000e-08  3.30005276e+00 
 4.72675000e-08  3.30021929e+00 
 4.72837500e-08  3.30054905e+00 
 4.73000000e-08  3.30092851e+00 
 4.73025000e-08  3.30098905e+00 
 4.73075000e-08  3.30111051e+00 
 4.73175000e-08  3.30134239e+00 
 4.73337500e-08  3.30170887e+00 
 4.73500000e-08  3.30207890e+00 
 4.73525000e-08  3.30213576e+00 
 4.73575000e-08  3.30225248e+00 
 4.73675000e-08  3.30249467e+00 
 4.73837500e-08  3.30289326e+00 
 4.74000000e-08  3.30330191e+00 
 4.74025000e-08  3.30336588e+00 
 4.74075000e-08  3.30349572e+00 
 4.74175000e-08  3.30375749e+00 
 4.74337500e-08  3.30415530e+00 
 4.74500000e-08  3.30448229e+00 
 4.74525000e-08  3.30452386e+00 
 4.74575000e-08  3.30460627e+00 
 4.74675000e-08  3.30476842e+00 
 4.74837500e-08  3.30505219e+00 
 4.75000000e-08  3.30539931e+00 
 4.75025000e-08  3.30546106e+00 
 4.75075000e-08  3.30559105e+00 
 4.75175000e-08  3.30588788e+00 
 4.75337500e-08  3.30648526e+00 
 4.75500000e-08  3.30725845e+00 
 4.75525000e-08  3.30739730e+00 
 4.75575000e-08  3.30769008e+00 
 4.75675000e-08  3.30835831e+00 
 4.75837500e-08  3.30973040e+00 
 4.76000000e-08  3.31159760e+00 
 4.76025000e-08  3.31194514e+00 
 4.76075000e-08  3.31269090e+00 
 4.76175000e-08  3.31441958e+00 
 4.76337500e-08  3.31767025e+00 
 4.76500000e-08  3.31965996e+00 
 4.76525000e-08  3.31957861e+00 
 4.76575000e-08  3.31901490e+00 
 4.76675000e-08  3.31492480e+00 
 4.76837500e-08  3.29744706e+00 
 4.77000000e-08  3.26580313e+00 
 4.77025000e-08  3.25904147e+00 
 4.77075000e-08  3.24456040e+00 
 4.77175000e-08  3.20959632e+00 
 4.77337500e-08  3.13302431e+00 
 4.77500000e-08  3.02352061e+00 
 4.77525000e-08  3.00235337e+00 
 4.77575000e-08  2.95683696e+00 
 4.77675000e-08  2.84179609e+00 
 4.77837500e-08  2.51125939e+00 
 4.78000000e-08  1.95747380e+00 
 4.78025000e-08  1.84976003e+00 
 4.78075000e-08  1.62463162e+00 
 4.78175000e-08  1.12793454e+00 
 4.78337500e-08  4.43728957e-01 
 4.78500000e-08  1.12455445e-01 
 4.78517459e-08  1.00316676e-01 
 4.78552376e-08  7.93783043e-02 
 4.78622210e-08  5.25650586e-02 
 4.78761878e-08  2.82515080e-02 
 4.79000000e-08  1.39253704e-02 
 4.79025000e-08  1.32353847e-02 
 4.79075000e-08  1.18637783e-02 
 4.79175000e-08  9.39136781e-03 
 4.79337500e-08  6.30150685e-03 
 4.79500000e-08  4.18100172e-03 
 4.79525000e-08  3.92996413e-03 
 4.79575000e-08  3.45720939e-03 
 4.79675000e-08  2.66762755e-03 
 4.79837500e-08  1.73556641e-03 
 4.80000000e-08  1.12714391e-03 
 4.80025000e-08  1.05801458e-03 
 4.80075000e-08  9.28994297e-04 
 4.80175000e-08  7.18088811e-04 
 4.80337500e-08  4.78351645e-04 
 4.80500000e-08  3.27919136e-04 
 4.80525000e-08  3.11034207e-04 
 4.80575000e-08  2.79728599e-04 
 4.80675000e-08  2.28558968e-04 
 4.80837500e-08  1.69064388e-04 
 4.81000000e-08  1.29791145e-04 
 4.81025000e-08  1.25124966e-04 
 4.81075000e-08  1.16256413e-04 
 4.81175000e-08  1.01104816e-04 
 4.81337500e-08  8.25158111e-05 
 4.81500000e-08  6.92132640e-05 
 4.81525000e-08  6.75979718e-05 
 4.81575000e-08  6.45743444e-05 
 4.81675000e-08  5.92092071e-05 
 4.81837500e-08  5.14151150e-05 
 4.82000000e-08  4.42378672e-05 
 4.82025000e-08  4.31282728e-05 
 4.82075000e-08  4.07731735e-05 
 4.82175000e-08  3.63958736e-05 
 4.82337500e-08  3.08112452e-05 
 4.82500000e-08  2.39874182e-05 
 4.82525000e-08  2.24058869e-05 
 4.82575000e-08  1.89116166e-05 
 4.82675000e-08  1.25306012e-05 
 4.82837500e-08  6.43819043e-06 
 4.83000000e-08  5.42900122e-06 
 4.83025000e-08  5.66257554e-06 
 4.83075000e-08  6.16516017e-06 
 4.83175000e-08  7.49484825e-06 
 4.83337500e-08  9.35475408e-06 
 4.83500000e-08  1.07143382e-05 
 4.83525000e-08  1.09023945e-05 
 4.83575000e-08  1.11568775e-05 
 4.83675000e-08  1.15946238e-05 
 4.83837500e-08  1.15430793e-05 
 4.84000000e-08  9.16238640e-06 
 4.84025000e-08  8.50568332e-06 
 4.84075000e-08  6.95719784e-06 
 4.84175000e-08  3.08509713e-06 
 4.84337500e-08 -3.77873779e-06 
 4.84500000e-08 -8.61182986e-06 
 4.84525000e-08 -8.72635085e-06 
 4.84575000e-08 -8.88581623e-06 
 4.84675000e-08 -8.65959834e-06 
 4.84837500e-08 -6.90228480e-06 
 4.85000000e-08 -3.59696761e-06 
 4.85025000e-08 -2.97952788e-06 
 4.85075000e-08 -1.35938862e-06 
 4.85175000e-08  2.07507862e-06 
 4.85337500e-08  5.49438808e-06 
 4.85500000e-08  9.02567986e-06 
 4.85525000e-08  9.53638566e-06 
 4.85575000e-08  1.03667866e-05 
 4.85675000e-08  1.14161613e-05 
 4.85837500e-08  1.21783737e-05 
 4.86000000e-08  1.19026514e-05 
 4.86025000e-08  1.17382544e-05 
 4.86075000e-08  1.12978874e-05 
 4.86175000e-08  1.00646029e-05 
 4.86337500e-08  7.56599979e-06 
 4.86500000e-08  4.56819252e-06 
 4.86525000e-08  4.05688841e-06 
 4.86575000e-08  2.88882658e-06 
 4.86675000e-08  4.19237901e-07 
 4.86837500e-08 -3.42112769e-06 
 4.87000000e-08 -8.64061267e-06 
 4.87025000e-08 -9.60095448e-06 
 4.87075000e-08 -1.19639430e-05 
 4.87175000e-08 -1.70817588e-05 
 4.87337500e-08 -2.42107121e-05 
 4.87500000e-08 -2.53931651e-05 
 4.87525000e-08 -2.46383140e-05 
 4.87575000e-08 -2.32046199e-05 
 4.87675000e-08 -1.84089246e-05 
 4.87837500e-08 -5.58656480e-06 
 4.88000000e-08  1.68382780e-05 
 4.88025000e-08  2.15015016e-05 
 4.88075000e-08  3.13513617e-05 
 4.88175000e-08  5.33577948e-05 
 4.88337500e-08  8.81913281e-05 
 4.88500000e-08  1.19947982e-04 
 4.88525000e-08  1.21764957e-04 
 4.88575000e-08  1.25020065e-04 
 4.88675000e-08  1.29039057e-04 
 4.88837500e-08  1.25848281e-04 
 4.89000000e-08  1.13923095e-04 
 4.89025000e-08  1.11945711e-04 
 4.89075000e-08  1.08524013e-04 
 4.89175000e-08  1.04295350e-04 
 4.89337500e-08  9.29121228e-05 
 4.89500000e-08  6.96244969e-05 
 4.89525000e-08  6.32202165e-05 
 4.89575000e-08  5.03298729e-05 
 4.89675000e-08  2.45309386e-05 
 4.89837500e-08 -6.50571499e-06 
 4.90000000e-08 -1.68808731e-05 
 4.90025000e-08 -1.61769871e-05 
 4.90075000e-08 -1.32992830e-05 
 4.90175000e-08 -1.87336214e-06 
 4.90337500e-08  2.94290211e-05 
 4.90500000e-08  8.26859087e-05 
 4.90525000e-08  9.26812454e-05 
 4.90575000e-08  1.14430017e-04 
 4.90675000e-08  1.55509651e-04 
 4.90837500e-08  1.94015520e-04 
 4.91000000e-08  1.73325239e-04 
 4.91025000e-08  1.61797344e-04 
 4.91075000e-08  1.32893420e-04 
 4.91175000e-08  3.23669442e-05 
 4.91337500e-08 -2.79694376e-04 
 4.91500000e-08 -7.59834444e-04 
 4.91525000e-08 -8.46844614e-04 
 4.91575000e-08 -1.01949282e-03 
 4.91675000e-08 -1.31675403e-03 
 4.91837500e-08 -1.90003300e-03 
 4.92000000e-08 -2.46253918e-03 
 4.92025000e-08 -2.54384196e-03 
 4.92075000e-08 -2.70517319e-03 
 4.92175000e-08 -3.01975603e-03 
 4.92337500e-08 -3.51935976e-03 
 4.92500000e-08 -4.02347022e-03 
 4.92525000e-08 -4.10222455e-03 
 4.92575000e-08 -4.26324144e-03 
 4.92675000e-08 -4.59216759e-03 
 4.92837500e-08 -5.17343929e-03 
 4.93000000e-08 -5.82796752e-03 
 4.93025000e-08 -5.93535953e-03 
 4.93075000e-08 -6.16442781e-03 
 4.93175000e-08 -6.65570206e-03 
 4.93337500e-08 -7.59691758e-03 
 4.93500000e-08 -8.84035221e-03 
 4.93525000e-08 -9.05983857e-03 
 4.93575000e-08 -9.55098706e-03 
 4.93675000e-08 -1.06188997e-02 
 4.93837500e-08 -1.24097231e-02 
 4.94000000e-08 -1.31844323e-02 
 4.94025000e-08 -1.30426831e-02 
 4.94075000e-08 -1.25413205e-02 
 4.94175000e-08 -9.89780028e-03 
 4.94337500e-08  2.37728959e-04 
 4.94500000e-08  1.85518369e-02 
 4.94525000e-08  2.24224902e-02 
 4.94575000e-08  3.07442940e-02 
 4.94675000e-08  5.11085937e-02 
 4.94837500e-08  9.69148473e-02 
 4.95000000e-08  1.64442125e-01 
 4.95025000e-08  1.77647358e-01 
 4.95075000e-08  2.05998526e-01 
 4.95175000e-08  2.76510793e-01 
 4.95337500e-08  4.58880688e-01 
 4.95500000e-08  8.08593185e-01 
 4.95525000e-08  8.83996941e-01 
 4.95575000e-08  1.04469231e+00 
 4.95675000e-08  1.42224176e+00 
 4.95837500e-08  2.14783997e+00 
 4.96000000e-08  2.73618681e+00 
 4.96025000e-08  2.79770117e+00 
 4.96075000e-08  2.90730627e+00 
 4.96175000e-08  3.06237251e+00 
 4.96337500e-08  3.19373765e+00 
 4.96500000e-08  3.24505434e+00 
 4.96525000e-08  3.24906158e+00 
 4.96575000e-08  3.25632349e+00 
 4.96675000e-08  3.26726030e+00 
 4.96837500e-08  3.27875634e+00 
 4.97000000e-08  3.28576815e+00 
 4.97025000e-08  3.28655759e+00 
 4.97075000e-08  3.28804204e+00 
 4.97175000e-08  3.29050050e+00 
 4.97337500e-08  3.29336912e+00 
 4.97500000e-08  3.29523534e+00 
 4.97525000e-08  3.29544755e+00 
 4.97575000e-08  3.29584676e+00 
 4.97675000e-08  3.29651209e+00 
 4.97837500e-08  3.29730887e+00 
 4.98000000e-08  3.29786131e+00 
 4.98025000e-08  3.29792871e+00 
 4.98075000e-08  3.29805793e+00 
 4.98175000e-08  3.29828630e+00 
 4.98337500e-08  3.29858867e+00 
 4.98500000e-08  3.29881789e+00 
 4.98525000e-08  3.29884630e+00 
 4.98575000e-08  3.29889926e+00 
 4.98675000e-08  3.29900337e+00 
 4.98837500e-08  3.29918472e+00 
 4.99000000e-08  3.29936878e+00 
 4.99025000e-08  3.29939514e+00 
 4.99075000e-08  3.29944573e+00 
 4.99175000e-08  3.29953686e+00 
 4.99337500e-08  3.29965961e+00 
 4.99500000e-08  3.29975544e+00 
 4.99525000e-08  3.29976753e+00 
 4.99575000e-08  3.29979031e+00 
 4.99675000e-08  3.29982904e+00 
 4.99837500e-08  3.29987427e+00 
 5.00000000e-08  3.29990214e+00 
 5.00025000e-08  3.29990520e+00 
 5.00075000e-08  3.29991057e+00 
 5.00175000e-08  3.29991949e+00 
 5.00337500e-08  3.29992929e+00 
 5.00500000e-08  3.29993525e+00 
 5.00525000e-08  3.29993594e+00 
 5.00575000e-08  3.29993681e+00 
 5.00675000e-08  3.29993836e+00 
 5.00837500e-08  3.29994247e+00 
 5.01000000e-08  3.29994915e+00 
 5.01025000e-08  3.29995092e+00 
 5.01075000e-08  3.29995539e+00 
 5.01175000e-08  3.29996620e+00 
 5.01337500e-08  3.29997919e+00 
 5.01500000e-08  3.29997693e+00 
 5.01525000e-08  3.29997536e+00 
 5.01575000e-08  3.29997233e+00 
 5.01675000e-08  3.29996614e+00 
 5.01837500e-08  3.29995564e+00 
 5.02000000e-08  3.29994587e+00 
 5.02025000e-08  3.29994456e+00 
 5.02075000e-08  3.29994187e+00 
 5.02175000e-08  3.29993686e+00 
 5.02337500e-08  3.29993047e+00 
 5.02500000e-08  3.29992615e+00 
 5.02525000e-08  3.29992572e+00 
 5.02575000e-08  3.29992479e+00 
 5.02675000e-08  3.29992288e+00 
 5.02837500e-08  3.29992058e+00 
 5.03000000e-08  3.29992147e+00 
 5.03025000e-08  3.29992192e+00 
 5.03075000e-08  3.29992267e+00 
 5.03175000e-08  3.29992498e+00 
 5.03337500e-08  3.29993188e+00 
 5.03500000e-08  3.29994374e+00 
 5.03525000e-08  3.29994628e+00 
 5.03575000e-08  3.29995181e+00 
 5.03675000e-08  3.29996475e+00 
 5.03837500e-08  3.29998576e+00 
 5.04000000e-08  3.30000074e+00 
 5.04025000e-08  3.30000225e+00 
 5.04075000e-08  3.30000475e+00 
 5.04175000e-08  3.30000725e+00 
 5.04337500e-08  3.30000408e+00 
 5.04500000e-08  3.29999712e+00 
 5.04525000e-08  3.29999608e+00 
 5.04575000e-08  3.29999432e+00 
 5.04675000e-08  3.29999152e+00 
 5.04837500e-08  3.29998679e+00 
 5.05000000e-08  3.29998015e+00 
 5.05025000e-08  3.29997837e+00 
 5.05075000e-08  3.29997447e+00 
 5.05175000e-08  3.29996513e+00 
 5.05337500e-08  3.29995339e+00 
 5.05500000e-08  3.29995617e+00 
 5.05525000e-08  3.29995673e+00 
 5.05575000e-08  3.29995828e+00 
 5.05675000e-08  3.29996287e+00 
 5.05837500e-08  3.29997999e+00 
 5.06000000e-08  3.30001359e+00 
 5.06025000e-08  3.30002000e+00 
 5.06075000e-08  3.30003275e+00 
 5.06175000e-08  3.30005125e+00 
 5.06337500e-08  3.30004751e+00 
 5.06500000e-08  3.29999345e+00 
 5.06525000e-08  3.29998153e+00 
 5.06575000e-08  3.29995562e+00 
 5.06675000e-08  3.29989686e+00 
 5.06837500e-08  3.29980914e+00 
 5.07000000e-08  3.29974860e+00 
 5.07025000e-08  3.29974219e+00 
 5.07075000e-08  3.29973207e+00 
 5.07175000e-08  3.29972435e+00 
 5.07337500e-08  3.29973775e+00 
 5.07500000e-08  3.29978055e+00 
 5.07525000e-08  3.29979093e+00 
 5.07575000e-08  3.29981054e+00 
 5.07675000e-08  3.29984451e+00 
 5.07837500e-08  3.29988576e+00 
 5.08000000e-08  3.29990702e+00 
 5.08025000e-08  3.29991089e+00 
 5.08075000e-08  3.29991850e+00 
 5.08175000e-08  3.29993721e+00 
 5.08337500e-08  3.29996944e+00 
 5.08500000e-08  3.29999418e+00 
 5.08525000e-08  3.29999676e+00 
 5.08575000e-08  3.30000107e+00 
 5.08675000e-08  3.30000568e+00 
 5.08837500e-08  3.30000311e+00 
 5.09000000e-08  3.29999105e+00 
 5.09025000e-08  3.29998876e+00 
 5.09075000e-08  3.29998335e+00 
 5.09175000e-08  3.29996954e+00 
 5.09337500e-08  3.29993855e+00 
 5.09500000e-08  3.29989233e+00 
 5.09525000e-08  3.29988366e+00 
 5.09575000e-08  3.29986377e+00 
 5.09675000e-08  3.29981767e+00 
 5.09837500e-08  3.29973244e+00 
 5.10000000e-08  3.29966577e+00 
 5.10025000e-08  3.29966052e+00 
 5.10075000e-08  3.29965114e+00 
 5.10175000e-08  3.29964479e+00 
 5.10337500e-08  3.29966018e+00 
 5.10500000e-08  3.29970010e+00 
 5.10525000e-08  3.29970909e+00 
 5.10575000e-08  3.29972802e+00 
 5.10675000e-08  3.29977834e+00 
 5.10837500e-08  3.29990640e+00 
 5.11000000e-08  3.30012343e+00 
 5.11025000e-08  3.30016732e+00 
 5.11075000e-08  3.30025885e+00 
 5.11175000e-08  3.30046328e+00 
 5.11337500e-08  3.30083516e+00 
 5.11500000e-08  3.30122293e+00 
 5.11525000e-08  3.30127943e+00 
 5.11575000e-08  3.30139317e+00 
 5.11675000e-08  3.30160797e+00 
 5.11837500e-08  3.30197165e+00 
 5.12000000e-08  3.30234462e+00 
 5.12025000e-08  3.30240455e+00 
 5.12075000e-08  3.30252465e+00 
 5.12175000e-08  3.30276697e+00 
 5.12337500e-08  3.30316991e+00 
 5.12500000e-08  3.30358879e+00 
 5.12525000e-08  3.30365379e+00 
 5.12575000e-08  3.30378463e+00 
 5.12675000e-08  3.30403573e+00 
 5.12837500e-08  3.30438647e+00 
 5.13000000e-08  3.30467134e+00 
 5.13025000e-08  3.30471095e+00 
 5.13075000e-08  3.30479196e+00 
 5.13175000e-08  3.30496519e+00 
 5.13337500e-08  3.30529549e+00 
 5.13500000e-08  3.30571431e+00 
 5.13525000e-08  3.30578894e+00 
 5.13575000e-08  3.30594570e+00 
 5.13675000e-08  3.30630227e+00 
 5.13837500e-08  3.30702076e+00 
 5.14000000e-08  3.30795916e+00 
 5.14025000e-08  3.30812871e+00 
 5.14075000e-08  3.30848777e+00 
 5.14175000e-08  3.30931252e+00 
 5.14337500e-08  3.31102106e+00 
 5.14500000e-08  3.31337067e+00 
 5.14525000e-08  3.31380673e+00 
 5.14575000e-08  3.31473436e+00 
 5.14675000e-08  3.31676302e+00 
 5.14837500e-08  3.31945277e+00 
 5.15000000e-08  3.31767781e+00 
 5.15025000e-08  3.31656429e+00 
 5.15075000e-08  3.31370741e+00 
 5.15175000e-08  3.30385225e+00 
 5.15337500e-08  3.27656517e+00 
 5.15500000e-08  3.23117246e+00 
 5.15525000e-08  3.22212102e+00 
 5.15575000e-08  3.20291599e+00 
 5.15675000e-08  3.15741721e+00 
 5.15837500e-08  3.05850559e+00 
 5.16000000e-08  2.91239680e+00 
 5.16025000e-08  2.88288452e+00 
 5.16075000e-08  2.81721276e+00 
 5.16175000e-08  2.63150554e+00 
 5.16337500e-08  2.13960713e+00 
 5.16500000e-08  1.42995557e+00 
 5.16525000e-08  1.30205772e+00 
 5.16575000e-08  1.04328850e+00 
 5.16675000e-08  5.84537547e-01 
 5.16837500e-08  1.61935384e-01 
 5.17000000e-08  4.69336790e-02 
 5.17017177e-08  4.40290688e-02 
 5.17051532e-08  3.87443576e-02 
 5.17120240e-08  3.07563660e-02 
 5.17257658e-08  2.02293161e-02 
 5.17500000e-08  1.05166721e-02 
 5.17525000e-08  9.96922759e-03 
 5.17575000e-08  8.90202131e-03 
 5.17675000e-08  7.01725732e-03 
 5.17837500e-08  4.67886438e-03 
 5.18000000e-08  3.07501521e-03 
 5.18025000e-08  2.88743458e-03 
 5.18075000e-08  2.53510032e-03 
 5.18175000e-08  1.95051117e-03 
 5.18337500e-08  1.26762088e-03 
 5.18500000e-08  8.27404141e-04 
 5.18525000e-08  7.77855057e-04 
 5.18575000e-08  6.85480778e-04 
 5.18675000e-08  5.34544413e-04 
 5.18837500e-08  3.62898337e-04 
 5.19000000e-08  2.53893577e-04 
 5.19025000e-08  2.41589308e-04 
 5.19075000e-08  2.18759928e-04 
 5.19175000e-08  1.81467138e-04 
 5.19337500e-08  1.37950315e-04 
 5.19500000e-08  1.08920124e-04 
 5.19525000e-08  1.05428843e-04 
 5.19575000e-08  9.87675827e-05 
 5.19675000e-08  8.72734437e-05 
 5.19837500e-08  7.27626023e-05 
 5.20000000e-08  6.17845985e-05 
 5.20025000e-08  6.03391700e-05 
 5.20075000e-08  5.76240959e-05 
 5.20175000e-08  5.28087241e-05 
 5.20337500e-08  4.56957097e-05 
 5.20500000e-08  3.89988304e-05 
 5.20525000e-08  3.80968294e-05 
 5.20575000e-08  3.63475568e-05 
 5.20675000e-08  3.33893673e-05 
 5.20837500e-08  2.77175371e-05 
 5.21000000e-08  1.76535628e-05 
 5.21025000e-08  1.61616897e-05 
 5.21075000e-08  1.31879956e-05 
 5.21175000e-08  8.98615794e-06 
 5.21337500e-08  6.33027591e-06 
 5.21500000e-08  6.72680383e-06 
 5.21525000e-08  6.91827712e-06 
 5.21575000e-08  7.18960385e-06 
 5.21675000e-08  7.75176371e-06 
 5.21837500e-08  8.74067636e-06 
 5.22000000e-08  1.00334891e-05 
 5.22025000e-08  1.03236663e-05 
 5.22075000e-08  1.08326496e-05 
 5.22175000e-08  1.14787467e-05 
 5.22337500e-08  1.02149867e-05 
 5.22500000e-08  5.60754160e-06 
 5.22525000e-08  4.61197023e-06 
 5.22575000e-08  2.47726239e-06 
 5.22675000e-08 -1.94949889e-06 
 5.22837500e-08 -7.49240066e-06 
 5.23000000e-08 -8.91134495e-06 
 5.23025000e-08 -8.95467560e-06 
 5.23075000e-08 -9.01267942e-06 
 5.23175000e-08 -8.56285420e-06 
 5.23337500e-08 -6.09654694e-06 
 5.23500000e-08 -1.11444361e-06 
 5.23525000e-08 -7.42553389e-08 
 5.23575000e-08  1.78510190e-06 
 5.23675000e-08  5.22078627e-06 
 5.23837500e-08  9.98121692e-06 
 5.24000000e-08  1.31752238e-05 
 5.24025000e-08  1.33700062e-05 
 5.24075000e-08  1.35321046e-05 
 5.24175000e-08  1.32685577e-05 
 5.24337500e-08  1.22164763e-05 
 5.24500000e-08  1.04708812e-05 
 5.24525000e-08  1.01592369e-05 
 5.24575000e-08  9.48752467e-06 
 5.24675000e-08  8.04181389e-06 
 5.24837500e-08  5.26002616e-06 
 5.25000000e-08  1.95750306e-06 
 5.25025000e-08  1.51718389e-06 
 5.25075000e-08  5.49658399e-07 
 5.25175000e-08 -1.61075794e-06 
 5.25337500e-08 -6.22863210e-06 
 5.25500000e-08 -1.35295169e-05 
 5.25525000e-08 -1.49339573e-05 
 5.25575000e-08 -1.81734207e-05 
 5.25675000e-08 -2.35398511e-05 
 5.25837500e-08 -2.67627254e-05 
 5.26000000e-08 -2.27047926e-05 
 5.26025000e-08 -2.11777140e-05 
 5.26075000e-08 -1.81048325e-05 
 5.26175000e-08 -9.59384054e-06 
 5.26337500e-08  1.14666265e-05 
 5.26500000e-08  4.33009361e-05 
 5.26525000e-08  4.89449582e-05 
 5.26575000e-08  6.01007404e-05 
 5.26675000e-08  8.11814096e-05 
 5.26837500e-08  1.13239325e-04 
 5.27000000e-08  1.26455473e-04 
 5.27025000e-08  1.27220956e-04 
 5.27075000e-08  1.28407528e-04 
 5.27175000e-08  1.26312182e-04 
 5.27337500e-08  1.16705695e-04 
 5.27500000e-08  1.05731439e-04 
 5.27525000e-08  1.04457026e-04 
 5.27575000e-08  1.02026081e-04 
 5.27675000e-08  9.56621274e-05 
 5.27837500e-08  7.53664507e-05 
 5.28000000e-08  3.81658330e-05 
 5.28025000e-08  3.15045960e-05 
 5.28075000e-08  1.93746438e-05 
 5.28175000e-08  8.61017893e-07 
 5.28337500e-08 -1.27953543e-05 
 5.28500000e-08 -5.25049281e-06 
 5.28525000e-08 -2.40024032e-06 
 5.28575000e-08  4.45718466e-06 
 5.28675000e-08  2.33437862e-05 
 5.28837500e-08  7.06469712e-05 
 5.29000000e-08  1.36148236e-04 
 5.29025000e-08  1.45312728e-04 
 5.29075000e-08  1.62878529e-04 
 5.29175000e-08  1.85654957e-04 
 5.29337500e-08  1.77415691e-04 
 5.29500000e-08  8.06423616e-05 
 5.29525000e-08  5.29494413e-05 
 5.29575000e-08 -1.19902765e-05 
 5.29675000e-08 -2.04480511e-04 
 5.29837500e-08 -6.53100555e-04 
 5.30000000e-08 -1.18921237e-03 
 5.30025000e-08 -1.26568432e-03 
 5.30075000e-08 -1.42704973e-03 
 5.30175000e-08 -1.77643915e-03 
 5.30337500e-08 -2.34278708e-03 
 5.30500000e-08 -2.87816699e-03 
 5.30525000e-08 -2.95715537e-03 
 5.30575000e-08 -3.11527197e-03 
 5.30675000e-08 -3.42798903e-03 
 5.30837500e-08 -3.93383309e-03 
 5.31000000e-08 -4.45687799e-03 
 5.31025000e-08 -4.53797905e-03 
 5.31075000e-08 -4.70649770e-03 
 5.31175000e-08 -5.06133732e-03 
 5.31337500e-08 -5.69244461e-03 
 5.31500000e-08 -6.42399565e-03 
 5.31525000e-08 -6.54606769e-03 
 5.31575000e-08 -6.81140262e-03 
 5.31675000e-08 -7.39279577e-03 
 5.31837500e-08 -8.55745505e-03 
 5.32000000e-08 -1.01081164e-02 
 5.32025000e-08 -1.03708747e-02 
 5.32075000e-08 -1.09441816e-02 
 5.32175000e-08 -1.20798456e-02 
 5.32337500e-08 -1.32100438e-02 
 5.32500000e-08 -1.13215232e-02 
 5.32525000e-08 -1.05200887e-02 
 5.32575000e-08 -8.57484116e-03 
 5.32675000e-08 -2.45257450e-03 
 5.32837500e-08  1.41084728e-02 
 5.33000000e-08  4.13577864e-02 
 5.33025000e-08  4.67906731e-02 
 5.33075000e-08  5.83923136e-02 
 5.33175000e-08  8.63859711e-02 
 5.33337500e-08  1.49031257e-01 
 5.33500000e-08  2.43523844e-01 
 5.33525000e-08  2.62485557e-01 
 5.33575000e-08  3.03777367e-01 
 5.33675000e-08  4.12443320e-01 
 5.33837500e-08  7.26407643e-01 
 5.34000000e-08  1.24652008e+00 
 5.34025000e-08  1.34717220e+00 
 5.34075000e-08  1.55699272e+00 
 5.34175000e-08  2.01458177e+00 
 5.34337500e-08  2.64967432e+00 
 5.34500000e-08  3.01109649e+00 
 5.34525000e-08  3.04282072e+00 
 5.34575000e-08  3.09888536e+00 
 5.34675000e-08  3.17580784e+00 
 5.34837500e-08  3.23866392e+00 
 5.35000000e-08  3.26383346e+00 
 5.35025000e-08  3.26610604e+00 
 5.35075000e-08  3.27032104e+00 
 5.35175000e-08  3.27707211e+00 
 5.35337500e-08  3.28471620e+00 
 5.35500000e-08  3.28961355e+00 
 5.35525000e-08  3.29016900e+00 
 5.35575000e-08  3.29121293e+00 
 5.35675000e-08  3.29294076e+00 
 5.35837500e-08  3.29495800e+00 
 5.36000000e-08  3.29627666e+00 
 5.36025000e-08  3.29642820e+00 
 5.36075000e-08  3.29671406e+00 
 5.36175000e-08  3.29719475e+00 
 5.36337500e-08  3.29778137e+00 
 5.36500000e-08  3.29820138e+00 
 5.36525000e-08  3.29825391e+00 
 5.36575000e-08  3.29835491e+00 
 5.36675000e-08  3.29853568e+00 
 5.36837500e-08  3.29877578e+00 
 5.37000000e-08  3.29895727e+00 
 5.37025000e-08  3.29898407e+00 
 5.37075000e-08  3.29903715e+00 
 5.37175000e-08  3.29914821e+00 
 5.37337500e-08  3.29933036e+00 
 5.37500000e-08  3.29949363e+00 
 5.37525000e-08  3.29951585e+00 
 5.37575000e-08  3.29955855e+00 
 5.37675000e-08  3.29963648e+00 
 5.37837500e-08  3.29974132e+00 
 5.38000000e-08  3.29981721e+00 
 5.38025000e-08  3.29982618e+00 
 5.38075000e-08  3.29984248e+00 
 5.38175000e-08  3.29986814e+00 
 5.38337500e-08  3.29989621e+00 
 5.38500000e-08  3.29991343e+00 
 5.38525000e-08  3.29991553e+00 
 5.38575000e-08  3.29991913e+00 
 5.38675000e-08  3.29992490e+00 
 5.38837500e-08  3.29993135e+00 
 5.39000000e-08  3.29993564e+00 
 5.39025000e-08  3.29993636e+00 
 5.39075000e-08  3.29993813e+00 
 5.39175000e-08  3.29994109e+00 
 5.39337500e-08  3.29994730e+00 
 5.39500000e-08  3.29996081e+00 
 5.39525000e-08  3.29996375e+00 
 5.39575000e-08  3.29997010e+00 
 5.39675000e-08  3.29997965e+00 
 5.39837500e-08  3.29998202e+00 
 5.40000000e-08  3.29997222e+00 
 5.40025000e-08  3.29997008e+00 
 5.40075000e-08  3.29996564e+00 
 5.40175000e-08  3.29995651e+00 
 5.40337500e-08  3.29994359e+00 
 5.40500000e-08  3.29993422e+00 
 5.40525000e-08  3.29993338e+00 
 5.40575000e-08  3.29993201e+00 
 5.40675000e-08  3.29993057e+00 
 5.40837500e-08  3.29992915e+00 
 5.41000000e-08  3.29992716e+00 
 5.41025000e-08  3.29992661e+00 
 5.41075000e-08  3.29992524e+00 
 5.41175000e-08  3.29992251e+00 
 5.41337500e-08  3.29992052e+00 
 5.41500000e-08  3.29992313e+00 
 5.41525000e-08  3.29992410e+00 
 5.41575000e-08  3.29992604e+00 
 5.41675000e-08  3.29993100e+00 
 5.41837500e-08  3.29994256e+00 
 5.42000000e-08  3.29995953e+00 
 5.42025000e-08  3.29996265e+00 
 5.42075000e-08  3.29996895e+00 
 5.42175000e-08  3.29998130e+00 
 5.42337500e-08  3.29999676e+00 
 5.42500000e-08  3.30000424e+00 
 5.42525000e-08  3.30000466e+00 
 5.42575000e-08  3.30000533e+00 
 5.42675000e-08  3.30000353e+00 
 5.42837500e-08  3.29999860e+00 
 5.43000000e-08  3.29999319e+00 
 5.43025000e-08  3.29999243e+00 
 5.43075000e-08  3.29999088e+00 
 5.43175000e-08  3.29998748e+00 
 5.43337500e-08  3.29998073e+00 
 5.43500000e-08  3.29996944e+00 
 5.43525000e-08  3.29996695e+00 
 5.43575000e-08  3.29996211e+00 
 5.43675000e-08  3.29995408e+00 
 5.43837500e-08  3.29995612e+00 
 5.44000000e-08  3.29996186e+00 
 5.44025000e-08  3.29996306e+00 
 5.44075000e-08  3.29996660e+00 
 5.44175000e-08  3.29997869e+00 
 5.44337500e-08  3.30001110e+00 
 5.44500000e-08  3.30004808e+00 
 5.44525000e-08  3.30005124e+00 
 5.44575000e-08  3.30005530e+00 
 5.44675000e-08  3.30004908e+00 
 5.44837500e-08  3.30000017e+00 
 5.45000000e-08  3.29991952e+00 
 5.45025000e-08  3.29990475e+00 
 5.45075000e-08  3.29987559e+00 
 5.45175000e-08  3.29982301e+00 
 5.45337500e-08  3.29976069e+00 
 5.45500000e-08  3.29972582e+00 
 5.45525000e-08  3.29972468e+00 
 5.45575000e-08  3.29972419e+00 
 5.45675000e-08  3.29973216e+00 
 5.45837500e-08  3.29976734e+00 
 5.46000000e-08  3.29983031e+00 
 5.46025000e-08  3.29983799e+00 
 5.46075000e-08  3.29985236e+00 
 5.46175000e-08  3.29987670e+00 
 5.46337500e-08  3.29990125e+00 
 5.46500000e-08  3.29992605e+00 
 5.46525000e-08  3.29993247e+00 
 5.46575000e-08  3.29994463e+00 
 5.46675000e-08  3.29996663e+00 
 5.46837500e-08  3.29999305e+00 
 5.47000000e-08  3.30000715e+00 
 5.47025000e-08  3.30000793e+00 
 5.47075000e-08  3.30000854e+00 
 5.47175000e-08  3.30000608e+00 
 5.47337500e-08  3.29999433e+00 
 5.47500000e-08  3.29997547e+00 
 5.47525000e-08  3.29997196e+00 
 5.47575000e-08  3.29996393e+00 
 5.47675000e-08  3.29994461e+00 
 5.47837500e-08  3.29990210e+00 
 5.48000000e-08  3.29983798e+00 
 5.48025000e-08  3.29982611e+00 
 5.48075000e-08  3.29979940e+00 
 5.48175000e-08  3.29974347e+00 
 5.48337500e-08  3.29966942e+00 
 5.48500000e-08  3.29964058e+00 
 5.48525000e-08  3.29964164e+00 
 5.48575000e-08  3.29964456e+00 
 5.48675000e-08  3.29965979e+00 
 5.48837500e-08  3.29970193e+00 
 5.49000000e-08  3.29976808e+00 
 5.49025000e-08  3.29978150e+00 
 5.49075000e-08  3.29981016e+00 
 5.49175000e-08  3.29988539e+00 
 5.49337500e-08  3.30007874e+00 
 5.49500000e-08  3.30037270e+00 
 5.49525000e-08  3.30042481e+00 
 5.49575000e-08  3.30053185e+00 
 5.49675000e-08  3.30076030e+00 
 5.49837500e-08  3.30114884e+00 
 5.50000000e-08  3.30151667e+00 
 5.50025000e-08  3.30157141e+00 
 5.50075000e-08  3.30168325e+00 
 5.50175000e-08  3.30190655e+00 
 5.50337500e-08  3.30228024e+00 
 5.50500000e-08  3.30267649e+00 
 5.50525000e-08  3.30273763e+00 
 5.50575000e-08  3.30286097e+00 
 5.50675000e-08  3.30311312e+00 
 5.50837500e-08  3.30353406e+00 
 5.51000000e-08  3.30395718e+00 
 5.51025000e-08  3.30401816e+00 
 5.51075000e-08  3.30413782e+00 
 5.51175000e-08  3.30435341e+00 
 5.51337500e-08  3.30464659e+00 
 5.51500000e-08  3.30491364e+00 
 5.51525000e-08  3.30495581e+00 
 5.51575000e-08  3.30504389e+00 
 5.51675000e-08  3.30524278e+00 
 5.51837500e-08  3.30564350e+00 
 5.52000000e-08  3.30616461e+00 
 5.52025000e-08  3.30625817e+00 
 5.52075000e-08  3.30645496e+00 
 5.52175000e-08  3.30690161e+00 
 5.52337500e-08  3.30779801e+00 
 5.52500000e-08  3.30897327e+00 
 5.52525000e-08  3.30918680e+00 
 5.52575000e-08  3.30964088e+00 
 5.52675000e-08  3.31069350e+00 
 5.52837500e-08  3.31291462e+00 
 5.53000000e-08  3.31590031e+00 
 5.53025000e-08  3.31641964e+00 
 5.53075000e-08  3.31746619e+00 
 5.53175000e-08  3.31921968e+00 
 5.53337500e-08  3.31848813e+00 
 5.53500000e-08  3.30828546e+00 
 5.53525000e-08  3.30537029e+00 
 5.53575000e-08  3.29887817e+00 
 5.53675000e-08  3.28230596e+00 
 5.53837500e-08  3.24020220e+00 
 5.54000000e-08  3.17711018e+00 
 5.54025000e-08  3.16496718e+00 
 5.54075000e-08  3.13926973e+00 
 5.54175000e-08  3.07852549e+00 
 5.54337500e-08  2.94289510e+00 
 5.54500000e-08  2.71507365e+00 
 5.54525000e-08  2.66314075e+00 
 5.54575000e-08  2.54585510e+00 
 5.54675000e-08  2.24115174e+00 
 5.54837500e-08  1.56886560e+00 
 5.55000000e-08  7.78560977e-01 
 5.55025000e-08  6.67752346e-01 
 5.55075000e-08  4.71681850e-01 
 5.55175000e-08  2.15165875e-01 
 5.55337500e-08  5.63366119e-02 
 5.55500000e-08  2.82566618e-02 
 5.55518968e-08  2.69495799e-02 
 5.55556905e-08  2.43627120e-02 
 5.55632779e-08  1.98661932e-02 
 5.55784527e-08  1.33050717e-02 
 5.56000000e-08  7.75281743e-03 
 5.56025000e-08  7.31438490e-03 
 5.56075000e-08  6.47998397e-03 
 5.56175000e-08  5.05856599e-03 
 5.56337500e-08  3.33688376e-03 
 5.56500000e-08  2.17560966e-03 
 5.56525000e-08  2.04139361e-03 
 5.56575000e-08  1.78975835e-03 
 5.56675000e-08  1.37441482e-03 
 5.56837500e-08  8.94441911e-04 
 5.57000000e-08  5.89665257e-04 
 5.57025000e-08  5.55677362e-04 
 5.57075000e-08  4.92544050e-04 
 5.57175000e-08  3.89517320e-04 
 5.57337500e-08  2.71455325e-04 
 5.57500000e-08  1.95385414e-04 
 5.57525000e-08  1.86798509e-04 
 5.57575000e-08  1.70892052e-04 
 5.57675000e-08  1.44902506e-04 
 5.57837500e-08  1.14106086e-04 
 5.58000000e-08  9.29652602e-05 
 5.58025000e-08  9.03869404e-05 
 5.58075000e-08  8.54532297e-05 
 5.58175000e-08  7.68125566e-05 
 5.58337500e-08  6.53925970e-05 
 5.58500000e-08  5.59916688e-05 
 5.58525000e-08  5.46174894e-05 
 5.58575000e-08  5.18748275e-05 
 5.58675000e-08  4.65441866e-05 
 5.58837500e-08  3.86380695e-05 
 5.59000000e-08  3.24827457e-05 
 5.59025000e-08  3.17864709e-05 
 5.59075000e-08  3.02767871e-05 
 5.59175000e-08  2.66388710e-05 
 5.59337500e-08  1.73772128e-05 
 5.59500000e-08  8.31856924e-06 
 5.59525000e-08  7.75295711e-06 
 5.59575000e-08  6.75125289e-06 
 5.59675000e-08  6.07820884e-06 
 5.59837500e-08  6.96342730e-06 
 5.60000000e-08  8.57152334e-06 
 5.60025000e-08  8.89466232e-06 
 5.60075000e-08  9.48961316e-06 
 5.60175000e-08  1.07584318e-05 
 5.60337500e-08  1.25246000e-05 
 5.60500000e-08  1.38110823e-05 
 5.60525000e-08  1.37830023e-05 
 5.60575000e-08  1.33684489e-05 
 5.60675000e-08  1.14160453e-05 
 5.60837500e-08  6.15160870e-06 
 5.61000000e-08 -9.41986356e-07 
 5.61025000e-08 -2.10972234e-06 
 5.61075000e-08 -4.33591313e-06 
 5.61175000e-08 -7.81628485e-06 
 5.61337500e-08 -1.01575267e-05 
 5.61500000e-08 -9.74479448e-06 
 5.61525000e-08 -9.35761748e-06 
 5.61575000e-08 -8.40977666e-06 
 5.61675000e-08 -5.83102168e-06 
 5.61837500e-08 -6.71070986e-07 
 5.62000000e-08  5.50752542e-06 
 5.62025000e-08  5.96170078e-06 
 5.62075000e-08  6.76607986e-06 
 5.62175000e-08  8.18397379e-06 
 5.62337500e-08  1.06185437e-05 
 5.62500000e-08  1.16944191e-05 
 5.62525000e-08  1.18236703e-05 
 5.62575000e-08  1.20573808e-05 
 5.62675000e-08  1.22687364e-05 
 5.62837500e-08  1.15082567e-05 
 5.63000000e-08  9.61768634e-06 
 5.63025000e-08  9.24555058e-06 
 5.63075000e-08  8.39933258e-06 
 5.63175000e-08  6.40806190e-06 
 5.63337500e-08  2.73130141e-06 
 5.63500000e-08 -9.35342696e-07 
 5.63525000e-08 -1.42987007e-06 
 5.63575000e-08 -2.65020767e-06 
 5.63675000e-08 -5.50955207e-06 
 5.63837500e-08 -1.18769844e-05 
 5.64000000e-08 -2.09127428e-05 
 5.64025000e-08 -2.20338235e-05 
 5.64075000e-08 -2.43650695e-05 
 5.64175000e-08 -2.64934525e-05 
 5.64337500e-08 -2.38185490e-05 
 5.64500000e-08 -1.47001162e-05 
 5.64525000e-08 -1.24805264e-05 
 5.64575000e-08 -7.81929242e-06 
 5.64675000e-08  4.56721609e-06 
 5.64837500e-08  3.34460073e-05 
 5.65000000e-08  6.95818611e-05 
 5.65025000e-08  7.49314688e-05 
 5.65075000e-08  8.51379225e-05 
 5.65175000e-08  1.07367964e-04 
 5.65337500e-08  1.24622217e-04 
 5.65500000e-08  1.29057540e-04 
 5.65525000e-08  1.27682216e-04 
 5.65575000e-08  1.25163345e-04 
 5.65675000e-08  1.20441757e-04 
 5.65837500e-08  1.08991167e-04 
 5.66000000e-08  1.00734867e-04 
 5.66025000e-08  9.87413034e-05 
 5.66075000e-08  9.49759744e-05 
 5.66175000e-08  8.24154743e-05 
 5.66337500e-08  4.74497458e-05 
 5.66500000e-08  8.73647670e-06 
 5.66525000e-08  4.02687134e-06 
 5.66575000e-08 -3.96891904e-06 
 5.66675000e-08 -1.25641747e-05 
 5.66837500e-08 -9.65283062e-06 
 5.67000000e-08  1.07478670e-05 
 5.67025000e-08  1.53628349e-05 
 5.67075000e-08  2.63626496e-05 
 5.67175000e-08  5.47715860e-05 
 5.67337500e-08  1.17087934e-04 
 5.67500000e-08  1.75385393e-04 
 5.67525000e-08  1.80676779e-04 
 5.67575000e-08  1.89370424e-04 
 5.67675000e-08  1.89421355e-04 
 5.67837500e-08  1.23581401e-04 
 5.68000000e-08 -7.65466278e-05 
 5.68025000e-08 -1.26534223e-04 
 5.68075000e-08 -2.36023009e-04 
 5.68175000e-08 -5.08082577e-04 
 5.68337500e-08 -1.04739312e-03 
 5.68500000e-08 -1.55652073e-03 
 5.68525000e-08 -1.64984744e-03 
 5.68575000e-08 -1.83359068e-03 
 5.68675000e-08 -2.18636181e-03 
 5.68837500e-08 -2.72499605e-03 
 5.69000000e-08 -3.23385882e-03 
 5.69025000e-08 -3.30946592e-03 
 5.69075000e-08 -3.46102742e-03 
 5.69175000e-08 -3.76741619e-03 
 5.69337500e-08 -4.28034754e-03 
 5.69500000e-08 -4.82338280e-03 
 5.69525000e-08 -4.91216906e-03 
 5.69575000e-08 -5.09673491e-03 
 5.69675000e-08 -5.48403597e-03 
 5.69837500e-08 -6.18110655e-03 
 5.70000000e-08 -7.01318058e-03 
 5.70025000e-08 -7.15468869e-03 
 5.70075000e-08 -7.46821318e-03 
 5.70175000e-08 -8.16912978e-03 
 5.70337500e-08 -9.59117711e-03 
 5.70500000e-08 -1.13708927e-02 
 5.70525000e-08 -1.16449838e-02 
 5.70575000e-08 -1.22109909e-02 
 5.70675000e-08 -1.30746648e-02 
 5.70837500e-08 -1.24128212e-02 
 5.71000000e-08 -6.61806502e-03 
 5.71025000e-08 -5.02055637e-03 
 5.71075000e-08 -1.41764037e-03 
 5.71175000e-08  7.98563347e-03 
 5.71337500e-08  3.16840841e-02 
 5.71500000e-08  6.81736295e-02 
 5.71525000e-08  7.52911775e-02 
 5.71575000e-08  9.04586075e-02 
 5.71675000e-08  1.26966943e-01 
 5.71837500e-08  2.09847190e-01 
 5.72000000e-08  3.40598723e-01 
 5.72025000e-08  3.67972675e-01 
 5.72075000e-08  4.29228722e-01 
 5.72175000e-08  6.03019556e-01 
 5.72337500e-08  1.05796564e+00 
 5.72500000e-08  1.71154624e+00 
 5.72525000e-08  1.82863568e+00 
 5.72575000e-08  2.06516282e+00 
 5.72675000e-08  2.49025425e+00 
 5.72837500e-08  2.92906995e+00 
 5.73000000e-08  3.13728073e+00 
 5.73025000e-08  3.15408985e+00 
 5.73075000e-08  3.18367833e+00 
 5.73175000e-08  3.22387732e+00 
 5.73337500e-08  3.25768980e+00 
 5.73500000e-08  3.27323165e+00 
 5.73525000e-08  3.27481264e+00 
 5.73575000e-08  3.27777431e+00 
 5.73675000e-08  3.28263469e+00 
 5.73837500e-08  3.28826785e+00 
 5.74000000e-08  3.29192123e+00 
 5.74025000e-08  3.29233748e+00 
 5.74075000e-08  3.29311872e+00 
 5.74175000e-08  3.29440939e+00 
 5.74337500e-08  3.29591814e+00 
 5.74500000e-08  3.29691309e+00 
 5.74525000e-08  3.29702867e+00 
 5.74575000e-08  3.29724736e+00 
 5.74675000e-08  3.29761899e+00 
 5.74837500e-08  3.29808251e+00 
 5.75000000e-08  3.29842559e+00 
 5.75025000e-08  3.29846935e+00 
 5.75075000e-08  3.29855330e+00 
 5.75175000e-08  3.29870287e+00 
 5.75337500e-08  3.29889814e+00 
 5.75500000e-08  3.29906864e+00 
 5.75525000e-08  3.29909773e+00 
 5.75575000e-08  3.29915564e+00 
 5.75675000e-08  3.29927128e+00 
 5.75837500e-08  3.29944462e+00 
 5.76000000e-08  3.29958775e+00 
 5.76025000e-08  3.29960646e+00 
 5.76075000e-08  3.29964272e+00 
 5.76175000e-08  3.29970633e+00 
 5.76337500e-08  3.29978774e+00 
 5.76500000e-08  3.29984541e+00 
 5.76525000e-08  3.29985211e+00 
 5.76575000e-08  3.29986435e+00 
 5.76675000e-08  3.29988404e+00 
 5.76837500e-08  3.29990584e+00 
 5.77000000e-08  3.29991962e+00 
 5.77025000e-08  3.29992133e+00 
 5.77075000e-08  3.29992428e+00 
 5.77175000e-08  3.29992935e+00 
 5.77337500e-08  3.29993535e+00 
 5.77500000e-08  3.29994059e+00 
 5.77525000e-08  3.29994161e+00 
 5.77575000e-08  3.29994345e+00 
 5.77675000e-08  3.29994753e+00 
 5.77837500e-08  3.29995825e+00 
 5.78000000e-08  3.29997590e+00 
 5.78025000e-08  3.29997783e+00 
 5.78075000e-08  3.29998107e+00 
 5.78175000e-08  3.29998206e+00 
 5.78337500e-08  3.29997372e+00 
 5.78500000e-08  3.29996055e+00 
 5.78525000e-08  3.29995857e+00 
 5.78575000e-08  3.29995468e+00 
 5.78675000e-08  3.29994759e+00 
 5.78837500e-08  3.29993828e+00 
 5.79000000e-08  3.29993174e+00 
 5.79025000e-08  3.29993114e+00 
 5.79075000e-08  3.29993010e+00 
 5.79175000e-08  3.29992880e+00 
 5.79337500e-08  3.29992705e+00 
 5.79500000e-08  3.29992431e+00 
 5.79525000e-08  3.29992386e+00 
 5.79575000e-08  3.29992277e+00 
 5.79675000e-08  3.29992105e+00 
 5.79837500e-08  3.29992162e+00 
 5.80000000e-08  3.29992719e+00 
 5.80025000e-08  3.29992858e+00 
 5.80075000e-08  3.29993142e+00 
 5.80175000e-08  3.29993839e+00 
 5.80337500e-08  3.29995374e+00 
 5.80500000e-08  3.29997329e+00 
 5.80525000e-08  3.29997647e+00 
 5.80575000e-08  3.29998265e+00 
 5.80675000e-08  3.29999351e+00 
 5.80837500e-08  3.30000415e+00 
 5.81000000e-08  3.30000645e+00 
 5.81025000e-08  3.30000561e+00 
 5.81075000e-08  3.30000410e+00 
 5.81175000e-08  3.30000012e+00 
 5.81337500e-08  3.29999424e+00 
 5.81500000e-08  3.29998961e+00 
 5.81525000e-08  3.29998881e+00 
 5.81575000e-08  3.29998726e+00 
 5.81675000e-08  3.29998359e+00 
 5.81837500e-08  3.29997360e+00 
 5.82000000e-08  3.29995917e+00 
 5.82025000e-08  3.29995691e+00 
 5.82075000e-08  3.29995321e+00 
 5.82175000e-08  3.29995444e+00 
 5.82337500e-08  3.29995891e+00 
 5.82500000e-08  3.29996848e+00 
 5.82525000e-08  3.29997128e+00 
 5.82575000e-08  3.29997818e+00 
 5.82675000e-08  3.29999726e+00 
 5.82837500e-08  3.30003762e+00 
 5.83000000e-08  3.30005734e+00 
 5.83025000e-08  3.30005593e+00 
 5.83075000e-08  3.30005028e+00 
 5.83175000e-08  3.30002291e+00 
 5.83337500e-08  3.29994845e+00 
 5.83500000e-08  3.29985611e+00 
 5.83525000e-08  3.29984256e+00 
 5.83575000e-08  3.29981901e+00 
 5.83675000e-08  3.29977956e+00 
 5.83837500e-08  3.29973395e+00 
 5.84000000e-08  3.29972641e+00 
 5.84025000e-08  3.29972872e+00 
 5.84075000e-08  3.29973462e+00 
 5.84175000e-08  3.29975370e+00 
 5.84337500e-08  3.29981104e+00 
 5.84500000e-08  3.29986141e+00 
 5.84525000e-08  3.29986738e+00 
 5.84575000e-08  3.29987747e+00 
 5.84675000e-08  3.29989118e+00 
 5.84837500e-08  3.29991433e+00 
 5.85000000e-08  3.29995068e+00 
 5.85025000e-08  3.29995661e+00 
 5.85075000e-08  3.29996735e+00 
 5.85175000e-08  3.29998440e+00 
 5.85337500e-08  3.30000119e+00 
 5.85500000e-08  3.30000591e+00 
 5.85525000e-08  3.30000567e+00 
 5.85575000e-08  3.30000471e+00 
 5.85675000e-08  3.30000068e+00 
 5.85837500e-08  3.29998780e+00 
 5.86000000e-08  3.29996477e+00 
 5.86025000e-08  3.29996002e+00 
 5.86075000e-08  3.29994877e+00 
 5.86175000e-08  3.29992067e+00 
 5.86337500e-08  3.29986025e+00 
 5.86500000e-08  3.29977686e+00 
 5.86525000e-08  3.29976348e+00 
 5.86575000e-08  3.29973572e+00 
 5.86675000e-08  3.29968880e+00 
 5.86837500e-08  3.29964880e+00 
 5.87000000e-08  3.29965289e+00 
 5.87025000e-08  3.29965713e+00 
 5.87075000e-08  3.29966525e+00 
 5.87175000e-08  3.29968680e+00 
 5.87337500e-08  3.29973894e+00 
 5.87500000e-08  3.29982761e+00 
 5.87525000e-08  3.29984655e+00 
 5.87575000e-08  3.29988798e+00 
 5.87675000e-08  3.29999618e+00 
 5.87837500e-08  3.30026514e+00 
 5.88000000e-08  3.30060369e+00 
 5.88025000e-08  3.30066127e+00 
 5.88075000e-08  3.30077802e+00 
 5.88175000e-08  3.30101819e+00 
 5.88337500e-08  3.30140151e+00 
 5.88500000e-08  3.30175902e+00 
 5.88525000e-08  3.30181542e+00 
 5.88575000e-08  3.30192684e+00 
 5.88675000e-08  3.30215366e+00 
 5.88837500e-08  3.30253947e+00 
 5.89000000e-08  3.30293889e+00 
 5.89025000e-08  3.30300143e+00 
 5.89075000e-08  3.30312809e+00 
 5.89175000e-08  3.30338853e+00 
 5.89337500e-08  3.30381735e+00 
 5.89500000e-08  3.30421576e+00 
 5.89525000e-08  3.30426826e+00 
 5.89575000e-08  3.30437046e+00 
 5.89675000e-08  3.30455532e+00 
 5.89837500e-08  3.30482711e+00 
 5.90000000e-08  3.30511250e+00 
 5.90025000e-08  3.30516079e+00 
 5.90075000e-08  3.30526219e+00 
 5.90175000e-08  3.30549397e+00 
 5.90337500e-08  3.30596567e+00 
 5.90500000e-08  3.30658143e+00 
 5.90525000e-08  3.30669207e+00 
 5.90575000e-08  3.30692497e+00 
 5.90675000e-08  3.30745456e+00 
 5.90837500e-08  3.30852687e+00 
 5.91000000e-08  3.30995371e+00 
 5.91025000e-08  3.31021714e+00 
 5.91075000e-08  3.31077968e+00 
 5.91175000e-08  3.31209075e+00 
 5.91337500e-08  3.31483355e+00 
 5.91500000e-08  3.31807564e+00 
 5.91525000e-08  3.31853405e+00 
 5.91575000e-08  3.31932920e+00 
 5.91675000e-08  3.31963187e+00 
 5.91837500e-08  3.31322413e+00 
 5.92000000e-08  3.29407946e+00 
 5.92025000e-08  3.28984170e+00 
 5.92075000e-08  3.28047582e+00 
 5.92175000e-08  3.25632271e+00 
 5.92337500e-08  3.20052291e+00 
 5.92500000e-08  3.12022648e+00 
 5.92525000e-08  3.10485997e+00 
 5.92575000e-08  3.07224473e+00 
 5.92675000e-08  2.99414674e+00 
 5.92837500e-08  2.80719022e+00 
 5.93000000e-08  2.44632321e+00 
 5.93025000e-08  2.36784539e+00 
 5.93075000e-08  2.19962871e+00 
 5.93175000e-08  1.80098890e+00 
 5.93337500e-08  1.01417311e+00 
 5.93500000e-08  3.71456797e-01 
 5.93525000e-08  3.10268837e-01 
 5.93575000e-08  2.07878383e-01 
 5.93675000e-08  9.32538477e-02 
 5.93837500e-08  3.35685372e-02 
 5.94000000e-08  2.08318691e-02 
 5.94018812e-08  1.98903295e-02 
 5.94056437e-08  1.80565473e-02 
 5.94131686e-08  1.48922220e-02 
 5.94282185e-08  1.01834602e-02 
 5.94500000e-08  5.89744608e-03 
 5.94525000e-08  5.55498773e-03 
 5.94575000e-08  4.90632951e-03 
 5.94675000e-08  3.80940160e-03 
 5.94837500e-08  2.49407047e-03 
 5.95000000e-08  1.62031022e-03 
 5.95025000e-08  1.51999301e-03 
 5.95075000e-08  1.33246995e-03 
 5.95175000e-08  1.02492798e-03 
 5.95337500e-08  6.72727566e-04 
 5.95500000e-08  4.51133102e-04 
 5.95525000e-08  4.26369659e-04 
 5.95575000e-08  3.80331221e-04 
 5.95675000e-08  3.04769411e-04 
 5.95837500e-08  2.17362170e-04 
 5.96000000e-08  1.60535885e-04 
 5.96025000e-08  1.53945006e-04 
 5.96075000e-08  1.41530105e-04 
 5.96175000e-08  1.20671252e-04 
 5.96337500e-08  9.56728084e-05 
 5.96500000e-08  7.85493364e-05 
 5.96525000e-08  7.65946074e-05 
 5.96575000e-08  7.30039711e-05 
 5.96675000e-08  6.70021406e-05 
 5.96837500e-08  5.85539821e-05 
 5.97000000e-08  5.08108345e-05 
 5.97025000e-08  4.96384336e-05 
 5.97075000e-08  4.72240558e-05 
 5.97175000e-08  4.24606101e-05 
 5.97337500e-08  3.56620444e-05 
 5.97500000e-08  3.05850312e-05 
 5.97525000e-08  2.97562079e-05 
 5.97575000e-08  2.76647793e-05 
 5.97675000e-08  2.19737839e-05 
 5.97837500e-08  1.17932035e-05 
 5.98000000e-08  6.35315205e-06 
 5.98025000e-08  6.15451145e-06 
 5.98075000e-08  5.79924333e-06 
 5.98175000e-08  5.80684460e-06 
 5.98337500e-08  6.83220857e-06 
 5.98500000e-08  8.11492507e-06 
 5.98525000e-08  8.41303110e-06 
 5.98575000e-08  9.00105020e-06 
 5.98675000e-08  1.04070951e-05 
 5.98837500e-08  1.24275938e-05 
 5.99000000e-08  1.29236204e-05 
 5.99025000e-08  1.26580649e-05 
 5.99075000e-08  1.17600252e-05 
 5.99175000e-08  8.74573504e-06 
 5.99337500e-08  1.95161213e-06 
 5.99500000e-08 -5.37443126e-06 
 5.99525000e-08 -6.21508397e-06 
 5.99575000e-08 -7.70175428e-06 
 5.99675000e-08 -9.19407759e-06 
 5.99837500e-08 -9.35482308e-06 
 6.00000000e-08 -7.77551267e-06 
 6.00025000e-08 -7.34967767e-06 
 6.00075000e-08 -6.48889652e-06 
 6.00175000e-08 -4.42005868e-06 
 6.00337500e-08  1.45163032e-06 
 6.00500000e-08  5.30135230e-06 
 6.00525000e-08  5.97252287e-06 
 6.00575000e-08  7.29947926e-06 
 6.00675000e-08  1.01234394e-05 
 6.00837500e-08  1.28192331e-05 
 6.01000000e-08  1.36437106e-05 
 6.01025000e-08  1.36499950e-05 
 6.01075000e-08  1.34987110e-05 
 6.01175000e-08  1.26062639e-05 
 6.01337500e-08  1.03306128e-05 
 6.01500000e-08  7.52731016e-06 
 6.01525000e-08  7.04829025e-06 
 6.01575000e-08  6.03857455e-06 
 6.01675000e-08  4.00448757e-06 
 6.01837500e-08  9.62756524e-07 
 6.02000000e-08 -2.78082218e-06 
 6.02025000e-08 -3.43691878e-06 
 6.02075000e-08 -5.02146289e-06 
 6.02175000e-08 -8.65253400e-06 
 6.02337500e-08 -1.65586662e-05 
 6.02500000e-08 -2.39866916e-05 
 6.02525000e-08 -2.44284954e-05 
 6.02575000e-08 -2.53068105e-05 
 6.02675000e-08 -2.45700756e-05 
 6.02837500e-08 -1.82431496e-05 
 6.03000000e-08 -4.83179840e-06 
 6.03025000e-08 -1.78525172e-06 
 6.03075000e-08  4.56366319e-06 
 6.03175000e-08  2.12253701e-05 
 6.03337500e-08  5.59109506e-05 
 6.03500000e-08  9.12155508e-05 
 6.03525000e-08  9.72904886e-05 
 6.03575000e-08  1.07548080e-04 
 6.03675000e-08  1.20011756e-04 
 6.03837500e-08  1.28870568e-04 
 6.04000000e-08  1.24503309e-04 
 6.04025000e-08  1.23020841e-04 
 6.04075000e-08  1.18959391e-04 
 6.04175000e-08  1.10301092e-04 
 6.04337500e-08  1.00882669e-04 
 6.04500000e-08  8.96708717e-05 
 6.04525000e-08  8.66488190e-05 
 6.04575000e-08  8.02497314e-05 
 6.04675000e-08  6.12427544e-05 
 6.04837500e-08  2.33441376e-05 
 6.05000000e-08 -5.36216877e-06 
 6.05025000e-08 -7.96343471e-06 
 6.05075000e-08 -1.16780345e-05 
 6.05175000e-08 -1.25972845e-05 
 6.05337500e-08  1.07633448e-06 
 6.05500000e-08  3.27051972e-05 
 6.05525000e-08  3.97230585e-05 
 6.05575000e-08  5.62662506e-05 
 6.05675000e-08  9.59568409e-05 
 6.05837500e-08  1.62322422e-04 
 6.06000000e-08  1.96198798e-04 
 6.06025000e-08  1.95612640e-04 
 6.06075000e-08  1.91417500e-04 
 6.06175000e-08  1.58178828e-04 
 6.06337500e-08  7.86755982e-06 
 6.06500000e-08 -3.19522116e-04 
 6.06525000e-08 -3.87577175e-04 
 6.06575000e-08 -5.31654152e-04 
 6.06675000e-08 -8.60034574e-04 
 6.06837500e-08 -1.38223183e-03 
 6.07000000e-08 -1.95503614e-03 
 6.07025000e-08 -2.04316833e-03 
 6.07075000e-08 -2.21739971e-03 
 6.07175000e-08 -2.55383919e-03 
 6.07337500e-08 -3.07313222e-03 
 6.07500000e-08 -3.57462214e-03 
 6.07525000e-08 -3.65042208e-03 
 6.07575000e-08 -3.80459244e-03 
 6.07675000e-08 -4.11888700e-03 
 6.07837500e-08 -4.65082523e-03 
 6.08000000e-08 -5.23722823e-03 
 6.08025000e-08 -5.33284123e-03 
 6.08075000e-08 -5.53375919e-03 
 6.08175000e-08 -5.95944906e-03 
 6.08337500e-08 -6.74137828e-03 
 6.08500000e-08 -7.71479151e-03 
 6.08525000e-08 -7.88422525e-03 
 6.08575000e-08 -8.26462263e-03 
 6.08675000e-08 -9.11949202e-03 
 6.08837500e-08 -1.07975724e-02 
 6.09000000e-08 -1.25659366e-02 
 6.09025000e-08 -1.27737214e-02 
 6.09075000e-08 -1.31309581e-02 
 6.09175000e-08 -1.30687967e-02 
 6.09337500e-08 -9.15615548e-03 
 6.09500000e-08  1.66320862e-03 
 6.09525000e-08  4.05037450e-03 
 6.09575000e-08  9.32589987e-03 
 6.09675000e-08  2.29768740e-02 
 6.09837500e-08  5.51450523e-02 
 6.10000000e-08  1.02993764e-01 
 6.10025000e-08  1.12273177e-01 
 6.10075000e-08  1.32073327e-01 
 6.10175000e-08  1.80095373e-01 
 6.10337500e-08  2.92858162e-01 
 6.10500000e-08  4.89411611e-01 
 6.10525000e-08  5.33989822e-01 
 6.10575000e-08  6.34624139e-01 
 6.10675000e-08  9.00133130e-01 
 6.10837500e-08  1.49737215e+00 
 6.11000000e-08  2.22862818e+00 
 6.11025000e-08  2.33754197e+00 
 6.11075000e-08  2.53214641e+00 
 6.11175000e-08  2.82273620e+00 
 6.11337500e-08  3.09095343e+00 
 6.11500000e-08  3.20421821e+00 
 6.11525000e-08  3.21289259e+00 
 6.11575000e-08  3.22823110e+00 
 6.11675000e-08  3.24961130e+00 
 6.11837500e-08  3.26930476e+00 
 6.12000000e-08  3.27987972e+00 
 6.12025000e-08  3.28103124e+00 
 6.12075000e-08  3.28319575e+00 
 6.12175000e-08  3.28677636e+00 
 6.12337500e-08  3.29095149e+00 
 6.12500000e-08  3.29366540e+00 
 6.12525000e-08  3.29397366e+00 
 6.12575000e-08  3.29455262e+00 
 6.12675000e-08  3.29551182e+00 
 6.12837500e-08  3.29664171e+00 
 6.13000000e-08  3.29739986e+00 
 6.13025000e-08  3.29748943e+00 
 6.13075000e-08  3.29765964e+00 
 6.13175000e-08  3.29795327e+00 
 6.13337500e-08  3.29833052e+00 
 6.13500000e-08  3.29861943e+00 
 6.13525000e-08  3.29865653e+00 
 6.13575000e-08  3.29872641e+00 
 6.13675000e-08  3.29884819e+00 
 6.13837500e-08  3.29902237e+00 
 6.14000000e-08  3.29920726e+00 
 6.14025000e-08  3.29923698e+00 
 6.14075000e-08  3.29929491e+00 
 6.14175000e-08  3.29940341e+00 
 6.14337500e-08  3.29955421e+00 
 6.14500000e-08  3.29967404e+00 
 6.14525000e-08  3.29968975e+00 
 6.14575000e-08  3.29971946e+00 
 6.14675000e-08  3.29977094e+00 
 6.14837500e-08  3.29983441e+00 
 6.15000000e-08  3.29987605e+00 
 6.15025000e-08  3.29988072e+00 
 6.15075000e-08  3.29988919e+00 
 6.15175000e-08  3.29990291e+00 
 6.15337500e-08  3.29991855e+00 
 6.15500000e-08  3.29992832e+00 
 6.15525000e-08  3.29992957e+00 
 6.15575000e-08  3.29993169e+00 
 6.15675000e-08  3.29993537e+00 
 6.15837500e-08  3.29994046e+00 
 6.16000000e-08  3.29994665e+00 
 6.16025000e-08  3.29994773e+00 
 6.16075000e-08  3.29995006e+00 
 6.16175000e-08  3.29995639e+00 
 6.16337500e-08  3.29997276e+00 
 6.16500000e-08  3.29998495e+00 
 6.16525000e-08  3.29998459e+00 
 6.16575000e-08  3.29998323e+00 
 6.16675000e-08  3.29997706e+00 
 6.16837500e-08  3.29996326e+00 
 6.17000000e-08  3.29994989e+00 
 6.17025000e-08  3.29994818e+00 
 6.17075000e-08  3.29994487e+00 
 6.17175000e-08  3.29993910e+00 
 6.17337500e-08  3.29993191e+00 
 6.17500000e-08  3.29992708e+00 
 6.17525000e-08  3.29992668e+00 
 6.17575000e-08  3.29992601e+00 
 6.17675000e-08  3.29992532e+00 
 6.17837500e-08  3.29992385e+00 
 6.18000000e-08  3.29992201e+00 
 6.18025000e-08  3.29992196e+00 
 6.18075000e-08  3.29992172e+00 
 6.18175000e-08  3.29992202e+00 
 6.18337500e-08  3.29992617e+00 
 6.18500000e-08  3.29993458e+00 
 6.18525000e-08  3.29993642e+00 
 6.18575000e-08  3.29994036e+00 
 6.18675000e-08  3.29995015e+00 
 6.18837500e-08  3.29996954e+00 
 6.19000000e-08  3.29998908e+00 
 6.19025000e-08  3.29999163e+00 
 6.19075000e-08  3.29999609e+00 
 6.19175000e-08  3.30000277e+00 
 6.19337500e-08  3.30000746e+00 
 6.19500000e-08  3.30000267e+00 
 6.19525000e-08  3.30000155e+00 
 6.19575000e-08  3.29999922e+00 
 6.19675000e-08  3.29999480e+00 
 6.19837500e-08  3.29998866e+00 
 6.20000000e-08  3.29998352e+00 
 6.20025000e-08  3.29998273e+00 
 6.20075000e-08  3.29998126e+00 
 6.20175000e-08  3.29997673e+00 
 6.20337500e-08  3.29996429e+00 
 6.20500000e-08  3.29995452e+00 
 6.20525000e-08  3.29995486e+00 
 6.20575000e-08  3.29995577e+00 
 6.20675000e-08  3.29995823e+00 
 6.20837500e-08  3.29996704e+00 
 6.21000000e-08  3.29998667e+00 
 6.21025000e-08  3.29999108e+00 
 6.21075000e-08  3.30000107e+00 
 6.21175000e-08  3.30002535e+00 
 6.21337500e-08  3.30005224e+00 
 6.21500000e-08  3.30004018e+00 
 6.21525000e-08  3.30003319e+00 
 6.21575000e-08  3.30001655e+00 
 6.21675000e-08  3.29997234e+00 
 6.21837500e-08  3.29988297e+00 
 6.22000000e-08  3.29980042e+00 
 6.22025000e-08  3.29979072e+00 
 6.22075000e-08  3.29977160e+00 
 6.22175000e-08  3.29974197e+00 
 6.22337500e-08  3.29972537e+00 
 6.22500000e-08  3.29974071e+00 
 6.22525000e-08  3.29974597e+00 
 6.22575000e-08  3.29975759e+00 
 6.22675000e-08  3.29979558e+00 
 6.22837500e-08  3.29985039e+00 
 6.23000000e-08  3.29988685e+00 
 6.23025000e-08  3.29989026e+00 
 6.23075000e-08  3.29989596e+00 
 6.23175000e-08  3.29990949e+00 
 6.23337500e-08  3.29994015e+00 
 6.23500000e-08  3.29997391e+00 
 6.23525000e-08  3.29997849e+00 
 6.23575000e-08  3.29998659e+00 
 6.23675000e-08  3.29999814e+00 
 6.23837500e-08  3.30000694e+00 
 6.24000000e-08  3.30000370e+00 
 6.24025000e-08  3.30000239e+00 
 6.24075000e-08  3.29999917e+00 
 6.24175000e-08  3.29999078e+00 
 6.24337500e-08  3.29996978e+00 
 6.24500000e-08  3.29993780e+00 
 6.24525000e-08  3.29993169e+00 
 6.24575000e-08  3.29991757e+00 
 6.24675000e-08  3.29988338e+00 
 6.24837500e-08  3.29980971e+00 
 6.25000000e-08  3.29972069e+00 
 6.25025000e-08  3.29970877e+00 
 6.25075000e-08  3.29968582e+00 
 6.25175000e-08  3.29965513e+00 
 6.25337500e-08  3.29964426e+00 
 6.25500000e-08  3.29966805e+00 
 6.25525000e-08  3.29967444e+00 
 6.25575000e-08  3.29968703e+00 
 6.25675000e-08  3.29971852e+00 
 6.25837500e-08  3.29979440e+00 
 6.26000000e-08  3.29992457e+00 
 6.26025000e-08  3.29995192e+00 
 6.26075000e-08  3.30001235e+00 
 6.26175000e-08  3.30017194e+00 
 6.26337500e-08  3.30049032e+00 
 6.26500000e-08  3.30086263e+00 
 6.26525000e-08  3.30092246e+00 
 6.26575000e-08  3.30104269e+00 
 6.26675000e-08  3.30127726e+00 
 6.26837500e-08  3.30164359e+00 
 6.27000000e-08  3.30201021e+00 
 6.27025000e-08  3.30206695e+00 
 6.27075000e-08  3.30218165e+00 
 6.27175000e-08  3.30241997e+00 
 6.27337500e-08  3.30281667e+00 
 6.27500000e-08  3.30322344e+00 
 6.27525000e-08  3.30328732e+00 
 6.27575000e-08  3.30341713e+00 
 6.27675000e-08  3.30368092e+00 
 6.27837500e-08  3.30408922e+00 
 6.28000000e-08  3.30443077e+00 
 6.28025000e-08  3.30447366e+00 
 6.28075000e-08  3.30455771e+00 
 6.28175000e-08  3.30471857e+00 
 6.28337500e-08  3.30499350e+00 
 6.28500000e-08  3.30532790e+00 
 6.28525000e-08  3.30538771e+00 
 6.28575000e-08  3.30551393e+00 
 6.28675000e-08  3.30580221e+00 
 6.28837500e-08  3.30637759e+00 
 6.29000000e-08  3.30711474e+00 
 6.29025000e-08  3.30724633e+00 
 6.29075000e-08  3.30752338e+00 
 6.29175000e-08  3.30815421e+00 
 6.29337500e-08  3.30944583e+00 
 6.29500000e-08  3.31119304e+00 
 6.29525000e-08  3.31151895e+00 
 6.29575000e-08  3.31221751e+00 
 6.29675000e-08  3.31384346e+00 
 6.29837500e-08  3.31703119e+00 
 6.30000000e-08  3.31953679e+00 
 6.30025000e-08  3.31963435e+00 
 6.30075000e-08  3.31949500e+00 
 6.30175000e-08  3.31662316e+00 
 6.30337500e-08  3.30168787e+00 
 6.30500000e-08  3.27306657e+00 
 6.30525000e-08  3.26687715e+00 
 6.30575000e-08  3.25355785e+00 
 6.30675000e-08  3.22107094e+00 
 6.30837500e-08  3.14938143e+00 
 6.31000000e-08  3.04701003e+00 
 6.31025000e-08  3.02732277e+00 
 6.31075000e-08  2.98516029e+00 
 6.31175000e-08  2.88043295e+00 
 6.31337500e-08  2.58814261e+00 
 6.31500000e-08  2.07557029e+00 
 6.31525000e-08  1.97361747e+00 
 6.31575000e-08  1.75975817e+00 
 6.31675000e-08  1.27919076e+00 
 6.31837500e-08  5.47510336e-01 
 6.32000000e-08  1.46221566e-01 
 6.32021018e-08  1.26539209e-01 
 6.32063054e-08  9.34113549e-02 
 6.32147126e-08  5.46302962e-02 
 6.32315271e-08  2.53353754e-02 
 6.32500000e-08  1.55273549e-02 
 6.32525000e-08  1.46533437e-02 
 6.32575000e-08  1.29756547e-02 
 6.32675000e-08  1.01532267e-02 
 6.32837500e-08  6.78926341e-03 
 6.33000000e-08  4.51442679e-03 
 6.33025000e-08  4.24480296e-03 
 6.33075000e-08  3.73650851e-03 
 6.33175000e-08  2.88551475e-03 
 6.33337500e-08  1.87784698e-03 
 6.33500000e-08  1.21782347e-03 
 6.33525000e-08  1.14282678e-03 
 6.33575000e-08  1.00299224e-03 
 6.33675000e-08  7.74789725e-04 
 6.33837500e-08  5.15274653e-04 
 6.34000000e-08  3.52502840e-04 
 6.34025000e-08  3.34152196e-04 
 6.34075000e-08  2.99981702e-04 
 6.34175000e-08  2.43673153e-04 
 6.34337500e-08  1.78040901e-04 
 6.34500000e-08  1.34935596e-04 
 6.34525000e-08  1.29910761e-04 
 6.34575000e-08  1.20457239e-04 
 6.34675000e-08  1.04599340e-04 
 6.34837500e-08  8.53984164e-05 
 6.35000000e-08  7.17653674e-05 
 6.35025000e-08  7.00736482e-05 
 6.35075000e-08  6.68483350e-05 
 6.35175000e-08  6.10303092e-05 
 6.35337500e-08  5.25675493e-05 
 6.35500000e-08  4.50673585e-05 
 6.35525000e-08  4.39137983e-05 
 6.35575000e-08  4.16122484e-05 
 6.35675000e-08  3.71913193e-05 
 6.35837500e-08  3.14612446e-05 
 6.36000000e-08  2.55292700e-05 
 6.36025000e-08  2.41895860e-05 
 6.36075000e-08  2.11759588e-05 
 6.36175000e-08  1.51974669e-05 
 6.36337500e-08  8.63939998e-06 
 6.36500000e-08  7.11493739e-06 
 6.36525000e-08  7.15155242e-06 
 6.36575000e-08  7.10665404e-06 
 6.36675000e-08  7.13637601e-06 
 6.36837500e-08  7.67870613e-06 
 6.37000000e-08  8.58134699e-06 
 6.37025000e-08  8.85561396e-06 
 6.37075000e-08  9.41826587e-06 
 6.37175000e-08  1.07711751e-05 
 6.37337500e-08  1.20335396e-05 
 6.37500000e-08  1.05973774e-05 
 6.37525000e-08  1.00208692e-05 
 6.37575000e-08  8.57459715e-06 
 6.37675000e-08  4.72739705e-06 
 6.37837500e-08 -2.38510283e-06 
 6.38000000e-08 -8.00742089e-06 
 6.38025000e-08 -8.40811492e-06 
 6.38075000e-08 -9.02609819e-06 
 6.38175000e-08 -1.00020850e-05 
 6.38337500e-08 -9.71068236e-06 
 6.38500000e-08 -7.11035870e-06 
 6.38525000e-08 -6.34416079e-06 
 6.38575000e-08 -4.59719257e-06 
 6.38675000e-08  8.73897009e-07 
 6.38837500e-08  6.53289710e-06 
 6.39000000e-08  1.08714560e-05 
 6.39025000e-08  1.14235107e-05 
 6.39075000e-08  1.22047009e-05 
 6.39175000e-08  1.27179282e-05 
 6.39337500e-08  1.25944610e-05 
 6.39500000e-08  1.20090101e-05 
 6.39525000e-08  1.18761797e-05 
 6.39575000e-08  1.15376170e-05 
 6.39675000e-08  1.05719986e-05 
 6.39837500e-08  8.38309311e-06 
 6.40000000e-08  5.50962793e-06 
 6.40025000e-08  5.07863170e-06 
 6.40075000e-08  4.12746861e-06 
 6.40175000e-08  2.31188901e-06 
 6.40337500e-08 -7.36978836e-07 
 6.40500000e-08 -5.49180772e-06 
 6.40525000e-08 -6.49422070e-06 
 6.40575000e-08 -9.05530436e-06 
 6.40675000e-08 -1.48873380e-05 
 6.40837500e-08 -2.41807726e-05 
 6.41000000e-08 -2.77082029e-05 
 6.41025000e-08 -2.71741913e-05 
 6.41075000e-08 -2.60903033e-05 
 6.41175000e-08 -2.17068215e-05 
 6.41337500e-08 -9.97557347e-06 
 6.41500000e-08  1.03322126e-05 
 6.41525000e-08  1.45355416e-05 
 6.41575000e-08  2.35384672e-05 
 6.41675000e-08  4.46013097e-05 
 6.41837500e-08  8.02467515e-05 
 6.42000000e-08  1.13370098e-04 
 6.42025000e-08  1.16201000e-04 
 6.42075000e-08  1.21140201e-04 
 6.42175000e-08  1.27340505e-04 
 6.42337500e-08  1.27330347e-04 
 6.42500000e-08  1.16125315e-04 
 6.42525000e-08  1.14273198e-04 
 6.42575000e-08  1.10647887e-04 
 6.42675000e-08  1.04900435e-04 
 6.42837500e-08  9.44934344e-05 
 6.43000000e-08  7.55271782e-05 
 6.43025000e-08  7.00169809e-05 
 6.43075000e-08  5.87279174e-05 
 6.43175000e-08  3.41822197e-05 
 6.43337500e-08  9.46759079e-07 
 6.43500000e-08 -1.42546916e-05 
 6.43525000e-08 -1.41690322e-05 
 6.43575000e-08 -1.24869220e-05 
 6.43675000e-08 -3.33481816e-06 
 6.43837500e-08  2.39473679e-05 
 6.44000000e-08  7.18930255e-05 
 6.44025000e-08  8.11043792e-05 
 6.44075000e-08  1.01483470e-04 
 6.44175000e-08  1.42287450e-04 
 6.44337500e-08  1.87627742e-04 
 6.44500000e-08  1.81106384e-04 
 6.44525000e-08  1.72872227e-04 
 6.44575000e-08  1.51718792e-04 
 6.44675000e-08  7.25379500e-05 
 6.44837500e-08 -1.93129046e-04 
 6.45000000e-08 -6.37148422e-04 
 6.45025000e-08 -7.20247108e-04 
 6.45075000e-08 -8.91160573e-04 
 6.45175000e-08 -1.20404523e-03 
 6.45337500e-08 -1.76012301e-03 
 6.45500000e-08 -2.33622692e-03 
 6.45525000e-08 -2.41898378e-03 
 6.45575000e-08 -2.58328840e-03 
 6.45675000e-08 -2.90356913e-03 
 6.45837500e-08 -3.40814886e-03 
 6.46000000e-08 -3.90862248e-03 
 6.46025000e-08 -3.98639109e-03 
 6.46075000e-08 -4.14484169e-03 
 6.46175000e-08 -4.46703588e-03 
 6.46337500e-08 -5.02554879e-03 
 6.46500000e-08 -5.65314408e-03 
 6.46525000e-08 -5.75549202e-03 
 6.46575000e-08 -5.97289361e-03 
 6.46675000e-08 -6.43808429e-03 
 6.46837500e-08 -7.32286368e-03 
 6.47000000e-08 -8.48019537e-03 
 6.47025000e-08 -8.68540385e-03 
 6.47075000e-08 -9.14621488e-03 
 6.47175000e-08 -1.01626849e-02 
 6.47337500e-08 -1.19763671e-02 
 6.47500000e-08 -1.31936022e-02 
 6.47525000e-08 -1.31879924e-02 
 6.47575000e-08 -1.30053955e-02 
 6.47675000e-08 -1.12369648e-02 
 6.47837500e-08 -3.02221195e-03 
 6.48000000e-08  1.30478163e-02 
 6.48025000e-08  1.64691920e-02 
 6.48075000e-08  2.38684159e-02 
 6.48175000e-08  4.21963782e-02 
 6.48337500e-08  8.38125896e-02 
 6.48500000e-08  1.45183342e-01 
 6.48525000e-08  1.57143305e-01 
 6.48575000e-08  1.82758774e-01 
 6.48675000e-08  2.45878850e-01 
 6.48837500e-08  4.03333756e-01 
 6.49000000e-08  7.06146860e-01 
 6.49025000e-08  7.73332214e-01 
 6.49075000e-08  9.18208096e-01 
 6.49175000e-08  1.26661804e+00 
 6.49337500e-08  1.97026518e+00 
 6.49500000e-08  2.61938932e+00 
 6.49525000e-08  2.69275514e+00 
 6.49575000e-08  2.82369518e+00 
 6.49675000e-08  3.01127728e+00 
 6.49837500e-08  3.17302479e+00 
 6.50000000e-08  3.23689264e+00 
 6.50025000e-08  3.24177100e+00 
 6.50075000e-08  3.25054182e+00 
 6.50175000e-08  3.26345250e+00 
 6.50337500e-08  3.27658438e+00 
 6.50500000e-08  3.28438588e+00 
 6.50525000e-08  3.28525915e+00 
 6.50575000e-08  3.28690109e+00 
 6.50675000e-08  3.28961995e+00 
 6.50837500e-08  3.29279330e+00 
 6.51000000e-08  3.29486044e+00 
 6.51025000e-08  3.29509608e+00 
 6.51075000e-08  3.29553938e+00 
 6.51175000e-08  3.29627799e+00 
 6.51337500e-08  3.29715690e+00 
 6.51500000e-08  3.29775720e+00 
 6.51525000e-08  3.29782922e+00 
 6.51575000e-08  3.29796655e+00 
 6.51675000e-08  3.29820649e+00 
 6.51837500e-08  3.29852216e+00 
 6.52000000e-08  3.29876518e+00 
 6.52025000e-08  3.29879567e+00 
 6.52075000e-08  3.29885226e+00 
 6.52175000e-08  3.29895891e+00 
 6.52337500e-08  3.29913953e+00 
 6.52500000e-08  3.29932786e+00 
 6.52525000e-08  3.29935529e+00 
 6.52575000e-08  3.29940779e+00 
 6.52675000e-08  3.29950215e+00 
 6.52837500e-08  3.29962930e+00 
 6.53000000e-08  3.29973057e+00 
 6.53025000e-08  3.29974361e+00 
 6.53075000e-08  3.29976854e+00 
 6.53175000e-08  3.29981219e+00 
 6.53337500e-08  3.29986452e+00 
 6.53500000e-08  3.29989711e+00 
 6.53525000e-08  3.29990055e+00 
 6.53575000e-08  3.29990645e+00 
 6.53675000e-08  3.29991544e+00 
 6.53837500e-08  3.29992532e+00 
 6.54000000e-08  3.29993146e+00 
 6.54025000e-08  3.29993239e+00 
 6.54075000e-08  3.29993394e+00 
 6.54175000e-08  3.29993712e+00 
 6.54337500e-08  3.29994358e+00 
 6.54500000e-08  3.29995084e+00 
 6.54525000e-08  3.29995238e+00 
 6.54575000e-08  3.29995587e+00 
 6.54675000e-08  3.29996521e+00 
 6.54837500e-08  3.29997954e+00 
 6.55000000e-08  3.29998009e+00 
 6.55025000e-08  3.29997870e+00 
 6.55075000e-08  3.29997600e+00 
 6.55175000e-08  3.29997019e+00 
 6.55337500e-08  3.29995957e+00 
 6.55500000e-08  3.29994916e+00 
 6.55525000e-08  3.29994761e+00 
 6.55575000e-08  3.29994427e+00 
 6.55675000e-08  3.29993756e+00 
 6.55837500e-08  3.29992910e+00 
 6.56000000e-08  3.29992401e+00 
 6.56025000e-08  3.29992362e+00 
 6.56075000e-08  3.29992295e+00 
 6.56175000e-08  3.29992184e+00 
 6.56337500e-08  3.29992018e+00 
 6.56500000e-08  3.29992057e+00 
 6.56525000e-08  3.29992095e+00 
 6.56575000e-08  3.29992174e+00 
 6.56675000e-08  3.29992460e+00 
 6.56837500e-08  3.29993219e+00 
 6.57000000e-08  3.29994377e+00 
 6.57025000e-08  3.29994611e+00 
 6.57075000e-08  3.29995111e+00 
 6.57175000e-08  3.29996285e+00 
 6.57337500e-08  3.29998295e+00 
 6.57500000e-08  3.29999861e+00 
 6.57525000e-08  3.29999998e+00 
 6.57575000e-08  3.30000240e+00 
 6.57675000e-08  3.30000428e+00 
 6.57837500e-08  3.30000116e+00 
 6.58000000e-08  3.29999417e+00 
 6.58025000e-08  3.29999324e+00 
 6.58075000e-08  3.29999182e+00 
 6.58175000e-08  3.29999010e+00 
 6.58337500e-08  3.29998707e+00 
 6.58500000e-08  3.29998230e+00 
 6.58525000e-08  3.29998099e+00 
 6.58575000e-08  3.29997812e+00 
 6.58675000e-08  3.29997040e+00 
 6.58837500e-08  3.29995711e+00 
 6.59000000e-08  3.29995840e+00 
 6.59025000e-08  3.29995901e+00 
 6.59075000e-08  3.29996012e+00 
 6.59175000e-08  3.29996317e+00 
 6.59337500e-08  3.29997661e+00 
 6.59500000e-08  3.30000678e+00 
 6.59525000e-08  3.30001302e+00 
 6.59575000e-08  3.30002553e+00 
 6.59675000e-08  3.30004483e+00 
 6.59837500e-08  3.30004641e+00 
 6.60000000e-08  3.30000015e+00 
 6.60025000e-08  3.29998950e+00 
 6.60075000e-08  3.29996642e+00 
 6.60175000e-08  3.29991276e+00 
 6.60337500e-08  3.29982634e+00 
 6.60500000e-08  3.29976403e+00 
 6.60525000e-08  3.29975700e+00 
 6.60575000e-08  3.29974411e+00 
 6.60675000e-08  3.29973020e+00 
 6.60837500e-08  3.29973506e+00 
 6.61000000e-08  3.29976893e+00 
 6.61025000e-08  3.29977956e+00 
 6.61075000e-08  3.29979953e+00 
 6.61175000e-08  3.29983347e+00 
 6.61337500e-08  3.29987716e+00 
 6.61500000e-08  3.29990024e+00 
 6.61525000e-08  3.29990346e+00 
 6.61575000e-08  3.29990971e+00 
 6.61675000e-08  3.29992700e+00 
 6.61837500e-08  3.29996036e+00 
 6.62000000e-08  3.29998834e+00 
 6.62025000e-08  3.29999154e+00 
 6.62075000e-08  3.29999708e+00 
 6.62175000e-08  3.30000449e+00 
 6.62337500e-08  3.30000519e+00 
 6.62500000e-08  3.29999475e+00 
 6.62525000e-08  3.29999270e+00 
 6.62575000e-08  3.29998790e+00 
 6.62675000e-08  3.29997576e+00 
 6.62837500e-08  3.29994785e+00 
 6.63000000e-08  3.29990513e+00 
 6.63025000e-08  3.29989683e+00 
 6.63075000e-08  3.29987745e+00 
 6.63175000e-08  3.29983116e+00 
 6.63337500e-08  3.29974271e+00 
 6.63500000e-08  3.29966800e+00 
 6.63525000e-08  3.29966138e+00 
 6.63575000e-08  3.29964952e+00 
 6.63675000e-08  3.29963985e+00 
 6.63837500e-08  3.29965299e+00 
 6.64000000e-08  3.29969168e+00 
 6.64025000e-08  3.29970049e+00 
 6.64075000e-08  3.29971901e+00 
 6.64175000e-08  3.29976768e+00 
 6.64337500e-08  3.29988852e+00 
 6.64500000e-08  3.30009124e+00 
 6.64525000e-08  3.30013310e+00 
 6.64575000e-08  3.30022031e+00 
 6.64675000e-08  3.30041599e+00 
 6.64837500e-08  3.30077844e+00 
 6.65000000e-08  3.30116633e+00 
 6.65025000e-08  3.30122269e+00 
 6.65075000e-08  3.30133667e+00 
 6.65175000e-08  3.30155880e+00 
 6.65337500e-08  3.30192440e+00 
 6.65500000e-08  3.30229891e+00 
 6.65525000e-08  3.30235836e+00 
 6.65575000e-08  3.30247819e+00 
 6.65675000e-08  3.30272091e+00 
 6.65837500e-08  3.30312246e+00 
 6.66000000e-08  3.30353835e+00 
 6.66025000e-08  3.30360298e+00 
 6.66075000e-08  3.30373332e+00 
 6.66175000e-08  3.30398573e+00 
 6.66337500e-08  3.30434267e+00 
 6.66500000e-08  3.30463108e+00 
 6.66525000e-08  3.30467041e+00 
 6.66575000e-08  3.30475044e+00 
 6.66675000e-08  3.30491974e+00 
 6.66837500e-08  3.30524068e+00 
 6.67000000e-08  3.30564815e+00 
 6.67025000e-08  3.30572120e+00 
 6.67075000e-08  3.30587496e+00 
 6.67175000e-08  3.30622405e+00 
 6.67337500e-08  3.30691834e+00 
 6.67500000e-08  3.30781109e+00 
 6.67525000e-08  3.30797070e+00 
 6.67575000e-08  3.30830785e+00 
 6.67675000e-08  3.30908137e+00 
 6.67837500e-08  3.31069176e+00 
 6.68000000e-08  3.31292262e+00 
 6.68025000e-08  3.31333965e+00 
 6.68075000e-08  3.31423057e+00 
 6.68175000e-08  3.31621881e+00 
 6.68337500e-08  3.31916778e+00 
 6.68500000e-08  3.31845237e+00 
 6.68525000e-08  3.31760397e+00 
 6.68575000e-08  3.31532139e+00 
 6.68675000e-08  3.30683589e+00 
 6.68837500e-08  3.28176508e+00 
 6.69000000e-08  3.23954543e+00 
 6.69025000e-08  3.23102594e+00 
 6.69075000e-08  3.21292566e+00 
 6.69175000e-08  3.16993731e+00 
 6.69337500e-08  3.07653407e+00 
 6.69500000e-08  2.94008127e+00 
 6.69525000e-08  2.91290418e+00 
 6.69575000e-08  2.85310310e+00 
 6.69675000e-08  2.68792011e+00 
 6.69837500e-08  2.23245812e+00 
 6.70000000e-08  1.55496420e+00 
 6.70025000e-08  1.43072097e+00 
 6.70075000e-08  1.17614665e+00 
 6.70175000e-08  6.91539667e-01 
 6.70337500e-08  2.04295105e-01 
 6.70418750e-08  1.08283927e-01 
 6.70500000e-08  6.26522871e-02 
 6.70516250e-08  5.76237788e-02 
 6.70548750e-08  4.87539834e-02 
 6.70613750e-08  3.65077014e-02 
 6.70743750e-08  2.28528383e-02 
 6.70871875e-08  1.59707830e-02 
 6.71000000e-08  1.15427357e-02 
 6.71025000e-08  1.08847838e-02 
 6.71075000e-08  9.63434033e-03 
 6.71175000e-08  7.53364868e-03 
 6.71337500e-08  5.01468469e-03 
 6.71500000e-08  3.30222020e-03 
 6.71525000e-08  3.10121435e-03 
 6.71575000e-08  2.72330866e-03 
 6.71675000e-08  2.09511998e-03 
 6.71837500e-08  1.35987479e-03 
 6.72000000e-08  8.85247123e-04 
 6.72025000e-08  8.31795273e-04 
 6.72075000e-08  7.32334937e-04 
 6.72175000e-08  5.70495288e-04 
 6.72337500e-08  3.87027226e-04 
 6.72500000e-08  2.70819757e-04 
 6.72525000e-08  2.57595662e-04 
 6.72575000e-08  2.32935485e-04 
 6.72675000e-08  1.92253741e-04 
 6.72837500e-08  1.44545453e-04 
 6.73000000e-08  1.12800118e-04 
 6.73025000e-08  1.09063638e-04 
 6.73075000e-08  1.02021136e-04 
 6.73175000e-08  9.01281566e-05 
 6.73337500e-08  7.53121220e-05 
 6.73500000e-08  6.41530333e-05 
 6.73525000e-08  6.26400612e-05 
 6.73575000e-08  5.96235270e-05 
 6.73675000e-08  5.40130284e-05 
 6.73837500e-08  4.59688705e-05 
 6.74000000e-08  3.86859630e-05 
 6.74025000e-08  3.77056007e-05 
 6.74075000e-08  3.57910438e-05 
 6.74175000e-08  3.23427007e-05 
 6.74337500e-08  2.71480205e-05 
 6.74500000e-08  1.79159470e-05 
 6.74525000e-08  1.63713067e-05 
 6.74575000e-08  1.33484489e-05 
 6.74675000e-08  9.27951977e-06 
 6.74837500e-08  6.94938035e-06 
 6.75000000e-08  7.71262081e-06 
 6.75025000e-08  7.94256575e-06 
 6.75075000e-08  8.26998019e-06 
 6.75175000e-08  8.84369316e-06 
 6.75337500e-08  9.68087380e-06 
 6.75500000e-08  1.06853960e-05 
 6.75525000e-08  1.09330854e-05 
 6.75575000e-08  1.13724183e-05 
 6.75675000e-08  1.20250023e-05 
 6.75837500e-08  1.11105201e-05 
 6.76000000e-08  7.00735730e-06 
 6.76025000e-08  6.03659785e-06 
 6.76075000e-08  3.87578297e-06 
 6.76175000e-08 -8.29812730e-07 
 6.76337500e-08 -7.25323629e-06 
 6.76500000e-08 -9.62344150e-06 
 6.76525000e-08 -9.63944955e-06 
 6.76575000e-08 -9.58165001e-06 
 6.76675000e-08 -8.89845873e-06 
 6.76837500e-08 -6.41869393e-06 
 6.77000000e-08 -2.13477036e-06 
 6.77025000e-08 -1.01763396e-06 
 6.77075000e-08  8.10467148e-07 
 6.77175000e-08  3.48300855e-06 
 6.77337500e-08  7.37485766e-06 
 6.77500000e-08  1.08353193e-05 
 6.77525000e-08  1.11570390e-05 
 6.77575000e-08  1.16134671e-05 
 6.77675000e-08  1.20575643e-05 
 6.77837500e-08  1.20620047e-05 
 6.78000000e-08  1.10446572e-05 
 6.78025000e-08  1.07804818e-05 
 6.78075000e-08  1.01580289e-05 
 6.78175000e-08  8.67095288e-06 
 6.78337500e-08  5.93270148e-06 
 6.78500000e-08  2.57369311e-06 
 6.78525000e-08  2.03112181e-06 
 6.78575000e-08  9.33014231e-07 
 6.78675000e-08 -1.29058679e-06 
 6.78837500e-08 -5.75001177e-06 
 6.79000000e-08 -1.24567105e-05 
 6.79025000e-08 -1.36370586e-05 
 6.79075000e-08 -1.63081394e-05 
 6.79175000e-08 -2.07861645e-05 
 6.79337500e-08 -2.42443411e-05 
 6.79500000e-08 -2.13217890e-05 
 6.79525000e-08 -2.01541467e-05 
 6.79575000e-08 -1.80317253e-05 
 6.79675000e-08 -1.20064136e-05 
 6.79837500e-08  5.07614425e-06 
 6.80000000e-08  3.35440876e-05 
 6.80025000e-08  3.90565104e-05 
 6.80075000e-08  5.03157391e-05 
 6.80175000e-08  7.29731094e-05 
 6.80337500e-08  1.07435614e-04 
 6.80500000e-08  1.26110346e-04 
 6.80525000e-08  1.27096404e-04 
 6.80575000e-08  1.28555201e-04 
 6.80675000e-08  1.28001241e-04 
 6.80837500e-08  1.17597961e-04 
 6.81000000e-08  1.06424767e-04 
 6.81025000e-08  1.05242833e-04 
 6.81075000e-08  1.03038440e-04 
 6.81175000e-08  9.78218830e-05 
 6.81337500e-08  8.22657091e-05 
 6.81500000e-08  4.88855298e-05 
 6.81525000e-08  4.19179607e-05 
 6.81575000e-08  2.87502271e-05 
 6.81675000e-08  6.65853891e-06 
 6.81837500e-08 -1.34325768e-05 
 6.82000000e-08 -1.15521801e-05 
 6.82025000e-08 -9.30483901e-06 
 6.82075000e-08 -3.30442392e-06 
 6.82175000e-08  1.36035038e-05 
 6.82337500e-08  5.62981649e-05 
 6.82500000e-08  1.20145810e-04 
 6.82525000e-08  1.30119401e-04 
 6.82575000e-08  1.50034518e-04 
 6.82675000e-08  1.79933968e-04 
 6.82837500e-08  1.88175996e-04 
 6.83000000e-08  1.19754941e-04 
 6.83025000e-08  9.81242597e-05 
 6.83075000e-08  4.68518712e-05 
 6.83175000e-08 -1.13408258e-04 
 6.83337500e-08 -5.19442195e-04 
 6.83500000e-08 -1.05358874e-03 
 6.83525000e-08 -1.12300965e-03 
 6.83575000e-08 -1.27421954e-03 
 6.83675000e-08 -1.61803167e-03 
 6.83837500e-08 -2.18942854e-03 
 6.84000000e-08 -2.72920288e-03 
 6.84025000e-08 -2.80821036e-03 
 6.84075000e-08 -2.96582397e-03 
 6.84175000e-08 -3.27650371e-03 
 6.84337500e-08 -3.77787921e-03 
 6.84500000e-08 -4.29580590e-03 
 6.84525000e-08 -4.37552468e-03 
 6.84575000e-08 -4.54115195e-03 
 6.84675000e-08 -4.89039182e-03 
 6.84837500e-08 -5.50635769e-03 
 6.85000000e-08 -6.20947022e-03 
 6.85025000e-08 -6.32590013e-03 
 6.85075000e-08 -6.57707250e-03 
 6.85175000e-08 -7.12215297e-03 
 6.85337500e-08 -8.19709159e-03 
 6.85500000e-08 -9.63429589e-03 
 6.85525000e-08 -9.88263231e-03 
 6.85575000e-08 -1.04309934e-02 
 6.85675000e-08 -1.15672807e-02 
 6.85837500e-08 -1.30627530e-02 
 6.86000000e-08 -1.23413465e-02 
 6.86025000e-08 -1.18111807e-02 
 6.86075000e-08 -1.04454919e-02 
 6.86175000e-08 -5.65477486e-03 
 6.86337500e-08  8.53699951e-03 
 6.86500000e-08  3.24560796e-02 
 6.86525000e-08  3.73062848e-02 
 6.86575000e-08  4.76821821e-02 
 6.86675000e-08  7.28049959e-02 
 6.86837500e-08  1.29000209e-01 
 6.87000000e-08  2.12801405e-01 
 6.87025000e-08  2.29424553e-01 
 6.87075000e-08  2.65396999e-01 
 6.87175000e-08  3.57565918e-01 
 6.87337500e-08  6.18825119e-01 
 6.87500000e-08  1.07891175e+00 
 6.87525000e-08  1.17103373e+00 
 6.87575000e-08  1.36451848e+00 
 6.87675000e-08  1.79958715e+00 
 6.87837500e-08  2.49330642e+00 
 6.88000000e-08  2.93255078e+00 
 6.88025000e-08  2.97315935e+00 
 6.88075000e-08  3.04509072e+00 
 6.88175000e-08  3.14474287e+00 
 6.88337500e-08  3.22668528e+00 
 6.88500000e-08  3.25851359e+00 
 6.88525000e-08  3.26122892e+00 
 6.88575000e-08  3.26623093e+00 
 6.88675000e-08  3.27410544e+00 
 6.88837500e-08  3.28285642e+00 
 6.89000000e-08  3.28840403e+00 
 6.89025000e-08  3.28903273e+00 
 6.89075000e-08  3.29021456e+00 
 6.89175000e-08  3.29217123e+00 
 6.89337500e-08  3.29445568e+00 
 6.89500000e-08  3.29594635e+00 
 6.89525000e-08  3.29611724e+00 
 6.89575000e-08  3.29643941e+00 
 6.89675000e-08  3.29697967e+00 
 6.89837500e-08  3.29763351e+00 
 6.90000000e-08  3.29809459e+00 
 6.90025000e-08  3.29815151e+00 
 6.90075000e-08  3.29826072e+00 
 6.90175000e-08  3.29845508e+00 
 6.90337500e-08  3.29871456e+00 
 6.90500000e-08  3.29890849e+00 
 6.90525000e-08  3.29893494e+00 
 6.90575000e-08  3.29898671e+00 
 6.90675000e-08  3.29909614e+00 
 6.90837500e-08  3.29928236e+00 
 6.91000000e-08  3.29945580e+00 
 6.91025000e-08  3.29947930e+00 
 6.91075000e-08  3.29952382e+00 
 6.91175000e-08  3.29960248e+00 
 6.91337500e-08  3.29970894e+00 
 6.91500000e-08  3.29978886e+00 
 6.91525000e-08  3.29979903e+00 
 6.91575000e-08  3.29981835e+00 
 6.91675000e-08  3.29985147e+00 
 6.91837500e-08  3.29988985e+00 
 6.92000000e-08  3.29991314e+00 
 6.92025000e-08  3.29991562e+00 
 6.92075000e-08  3.29991975e+00 
 6.92175000e-08  3.29992533e+00 
 6.92337500e-08  3.29993078e+00 
 6.92500000e-08  3.29993435e+00 
 6.92525000e-08  3.29993500e+00 
 6.92575000e-08  3.29993610e+00 
 6.92675000e-08  3.29993958e+00 
 6.92837500e-08  3.29994536e+00 
 6.93000000e-08  3.29995630e+00 
 6.93025000e-08  3.29995911e+00 
 6.93075000e-08  3.29996551e+00 
 6.93175000e-08  3.29997712e+00 
 6.93337500e-08  3.29998431e+00 
 6.93500000e-08  3.29997675e+00 
 6.93525000e-08  3.29997466e+00 
 6.93575000e-08  3.29997031e+00 
 6.93675000e-08  3.29996120e+00 
 6.93837500e-08  3.29994781e+00 
 6.94000000e-08  3.29993772e+00 
 6.94025000e-08  3.29993663e+00 
 6.94075000e-08  3.29993461e+00 
 6.94175000e-08  3.29993147e+00 
 6.94337500e-08  3.29992788e+00 
 6.94500000e-08  3.29992521e+00 
 6.94525000e-08  3.29992483e+00 
 6.94575000e-08  3.29992387e+00 
 6.94675000e-08  3.29992208e+00 
 6.94837500e-08  3.29992129e+00 
 6.95000000e-08  3.29992367e+00 
 6.95025000e-08  3.29992446e+00 
 6.95075000e-08  3.29992592e+00 
 6.95175000e-08  3.29992960e+00 
 6.95337500e-08  3.29993877e+00 
 6.95500000e-08  3.29995353e+00 
 6.95525000e-08  3.29995650e+00 
 6.95575000e-08  3.29996273e+00 
 6.95675000e-08  3.29997605e+00 
 6.95837500e-08  3.29999465e+00 
 6.96000000e-08  3.30000509e+00 
 6.96025000e-08  3.30000579e+00 
 6.96075000e-08  3.30000680e+00 
 6.96175000e-08  3.30000593e+00 
 6.96337500e-08  3.29999995e+00 
 6.96500000e-08  3.29999417e+00 
 6.96525000e-08  3.29999327e+00 
 6.96575000e-08  3.29999153e+00 
 6.96675000e-08  3.29998820e+00 
 6.96837500e-08  3.29998232e+00 
 6.97000000e-08  3.29997291e+00 
 6.97025000e-08  3.29997063e+00 
 6.97075000e-08  3.29996606e+00 
 6.97175000e-08  3.29995733e+00 
 6.97337500e-08  3.29995491e+00 
 6.97500000e-08  3.29995961e+00 
 6.97525000e-08  3.29996044e+00 
 6.97575000e-08  3.29996273e+00 
 6.97675000e-08  3.29997093e+00 
 6.97837500e-08  3.29999631e+00 
 6.98000000e-08  3.30003474e+00 
 6.98025000e-08  3.30003961e+00 
 6.98075000e-08  3.30004803e+00 
 6.98175000e-08  3.30005332e+00 
 6.98337500e-08  3.30002300e+00 
 6.98500000e-08  3.29995019e+00 
 6.98525000e-08  3.29993582e+00 
 6.98575000e-08  3.29990642e+00 
 6.98675000e-08  3.29984804e+00 
 6.98837500e-08  3.29977605e+00 
 6.99000000e-08  3.29973014e+00 
 6.99025000e-08  3.29972732e+00 
 6.99075000e-08  3.29972374e+00 
 6.99175000e-08  3.29972625e+00 
 6.99337500e-08  3.29975274e+00 
 6.99500000e-08  3.29981177e+00 
 6.99525000e-08  3.29982043e+00 
 6.99575000e-08  3.29983691e+00 
 6.99675000e-08  3.29986637e+00 
 6.99837500e-08  3.29989704e+00 
 7.00000000e-08  3.29991879e+00 
 7.00025000e-08  3.29992468e+00 
 7.00075000e-08  3.29993590e+00 
 7.00175000e-08  3.29995744e+00 
 7.00337500e-08  3.29998622e+00 
 7.00500000e-08  3.30000430e+00 
 7.00525000e-08  3.30000587e+00 
 7.00575000e-08  3.30000776e+00 
 7.00675000e-08  3.30000732e+00 
 7.00837500e-08  3.29999800e+00 
 7.01000000e-08  3.29998123e+00 
 7.01025000e-08  3.29997804e+00 
 7.01075000e-08  3.29997089e+00 
 7.01175000e-08  3.29995401e+00 
 7.01337500e-08  3.29991662e+00 
 7.01500000e-08  3.29985949e+00 
 7.01525000e-08  3.29984850e+00 
 7.01575000e-08  3.29982335e+00 
 7.01675000e-08  3.29976802e+00 
 7.01837500e-08  3.29968549e+00 
 7.02000000e-08  3.29964358e+00 
 7.02025000e-08  3.29964298e+00 
 7.02075000e-08  3.29964282e+00 
 7.02175000e-08  3.29965297e+00 
 7.02337500e-08  3.29968818e+00 
 7.02500000e-08  3.29974514e+00 
 7.02525000e-08  3.29975669e+00 
 7.02575000e-08  3.29978103e+00 
 7.02675000e-08  3.29984457e+00 
 7.02837500e-08  3.30000644e+00 
 7.03000000e-08  3.30027720e+00 
 7.03025000e-08  3.30032656e+00 
 7.03075000e-08  3.30042903e+00 
 7.03175000e-08  3.30065288e+00 
 7.03337500e-08  3.30104222e+00 
 7.03500000e-08  3.30142371e+00 
 7.03525000e-08  3.30147554e+00 
 7.03575000e-08  3.30158248e+00 
 7.03675000e-08  3.30180467e+00 
 7.03837500e-08  3.30216927e+00 
 7.04000000e-08  3.30255412e+00 
 7.04025000e-08  3.30261515e+00 
 7.04075000e-08  3.30273714e+00 
 7.04175000e-08  3.30298441e+00 
 7.04337500e-08  3.30339843e+00 
 7.04500000e-08  3.30382305e+00 
 7.04525000e-08  3.30388636e+00 
 7.04575000e-08  3.30401177e+00 
 7.04675000e-08  3.30424171e+00 
 7.04837500e-08  3.30455259e+00 
 7.05000000e-08  3.30482070e+00 
 7.05025000e-08  3.30486125e+00 
 7.05075000e-08  3.30494547e+00 
 7.05175000e-08  3.30513321e+00 
 7.05337500e-08  3.30550776e+00 
 7.05500000e-08  3.30599340e+00 
 7.05525000e-08  3.30608058e+00 
 7.05575000e-08  3.30626392e+00 
 7.05675000e-08  3.30668002e+00 
 7.05837500e-08  3.30751308e+00 
 7.06000000e-08  3.30859928e+00 
 7.06025000e-08  3.30879590e+00 
 7.06075000e-08  3.30921326e+00 
 7.06175000e-08  3.31017670e+00 
 7.06337500e-08  3.31219642e+00 
 7.06500000e-08  3.31495370e+00 
 7.06525000e-08  3.31545027e+00 
 7.06575000e-08  3.31647937e+00 
 7.06675000e-08  3.31845937e+00 
 7.06837500e-08  3.31937800e+00 
 7.07000000e-08  3.31267416e+00 
 7.07025000e-08  3.31046139e+00 
 7.07075000e-08  3.30528907e+00 
 7.07175000e-08  3.29112942e+00 
 7.07337500e-08  3.25473105e+00 
 7.07500000e-08  3.19819640e+00 
 7.07525000e-08  3.18722290e+00 
 7.07575000e-08  3.16399647e+00 
 7.07675000e-08  3.10916052e+00 
 7.07837500e-08  2.98871309e+00 
 7.08000000e-08  2.79884239e+00 
 7.08025000e-08  2.75732464e+00 
 7.08075000e-08  2.66162437e+00 
 7.08175000e-08  2.39979967e+00 
 7.08337500e-08  1.78885750e+00 
 7.08500000e-08  9.97483335e-01 
 7.08525000e-08  8.71013756e-01 
 7.08575000e-08  6.40027212e-01 
 7.08675000e-08  3.08842124e-01 
 7.08837158e-08  7.78136169e-02 
 7.09000000e-08  3.26360848e-02 
 7.09025000e-08  3.05895316e-02 
 7.09075000e-08  2.66138572e-02 
 7.09175000e-08  2.01554157e-02 
 7.09337500e-08  1.30733809e-02 
 7.09500000e-08  8.76806439e-03 
 7.09525000e-08  8.27009880e-03 
 7.09575000e-08  7.32412198e-03 
 7.09675000e-08  5.72199524e-03 
 7.09837500e-08  3.78649511e-03 
 7.10000000e-08  2.47601330e-03 
 7.10025000e-08  2.32374697e-03 
 7.10075000e-08  2.03789033e-03 
 7.10175000e-08  1.56469084e-03 
 7.10337500e-08  1.01567342e-03 
 7.10500000e-08  6.65462521e-04 
 7.10525000e-08  6.26467227e-04 
 7.10575000e-08  5.54156949e-04 
 7.10675000e-08  4.36776361e-04 
 7.10837500e-08  3.03027682e-04 
 7.11000000e-08  2.17021595e-04 
 7.11025000e-08  2.07150193e-04 
 7.11075000e-08  1.88672515e-04 
 7.11175000e-08  1.57959633e-04 
 7.11337500e-08  1.21535485e-04 
 7.11500000e-08  9.69885304e-05 
 7.11525000e-08  9.40928402e-05 
 7.11575000e-08  8.86368535e-05 
 7.11675000e-08  7.93854316e-05 
 7.11837500e-08  6.75150906e-05 
 7.12000000e-08  5.79870752e-05 
 7.12025000e-08  5.66189697e-05 
 7.12075000e-08  5.39351057e-05 
 7.12175000e-08  4.88543153e-05 
 7.12337500e-08  4.12014316e-05 
 7.12500000e-08  3.46300232e-05 
 7.12525000e-08  3.37975480e-05 
 7.12575000e-08  3.25753560e-05 
 7.12675000e-08  2.96996096e-05 
 7.12837500e-08  2.20619524e-05 
 7.13000000e-08  1.19244284e-05 
 7.13025000e-08  1.09964648e-05 
 7.13075000e-08  9.21437128e-06 
 7.13175000e-08  7.09314186e-06 
 7.13337500e-08  6.54381283e-06 
 7.13500000e-08  7.65299299e-06 
 7.13525000e-08  7.86834778e-06 
 7.13575000e-08  8.16000371e-06 
 7.13675000e-08  8.68481575e-06 
 7.13837500e-08  9.60673477e-06 
 7.14000000e-08  1.07938692e-05 
 7.14025000e-08  1.09912420e-05 
 7.14075000e-08  1.12338843e-05 
 7.14175000e-08  1.10545895e-05 
 7.14337500e-08  8.23063700e-06 
 7.14500000e-08  2.40466946e-06 
 7.14525000e-08  1.30391097e-06 
 7.14575000e-08 -1.01798370e-06 
 7.14675000e-08 -5.29648990e-06 
 7.14837500e-08 -9.14960509e-06 
 7.15000000e-08 -9.48754755e-06 
 7.15025000e-08 -9.31179360e-06 
 7.15075000e-08 -8.87351248e-06 
 7.15175000e-08 -7.39337040e-06 
 7.15337500e-08 -3.76553405e-06 
 7.15500000e-08  2.54624527e-06 
 7.15525000e-08  3.04715331e-06 
 7.15575000e-08  4.08126270e-06 
 7.15675000e-08  6.36883241e-06 
 7.15837500e-08  1.00896703e-05 
 7.16000000e-08  1.19688763e-05 
 7.16025000e-08  1.21464852e-05 
 7.16075000e-08  1.24458875e-05 
 7.16175000e-08  1.27382366e-05 
 7.16337500e-08  1.20990810e-05 
 7.16500000e-08  1.02723965e-05 
 7.16525000e-08  9.92864865e-06 
 7.16575000e-08  9.17675401e-06 
 7.16675000e-08  7.53439145e-06 
 7.16837500e-08  4.25543648e-06 
 7.17000000e-08  7.21916987e-07 
 7.17025000e-08  3.16968859e-07 
 7.17075000e-08 -7.57437532e-07 
 7.17175000e-08 -3.34110557e-06 
 7.17337500e-08 -8.94597409e-06 
 7.17500000e-08 -1.73994765e-05 
 7.17525000e-08 -1.87398920e-05 
 7.17575000e-08 -2.16448805e-05 
 7.17675000e-08 -2.53612711e-05 
 7.17837500e-08 -2.51990094e-05 
 7.18000000e-08 -1.83180299e-05 
 7.18025000e-08 -1.65639416e-05 
 7.18075000e-08 -1.30839026e-05 
 7.18175000e-08 -3.45874015e-06 
 7.18337500e-08  2.13184357e-05 
 7.18500000e-08  5.67459189e-05 
 7.18525000e-08  6.26585323e-05 
 7.18575000e-08  7.43312989e-05 
 7.18675000e-08  9.73069282e-05 
 7.18837500e-08  1.24998603e-04 
 7.19000000e-08  1.31896334e-04 
 7.19025000e-08  1.31870199e-04 
 7.19075000e-08  1.30041787e-04 
 7.19175000e-08  1.24671434e-04 
 7.19337500e-08  1.12273190e-04 
 7.19500000e-08  1.02184168e-04 
 7.19525000e-08  1.00884175e-04 
 7.19575000e-08  9.85168919e-05 
 7.19675000e-08  8.98333981e-05 
 7.19837500e-08  6.00421937e-05 
 7.20000000e-08  1.98609926e-05 
 7.20025000e-08  1.41137387e-05 
 7.20075000e-08  4.02487836e-06 
 7.20175000e-08 -9.76508333e-06 
 7.20337500e-08 -1.36594834e-05 
 7.20500000e-08  2.17060828e-06 
 7.20525000e-08  6.14140338e-06 
 7.20575000e-08  1.58408595e-05 
 7.20675000e-08  4.15855488e-05 
 7.20837500e-08  1.00315689e-04 
 7.21000000e-08  1.63823679e-04 
 7.21025000e-08  1.70687649e-04 
 7.21075000e-08  1.82749471e-04 
 7.21175000e-08  1.91165756e-04 
 7.21337500e-08  1.47864419e-04 
 7.21500000e-08 -1.05326397e-05 
 7.21525000e-08 -5.34015422e-05 
 7.21575000e-08 -1.48427515e-04 
 7.21675000e-08 -3.93394952e-04 
 7.21837500e-08 -9.10547835e-04 
 7.22000000e-08 -1.42542248e-03 
 7.22025000e-08 -1.51441632e-03 
 7.22075000e-08 -1.69248909e-03 
 7.22175000e-08 -2.04490244e-03 
 7.22337500e-08 -2.59246201e-03 
 7.22500000e-08 -3.11017617e-03 
 7.22525000e-08 -3.18728565e-03 
 7.22575000e-08 -3.34234042e-03 
 7.22675000e-08 -3.65103128e-03 
 7.22837500e-08 -4.16255772e-03 
 7.23000000e-08 -4.69557230e-03 
 7.23025000e-08 -4.78081002e-03 
 7.23075000e-08 -4.95788244e-03 
 7.23175000e-08 -5.32983046e-03 
 7.23337500e-08 -5.99750585e-03 
 7.23500000e-08 -6.78626275e-03 
 7.23525000e-08 -6.91935837e-03 
 7.23575000e-08 -7.21236992e-03 
 7.23675000e-08 -7.86387846e-03 
 7.23837500e-08 -9.18789917e-03 
 7.24000000e-08 -1.09009937e-02 
 7.24025000e-08 -1.11767907e-02 
 7.24075000e-08 -1.17613840e-02 
 7.24175000e-08 -1.27817143e-02 
 7.24337500e-08 -1.29267706e-02 
 7.24500000e-08 -8.69389333e-03 
 7.24525000e-08 -7.39966977e-03 
 7.24575000e-08 -4.42380084e-03 
 7.24675000e-08  3.80050681e-03 
 7.24837500e-08  2.47038512e-02 
 7.25000000e-08  5.76705705e-02 
 7.25025000e-08  6.41338591e-02 
 7.25075000e-08  7.79120735e-02 
 7.25175000e-08  1.11070354e-01 
 7.25337500e-08  1.85862579e-01 
 7.25500000e-08  3.01401825e-01 
 7.25525000e-08  3.25117558e-01 
 7.25575000e-08  3.77529300e-01 
 7.25675000e-08  5.23074223e-01 
 7.25837500e-08  9.25282480e-01 
 7.26000000e-08  1.53320634e+00 
 7.26025000e-08  1.64529234e+00 
 7.26075000e-08  1.87531117e+00 
 7.26175000e-08  2.33128379e+00 
 7.26337500e-08  2.84345851e+00 
 7.26500000e-08  3.10021508e+00 
 7.26525000e-08  3.12147600e+00 
 7.26575000e-08  3.15894313e+00 
 7.26675000e-08  3.20989005e+00 
 7.26837500e-08  3.25196900e+00 
 7.27000000e-08  3.27023254e+00 
 7.27025000e-08  3.27202088e+00 
 7.27075000e-08  3.27536172e+00 
 7.27175000e-08  3.28080856e+00 
 7.27337500e-08  3.28708763e+00 
 7.27500000e-08  3.29114738e+00 
 7.27525000e-08  3.29160957e+00 
 7.27575000e-08  3.29247730e+00 
 7.27675000e-08  3.29391225e+00 
 7.27837500e-08  3.29558942e+00 
 7.28000000e-08  3.29669291e+00 
 7.28025000e-08  3.29682073e+00 
 7.28075000e-08  3.29706234e+00 
 7.28175000e-08  3.29747147e+00 
 7.28337500e-08  3.29797780e+00 
 7.28500000e-08  3.29834808e+00 
 7.28525000e-08  3.29839496e+00 
 7.28575000e-08  3.29848493e+00 
 7.28675000e-08  3.29864558e+00 
 7.28837500e-08  3.29885563e+00 
 7.29000000e-08  3.29902732e+00 
 7.29025000e-08  3.29905598e+00 
 7.29075000e-08  3.29911324e+00 
 7.29175000e-08  3.29922975e+00 
 7.29337500e-08  3.29940860e+00 
 7.29500000e-08  3.29955903e+00 
 7.29525000e-08  3.29957883e+00 
 7.29575000e-08  3.29961657e+00 
 7.29675000e-08  3.29968541e+00 
 7.29837500e-08  3.29977380e+00 
 7.30000000e-08  3.29983725e+00 
 7.30025000e-08  3.29984472e+00 
 7.30075000e-08  3.29985835e+00 
 7.30175000e-08  3.29988020e+00 
 7.30337500e-08  3.29990444e+00 
 7.30500000e-08  3.29991952e+00 
 7.30525000e-08  3.29992131e+00 
 7.30575000e-08  3.29992431e+00 
 7.30675000e-08  3.29992909e+00 
 7.30837500e-08  3.29993456e+00 
 7.31000000e-08  3.29993911e+00 
 7.31025000e-08  3.29994013e+00 
 7.31075000e-08  3.29994190e+00 
 7.31175000e-08  3.29994546e+00 
 7.31337500e-08  3.29995442e+00 
 7.31500000e-08  3.29997145e+00 
 7.31525000e-08  3.29997387e+00 
 7.31575000e-08  3.29997838e+00 
 7.31675000e-08  3.29998216e+00 
 7.31837500e-08  3.29997675e+00 
 7.32000000e-08  3.29996425e+00 
 7.32025000e-08  3.29996227e+00 
 7.32075000e-08  3.29995842e+00 
 7.32175000e-08  3.29995142e+00 
 7.32337500e-08  3.29994189e+00 
 7.32500000e-08  3.29993474e+00 
 7.32525000e-08  3.29993388e+00 
 7.32575000e-08  3.29993210e+00 
 7.32675000e-08  3.29992887e+00 
 7.32837500e-08  3.29992490e+00 
 7.33000000e-08  3.29992145e+00 
 7.33025000e-08  3.29992108e+00 
 7.33075000e-08  3.29992050e+00 
 7.33175000e-08  3.29992061e+00 
 7.33337500e-08  3.29992342e+00 
 7.33500000e-08  3.29992954e+00 
 7.33525000e-08  3.29993073e+00 
 7.33575000e-08  3.29993284e+00 
 7.33675000e-08  3.29993745e+00 
 7.33837500e-08  3.29994908e+00 
 7.34000000e-08  3.29996659e+00 
 7.34025000e-08  3.29996979e+00 
 7.34075000e-08  3.29997627e+00 
 7.34175000e-08  3.29998863e+00 
 7.34337500e-08  3.30000219e+00 
 7.34500000e-08  3.30000755e+00 
 7.34525000e-08  3.30000680e+00 
 7.34575000e-08  3.30000535e+00 
 7.34675000e-08  3.30000175e+00 
 7.34837500e-08  3.29999530e+00 
 7.35000000e-08  3.29998999e+00 
 7.35025000e-08  3.29998929e+00 
 7.35075000e-08  3.29998796e+00 
 7.35175000e-08  3.29998507e+00 
 7.35337500e-08  3.29997707e+00 
 7.35500000e-08  3.29996344e+00 
 7.35525000e-08  3.29996092e+00 
 7.35575000e-08  3.29995619e+00 
 7.35675000e-08  3.29995278e+00 
 7.35837500e-08  3.29995642e+00 
 7.36000000e-08  3.29996452e+00 
 7.36025000e-08  3.29996671e+00 
 7.36075000e-08  3.29997236e+00 
 7.36175000e-08  3.29998893e+00 
 7.36337500e-08  3.30002745e+00 
 7.36500000e-08  3.30005419e+00 
 7.36525000e-08  3.30005461e+00 
 7.36575000e-08  3.30005304e+00 
 7.36675000e-08  3.30003481e+00 
 7.36837500e-08  3.29996736e+00 
 7.37000000e-08  3.29987749e+00 
 7.37025000e-08  3.29986369e+00 
 7.37075000e-08  3.29983749e+00 
 7.37175000e-08  3.29979510e+00 
 7.37337500e-08  3.29974213e+00 
 7.37500000e-08  3.29972450e+00 
 7.37525000e-08  3.29972590e+00 
 7.37575000e-08  3.29972976e+00 
 7.37675000e-08  3.29974482e+00 
 7.37837500e-08  3.29979502e+00 
 7.38000000e-08  3.29985076e+00 
 7.38025000e-08  3.29985747e+00 
 7.38075000e-08  3.29986917e+00 
 7.38175000e-08  3.29988486e+00 
 7.38337500e-08  3.29990625e+00 
 7.38500000e-08  3.29994099e+00 
 7.38525000e-08  3.29994744e+00 
 7.38575000e-08  3.29995934e+00 
 7.38675000e-08  3.29997918e+00 
 7.38837500e-08  3.29999999e+00 
 7.39000000e-08  3.30000802e+00 
 7.39025000e-08  3.30000800e+00 
 7.39075000e-08  3.30000720e+00 
 7.39175000e-08  3.30000275e+00 
 7.39337500e-08  3.29998911e+00 
 7.39500000e-08  3.29996628e+00 
 7.39525000e-08  3.29996188e+00 
 7.39575000e-08  3.29995180e+00 
 7.39675000e-08  3.29992760e+00 
 7.39837500e-08  3.29987452e+00 
 7.40000000e-08  3.29979750e+00 
 7.40025000e-08  3.29978434e+00 
 7.40075000e-08  3.29975603e+00 
 7.40175000e-08  3.29970374e+00 
 7.40337500e-08  3.29965092e+00 
 7.40500000e-08  3.29964523e+00 
 7.40525000e-08  3.29964867e+00 
 7.40575000e-08  3.29965558e+00 
 7.40675000e-08  3.29967609e+00 
 7.40837500e-08  3.29972626e+00 
 7.41000000e-08  3.29980842e+00 
 7.41025000e-08  3.29982570e+00 
 7.41075000e-08  3.29986341e+00 
 7.41175000e-08  3.29996251e+00 
 7.41337500e-08  3.30021155e+00 
 7.41500000e-08  3.30053978e+00 
 7.41525000e-08  3.30059604e+00 
 7.41575000e-08  3.30071032e+00 
 7.41675000e-08  3.30094688e+00 
 7.41837500e-08  3.30133078e+00 
 7.42000000e-08  3.30169204e+00 
 7.42025000e-08  3.30174858e+00 
 7.42075000e-08  3.30185901e+00 
 7.42175000e-08  3.30208522e+00 
 7.42337500e-08  3.30247149e+00 
 7.42500000e-08  3.30286965e+00 
 7.42525000e-08  3.30293128e+00 
 7.42575000e-08  3.30305559e+00 
 7.42675000e-08  3.30330981e+00 
 7.42837500e-08  3.30373055e+00 
 7.43000000e-08  3.30413140e+00 
 7.43025000e-08  3.30418511e+00 
 7.43075000e-08  3.30428942e+00 
 7.43175000e-08  3.30447683e+00 
 7.43337500e-08  3.30474985e+00 
 7.43500000e-08  3.30503416e+00 
 7.43525000e-08  3.30508249e+00 
 7.43575000e-08  3.30518426e+00 
 7.43675000e-08  3.30541638e+00 
 7.43837500e-08  3.30588098e+00 
 7.44000000e-08  3.30647731e+00 
 7.44025000e-08  3.30658360e+00 
 7.44075000e-08  3.30680696e+00 
 7.44175000e-08  3.30731369e+00 
 7.44337500e-08  3.30833844e+00 
 7.44500000e-08  3.30970185e+00 
 7.44525000e-08  3.30995234e+00 
 7.44575000e-08  3.31048718e+00 
 7.44675000e-08  3.31173332e+00 
 7.44837500e-08  3.31435038e+00 
 7.45000000e-08  3.31758957e+00 
 7.45025000e-08  3.31808359e+00 
 7.45075000e-08  3.31899100e+00 
 7.45175000e-08  3.31979954e+00 
 7.45337500e-08  3.31509120e+00 
 7.45500000e-08  3.29815348e+00 
 7.45525000e-08  3.29436627e+00 
 7.45575000e-08  3.28591427e+00 
 7.45675000e-08  3.26367912e+00 
 7.45837500e-08  3.21142467e+00 
 7.46000000e-08  3.13570290e+00 
 7.46025000e-08  3.12120829e+00 
 7.46075000e-08  3.09047685e+00 
 7.46175000e-08  3.01721239e+00 
 7.46337500e-08  2.84597968e+00 
 7.46500000e-08  2.52090241e+00 
 7.46525000e-08  2.44872121e+00 
 7.46575000e-08  2.29260226e+00 
 7.46675000e-08  1.91599839e+00 
 7.46837500e-08  1.14958167e+00 
 7.47000000e-08  4.57718089e-01 
 7.47025000e-08  3.83633426e-01 
 7.47075000e-08  2.58365492e-01 
 7.47175000e-08  1.14065365e-01 
 7.47337500e-08  3.71722414e-02 
 7.47500000e-08  2.24087576e-02 
 7.47517829e-08  2.14416257e-02 
 7.47553487e-08  1.95473688e-02 
 7.47624804e-08  1.62504159e-02 
 7.47767437e-08  1.13001863e-02 
 7.48000000e-08  6.29235827e-03 
 7.48025000e-08  5.93195353e-03 
 7.48075000e-08  5.24729839e-03 
 7.48175000e-08  4.08289015e-03 
 7.48337500e-08  2.67899391e-03 
 7.48500000e-08  1.74099261e-03 
 7.48525000e-08  1.63339672e-03 
 7.48575000e-08  1.43201341e-03 
 7.48675000e-08  1.10083026e-03 
 7.48837500e-08  7.20344021e-04 
 7.49000000e-08  4.80413814e-04 
 7.49025000e-08  4.53651877e-04 
 7.49075000e-08  4.03937090e-04 
 7.49175000e-08  3.22526796e-04 
 7.49337500e-08  2.28648738e-04 
 7.49500000e-08  1.67803534e-04 
 7.49525000e-08  1.60892457e-04 
 7.49575000e-08  1.48052763e-04 
 7.49675000e-08  1.26943606e-04 
 7.49837500e-08  1.01722170e-04 
 7.50000000e-08  8.41805645e-05 
 7.50025000e-08  8.19757460e-05 
 7.50075000e-08  7.76859165e-05 
 7.50175000e-08  6.99242490e-05 
 7.50337500e-08  5.93451389e-05 
 7.50500000e-08  5.04995492e-05 
 7.50525000e-08  4.93011376e-05 
 7.50575000e-08  4.70022928e-05 
 7.50675000e-08  4.25264126e-05 
 7.50837500e-08  3.61532478e-05 
 7.51000000e-08  3.11202154e-05 
 7.51025000e-08  3.04170570e-05 
 7.51075000e-08  2.90688928e-05 
 7.51175000e-08  2.48622142e-05 
 7.51337500e-08  1.55841085e-05 
 7.51500000e-08  9.50292260e-06 
 7.51525000e-08  9.06065908e-06 
 7.51575000e-08  8.03327160e-06 
 7.51675000e-08  6.43033659e-06 
 7.51837500e-08  5.68000425e-06 
 7.52000000e-08  6.28570226e-06 
 7.52025000e-08  6.58222534e-06 
 7.52075000e-08  7.21712107e-06 
 7.52175000e-08  8.83550170e-06 
 7.52337500e-08  1.11772043e-05 
 7.52500000e-08  1.20954680e-05 
 7.52525000e-08  1.19465911e-05 
 7.52575000e-08  1.13225864e-05 
 7.52675000e-08  8.94260132e-06 
 7.52837500e-08  2.94730225e-06 
 7.53000000e-08 -4.10053207e-06 
 7.53025000e-08 -5.03714592e-06 
 7.53075000e-08 -6.79089599e-06 
 7.53175000e-08 -9.07964588e-06 
 7.53337500e-08 -9.84816010e-06 
 7.53500000e-08 -8.68845193e-06 
 7.53525000e-08 -8.18583606e-06 
 7.53575000e-08 -7.03629214e-06 
 7.53675000e-08 -4.16741775e-06 
 7.53837500e-08  2.27577692e-06 
 7.54000000e-08  6.80636551e-06 
 7.54025000e-08  7.39219177e-06 
 7.54075000e-08  8.46909831e-06 
 7.54175000e-08  1.05558048e-05 
 7.54337500e-08  1.25820342e-05 
 7.54500000e-08  1.31405984e-05 
 7.54525000e-08  1.31380558e-05 
 7.54575000e-08  1.29908489e-05 
 7.54675000e-08  1.21887181e-05 
 7.54837500e-08  1.01558413e-05 
 7.55000000e-08  7.65005436e-06 
 7.55025000e-08  7.27422540e-06 
 7.55075000e-08  6.33999364e-06 
 7.55175000e-08  4.41573541e-06 
 7.55337500e-08  1.26235041e-06 
 7.55500000e-08 -2.20902317e-06 
 7.55525000e-08 -2.86938377e-06 
 7.55575000e-08 -4.47650257e-06 
 7.55675000e-08 -8.21038987e-06 
 7.55837500e-08 -1.61828643e-05 
 7.56000000e-08 -2.43918167e-05 
 7.56025000e-08 -2.49553284e-05 
 7.56075000e-08 -2.59987165e-05 
 7.56175000e-08 -2.53442847e-05 
 7.56337500e-08 -1.91962779e-05 
 7.56500000e-08 -6.47044810e-06 
 7.56525000e-08 -3.60066760e-06 
 7.56575000e-08  2.45643414e-06 
 7.56675000e-08  1.82610228e-05 
 7.56837500e-08  5.25791004e-05 
 7.57000000e-08  8.80471357e-05 
 7.57025000e-08  9.45574999e-05 
 7.57075000e-08  1.05729873e-04 
 7.57175000e-08  1.19040990e-04 
 7.57337500e-08  1.28723407e-04 
 7.57500000e-08  1.25538283e-04 
 7.57525000e-08  1.24247607e-04 
 7.57575000e-08  1.20838837e-04 
 7.57675000e-08  1.13134692e-04 
 7.57837500e-08  1.04207615e-04 
 7.58000000e-08  9.40114519e-05 
 7.58025000e-08  9.09854076e-05 
 7.58075000e-08  8.44307214e-05 
 7.58175000e-08  6.45621858e-05 
 7.58337500e-08  2.46371096e-05 
 7.58500000e-08 -6.44383781e-06 
 7.58525000e-08 -9.22467979e-06 
 7.58575000e-08 -1.30596683e-05 
 7.58675000e-08 -1.36598041e-05 
 7.58837500e-08  1.86917311e-07 
 7.59000000e-08  3.10205509e-05 
 7.59025000e-08  3.76844605e-05 
 7.59075000e-08  5.32538202e-05 
 7.59175000e-08  9.06304287e-05 
 7.59337500e-08  1.55540004e-04 
 7.59500000e-08  1.91498314e-04 
 7.59525000e-08  1.91606051e-04 
 7.59575000e-08  1.89129678e-04 
 7.59675000e-08  1.61219113e-04 
 7.59837500e-08  2.50018314e-05 
 7.60000000e-08 -2.82513007e-04 
 7.60025000e-08 -3.47853800e-04 
 7.60075000e-08 -4.86734113e-04 
 7.60175000e-08 -8.06936705e-04 
 7.60337500e-08 -1.33344076e-03 
 7.60500000e-08 -1.89980261e-03 
 7.60525000e-08 -1.98938318e-03 
 7.60575000e-08 -2.16651150e-03 
 7.60675000e-08 -2.50864491e-03 
 7.60837500e-08 -3.03576053e-03 
 7.61000000e-08 -3.54263515e-03 
 7.61025000e-08 -3.61897850e-03 
 7.61075000e-08 -3.77421365e-03 
 7.61175000e-08 -4.08981615e-03 
 7.61337500e-08 -4.61911930e-03 
 7.61500000e-08 -5.19473872e-03 
 7.61525000e-08 -5.28808176e-03 
 7.61575000e-08 -5.48382910e-03 
 7.61675000e-08 -5.89807077e-03 
 7.61837500e-08 -6.66002367e-03 
 7.62000000e-08 -7.60796988e-03 
 7.62025000e-08 -7.77293677e-03 
 7.62075000e-08 -8.14301133e-03 
 7.62175000e-08 -8.97542970e-03 
 7.62337500e-08 -1.06211829e-02 
 7.62500000e-08 -1.24111130e-02 
 7.62525000e-08 -1.26342533e-02 
 7.62575000e-08 -1.30351199e-02 
 7.62675000e-08 -1.31402931e-02 
 7.62837500e-08 -9.73476217e-03 
 7.63000000e-08  3.96463818e-04 
 7.63025000e-08  2.64881646e-03 
 7.63075000e-08  7.64608492e-03 
 7.63175000e-08  2.06775250e-02 
 7.63337500e-08  5.15761797e-02 
 7.63500000e-08  9.76410507e-02 
 7.63525000e-08  1.06574177e-01 
 7.63575000e-08  1.25627649e-01 
 7.63675000e-08  1.71757532e-01 
 7.63837500e-08  2.79372531e-01 
 7.64000000e-08  4.63408535e-01 
 7.64025000e-08  5.04724232e-01 
 7.64075000e-08  5.98603269e-01 
 7.64175000e-08  8.50447377e-01 
 7.64337500e-08  1.42783606e+00 
 7.64500000e-08  2.15638571e+00 
 7.64525000e-08  2.27003394e+00 
 7.64575000e-08  2.47525168e+00 
 7.64675000e-08  2.78426052e+00 
 7.64837500e-08  3.07316658e+00 
 7.65000000e-08  3.19698541e+00 
 7.65025000e-08  3.20653051e+00 
 7.65075000e-08  3.22338268e+00 
 7.65175000e-08  3.24672417e+00 
 7.65337500e-08  3.26788918e+00 
 7.65500000e-08  3.27902319e+00 
 7.65525000e-08  3.28022684e+00 
 7.65575000e-08  3.28248852e+00 
 7.65675000e-08  3.28622729e+00 
 7.65837500e-08  3.29058706e+00 
 7.66000000e-08  3.29342387e+00 
 7.66025000e-08  3.29374658e+00 
 7.66075000e-08  3.29435286e+00 
 7.66175000e-08  3.29535794e+00 
 7.66337500e-08  3.29654069e+00 
 7.66500000e-08  3.29733155e+00 
 7.66525000e-08  3.29742452e+00 
 7.66575000e-08  3.29760091e+00 
 7.66675000e-08  3.29790401e+00 
 7.66837500e-08  3.29829198e+00 
 7.67000000e-08  3.29858882e+00 
 7.67025000e-08  3.29862725e+00 
 7.67075000e-08  3.29870023e+00 
 7.67175000e-08  3.29882830e+00 
 7.67337500e-08  3.29900632e+00 
 7.67500000e-08  3.29919066e+00 
 7.67525000e-08  3.29922051e+00 
 7.67575000e-08  3.29927865e+00 
 7.67675000e-08  3.29938778e+00 
 7.67837500e-08  3.29954069e+00 
 7.68000000e-08  3.29966279e+00 
 7.68025000e-08  3.29967896e+00 
 7.68075000e-08  3.29970964e+00 
 7.68175000e-08  3.29976324e+00 
 7.68337500e-08  3.29983004e+00 
 7.68500000e-08  3.29987425e+00 
 7.68525000e-08  3.29987910e+00 
 7.68575000e-08  3.29988772e+00 
 7.68675000e-08  3.29990103e+00 
 7.68837500e-08  3.29991550e+00 
 7.69000000e-08  3.29992448e+00 
 7.69025000e-08  3.29992571e+00 
 7.69075000e-08  3.29992786e+00 
 7.69175000e-08  3.29993191e+00 
 7.69337500e-08  3.29993737e+00 
 7.69500000e-08  3.29994403e+00 
 7.69525000e-08  3.29994504e+00 
 7.69575000e-08  3.29994705e+00 
 7.69675000e-08  3.29995229e+00 
 7.69837500e-08  3.29996710e+00 
 7.70000000e-08  3.29998104e+00 
 7.70025000e-08  3.29998122e+00 
 7.70075000e-08  3.29998098e+00 
 7.70175000e-08  3.29997680e+00 
 7.70337500e-08  3.29996498e+00 
 7.70500000e-08  3.29995221e+00 
 7.70525000e-08  3.29995062e+00 
 7.70575000e-08  3.29994770e+00 
 7.70675000e-08  3.29994308e+00 
 7.70837500e-08  3.29993717e+00 
 7.71000000e-08  3.29993264e+00 
 7.71025000e-08  3.29993197e+00 
 7.71075000e-08  3.29993039e+00 
 7.71175000e-08  3.29992695e+00 
 7.71337500e-08  3.29992203e+00 
 7.71500000e-08  3.29991839e+00 
 7.71525000e-08  3.29991833e+00 
 7.71575000e-08  3.29991836e+00 
 7.71675000e-08  3.29991987e+00 
 7.71837500e-08  3.29992560e+00 
 7.72000000e-08  3.29993458e+00 
 7.72025000e-08  3.29993642e+00 
 7.72075000e-08  3.29994031e+00 
 7.72175000e-08  3.29994985e+00 
 7.72337500e-08  3.29996888e+00 
 7.72500000e-08  3.29998850e+00 
 7.72525000e-08  3.29999098e+00 
 7.72575000e-08  3.29999528e+00 
 7.72675000e-08  3.30000086e+00 
 7.72837500e-08  3.30000470e+00 
 7.73000000e-08  3.30000058e+00 
 7.73025000e-08  3.29999965e+00 
 7.73075000e-08  3.29999792e+00 
 7.73175000e-08  3.29999502e+00 
 7.73337500e-08  3.29999111e+00 
 7.73500000e-08  3.29998694e+00 
 7.73525000e-08  3.29998608e+00 
 7.73575000e-08  3.29998430e+00 
 7.73675000e-08  3.29997882e+00 
 7.73837500e-08  3.29996509e+00 
 7.74000000e-08  3.29995290e+00 
 7.74025000e-08  3.29995314e+00 
 7.74075000e-08  3.29995400e+00 
 7.74175000e-08  3.29995643e+00 
 7.74337500e-08  3.29996444e+00 
 7.74500000e-08  3.29998238e+00 
 7.74525000e-08  3.29998651e+00 
 7.74575000e-08  3.29999608e+00 
 7.74675000e-08  3.30002055e+00 
 7.74837500e-08  3.30005261e+00 
 7.75000000e-08  3.30004857e+00 
 7.75025000e-08  3.30004287e+00 
 7.75075000e-08  3.30002876e+00 
 7.75175000e-08  3.29998591e+00 
 7.75337500e-08  3.29989832e+00 
 7.75500000e-08  3.29981251e+00 
 7.75525000e-08  3.29980221e+00 
 7.75575000e-08  3.29978238e+00 
 7.75675000e-08  3.29974761e+00 
 7.75837500e-08  3.29972175e+00 
 7.76000000e-08  3.29973255e+00 
 7.76025000e-08  3.29973740e+00 
 7.76075000e-08  3.29974861e+00 
 7.76175000e-08  3.29978395e+00 
 7.76337500e-08  3.29984494e+00 
 7.76500000e-08  3.29988514e+00 
 7.76525000e-08  3.29988866e+00 
 7.76575000e-08  3.29989312e+00 
 7.76675000e-08  3.29990315e+00 
 7.76837500e-08  3.29993124e+00 
 7.77000000e-08  3.29996540e+00 
 7.77025000e-08  3.29997045e+00 
 7.77075000e-08  3.29997987e+00 
 7.77175000e-08  3.29999517e+00 
 7.77337500e-08  3.30000900e+00 
 7.77500000e-08  3.30000836e+00 
 7.77525000e-08  3.30000715e+00 
 7.77575000e-08  3.30000382e+00 
 7.77675000e-08  3.29999467e+00 
 7.77837500e-08  3.29997358e+00 
 7.78000000e-08  3.29994250e+00 
 7.78025000e-08  3.29993658e+00 
 7.78075000e-08  3.29992283e+00 
 7.78175000e-08  3.29988922e+00 
 7.78337500e-08  3.29981657e+00 
 7.78500000e-08  3.29972589e+00 
 7.78525000e-08  3.29971344e+00 
 7.78575000e-08  3.29968923e+00 
 7.78675000e-08  3.29965583e+00 
 7.78837500e-08  3.29964158e+00 
 7.79000000e-08  3.29966367e+00 
 7.79025000e-08  3.29966993e+00 
 7.79075000e-08  3.29968228e+00 
 7.79175000e-08  3.29971318e+00 
 7.79337500e-08  3.29978623e+00 
 7.79500000e-08  3.29990991e+00 
 7.79525000e-08  3.29993602e+00 
 7.79575000e-08  3.29999281e+00 
 7.79675000e-08  3.30014768e+00 
 7.79837500e-08  3.30046013e+00 
 7.80000000e-08  3.30082659e+00 
 7.80025000e-08  3.30088523e+00 
 7.80075000e-08  3.30100267e+00 
 7.80175000e-08  3.30123327e+00 
 7.80337500e-08  3.30159141e+00 
 7.80500000e-08  3.30195137e+00 
 7.80525000e-08  3.30200820e+00 
 7.80575000e-08  3.30212163e+00 
 7.80675000e-08  3.30235836e+00 
 7.80837500e-08  3.30275489e+00 
 7.81000000e-08  3.30316110e+00 
 7.81025000e-08  3.30322477e+00 
 7.81075000e-08  3.30335401e+00 
 7.81175000e-08  3.30361730e+00 
 7.81337500e-08  3.30403013e+00 
 7.81500000e-08  3.30438174e+00 
 7.81525000e-08  3.30442602e+00 
 7.81575000e-08  3.30451277e+00 
 7.81675000e-08  3.30467742e+00 
 7.81837500e-08  3.30495156e+00 
 7.82000000e-08  3.30527690e+00 
 7.82025000e-08  3.30533450e+00 
 7.82075000e-08  3.30545584e+00 
 7.82175000e-08  3.30573307e+00 
 7.82337500e-08  3.30628942e+00 
 7.82500000e-08  3.30700612e+00 
 7.82525000e-08  3.30713442e+00 
 7.82575000e-08  3.30740463e+00 
 7.82675000e-08  3.30801945e+00 
 7.82837500e-08  3.30927278e+00 
 7.83000000e-08  3.31095886e+00 
 7.83025000e-08  3.31127255e+00 
 7.83075000e-08  3.31194459e+00 
 7.83175000e-08  3.31351139e+00 
 7.83337500e-08  3.31664110e+00 
 7.83500000e-08  3.31939708e+00 
 7.83525000e-08  3.31959078e+00 
 7.83575000e-08  3.31968652e+00 
 7.83675000e-08  3.31753332e+00 
 7.83837500e-08  3.30438429e+00 
 7.84000000e-08  3.27759170e+00 
 7.84025000e-08  3.27178233e+00 
 7.84075000e-08  3.25923814e+00 
 7.84175000e-08  3.22842327e+00 
 7.84337500e-08  3.16006951e+00 
 7.84500000e-08  3.06283034e+00 
 7.84525000e-08  3.04411805e+00 
 7.84575000e-08  3.00415395e+00 
 7.84675000e-08  2.90595574e+00 
 7.84837500e-08  2.64049569e+00 
 7.85000000e-08  2.15943853e+00 
 7.85025000e-08  2.06197855e+00 
 7.85075000e-08  1.85715206e+00 
 7.85175000e-08  1.39167231e+00 
 7.85337500e-08  6.32000624e-01 
 7.85500000e-08  1.78096827e-01 
 7.85524834e-08  1.49634005e-01 
 7.85574502e-08  1.03017257e-01 
 7.85673838e-08  5.32836218e-02 
 7.85836919e-08  2.56477934e-02 
 7.86000000e-08  1.65475007e-02 
 7.86025000e-08  1.55997894e-02 
 7.86075000e-08  1.37852413e-02 
 7.86175000e-08  1.07633936e-02 
 7.86337500e-08  7.19546469e-03 
 7.86500000e-08  4.79799057e-03 
 7.86525000e-08  4.51112042e-03 
 7.86575000e-08  3.97097186e-03 
 7.86675000e-08  3.06856937e-03 
 7.86837500e-08  1.99993060e-03 
 7.87000000e-08  1.29807502e-03 
 7.87025000e-08  1.21801475e-03 
 7.87075000e-08  1.06851135e-03 
 7.87175000e-08  8.23894031e-04 
 7.87337500e-08  5.45236218e-04 
 7.87500000e-08  3.70654491e-04 
 7.87525000e-08  3.51061879e-04 
 7.87575000e-08  3.14626003e-04 
 7.87675000e-08  2.54730457e-04 
 7.87837500e-08  1.85082081e-04 
 7.88000000e-08  1.39461338e-04 
 7.88025000e-08  1.34221053e-04 
 7.88075000e-08  1.24450195e-04 
 7.88175000e-08  1.08287750e-04 
 7.88337500e-08  8.87927158e-05 
 7.88500000e-08  7.48891429e-05 
 7.88525000e-08  7.31051056e-05 
 7.88575000e-08  6.96350998e-05 
 7.88675000e-08  6.32283848e-05 
 7.88837500e-08  5.39327344e-05 
 7.89000000e-08  4.59138256e-05 
 7.89025000e-08  4.47054028e-05 
 7.89075000e-08  4.23875744e-05 
 7.89175000e-08  3.79816218e-05 
 7.89337500e-08  3.23194842e-05 
 7.89500000e-08  2.69607315e-05 
 7.89525000e-08  2.56957951e-05 
 7.89575000e-08  2.27348952e-05 
 7.89675000e-08  1.62899650e-05 
 7.89837500e-08  8.42503718e-06 
 7.90000000e-08  6.08078846e-06 
 7.90025000e-08  6.14199954e-06 
 7.90075000e-08  6.26412431e-06 
 7.90175000e-08  6.89078204e-06 
 7.90337500e-08  8.19218966e-06 
 7.90500000e-08  9.40854329e-06 
 7.90525000e-08  9.66096301e-06 
 7.90575000e-08  1.01295108e-05 
 7.90675000e-08  1.12115551e-05 
 7.90837500e-08  1.23105911e-05 
 7.91000000e-08  1.10420092e-05 
 7.91025000e-08  1.05025911e-05 
 7.91075000e-08  9.12496629e-06 
 7.91175000e-08  5.36719146e-06 
 7.91337500e-08 -1.80057954e-06 
 7.91500000e-08 -7.78216767e-06 
 7.91525000e-08 -8.27229381e-06 
 7.91575000e-08 -8.69166668e-06 
 7.91675000e-08 -9.03634378e-06 
 7.91837500e-08 -8.15704097e-06 
 7.92000000e-08 -5.43211582e-06 
 7.92025000e-08 -4.85778486e-06 
 7.92075000e-08 -3.69999249e-06 
 7.92175000e-08  4.48927412e-09 
 7.92337500e-08  4.46574136e-06 
 7.92500000e-08  8.03591632e-06 
 7.92525000e-08  8.69538907e-06 
 7.92575000e-08  9.85167635e-06 
 7.92675000e-08  1.13817827e-05 
 7.92837500e-08  1.24320986e-05 
 7.93000000e-08  1.24535583e-05 
 7.93025000e-08  1.23019334e-05 
 7.93075000e-08  1.18250350e-05 
 7.93175000e-08  1.03759943e-05 
 7.93337500e-08  7.63223898e-06 
 7.93500000e-08  4.63929892e-06 
 7.93525000e-08  4.26579628e-06 
 7.93575000e-08  3.57776993e-06 
 7.93675000e-08  2.24842207e-06 
 7.93837500e-08  5.17697207e-08 
 7.94000000e-08 -4.33687434e-06 
 7.94025000e-08 -5.36611942e-06 
 7.94075000e-08 -8.04690401e-06 
 7.94175000e-08 -1.42614952e-05 
 7.94337500e-08 -2.40789232e-05 
 7.94500000e-08 -2.79416551e-05 
 7.94525000e-08 -2.73695184e-05 
 7.94575000e-08 -2.61248314e-05 
 7.94675000e-08 -2.13272474e-05 
 7.94837500e-08 -9.36215403e-06 
 7.95000000e-08  1.06323555e-05 
 7.95025000e-08  1.47130224e-05 
 7.95075000e-08  2.34094462e-05 
 7.95175000e-08  4.38457646e-05 
 7.95337500e-08  7.91166962e-05 
 7.95500000e-08  1.12450722e-04 
 7.95525000e-08  1.15422943e-04 
 7.95575000e-08  1.20643145e-04 
 7.95675000e-08  1.27348485e-04 
 7.95837500e-08  1.28004791e-04 
 7.96000000e-08  1.17093255e-04 
 7.96025000e-08  1.15287023e-04 
 7.96075000e-08  1.11749682e-04 
 7.96175000e-08  1.05793433e-04 
 7.96337500e-08  9.58648654e-05 
 7.96500000e-08  7.64673147e-05 
 7.96525000e-08  7.09161066e-05 
 7.96575000e-08  5.95374570e-05 
 7.96675000e-08  3.47761360e-05 
 7.96837500e-08  1.23550830e-06 
 7.97000000e-08 -1.41246261e-05 
 7.97025000e-08 -1.41756095e-05 
 7.97075000e-08 -1.29043442e-05 
 7.97175000e-08 -4.78810367e-06 
 7.97337500e-08  2.14888040e-05 
 7.97500000e-08  6.89068414e-05 
 7.97525000e-08  7.81751838e-05 
 7.97575000e-08  9.87753896e-05 
 7.97675000e-08  1.40225916e-04 
 7.97837500e-08  1.86263000e-04 
 7.98000000e-08  1.80311459e-04 
 7.98025000e-08  1.72326912e-04 
 7.98075000e-08  1.51910232e-04 
 7.98175000e-08  7.52581559e-05 
 7.98337500e-08 -1.85046700e-04 
 7.98500000e-08 -6.26084737e-04 
 7.98525000e-08 -7.09324400e-04 
 7.98575000e-08 -8.80991040e-04 
 7.98675000e-08 -1.19872545e-03 
 7.98837500e-08 -1.75670692e-03 
 7.99000000e-08 -2.33364276e-03 
 7.99025000e-08 -2.41595155e-03 
 7.99075000e-08 -2.57906909e-03 
 7.99175000e-08 -2.89602110e-03 
 7.99337500e-08 -3.39517707e-03 
 7.99500000e-08 -3.89180374e-03 
 7.99525000e-08 -3.96912411e-03 
 7.99575000e-08 -4.12673861e-03 
 7.99675000e-08 -4.44825014e-03 
 7.99837500e-08 -5.00868511e-03 
 8.00000000e-08 -5.64083991e-03 
 8.00025000e-08 -5.74420451e-03 
 8.00075000e-08 -5.96379857e-03 
 8.00175000e-08 -6.43315164e-03 
 8.00337500e-08 -7.32038481e-03 
 8.00500000e-08 -8.47392475e-03 
 8.00525000e-08 -8.67790331e-03 
 8.00575000e-08 -9.13596652e-03 
