 0.00000000e+00  3.28128854e+00 
 2.50000000e-13  3.28128854e+00 
 5.00000000e-13  3.28128854e+00 
 1.00000000e-12  3.28128854e+00 
 2.00000000e-12  3.28128854e+00 
 4.00000000e-12  3.28128854e+00 
 8.00000000e-12  3.28128854e+00 
 1.60000000e-11  3.28128854e+00 
 3.20000000e-11  3.28128854e+00 
 5.70000000e-11  3.28128854e+00 
 8.20000000e-11  3.28128854e+00 
 1.07000000e-10  3.28128854e+00 
 1.32000000e-10  3.28128854e+00 
 1.57000000e-10  3.28128854e+00 
 1.82000000e-10  3.28128854e+00 
 2.07000000e-10  3.28128854e+00 
 2.32000000e-10  3.28128854e+00 
 2.57000000e-10  3.28128854e+00 
 2.82000000e-10  3.28128854e+00 
 3.07000000e-10  3.28128854e+00 
 3.32000000e-10  3.28128854e+00 
 3.57000000e-10  3.28128854e+00 
 3.82000000e-10  3.28128854e+00 
 4.07000000e-10  3.28128854e+00 
 4.32000000e-10  3.28128854e+00 
 4.57000000e-10  3.28128854e+00 
 4.82000000e-10  3.28128854e+00 
 5.07000000e-10  3.28128854e+00 
 5.32000000e-10  3.28128854e+00 
 5.57000000e-10  3.28128854e+00 
 5.82000000e-10  3.28128854e+00 
 6.07000000e-10  3.28128854e+00 
 6.32000000e-10  3.28128854e+00 
 6.57000000e-10  3.28128854e+00 
 6.82000000e-10  3.28128854e+00 
 7.07000000e-10  3.28128854e+00 
 7.32000000e-10  3.28128854e+00 
 7.57000000e-10  3.28128854e+00 
 7.82000000e-10  3.28128854e+00 
 8.07000000e-10  3.28128854e+00 
 8.32000000e-10  3.28128854e+00 
 8.57000000e-10  3.28128854e+00 
 8.82000000e-10  3.28128854e+00 
 9.07000000e-10  3.28128854e+00 
 9.32000000e-10  3.28128854e+00 
 9.57000000e-10  3.28128854e+00 
 9.78500000e-10  3.28128854e+00 
 1.00000000e-09  3.28128854e+00 
 1.00250000e-09  3.28128855e+00 
 1.00750000e-09  3.28128856e+00 
 1.01750000e-09  3.28128831e+00 
 1.03375000e-09  3.28128689e+00 
 1.05000000e-09  3.28128492e+00 
 1.05250000e-09  3.28128466e+00 
 1.05750000e-09  3.28128424e+00 
 1.06750000e-09  3.28128439e+00 
 1.08750000e-09  3.28129057e+00 
 1.11250000e-09  3.28131021e+00 
 1.13750000e-09  3.28134220e+00 
 1.16250000e-09  3.28138774e+00 
 1.18750000e-09  3.28145406e+00 
 1.21250000e-09  3.28155422e+00 
 1.23750000e-09  3.28170498e+00 
 1.26250000e-09  3.28192458e+00 
 1.28750000e-09  3.28223105e+00 
 1.31250000e-09  3.28264074e+00 
 1.33750000e-09  3.28316679e+00 
 1.36250000e-09  3.28381762e+00 
 1.38750000e-09  3.28459534e+00 
 1.41250000e-09  3.28549443e+00 
 1.43750000e-09  3.28650073e+00 
 1.46250000e-09  3.28759129e+00 
 1.48750000e-09  3.28873531e+00 
 1.51250000e-09  3.28989638e+00 
 1.53750000e-09  3.29103616e+00 
 1.56250000e-09  3.29211899e+00 
 1.58750000e-09  3.29311641e+00 
 1.61250000e-09  3.29401063e+00 
 1.63750000e-09  3.29479570e+00 
 1.66250000e-09  3.29547631e+00 
 1.68750000e-09  3.29606472e+00 
 1.71250000e-09  3.29657705e+00 
 1.73750000e-09  3.29703013e+00 
 1.76250000e-09  3.29743940e+00 
 1.78750000e-09  3.29781798e+00 
 1.81250000e-09  3.29817692e+00 
 1.83750000e-09  3.29852532e+00 
 1.86250000e-09  3.29887081e+00 
 1.88750000e-09  3.29922057e+00 
 1.91250000e-09  3.29958085e+00 
 1.93750000e-09  3.29995808e+00 
 1.96250000e-09  3.30038349e+00 
 1.98750000e-09  3.30082115e+00 
 2.01250000e-09  3.30129843e+00 
 2.03125000e-09  3.30168789e+00 
 2.05000000e-09  3.30210590e+00 
 2.05250000e-09  3.30216400e+00 
 2.05750000e-09  3.30228153e+00 
 2.06750000e-09  3.30252053e+00 
 2.08375000e-09  3.30291255e+00 
 2.10000000e-09  3.30328647e+00 
 2.10250000e-09  3.30333883e+00 
 2.10750000e-09  3.30344006e+00 
 2.11750000e-09  3.30360235e+00 
 2.13750000e-09  3.30361331e+00 
 2.16250000e-09  3.30229959e+00 
 2.18750000e-09  3.29781216e+00 
 2.21250000e-09  3.28738873e+00 
 2.23750000e-09  3.26725468e+00 
 2.26250000e-09  3.23413141e+00 
 2.28750000e-09  3.18433969e+00 
 2.31250000e-09  3.11278045e+00 
 2.33750000e-09  3.01054041e+00 
 2.36250000e-09  2.85750646e+00 
 2.38750000e-09  2.57910699e+00 
 2.41250000e-09  2.05512998e+00 
 2.43750000e-09  1.28425847e+00 
 2.46250000e-09  5.11744163e-01 
 2.48750000e-09  1.34367139e-01 
 2.51073027e-09  6.75179308e-02 
 2.53573027e-09  3.82903849e-02 
 2.56073027e-09  2.20743373e-02 
 2.58573027e-09  1.52024992e-02 
 2.61073027e-09  1.70041855e-02 
 2.63573027e-09  3.21224726e-02 
 2.66073027e-09  7.09077971e-02 
 2.68573027e-09  1.54159939e-01 
 2.71073027e-09  3.36983046e-01 
 2.73573027e-09  8.47716123e-01 
 2.76073027e-09  1.84967040e+00 
 2.78573027e-09  2.78872598e+00 
 2.81073027e-09  3.17867282e+00 
 2.83573027e-09  3.25875749e+00 
 2.86073027e-09  3.27864181e+00 
 2.88573027e-09  3.28861016e+00 
 2.91073027e-09  3.29381588e+00 
 2.93573027e-09  3.29635246e+00 
 2.96073027e-09  3.29763065e+00 
 2.98573027e-09  3.29826308e+00 
 3.01073027e-09  3.29863889e+00 
 3.03573027e-09  3.29888053e+00 
 3.06073027e-09  3.29907125e+00 
 3.08573027e-09  3.29923844e+00 
 3.11073027e-09  3.29941504e+00 
 3.13573027e-09  3.29958537e+00 
 3.16073027e-09  3.29974233e+00 
 3.18573027e-09  3.29986335e+00 
 3.21073027e-09  3.29994016e+00 
 3.23573027e-09  3.29997483e+00 
 3.26073027e-09  3.29997687e+00 
 3.28573027e-09  3.29995315e+00 
 3.31073027e-09  3.29991669e+00 
 3.33573027e-09  3.29989229e+00 
 3.36073027e-09  3.29991323e+00 
 3.38573027e-09  3.29993927e+00 
 3.41073027e-09  3.29988285e+00 
 3.43573027e-09  3.29976871e+00 
 3.46073027e-09  3.29969314e+00 
 3.48573027e-09  3.29968678e+00 
 3.51073027e-09  3.29972867e+00 
 3.53573027e-09  3.29980119e+00 
 3.56073027e-09  3.29986262e+00 
 3.58573027e-09  3.29987038e+00 
 3.61073027e-09  3.29991249e+00 
 3.63573027e-09  3.29995324e+00 
 3.66073027e-09  3.29995529e+00 
 3.68573027e-09  3.29992776e+00 
 3.71073027e-09  3.29986267e+00 
 3.73573027e-09  3.29975651e+00 
 3.76073027e-09  3.29967977e+00 
 3.78573027e-09  3.29968771e+00 
 3.81073027e-09  3.29974965e+00 
 3.83573027e-09  3.29987795e+00 
 3.86073027e-09  3.30015795e+00 
 3.88573027e-09  3.30061871e+00 
 3.91073027e-09  3.30115648e+00 
 3.93573027e-09  3.30166473e+00 
 3.96073027e-09  3.30218753e+00 
 3.98573027e-09  3.30273704e+00 
 4.01073027e-09  3.30331405e+00 
 4.03573027e-09  3.30390965e+00 
 4.06073027e-09  3.30441645e+00 
 4.08573027e-09  3.30479929e+00 
 4.11073027e-09  3.30526884e+00 
 4.13573027e-09  3.30598473e+00 
 4.16073027e-09  3.30704985e+00 
 4.18573027e-09  3.30864183e+00 
 4.21073027e-09  3.31111121e+00 
 4.23573027e-09  3.31501324e+00 
 4.26073027e-09  3.31856483e+00 
 4.28573027e-09  3.30959477e+00 
 4.31073027e-09  3.27199623e+00 
 4.33573027e-09  3.19283775e+00 
 4.36073027e-09  3.05391885e+00 
 4.38573027e-09  2.79255975e+00 
 4.41073027e-09  2.14139511e+00 
 4.43573027e-09  1.03047482e+00 
 4.46073027e-09  2.06955941e-01 
 4.48359334e-09  2.50175882e-02 
 4.50499272e-09  2.11318758e-02 
 4.52787109e-09  1.07055065e-02 
 4.55287109e-09  6.05872966e-03 
 4.57787109e-09  3.14134417e-03 
 4.60287109e-09  1.63077729e-03 
 4.62787109e-09  8.26482600e-04 
 4.65287109e-09  4.35205108e-04 
 4.67787109e-09  2.47724952e-04 
 4.70287109e-09  1.54897227e-04 
 4.72787109e-09  1.06470733e-04 
 4.75287109e-09  7.97031818e-05 
 4.77787109e-09  6.36788334e-05 
 4.80287109e-09  5.18606967e-05 
 4.82787109e-09  4.13127403e-05 
 4.85287109e-09  3.20585623e-05 
 4.87787109e-09  2.45203006e-05 
 4.90287109e-09  9.67123431e-06 
 4.92787109e-09  4.61589057e-06 
 4.95287109e-09  7.01284901e-06 
 4.97787109e-09  9.07140641e-06 
 5.00287109e-09  1.10532401e-05 
 5.02787109e-09  9.93000264e-06 
 5.05287109e-09  2.00634075e-06 
 5.07787109e-09 -7.69378074e-06 
 5.10287109e-09 -9.39983721e-06 
 5.12787109e-09 -6.09796781e-06 
 5.15287109e-09  1.63827306e-06 
 5.17787109e-09  8.33548949e-06 
 5.20287109e-09  1.20511085e-05 
 5.22787109e-09  1.24427325e-05 
 5.25287109e-09  1.04703923e-05 
 5.27787109e-09  6.23928084e-06 
 5.30287109e-09  8.72154552e-07 
 5.32787109e-09 -5.28996031e-06 
 5.35287109e-09 -1.67591427e-05 
 5.37787109e-09 -2.68281968e-05 
 5.40287109e-09 -2.02324785e-05 
 5.42787109e-09  4.68318460e-06 
 5.45287109e-09  5.21862654e-05 
 5.47787109e-09  1.06686126e-04 
 5.50287109e-09  1.32260644e-04 
 5.52787109e-09  1.20715558e-04 
 5.55287109e-09  1.01465431e-04 
 5.57787109e-09  8.05508185e-05 
 5.60287109e-09  3.09178447e-05 
 5.62787109e-09 -1.70246830e-05 
 5.65287109e-09 -5.77358798e-06 
 5.67787109e-09  5.13459285e-05 
 5.70287109e-09  1.50578342e-04 
 5.72787109e-09  1.91932002e-04 
 5.75287109e-09  4.10958188e-05 
 5.77787109e-09 -4.81829408e-04 
 5.80287109e-09 -1.30171121e-03 
 5.82787109e-09 -2.15425980e-03 
 5.85287109e-09 -2.99842012e-03 
 5.87787109e-09 -3.76046333e-03 
 5.90287109e-09 -4.55627964e-03 
 5.92787109e-09 -5.45726088e-03 
 5.95287109e-09 -6.57021266e-03 
 5.97787109e-09 -8.10091311e-03 
 6.00287109e-09 -1.04310848e-02 
 6.02787109e-09 -1.29181373e-02 
 6.05287109e-09 -1.00075764e-02 
 6.07787109e-09  7.75701081e-03 
 6.10287109e-09  4.85781498e-02 
 6.12787109e-09  1.25443785e-01 
 6.15287109e-09  2.69245785e-01 
 6.17787109e-09  6.11060835e-01 
 6.20287109e-09  1.37007650e+00 
 6.22787109e-09  2.42045074e+00 
 6.25287109e-09  3.04811879e+00 
 6.27787109e-09  3.22959075e+00 
 6.30287109e-09  3.26837891e+00 
 6.32787109e-09  3.28265775e+00 
 6.35287109e-09  3.29046828e+00 
 6.37787109e-09  3.29450014e+00 
 6.40287109e-09  3.29657249e+00 
 6.42787109e-09  3.29766515e+00 
 6.45287109e-09  3.29830332e+00 
 6.47787109e-09  3.29871920e+00 
 6.50287109e-09  3.29900095e+00 
 6.52787109e-09  3.29925976e+00 
 6.55287109e-09  3.29952439e+00 
 6.57787109e-09  3.29970743e+00 
 6.60287109e-09  3.29982553e+00 
 6.62787109e-09  3.29988986e+00 
 6.65287109e-09  3.29991825e+00 
 6.67787109e-09  3.29993119e+00 
 6.70287109e-09  3.29993790e+00 
 6.72787109e-09  3.29994623e+00 
 6.75287109e-09  3.29996302e+00 
 6.77787109e-09  3.29998416e+00 
 6.80287109e-09  3.29997128e+00 
 6.82787109e-09  3.29995010e+00 
 6.85287109e-09  3.29993654e+00 
 6.87787109e-09  3.29992821e+00 
 6.90287109e-09  3.29992393e+00 
 6.92787109e-09  3.29992007e+00 
 6.95287109e-09  3.29992398e+00 
 6.97787109e-09  3.29993768e+00 
 7.00287109e-09  3.29996187e+00 
 7.02787109e-09  3.29999097e+00 
 7.05287109e-09  3.30000694e+00 
 7.07787109e-09  3.30000235e+00 
 7.10287109e-09  3.29999157e+00 
 7.12787109e-09  3.29998269e+00 
 7.15287109e-09  3.29997050e+00 
 7.17787109e-09  3.29995419e+00 
 7.20287109e-09  3.29995962e+00 
 7.22787109e-09  3.29998879e+00 
 7.25287109e-09  3.30004472e+00 
 7.27787109e-09  3.30003914e+00 
 7.30287109e-09  3.29992594e+00 
 7.32787109e-09  3.29979147e+00 
 7.35287109e-09  3.29972195e+00 
 7.37787109e-09  3.29974130e+00 
 7.40287109e-09  3.29982759e+00 
 7.42787109e-09  3.29989335e+00 
 7.45287109e-09  3.29992358e+00 
 7.47787109e-09  3.29997831e+00 
 7.50287109e-09  3.30000983e+00 
 7.52787109e-09  3.30000420e+00 
 7.55287109e-09  3.29997890e+00 
 7.57787109e-09  3.29992990e+00 
 7.60287109e-09  3.29984147e+00 
 7.62787109e-09  3.29970843e+00 
 7.65287109e-09  3.29963758e+00 
 7.67787109e-09  3.29966768e+00 
 7.70287109e-09  3.29976002e+00 
 7.72787109e-09  3.29995602e+00 
 7.75287109e-09  3.30036414e+00 
 7.77787109e-09  3.30093111e+00 
 7.80287109e-09  3.30152060e+00 
 7.82787109e-09  3.30207323e+00 
 7.85287109e-09  3.30266644e+00 
 7.87787109e-09  3.30328849e+00 
 7.90287109e-09  3.30393020e+00 
 7.92787109e-09  3.30448756e+00 
 7.95287109e-09  3.30490579e+00 
 7.97787109e-09  3.30539051e+00 
 8.00287109e-09  3.30612960e+00 
 8.02787109e-09  3.30723753e+00 
 8.05287109e-09  3.30890613e+00 
 8.07787109e-09  3.31152649e+00 
 8.10287109e-09  3.31571871e+00 
 8.12787109e-09  3.31918648e+00 
 8.15287109e-09  3.30809716e+00 
 8.17787109e-09  3.26590354e+00 
 8.20287109e-09  3.17868341e+00 
 8.22787109e-09  3.02519494e+00 
 8.25287109e-09  2.71640938e+00 
 8.27787109e-09  1.97262396e+00 
 8.30287109e-09  8.21466628e-01 
 8.32529537e-09  1.53958349e-01 
 8.34759193e-09  2.55659864e-02 
 8.36684318e-09  2.03375685e-02 
 8.38828392e-09  1.11487778e-02 
 8.41328392e-09  6.10452343e-03 
 8.43828392e-09  3.16931397e-03 
 8.46328392e-09  1.61996140e-03 
 8.48828392e-09  8.21528811e-04 
 8.51328392e-09  4.33293337e-04 
 8.53828392e-09  2.47491131e-04 
 8.56328392e-09  1.53848907e-04 
 8.58828392e-09  1.05477814e-04 
 8.61328392e-09  7.85966475e-05 
 8.63828392e-09  6.23739953e-05 
 8.66328392e-09  4.98700161e-05 
 8.68828392e-09  3.89565181e-05 
 8.71328392e-09  3.03507225e-05 
 8.73828392e-09  1.95810017e-05 
 8.76328392e-09  6.12065215e-06 
 8.78828392e-09  5.88797140e-06 
 8.81328392e-09  8.20453450e-06 
 8.83828392e-09  1.04059729e-05 
 8.86328392e-09  1.15850511e-05 
 8.88828392e-09  7.05797522e-06 
 8.91328392e-09 -3.30867769e-06 
 8.93828392e-09 -9.75554894e-06 
 8.96328392e-09 -8.16525465e-06 
 8.98828392e-09 -2.65229028e-06 
 9.01328392e-09  6.11550968e-06 
 9.03828392e-09  1.06358881e-05 
 9.06328392e-09  1.25930731e-05 
 9.08828392e-09  1.19603001e-05 
 9.11328392e-09  8.58374709e-06 
 9.13828392e-09  3.25497576e-06 
 9.16328392e-09 -2.37492606e-06 
 9.18828392e-09 -1.12330185e-05 
 9.21328392e-09 -2.46786900e-05 
 9.23828392e-09 -2.49216556e-05 
 9.26328392e-09 -7.80855897e-06 
 9.28828392e-09  3.15790186e-05 
 9.31328392e-09  8.68153384e-05 
 9.33828392e-09  1.30215838e-04 
 9.36328392e-09  1.28109038e-04 
 9.38828392e-09  1.07960311e-04 
 9.41328392e-09  9.16488849e-05 
 9.43828392e-09  5.34924376e-05 
 9.46328392e-09 -4.59593705e-06 
 9.48828392e-09 -1.62910000e-05 
 9.51328392e-09  2.67415531e-05 
 9.53828392e-09  1.15467199e-04 
 9.56328392e-09  1.93084221e-04 
 9.58828392e-09  1.24691076e-04 
 9.61328392e-09 -2.59453134e-04 
 9.63828392e-09 -1.02976877e-03 
 9.66328392e-09 -1.85574168e-03 
 9.68828392e-09 -2.74603904e-03 
 9.71328392e-09 -3.51630920e-03 
 9.73828392e-09 -4.29689477e-03 
 9.76328392e-09 -5.15473342e-03 
 9.78828392e-09 -6.19076580e-03 
 9.81328392e-09 -7.55007802e-03 
 9.83828392e-09 -9.59859466e-03 
 9.86328392e-09 -1.23140318e-02 
 9.88828392e-09 -1.21234440e-02 
 9.91328392e-09  8.77194860e-05 
 9.93828392e-09  3.24622683e-02 
 9.96328392e-09  9.61251612e-02 
 9.98828392e-09  2.13013171e-01 
 1.00132839e-08  4.61217218e-01 
 1.00382839e-08  1.07790803e+00 
 1.00632839e-08  2.11670853e+00 
 1.00882839e-08  2.91200083e+00 
 1.01132839e-08  3.19990178e+00 
 1.01382839e-08  3.26124377e+00 
 1.01632839e-08  3.27911829e+00 
 1.01882839e-08  3.28855157e+00 
 1.02132839e-08  3.29353566e+00 
 1.02382839e-08  3.29606590e+00 
 1.02632839e-08  3.29739779e+00 
 1.02882839e-08  3.29813558e+00 
 1.03132839e-08  3.29860983e+00 
 1.03382839e-08  3.29892456e+00 
 1.03632839e-08  3.29917661e+00 
 1.03882839e-08  3.29945167e+00 
 1.04132839e-08  3.29966121e+00 
 1.04382839e-08  3.29979595e+00 
 1.04632839e-08  3.29987558e+00 
 1.04882839e-08  3.29991172e+00 
 1.05132839e-08  3.29992845e+00 
 1.05382839e-08  3.29993599e+00 
 1.05632839e-08  3.29994337e+00 
 1.05882839e-08  3.29995645e+00 
 1.06132839e-08  3.29998105e+00 
 1.06382839e-08  3.29997750e+00 
 1.06632839e-08  3.29995522e+00 
 1.06882839e-08  3.29993966e+00 
 1.07132839e-08  3.29992996e+00 
 1.07382839e-08  3.29992493e+00 
 1.07632839e-08  3.29992064e+00 
 1.07882839e-08  3.29992179e+00 
 1.08132839e-08  3.29993276e+00 
 1.08382839e-08  3.29995394e+00 
 1.08632839e-08  3.29998330e+00 
 1.08882839e-08  3.30000447e+00 
 1.09132839e-08  3.30000564e+00 
 1.09382839e-08  3.29999358e+00 
 1.09632839e-08  3.29998508e+00 
 1.09882839e-08  3.29997535e+00 
 1.10132839e-08  3.29995585e+00 
 1.10382839e-08  3.29995759e+00 
 1.10632839e-08  3.29997764e+00 
 1.10882839e-08  3.30002930e+00 
 1.11132839e-08  3.30005222e+00 
 1.11382839e-08  3.29996409e+00 
 1.11632839e-08  3.29982378e+00 
 1.11882839e-08  3.29973314e+00 
 1.12132839e-08  3.29972829e+00 
 1.12382839e-08  3.29979929e+00 
 1.12632839e-08  3.29988297e+00 
 1.12882839e-08  3.29991402e+00 
 1.13132839e-08  3.29996066e+00 
 1.13382839e-08  3.30000588e+00 
 1.13632839e-08  3.30000885e+00 
 1.13882839e-08  3.29998682e+00 
 1.14132839e-08  3.29994540e+00 
 1.14382839e-08  3.29987103e+00 
 1.14632839e-08  3.29974463e+00 
 1.14882839e-08  3.29964558e+00 
 1.15132839e-08  3.29965161e+00 
 1.15382839e-08  3.29972840e+00 
 1.15632839e-08  3.29988662e+00 
 1.15882839e-08  3.30023104e+00 
 1.16132839e-08  3.30076924e+00 
 1.16382839e-08  3.30136767e+00 
 1.16632839e-08  3.30191987e+00 
 1.16882839e-08  3.30250428e+00 
 1.17132839e-08  3.30311768e+00 
 1.17382839e-08  3.30375958e+00 
 1.17632839e-08  3.30435445e+00 
 1.17882839e-08  3.30479885e+00 
 1.18132839e-08  3.30524097e+00 
 1.18382839e-08  3.30590105e+00 
 1.18632839e-08  3.30689611e+00 
 1.18882839e-08  3.30838741e+00 
 1.19132839e-08  3.31069658e+00 
 1.19382839e-08  3.31443056e+00 
 1.19632839e-08  3.31888432e+00 
 1.19882839e-08  3.31364878e+00 
 1.20132839e-08  3.28090357e+00 
 1.20382839e-08  3.20735478e+00 
 1.20632839e-08  3.07508354e+00 
 1.20882839e-08  2.83026132e+00 
 1.21132839e-08  2.21244456e+00 
 1.21382839e-08  1.11876946e+00 
 1.21632839e-08  2.45317237e-01 
 1.21855142e-08  2.84242759e-02 
 1.22080907e-08  2.13510165e-02 
 1.22312653e-08  1.07186993e-02 
 1.22562653e-08  6.01586210e-03 
 1.22812653e-08  3.08097339e-03 
 1.23062653e-08  1.58422349e-03 
 1.23312653e-08  8.00775611e-04 
 1.23562653e-08  4.24343161e-04 
 1.23812653e-08  2.42759228e-04 
 1.24062653e-08  1.51568519e-04 
 1.24312653e-08  1.04179222e-04 
 1.24562653e-08  7.78900015e-05 
 1.24812653e-08  6.18609853e-05 
 1.25062653e-08  4.94364637e-05 
 1.25312653e-08  3.85568788e-05 
 1.25562653e-08  3.00735853e-05 
 1.25812653e-08  1.89130553e-05 
 1.26062653e-08  5.87086258e-06 
 1.26312653e-08  6.01108607e-06 
 1.26562653e-08  8.30109539e-06 
 1.26812653e-08  1.05113584e-05 
 1.27062653e-08  1.15459409e-05 
 1.27312653e-08  6.67840093e-06 
 1.27562653e-08 -3.78156641e-06 
 1.27812653e-08 -9.81541846e-06 
 1.28062653e-08 -7.99856437e-06 
 1.28312653e-08 -2.24518870e-06 
 1.28562653e-08  6.38154537e-06 
 1.28812653e-08  1.08533565e-05 
 1.29062653e-08  1.26135147e-05 
 1.29312653e-08  1.18626236e-05 
 1.29562653e-08  8.37136460e-06 
 1.29812653e-08  2.96686717e-06 
 1.30062653e-08 -2.69988410e-06 
 1.30312653e-08 -1.18871357e-05 
 1.30562653e-08 -2.51909186e-05 
 1.30812653e-08 -2.44691052e-05 
 1.31062653e-08 -6.32258238e-06 
 1.31312653e-08  3.43706707e-05 
 1.31562653e-08  8.99038309e-05 
 1.31812653e-08  1.31231008e-04 
 1.32062653e-08  1.27456073e-04 
 1.32312653e-08  1.06983832e-04 
 1.32562653e-08  9.03769198e-05 
 1.32812653e-08  5.05332372e-05 
 1.33062653e-08 -7.00824525e-06 
 1.33312653e-08 -1.48952763e-05 
 1.33562653e-08  3.05450694e-05 
 1.33812653e-08  1.21933466e-04 
 1.34062653e-08  1.94387441e-04 
 1.34312653e-08  1.12661639e-04 
 1.34562653e-08 -2.96783370e-04 
 1.34812653e-08 -1.08065624e-03 
 1.35062653e-08 -1.91364186e-03 
 1.35312653e-08 -2.79694301e-03 
 1.35562653e-08 -3.56612232e-03 
 1.35812653e-08 -4.35021420e-03 
 1.36062653e-08 -5.21687188e-03 
 1.36312653e-08 -6.26842665e-03 
 1.36562653e-08 -7.66067040e-03 
 1.36812653e-08 -9.76896661e-03 
 1.37062653e-08 -1.24747231e-02 
 1.37312653e-08 -1.18051975e-02 
 1.37562653e-08  1.50800417e-03 
 1.37812653e-08  3.56027668e-02 
 1.38062653e-08  1.01921394e-01 
 1.38312653e-08  2.24035366e-01 
 1.38562653e-08  4.89378607e-01 
 1.38812653e-08  1.13628001e+00 
 1.39062653e-08  2.18822843e+00 
 1.39312653e-08  2.94737259e+00 
 1.39562653e-08  3.20794447e+00 
 1.39812653e-08  3.26304722e+00 
 1.40062653e-08  3.27996410e+00 
 1.40312653e-08  3.28901535e+00 
 1.40562653e-08  3.29377068e+00 
 1.40812653e-08  3.29618943e+00 
 1.41062653e-08  3.29746325e+00 
 1.41312653e-08  3.29817659e+00 
 1.41562653e-08  3.29863708e+00 
 1.41812653e-08  3.29894328e+00 
 1.42062653e-08  3.29919739e+00 
 1.42312653e-08  3.29947125e+00 
 1.42562653e-08  3.29967387e+00 
 1.42812653e-08  3.29980417e+00 
 1.43062653e-08  3.29987966e+00 
 1.43312653e-08  3.29991344e+00 
 1.43562653e-08  3.29992918e+00 
 1.43812653e-08  3.29993640e+00 
 1.44062653e-08  3.29994408e+00 
 1.44312653e-08  3.29995828e+00 
 1.44562653e-08  3.29998236e+00 
 1.44812653e-08  3.29997560e+00 
 1.45062653e-08  3.29995347e+00 
 1.45312653e-08  3.29993852e+00 
 1.45562653e-08  3.29992925e+00 
 1.45812653e-08  3.29992448e+00 
 1.46062653e-08  3.29992025e+00 
 1.46312653e-08  3.29992231e+00 
 1.46562653e-08  3.29993421e+00 
 1.46812653e-08  3.29995651e+00 
 1.47062653e-08  3.29998600e+00 
 1.47312653e-08  3.30000550e+00 
 1.47562653e-08  3.30000456e+00 
 1.47812653e-08  3.29999280e+00 
 1.48062653e-08  3.29998418e+00 
 1.48312653e-08  3.29997371e+00 
 1.48562653e-08  3.29995499e+00 
 1.48812653e-08  3.29995805e+00 
 1.49062653e-08  3.29998146e+00 
 1.49312653e-08  3.30003560e+00 
 1.49562653e-08  3.30004829e+00 
 1.49812653e-08  3.29994965e+00 
 1.50062653e-08  3.29981033e+00 
 1.50312653e-08  3.29972758e+00 
 1.50562653e-08  3.29973242e+00 
 1.50812653e-08  3.29980994e+00 
 1.51062653e-08  3.29988744e+00 
 1.51312653e-08  3.29991720e+00 
 1.51562653e-08  3.29996763e+00 
 1.51812653e-08  3.30000789e+00 
 1.52062653e-08  3.30000707e+00 
 1.52312653e-08  3.29998308e+00 
 1.52562653e-08  3.29993843e+00 
 1.52812653e-08  3.29985867e+00 
 1.53062653e-08  3.29972809e+00 
 1.53312653e-08  3.29964061e+00 
 1.53562653e-08  3.29965767e+00 
 1.53812653e-08  3.29974124e+00 
 1.54062653e-08  3.29991569e+00 
 1.54312653e-08  3.30028920e+00 
 1.54562653e-08  3.30084271e+00 
 1.54812653e-08  3.30143986e+00 
 1.55062653e-08  3.30199005e+00 
 1.55312653e-08  3.30258135e+00 
 1.55562653e-08  3.30319933e+00 
 1.55812653e-08  3.30384298e+00 
 1.56062653e-08  3.30442234e+00 
 1.56312653e-08  3.30485345e+00 
 1.56562653e-08  3.30531471e+00 
 1.56812653e-08  3.30601281e+00 
 1.57062653e-08  3.30706225e+00 
 1.57312653e-08  3.30863884e+00 
 1.57562653e-08  3.31109739e+00 
 1.57812653e-08  3.31506516e+00 
 1.58062653e-08  3.31915062e+00 
 1.58312653e-08  3.31119348e+00 
 1.58562653e-08  3.27381017e+00 
 1.58812653e-08  3.19353513e+00 
 1.59062653e-08  3.05100688e+00 
 1.59312653e-08  2.77761743e+00 
 1.59562653e-08  2.09609596e+00 
 1.59812653e-08  9.59895715e-01 
 1.60062653e-08  1.72658699e-01 
 1.60312653e-08  1.75983016e-02 
 1.60522701e-08  1.96443971e-02 
 1.60749260e-08  9.59594863e-03 
 1.60999260e-08  5.45770515e-03 
 1.61249260e-08  2.75605680e-03 
 1.61499260e-08  1.41976327e-03 
 1.61749260e-08  7.18161518e-04 
 1.61999260e-08  3.85359014e-04 
 1.62249260e-08  2.23392494e-04 
 1.62499260e-08  1.41581260e-04 
 1.62749260e-08  9.87761711e-05 
 1.62999260e-08  7.48014181e-05 
 1.63249260e-08  5.96698129e-05 
 1.63499260e-08  4.74974373e-05 
 1.63749260e-08  3.68235207e-05 
 1.63999260e-08  2.88226553e-05 
 1.64249260e-08  1.58575229e-05 
 1.64499260e-08  5.20916605e-06 
 1.64749260e-08  6.50030840e-06 
 1.64999260e-08  8.72148337e-06 
 1.65249260e-08  1.09310688e-05 
 1.65499260e-08  1.12188152e-05 
 1.65749260e-08  4.92896957e-06 
 1.65999260e-08 -5.62610124e-06 
 1.66249260e-08 -9.86074913e-06 
 1.66499260e-08 -7.23464279e-06 
 1.66749260e-08 -5.13972644e-07 
 1.66999260e-08  7.39445838e-06 
 1.67249260e-08  1.16155377e-05 
 1.67499260e-08  1.26773389e-05 
 1.67749260e-08  1.13548925e-05 
 1.67999260e-08  7.41213250e-06 
 1.68249260e-08  1.87524490e-06 
 1.68499260e-08 -4.08117973e-06 
 1.68749260e-08 -1.46544504e-05 
 1.68999260e-08 -2.65931332e-05 
 1.69249260e-08 -2.22972435e-05 
 1.69499260e-08  8.63806250e-08 
 1.69749260e-08  4.54228405e-05 
 1.69999260e-08  1.01472351e-04 
 1.70249260e-08  1.33018151e-04 
 1.70499260e-08  1.24216939e-04 
 1.70749260e-08  1.03856190e-04 
 1.70999260e-08  8.48396196e-05 
 1.71249260e-08  3.81187504e-05 
 1.71499260e-08 -1.42102538e-05 
 1.71749260e-08 -8.53880783e-06 
 1.71999260e-08  4.59000303e-05 
 1.72249260e-08  1.44638851e-04 
 1.72499260e-08  1.94354849e-04 
 1.72749260e-08  5.89177288e-05 
 1.72999260e-08 -4.43238112e-04 
 1.73249260e-08 -1.26289704e-03 
 1.73499260e-08 -2.11606385e-03 
 1.73749260e-08 -2.97189644e-03 
 1.73999260e-08 -3.73838594e-03 
 1.74249260e-08 -4.53560105e-03 
 1.74499260e-08 -5.43461768e-03 
 1.74749260e-08 -6.54267272e-03 
 1.74999260e-08 -8.05973220e-03 
 1.75249260e-08 -1.03725388e-02 
 1.75499260e-08 -1.29102427e-02 
 1.75749260e-08 -1.02662099e-02 
 1.75999260e-08  7.06323183e-03 
 1.76249260e-08  4.72974425e-02 
 1.76499260e-08  1.23307887e-01 
 1.76749260e-08  2.65385501e-01 
 1.76999260e-08  6.01293467e-01 
 1.77249260e-08  1.35298741e+00 
 1.77499260e-08  2.40636808e+00 
 1.77749260e-08  3.04282601e+00 
 1.77999260e-08  3.22854905e+00 
 1.78249260e-08  3.26811166e+00 
 1.78499260e-08  3.28252380e+00 
 1.78749260e-08  3.29040108e+00 
 1.78999260e-08  3.29446924e+00 
 1.79249260e-08  3.29655828e+00 
 1.79499260e-08  3.29765967e+00 
 1.79749260e-08  3.29830173e+00 
 1.79999260e-08  3.29871965e+00 
 1.80249260e-08  3.29900149e+00 
 1.80499260e-08  3.29926412e+00 
 1.80749260e-08  3.29952850e+00 
 1.80999260e-08  3.29971032e+00 
 1.81249260e-08  3.29982732e+00 
 1.81499260e-08  3.29989052e+00 
 1.81749260e-08  3.29991832e+00 
 1.81999260e-08  3.29993115e+00 
 1.82249260e-08  3.29993791e+00 
 1.82499260e-08  3.29994670e+00 
 1.82749260e-08  3.29996437e+00 
 1.82999260e-08  3.29998434e+00 
 1.83249260e-08  3.29996979e+00 
 1.83499260e-08  3.29994889e+00 
 1.83749260e-08  3.29993564e+00 
 1.83999260e-08  3.29992757e+00 
 1.84249260e-08  3.29992332e+00 
 1.84499260e-08  3.29991972e+00 
 1.84749260e-08  3.29992434e+00 
 1.84999260e-08  3.29993888e+00 
 1.85249260e-08  3.29996396e+00 
 1.85499260e-08  3.29999279e+00 
 1.85749260e-08  3.30000725e+00 
 1.85999260e-08  3.30000110e+00 
 1.86249260e-08  3.29999088e+00 
 1.86499260e-08  3.29998188e+00 
 1.86749260e-08  3.29996866e+00 
 1.86999260e-08  3.29995372e+00 
 1.87249260e-08  3.29996091e+00 
 1.87499260e-08  3.29999339e+00 
 1.87749260e-08  3.30004894e+00 
 1.87999260e-08  3.30003185e+00 
 1.88249260e-08  3.29991078e+00 
 1.88499260e-08  3.29977996e+00 
 1.88749260e-08  3.29971893e+00 
 1.88999260e-08  3.29974668e+00 
 1.89249260e-08  3.29983794e+00 
 1.89499260e-08  3.29989597e+00 
 1.89749260e-08  3.29992731e+00 
 1.89999260e-08  3.29998428e+00 
 1.90249260e-08  3.30001065e+00 
 1.90499260e-08  3.30000190e+00 
 1.90749260e-08  3.29997428e+00 
 1.90999260e-08  3.29992138e+00 
 1.91249260e-08  3.29982557e+00 
 1.91499260e-08  3.29969236e+00 
 1.91749260e-08  3.29963565e+00 
 1.91999260e-08  3.29967592e+00 
 1.92249260e-08  3.29977743e+00 
 1.92499260e-08  3.29999596e+00 
 1.92749260e-08  3.30043762e+00 
 1.92999260e-08  3.30101665e+00 
 1.93249260e-08  3.30160008e+00 
 1.93499260e-08  3.30215847e+00 
 1.93749260e-08  3.30275738e+00 
 1.93999260e-08  3.30338600e+00 
 1.94249260e-08  3.30402657e+00 
 1.94499260e-08  3.30456256e+00 
 1.94749260e-08  3.30497559e+00 
 1.94999260e-08  3.30549187e+00 
 1.95249260e-08  3.30628087e+00 
 1.95499260e-08  3.30746221e+00 
 1.95749260e-08  3.30924992e+00 
 1.95999260e-08  3.31208311e+00 
 1.96249260e-08  3.31652680e+00 
 1.96499260e-08  3.31893960e+00 
 1.96749260e-08  3.30364406e+00 
 1.96999260e-08  3.25541382e+00 
 1.97249260e-08  3.15918538e+00 
 1.97499260e-08  2.99049939e+00 
 1.97749260e-08  2.62482321e+00 
 1.97999260e-08  1.80058260e+00 
 1.98249260e-08  6.67182364e-01 
 1.98499260e-08  7.30974704e-02 
 1.98747464e-08  2.19877413e-02 
 1.98951952e-08  1.53981874e-02 
 1.99172039e-08  8.54243730e-03 
 1.99422039e-08  4.61705818e-03 
 1.99672039e-08  2.36321519e-03 
 1.99922039e-08  1.20111916e-03 
 2.00172039e-08  6.15444895e-04 
 2.00422039e-08  3.35249484e-04 
 2.00672039e-08  1.98618585e-04 
 2.00922039e-08  1.28687871e-04 
 2.01172039e-08  9.17575092e-05 
 2.01422039e-08  7.06267592e-05 
 2.01672039e-08  5.65406365e-05 
 2.01922039e-08  4.46880957e-05 
 2.02172039e-08  3.45068561e-05 
 2.02422039e-08  2.66518718e-05 
 2.02672039e-08  1.17732838e-05 
 2.02922039e-08  4.97053305e-06 
 2.03172039e-08  7.14072977e-06 
 2.03422039e-08  9.30121703e-06 
 2.03672039e-08  1.14199550e-05 
 2.03922039e-08  1.03359971e-05 
 2.04172039e-08  2.23690981e-06 
 2.04422039e-08 -7.72994565e-06 
 2.04672039e-08 -9.43757323e-06 
 2.04922039e-08 -6.03965475e-06 
 2.05172039e-08  1.91705470e-06 
 2.05422039e-08  8.62860846e-06 
 2.05672039e-08  1.22763776e-05 
 2.05922039e-08  1.26714741e-05 
 2.06172039e-08  1.05007022e-05 
 2.06422039e-08  6.01638014e-06 
 2.06672039e-08  4.51657798e-07 
 2.06922039e-08 -6.23075418e-06 
 2.07172039e-08 -1.85755574e-05 
 2.07422039e-08 -2.71559292e-05 
 2.07672039e-08 -1.83840963e-05 
 2.07922039e-08  1.01969458e-05 
 2.08172039e-08  6.10523210e-05 
 2.08422039e-08  1.14163557e-04 
 2.08672039e-08  1.33503011e-04 
 2.08922039e-08  1.18053260e-04 
 2.09172039e-08  1.00430707e-04 
 2.09422039e-08  7.58823575e-05 
 2.09672039e-08  2.10511750e-05 
 2.09922039e-08 -1.90547128e-05 
 2.10172039e-08  2.30436794e-06 
 2.10422039e-08  6.90144377e-05 
 2.10672039e-08  1.69476338e-04 
 2.10922039e-08  1.82512713e-04 
 2.11172039e-08 -3.47286420e-05 
 2.11422039e-08 -6.52312578e-04 
 2.11672039e-08 -1.49044798e-03 
 2.11922039e-08 -2.36405533e-03 
 2.12172039e-08 -3.18448139e-03 
 2.12422039e-08 -3.95261891e-03 
 2.12672039e-08 -4.77028962e-03 
 2.12922039e-08 -5.71554159e-03 
 2.13172039e-08 -6.90617624e-03 
 2.13422039e-08 -8.60635945e-03 
 2.13672039e-08 -1.11511319e-02 
 2.13922039e-08 -1.31000884e-02 
 2.14172039e-08 -7.31218240e-03 
 2.14422039e-08  1.54772500e-02 
 2.14672039e-08  6.40128163e-02 
 2.14922039e-08  1.53782501e-01 
 2.15172039e-08  3.27048742e-01 
 2.15422039e-08  7.66654114e-01 
 2.15672039e-08  1.64697901e+00 
 2.15922039e-08  2.63180181e+00 
 2.16172039e-08  3.12382861e+00 
 2.16422039e-08  3.24544652e+00 
 2.16672039e-08  3.27305294e+00 
 2.16922039e-08  3.28520679e+00 
 2.17172039e-08  3.29182021e+00 
 2.17422039e-08  3.29518612e+00 
 2.17672039e-08  3.29693704e+00 
 2.17922039e-08  3.29786754e+00 
 2.18172039e-08  3.29843654e+00 
 2.18422039e-08  3.29880889e+00 
 2.18672039e-08  3.29907040e+00 
 2.18922039e-08  3.29934348e+00 
 2.19172039e-08  3.29958849e+00 
 2.19422039e-08  3.29974882e+00 
 2.19672039e-08  3.29985020e+00 
 2.19922039e-08  3.29990060e+00 
 2.20172039e-08  3.29992308e+00 
 2.20422039e-08  3.29993319e+00 
 2.20672039e-08  3.29994003e+00 
 2.20922039e-08  3.29994997e+00 
 2.21172039e-08  3.29997228e+00 
 2.21422039e-08  3.29998326e+00 
 2.21672039e-08  3.29996309e+00 
 2.21922039e-08  3.29994441e+00 
 2.22172039e-08  3.29993279e+00 
 2.22422039e-08  3.29992616e+00 
 2.22672039e-08  3.29992198e+00 
 2.22922039e-08  3.29991998e+00 
 2.23172039e-08  3.29992744e+00 
 2.23422039e-08  3.29994494e+00 
 2.23672039e-08  3.29997265e+00 
 2.23922039e-08  3.29999889e+00 
 2.24172039e-08  3.30000767e+00 
 2.24422039e-08  3.29999733e+00 
 2.24672039e-08  3.29998844e+00 
 2.24922039e-08  3.29997923e+00 
 2.25172039e-08  3.29996251e+00 
 2.25422039e-08  3.29995422e+00 
 2.25672039e-08  3.29996704e+00 
 2.25922039e-08  3.30000913e+00 
 2.26172039e-08  3.30005584e+00 
 2.26422039e-08  3.30000434e+00 
 2.26672039e-08  3.29986916e+00 
 2.26922039e-08  3.29975409e+00 
 2.27172039e-08  3.29971883e+00 
 2.27422039e-08  3.29976775e+00 
 2.27672039e-08  3.29986313e+00 
 2.27922039e-08  3.29990428e+00 
 2.28172039e-08  3.29994074e+00 
 2.28422039e-08  3.29999643e+00 
 2.28672039e-08  3.30001153e+00 
 2.28922039e-08  3.29999588e+00 
 2.29172039e-08  3.29996203e+00 
 2.29422039e-08  3.29989923e+00 
 2.29672039e-08  3.29978785e+00 
 2.29922039e-08  3.29966458e+00 
 2.30172039e-08  3.29963877e+00 
 2.30422039e-08  3.29969857e+00 
 2.30672039e-08  3.29982387e+00 
 2.30922039e-08  3.30009464e+00 
 2.31172039e-08  3.30058964e+00 
 2.31422039e-08  3.30119206e+00 
 2.31672039e-08  3.30175847e+00 
 2.31922039e-08  3.30232722e+00 
 2.32172039e-08  3.30293549e+00 
 2.32422039e-08  3.30357345e+00 
 2.32672039e-08  3.30419848e+00 
 2.32922039e-08  3.30468732e+00 
 2.33172039e-08  3.30510361e+00 
 2.33422039e-08  3.30568760e+00 
 2.33672039e-08  3.30657504e+00 
 2.33922039e-08  3.30790303e+00 
 2.34172039e-08  3.30993323e+00 
 2.34422039e-08  3.31319651e+00 
 2.34672039e-08  3.31789490e+00 
 2.34922039e-08  3.31724610e+00 
 2.35172039e-08  3.29358015e+00 
 2.35422039e-08  3.23324011e+00 
 2.35672039e-08  3.11983385e+00 
 2.35922039e-08  2.91851289e+00 
 2.36172039e-08  2.42943157e+00 
 2.36422039e-08  1.46075379e+00 
 2.36672039e-08  4.31697833e-01 
 2.36922039e-08  2.92518698e-02 
 2.37172039e-08  2.33057480e-02 
 2.37422039e-08  1.03621737e-02 
 2.37655052e-08  6.34073849e-03 
 2.37905052e-08  3.20143486e-03 
 2.38155052e-08  1.66115569e-03 
 2.38405052e-08  8.34638543e-04 
 2.38655052e-08  4.41934108e-04 
 2.38905052e-08  2.50861529e-04 
 2.39155052e-08  1.55886981e-04 
 2.39405052e-08  1.06341463e-04 
 2.39655052e-08  7.91842392e-05 
 2.39905052e-08  6.26599791e-05 
 2.40155052e-08  5.00871513e-05 
 2.40405052e-08  3.90666896e-05 
 2.40655052e-08  3.04398385e-05 
 2.40905052e-08  1.95303930e-05 
 2.41155052e-08  6.12529099e-06 
 2.41405052e-08  5.96228336e-06 
 2.41655052e-08  8.26747450e-06 
 2.41905052e-08  1.04812300e-05 
 2.42155052e-08  1.16145135e-05 
 2.42405052e-08  6.92294983e-06 
 2.42655052e-08 -3.51984381e-06 
 2.42905052e-08 -9.78593894e-06 
 2.43155052e-08 -8.07748945e-06 
 2.43405052e-08 -2.42663431e-06 
 2.43655052e-08  6.28246904e-06 
 2.43905052e-08  1.07810695e-05 
 2.44155052e-08  1.26350031e-05 
 2.44405052e-08  1.19320639e-05 
 2.44655052e-08  8.46575297e-06 
 2.44905052e-08  3.06208803e-06 
 2.45155052e-08 -2.62598547e-06 
 2.45405052e-08 -1.17825320e-05 
 2.45655052e-08 -2.51486995e-05 
 2.45905052e-08 -2.45787258e-05 
 2.46155052e-08 -6.51598329e-06 
 2.46405052e-08  3.41426857e-05 
 2.46655052e-08  8.97555274e-05 
 2.46905052e-08  1.31373321e-04 
 2.47155052e-08  1.27691044e-04 
 2.47405052e-08  1.07224865e-04 
 2.47655052e-08  9.06339100e-05 
 2.47905052e-08  5.07357876e-05 
 2.48155052e-08 -6.87394322e-06 
 2.48405052e-08 -1.47811616e-05 
 2.48655052e-08  3.08753942e-05 
 2.48905052e-08  1.22634397e-04 
 2.49155052e-08  1.94690808e-04 
 2.49405052e-08  1.11283584e-04 
 2.49655052e-08 -3.02033342e-04 
 2.49905052e-08 -1.08876584e-03 
 2.50155052e-08 -1.92379198e-03 
 2.50405052e-08 -2.80718807e-03 
 2.50655052e-08 -3.57721293e-03 
 2.50905052e-08 -4.36294268e-03 
 2.51155052e-08 -5.23230779e-03 
 2.51405052e-08 -6.28816407e-03 
 2.51655052e-08 -7.68904682e-03 
 2.51905052e-08 -9.81277624e-03 
 2.52155052e-08 -1.25170712e-02 
 2.52405052e-08 -1.17291516e-02 
 2.52655052e-08  1.86128379e-03 
 2.52905052e-08  3.64020956e-02 
 2.53155052e-08  1.03434378e-01 
 2.53405052e-08  2.26993797e-01 
 2.53655052e-08  4.97269991e-01 
 2.53905052e-08  1.15251638e+00 
 2.54155052e-08  2.20724315e+00 
 2.54405052e-08  2.95650869e+00 
 2.54655052e-08  3.20993207e+00 
 2.54905052e-08  3.26344584e+00 
 2.55155052e-08  3.28019490e+00 
 2.55405052e-08  3.28914146e+00 
 2.55655052e-08  3.29383538e+00 
 2.55905052e-08  3.29622402e+00 
 2.56155052e-08  3.29748217e+00 
 2.56405052e-08  3.29818897e+00 
 2.56655052e-08  3.29864573e+00 
 2.56905052e-08  3.29894926e+00 
 2.57155052e-08  3.29920493e+00 
 2.57405052e-08  3.29947832e+00 
 2.57655052e-08  3.29967848e+00 
 2.57905052e-08  3.29980714e+00 
 2.58155052e-08  3.29988109e+00 
 2.58405052e-08  3.29991400e+00 
 2.58655052e-08  3.29992939e+00 
 2.58905052e-08  3.29993655e+00 
 2.59155052e-08  3.29994441e+00 
 2.59405052e-08  3.29995914e+00 
 2.59655052e-08  3.29998285e+00 
 2.59905052e-08  3.29997470e+00 
 2.60155052e-08  3.29995267e+00 
 2.60405052e-08  3.29993799e+00 
 2.60655052e-08  3.29992890e+00 
 2.60905052e-08  3.29992423e+00 
 2.61155052e-08  3.29992005e+00 
 2.61405052e-08  3.29992254e+00 
 2.61655052e-08  3.29993489e+00 
 2.61905052e-08  3.29995771e+00 
 2.62155052e-08  3.29998721e+00 
 2.62405052e-08  3.30000588e+00 
 2.62655052e-08  3.30000399e+00 
 2.62905052e-08  3.29999244e+00 
 2.63155052e-08  3.29998375e+00 
 2.63405052e-08  3.29997285e+00 
 2.63655052e-08  3.29995463e+00 
 2.63905052e-08  3.29995835e+00 
 2.64155052e-08  3.29998344e+00 
 2.64405052e-08  3.30003838e+00 
 2.64655052e-08  3.30004594e+00 
 2.64905052e-08  3.29994259e+00 
 2.65155052e-08  3.29980424e+00 
 2.65405052e-08  3.29972530e+00 
 2.65655052e-08  3.29973464e+00 
 2.65905052e-08  3.29981509e+00 
 2.66155052e-08  3.29988925e+00 
 2.66405052e-08  3.29991890e+00 
 2.66655052e-08  3.29997096e+00 
 2.66905052e-08  3.30000865e+00 
 2.67155052e-08  3.30000616e+00 
 2.67405052e-08  3.29998125e+00 
 2.67655052e-08  3.29993508e+00 
 2.67905052e-08  3.29985273e+00 
 2.68155052e-08  3.29972079e+00 
 2.68405052e-08  3.29963898e+00 
 2.68655052e-08  3.29966084e+00 
 2.68905052e-08  3.29974759e+00 
 2.69155052e-08  3.29992985e+00 
 2.69405052e-08  3.30031649e+00 
 2.69655052e-08  3.30087594e+00 
 2.69905052e-08  3.30147104e+00 
 2.70155052e-08  3.30202256e+00 
 2.70405052e-08  3.30261481e+00 
 2.70655052e-08  3.30323521e+00 
 2.70905052e-08  3.30387882e+00 
 2.71155052e-08  3.30445049e+00 
 2.71405052e-08  3.30487656e+00 
 2.71655052e-08  3.30534707e+00 
 2.71905052e-08  3.30606191e+00 
 2.72155052e-08  3.30713539e+00 
 2.72405052e-08  3.30874991e+00 
 2.72655052e-08  3.31125985e+00 
 2.72905052e-08  3.31532671e+00 
 2.73155052e-08  3.31920707e+00 
 2.73405052e-08  3.30999577e+00 
 2.73655052e-08  3.27062000e+00 
 2.73905052e-08  3.18745572e+00 
 2.74155052e-08  3.04040252e+00 
 2.74405052e-08  2.75303005e+00 
 2.74655052e-08  2.04507247e+00 
 2.74905052e-08  8.98553181e-01 
 2.75089271e-08  2.56469051e-01 
 2.75304651e-08  3.47089128e-02 
 2.75501317e-08  2.36251878e-02 
 2.75713151e-08  1.31107084e-02 
 2.75963151e-08  7.13505475e-03 
 2.76213151e-08  3.75098055e-03 
 2.76463151e-08  1.92308424e-03 
 2.76713151e-08  9.73769117e-04 
 2.76963151e-08  5.06287865e-04 
 2.77213151e-08  2.82942256e-04 
 2.77463151e-08  1.72009866e-04 
 2.77713151e-08  1.15045698e-04 
 2.77963151e-08  8.40806539e-05 
 2.78213151e-08  6.59493894e-05 
 2.78463151e-08  5.28374716e-05 
 2.78713151e-08  4.15284751e-05 
 2.78963151e-08  3.21077167e-05 
 2.79213151e-08  2.31709106e-05 
 2.79463151e-08  8.13419446e-06 
 2.79713151e-08  5.32766939e-06 
 2.79963151e-08  7.76051394e-06 
 2.80213151e-08  9.91560252e-06 
 2.80463151e-08  1.16798224e-05 
 2.80713151e-08  8.76843856e-06 
 2.80963151e-08 -8.53837247e-07 
 2.81213151e-08 -9.18835740e-06 
 2.81463151e-08 -8.83897221e-06 
 2.81713151e-08 -4.37856136e-06 
 2.81963151e-08  4.56010336e-06 
 2.82213151e-08  9.70808369e-06 
 2.82463151e-08  1.25147550e-05 
 2.82713151e-08  1.23700087e-05 
 2.82963151e-08  9.51896878e-06 
 2.83213151e-08  4.51693170e-06 
 2.83463151e-08 -1.10673493e-06 
 2.83713151e-08 -8.80175302e-06 
 2.83963151e-08 -2.22931530e-05 
 2.84213151e-08 -2.63786088e-05 
 2.84463151e-08 -1.30549132e-05 
 2.84713151e-08  2.14199637e-05 
 2.84963151e-08  7.57199617e-05 
 2.85213151e-08  1.24152769e-04 
 2.85463151e-08  1.31352571e-04 
 2.85713151e-08  1.12213094e-04 
 2.85963151e-08  9.59525402e-05 
 2.86213151e-08  6.43729473e-05 
 2.86463151e-08  5.67311758e-06 
 2.86713151e-08 -1.92493579e-05 
 2.86963151e-08  1.50195118e-05 
 2.87213151e-08  9.43274902e-05 
 2.87463151e-08  1.85879363e-04 
 2.87713151e-08  1.56704354e-04 
 2.87963151e-08 -1.50485364e-04 
 2.88213151e-08 -8.62970134e-04 
 2.88463151e-08 -1.69270531e-03 
 2.88713151e-08 -2.58359098e-03 
 2.88963151e-08 -3.37161075e-03 
 2.89213151e-08 -4.14514810e-03 
 2.89463151e-08 -4.98452963e-03 
 2.89713151e-08 -5.97712172e-03 
 2.89963151e-08 -7.25556145e-03 
 2.90213151e-08 -9.14365738e-03 
 2.90463151e-08 -1.18293922e-02 
 2.90713151e-08 -1.27801827e-02 
 2.90963151e-08 -3.58777190e-03 
 2.91213151e-08  2.44370480e-02 
 2.91463151e-08  8.10997359e-02 
 2.91713151e-08  1.85083435e-01 
 2.91963151e-08  3.94939684e-01 
 2.92213151e-08  9.32165267e-01 
 2.92463151e-08  1.91303498e+00 
 2.92713151e-08  2.80048618e+00 
 2.92963151e-08  3.17265174e+00 
 2.93213151e-08  3.25538965e+00 
 2.93463151e-08  3.27666077e+00 
 2.93713151e-08  3.28719889e+00 
 2.93963151e-08  3.29284884e+00 
 2.94213151e-08  3.29571045e+00 
 2.94463151e-08  3.29721213e+00 
 2.94713151e-08  3.29802448e+00 
 2.94963151e-08  3.29853812e+00 
 2.95213151e-08  3.29887617e+00 
 2.95463151e-08  3.29912933e+00 
 2.95713151e-08  3.29940559e+00 
 2.95963151e-08  3.29963108e+00 
 2.96213151e-08  3.29977655e+00 
 2.96463151e-08  3.29986535e+00 
 2.96713151e-08  3.29990724e+00 
 2.96963151e-08  3.29992633e+00 
 2.97213151e-08  3.29993480e+00 
 2.97463151e-08  3.29994188e+00 
 2.97713151e-08  3.29995327e+00 
 2.97963151e-08  3.29997776e+00 
 2.98213151e-08  3.29998050e+00 
 2.98463151e-08  3.29995849e+00 
 2.98713151e-08  3.29994164e+00 
 2.98963151e-08  3.29993113e+00 
 2.99213151e-08  3.29992546e+00 
 2.99463151e-08  3.29992118e+00 
 2.99713151e-08  3.29992084e+00 
 2.99963151e-08  3.29993027e+00 
 3.00213151e-08  3.29994980e+00 
 3.00463151e-08  3.29997867e+00 
 3.00713151e-08  3.30000232e+00 
 3.00963151e-08  3.30000678e+00 
 3.01213151e-08  3.29999526e+00 
 3.01463151e-08  3.29998655e+00 
 3.01713151e-08  3.29997722e+00 
 3.01963151e-08  3.29995841e+00 
 3.02213151e-08  3.29995593e+00 
 3.02463151e-08  3.29997274e+00 
 3.02713151e-08  3.30002010e+00 
 3.02963151e-08  3.30005544e+00 
 3.03213151e-08  3.29998315e+00 
 3.03463151e-08  3.29984332e+00 
 3.03713151e-08  3.29974194e+00 
 3.03963151e-08  3.29972301e+00 
 3.04213151e-08  3.29978460e+00 
 3.04463151e-08  3.29987495e+00 
 3.04713151e-08  3.29990968e+00 
 3.04963151e-08  3.29995135e+00 
 3.05213151e-08  3.30000218e+00 
 3.05463151e-08  3.30001058e+00 
 3.05713151e-08  3.29999106e+00 
 3.05963151e-08  3.29995329e+00 
 3.06213151e-08  3.29988471e+00 
 3.06463151e-08  3.29976461e+00 
 3.06713151e-08  3.29965303e+00 
 3.06963151e-08  3.29964491e+00 
 3.07213151e-08  3.29971403e+00 
 3.07463151e-08  3.29985579e+00 
 3.07713151e-08  3.30015788e+00 
 3.07963151e-08  3.30067773e+00 
 3.08213151e-08  3.30128608e+00 
 3.08463151e-08  3.30184417e+00 
 3.08713151e-08  3.30242057e+00 
 3.08963151e-08  3.30303094e+00 
 3.09213151e-08  3.30367123e+00 
 3.09463151e-08  3.30428215e+00 
 3.09713151e-08  3.30474551e+00 
 3.09963151e-08  3.30517247e+00 
 3.10213151e-08  3.30579509e+00 
 3.10463151e-08  3.30673731e+00 
 3.10713151e-08  3.30814756e+00 
 3.10963151e-08  3.31030549e+00 
 3.11213151e-08  3.31380993e+00 
 3.11463151e-08  3.31847244e+00 
 3.11713151e-08  3.31564200e+00 
 3.11963151e-08  3.28739486e+00 
 3.12213151e-08  3.22034805e+00 
 3.12463151e-08  3.09754913e+00 
 3.12713151e-08  2.87578218e+00 
 3.12963151e-08  2.32088627e+00 
 3.13213151e-08  1.28426124e+00 
 3.13463151e-08  3.30393580e-01 
 3.13713151e-08  2.01180536e-02 
 3.13963151e-08  2.25611116e-02 
 3.14213151e-08  9.17461761e-03 
 3.14463151e-08  5.64262512e-03 
 3.14713151e-08  2.74972982e-03 
 3.14963151e-08  1.44551004e-03 
 3.15213151e-08  7.22945358e-04 
 3.15463151e-08  3.89953359e-04 
 3.15713151e-08  2.24894759e-04 
 3.15963151e-08  1.42739488e-04 
 3.16213151e-08  9.92739443e-05 
 3.16463151e-08  7.51082059e-05 
 3.16713151e-08  5.98739897e-05 
 3.16963151e-08  4.77563317e-05 
 3.17213151e-08  3.70490348e-05 
 3.17463151e-08  2.90170437e-05 
 3.17713151e-08  1.63801839e-05 
 3.17963151e-08  5.27463137e-06 
 3.18213151e-08  6.39177731e-06 
 3.18463151e-08  8.63007377e-06 
 3.18713151e-08  1.08346942e-05 
 3.18963151e-08  1.12907537e-05 
 3.19213151e-08  5.29807814e-06 
 3.19463151e-08 -5.26106917e-06 
 3.19713151e-08 -9.87797065e-06 
 3.19963151e-08 -7.40707177e-06 
 3.20213151e-08 -9.00540044e-07 
 3.20463151e-08  7.17722143e-06 
 3.20713151e-08  1.14540786e-05 
 3.20963151e-08  1.26509835e-05 
 3.21213151e-08  1.14694564e-05 
 3.21463151e-08  7.63775531e-06 
 3.21713151e-08  2.11856385e-06 
 3.21963151e-08 -3.71755888e-06 
 3.22213151e-08 -1.39105880e-05 
 3.22463151e-08 -2.62920093e-05 
 3.22713151e-08 -2.28998730e-05 
 3.22963151e-08 -1.69522964e-06 
 3.23213151e-08  4.24084783e-05 
 3.23463151e-08  9.84070090e-05 
 3.23713151e-08  1.32565377e-04 
 3.23963151e-08  1.25140179e-04 
 3.24213151e-08  1.04427353e-04 
 3.24463151e-08  8.62914471e-05 
 3.24713151e-08  4.16628460e-05 
 3.24963151e-08 -1.26148431e-05 
 3.25213151e-08 -1.06126466e-05 
 3.25463151e-08  4.10649519e-05 
 3.25713151e-08  1.37935030e-04 
 3.25963151e-08  1.94977444e-04 
 3.26213151e-08  7.69592577e-05 
 3.26463151e-08 -3.95885076e-04 
 3.26713151e-08 -1.20548190e-03 
 3.26963151e-08 -2.05186631e-03 
 3.27213151e-08 -2.91529499e-03 
 3.27463151e-08 -3.68120996e-03 
 3.27713151e-08 -4.47283876e-03 
 3.27963151e-08 -5.35983048e-03 
 3.28213151e-08 -6.44717693e-03 
 3.28463151e-08 -7.91910254e-03 
 3.28713151e-08 -1.01616051e-02 
 3.28963151e-08 -1.27775320e-02 
 3.29213151e-08 -1.08558288e-02 
 3.29463151e-08  5.06088995e-03 
 3.29713151e-08  4.31269324e-02 
 3.29963151e-08  1.15642029e-01 
 3.30213151e-08  2.50311717e-01 
 3.30463151e-08  5.59546849e-01 
 3.30713151e-08  1.27399546e+00 
 3.30963151e-08  2.33348738e+00 
 3.31213151e-08  3.01246730e+00 
 3.31463151e-08  3.22206669e+00 
 3.31713151e-08  3.26643841e+00 
 3.31963151e-08  3.28164880e+00 
 3.32213151e-08  3.28992954e+00 
 3.32463151e-08  3.29423094e+00 
 3.32713151e-08  3.29643176e+00 
 3.32963151e-08  3.29759123e+00 
 3.33213151e-08  3.29825720e+00 
 3.33463151e-08  3.29868965e+00 
 3.33713151e-08  3.29897990e+00 
 3.33963151e-08  3.29923776e+00 
 3.34213151e-08  3.29950648e+00 
 3.34463151e-08  3.29969618e+00 
 3.34713151e-08  3.29981844e+00 
 3.34963151e-08  3.29988649e+00 
 3.35213151e-08  3.29991658e+00 
 3.35463151e-08  3.29993050e+00 
 3.35713151e-08  3.29993740e+00 
 3.35963151e-08  3.29994559e+00 
 3.36213151e-08  3.29996163e+00 
 3.36463151e-08  3.29998384e+00 
 3.36713151e-08  3.29997249e+00 
 3.36963151e-08  3.29995095e+00 
 3.37213151e-08  3.29993698e+00 
 3.37463151e-08  3.29992838e+00 
 3.37713151e-08  3.29992398e+00 
 3.37963151e-08  3.29991997e+00 
 3.38213151e-08  3.29992341e+00 
 3.38463151e-08  3.29993664e+00 
 3.38713151e-08  3.29996038e+00 
 3.38963151e-08  3.29998967e+00 
 3.39213151e-08  3.30000659e+00 
 3.39463151e-08  3.30000290e+00 
 3.39713151e-08  3.29999184e+00 
 3.39963151e-08  3.29998303e+00 
 3.40213151e-08  3.29997129e+00 
 3.40463151e-08  3.29995425e+00 
 3.40713151e-08  3.29995912e+00 
 3.40963151e-08  3.29998694e+00 
 3.41213151e-08  3.30004269e+00 
 3.41463151e-08  3.30004159e+00 
 3.41713151e-08  3.29993151e+00 
 3.41963151e-08  3.29979562e+00 
 3.42213151e-08  3.29972281e+00 
 3.42463151e-08  3.29973895e+00 
 3.42713151e-08  3.29982344e+00 
 3.42963151e-08  3.29989205e+00 
 3.43213151e-08  3.29992197e+00 
 3.43463151e-08  3.29997587e+00 
 3.43713151e-08  3.30000952e+00 
 3.43963151e-08  3.30000486e+00 
 3.44213151e-08  3.29997880e+00 
 3.44463151e-08  3.29993071e+00 
 3.44713151e-08  3.29984520e+00 
 3.44963151e-08  3.29971234e+00 
 3.45213151e-08  3.29963789e+00 
 3.45463151e-08  3.29966536e+00 
 3.45713151e-08  3.29975585e+00 
 3.45963151e-08  3.29994729e+00 
 3.46213151e-08  3.30034846e+00 
 3.46463151e-08  3.30091318e+00 
 3.46713151e-08  3.30150461e+00 
 3.46963151e-08  3.30205688e+00 
 3.47213151e-08  3.30264978e+00 
 3.47463151e-08  3.30327135e+00 
 3.47713151e-08  3.30391382e+00 
 3.47963151e-08  3.30447595e+00 
 3.48213151e-08  3.30489656e+00 
 3.48463151e-08  3.30537660e+00 
 3.48713151e-08  3.30610789e+00 
 3.48963151e-08  3.30720474e+00 
 3.49213151e-08  3.30885591e+00 
 3.49463151e-08  3.31142954e+00 
 3.49713151e-08  3.31558394e+00 
 3.49963151e-08  3.31920765e+00 
 3.50213151e-08  3.30874067e+00 
 3.50463151e-08  3.26746340e+00 
 3.50713151e-08  3.18156183e+00 
 3.50963151e-08  3.03018111e+00 
 3.51213151e-08  2.72860667e+00 
 3.51463151e-08  1.99635972e+00 
 3.51713151e-08  8.44999184e-01 
 3.51889830e-08  2.44324304e-01 
 3.52099591e-08  3.62957455e-02 
 3.52290664e-08  2.38377299e-02 
 3.52498460e-08  1.34916615e-02 
 3.52748460e-08  7.30306394e-03 
 3.52998460e-08  3.85590282e-03 
 3.53248460e-08  1.97658907e-03 
 3.53498460e-08  1.00149349e-03 
 3.53748460e-08  5.19430305e-04 
 3.53998460e-08  2.89300813e-04 
 3.54248460e-08  1.75268269e-04 
 3.54498460e-08  1.16763342e-04 
 3.54748460e-08  8.50572092e-05 
 3.54998460e-08  6.65824069e-05 
 3.55248460e-08  5.33797359e-05 
 3.55498460e-08  4.20275304e-05 
 3.55748460e-08  3.24465148e-05 
 3.55998460e-08  2.38982853e-05 
 3.56248460e-08  8.70987616e-06 
 3.56498460e-08  5.18080796e-06 
 3.56748460e-08  7.62861561e-06 
 3.56998460e-08  9.76904375e-06 
 3.57248460e-08  1.16327535e-05 
 3.57498460e-08  9.13014585e-06 
 3.57748460e-08 -1.92936668e-07 
 3.57998460e-08 -8.95972976e-06 
 3.58248460e-08 -8.98407356e-06 
 3.58498460e-08 -4.77291814e-06 
 3.58748460e-08  3.96684136e-06 
 3.58998460e-08  9.49957936e-06 
 3.59248460e-08  1.24513449e-05 
 3.59498460e-08  1.24391056e-05 
 3.59748460e-08  9.75291179e-06 
 3.59998460e-08  4.87399104e-06 
 3.60248460e-08 -7.47520132e-07 
 3.60498460e-08 -8.10363242e-06 
 3.60748460e-08 -2.14042870e-05 
 3.60998460e-08 -2.66600242e-05 
 3.61248460e-08 -1.45278788e-05 
 3.61498460e-08  1.88001544e-05 
 3.61748460e-08  7.22477553e-05 
 3.61998460e-08  1.21610981e-04 
 3.62248460e-08  1.32095586e-04 
 3.62498460e-08  1.13440000e-04 
 3.62748460e-08  9.71862639e-05 
 3.62998460e-08  6.75858895e-05 
 3.63248460e-08  9.51395610e-06 
 3.63498460e-08 -1.97047756e-05 
 3.63748460e-08  1.11657235e-05 
 3.63998460e-08  8.67957590e-05 
 3.64248460e-08  1.81815794e-04 
 3.64498460e-08  1.65665327e-04 
 3.64748460e-08 -1.13894655e-04 
 3.64998460e-08 -7.98986092e-04 
 3.65248460e-08 -1.63277517e-03 
 3.65498460e-08 -2.51735716e-03 
 3.65748460e-08 -3.31394306e-03 
 3.65998460e-08 -4.08449761e-03 
 3.66248460e-08 -4.91596547e-03 
 3.66498460e-08 -5.89236591e-03 
 3.66748460e-08 -7.14072943e-03 
 3.66998460e-08 -8.96629781e-03 
 3.67248460e-08 -1.16151480e-02 
 3.67498460e-08 -1.29317389e-02 
 3.67748460e-08 -4.87766441e-03 
 3.67998460e-08  2.14325644e-02 
 3.68248460e-08  7.53842975e-02 
 3.68498460e-08  1.74515236e-01 
 3.68748460e-08  3.71258285e-01 
 3.68998460e-08  8.76210973e-01 
 3.69248460e-08  1.82630248e+00 
 3.69498460e-08  2.74827829e+00 
 3.69748460e-08  3.15856541e+00 
 3.69998460e-08  3.25248255e+00 
 3.70248460e-08  3.27553659e+00 
 3.70498460e-08  3.28657655e+00 
 3.70748460e-08  3.29252885e+00 
 3.70998460e-08  3.29554595e+00 
 3.71248460e-08  3.29712549e+00 
 3.71498460e-08  3.29797372e+00 
 3.71748460e-08  3.29850479e+00 
 3.71998460e-08  3.29885384e+00 
 3.72248460e-08  3.29910843e+00 
 3.72498460e-08  3.29938358e+00 
 3.72748460e-08  3.29961621e+00 
 3.72998460e-08  3.29976684e+00 
 3.73248460e-08  3.29986013e+00 
 3.73498460e-08  3.29990502e+00 
 3.73748460e-08  3.29992529e+00 
 3.73998460e-08  3.29993429e+00 
 3.74248460e-08  3.29994120e+00 
 3.74498460e-08  3.29995191e+00 
 3.74748460e-08  3.29997565e+00 
 3.74998460e-08  3.29998181e+00 
 3.75248460e-08  3.29996038e+00 
 3.75498460e-08  3.29994280e+00 
 3.75748460e-08  3.29993186e+00 
 3.75998460e-08  3.29992581e+00 
 3.76248460e-08  3.29992161e+00 
 3.76498460e-08  3.29992052e+00 
 3.76748460e-08  3.29992908e+00 
 3.76998460e-08  3.29994770e+00 
 3.77248460e-08  3.29997608e+00 
 3.77498460e-08  3.30000091e+00 
 3.77748460e-08  3.30000729e+00 
 3.77998460e-08  3.29999621e+00 
 3.78248460e-08  3.29998741e+00 
 3.78498460e-08  3.29997819e+00 
 3.78748460e-08  3.29996028e+00 
 3.78998460e-08  3.29995506e+00 
 3.79248460e-08  3.29996995e+00 
 3.79498460e-08  3.30001494e+00 
 3.79748460e-08  3.30005612e+00 
 3.79998460e-08  3.29999355e+00 
 3.80248460e-08  3.29985573e+00 
 3.80498460e-08  3.29974777e+00 
 3.80748460e-08  3.29972086e+00 
 3.80998460e-08  3.29977651e+00 
 3.81248460e-08  3.29986963e+00 
 3.81498460e-08  3.29990729e+00 
 3.81748460e-08  3.29994610e+00 
 3.81998460e-08  3.29999944e+00 
 3.82248460e-08  3.30001126e+00 
 3.82498460e-08  3.29999388e+00 
 3.82748460e-08  3.29995819e+00 
 3.82998460e-08  3.29989250e+00 
 3.83248460e-08  3.29977701e+00 
 3.83498460e-08  3.29965895e+00 
 3.83748460e-08  3.29964167e+00 
 3.83998460e-08  3.29970587e+00 
 3.84248460e-08  3.29983833e+00 
 3.84498460e-08  3.30012306e+00 
 3.84748460e-08  3.30062934e+00 
 3.84998460e-08  3.30123426e+00 
 3.85248460e-08  3.30179640e+00 
 3.85498460e-08  3.30236781e+00 
 3.85748460e-08  3.30297658e+00 
 3.85998460e-08  3.30361494e+00 
 3.86248460e-08  3.30423370e+00 
 3.86498460e-08  3.30471044e+00 
 3.86748460e-08  3.30513008e+00 
 3.86998460e-08  3.30572988e+00 
 3.87248460e-08  3.30663963e+00 
 3.87498460e-08  3.30800067e+00 
 3.87748460e-08  3.31007556e+00 
 3.87998460e-08  3.31343613e+00 
 3.88248460e-08  3.31814067e+00 
 3.88498460e-08  3.31664777e+00 
 3.88748460e-08  3.29115375e+00 
 3.88998460e-08  3.22813709e+00 
 3.89248460e-08  3.11104666e+00 
 3.89498460e-08  2.90197537e+00 
 3.89748460e-08  2.38683480e+00 
 3.89998460e-08  1.39058526e+00 
 3.90248460e-08  3.90096566e-01 
 3.90498460e-08  2.48159347e-02 
 3.90739762e-08  2.34499067e-02 
 3.90989762e-08  1.01124778e-02 
 3.91222729e-08  6.28158920e-03 
 3.91472729e-08  3.15139406e-03 
 3.91722729e-08  1.64024839e-03 
 3.91972729e-08  8.23065322e-04 
 3.92222729e-08  4.36645524e-04 
 3.92472729e-08  2.48204141e-04 
 3.92722729e-08  1.54567371e-04 
 3.92972729e-08  1.05652196e-04 
 3.93222729e-08  7.87918223e-05 
 3.93472729e-08  6.24188668e-05 
 3.93722729e-08  4.99186374e-05 
 3.93972729e-08  3.89480084e-05 
 3.94222729e-08  3.03570971e-05 
 3.94472729e-08  1.94755918e-05 
 3.94722729e-08  6.09003092e-06 
 3.94972729e-08  5.93101124e-06 
 3.95222729e-08  8.24038289e-06 
 3.95472729e-08  1.04481177e-05 
 3.95722729e-08  1.15926219e-05 
 3.95972729e-08  6.95432527e-06 
 3.96222729e-08 -3.45783206e-06 
 3.96472729e-08 -9.77759019e-06 
 3.96722729e-08 -8.10784423e-06 
 3.96972729e-08 -2.50551075e-06 
 3.97222729e-08  6.22087748e-06 
 3.97472729e-08  1.07264856e-05 
 3.97722729e-08  1.26142803e-05 
 3.97972729e-08  1.19371912e-05 
 3.98222729e-08  8.50662733e-06 
 3.98472729e-08  3.13414852e-06 
 3.98722729e-08 -2.52606900e-06 
 3.98972729e-08 -1.15593047e-05 
 3.99222729e-08 -2.49599453e-05 
 3.99472729e-08 -2.47185177e-05 
 3.99722729e-08 -7.05033511e-06 
 3.99972729e-08  3.30801643e-05 
 4.00222729e-08  8.84889703e-05 
 4.00472729e-08  1.30988334e-04 
 4.00722729e-08  1.27810403e-04 
 4.00972729e-08  1.07514663e-04 
 4.01222729e-08  9.10655802e-05 
 4.01472729e-08  5.18735901e-05 
 4.01722729e-08 -5.94703067e-06 
 4.01972729e-08 -1.54387960e-05 
 4.02222729e-08  2.91091303e-05 
 4.02472729e-08  1.19606387e-04 
 4.02722729e-08  1.94083766e-04 
 4.02972729e-08  1.17139493e-04 
 4.03222729e-08 -2.83746093e-04 
 4.03472729e-08 -1.06371471e-03 
 4.03722729e-08 -1.89498911e-03 
 4.03972729e-08 -2.78133854e-03 
 4.04222729e-08 -3.55143232e-03 
 4.04472729e-08 -4.33495517e-03 
 4.04722729e-08 -5.19938822e-03 
 4.04972729e-08 -6.24690417e-03 
 4.05222729e-08 -7.62996526e-03 
 4.05472729e-08 -9.72190852e-03 
 4.05722729e-08 -1.24337690e-02 
 4.05972729e-08 -1.19059937e-02 
 4.06222729e-08  1.09657256e-03 
 4.06472729e-08  3.47183056e-02 
 4.06722729e-08  1.00316801e-01 
 4.06972729e-08  2.21018191e-01 
 4.07222729e-08  4.81669285e-01 
 4.07472729e-08  1.12064340e+00 
 4.07722729e-08  2.16980437e+00 
 4.07972729e-08  2.93850741e+00 
 4.08222729e-08  3.20596616e+00 
 4.08472729e-08  3.26260045e+00 
 4.08722729e-08  3.27975225e+00 
 4.08972729e-08  3.28890016e+00 
 4.09222729e-08  3.29371286e+00 
 4.09472729e-08  3.29615930e+00 
 4.09722729e-08  3.29744761e+00 
 4.09972729e-08  3.29816703e+00 
 4.10222729e-08  3.29863102e+00 
 4.10472729e-08  3.29893912e+00 
 4.10722729e-08  3.29919320e+00 
 4.10972729e-08  3.29946753e+00 
 4.11222729e-08  3.29967152e+00 
 4.11472729e-08  3.29980265e+00 
 4.11722729e-08  3.29987891e+00 
 4.11972729e-08  3.29991308e+00 
 4.12222729e-08  3.29992902e+00 
 4.12472729e-08  3.29993629e+00 
 4.12722729e-08  3.29994395e+00 
 4.12972729e-08  3.29995801e+00 
 4.13222729e-08  3.29998220e+00 
 4.13472729e-08  3.29997584e+00 
 4.13722729e-08  3.29995367e+00 
 4.13972729e-08  3.29993863e+00 
 4.14222729e-08  3.29992930e+00 
 4.14472729e-08  3.29992450e+00 
 4.14722729e-08  3.29992026e+00 
 4.14972729e-08  3.29992221e+00 
 4.15222729e-08  3.29993402e+00 
 4.15472729e-08  3.29995621e+00 
 4.15722729e-08  3.29998571e+00 
 4.15972729e-08  3.30000539e+00 
 4.16222729e-08  3.30000466e+00 
 4.16472729e-08  3.29999287e+00 
 4.16722729e-08  3.29998426e+00 
 4.16972729e-08  3.29997386e+00 
 4.17222729e-08  3.29995504e+00 
 4.17472729e-08  3.29995799e+00 
 4.17722729e-08  3.29998112e+00 
 4.17972729e-08  3.30003508e+00 
 4.18222729e-08  3.30004866e+00 
 4.18472729e-08  3.29995080e+00 
 4.18722729e-08  3.29981132e+00 
 4.18972729e-08  3.29972792e+00 
 4.19222729e-08  3.29973201e+00 
 4.19472729e-08  3.29980905e+00 
 4.19722729e-08  3.29988708e+00 
 4.19972729e-08  3.29991691e+00 
 4.20222729e-08  3.29996710e+00 
 4.20472729e-08  3.30000777e+00 
 4.20722729e-08  3.30000720e+00 
 4.20972729e-08  3.29998334e+00 
 4.21222729e-08  3.29993891e+00 
 4.21472729e-08  3.29985949e+00 
 4.21722729e-08  3.29972911e+00 
 4.21972729e-08  3.29964085e+00 
 4.22222729e-08  3.29965723e+00 
 4.22472729e-08  3.29974037e+00 
 4.22722729e-08  3.29991381e+00 
 4.22972729e-08  3.30028559e+00 
 4.23222729e-08  3.30083831e+00 
 4.23472729e-08  3.30143576e+00 
 4.23722729e-08  3.30198582e+00 
 4.23972729e-08  3.30257704e+00 
 4.24222729e-08  3.30319473e+00 
 4.24472729e-08  3.30383839e+00 
 4.24722729e-08  3.30441878e+00 
 4.24972729e-08  3.30485064e+00 
 4.25222729e-08  3.30531074e+00 
 4.25472729e-08  3.30600669e+00 
 4.25722729e-08  3.30705308e+00 
 4.25972729e-08  3.30862485e+00 
 4.26222729e-08  3.31106036e+00 
 4.26472729e-08  3.31501716e+00 
 4.26722729e-08  3.31914600e+00 
 4.26972729e-08  3.31135978e+00 
 4.27222729e-08  3.27425485e+00 
 4.27472729e-08  3.19437961e+00 
 4.27722729e-08  3.05247025e+00 
 4.27972729e-08  2.78092546e+00 
 4.28222729e-08  2.10309638e+00 
 4.28472729e-08  9.68718385e-01 
 4.28668199e-08  2.70416757e-01 
 4.28891257e-08  3.19425112e-02 
 4.29114672e-08  2.23421707e-02 
 4.29323695e-08  1.22012877e-02 
 4.29573695e-08  6.70096903e-03 
 4.29823695e-08  3.49298923e-03 
 4.30073695e-08  1.79098393e-03 
 4.30323695e-08  9.06253010e-04 
 4.30573695e-08  4.74191584e-04 
 4.30823695e-08  2.67299692e-04 
 4.31073695e-08  1.64053100e-04 
 4.31323695e-08  1.10836335e-04 
 4.31573695e-08  8.16999496e-05 
 4.31823695e-08  6.43994743e-05 
 4.32073695e-08  5.15551973e-05 
 4.32323695e-08  4.03923441e-05 
 4.32573695e-08  3.13459347e-05 
 4.32823695e-08  2.15783100e-05 
 4.33073695e-08  7.10184124e-06 
 4.33323695e-08  5.59919555e-06 
 4.33573695e-08  7.98193458e-06 
 4.33823695e-08  1.01647189e-05 
 4.34073695e-08  1.16877963e-05 
 4.34323695e-08  8.00170367e-06 
 4.34573695e-08 -2.06422500e-06 
 4.34823695e-08 -9.52287583e-06 
 4.35073695e-08 -8.53338281e-06 
 4.35323695e-08 -3.59609510e-06 
 4.35573695e-08  5.49157721e-06 
 4.35823695e-08  1.01039401e-05 
 4.36073695e-08  1.25905466e-05 
 4.36323695e-08  1.21990469e-05 
 4.36573695e-08  9.06811903e-06 
 4.36823695e-08  3.88030768e-06 
 4.37073695e-08 -1.75221027e-06 
 4.37323695e-08 -1.00554715e-05 
 4.37573695e-08 -2.36647693e-05 
 4.37823695e-08 -2.57182110e-05 
 4.38073695e-08 -1.03628234e-05 
 4.38323695e-08  2.68461205e-05 
 4.38573695e-08  8.19355936e-05 
 4.38823695e-08  1.27780999e-04 
 4.39073695e-08  1.29843109e-04 
 4.39323695e-08  1.10024055e-04 
 4.39573695e-08  9.38129147e-05 
 4.39823695e-08  5.85950698e-05 
 4.40073695e-08 -1.63736759e-07 
 4.40323695e-08 -1.78811170e-05 
 4.40573695e-08  2.16521642e-05 
 4.40823695e-08  1.06663602e-04 
 4.41073695e-08  1.90922433e-04 
 4.41323695e-08  1.39337139e-04 
 4.41573695e-08 -2.13388648e-04 
 4.41823695e-08 -9.66631651e-04 
 4.42073695e-08 -1.78555149e-03 
 4.42323695e-08 -2.68713162e-03 
 4.42573695e-08 -3.46175459e-03 
 4.42823695e-08 -4.24122602e-03 
 4.43073695e-08 -5.09250948e-03 
 4.43323695e-08 -6.11271564e-03 
 4.43573695e-08 -7.44186776e-03 
 4.43823695e-08 -9.43201894e-03 
 4.44073695e-08 -1.21510644e-02 
 4.44323695e-08 -1.24203528e-02 
 4.44573695e-08 -1.33591329e-03 
 4.44823695e-08  2.94553942e-02 
 4.45073695e-08  9.05713774e-02 
 4.45323695e-08  2.02723958e-01 
 4.45573695e-08  4.36270125e-01 
 4.45823695e-08  1.02502515e+00 
 4.46073695e-08  2.04725460e+00 
 4.46323695e-08  2.87591032e+00 
 4.46573695e-08  3.19152527e+00 
 4.46823695e-08  3.25943700e+00 
 4.47073695e-08  3.27831296e+00 
 4.47323695e-08  3.28811179e+00 
 4.47573695e-08  3.29331440e+00 
 4.47823695e-08  3.29595156e+00 
 4.48073695e-08  3.29733887e+00 
 4.48323695e-08  3.29810051e+00 
 4.48573695e-08  3.29858797e+00 
 4.48823695e-08  3.29890979e+00 
 4.49073695e-08  3.29916289e+00 
 4.49323695e-08  3.29943924e+00 
 4.49573695e-08  3.29965335e+00 
 4.49823695e-08  3.29979092e+00 
 4.50073695e-08  3.29987299e+00 
 4.50323695e-08  3.29991045e+00 
 4.50573695e-08  3.29992781e+00 
 4.50823695e-08  3.29993556e+00 
 4.51073695e-08  3.29994295e+00 
 4.51323695e-08  3.29995572e+00 
 4.51573695e-08  3.29998051e+00 
 4.51823695e-08  3.29997801e+00 
 4.52073695e-08  3.29995567e+00 
 4.52323695e-08  3.29993987e+00 
 4.52573695e-08  3.29993002e+00 
 4.52823695e-08  3.29992487e+00 
 4.53073695e-08  3.29992054e+00 
 4.53323695e-08  3.29992150e+00 
 4.53573695e-08  3.29993233e+00 
 4.53823695e-08  3.29995338e+00 
 4.54073695e-08  3.29998278e+00 
 4.54323695e-08  3.30000425e+00 
 4.54573695e-08  3.30000573e+00 
 4.54823695e-08  3.29999369e+00 
 4.55073695e-08  3.29998516e+00 
 4.55323695e-08  3.29997545e+00 
 4.55573695e-08  3.29995590e+00 
 4.55823695e-08  3.29995745e+00 
 4.56073695e-08  3.29997751e+00 
 4.56323695e-08  3.30002900e+00 
 4.56573695e-08  3.30005227e+00 
 4.56823695e-08  3.29996418e+00 
 4.57073695e-08  3.29982355e+00 
 4.57323695e-08  3.29973268e+00 
 4.57573695e-08  3.29972778e+00 
 4.57823695e-08  3.29979897e+00 
 4.58073695e-08  3.29988267e+00 
 4.58323695e-08  3.29991375e+00 
 4.58573695e-08  3.29996075e+00 
 4.58823695e-08  3.30000594e+00 
 4.59073695e-08  3.30000869e+00 
 4.59323695e-08  3.29998644e+00 
 4.59573695e-08  3.29994461e+00 
 4.59823695e-08  3.29986945e+00 
 4.60073695e-08  3.29974221e+00 
 4.60323695e-08  3.29964438e+00 
 4.60573695e-08  3.29965190e+00 
 4.60823695e-08  3.29972980e+00 
 4.61073695e-08  3.29989076e+00 
 4.61323695e-08  3.30024044e+00 
 4.61573695e-08  3.30078225e+00 
 4.61823695e-08  3.30138166e+00 
 4.62073695e-08  3.30193397e+00 
 4.62323695e-08  3.30252085e+00 
 4.62573695e-08  3.30313594e+00 
 4.62823695e-08  3.30377931e+00 
 4.63073695e-08  3.30437216e+00 
 4.63323695e-08  3.30481447e+00 
 4.63573695e-08  3.30526119e+00 
 4.63823695e-08  3.30593051e+00 
 4.64073695e-08  3.30693909e+00 
 4.64323695e-08  3.30845190e+00 
 4.64573695e-08  3.31078550e+00 
 4.64823695e-08  3.31458344e+00 
 4.65073695e-08  3.31898392e+00 
 4.65323695e-08  3.31309741e+00 
 4.65573695e-08  3.27917422e+00 
 4.65823695e-08  3.20388343e+00 
 4.66073695e-08  3.06895379e+00 
 4.66323695e-08  2.81708180e+00 
 4.66573695e-08  2.18206723e+00 
 4.66823695e-08  1.07473408e+00 
 4.67039190e-08  2.86405284e-01 
 4.67274029e-08  2.66567208e-02 
 4.67492781e-08  2.27496827e-02 
 4.67721714e-08  1.12517596e-02 
 4.67971714e-08  6.36625341e-03 
 4.68221714e-08  3.25883487e-03 
 4.68471714e-08  1.68057187e-03 
 4.68721714e-08  8.47706728e-04 
 4.68971714e-08  4.47104819e-04 
 4.69221714e-08  2.53835243e-04 
 4.69471714e-08  1.57249717e-04 
 4.69721714e-08  1.07196738e-04 
 4.69971714e-08  7.96305376e-05 
 4.70221714e-08  6.30188200e-05 
 4.70471714e-08  5.03890431e-05 
 4.70721714e-08  3.93622261e-05 
 4.70971714e-08  3.06398833e-05 
 4.71221714e-08  2.00289973e-05 
 4.71471714e-08  6.32746940e-06 
 4.71721714e-08  5.86798660e-06 
 4.71971714e-08  8.19221485e-06 
 4.72221714e-08  1.03982596e-05 
 4.72471714e-08  1.16378018e-05 
 4.72721714e-08  7.20616510e-06 
 4.72971714e-08 -3.15702629e-06 
 4.73221714e-08 -9.73498978e-06 
 4.73471714e-08 -8.20247643e-06 
 4.73721714e-08 -2.73538080e-06 
 4.73971714e-08  6.07798965e-06 
 4.74221714e-08  1.06124704e-05 
 4.74471714e-08  1.26190027e-05 
 4.74721714e-08  1.20046015e-05 
 4.74971714e-08  8.62638939e-06 
 4.75221714e-08  3.27998563e-06 
 4.75471714e-08 -2.38240208e-06 
 4.75721714e-08 -1.12945546e-05 
 4.75971714e-08 -2.47683989e-05 
 4.76221714e-08 -2.49199009e-05 
 4.76471714e-08 -7.62620385e-06 
 4.76721714e-08  3.20702882e-05 
 4.76971714e-08  8.74475580e-05 
 4.77221714e-08  1.30701101e-04 
 4.77471714e-08  1.28171907e-04 
 4.77721714e-08  1.07961282e-04 
 4.77971714e-08  9.16222015e-05 
 4.78221714e-08  5.29228855e-05 
 4.78471714e-08 -5.09975735e-06 
 4.78721714e-08 -1.58030496e-05 
 4.78971714e-08  2.81119341e-05 
 4.79221714e-08  1.18001245e-04 
 4.79471714e-08  1.93883203e-04 
 4.79721714e-08  1.20140923e-04 
 4.79971714e-08 -2.75149914e-04 
 4.80221714e-08 -1.05271613e-03 
 4.80471714e-08 -1.88312295e-03 
 4.80721714e-08 -2.77179173e-03 
 4.80971714e-08 -3.54278531e-03 
 4.81221714e-08 -4.32626099e-03 
 4.81471714e-08 -5.18963819e-03 
 4.81721714e-08 -6.23509297e-03 
 4.81971714e-08 -7.61320326e-03 
 4.82221714e-08 -9.69627052e-03 
 4.82471714e-08 -1.24120906e-02 
 4.82721714e-08 -1.19639855e-02 
 4.82971714e-08  8.66800274e-04 
 4.83221714e-08  3.42321792e-02 
 4.83471714e-08  9.94489800e-02 
 4.83721714e-08  2.19413674e-01 
 4.83971714e-08  4.77658362e-01 
 4.84221714e-08  1.11253995e+00 
 4.84471714e-08  2.16017044e+00 
 4.84721714e-08  2.93384950e+00 
 4.84971714e-08  3.20493220e+00 
 4.85221714e-08  3.26237029e+00 
 4.85471714e-08  3.27964471e+00 
 4.85721714e-08  3.28884209e+00 
 4.85971714e-08  3.29368401e+00 
 4.86221714e-08  3.29614447e+00 
 4.86471714e-08  3.29744013e+00 
 4.86721714e-08  3.29816265e+00 
 4.86971714e-08  3.29862844e+00 
 4.87221714e-08  3.29893736e+00 
 4.87471714e-08  3.29919178e+00 
 4.87721714e-08  3.29946639e+00 
 4.87971714e-08  3.29967084e+00 
 4.88221714e-08  3.29980222e+00 
 4.88471714e-08  3.29987869e+00 
 4.88721714e-08  3.29991294e+00 
 4.88971714e-08  3.29992895e+00 
 4.89221714e-08  3.29993624e+00 
 4.89471714e-08  3.29994392e+00 
 4.89721714e-08  3.29995800e+00 
 4.89971714e-08  3.29998221e+00 
 4.90221714e-08  3.29997581e+00 
 4.90471714e-08  3.29995362e+00 
 4.90721714e-08  3.29993859e+00 
 4.90971714e-08  3.29992925e+00 
 4.91221714e-08  3.29992445e+00 
 4.91471714e-08  3.29992021e+00 
 4.91721714e-08  3.29992219e+00 
 4.91971714e-08  3.29993404e+00 
 4.92221714e-08  3.29995628e+00 
 4.92471714e-08  3.29998580e+00 
 4.92721714e-08  3.30000542e+00 
 4.92971714e-08  3.30000460e+00 
 4.93221714e-08  3.29999282e+00 
 4.93471714e-08  3.29998421e+00 
 4.93721714e-08  3.29997376e+00 
 4.93971714e-08  3.29995497e+00 
 4.94221714e-08  3.29995802e+00 
 4.94471714e-08  3.29998135e+00 
 4.94721714e-08  3.30003544e+00 
 4.94971714e-08  3.30004836e+00 
 4.95221714e-08  3.29994983e+00 
 4.95471714e-08  3.29981041e+00 
 4.95721714e-08  3.29972751e+00 
 4.95971714e-08  3.29973223e+00 
 4.96221714e-08  3.29980973e+00 
 4.96471714e-08  3.29988731e+00 
 4.96721714e-08  3.29991710e+00 
 4.96971714e-08  3.29996759e+00 
 4.97221714e-08  3.30000789e+00 
 4.97471714e-08  3.30000706e+00 
 4.97721714e-08  3.29998303e+00 
 4.97971714e-08  3.29993833e+00 
 4.98221714e-08  3.29985845e+00 
 4.98471714e-08  3.29972777e+00 
 4.98721714e-08  3.29964047e+00 
 4.98971714e-08  3.29965772e+00 
 4.99221714e-08  3.29974146e+00 
 4.99471714e-08  3.29991635e+00 
 4.99721714e-08  3.30029066e+00 
 4.99971714e-08  3.30084466e+00 
 5.00221714e-08  3.30144188e+00 
 5.00471714e-08  3.30199229e+00 
 5.00721714e-08  3.30258378e+00 
 5.00971714e-08  3.30320206e+00 
 5.01221714e-08  3.30384587e+00 
 5.01471714e-08  3.30442489e+00 
 5.01721714e-08  3.30485579e+00 
 5.01971714e-08  3.30531778e+00 
 5.02221714e-08  3.30601722e+00 
 5.02471714e-08  3.30706865e+00 
 5.02721714e-08  3.30864842e+00 
 5.02971714e-08  3.31109787e+00 
 5.03221714e-08  3.31507591e+00 
 5.03471714e-08  3.31916257e+00 
 5.03721714e-08  3.31111337e+00 
 5.03971714e-08  3.27357887e+00 
 5.04221714e-08  3.19307905e+00 
 5.04471714e-08  3.05019681e+00 
 5.04721714e-08  2.77574417e+00 
 5.04971714e-08  2.09210321e+00 
 5.05221714e-08  9.54875312e-01 
 5.05430309e-08  2.38095556e-01 
 5.05642440e-08  3.40152710e-02 
 5.05868838e-08  2.14854420e-02 
 5.06073723e-08  1.21617491e-02 
 5.06323723e-08  6.61500380e-03 
 5.06573723e-08  3.46171313e-03 
 5.06823723e-08  1.77006525e-03 
 5.07073723e-08  8.96949259e-04 
 5.07323723e-08  4.69387891e-04 
 5.07573723e-08  2.65075871e-04 
 5.07823723e-08  1.62866718e-04 
 5.08073723e-08  1.10224647e-04 
 5.08323723e-08  8.13378223e-05 
 5.08573723e-08  6.41645863e-05 
 5.08823723e-08  5.13512000e-05 
 5.09073723e-08  4.02136052e-05 
 5.09323723e-08  3.12228359e-05 
 5.09573723e-08  2.13142913e-05 
 5.09823723e-08  6.95448058e-06 
 5.10073723e-08  5.64570763e-06 
 5.10323723e-08  8.01887048e-06 
 5.10573723e-08  1.02061081e-05 
 5.10823723e-08  1.16835168e-05 
 5.11073723e-08  7.86993775e-06 
 5.11323723e-08 -2.25511836e-06 
 5.11573723e-08 -9.56604342e-06 
 5.11823723e-08 -8.47969703e-06 
 5.12073723e-08 -3.45082728e-06 
 5.12323723e-08  5.59266618e-06 
 5.12573723e-08  1.01946521e-05 
 5.12823723e-08  1.25946622e-05 
 5.13073723e-08  1.21678183e-05 
 5.13323723e-08  8.99455864e-06 
 5.13573723e-08  3.77973858e-06 
 5.13823723e-08 -1.85405143e-06 
 5.14073723e-08 -1.02525962e-05 
 5.14323723e-08 -2.38532002e-05 
 5.14573723e-08 -2.55968073e-05 
 5.14823723e-08 -9.93398731e-06 
 5.15073723e-08  2.76719074e-05 
 5.15323723e-08  8.28263815e-05 
 5.15573723e-08  1.28258791e-04 
 5.15823723e-08  1.29573712e-04 
 5.16073723e-08  1.09679507e-04 
 5.16323723e-08  9.34579964e-05 
 5.16573723e-08  5.77046708e-05 
 5.16823723e-08 -9.91437426e-07 
 5.17073723e-08 -1.76104262e-05 
 5.17323723e-08  2.25996175e-05 
 5.17573723e-08  1.08362374e-04 
 5.17823723e-08  1.91437597e-04 
 5.18073723e-08  1.36660629e-04 
 5.18323723e-08 -2.22228572e-04 
 5.18573723e-08 -9.79193098e-04 
 5.18823723e-08 -1.79958646e-03 
 5.19073723e-08 -2.69924209e-03 
 5.19323723e-08 -3.47304368e-03 
 5.19573723e-08 -4.25285080e-03 
 5.19823723e-08 -5.10555222e-03 
 5.20073723e-08 -6.12906258e-03 
 5.20323723e-08 -7.46445021e-03 
 5.20573723e-08 -9.46683973e-03 
 5.20823723e-08 -1.21866809e-02 
 5.21073723e-08 -1.23640973e-02 
 5.21323723e-08 -1.04597010e-03 
 5.21573723e-08  3.00760620e-02 
 5.21823723e-08  9.17260912e-02 
 5.22073723e-08  2.04866748e-01 
 5.22323723e-08  4.41414087e-01 
 5.22573723e-08  1.03611135e+00 
 5.22823723e-08  2.06225664e+00 
 5.23073723e-08  2.88388228e+00 
 5.23323723e-08  3.19340521e+00 
 5.23573723e-08  3.25983902e+00 
 5.23823723e-08  3.27848932e+00 
 5.24073723e-08  3.28820840e+00 
 5.24323723e-08  3.29336320e+00 
 5.24573723e-08  3.29597680e+00 
 5.24823723e-08  3.29735196e+00 
 5.25073723e-08  3.29810832e+00 
 5.25323723e-08  3.29859291e+00 
 5.25573723e-08  3.29891311e+00 
 5.25823723e-08  3.29916606e+00 
 5.26073723e-08  3.29944218e+00 
 5.26323723e-08  3.29965522e+00 
 5.26573723e-08  3.29979212e+00 
 5.26823723e-08  3.29987361e+00 
 5.27073723e-08  3.29991074e+00 
 5.27323723e-08  3.29992796e+00 
 5.27573723e-08  3.29993566e+00 
 5.27823723e-08  3.29994306e+00 
 5.28073723e-08  3.29995592e+00 
 5.28323723e-08  3.29998067e+00 
 5.28573723e-08  3.29997786e+00 
 5.28823723e-08  3.29995553e+00 
 5.29073723e-08  3.29993979e+00 
 5.29323723e-08  3.29992998e+00 
 5.29573723e-08  3.29992487e+00 
 5.29823723e-08  3.29992055e+00 
 5.30073723e-08  3.29992157e+00 
 5.30323723e-08  3.29993245e+00 
 5.30573723e-08  3.29995356e+00 
 5.30823723e-08  3.29998295e+00 
 5.31073723e-08  3.30000432e+00 
 5.31323723e-08  3.30000569e+00 
 5.31573723e-08  3.29999364e+00 
 5.31823723e-08  3.29998512e+00 
 5.32073723e-08  3.29997540e+00 
 5.32323723e-08  3.29995586e+00 
 5.32573723e-08  3.29995749e+00 
 5.32823723e-08  3.29997760e+00 
 5.33073723e-08  3.30002918e+00 
 5.33323723e-08  3.30005220e+00 
 5.33573723e-08  3.29996392e+00 
 5.33823723e-08  3.29982338e+00 
 5.34073723e-08  3.29973270e+00 
 5.34323723e-08  3.29972798e+00 
 5.34573723e-08  3.29979923e+00 
 5.34823723e-08  3.29988283e+00 
 5.35073723e-08  3.29991387e+00 
 5.35323723e-08  3.29996084e+00 
 5.35573723e-08  3.30000597e+00 
 5.35823723e-08  3.30000871e+00 
 5.36073723e-08  3.29998649e+00 
 5.36323723e-08  3.29994473e+00 
 5.36573723e-08  3.29986972e+00 
 5.36823723e-08  3.29974264e+00 
 5.37073723e-08  3.29964465e+00 
 5.37323723e-08  3.29965192e+00 
 5.37573723e-08  3.29972961e+00 
 5.37823723e-08  3.29989001e+00 
 5.38073723e-08  3.30023861e+00 
 5.38323723e-08  3.30077962e+00 
 5.38573723e-08  3.30137872e+00 
 5.38823723e-08  3.30193089e+00 
 5.39073723e-08  3.30251716e+00 
 5.39323723e-08  3.30313177e+00 
 5.39573723e-08  3.30377471e+00 
 5.39823723e-08  3.30436791e+00 
 5.40073723e-08  3.30481057e+00 
 5.40323723e-08  3.30525614e+00 
 5.40573723e-08  3.30592321e+00 
 5.40823723e-08  3.30692848e+00 
 5.41073723e-08  3.30843598e+00 
 5.41323723e-08  3.31076027e+00 
 5.41573723e-08  3.31454267e+00 
 5.41823723e-08  3.31896006e+00 
 5.42073723e-08  3.31323678e+00 
 5.42323723e-08  3.27960995e+00 
 5.42573723e-08  3.20476031e+00 
 5.42823723e-08  3.07051120e+00 
 5.43073723e-08  2.82043587e+00 
 5.43323723e-08  2.18975414e+00 
 5.43573723e-08  1.08580009e+00 
 5.43823723e-08  2.29354465e-01 
 5.44052718e-08  2.48054070e-02 
 5.44284894e-08  2.07909381e-02 
 5.44509911e-08  1.03067482e-02 
 5.44759911e-08  5.83697300e-03 
 5.45009911e-08  2.96839424e-03 
 5.45259911e-08  1.52881338e-03 
 5.45509911e-08  7.72286816e-04 
 5.45759911e-08  4.11081270e-04 
 5.46009911e-08  2.36127515e-04 
 5.46259911e-08  1.48181764e-04 
 5.46509911e-08  1.02336543e-04 
 5.46759911e-08  7.68198107e-05 
 5.47009911e-08  6.11058757e-05 
 5.47259911e-08  4.87615750e-05 
 5.47509911e-08  3.79511286e-05 
 5.47759911e-08  2.96521726e-05 
 5.48009911e-08  1.78178798e-05 
 5.48259911e-08  5.58278020e-06 
 5.48509911e-08  6.19712303e-06 
 5.48759911e-08  8.46127679e-06 
 5.49009911e-08  1.06748322e-05 
 5.49259911e-08  1.14611643e-05 
 5.49509911e-08  6.06360412e-06 
 5.49759911e-08 -4.48709624e-06 
 5.50009911e-08 -9.86932647e-06 
 5.50259911e-08 -7.72719460e-06 
 5.50509911e-08 -1.61211462e-06 
 5.50759911e-08  6.77528740e-06 
 5.51009911e-08  1.11603756e-05 
 5.51259911e-08  1.26415039e-05 
 5.51509911e-08  1.16939356e-05 
 5.51759911e-08  8.03982175e-06 
 5.52009911e-08  2.52554788e-06 
 5.52259911e-08 -3.18799233e-06 
 5.52509911e-08 -1.28722355e-05 
 5.52759911e-08 -2.58292212e-05 
 5.53009911e-08 -2.37294118e-05 
 5.53259911e-08 -4.04268219e-06 
 5.53509911e-08  3.84739195e-05 
 5.53759911e-08  9.43871079e-05 
 5.54009911e-08  1.32096705e-04 
 5.54259911e-08  1.26515290e-04 
 5.54509911e-08  1.05509406e-04 
 5.54759911e-08  8.83490265e-05 
 5.55009911e-08  4.61678364e-05 
 5.55259911e-08 -1.01625833e-05 
 5.55509911e-08 -1.26979685e-05 
 5.55759911e-08  3.60355656e-05 
 5.56009911e-08  1.30670446e-04 
 5.56259911e-08  1.95215116e-04 
 5.56509911e-08  9.43247157e-05 
 5.56759911e-08 -3.49606474e-04 
 5.57009911e-08 -1.14899908e-03 
 5.57259911e-08 -1.98999081e-03 
 5.57509911e-08 -2.86295822e-03 
 5.57759911e-08 -3.63048510e-03 
 5.58009911e-08 -4.41891667e-03 
 5.58259911e-08 -5.29697735e-03 
 5.58509911e-08 -6.36842997e-03 
 5.58759911e-08 -7.80458081e-03 
 5.59009911e-08 -9.98875012e-03 
 5.59259911e-08 -1.26568160e-02 
 5.59509911e-08 -1.13122045e-02 
 5.59759911e-08  3.44707176e-03 
 5.60009911e-08  3.97616242e-02 
 5.60259911e-08  1.09532044e-01 
 5.60509911e-08  2.38575825e-01 
 5.60759911e-08  5.27930645e-01 
 5.61009911e-08  1.21310133e+00 
 5.61259911e-08  2.27272083e+00 
 5.61509911e-08  2.98612119e+00 
 5.61759911e-08  3.21639519e+00 
 5.62009911e-08  3.26504676e+00 
 5.62259911e-08  3.28094379e+00 
 5.62509911e-08  3.28954893e+00 
 5.62759911e-08  3.29403977e+00 
 5.63009911e-08  3.29633121e+00 
 5.63259911e-08  3.29753820e+00 
 5.63509911e-08  3.29822382e+00 
 5.63759911e-08  3.29866803e+00 
 5.64009911e-08  3.29896474e+00 
 5.64259911e-08  3.29922119e+00 
 5.64509911e-08  3.29949243e+00 
 5.64759911e-08  3.29968734e+00 
 5.65009911e-08  3.29981282e+00 
 5.65259911e-08  3.29988383e+00 
 5.65509911e-08  3.29991532e+00 
 5.65759911e-08  3.29992996e+00 
 5.66009911e-08  3.29993698e+00 
 5.66259911e-08  3.29994497e+00 
 5.66509911e-08  3.29996032e+00 
 5.66759911e-08  3.29998338e+00 
 5.67009911e-08  3.29997367e+00 
 5.67259911e-08  3.29995185e+00 
 5.67509911e-08  3.29993752e+00 
 5.67759911e-08  3.29992866e+00 
 5.68009911e-08  3.29992413e+00 
 5.68259911e-08  3.29992002e+00 
 5.68509911e-08  3.29992296e+00 
 5.68759911e-08  3.29993571e+00 
 5.69009911e-08  3.29995895e+00 
 5.69259911e-08  3.29998837e+00 
 5.69509911e-08  3.30000623e+00 
 5.69759911e-08  3.30000350e+00 
 5.70009911e-08  3.29999217e+00 
 5.70259911e-08  3.29998342e+00 
 5.70509911e-08  3.29997216e+00 
 5.70759911e-08  3.29995445e+00 
 5.71009911e-08  3.29995866e+00 
 5.71259911e-08  3.29998499e+00 
 5.71509911e-08  3.30004037e+00 
 5.71759911e-08  3.30004410e+00 
 5.72009911e-08  3.29993769e+00 
 5.72259911e-08  3.29980038e+00 
 5.72509911e-08  3.29972418e+00 
 5.72759911e-08  3.29973656e+00 
 5.73009911e-08  3.29981882e+00 
 5.73259911e-08  3.29989058e+00 
 5.73509911e-08  3.29992025e+00 
 5.73759911e-08  3.29997313e+00 
 5.74009911e-08  3.30000906e+00 
 5.74259911e-08  3.30000561e+00 
 5.74509911e-08  3.29998022e+00 
 5.74759911e-08  3.29993325e+00 
 5.75009911e-08  3.29984959e+00 
 5.75259911e-08  3.29971722e+00 
 5.75509911e-08  3.29963851e+00 
 5.75759911e-08  3.29966277e+00 
 5.76009911e-08  3.29975104e+00 
 5.76259911e-08  3.29993703e+00 
 5.76509911e-08  3.30032961e+00 
 5.76759911e-08  3.30089120e+00 
 5.77009911e-08  3.30148471e+00 
 5.77259911e-08  3.30203642e+00 
 5.77509911e-08  3.30262878e+00 
 5.77759911e-08  3.30324956e+00 
 5.78009911e-08  3.30389262e+00 
 5.78259911e-08  3.30446035e+00 
 5.78509911e-08  3.30488400e+00 
 5.78759911e-08  3.30535815e+00 
 5.79009911e-08  3.30607938e+00 
 5.79259911e-08  3.30716187e+00 
 5.79509911e-08  3.30879043e+00 
 5.79759911e-08  3.31134037e+00 
 5.80009911e-08  3.31543929e+00 
 5.80259911e-08  3.31920413e+00 
 5.80509911e-08  3.30949824e+00 
 5.80759911e-08  3.26936901e+00 
 5.81009911e-08  3.18513005e+00 
 5.81259911e-08  3.03639513e+00 
 5.81509911e-08  2.74360551e+00 
 5.81759911e-08  2.02614820e+00 
 5.82009911e-08  8.77251254e-01 
 5.82232260e-08  1.79185313e-01 
 5.82453860e-08  2.67693510e-02 
 5.82647855e-08  2.12124918e-02 
 5.82864145e-08  1.15020797e-02 
 5.83114145e-08  6.31377292e-03 
 5.83364145e-08  3.28018460e-03 
 5.83614145e-08  1.67875494e-03 
 5.83864145e-08  8.50489734e-04 
 5.84114145e-08  4.47285027e-04 
 5.84364145e-08  2.54302790e-04 
 5.84614145e-08  1.57339264e-04 
 5.84864145e-08  1.07324537e-04 
 5.85114145e-08  7.96619851e-05 
 5.85364145e-08  6.30748020e-05 
 5.85614145e-08  5.04401170e-05 
 5.85864145e-08  3.94336379e-05 
 5.86114145e-08  3.06837530e-05 
 5.86364145e-08  2.02093619e-05 
 5.86614145e-08  6.40041125e-06 
 5.86864145e-08  5.81468190e-06 
 5.87114145e-08  8.14918313e-06 
 5.87364145e-08  1.03492025e-05 
 5.87614145e-08  1.16345181e-05 
 5.87864145e-08  7.33589472e-06 
 5.88114145e-08 -2.97311314e-06 
 5.88364145e-08 -9.70444014e-06 
 5.88614145e-08 -8.26720018e-06 
 5.88864145e-08 -2.90145883e-06 
 5.89114145e-08  5.96077689e-06 
 5.89364145e-08  1.05114906e-05 
 5.89614145e-08  1.26018975e-05 
 5.89864145e-08  1.20346255e-05 
 5.90114145e-08  8.71238695e-06 
 5.90364145e-08  3.40777929e-06 
 5.90614145e-08 -2.23139836e-06 
 5.90864145e-08 -1.09778642e-05 
 5.91114145e-08 -2.44911611e-05 
 5.91364145e-08 -2.51187854e-05 
 5.91614145e-08 -8.35131903e-06 
 5.91864145e-08  3.06478078e-05 
 5.92114145e-08  8.59334720e-05 
 5.92364145e-08  1.29856300e-04 
 5.92614145e-08  1.28547911e-04 
 5.92864145e-08  1.08438538e-04 
 5.93114145e-08  9.21458792e-05 
 5.93364145e-08  5.44928469e-05 
 5.93614145e-08 -3.80110963e-06 
 5.93864145e-08 -1.65324516e-05 
 5.94114145e-08  2.60140716e-05 
 5.94364145e-08  1.14326722e-04 
 5.94614145e-08  1.92976821e-04 
 5.94864145e-08  1.26714592e-04 
 5.95114145e-08 -2.54000458e-04 
 5.95364145e-08 -1.02319478e-03 
 5.95614145e-08 -1.84915942e-03 
 5.95864145e-08 -2.74153914e-03 
 5.96114145e-08 -3.51296672e-03 
 5.96364145e-08 -4.29421205e-03 
 5.96614145e-08 -5.15230911e-03 
 5.96864145e-08 -6.18804636e-03 
 5.97114145e-08 -7.54655389e-03 
 5.97364145e-08 -9.59342644e-03 
 5.97614145e-08 -1.23121125e-02 
 5.97864145e-08 -1.21456090e-02 
 5.98114145e-08  2.46834984e-05 
 5.98364145e-08  3.23511907e-02 
 5.98614145e-08  9.59622586e-02 
 5.98864145e-08  2.12776328e-01 
 5.99114145e-08  4.60789108e-01 
 5.99364145e-08  1.07725694e+00 
 5.99614145e-08  2.11612279e+00 
 5.99864145e-08  2.91179445e+00 
 6.00114145e-08  3.19988590e+00 
 6.00364145e-08  3.26124551e+00 
 6.00614145e-08  3.27912107e+00 
 6.00864145e-08  3.28855444e+00 
 6.01114145e-08  3.29353799e+00 
 6.01364145e-08  3.29606766e+00 
 6.01614145e-08  3.29739932e+00 
 6.01864145e-08  3.29813703e+00 
 6.02114145e-08  3.29861132e+00 
 6.02364145e-08  3.29892562e+00 
 6.02614145e-08  3.29917860e+00 
 6.02864145e-08  3.29945391e+00 
 6.03114145e-08  3.29966275e+00 
 6.03364145e-08  3.29979697e+00 
 6.03614145e-08  3.29987609e+00 
 6.03864145e-08  3.29991186e+00 
 6.04114145e-08  3.29992849e+00 
 6.04364145e-08  3.29993598e+00 
 6.04614145e-08  3.29994346e+00 
 6.04864145e-08  3.29995680e+00 
 6.05114145e-08  3.29998136e+00 
 6.05364145e-08  3.29997706e+00 
 6.05614145e-08  3.29995478e+00 
 6.05864145e-08  3.29993934e+00 
 6.06114145e-08  3.29992973e+00 
 6.06364145e-08  3.29992476e+00 
 6.06614145e-08  3.29992047e+00 
 6.06864145e-08  3.29992185e+00 
 6.07114145e-08  3.29993308e+00 
 6.07364145e-08  3.29995459e+00 
 6.07614145e-08  3.29998403e+00 
 6.07864145e-08  3.30000476e+00 
 6.08114145e-08  3.30000535e+00 
 6.08364145e-08  3.29999331e+00 
 6.08614145e-08  3.29998480e+00 
 6.08864145e-08  3.29997489e+00 
 6.09114145e-08  3.29995551e+00 
 6.09364145e-08  3.29995775e+00 
 6.09614145e-08  3.29997876e+00 
 6.09864145e-08  3.30003133e+00 
 6.10114145e-08  3.30005109e+00 
 6.10364145e-08  3.29995944e+00 
 6.10614145e-08  3.29981921e+00 
 6.10864145e-08  3.29973107e+00 
 6.11114145e-08  3.29972942e+00 
 6.11364145e-08  3.29980265e+00 
 6.11614145e-08  3.29988445e+00 
 6.11864145e-08  3.29991494e+00 
 6.12114145e-08  3.29996297e+00 
 6.12364145e-08  3.30000663e+00 
 6.12614145e-08  3.30000826e+00 
 6.12864145e-08  3.29998552e+00 
 6.13114145e-08  3.29994295e+00 
 6.13364145e-08  3.29986664e+00 
 6.13614145e-08  3.29973751e+00 
 6.13864145e-08  3.29964266e+00 
 6.14114145e-08  3.29965422e+00 
 6.14364145e-08  3.29973339e+00 
 6.14614145e-08  3.29989738e+00 
 6.14864145e-08  3.30025272e+00 
 6.15114145e-08  3.30079703e+00 
 6.15364145e-08  3.30139563e+00 
 6.15614145e-08  3.30194624e+00 
 6.15864145e-08  3.30253478e+00 
 6.16114145e-08  3.30314953e+00 
 6.16364145e-08  3.30379203e+00 
 6.16614145e-08  3.30438154e+00 
 6.16864145e-08  3.30482062e+00 
 6.17114145e-08  3.30526986e+00 
 6.17364145e-08  3.30594462e+00 
 6.17614145e-08  3.30696073e+00 
 6.17864145e-08  3.30848495e+00 
 6.18114145e-08  3.31085165e+00 
 6.18364145e-08  3.31467800e+00 
 6.18614145e-08  3.31901177e+00 
 6.18864145e-08  3.31274898e+00 
 6.19114145e-08  3.27819665e+00 
 6.19364145e-08  3.20202334e+00 
 6.19614145e-08  3.06579439e+00 
 6.19864145e-08  2.81043168e+00 
 6.20114145e-08  2.16740700e+00 
 6.20364145e-08  1.05439103e+00 
 6.20614145e-08  2.14676365e-01 
 6.20862256e-08  1.75431395e-02 
 6.21101028e-08  2.03587563e-02 
 6.21323495e-08  9.37345083e-03 
 6.21573495e-08  5.47373782e-03 
 6.21823495e-08  2.72890134e-03 
 6.22073495e-08  1.41553304e-03 
 6.22323495e-08  7.13368723e-04 
 6.22573495e-08  3.83864390e-04 
 6.22823495e-08  2.22367807e-04 
 6.23073495e-08  1.41224700e-04 
 6.23323495e-08  9.85889935e-05 
 6.23573495e-08  7.46842036e-05 
 6.23823495e-08  5.94882930e-05 
 6.24073495e-08  4.73705097e-05 
 6.24323495e-08  3.67638070e-05 
 6.24573495e-08  2.88001511e-05 
 6.24823495e-08  1.58742864e-05 
 6.25073495e-08  5.20379655e-06 
 6.25323495e-08  6.48135753e-06 
 6.25573495e-08  8.70689896e-06 
 6.25823495e-08  1.09095874e-05 
 6.26073495e-08  1.12240391e-05 
 6.26323495e-08  4.98943734e-06 
 6.26573495e-08 -5.55923139e-06 
 6.26823495e-08 -9.86267396e-06 
 6.27073495e-08 -7.26731862e-06 
 6.27323495e-08 -5.93625293e-07 
 6.27573495e-08  7.34569290e-06 
 6.27823495e-08  1.15769927e-05 
 6.28073495e-08  1.26638895e-05 
 6.28323495e-08  1.13741912e-05 
 6.28573495e-08  7.46241178e-06 
 6.28823495e-08  1.94315914e-06 
 6.29073495e-08 -3.98720510e-06 
 6.29323495e-08 -1.44410321e-05 
 6.29573495e-08 -2.64843637e-05 
 6.29823495e-08 -2.24669387e-05 
 6.30073495e-08 -4.67980584e-07 
 6.30323495e-08  4.45082985e-05 
 6.30573495e-08  1.00434489e-04 
 6.30823495e-08  1.32741673e-04 
 6.31073495e-08  1.24480581e-04 
 6.31323495e-08  1.03989778e-04 
 6.31573495e-08  8.52770064e-05 
 6.31823495e-08  3.92810695e-05 
 6.32073495e-08 -1.37215967e-05 
 6.32323495e-08 -9.31919027e-06 
 6.32573495e-08  4.40842021e-05 
 6.32823495e-08  1.42127059e-04 
 6.33073495e-08  1.94604233e-04 
 6.33323495e-08  6.59270122e-05 
 6.33573495e-08 -4.24764911e-04 
 6.33823495e-08 -1.24037693e-03 
 6.34073495e-08 -2.09059251e-03 
 6.34323495e-08 -2.94898494e-03 
 6.34573495e-08 -3.71484680e-03 
 6.34823495e-08 -4.50943694e-03 
 6.35073495e-08 -5.40318844e-03 
 6.35323495e-08 -6.50227444e-03 
 6.35573495e-08 -8.00001445e-03 
 6.35823495e-08 -1.02830946e-02 
 6.36073495e-08 -1.28555120e-02 
 6.36323495e-08 -1.05191452e-02 
 6.36573495e-08  6.21162642e-03 
 6.36823495e-08  4.55213664e-02 
 6.37073495e-08  1.20026808e-01 
 6.37323495e-08  2.58879293e-01 
 6.37573495e-08  5.83168376e-01 
 6.37823495e-08  1.31885401e+00 
 6.38073495e-08  2.37538967e+00 
 6.38323495e-08  3.02995365e+00 
 6.38573495e-08  3.22581228e+00 
 6.38823495e-08  3.26739382e+00 
 6.39073495e-08  3.28214526e+00 
 6.39323495e-08  3.29019732e+00 
 6.39573495e-08  3.29436611e+00 
 6.39823495e-08  3.29650341e+00 
 6.40073495e-08  3.29762977e+00 
 6.40323495e-08  3.29828209e+00 
 6.40573495e-08  3.29870629e+00 
 6.40823495e-08  3.29899177e+00 
 6.41073495e-08  3.29925191e+00 
 6.41323495e-08  3.29951838e+00 
 6.41573495e-08  3.29970379e+00 
 6.41823495e-08  3.29982324e+00 
 6.42073495e-08  3.29988870e+00 
 6.42323495e-08  3.29991755e+00 
 6.42573495e-08  3.29993087e+00 
 6.42823495e-08  3.29993769e+00 
 6.43073495e-08  3.29994616e+00 
 6.43323495e-08  3.29996301e+00 
 6.43573495e-08  3.29998418e+00 
 6.43823495e-08  3.29997115e+00 
 6.44073495e-08  3.29994991e+00 
 6.44323495e-08  3.29993632e+00 
 6.44573495e-08  3.29992799e+00 
 6.44823495e-08  3.29992368e+00 
 6.45073495e-08  3.29991985e+00 
 6.45323495e-08  3.29992386e+00 
 6.45573495e-08  3.29993773e+00 
 6.45823495e-08  3.29996213e+00 
 6.46073495e-08  3.29999125e+00 
 6.46323495e-08  3.30000694e+00 
 6.46573495e-08  3.30000207e+00 
 6.46823495e-08  3.29999138e+00 
 6.47073495e-08  3.29998247e+00 
 6.47323495e-08  3.29997006e+00 
 6.47573495e-08  3.29995396e+00 
 6.47823495e-08  3.29995988e+00 
 6.48073495e-08  3.29998991e+00 
 6.48323495e-08  3.30004584e+00 
 6.48573495e-08  3.30003733e+00 
 6.48823495e-08  3.29992183e+00 
 6.49073495e-08  3.29978811e+00 
 6.49323495e-08  3.29972082e+00 
 6.49573495e-08  3.29974249e+00 
 6.49823495e-08  3.29983028e+00 
 6.50073495e-08  3.29989381e+00 
 6.50323495e-08  3.29992459e+00 
 6.50573495e-08  3.29998024e+00 
 6.50823495e-08  3.30001000e+00 
 6.51073495e-08  3.30000347e+00 
 6.51323495e-08  3.29997749e+00 
 6.51573495e-08  3.29992726e+00 
 6.51823495e-08  3.29983649e+00 
 6.52073495e-08  3.29970303e+00 
 6.52323495e-08  3.29963660e+00 
 6.52573495e-08  3.29967007e+00 
 6.52823495e-08  3.29976534e+00 
 6.53073495e-08  3.29996864e+00 
 6.53323495e-08  3.30038803e+00 
 6.53573495e-08  3.30095967e+00 
 6.53823495e-08  3.30154767e+00 
 6.54073495e-08  3.30210238e+00 
 6.54323495e-08  3.30269774e+00 
 6.54573495e-08  3.30332233e+00 
 6.54823495e-08  3.30396432e+00 
 6.55073495e-08  3.30451486e+00 
 6.55323495e-08  3.30493100e+00 
 6.55573495e-08  3.30542643e+00 
 6.55823495e-08  3.30618292e+00 
 6.56073495e-08  3.30731644e+00 
 6.56323495e-08  3.30902645e+00 
 6.56573495e-08  3.31172083e+00 
 6.56823495e-08  3.31600835e+00 
 6.57073495e-08  3.31914824e+00 
 6.57323495e-08  3.30661695e+00 
 6.57573495e-08  3.26228324e+00 
 6.57823495e-08  3.17188614e+00 
 6.58073495e-08  3.01313404e+00 
 6.58323495e-08  2.68545634e+00 
 6.58573495e-08  1.91297305e+00 
 6.58823495e-08  7.63726543e-01 
 6.59073495e-08  1.00251159e-01 
 6.59310217e-08  2.25087984e-02 
 6.59509412e-08  1.73861664e-02 
 6.59726720e-08  9.53161008e-03 
 6.59976720e-08  5.20148747e-03 
 6.60226720e-08  2.67321989e-03 
 6.60476720e-08  1.36205642e-03 
 6.60726720e-08  6.93831145e-04 
 6.60976720e-08  3.72568830e-04 
 6.61226720e-08  2.17406583e-04 
 6.61476720e-08  1.38355279e-04 
 6.61726720e-08  9.70859153e-05 
 6.61976720e-08  7.38155472e-05 
 6.62226720e-08  5.89262744e-05 
 6.62476720e-08  4.68180133e-05 
 6.62726720e-08  3.63024627e-05 
 6.62976720e-08  2.84082031e-05 
 6.63226720e-08  1.49833084e-05 
 6.63476720e-08  5.09291396e-06 
 6.63726720e-08  6.62000797e-06 
 6.63976720e-08  8.82997313e-06 
 6.64226720e-08  1.10254430e-05 
 6.64476720e-08  1.10775542e-05 
 6.64726720e-08  4.43051816e-06 
 6.64976720e-08 -6.06446344e-06 
 6.65226720e-08 -9.82136561e-06 
 6.65476720e-08 -7.02558162e-06 
 6.65726720e-08 -6.91777290e-08 
 6.65976720e-08  7.61610196e-06 
 6.66226720e-08  1.17708483e-05 
 6.66476720e-08  1.26781800e-05 
 6.66726720e-08  1.11969507e-05 
 6.66976720e-08  7.16188786e-06 
 6.67226720e-08  1.63160186e-06 
 6.67476720e-08 -4.41585300e-06 
 6.67726720e-08 -1.52852526e-05 
 6.67976720e-08 -2.67628092e-05 
 6.68226720e-08 -2.17525367e-05 
 6.68476720e-08  1.62237541e-06 
 6.68726720e-08  4.79481617e-05 
 6.68976720e-08  1.03640841e-04 
 6.69226720e-08  1.33041800e-04 
 6.69476720e-08  1.23235115e-04 
 6.69726720e-08  1.03227276e-04 
 6.69976720e-08  8.34954546e-05 
 6.70226720e-08  3.54041980e-05 
 6.70476720e-08 -1.53179078e-05 
 6.70726720e-08 -7.14868579e-06 
 6.70976720e-08  4.89754158e-05 
 6.71226720e-08  1.48469358e-04 
 6.71476720e-08  1.93397634e-04 
 6.71726720e-08  4.75591664e-05 
 6.71976720e-08 -4.70632810e-04 
 6.72226720e-08 -1.29377532e-03 
 6.72476720e-08 -2.14928266e-03 
 6.72726720e-08 -2.99947505e-03 
 6.72976720e-08 -3.76514626e-03 
 6.73226720e-08 -4.56405370e-03 
 6.73476720e-08 -5.46790844e-03 
 6.73726720e-08 -6.58475688e-03 
 6.73976720e-08 -8.12195666e-03 
 6.74226720e-08 -1.04638625e-02 
 6.74476720e-08 -1.29518443e-02 
 6.74726720e-08 -9.96389665e-03 
 6.74976720e-08  7.99384386e-03 
 6.75226720e-08  4.91659402e-02 
 6.75476720e-08  1.26672812e-01 
 6.75726720e-08  2.71946641e-01 
 6.75976720e-08  6.19177477e-01 
 6.76226720e-08  1.38586223e+00 
 6.76476720e-08  2.43435694e+00 
 6.76726720e-08  3.05376038e+00 
 6.76976720e-08  3.23084345e+00 
 6.77226720e-08  3.26872490e+00 
 6.77476720e-08  3.28284799e+00 
 6.77726720e-08  3.29057353e+00 
 6.77976720e-08  3.29455555e+00 
 6.78226720e-08  3.29660348e+00 
 6.78476720e-08  3.29768359e+00 
 6.78726720e-08  3.29831669e+00 
 6.78976720e-08  3.29872918e+00 
 6.79226720e-08  3.29900833e+00 
 6.79476720e-08  3.29927128e+00 
 6.79726720e-08  3.29953408e+00 
 6.79976720e-08  3.29971377e+00 
 6.80226720e-08  3.29982945e+00 
 6.80476720e-08  3.29989152e+00 
 6.80726720e-08  3.29991884e+00 
 6.80976720e-08  3.29993140e+00 
 6.81226720e-08  3.29993815e+00 
 6.81476720e-08  3.29994694e+00 
 6.81726720e-08  3.29996487e+00 
 6.81976720e-08  3.29998440e+00 
 6.82226720e-08  3.29996946e+00 
 6.82476720e-08  3.29994869e+00 
 6.82726720e-08  3.29993550e+00 
 6.82976720e-08  3.29992761e+00 
 6.83226720e-08  3.29992339e+00 
 6.83476720e-08  3.29991976e+00 
 6.83726720e-08  3.29992451e+00 
 6.83976720e-08  3.29993913e+00 
 6.84226720e-08  3.29996429e+00 
 6.84476720e-08  3.29999303e+00 
 6.84726720e-08  3.30000731e+00 
 6.84976720e-08  3.30000099e+00 
 6.85226720e-08  3.29999084e+00 
 6.85476720e-08  3.29998183e+00 
 6.85726720e-08  3.29996854e+00 
 6.85976720e-08  3.29995375e+00 
 6.86226720e-08  3.29996099e+00 
 6.86476720e-08  3.29999356e+00 
 6.86726720e-08  3.30004906e+00 
 6.86976720e-08  3.30003169e+00 
 6.87226720e-08  3.29991064e+00 
 6.87476720e-08  3.29978004e+00 
 6.87726720e-08  3.29971920e+00 
 6.87976720e-08  3.29974700e+00 
 6.88226720e-08  3.29983819e+00 
 6.88476720e-08  3.29989620e+00 
 6.88726720e-08  3.29992743e+00 
 6.88976720e-08  3.29998427e+00 
 6.89226720e-08  3.30001067e+00 
 6.89476720e-08  3.30000202e+00 
 6.89726720e-08  3.29997453e+00 
 6.89976720e-08  3.29992192e+00 
 6.90226720e-08  3.29982665e+00 
 6.90476720e-08  3.29969354e+00 
 6.90726720e-08  3.29963601e+00 
 6.90976720e-08  3.29967561e+00 
 6.91226720e-08  3.29977630e+00 
 6.91476720e-08  3.29999279e+00 
 6.91726720e-08  3.30043140e+00 
 6.91976720e-08  3.30100901e+00 
 6.92226720e-08  3.30159243e+00 
 6.92476720e-08  3.30214981e+00 
 6.92726720e-08  3.30274764e+00 
 6.92976720e-08  3.30337508e+00 
 6.93226720e-08  3.30401532e+00 
 6.93476720e-08  3.30455299e+00 
 6.93726720e-08  3.30496580e+00 
 6.93976720e-08  3.30547805e+00 
 6.94226720e-08  3.30626081e+00 
 6.94476720e-08  3.30743271e+00 
 6.94726720e-08  3.30920473e+00 
 6.94976720e-08  3.31200955e+00 
 6.95226720e-08  3.31642200e+00 
 6.95476720e-08  3.31898515e+00 
 6.95726720e-08  3.30424784e+00 
 6.95976720e-08  3.25680792e+00 
 6.96226720e-08  3.16179124e+00 
 6.96476720e-08  2.99523254e+00 
 6.96726720e-08  2.63790596e+00 
 6.96976720e-08  1.82465661e+00 
 6.97226720e-08  6.86875707e-01 
 6.97476720e-08  7.82321762e-02 
 6.97723634e-08  2.19133491e-02 
 6.97927063e-08  1.57783496e-02 
 6.98146579e-08  8.71429546e-03 
 6.98396579e-08  4.72420161e-03 
 6.98646579e-08  2.41917250e-03 
 6.98896579e-08  1.23046120e-03 
 6.99146579e-08  6.29596310e-04 
 6.99396579e-08  3.41976982e-04 
 6.99646579e-08  2.02039096e-04 
 6.99896579e-08  1.30457822e-04 
 7.00146579e-08  9.27449762e-05 
 7.00396579e-08  7.12282186e-05 
 7.00646579e-08  5.70242680e-05 
 7.00896579e-08  4.51349847e-05 
 7.01146579e-08  3.48829458e-05 
 7.01396579e-08  2.70819915e-05 
 7.01646579e-08  1.25201234e-05 
 7.01896579e-08  4.94334201e-06 
 7.02146579e-08  6.99675563e-06 
 7.02396579e-08  9.16724143e-06 
 7.02646579e-08  1.13103219e-05 
 7.02896579e-08  1.05528704e-05 
 7.03146579e-08  2.83488104e-06 
 7.03396579e-08 -7.31415869e-06 
 7.03646579e-08 -9.57588979e-06 
 7.03896579e-08 -6.32317335e-06 
 7.04146579e-08  1.35514842e-06 
 7.04396579e-08  8.32272732e-06 
 7.04646579e-08  1.21990709e-05 
 7.04896579e-08  1.26911015e-05 
 7.05146579e-08  1.06663505e-05 
 7.05396579e-08  6.33987842e-06 
 7.05646579e-08  8.02362207e-07 
 7.05896579e-08 -5.66047860e-06 
 7.06146579e-08 -1.75691828e-05 
 7.06396579e-08 -2.71132819e-05 
 7.06646579e-08 -1.94982834e-05 
 7.06896579e-08  7.40282078e-06 
 7.07146579e-08  5.69518051e-05 
 7.07396579e-08  1.10987889e-04 
 7.07646579e-08  1.33394869e-04 
 7.07896579e-08  1.19683794e-04 
 7.08146579e-08  1.01224751e-04 
 7.08396579e-08  7.84143049e-05 
 7.08646579e-08  2.55067679e-05 
 7.08896579e-08 -1.82888979e-05 
 7.09146579e-08 -1.01661246e-06 
 7.09396579e-08  6.19860155e-05 
 7.09646579e-08  1.62932836e-04 
 7.09896579e-08  1.87246946e-04 
 7.10146579e-08 -4.17032748e-06 
 7.10396579e-08 -5.89212145e-04 
 7.10646579e-08 -1.42335343e-03 
 7.10896579e-08 -2.29062894e-03 
 7.11146579e-08 -3.12027769e-03 
 7.11396579e-08 -3.88649494e-03 
 7.11646579e-08 -4.69661562e-03 
 7.11896579e-08 -5.62618276e-03 
 7.12146579e-08 -6.78883215e-03 
 7.12396579e-08 -8.42795140e-03 
 7.12646579e-08 -1.09038663e-02 
 7.12896579e-08 -1.30857540e-02 
 7.13146579e-08 -8.35706214e-03 
 7.13396579e-08  1.26637835e-02 
 7.13646579e-08  5.84808271e-02 
 7.13896579e-08  1.43634545e-01 
 7.14146579e-08  3.05994156e-01 
 7.14396579e-08  7.11357945e-01 
 7.14646579e-08  1.55133861e+00 
 7.14896579e-08  2.56382338e+00 
 7.15146579e-08  3.10108374e+00 
 7.15396579e-08  3.24068747e+00 
 7.15646579e-08  3.27156534e+00 
 7.15896579e-08  3.28438623e+00 
 7.16146579e-08  3.29138912e+00 
 7.16396579e-08  3.29496719e+00 
 7.16646579e-08  3.29682101e+00 
 7.16896579e-08  3.29780240e+00 
 7.17146579e-08  3.29839361e+00 
 7.17396579e-08  3.29878015e+00 
 7.17646579e-08  3.29904688e+00 
 7.17896579e-08  3.29931600e+00 
 7.18146579e-08  3.29956839e+00 
 7.18396579e-08  3.29973573e+00 
 7.18646579e-08  3.29984267e+00 
 7.18896579e-08  3.29989738e+00 
 7.19146579e-08  3.29992160e+00 
 7.19396579e-08  3.29993257e+00 
 7.19646579e-08  3.29993932e+00 
 7.19896579e-08  3.29994866e+00 
 7.20146579e-08  3.29996929e+00 
 7.20396579e-08  3.29998412e+00 
 7.20646579e-08  3.29996569e+00 
 7.20896579e-08  3.29994613e+00 
 7.21146579e-08  3.29993390e+00 
 7.21396579e-08  3.29992676e+00 
 7.21646579e-08  3.29992261e+00 
 7.21896579e-08  3.29991986e+00 
 7.22146579e-08  3.29992617e+00 
 7.22396579e-08  3.29994244e+00 
 7.22646579e-08  3.29996911e+00 
 7.22896579e-08  3.29999661e+00 
 7.23146579e-08  3.30000786e+00 
 7.23396579e-08  3.29999864e+00 
 7.23646579e-08  3.29998962e+00 
 7.23896579e-08  3.29998040e+00 
 7.24146579e-08  3.29996515e+00 
 7.24396579e-08  3.29995379e+00 
 7.24646579e-08  3.29996406e+00 
 7.24896579e-08  3.30000195e+00 
 7.25146579e-08  3.30005407e+00 
 7.25396579e-08  3.30001753e+00 
 7.25646579e-08  3.29988727e+00 
 7.25896579e-08  3.29976465e+00 
 7.26146579e-08  3.29971831e+00 
 7.26396579e-08  3.29975735e+00 
 7.26646579e-08  3.29985439e+00 
 7.26896579e-08  3.29990046e+00 
 7.27146579e-08  3.29993421e+00 
 7.27396579e-08  3.29999155e+00 
 7.27646579e-08  3.30001148e+00 
 7.27896579e-08  3.29999887e+00 
 7.28146579e-08  3.29996798e+00 
 7.28396579e-08  3.29991028e+00 
 7.28646579e-08  3.29980657e+00 
 7.28896579e-08  3.29967687e+00 
 7.29146579e-08  3.29963622e+00 
 7.29396579e-08  3.29968750e+00 
 7.29646579e-08  3.29980051e+00 
 7.29896579e-08  3.30004517e+00 
 7.30146579e-08  3.30051518e+00 
 7.30396579e-08  3.30110774e+00 
 7.30646579e-08  3.30168017e+00 
 7.30896579e-08  3.30224373e+00 
 7.31146579e-08  3.30284683e+00 
 7.31396579e-08  3.30347963e+00 
 7.31646579e-08  3.30411303e+00 
 7.31896579e-08  3.30462437e+00 
 7.32146579e-08  3.30503543e+00 
 7.32396579e-08  3.30558384e+00 
 7.32646579e-08  3.30642007e+00 
 7.32896579e-08  3.30767108e+00 
 7.33146579e-08  3.30957252e+00 
 7.33396579e-08  3.31260785e+00 
 7.33646579e-08  3.31721453e+00 
 7.33896579e-08  3.31831290e+00 
 7.34146579e-08  3.29895773e+00 
 7.34396579e-08  3.24517572e+00 
 7.34646579e-08  3.14076083e+00 
 7.34896579e-08  2.95736131e+00 
 7.35146579e-08  2.53402777e+00 
 7.35396579e-08  1.63953348e+00 
 7.35646579e-08  5.47649254e-01 
 7.35896579e-08  4.69435754e-02 
 7.36146579e-08  2.30247163e-02 
 7.36365053e-08  1.30989941e-02 
 7.36587941e-08  7.57150761e-03 
 7.36837941e-08  3.99922150e-03 
 7.37087941e-08  2.05238126e-03 
 7.37337941e-08  1.03852600e-03 
 7.37587941e-08  5.37773360e-04 
 7.37837941e-08  2.97779454e-04 
 7.38087941e-08  1.79705842e-04 
 7.38337941e-08  1.18895599e-04 
 7.38587941e-08  8.63032895e-05 
 7.38837941e-08  6.72785195e-05 
 7.39087941e-08  5.39351981e-05 
 7.39337941e-08  4.24520799e-05 
 7.39587941e-08  3.27645150e-05 
 7.39837941e-08  2.43657665e-05 
 7.40087941e-08  9.10061349e-06 
 7.40337941e-08  5.13386694e-06 
 7.40587941e-08  7.57371858e-06 
 7.40837941e-08  9.71273569e-06 
 7.41087941e-08  1.16286694e-05 
 7.41337941e-08  9.31488121e-06 
 7.41587941e-08  1.21618686e-07 
 7.41837941e-08 -8.83972305e-06 
 7.42087941e-08 -9.04209534e-06 
 7.42337941e-08 -4.93628567e-06 
 7.42587941e-08  3.72666917e-06 
 7.42837941e-08  9.41950207e-06 
 7.43087941e-08  1.24416508e-05 
 7.43337941e-08  1.24829764e-05 
 7.43587941e-08  9.85190468e-06 
 7.43837941e-08  5.00585899e-06 
 7.44087941e-08 -6.28662979e-07 
 7.44337941e-08 -7.91164538e-06 
 7.44587941e-08 -2.11659792e-05 
 7.44837941e-08 -2.67524634e-05 
 7.45087941e-08 -1.49159992e-05 
 7.45337941e-08  1.80297113e-05 
 7.45587941e-08  7.13538575e-05 
 7.45837941e-08  1.21119430e-04 
 7.46087941e-08  1.32376705e-04 
 7.46337941e-08  1.13841189e-04 
 7.46587941e-08  9.75824197e-05 
 7.46837941e-08  6.83498653e-05 
 7.47087941e-08  1.03966523e-05 
 7.47337941e-08 -1.96868588e-05 
 7.47587941e-08  1.05919011e-05 
 7.47837941e-08  8.57539009e-05 
 7.48087941e-08  1.81320671e-04 
 7.48337941e-08  1.66877061e-04 
 7.48587941e-08 -1.09557059e-04 
 7.48837941e-08 -7.91984327e-04 
 7.49087941e-08 -1.62699780e-03 
 7.49337941e-08 -2.51166120e-03 
 7.49587941e-08 -3.31001782e-03 
 7.49837941e-08 -4.08105812e-03 
 7.50087941e-08 -4.91264238e-03 
 7.50337941e-08 -5.88862716e-03 
 7.50587941e-08 -7.13597425e-03 
 7.50837941e-08 -8.95903311e-03 
 7.51087941e-08 -1.16076236e-02 
 7.51337941e-08 -1.29446795e-02 
 7.51587941e-08 -4.94452194e-03 
 7.51837941e-08  2.12968008e-02 
 7.52087941e-08  7.51551109e-02 
 7.52337941e-08  1.74140754e-01 
 7.52587941e-08  3.70529359e-01 
 7.52837941e-08  8.74648077e-01 
 7.53087941e-08  1.82404085e+00 
 7.53337941e-08  2.74697034e+00 
 7.53587941e-08  3.15823481e+00 
 7.53837941e-08  3.25242189e+00 
 7.54087941e-08  3.27551540e+00 
 7.54337941e-08  3.28656609e+00 
 7.54587941e-08  3.29252422e+00 
 7.54837941e-08  3.29554405e+00 
 7.55087941e-08  3.29712495e+00 
 7.55337941e-08  3.29797382e+00 
 7.55587941e-08  3.29850529e+00 
 7.55837941e-08  3.29885430e+00 
 7.56087941e-08  3.29910929e+00 
 7.56337941e-08  3.29938496e+00 
 7.56587941e-08  3.29961722e+00 
 7.56837941e-08  3.29976757e+00 
 7.57087941e-08  3.29986050e+00 
 7.57337941e-08  3.29990513e+00 
 7.57587941e-08  3.29992531e+00 
 7.57837941e-08  3.29993428e+00 
 7.58087941e-08  3.29994123e+00 
 7.58337941e-08  3.29995207e+00 
 7.58587941e-08  3.29997597e+00 
 7.58837941e-08  3.29998160e+00 
 7.59087941e-08  3.29996004e+00 
 7.59337941e-08  3.29994256e+00 
 7.59587941e-08  3.29993168e+00 
 7.59837941e-08  3.29992569e+00 
 7.60087941e-08  3.29992146e+00 
 7.60337941e-08  3.29992051e+00 
 7.60587941e-08  3.29992926e+00 
 7.60837941e-08  3.29994809e+00 
 7.61087941e-08  3.29997662e+00 
 7.61337941e-08  3.30000122e+00 
 7.61587941e-08  3.30000718e+00 
 7.61837941e-08  3.29999598e+00 
 7.62087941e-08  3.29998720e+00 
 7.62337941e-08  3.29997795e+00 
 7.62587941e-08  3.29995981e+00 
 7.62837941e-08  3.29995522e+00 
 7.63087941e-08  3.29997063e+00 
 7.63337941e-08  3.30001632e+00 
 7.63587941e-08  3.30005601e+00 
 7.63837941e-08  3.29999073e+00 
 7.64087941e-08  3.29985210e+00 
 7.64337941e-08  3.29974596e+00 
 7.64587941e-08  3.29972122e+00 
 7.64837941e-08  3.29977862e+00 
 7.65087941e-08  3.29987108e+00 
 7.65337941e-08  3.29990785e+00 
 7.65587941e-08  3.29994757e+00 
 7.65837941e-08  3.30000028e+00 
 7.66087941e-08  3.30001111e+00 
 7.66337941e-08  3.29999266e+00 
 7.66587941e-08  3.29995631e+00 
 7.66837941e-08  3.29988989e+00 
 7.67087941e-08  3.29977264e+00 
 7.67337941e-08  3.29965660e+00 
 7.67587941e-08  3.29964251e+00 
 7.67837941e-08  3.29970852e+00 
 7.68087941e-08  3.29984434e+00 
 7.68337941e-08  3.30013554e+00 
 7.68587941e-08  3.30064726e+00 
 7.68837941e-08  3.30125393e+00 
 7.69087941e-08  3.30181496e+00 
 7.69337941e-08  3.30238854e+00 
 7.69587941e-08  3.30299832e+00 
 7.69837941e-08  3.30363788e+00 
 7.70087941e-08  3.30425418e+00 
 7.70337941e-08  3.30472598e+00 
 7.70587941e-08  3.30514863e+00 
 7.70837941e-08  3.30575784e+00 
 7.71087941e-08  3.30668112e+00 
 7.71337941e-08  3.30806279e+00 
 7.71587941e-08  3.31018371e+00 
 7.71837941e-08  3.31360384e+00 
 7.72087941e-08  3.31828830e+00 
 7.72337941e-08  3.31624383e+00 
 7.72587941e-08  3.28957392e+00 
 7.72837941e-08  3.22481904e+00 
 7.73087941e-08  3.10526398e+00 
 7.73337941e-08  2.89079259e+00 
 7.73587941e-08  2.35824499e+00 
 7.73837941e-08  1.34392425e+00 
 7.74087941e-08  3.63350337e-01 
 7.74337941e-08  2.24456710e-02 
 7.74587941e-08  2.29316024e-02 
 7.74837941e-08  9.53247447e-03 
 7.75087941e-08  5.79522612e-03 
 7.75337941e-08  2.84476962e-03 
 7.75587941e-08  1.49137382e-03 
 7.75837941e-08  7.46427983e-04 
 7.76087941e-08  4.00940522e-04 
 7.76337941e-08  2.30393925e-04 
 7.76587941e-08  1.45533210e-04 
 7.76837941e-08  1.00783430e-04 
 7.77087941e-08  7.59883275e-05 
 7.77337941e-08  6.04845947e-05 
 7.77587941e-08  4.82569597e-05 
 7.77837941e-08  3.74852428e-05 
 7.78087941e-08  2.93302121e-05 
 7.78337941e-08  1.70333795e-05 
 7.78587941e-08  5.41195900e-06 
 7.78837941e-08  6.31463264e-06 
 7.79087941e-08  8.56361947e-06 
 7.79337941e-08  1.07753606e-05 
 7.79587941e-08  1.13773945e-05 
 7.79837941e-08  5.62793724e-06 
 7.80087941e-08 -4.94433631e-06 
 7.80337941e-08 -9.88097398e-06 
 7.80587941e-08 -7.53801336e-06 
 7.80837941e-08 -1.18769394e-06 
 7.81087941e-08  7.02373978e-06 
 7.81337941e-08  1.13455973e-05 
 7.81587941e-08  1.26551753e-05 
 7.81837941e-08  1.15677646e-05 
 7.82087941e-08  7.79893458e-06 
 7.82337941e-08  2.27139633e-06 
 7.82587941e-08 -3.52424701e-06 
 7.82837941e-08 -1.35462762e-05 
 7.83087941e-08 -2.61576405e-05 
 7.83337941e-08 -2.32082623e-05 
 7.83587941e-08 -2.50714612e-06 
 7.83837941e-08  4.11103885e-05 
 7.84087941e-08  9.71418858e-05 
 7.84337941e-08  1.32505343e-04 
 7.84587941e-08  1.25682706e-04 
 7.84837941e-08  1.04822101e-04 
 7.85087941e-08  8.70301000e-05 
 7.85337941e-08  4.31522368e-05 
 7.85587941e-08 -1.18569734e-05 
 7.85837941e-08 -1.12174289e-05 
 7.86087941e-08  3.96451339e-05 
 7.86337941e-08  1.36011224e-04 
 7.86587941e-08  1.95211760e-04 
 7.86837941e-08  8.17654782e-05 
 7.87087941e-08 -3.83838670e-04 
 7.87337941e-08 -1.19155449e-03 
 7.87587941e-08 -2.03715541e-03 
 7.87837941e-08 -2.90359021e-03 
 7.88087941e-08 -3.67040676e-03 
 7.88337941e-08 -4.46181472e-03 
 7.88587941e-08 -5.34730723e-03 
 7.88837941e-08 -6.43175755e-03 
 7.89087941e-08 -7.89668435e-03 
 7.89337941e-08 -1.01282511e-02 
 7.89587941e-08 -1.27585149e-02 
 7.89837941e-08 -1.09581468e-02 
 7.90087941e-08  4.72918113e-03 
 7.90337941e-08  4.24600582e-02 
 7.90587941e-08  1.14462018e-01 
 7.90837941e-08  2.48088426e-01 
 7.91087941e-08  5.53627258e-01 
 7.91337941e-08  1.26287036e+00 
 7.91587941e-08  2.32289497e+00 
 7.91837941e-08  3.00802064e+00 
 7.92087941e-08  3.22113059e+00 
 7.92337941e-08  3.26620689e+00 
 7.92587941e-08  3.28153154e+00 
 7.92837941e-08  3.28986719e+00 
 7.93087941e-08  3.29420015e+00 
 7.93337941e-08  3.29641592e+00 
 7.93587941e-08  3.29758325e+00 
 7.93837941e-08  3.29825252e+00 
 7.94087941e-08  3.29868696e+00 
 7.94337941e-08  3.29897804e+00 
 7.94587941e-08  3.29923641e+00 
 7.94837941e-08  3.29950552e+00 
 7.95087941e-08  3.29969565e+00 
 7.95337941e-08  3.29981811e+00 
 7.95587941e-08  3.29988632e+00 
 7.95837941e-08  3.29991644e+00 
 7.96087941e-08  3.29993041e+00 
 7.96337941e-08  3.29993732e+00 
 7.96587941e-08  3.29994556e+00 
 7.96837941e-08  3.29996169e+00 
 7.97087941e-08  3.29998386e+00 
 7.97337941e-08  3.29997236e+00 
 7.97587941e-08  3.29995082e+00 
 7.97837941e-08  3.29993687e+00 
 7.98087941e-08  3.29992829e+00 
 7.98337941e-08  3.29992389e+00 
 7.98587941e-08  3.29991988e+00 
 7.98837941e-08  3.29992341e+00 
 7.99087941e-08  3.29993675e+00 
 7.99337941e-08  3.29996062e+00 
 7.99587941e-08  3.29998991e+00 
 7.99837941e-08  3.30000664e+00 
 8.00087941e-08  3.30000274e+00 
 8.00337941e-08  3.29999174e+00 
 8.00587941e-08  3.29998291e+00 
 8.00837941e-08  3.29997104e+00 
 8.01087941e-08  3.29995415e+00 
 8.01337941e-08  3.29995926e+00 
 8.01587941e-08  3.29998761e+00 
 8.01837941e-08  3.30004345e+00 
 8.02087941e-08  3.30004059e+00 
 8.02337941e-08  3.29992905e+00 
 8.02587941e-08  3.29979358e+00 
 8.02837941e-08  3.29972205e+00 
 8.03087941e-08  3.29973966e+00 
 8.03337941e-08  3.29982511e+00 
 8.03587941e-08  3.29989240e+00 
 8.03837941e-08  3.29992256e+00 
 8.04087941e-08  3.29997703e+00 
 8.04337941e-08  3.30000967e+00 
 8.04587941e-08  3.30000443e+00 
 8.04837941e-08  3.29997928e+00 
 8.05087941e-08  3.29993048e+00 
 8.05337941e-08  3.29984238e+00 
 8.05587941e-08  3.29970915e+00 
 8.05837941e-08  3.29963724e+00 
 8.06087941e-08  3.29966674e+00 
 8.06337941e-08  3.29975889e+00 
 8.06587941e-08  3.29995448e+00 
 8.06837941e-08  3.30036225e+00 
 8.07087941e-08  3.30092984e+00 
 8.07337941e-08  3.30152047e+00 
 8.07587941e-08  3.30207387e+00 
 8.07837941e-08  3.30266798e+00 
 8.08087941e-08  3.30329099e+00 
 8.08337941e-08  3.30393374e+00 
 8.08587941e-08  3.30449195e+00 
 8.08837941e-08  3.30491103e+00 
 8.09087941e-08  3.30539707e+00 
 8.09337941e-08  3.30613833e+00 
 8.09587941e-08  3.30724978e+00 
 8.09837941e-08  3.30892448e+00 
 8.10087941e-08  3.31155618e+00 
 8.10337941e-08  3.31576533e+00 
 8.10587941e-08  3.31919612e+00 
 8.10837941e-08  3.30790215e+00 
 8.11087941e-08  3.26537191e+00 
 8.11337941e-08  3.17762442e+00 
 8.11587941e-08  3.02323040e+00 
 8.11837941e-08  2.71123783e+00 
 8.12087941e-08  1.96225517e+00 
 8.12337941e-08  8.10855684e-01 
 8.12510423e-08  2.36036250e-01 
 8.12716843e-08  3.69334060e-02 
 8.12904853e-08  2.38930557e-02 
 8.13110824e-08  1.36360120e-02 
 8.13360824e-08  7.36400842e-03 
 8.13610824e-08  3.89339285e-03 
 8.13860824e-08  1.99502381e-03 
 8.14110824e-08  1.01101934e-03 
 8.14360824e-08  5.23964748e-04 
 8.14610824e-08  2.91520729e-04 
 8.14860824e-08  1.76369379e-04 
 8.15110824e-08  1.17335907e-04 
 8.15360824e-08  8.53726497e-05 
 8.15610824e-08  6.67763064e-05 
 8.15860824e-08  5.35167782e-05 
 8.16110824e-08  4.21315180e-05 
 8.16360824e-08  3.25205102e-05 
 8.16610824e-08  2.39775638e-05 
 8.16860824e-08  8.76620462e-06 
 8.17110824e-08  5.19236106e-06 
 8.17360824e-08  7.63634583e-06 
 8.17610824e-08  9.77788787e-06 
 8.17860824e-08  1.16469626e-05 
 8.18110824e-08  9.14359846e-06 
 8.18360824e-08 -1.88630922e-07 
 8.18610824e-08 -8.96058900e-06 
 8.18860824e-08 -8.98118303e-06 
 8.19110824e-08 -4.76392114e-06 
 8.19360824e-08  3.98559720e-06 
 8.19610824e-08  9.51228277e-06 
 8.19860824e-08  1.24616171e-05 
 8.20110824e-08  1.24467109e-05 
 8.20360824e-08  9.74970324e-06 
 8.20610824e-08  4.85789423e-06 
 8.20860824e-08 -7.72670103e-07 
 8.21110824e-08 -8.16543381e-06 
 8.21360824e-08 -2.14985977e-05 
 8.21610824e-08 -2.66500815e-05 
 8.21860824e-08 -1.43897801e-05 
 8.22110824e-08  1.91525202e-05 
 8.22360824e-08  7.27231793e-05 
 8.22610824e-08  1.21956643e-04 
 8.22860824e-08  1.32087036e-04 
 8.23110824e-08  1.13357472e-04 
 8.23360824e-08  9.70986794e-05 
 8.23610824e-08  6.72435957e-05 
 8.23860824e-08  9.03453454e-06 
 8.24110824e-08 -1.96255726e-05 
 8.24360824e-08  1.17565662e-05 
 8.24610824e-08  8.80148914e-05 
 8.24860824e-08  1.82588839e-04 
 8.25110824e-08  1.64327158e-04 
 8.25360824e-08 -1.20036572e-04 
 8.25610824e-08 -8.10318618e-04 
 8.25860824e-08 -1.64399221e-03 
 8.26110824e-08 -2.53005375e-03 
 8.26360824e-08 -3.32551331e-03 
 8.26610824e-08 -4.09696796e-03 
 8.26860824e-08 -4.93031308e-03 
 8.27110824e-08 -5.91023518e-03 
 8.27360824e-08 -7.16498117e-03 
 8.27610824e-08 -9.00375943e-03 
 8.27860824e-08 -1.16621573e-02 
 8.28110824e-08 -1.29082291e-02 
 8.28360824e-08 -4.61937759e-03 
 8.28610824e-08  2.20549695e-02 
 8.28860824e-08  7.65870849e-02 
 8.29110824e-08  1.76759907e-01 
 8.29360824e-08  3.76277435e-01 
 8.29610824e-08  8.88345042e-01 
 8.29860824e-08  1.84554811e+00 
 8.30110824e-08  2.76013957e+00 
 8.30360824e-08  3.16186740e+00 
 8.30610824e-08  3.25316552e+00 
 8.30860824e-08  3.27579524e+00 
 8.31110824e-08  3.28672047e+00 
 8.31360824e-08  3.29260342e+00 
 8.31610824e-08  3.29558445e+00 
 8.31860824e-08  3.29714602e+00 
 8.32110824e-08  3.29798588e+00 
 8.32360824e-08  3.29851300e+00 
 8.32610824e-08  3.29885940e+00 
 8.32860824e-08  3.29911377e+00 
 8.33110824e-08  3.29938951e+00 
 8.33360824e-08  3.29962027e+00 
 8.33610824e-08  3.29976957e+00 
 8.33860824e-08  3.29986156e+00 
 8.34110824e-08  3.29990561e+00 
 8.34360824e-08  3.29992555e+00 
 8.34610824e-08  3.29993440e+00 
 8.34860824e-08  3.29994138e+00 
 8.35110824e-08  3.29995230e+00 
 8.35360824e-08  3.29997633e+00 
 8.35610824e-08  3.29998141e+00 
 8.35860824e-08  3.29995975e+00 
 8.36110824e-08  3.29994240e+00 
 8.36360824e-08  3.29993159e+00 
 8.36610824e-08  3.29992566e+00 
 8.36860824e-08  3.29992143e+00 
 8.37110824e-08  3.29992059e+00 
 8.37360824e-08  3.29992945e+00 
 8.37610824e-08  3.29994839e+00 
 8.37860824e-08  3.29997697e+00 
 8.38110824e-08  3.30000142e+00 
 8.38360824e-08  3.30000712e+00 
 8.38610824e-08  3.29999587e+00 
 8.38860824e-08  3.29998710e+00 
 8.39110824e-08  3.29997784e+00 
 8.39360824e-08  3.29995959e+00 
 8.39610824e-08  3.29995533e+00 
 8.39860824e-08  3.29997095e+00 
 8.40110824e-08  3.30001689e+00 
 8.40360824e-08  3.30005596e+00 
 8.40610824e-08  3.29998965e+00 
 8.40860824e-08  3.29985083e+00 
 8.41110824e-08  3.29974544e+00 
 8.41360824e-08  3.29972151e+00 
 8.41610824e-08  3.29977950e+00 
 8.41860824e-08  3.29987168e+00 
 8.42110824e-08  3.29990815e+00 
 8.42360824e-08  3.29994810e+00 
 8.42610824e-08  3.30000055e+00 
 8.42860824e-08  3.30001105e+00 
 8.43110824e-08  3.29999247e+00 
 8.43360824e-08  3.29995595e+00 
 8.43610824e-08  3.29988931e+00 
 8.43860824e-08  3.29977175e+00 
 8.44110824e-08  3.29965622e+00 
 8.44360824e-08  3.29964283e+00 
 8.44610824e-08  3.29970917e+00 
 8.44860824e-08  3.29984558e+00 
 8.45110824e-08  3.30013786e+00 
 8.45360824e-08  3.30065033e+00 
 8.45610824e-08  3.30125706e+00 
 8.45860824e-08  3.30181766e+00 
 8.46110824e-08  3.30239140e+00 
 8.46360824e-08  3.30300110e+00 
 8.46610824e-08  3.30364059e+00 
 8.46860824e-08  3.30425628e+00 
 8.47110824e-08  3.30472716e+00 
 8.47360824e-08  3.30515004e+00 
 8.47610824e-08  3.30576026e+00 
 8.47860824e-08  3.30668493e+00 
 8.48110824e-08  3.30806861e+00 
 8.48360824e-08  3.31019289e+00 
 8.48610824e-08  3.31361862e+00 
 8.48860824e-08  3.31830033e+00 
 8.49110824e-08  3.31619984e+00 
 8.49360824e-08  3.28941951e+00 
 8.49610824e-08  3.22450876e+00 
 8.49860824e-08  3.10474104e+00 
 8.50110824e-08  2.88980566e+00 
 8.50360824e-08  2.35581296e+00 
 8.50610824e-08  1.34005317e+00 
 8.50860824e-08  3.61190205e-01 
 8.51110824e-08  2.22780934e-02 
 8.51360824e-08  2.29118613e-02 
 8.51610824e-08  9.50921751e-03 
 8.51854529e-08  5.87170194e-03 
 8.52104529e-08  2.89311926e-03 
 8.52354529e-08  1.51467074e-03 
 8.52604529e-08  7.58404481e-04 
 8.52854529e-08  4.06495985e-04 
 8.53104529e-08  2.33176631e-04 
 8.53354529e-08  1.46943562e-04 
 8.53604529e-08  1.01545747e-04 
 8.53854529e-08  7.64288078e-05 
 8.54104529e-08  6.07956015e-05 
 8.54354529e-08  4.85233371e-05 
 8.54604529e-08  3.77289755e-05 
 8.54854529e-08  2.95031565e-05 
 8.55104529e-08  1.74607331e-05 
 8.55354529e-08  5.49951164e-06 
 8.55604529e-08  6.24501427e-06 
 8.55854529e-08  8.50362218e-06 
 8.56104529e-08  1.07153997e-05 
 8.56354529e-08  1.14238940e-05 
 8.56604529e-08  5.87502621e-06 
 8.56854529e-08 -4.68634945e-06 
 8.57104529e-08 -9.87689058e-06 
 8.57354529e-08 -7.64717694e-06 
 8.57604529e-08 -1.43184976e-06 
 8.57854529e-08  6.88109891e-06 
 8.58104529e-08  1.12394471e-05 
 8.58354529e-08  1.26456433e-05 
 8.58604529e-08  1.16399311e-05 
 8.58854529e-08  7.93915505e-06 
 8.59104529e-08  2.41603363e-06 
 8.59354529e-08 -3.32601547e-06 
 8.59604529e-08 -1.31467513e-05 
 8.59854529e-08 -2.59690576e-05 
 8.60104529e-08 -2.35176394e-05 
 8.60354529e-08 -3.42154740e-06 
 8.60604529e-08  3.95444385e-05 
 8.60854529e-08  9.55109935e-05 
 8.61104529e-08  1.32264457e-04 
 8.61354529e-08  1.26198834e-04 
 8.61604529e-08  1.05179230e-04 
 8.61854529e-08  8.78060321e-05 
 8.62104529e-08  4.49784547e-05 
 8.62354529e-08 -1.08846286e-05 
 8.62604529e-08 -1.21119544e-05 
 8.62854529e-08  3.74562780e-05 
 8.63104529e-08  1.32804028e-04 
 8.63354529e-08  1.95253609e-04 
 8.63604529e-08  8.94434959e-05 
 8.63854529e-08 -3.63032298e-04 
 8.64104529e-08 -1.16579488e-03 
 8.64354529e-08 -2.00859775e-03 
 8.64604529e-08 -2.87894399e-03 
 8.64854529e-08 -3.64612785e-03 
 8.65104529e-08 -4.43567651e-03 
 8.65354529e-08 -5.31660133e-03 
 8.65604529e-08 -6.39307229e-03 
 8.65854529e-08 -7.84034466e-03 
 8.66104529e-08 -1.00430436e-02 
 8.66354529e-08 -1.26976257e-02 
 8.66604529e-08 -1.11778128e-02 
 8.66854529e-08  3.94200294e-03 
 8.67104529e-08  4.08070287e-02 
 8.67354529e-08  1.11441622e-01 
 8.67604529e-08  2.42249924e-01 
 8.67854529e-08  5.37728002e-01 
 8.68104529e-08  1.23218349e+00 
 8.68354529e-08  2.29240769e+00 
 8.68604529e-08  2.99482748e+00 
 8.68854529e-08  3.21828543e+00 
 8.69104529e-08  3.26550538e+00 
 8.69354529e-08  3.28117451e+00 
 8.69604529e-08  3.28967403e+00 
 8.69854529e-08  3.29410282e+00 
 8.70104529e-08  3.29636450e+00 
 8.70354529e-08  3.29755587e+00 
 8.70604529e-08  3.29823506e+00 
 8.70854529e-08  3.29867543e+00 
 8.71104529e-08  3.29896993e+00 
 8.71354529e-08  3.29922709e+00 
 8.71604529e-08  3.29949755e+00 
 8.71854529e-08  3.29969059e+00 
 8.72104529e-08  3.29981490e+00 
 8.72354529e-08  3.29988481e+00 
 8.72604529e-08  3.29991576e+00 
 8.72854529e-08  3.29993014e+00 
 8.73104529e-08  3.29993711e+00 
 8.73354529e-08  3.29994519e+00 
 8.73604529e-08  3.29996084e+00 
 8.73854529e-08  3.29998358e+00 
 8.74104529e-08  3.29997316e+00 
 8.74354529e-08  3.29995145e+00 
 8.74604529e-08  3.29993726e+00 
 8.74854529e-08  3.29992851e+00 
 8.75104529e-08  3.29992404e+00 
 8.75354529e-08  3.29991996e+00 
 8.75604529e-08  3.29992313e+00 
 8.75854529e-08  3.29993611e+00 
 8.76104529e-08  3.29995960e+00 
 8.76354529e-08  3.29998898e+00 
 8.76604529e-08  3.30000640e+00 
 8.76854529e-08  3.30000321e+00 
 8.77104529e-08  3.29999200e+00 
 8.77354529e-08  3.29998322e+00 
 8.77604529e-08  3.29997172e+00 
 8.77854529e-08  3.29995432e+00 
 8.78104529e-08  3.29995888e+00 
 8.78354529e-08  3.29998601e+00 
 8.78604529e-08  3.30004162e+00 
 8.78854529e-08  3.30004276e+00 
 8.79104529e-08  3.29993427e+00 
 8.79354529e-08  3.29979764e+00 
 8.79604529e-08  3.29972327e+00 
 8.79854529e-08  3.29973775e+00 
 8.80104529e-08  3.29982131e+00 
 8.80354529e-08  3.29989132e+00 
 8.80604529e-08  3.29992114e+00 
 8.80854529e-08  3.29997469e+00 
 8.81104529e-08  3.30000933e+00 
 8.81354529e-08  3.30000514e+00 
 8.81604529e-08  3.29997931e+00 
 8.81854529e-08  3.29993159e+00 
 8.82104529e-08  3.29984666e+00 
 8.82354529e-08  3.29971385e+00 
 8.82604529e-08  3.29963791e+00 
 8.82854529e-08  3.29966433e+00 
 8.83104529e-08  3.29975418e+00 
 8.83354529e-08  3.29994408e+00 
 8.83604529e-08  3.30034293e+00 
 8.83854529e-08  3.30090712e+00 
 8.84104529e-08  3.30149954e+00 
 8.84354529e-08  3.30205197e+00 
 8.84604529e-08  3.30264509e+00 
 8.84854529e-08  3.30326686e+00 
 8.85104529e-08  3.30390990e+00 
 8.85354529e-08  3.30447378e+00 
 8.85604529e-08  3.30489547e+00 
 8.85854529e-08  3.30537453e+00 
 8.86104529e-08  3.30610415e+00 
 8.86354529e-08  3.30719877e+00 
 8.86604529e-08  3.30884664e+00 
 8.86854529e-08  3.31143080e+00 
 8.87104529e-08  3.31557696e+00 
 8.87354529e-08  3.31920886e+00 
 8.87604529e-08  3.30884308e+00 
 8.87854529e-08  3.26770215e+00 
 8.88104529e-08  3.18198548e+00 
 8.88354529e-08  3.03087999e+00 
 8.88604529e-08  2.73021326e+00 
 8.88854529e-08  1.99938726e+00 
 8.89104529e-08  8.48100920e-01 
 8.89281607e-08  2.45056629e-01 
 8.89491678e-08  3.62123634e-02 
 8.89683050e-08  2.38250045e-02 
 8.89891041e-08  1.34711139e-02 
 8.90141041e-08  7.29318114e-03 
 8.90391041e-08  3.84931057e-03 
 8.90641041e-08  1.97289671e-03 
 8.90891041e-08  9.99554090e-04 
 8.91141041e-08  5.18525182e-04 
 8.91391041e-08  2.88880848e-04 
 8.91641041e-08  1.75035505e-04 
 8.91891041e-08  1.16638259e-04 
 8.92141041e-08  8.49825829e-05 
 8.92391041e-08  6.65298338e-05 
 8.92641041e-08  5.33191100e-05 
 8.92891041e-08  4.19610212e-05 
 8.93141041e-08  3.23957804e-05 
 8.93391041e-08  2.37603075e-05 
 8.93641041e-08  8.58763337e-06 
 8.93891041e-08  5.22422593e-06 
 8.94141041e-08  7.66957051e-06 
 8.94391041e-08  9.81238610e-06 
 8.94641041e-08  1.16561982e-05 
 8.94891041e-08  9.04417168e-06 
 8.95141041e-08 -3.67676184e-07 
 8.95391041e-08 -9.02496874e-06 
 8.95641041e-08 -8.94492971e-06 
 8.95891041e-08 -4.66215438e-06 
 8.96141041e-08  4.13844175e-06 
 8.96391041e-08  9.56625145e-06 
 8.96641041e-08  1.24752890e-05 
 8.96891041e-08  1.24267104e-05 
 8.97141041e-08  9.68901976e-06 
 8.97391041e-08  4.76703376e-06 
 8.97641041e-08 -8.60384866e-07 
 8.97891041e-08 -8.33175959e-06 
 8.98141041e-08 -2.17128794e-05 
 8.98391041e-08 -2.65844144e-05 
 8.98641041e-08 -1.40441098e-05 
 8.98891041e-08  1.99019807e-05 
 8.99141041e-08  7.36396707e-05 
 8.99391041e-08  1.22525427e-04 
 8.99641041e-08  1.31913703e-04 
 8.99891041e-08  1.13057178e-04 
 9.00141041e-08  9.67994248e-05 
 9.00391041e-08  6.65009872e-05 
 9.00641041e-08  8.13046487e-06 
 9.00891041e-08 -1.95454436e-05 
 9.01141041e-08  1.26121980e-05 
 9.01391041e-08  8.96868118e-05 
 9.01641041e-08  1.83516468e-04 
 9.01891041e-08  1.62393447e-04 
 9.02141041e-08 -1.28025999e-04 
 9.02391041e-08 -8.24356421e-04 
 9.02641041e-08 -1.65715503e-03 
 9.02891041e-08 -2.54452765e-03 
 9.03141041e-08 -3.33803261e-03 
 9.03391041e-08 -4.11006987e-03 
 9.03641041e-08 -4.94507869e-03 
 9.03891041e-08 -5.92845481e-03 
 9.04141041e-08 -7.18961597e-03 
 9.04391041e-08 -9.04181184e-03 
 9.04641041e-08 -1.17085336e-02 
 9.04891041e-08 -1.28774009e-02 
 9.05141041e-08 -4.34457818e-03 
 9.05391041e-08  2.26983016e-02 
 9.05641041e-08  7.78110691e-02 
 9.05891041e-08  1.79019069e-01 
 9.06141041e-08  3.81307314e-01 
 9.06391041e-08  9.00302538e-01 
 9.06641041e-08  1.86422434e+00 
 9.06891041e-08  2.77147564e+00 
 9.07141041e-08  3.16505449e+00 
 9.07391041e-08  3.25389825e+00 
 9.07641041e-08  3.27604158e+00 
 9.07891041e-08  3.28685772e+00 
 9.08141041e-08  3.29267385e+00 
 9.08391041e-08  3.29562057e+00 
 9.08641041e-08  3.29716498e+00 
 9.08891041e-08  3.29799693e+00 
 9.09141041e-08  3.29852022e+00 
 9.09391041e-08  3.29886423e+00 
 9.09641041e-08  3.29911824e+00 
 9.09891041e-08  3.29939423e+00 
 9.10141041e-08  3.29962346e+00 
 9.10391041e-08  3.29977169e+00 
 9.10641041e-08  3.29986267e+00 
 9.10891041e-08  3.29990609e+00 
 9.11141041e-08  3.29992578e+00 
 9.11391041e-08  3.29993451e+00 
 9.11641041e-08  3.29994152e+00 
 9.11891041e-08  3.29995258e+00 
 9.12141041e-08  3.29997677e+00 
 9.12391041e-08  3.29998113e+00 
 9.12641041e-08  3.29995935e+00 
 9.12891041e-08  3.29994215e+00 
 9.13141041e-08  3.29993143e+00 
 9.13391041e-08  3.29992559e+00 
 9.13641041e-08  3.29992134e+00 
 9.13891041e-08  3.29992065e+00 
 9.14141041e-08  3.29992970e+00 
 9.14391041e-08  3.29994885e+00 
 9.14641041e-08  3.29997754e+00 
 9.14891041e-08  3.30000173e+00 
 9.15141041e-08  3.30000701e+00 
 9.15391041e-08  3.29999566e+00 
 9.15641041e-08  3.29998691e+00 
 9.15891041e-08  3.29997763e+00 
 9.16141041e-08  3.29995918e+00 
 9.16391041e-08  3.29995552e+00 
 9.16641041e-08  3.29997156e+00 
 9.16891041e-08  3.30001804e+00 
 9.17141041e-08  3.30005581e+00 
 9.17391041e-08  3.29998731e+00 
 9.17641041e-08  3.29984799e+00 
 9.17891041e-08  3.29974415e+00 
 9.18141041e-08  3.29972195e+00 
 9.18391041e-08  3.29978130e+00 
 9.18641041e-08  3.29987286e+00 
 9.18891041e-08  3.29990867e+00 
 9.19141041e-08  3.29994929e+00 
 9.19391041e-08  3.30000117e+00 
 9.19641041e-08  3.30001087e+00 
 9.19891041e-08  3.29999191e+00 
 9.20141041e-08  3.29995488e+00 
 9.20391041e-08  3.29988743e+00 
 9.20641041e-08  3.29976877e+00 
 9.20891041e-08  3.29965478e+00 
 9.21141041e-08  3.29964357e+00 
 9.21391041e-08  3.29971110e+00 
 9.21641041e-08  3.29984979e+00 
 9.21891041e-08  3.30014633e+00 
 9.22141041e-08  3.30066217e+00 
 9.22391041e-08  3.30126982e+00 
 9.22641041e-08  3.30182954e+00 
 9.22891041e-08  3.30240460e+00 
 9.23141041e-08  3.30301480e+00 
 9.23391041e-08  3.30365489e+00 
 9.23641041e-08  3.30426871e+00 
 9.23891041e-08  3.30473637e+00 
 9.24141041e-08  3.30516123e+00 
 9.24391041e-08  3.30577733e+00 
 9.24641041e-08  3.30671041e+00 
 9.24891041e-08  3.30810691e+00 
 9.25141041e-08  3.31025310e+00 
 9.25391041e-08  3.31371650e+00 
 9.25641041e-08  3.31838663e+00 
 9.25891041e-08  3.31593636e+00 
 9.26141041e-08  3.28843726e+00 
 9.26391041e-08  3.22247107e+00 
 9.26641041e-08  3.10119889e+00 
 9.26891041e-08  2.88289121e+00 
 9.27141041e-08  2.33841989e+00 
 9.27391041e-08  1.31205598e+00 
 9.27641041e-08  3.45572131e-01 
 9.27891041e-08  2.11073754e-02 
 9.28140241e-08  2.27697129e-02 
 9.28390241e-08  9.35890403e-03 
 9.28637993e-08  5.75325739e-03 
 9.28887993e-08  2.81808746e-03 
 9.29137993e-08  1.47849417e-03 
 9.29387993e-08  7.39811851e-04 
 9.29637993e-08  3.97847905e-04 
 9.29887993e-08  2.28846011e-04 
 9.30137993e-08  1.44741122e-04 
 9.30387993e-08  1.00355897e-04 
 9.30637993e-08  7.57372063e-05 
 9.30887993e-08  6.03091338e-05 
 9.31137993e-08  4.81090308e-05 
 9.31387993e-08  3.73536178e-05 
 9.31637993e-08  2.92357176e-05 
 9.31887993e-08  1.68195521e-05 
 9.32137993e-08  5.36846556e-06 
 9.32387993e-08  6.34467095e-06 
 9.32637993e-08  8.58928461e-06 
 9.32887993e-08  1.07999364e-05 
 9.33137993e-08  1.13510362e-05 
 9.33387993e-08  5.51126831e-06 
 9.33637993e-08 -5.06085712e-06 
 9.33887993e-08 -9.88080618e-06 
 9.34137993e-08 -7.48867267e-06 
 9.34387993e-08 -1.07839268e-06 
 9.34637993e-08  7.08493953e-06 
 9.34887993e-08  1.13901134e-05 
 9.35137993e-08  1.26572100e-05 
 9.35387993e-08  1.15331441e-05 
 9.35637993e-08  7.73646739e-06 
 9.35887993e-08  2.20876984e-06 
 9.36137993e-08 -3.60858704e-06 
 9.36387993e-08 -1.37129916e-05 
 9.36637993e-08 -2.62287521e-05 
 9.36887993e-08 -2.30745916e-05 
 9.37137993e-08 -2.12669403e-06 
 9.37387993e-08  4.17468085e-05 
 9.37637993e-08  9.77892947e-05 
 9.37887993e-08  1.32582409e-04 
 9.38137993e-08  1.25459204e-04 
 9.38387993e-08  1.04667633e-04 
 9.38637993e-08  8.67036031e-05 
 9.38887993e-08  4.24124854e-05 
 9.39137993e-08 -1.22329250e-05 
 9.39387993e-08 -1.08574332e-05 
 9.39637993e-08  4.05055565e-05 
 9.39887993e-08  1.37235201e-04 
 9.40137993e-08  1.95146465e-04 
 9.40387993e-08  7.87271884e-05 
 9.40637993e-08 -3.91884186e-04 
 9.40887993e-08 -1.20133925e-03 
 9.41137993e-08 -2.04793717e-03 
 9.41387993e-08 -2.91282884e-03 
 9.41637993e-08 -3.67948668e-03 
 9.41887993e-08 -4.47157717e-03 
 9.42137993e-08 -5.35878059e-03 
 9.42387993e-08 -6.44623685e-03 
 9.42637993e-08 -7.91784697e-03 
 9.42887993e-08 -1.01601416e-02 
 9.43137993e-08 -1.27800473e-02 
 9.43387993e-08 -1.08722369e-02 
 9.43637993e-08  5.02862740e-03 
 9.43887993e-08  4.30842802e-02 
 9.44137993e-08  1.15600620e-01 
 9.44387993e-08  2.50294372e-01 
 9.44637993e-08  5.59660497e-01 
 9.44887993e-08  1.27441450e+00 
 9.45137993e-08  2.33403889e+00 
 9.45387993e-08  3.01276070e+00 
 9.45637993e-08  3.22214792e+00 
 9.45887993e-08  3.26646126e+00 
 9.46137993e-08  3.28166213e+00 
 9.46387993e-08  3.28993767e+00 
 9.46637993e-08  3.29423564e+00 
 9.46887993e-08  3.29643467e+00 
 9.47137993e-08  3.29759324e+00 
 9.47387993e-08  3.29825890e+00 
 9.47637993e-08  3.29869116e+00 
 9.47887993e-08  3.29898102e+00 
 9.48137993e-08  3.29923984e+00 
 9.48387993e-08  3.29950841e+00 
 9.48637993e-08  3.29969749e+00 
 9.48887993e-08  3.29981928e+00 
 9.49137993e-08  3.29988686e+00 
 9.49387993e-08  3.29991668e+00 
 9.49637993e-08  3.29993051e+00 
 9.49887993e-08  3.29993740e+00 
 9.50137993e-08  3.29994569e+00 
 9.50387993e-08  3.29996200e+00 
 9.50637993e-08  3.29998394e+00 
 9.50887993e-08  3.29997206e+00 
 9.51137993e-08  3.29995059e+00 
 9.51387993e-08  3.29993673e+00 
 9.51637993e-08  3.29992820e+00 
 9.51887993e-08  3.29992383e+00 
 9.52137993e-08  3.29991985e+00 
 9.52387993e-08  3.29992351e+00 
 9.52637993e-08  3.29993699e+00 
 9.52887993e-08  3.29996100e+00 
 9.53137993e-08  3.29999026e+00 
 9.53387993e-08  3.30000672e+00 
 9.53637993e-08  3.30000257e+00 
 9.53887993e-08  3.29999165e+00 
 9.54137993e-08  3.29998279e+00 
 9.54387993e-08  3.29997078e+00 
 9.54637993e-08  3.29995409e+00 
 9.54887993e-08  3.29995942e+00 
 9.55137993e-08  3.29998822e+00 
 9.55387993e-08  3.30004412e+00 
 9.55637993e-08  3.30003972e+00 
 9.55887993e-08  3.29992705e+00 
 9.56137993e-08  3.29979201e+00 
 9.56387993e-08  3.29972165e+00 
 9.56637993e-08  3.29974040e+00 
 9.56887993e-08  3.29982653e+00 
 9.57137993e-08  3.29989278e+00 
 9.57387993e-08  3.29992310e+00 
 9.57637993e-08  3.29997794e+00 
 9.57887993e-08  3.30000977e+00 
 9.58137993e-08  3.30000415e+00 
 9.58387993e-08  3.29997876e+00 
 9.58637993e-08  3.29992952e+00 
 9.58887993e-08  3.29984060e+00 
 9.59137993e-08  3.29970724e+00 
 9.59387993e-08  3.29963697e+00 
 9.59637993e-08  3.29966770e+00 
 9.59887993e-08  3.29976081e+00 
 9.60137993e-08  3.29995879e+00 
 9.60387993e-08  3.30037024e+00 
 9.60637993e-08  3.30093922e+00 
 9.60887993e-08  3.30152915e+00 
 9.61137993e-08  3.30208303e+00 
 9.61387993e-08  3.30267761e+00 
 9.61637993e-08  3.30330123e+00 
 9.61887993e-08  3.30394387e+00 
 9.62137993e-08  3.30449973e+00 
 9.62387993e-08  3.30491790e+00 
 9.62637993e-08  3.30540701e+00 
 9.62887993e-08  3.30615333e+00 
 9.63137993e-08  3.30727213e+00 
 9.63387993e-08  3.30895862e+00 
 9.63637993e-08  3.31161128e+00 
 9.63887993e-08  3.31584746e+00 
 9.64137993e-08  3.31918548e+00 
 9.64387993e-08  3.30748116e+00 
 9.64637993e-08  3.26434366e+00 
 9.64887993e-08  3.17570243e+00 
 9.65137993e-08  3.01984236e+00 
 9.65387993e-08  2.70246512e+00 
 9.65637993e-08  1.94524658e+00 
 9.65887993e-08  7.94240760e-01 
 9.66067539e-08  2.14985162e-01 
 9.66266827e-08  3.79494400e-02 
 9.66450541e-08  2.38056834e-02 
 9.66656235e-08  1.36682238e-02 
 9.66906235e-08  7.36783232e-03 
 9.67156235e-08  3.89895563e-03 
 9.67406235e-08  1.99694293e-03 
 9.67656235e-08  1.01225537e-03 
 9.67906235e-08  5.24474408e-04 
 9.68156235e-08  2.91805281e-04 
 9.68406235e-08  1.76492878e-04 
 9.68656235e-08  1.17408724e-04 
 9.68906235e-08  8.54070826e-05 
 9.69156235e-08  6.68003034e-05 
 9.69406235e-08  5.35297295e-05 
 9.69656235e-08  4.21410536e-05 
 9.69906235e-08  3.25261623e-05 
 9.70156235e-08  2.39771858e-05 
 9.70406235e-08  8.76320378e-06 
 9.70656235e-08  5.19755570e-06 
 9.70906235e-08  7.64056668e-06 
 9.71156235e-08  9.78262616e-06 
 9.71406235e-08  1.16509150e-05 
 9.71656235e-08  9.13787155e-06 
 9.71906235e-08 -2.03822564e-07 
 9.72156235e-08 -8.96682445e-06 
 9.72406235e-08 -8.97736304e-06 
 9.72656235e-08 -4.75261665e-06 
 9.72906235e-08  4.00407549e-06 
 9.73156235e-08  9.52038062e-06 
 9.73406235e-08  1.24654388e-05 
 9.73656235e-08  1.24468631e-05 
 9.73906235e-08  9.74338216e-06 
 9.74156235e-08  4.84532277e-06 
 9.74406235e-08 -7.87407974e-07 
 9.74656235e-08 -8.19741464e-06 
 9.74906235e-08 -2.15440852e-05 
 9.75156235e-08 -2.66418270e-05 
 9.75406235e-08 -1.43209163e-05 
 9.75656235e-08  1.93174242e-05 
 9.75906235e-08  7.29379328e-05 
 9.76156235e-08  1.22104997e-04 
 9.76406235e-08  1.32070782e-04 
 9.76656235e-08  1.13309271e-04 
 9.76906235e-08  9.70494892e-05 
 9.77156235e-08  6.70826226e-05 
 9.77406235e-08  8.82058088e-06 
 9.77656235e-08 -1.95933682e-05 
 9.77906235e-08  1.20040538e-05 
 9.78156235e-08  8.85172041e-05 
 9.78406235e-08  1.82895505e-04 
 9.78656235e-08  1.63764475e-04 
 9.78906235e-08 -1.22547074e-04 
 9.79156235e-08 -8.14894269e-04 
 9.79406235e-08 -1.64847007e-03 
 9.79656235e-08 -2.53510686e-03 
 9.79906235e-08 -3.33009001e-03 
 9.80156235e-08 -4.10189171e-03 
 9.80406235e-08 -4.93597552e-03 
 9.80656235e-08 -5.91729598e-03 
 9.80906235e-08 -7.17458428e-03 
 9.81156235e-08 -9.01861284e-03 
 9.81406235e-08 -1.16806593e-02 
 9.81656235e-08 -1.28981922e-02 
 9.81906235e-08 -4.51581517e-03 
 9.82156235e-08  2.23029185e-02 
 9.82406235e-08  7.70655018e-02 
 9.82656235e-08  1.77653124e-01 
 9.82906235e-08  3.78283530e-01 
 9.83156235e-08  8.93167266e-01 
 9.83406235e-08  1.85314726e+00 
 9.83656235e-08  2.76478605e+00 
 9.83906235e-08  3.16324276e+00 
 9.84156235e-08  3.25352611e+00 
 9.84406235e-08  3.27589931e+00 
 9.84656235e-08  3.28677922e+00 
 9.84906235e-08  3.29263365e+00 
 9.85156235e-08  3.29560003e+00 
 9.85406235e-08  3.29715427e+00 
 9.85656235e-08  3.29799076e+00 
 9.85906235e-08  3.29851627e+00 
 9.86156235e-08  3.29886161e+00 
 9.86406235e-08  3.29911591e+00 
 9.86656235e-08  3.29939187e+00 
 9.86906235e-08  3.29962189e+00 
 9.87156235e-08  3.29977065e+00 
 9.87406235e-08  3.29986213e+00 
 9.87656235e-08  3.29990584e+00 
 9.87906235e-08  3.29992565e+00 
 9.88156235e-08  3.29993445e+00 
 9.88406235e-08  3.29994144e+00 
 9.88656235e-08  3.29995246e+00 
 9.88906235e-08  3.29997659e+00 
 9.89156235e-08  3.29998123e+00 
 9.89406235e-08  3.29995950e+00 
 9.89656235e-08  3.29994223e+00 
 9.89906235e-08  3.29993148e+00 
 9.90156235e-08  3.29992560e+00 
 9.90406235e-08  3.29992135e+00 
 9.90656235e-08  3.29992061e+00 
 9.90906235e-08  3.29992960e+00 
 9.91156235e-08  3.29994868e+00 
 9.91406235e-08  3.29997734e+00 
 9.91656235e-08  3.30000162e+00 
 9.91906235e-08  3.30000704e+00 
 9.92156235e-08  3.29999573e+00 
 9.92406235e-08  3.29998697e+00 
 9.92656235e-08  3.29997769e+00 
 9.92906235e-08  3.29995930e+00 
 9.93156235e-08  3.29995545e+00 
 9.93406235e-08  3.29997138e+00 
 9.93656235e-08  3.30001772e+00 
 9.93906235e-08  3.30005585e+00 
 9.94156235e-08  3.29998795e+00 
 9.94406235e-08  3.29984874e+00 
 9.94656235e-08  3.29974446e+00 
 9.94906235e-08  3.29972179e+00 
 9.95156235e-08  3.29978079e+00 
 9.95406235e-08  3.29987252e+00 
 9.95656235e-08  3.29990850e+00 
 9.95906235e-08  3.29994897e+00 
 9.96156235e-08  3.30000102e+00 
 9.96406235e-08  3.30001091e+00 
 9.96656235e-08  3.29999203e+00 
 9.96906235e-08  3.29995512e+00 
 9.97156235e-08  3.29988783e+00 
 9.97406235e-08  3.29976938e+00 
 9.97656235e-08  3.29965505e+00 
 9.97906235e-08  3.29964338e+00 
 9.98156235e-08  3.29971067e+00 
 9.98406235e-08  3.29984893e+00 
 9.98656235e-08  3.30014467e+00 
 9.98906235e-08  3.30065993e+00 
 9.99156235e-08  3.30126749e+00 
 9.99406235e-08  3.30182744e+00 
 9.99656235e-08  3.30240232e+00 
 9.99906235e-08  3.30301251e+00 
 1.00015623e-07  3.30365257e+00 
 1.00040623e-07  3.30426681e+00 
 1.00065623e-07  3.30473511e+00 
 1.00090623e-07  3.30515969e+00 
 1.00115623e-07  3.30577487e+00 
 1.00140623e-07  3.30670666e+00 
 1.00165623e-07  3.30810123e+00 
 1.00190623e-07  3.31024415e+00 
 1.00215623e-07  3.31370201e+00 
 1.00240623e-07  3.31837461e+00 
 1.00265623e-07  3.31597800e+00 
 1.00290623e-07  3.28858600e+00 
 1.00315623e-07  3.22277442e+00 
 1.00340623e-07  3.10171989e+00 
 1.00365623e-07  2.88388935e+00 
 1.00390623e-07  2.34089244e+00 
 1.00415623e-07  1.31600860e+00 
 1.00440623e-07  3.47754560e-01 
 1.00465623e-07  2.12609458e-02 
 1.00489015e-07  2.32337202e-02 
 1.00514015e-07  9.85506864e-03 
 1.00538056e-07  6.06429466e-03 
 1.00563056e-07  3.01474421e-03 
 1.00588056e-07  1.57341339e-03 
 1.00613056e-07  7.88743335e-04 
 1.00638056e-07  4.20577579e-04 
 1.00663056e-07  2.40256469e-04 
 1.00688056e-07  1.50505643e-04 
 1.00713056e-07  1.03486853e-04 
 1.00738056e-07  7.75374600e-05 
 1.00763056e-07  6.15673836e-05 
 1.00788056e-07  4.91761097e-05 
 1.00813056e-07  3.82966742e-05 
 1.00838056e-07  2.99009774e-05 
 1.00863056e-07  1.83877973e-05 
 1.00888056e-07  5.73360033e-06 
 1.00913056e-07  6.11473522e-06 
 1.00938056e-07  8.39125174e-06 
 1.00963056e-07  1.06057792e-05 
 1.00988056e-07  1.15155945e-05 
 1.01013056e-07  6.36180134e-06 
 1.01038056e-07 -4.16141325e-06 
 1.01063056e-07 -9.84979247e-06 
 1.01088056e-07 -7.85229883e-06 
 1.01113056e-07 -1.89803368e-06 
 1.01138056e-07  6.60461525e-06 
 1.01163056e-07  1.10310639e-05 
 1.01188056e-07  1.26362762e-05 
 1.01213056e-07  1.17779482e-05 
 1.01238056e-07  8.18962003e-06 
 1.01263056e-07  2.72064594e-06 
 1.01288056e-07 -2.98908866e-06 
 1.01313056e-07 -1.24771393e-05 
 1.01338056e-07 -2.55862802e-05 
 1.01363056e-07 -2.40444695e-05 
 1.01388056e-07 -4.96716480e-06 
 1.01413056e-07  3.68578362e-05 
 1.01438056e-07  9.26746249e-05 
 1.01463056e-07  1.31831812e-04 
 1.01488056e-07  1.26940391e-04 
 1.01513056e-07  1.06128081e-04 
 1.01538056e-07  8.91912634e-05 
 1.01563056e-07  4.78863393e-05 
 1.01588056e-07 -8.98142508e-06 
 1.01613056e-07 -1.35347540e-05 
 1.01638056e-07  3.40123767e-05 
 1.01663056e-07  1.27566259e-04 
 1.01688056e-07  1.95086616e-04 
 1.01713056e-07  1.01129134e-04 
 1.01738056e-07 -3.30721884e-04 
 1.01763056e-07 -1.12525415e-03 
 1.01788056e-07 -1.96383244e-03 
 1.01813056e-07 -2.84075710e-03 
 1.01838056e-07 -3.60907845e-03 
 1.01863056e-07 -4.39626161e-03 
 1.01888056e-07 -5.27067988e-03 
 1.01913056e-07 -6.33565904e-03 
 1.01938056e-07 -7.75726470e-03 
 1.01963056e-07 -9.91683532e-03 
 1.01988056e-07 -1.26013307e-02 
 1.02013056e-07 -1.14869338e-02 
 1.02038056e-07  2.79443402e-03 
 1.02063056e-07  3.83829462e-02 
 1.02088056e-07  1.07025461e-01 
 1.02113056e-07  2.33792384e-01 
 1.02138056e-07  5.15065469e-01 
 1.02163056e-07  1.18785176e+00 
 1.02188056e-07  2.24605867e+00 
 1.02213056e-07  2.97416519e+00 
 1.02238056e-07  3.21380101e+00 
 1.02263056e-07  3.26442865e+00 
 1.02288056e-07  3.28063710e+00 
 1.02313056e-07  3.28938279e+00 
 1.02338056e-07  3.29395632e+00 
 1.02363056e-07  3.29628739e+00 
 1.02388056e-07  3.29751520e+00 
 1.02413056e-07  3.29820944e+00 
 1.02438056e-07  3.29865875e+00 
 1.02463056e-07  3.29895830e+00 
 1.02488056e-07  3.29921425e+00 
 1.02513056e-07  3.29948643e+00 
 1.02538056e-07  3.29968356e+00 
 1.02563056e-07  3.29981040e+00 
 1.02588056e-07  3.29988267e+00 
 1.02613056e-07  3.29991477e+00 
 1.02638056e-07  3.29992972e+00 
 1.02663056e-07  3.29993680e+00 
 1.02688056e-07  3.29994472e+00 
 1.02713056e-07  3.29995978e+00 
 1.02738056e-07  3.29998315e+00 
 1.02763056e-07  3.29997415e+00 
 1.02788056e-07  3.29995223e+00 
 1.02813056e-07  3.29993774e+00 
 1.02838056e-07  3.29992878e+00 
 1.02863056e-07  3.29992419e+00 
 1.02888056e-07  3.29992005e+00 
 1.02913056e-07  3.29992277e+00 
 1.02938056e-07  3.29993534e+00 
 1.02963056e-07  3.29995837e+00 
 1.02988056e-07  3.29998783e+00 
 1.03013056e-07  3.30000608e+00 
 1.03038056e-07  3.30000374e+00 
 1.03063056e-07  3.29999230e+00 
 1.03088056e-07  3.29998358e+00 
 1.03113056e-07  3.29997250e+00 
 1.03138056e-07  3.29995454e+00 
 1.03163056e-07  3.29995851e+00 
 1.03188056e-07  3.29998423e+00 
 1.03213056e-07  3.30003942e+00 
 1.03238056e-07  3.30004502e+00 
 1.03263056e-07  3.29994011e+00 
 1.03288056e-07  3.29980228e+00 
 1.03313056e-07  3.29972474e+00 
 1.03338056e-07  3.29973563e+00 
 1.03363056e-07  3.29981699e+00 
 1.03388056e-07  3.29988995e+00 
 1.03413056e-07  3.29991958e+00 
 1.03438056e-07  3.29997205e+00 
 1.03463056e-07  3.30000886e+00 
 1.03488056e-07  3.30000589e+00 
 1.03513056e-07  3.29998074e+00 
 1.03538056e-07  3.29993417e+00 
 1.03563056e-07  3.29985119e+00 
 1.03588056e-07  3.29971902e+00 
 1.03613056e-07  3.29963874e+00 
 1.03638056e-07  3.29966179e+00 
 1.03663056e-07  3.29974928e+00 
 1.03688056e-07  3.29993336e+00 
 1.03713056e-07  3.30032291e+00 
 1.03738056e-07  3.30088341e+00 
 1.03763056e-07  3.30147772e+00 
 1.03788056e-07  3.30202932e+00 
 1.03813056e-07  3.30262160e+00 
 1.03838056e-07  3.30324221e+00 
 1.03863056e-07  3.30388554e+00 
 1.03888056e-07  3.30445528e+00 
 1.03913056e-07  3.30488014e+00 
 1.03938056e-07  3.30535242e+00 
 1.03963056e-07  3.30607039e+00 
 1.03988056e-07  3.30714827e+00 
 1.04013056e-07  3.30876964e+00 
 1.04038056e-07  3.31130700e+00 
 1.04063056e-07  3.31538876e+00 
 1.04088056e-07  3.31920366e+00 
 1.04113056e-07  3.30974422e+00 
 1.04138056e-07  3.26998877e+00 
 1.04163056e-07  3.18628336e+00 
 1.04188056e-07  3.03838383e+00 
 1.04213056e-07  2.74830074e+00 
 1.04238056e-07  2.03554504e+00 
 1.04263056e-07  8.88281690e-01 
 1.04282831e-07  2.25848326e-01 
 1.04303366e-07  3.62844695e-02 
 1.04322722e-07  2.32417108e-02 
 1.04343829e-07  1.30874965e-02 
 1.04368829e-07  7.09191513e-03 
 1.04393829e-07  3.73505998e-03 
 1.04418829e-07  1.91253825e-03 
 1.04443829e-07  9.69071559e-04 
 1.04468829e-07  5.03827558e-04 
 1.04493829e-07  2.81819438e-04 
 1.04518829e-07  1.71406184e-04 
 1.04543829e-07  1.14745153e-04 
 1.04568829e-07  8.39018495e-05 
 1.04593829e-07  6.58419712e-05 
 1.04618829e-07  5.27492447e-05 
 1.04643829e-07  4.14561498e-05 
 1.04668829e-07  3.20580464e-05 
 1.04693829e-07  2.30824639e-05 
 1.04718829e-07  8.07032155e-06 
 1.04743829e-07  5.33894813e-06 
 1.04768829e-07  7.76930853e-06 
 1.04793829e-07  9.92571498e-06 
 1.04818829e-07  1.16788336e-05 
 1.04843829e-07  8.73117500e-06 
 1.04868829e-07 -9.14050730e-07 
 1.04893829e-07 -9.20707582e-06 
 1.04918829e-07 -8.82571479e-06 
 1.04943829e-07 -4.34470027e-06 
 1.04968829e-07  4.60940102e-06 
 1.04993829e-07  9.72289041e-06 
 1.05018829e-07  1.25180675e-05 
 1.05043829e-07  1.23615983e-05 
 1.05068829e-07  9.49799425e-06 
 1.05093829e-07  4.48734415e-06 
 1.05118829e-07 -1.13542664e-06 
 1.05143829e-07 -8.85657054e-06 
 1.05168829e-07 -2.23586138e-05 
 1.05193829e-07 -2.63536525e-05 
 1.05218829e-07 -1.29405453e-05 
 1.05243829e-07  2.16564758e-05 
 1.05268829e-07  7.60023239e-05 
 1.05293829e-07  1.24326215e-04 
 1.05318829e-07  1.31293538e-04 
 1.05343829e-07  1.12119366e-04 
 1.05368829e-07  9.58616637e-05 
 1.05393829e-07  6.41286923e-05 
 1.05418829e-07  5.40072926e-06 
 1.05443829e-07 -1.91996156e-05 
 1.05468829e-07  1.53156247e-05 
 1.05493829e-07  9.48950200e-05 
 1.05518829e-07  1.86161930e-04 
 1.05543829e-07  1.55986973e-04 
 1.05568829e-07 -1.53323905e-04 
 1.05593829e-07 -8.67867280e-04 
 1.05618829e-07 -1.69727765e-03 
 1.05643829e-07 -2.58872592e-03 
 1.05668829e-07 -3.37618111e-03 
 1.05693829e-07 -4.15005261e-03 
 1.05718829e-07 -4.99017124e-03 
 1.05743829e-07 -5.98419516e-03 
 1.05768829e-07 -7.26527478e-03 
 1.05793829e-07 -9.15873457e-03 
 1.05818829e-07 -1.18473455e-02 
 1.05843829e-07 -1.27661174e-02 
 1.05868829e-07 -3.47689068e-03 
 1.05893829e-07  2.46940323e-02 
 1.05918829e-07  8.15918733e-02 
 1.05943829e-07  1.86004441e-01 
 1.05968829e-07  3.97057860e-01 
 1.05993829e-07  9.37103883e-01 
 1.06018829e-07  1.92053607e+00 
 1.06043829e-07  2.80489124e+00 
 1.06068829e-07  3.17390154e+00 
 1.06093829e-07  3.25572812e+00 
 1.06118829e-07  3.27675969e+00 
 1.06143829e-07  3.28725481e+00 
 1.06168829e-07  3.29287744e+00 
 1.06193829e-07  3.29572524e+00 
 1.06218829e-07  3.29721995e+00 
 1.06243829e-07  3.29802917e+00 
 1.06268829e-07  3.29854127e+00 
 1.06293829e-07  3.29887831e+00 
 1.06318829e-07  3.29913149e+00 
 1.06343829e-07  3.29940791e+00 
 1.06368829e-07  3.29963266e+00 
 1.06393829e-07  3.29977758e+00 
 1.06418829e-07  3.29986591e+00 
 1.06443829e-07  3.29990746e+00 
 1.06468829e-07  3.29992642e+00 
 1.06493829e-07  3.29993484e+00 
 1.06518829e-07  3.29994194e+00 
 1.06543829e-07  3.29995343e+00 
 1.06568829e-07  3.29997800e+00 
 1.06593829e-07  3.29998030e+00 
 1.06618829e-07  3.29995823e+00 
 1.06643829e-07  3.29994147e+00 
 1.06668829e-07  3.29993102e+00 
 1.06693829e-07  3.29992539e+00 
 1.06718829e-07  3.29992110e+00 
 1.06743829e-07  3.29992088e+00 
 1.06768829e-07  3.29993044e+00 
 1.06793829e-07  3.29995012e+00 
 1.06818829e-07  3.29997906e+00 
 1.06843829e-07  3.30000252e+00 
 1.06868829e-07  3.30000668e+00 
 1.06893829e-07  3.29999511e+00 
 1.06918829e-07  3.29998641e+00 
 1.06943829e-07  3.29997705e+00 
 1.06968829e-07  3.29995810e+00 
 1.06993829e-07  3.29995609e+00 
 1.07018829e-07  3.29997326e+00 
 1.07043829e-07  3.30002103e+00 
 1.07068829e-07  3.30005522e+00 
 1.07093829e-07  3.29998110e+00 
 1.07118829e-07  3.29984099e+00 
 1.07143829e-07  3.29974072e+00 
 1.07168829e-07  3.29972339e+00 
 1.07193829e-07  3.29978613e+00 
 1.07218829e-07  3.29987584e+00 
 1.07243829e-07  3.29991007e+00 
 1.07268829e-07  3.29995239e+00 
 1.07293829e-07  3.30000267e+00 
 1.07318829e-07  3.30001037e+00 
 1.07343829e-07  3.29999049e+00 
 1.07368829e-07  3.29995220e+00 
 1.07393829e-07  3.29988277e+00 
 1.07418829e-07  3.29976159e+00 
 1.07443829e-07  3.29965161e+00 
 1.07468829e-07  3.29964562e+00 
 1.07493829e-07  3.29971595e+00 
 1.07518829e-07  3.29986023e+00 
 1.07543829e-07  3.30017771e+00 
 1.07568829e-07  3.30070043e+00 
 1.07593829e-07  3.30129950e+00 
 1.07618829e-07  3.30185761e+00 
 1.07643829e-07  3.30243529e+00 
 1.07668829e-07  3.30304644e+00 
 1.07693829e-07  3.30368753e+00 
 1.07718829e-07  3.30429642e+00 
 1.07743829e-07  3.30475663e+00 
 1.07768829e-07  3.30518629e+00 
 1.07793829e-07  3.30581591e+00 
 1.07818829e-07  3.30676815e+00 
 1.07843829e-07  3.30819387e+00 
 1.07868829e-07  3.31039012e+00 
 1.07893829e-07  3.31393846e+00 
 1.07918829e-07  3.31856631e+00 
 1.07943829e-07  3.31529247e+00 
 1.07968829e-07  3.28616240e+00 
 1.07993829e-07  3.21782080e+00 
 1.08018829e-07  3.09314374e+00 
 1.08043829e-07  2.86699840e+00 
 1.08068829e-07  2.29921171e+00 
 1.08093829e-07  1.25002158e+00 
 1.08118829e-07  3.11973403e-01 
 1.08140586e-07  3.61636174e-02 
 1.08161499e-07  2.33243462e-02 
 1.08186499e-07  1.15795966e-02 
 1.08209785e-07  6.74456986e-03 
 1.08234785e-07  3.49511657e-03 
 1.08259785e-07  1.79745628e-03 
 1.08284785e-07  9.07930029e-04 
 1.08309785e-07  4.75399049e-04 
 1.08334785e-07  2.67731049e-04 
 1.08359785e-07  1.64315034e-04 
 1.08384785e-07  1.10942478e-04 
 1.08409785e-07  8.17638717e-05 
 1.08434785e-07  6.44305733e-05 
 1.08459785e-07  5.15885511e-05 
 1.08484785e-07  4.04228931e-05 
 1.08509785e-07  3.13664814e-05 
 1.08534785e-07  2.16510454e-05 
 1.08559785e-07  7.14327392e-06 
 1.08584785e-07  5.57464853e-06 
 1.08609785e-07  7.96287995e-06 
 1.08634785e-07  1.01429993e-05 
 1.08659785e-07  1.16820279e-05 
 1.08684785e-07  8.05157909e-06 
 1.08709785e-07 -1.98274187e-06 
 1.08734785e-07 -9.50312422e-06 
 1.08759785e-07 -8.55838082e-06 
 1.08784785e-07 -3.66563213e-06 
 1.08809785e-07  5.43976269e-06 
 1.08834785e-07  1.00554844e-05 
 1.08859785e-07  1.25833145e-05 
 1.08884785e-07  1.22088200e-05 
 1.08909785e-07  9.10294994e-06 
 1.08934785e-07  3.93511994e-06 
 1.08959785e-07 -1.69018310e-06 
 1.08984785e-07 -9.92480717e-06 
 1.09009785e-07 -2.35263839e-05 
 1.09034785e-07 -2.57860004e-05 
 1.09059785e-07 -1.06534220e-05 
 1.09084785e-07  2.62441857e-05 
 1.09109785e-07  8.12457081e-05 
 1.09134785e-07  1.27364338e-04 
 1.09159785e-07  1.29977370e-04 
 1.09184785e-07  1.10228300e-04 
 1.09209785e-07  9.40127880e-05 
 1.09234785e-07  5.92491718e-05 
 1.09259785e-07  4.61288410e-07 
 1.09284785e-07 -1.81186522e-05 
 1.09309785e-07  2.07685901e-05 
 1.09334785e-07  1.05021757e-04 
 1.09359785e-07  1.90306189e-04 
 1.09384785e-07  1.41834801e-04 
 1.09409785e-07 -2.04482927e-04 
 1.09434785e-07 -9.52051819e-04 
 1.09459785e-07 -1.77237926e-03 
 1.09484785e-07 -2.67208382e-03 
 1.09509785e-07 -3.44819665e-03 
 1.09534785e-07 -4.22641932e-03 
 1.09559785e-07 -5.07557720e-03 
 1.09584785e-07 -6.09119214e-03 
 1.09609785e-07 -7.41195124e-03 
 1.09634785e-07 -9.38565576e-03 
 1.09659785e-07 -1.21007540e-02 
 1.09684785e-07 -1.24832564e-02 
 1.09709785e-07 -1.70272924e-03 
 1.09734785e-07  2.86436053e-02 
 1.09759785e-07  8.90294027e-02 
 1.09784785e-07  1.99815328e-01 
 1.09809785e-07  4.29231861e-01 
 1.09834785e-07  1.00952615e+00 
 1.09859785e-07  2.02571702e+00 
 1.09884785e-07  2.86423082e+00 
 1.09909785e-07  3.18871355e+00 
 1.09934785e-07  3.25883438e+00 
 1.09959785e-07  3.27805026e+00 
 1.09984785e-07  3.28796659e+00 
 1.10009785e-07  3.29324026e+00 
 1.10034785e-07  3.29591280e+00 
 1.10059785e-07  3.29731827e+00 
 1.10084785e-07  3.29808780e+00 
 1.10109785e-07  3.29857944e+00 
 1.10134785e-07  3.29890398e+00 
 1.10159785e-07  3.29915661e+00 
 1.10184785e-07  3.29943296e+00 
 1.10209785e-07  3.29964920e+00 
 1.10234785e-07  3.29978822e+00 
 1.10259785e-07  3.29987159e+00 
 1.10284785e-07  3.29990989e+00 
 1.10309785e-07  3.29992756e+00 
 1.10334785e-07  3.29993544e+00 
 1.10359785e-07  3.29994274e+00 
 1.10384785e-07  3.29995517e+00 
 1.10409785e-07  3.29997998e+00 
 1.10434785e-07  3.29997860e+00 
 1.10459785e-07  3.29995629e+00 
 1.10484785e-07  3.29994027e+00 
 1.10509785e-07  3.29993028e+00 
 1.10534785e-07  3.29992504e+00 
 1.10559785e-07  3.29992070e+00 
 1.10584785e-07  3.29992137e+00 
 1.10609785e-07  3.29993187e+00 
 1.10634785e-07  3.29995254e+00 
 1.10659785e-07  3.29998183e+00 
 1.10684785e-07  3.30000384e+00 
 1.10709785e-07  3.30000601e+00 
 1.10734785e-07  3.29999408e+00 
 1.10759785e-07  3.29998550e+00 
 1.10784785e-07  3.29997591e+00 
 1.10809785e-07  3.29995640e+00 
 1.10834785e-07  3.29995712e+00 
 1.10859785e-07  3.29997639e+00 
 1.10884785e-07  3.30002666e+00 
 1.10909785e-07  3.30005333e+00 
 1.10934785e-07  3.29996920e+00 
 1.10959785e-07  3.29982856e+00 
 1.10984785e-07  3.29973497e+00 
 1.11009785e-07  3.29972651e+00 
 1.11034785e-07  3.29979525e+00 
 1.11059785e-07  3.29988088e+00 
 1.11084785e-07  3.29991271e+00 
 1.11109785e-07  3.29995826e+00 
 1.11134785e-07  3.30000507e+00 
 1.11159785e-07  3.30000926e+00 
 1.11184785e-07  3.29998775e+00 
 1.11209785e-07  3.29994707e+00 
 1.11234785e-07  3.29987382e+00 
 1.11259785e-07  3.29974841e+00 
 1.11284785e-07  3.29964657e+00 
 1.11309785e-07  3.29964988e+00 
 1.11334785e-07  3.29972531e+00 
 1.11359785e-07  3.29988055e+00 
 1.11384785e-07  3.30021950e+00 
 1.11409785e-07  3.30075513e+00 
 1.11434785e-07  3.30135438e+00 
 1.11459785e-07  3.30190834e+00 
 1.11484785e-07  3.30249183e+00 
 1.11509785e-07  3.30310547e+00 
 1.11534785e-07  3.30374783e+00 
 1.11559785e-07  3.30434600e+00 
 1.11584785e-07  3.30479376e+00 
 1.11609785e-07  3.30523393e+00 
 1.11634785e-07  3.30588921e+00 
 1.11659785e-07  3.30687774e+00 
 1.11684785e-07  3.30835928e+00 
 1.11709785e-07  3.31065185e+00 
 1.11734785e-07  3.31435984e+00 
 1.11759785e-07  3.31885085e+00 
 1.11784785e-07  3.31392078e+00 
 1.11809785e-07  3.28169974e+00 
 1.11834785e-07  3.20888331e+00 
 1.11859785e-07  3.07766633e+00 
 1.11884785e-07  2.83552254e+00 
 1.11909785e-07  2.22435799e+00 
 1.11934785e-07  1.13604618e+00 
 1.11959785e-07  2.53600524e-01 
 1.11982674e-07  2.58770097e-02 
 1.12004789e-07  2.17273918e-02 
 1.12028609e-07  1.04702076e-02 
 1.12053609e-07  5.96541038e-03 
 1.12078609e-07  3.02981191e-03 
 1.12103609e-07  1.56328369e-03 
 1.12128609e-07  7.88769541e-04 
 1.12153609e-07  4.19107030e-04 
 1.12178609e-07  2.40046750e-04 
 1.12203609e-07  1.50209815e-04 
 1.12228609e-07  1.03428969e-04 
 1.12253609e-07  7.74590014e-05 
 1.12278609e-07  6.15501204e-05 
 1.12303609e-07  4.91474599e-05 
 1.12328609e-07  3.82881169e-05 
 1.12353609e-07  2.98889833e-05 
 1.12378609e-07  1.83817835e-05 
 1.12403609e-07  5.72902104e-06 
 1.12428609e-07  6.11431454e-06 
 1.12453609e-07  8.38997989e-06 
 1.12478609e-07  1.06042749e-05 
 1.12503609e-07  1.15136681e-05 
 1.12528609e-07  6.36327213e-06 
 1.12553609e-07 -4.15789411e-06 
 1.12578609e-07 -9.84942181e-06 
 1.12603609e-07 -7.85453843e-06 
 1.12628609e-07 -1.90387171e-06 
 1.12653609e-07  6.59982655e-06 
 1.12678609e-07  1.10268916e-05 
 1.12703609e-07  1.26341631e-05 
 1.12728609e-07  1.17781091e-05 
 1.12753609e-07  8.19288462e-06 
 1.12778609e-07  2.72695564e-06 
 1.12803609e-07 -2.97987780e-06 
 1.12828609e-07 -1.24557487e-05 
 1.12853609e-07 -2.55706507e-05 
 1.12878609e-07 -2.40582180e-05 
 1.12903609e-07 -5.01914836e-06 
 1.12928609e-07  3.67562346e-05 
 1.12953609e-07  9.25568090e-05 
 1.12978609e-07  1.31797626e-04 
 1.13003609e-07  1.26951320e-04 
 1.13028609e-07  1.06153585e-04 
 1.13053609e-07  8.92315948e-05 
 1.13078609e-07  4.79972795e-05 
 1.13103609e-07 -8.90203959e-06 
 1.13128609e-07 -1.36070960e-05 
 1.13153609e-07  3.38303059e-05 
 1.13178609e-07  1.27267878e-04 
 1.13203609e-07  1.95047481e-04 
 1.13228609e-07  1.01765823e-04 
 1.13253609e-07 -3.28819165e-04 
 1.13278609e-07 -1.12272079e-03 
 1.13303609e-07 -1.96092780e-03 
 1.13328609e-07 -2.83813637e-03 
 1.13353609e-07 -3.60643328e-03 
 1.13378609e-07 -4.39336327e-03 
 1.13403609e-07 -5.26724570e-03 
 1.13428609e-07 -6.33132154e-03 
 1.13453609e-07 -7.75099797e-03 
 1.13478609e-07 -9.90724126e-03 
 1.13503609e-07 -1.25931999e-02 
 1.13528609e-07 -1.15076464e-02 
 1.13553609e-07  2.71119203e-03 
 1.13578609e-07  3.82023048e-02 
 1.13603609e-07  1.06691005e-01 
 1.13628609e-07  2.33145507e-01 
 1.13653609e-07  5.13328198e-01 
 1.13678609e-07  1.18438766e+00 
 1.13703609e-07  2.24228523e+00 
 1.13728609e-07  2.97243878e+00 
 1.13753609e-07  3.21342096e+00 
 1.13778609e-07  3.26433837e+00 
 1.13803609e-07  3.28059237e+00 
 1.13828609e-07  3.28935835e+00 
 1.13853609e-07  3.29394393e+00 
 1.13878609e-07  3.29628081e+00 
 1.13903609e-07  3.29751166e+00 
 1.13928609e-07  3.29820717e+00 
 1.13953609e-07  3.29865721e+00 
 1.13978609e-07  3.29895723e+00 
 1.14003609e-07  3.29921297e+00 
 1.14028609e-07  3.29948528e+00 
 1.14053609e-07  3.29968282e+00 
 1.14078609e-07  3.29980992e+00 
 1.14103609e-07  3.29988244e+00 
 1.14128609e-07  3.29991468e+00 
 1.14153609e-07  3.29992969e+00 
 1.14178609e-07  3.29993677e+00 
 1.14203609e-07  3.29994467e+00 
 1.14228609e-07  3.29995965e+00 
 1.14253609e-07  3.29998309e+00 
 1.14278609e-07  3.29997428e+00 
 1.14303609e-07  3.29995234e+00 
 1.14328609e-07  3.29993781e+00 
 1.14353609e-07  3.29992883e+00 
 1.14378609e-07  3.29992422e+00 
 1.14403609e-07  3.29992007e+00 
 1.14428609e-07  3.29992274e+00 
 1.14453609e-07  3.29993523e+00 
 1.14478609e-07  3.29995821e+00 
 1.14503609e-07  3.29998764e+00 
 1.14528609e-07  3.30000600e+00 
 1.14553609e-07  3.30000383e+00 
 1.14578609e-07  3.29999236e+00 
 1.14603609e-07  3.29998365e+00 
 1.14628609e-07  3.29997262e+00 
 1.14653609e-07  3.29995459e+00 
 1.14678609e-07  3.29995845e+00 
 1.14703609e-07  3.29998394e+00 
 1.14728609e-07  3.30003904e+00 
 1.14753609e-07  3.30004539e+00 
 1.14778609e-07  3.29994112e+00 
 1.14803609e-07  3.29980313e+00 
 1.14828609e-07  3.29972504e+00 
 1.14853609e-07  3.29973530e+00 
 1.14878609e-07  3.29981625e+00 
 1.14903609e-07  3.29988972e+00 
 1.14928609e-07  3.29991933e+00 
 1.14953609e-07  3.29997158e+00 
 1.14978609e-07  3.30000877e+00 
 1.15003609e-07  3.30000603e+00 
 1.15028609e-07  3.29998101e+00 
 1.15053609e-07  3.29993467e+00 
 1.15078609e-07  3.29985207e+00 
 1.15103609e-07  3.29972007e+00 
 1.15128609e-07  3.29963872e+00 
 1.15153609e-07  3.29966120e+00 
 1.15178609e-07  3.29974838e+00 
 1.15203609e-07  3.29993121e+00 
 1.15228609e-07  3.30031869e+00 
 1.15253609e-07  3.30087820e+00 
 1.15278609e-07  3.30147283e+00 
 1.15303609e-07  3.30202416e+00 
 1.15328609e-07  3.30261671e+00 
 1.15353609e-07  3.30323671e+00 
 1.15378609e-07  3.30387950e+00 
 1.15403609e-07  3.30445059e+00 
 1.15428609e-07  3.30487610e+00 
 1.15453609e-07  3.30534683e+00 
 1.15478609e-07  3.30606200e+00 
 1.15503609e-07  3.30713587e+00 
 1.15528609e-07  3.30875081e+00 
 1.15553609e-07  3.31127681e+00 
 1.15578609e-07  3.31534236e+00 
 1.15603609e-07  3.31919834e+00 
 1.15628609e-07  3.30995642e+00 
 1.15653609e-07  3.27054087e+00 
 1.15678609e-07  3.18733093e+00 
 1.15703609e-07  3.04021858e+00 
 1.15728609e-07  2.75266604e+00 
 1.15753609e-07  2.04442763e+00 
 1.15778609e-07  8.97884419e-01 
 1.15800381e-07  1.95593371e-01 
 1.15822104e-07  2.90128652e-02 
 1.15841478e-07  2.18746258e-02 
 1.15863129e-07  1.19193450e-02 
 1.15888129e-07  6.52763638e-03 
 1.15913129e-07  3.40242414e-03 
 1.15938129e-07  1.74182784e-03 
 1.15963129e-07  8.82234686e-04 
 1.15988129e-07  4.62428429e-04 
 1.16013129e-07  2.61700630e-04 
 1.16038129e-07  1.61123343e-04 
 1.16063129e-07  1.09331010e-04 
 1.16088129e-07  8.08138416e-05 
 1.16113129e-07  6.38369881e-05 
 1.16138129e-07  5.10789383e-05 
 1.16163129e-07  3.99881958e-05 
 1.16188129e-07  3.10658598e-05 
 1.16213129e-07  2.10142134e-05 
 1.16238129e-07  6.79286779e-06 
 1.16263129e-07  5.68642451e-06 
 1.16288129e-07  8.04968282e-06 
 1.16313129e-07  1.02402396e-05 
 1.16338129e-07  1.16694826e-05 
 1.16363129e-07  7.73356896e-06 
 1.16388129e-07 -2.44078647e-06 
 1.16413129e-07 -9.60512491e-06 
 1.16438129e-07 -8.42814598e-06 
 1.16463129e-07 -3.31471826e-06 
 1.16488129e-07  5.68377270e-06 
 1.16513129e-07  1.02741671e-05 
 1.16538129e-07  1.25940070e-05 
 1.16563129e-07  1.21337585e-05 
 1.16588129e-07  8.92472501e-06 
 1.16613129e-07  3.68899575e-06 
 1.16638129e-07 -1.94238937e-06 
 1.16663129e-07 -1.04187856e-05 
 1.16688129e-07 -2.40034145e-05 
 1.16713129e-07 -2.54884375e-05 
 1.16738129e-07 -9.57739902e-06 
 1.16763129e-07  2.83385801e-05 
 1.16788129e-07  8.35250673e-05 
 1.16813129e-07  1.28613881e-04 
 1.16838129e-07  1.29332465e-04 
 1.16863129e-07  1.09387432e-04 
 1.16888129e-07  9.31521817e-05 
 1.16913129e-07  5.69918289e-05 
 1.16938129e-07 -1.63455994e-06 
 1.16963129e-07 -1.73984191e-05 
 1.16988129e-07  2.33107000e-05 
 1.17013129e-07  1.09608754e-04 
 1.17038129e-07  1.91777539e-04 
 1.17063129e-07  1.34654160e-04 
 1.17088129e-07 -2.28673773e-04 
 1.17113129e-07 -9.88139957e-04 
 1.17138129e-07 -1.80961539e-03 
 1.17163129e-07 -2.70768594e-03 
 1.17188129e-07 -3.48089386e-03 
 1.17213129e-07 -4.26088552e-03 
 1.17238129e-07 -5.11456053e-03 
 1.17263129e-07 -6.14037836e-03 
 1.17288129e-07 -7.48013613e-03 
 1.17313129e-07 -9.49104530e-03 
 1.17338129e-07 -1.22110098e-02 
 1.17363129e-07 -1.23232726e-02 
 1.17388129e-07 -8.41825741e-04 
 1.17413129e-07  3.05102204e-02 
 1.17438129e-07  9.25322746e-02 
 1.17463129e-07  2.06362980e-01 
 1.17488129e-07  4.45025698e-01 
 1.17513129e-07  1.04384366e+00 
 1.17538129e-07  2.07258975e+00 
 1.17563129e-07  2.88932000e+00 
 1.17588129e-07  3.19467855e+00 
 1.17613129e-07  3.26011253e+00 
 1.17638129e-07  3.27861028e+00 
 1.17663129e-07  3.28827461e+00 
 1.17688129e-07  3.29339660e+00 
 1.17713129e-07  3.29599409e+00 
 1.17738129e-07  3.29736092e+00 
 1.17763129e-07  3.29811369e+00 
 1.17788129e-07  3.29859631e+00 
 1.17813129e-07  3.29891542e+00 
 1.17838129e-07  3.29916829e+00 
 1.17863129e-07  3.29944425e+00 
 1.17888129e-07  3.29965655e+00 
 1.17913129e-07  3.29979297e+00 
 1.17938129e-07  3.29987405e+00 
 1.17963129e-07  3.29991095e+00 
 1.17988129e-07  3.29992806e+00 
 1.18013129e-07  3.29993571e+00 
 1.18038129e-07  3.29994312e+00 
 1.18063129e-07  3.29995606e+00 
 1.18088129e-07  3.29998078e+00 
 1.18113129e-07  3.29997774e+00 
 1.18138129e-07  3.29995542e+00 
 1.18163129e-07  3.29993973e+00 
 1.18188129e-07  3.29992996e+00 
 1.18213129e-07  3.29992482e+00 
 1.18238129e-07  3.29992053e+00 
 1.18263129e-07  3.29992165e+00 
 1.18288129e-07  3.29993257e+00 
 1.18313129e-07  3.29995369e+00 
 1.18338129e-07  3.29998308e+00 
 1.18363129e-07  3.30000442e+00 
 1.18388129e-07  3.30000567e+00 
 1.18413129e-07  3.29999360e+00 
 1.18438129e-07  3.29998508e+00 
 1.18463129e-07  3.29997534e+00 
 1.18488129e-07  3.29995580e+00 
 1.18513129e-07  3.29995755e+00 
 1.18538129e-07  3.29997774e+00 
 1.18563129e-07  3.30002947e+00 
 1.18588129e-07  3.30005207e+00 
 1.18613129e-07  3.29996334e+00 
 1.18638129e-07  3.29982284e+00 
 1.18663129e-07  3.29973249e+00 
 1.18688129e-07  3.29972817e+00 
 1.18713129e-07  3.29979967e+00 
 1.18738129e-07  3.29988305e+00 
 1.18763129e-07  3.29991401e+00 
 1.18788129e-07  3.29996111e+00 
 1.18813129e-07  3.30000605e+00 
 1.18838129e-07  3.30000865e+00 
 1.18863129e-07  3.29998637e+00 
 1.18888129e-07  3.29994451e+00 
 1.18913129e-07  3.29986933e+00 
 1.18938129e-07  3.29974110e+00 
 1.18963129e-07  3.29964396e+00 
 1.18988129e-07  3.29965291e+00 
 1.19013129e-07  3.29973039e+00 
 1.19038129e-07  3.29989109e+00 
 1.19063129e-07  3.30024069e+00 
 1.19088129e-07  3.30078218e+00 
 1.19113129e-07  3.30138119e+00 
 1.19138129e-07  3.30193314e+00 
 1.19163129e-07  3.30251966e+00 
 1.19188129e-07  3.30313435e+00 
 1.19213129e-07  3.30377731e+00 
 1.19238129e-07  3.30436996e+00 
 1.19263129e-07  3.30481210e+00 
 1.19288129e-07  3.30525822e+00 
 1.19313129e-07  3.30592646e+00 
 1.19338129e-07  3.30693336e+00 
 1.19363129e-07  3.30844340e+00 
 1.19388129e-07  3.31078549e+00 
 1.19413129e-07  3.31457326e+00 
 1.19438129e-07  3.31896566e+00 
 1.19463129e-07  3.31315278e+00 
 1.19488129e-07  3.27936893e+00 
 1.19513129e-07  3.20429585e+00 
 1.19538129e-07  3.06971289e+00 
 1.19563129e-07  2.81878514e+00 
 1.19588129e-07  2.18605260e+00 
 1.19613129e-07  1.08051416e+00 
 1.19638129e-07  2.26854953e-01 
 1.19662466e-07  1.92495893e-02 
 1.19685669e-07  2.08233384e-02 
 1.19708417e-07  9.68672595e-03 
 1.19733417e-07  5.62790287e-03 
 1.19758417e-07  2.81847390e-03 
 1.19783417e-07  1.46031975e-03 
 1.19808417e-07  7.35888699e-04 
 1.19833417e-07  3.94467752e-04 
 1.19858417e-07  2.27680096e-04 
 1.19883417e-07  1.43929400e-04 
 1.19908417e-07  1.00010592e-04 
 1.19933417e-07  7.55261128e-05 
 1.19958417e-07  6.01661240e-05 
 1.19983417e-07  4.78994919e-05 
 1.20008417e-07  3.72183189e-05 
 1.20033417e-07  2.91382272e-05 
 1.20058417e-07  1.65998031e-05 
 1.20083417e-07  5.33062360e-06 
 1.20108417e-07  6.37923656e-06 
 1.20133417e-07  8.62006782e-06 
 1.20158417e-07  1.08283413e-05 
 1.20183417e-07  1.13249008e-05 
 1.20208417e-07  5.38963634e-06 
 1.20233417e-07 -5.18080251e-06 
 1.20258417e-07 -9.87814646e-06 
 1.20283417e-07 -7.43585020e-06 
 1.20308417e-07 -9.61936036e-07 
 1.20333417e-07  7.14945613e-06 
 1.20358417e-07  1.14369771e-05 
 1.20383417e-07  1.26597579e-05 
 1.20408417e-07  1.14965282e-05 
 1.20433417e-07  7.67084527e-06 
 1.20458417e-07  2.14286366e-06 
 1.20483417e-07 -3.69817220e-06 
 1.20508417e-07 -1.38896087e-05 
 1.20533417e-07 -2.63007699e-05 
 1.20558417e-07 -2.29304370e-05 
 1.20583417e-07 -1.66400426e-06 
 1.20608417e-07  4.23776833e-05 
 1.20633417e-07  9.83860549e-05 
 1.20658417e-07  1.32680015e-04 
 1.20683417e-07  1.25234820e-04 
 1.20708417e-07  1.04516300e-04 
 1.20733417e-07  8.63612052e-05 
 1.20758417e-07  4.16367886e-05 
 1.20783417e-07 -1.26190392e-05 
 1.20808417e-07 -1.04786204e-05 
 1.20833417e-07  4.14021429e-05 
 1.20858417e-07  1.38491764e-04 
 1.20883417e-07  1.95051802e-04 
 1.20908417e-07  7.55448113e-05 
 1.20933417e-07 -4.00208856e-04 
 1.20958417e-07 -1.21136473e-03 
 1.20983417e-07 -2.05894120e-03 
 1.21008417e-07 -2.92220974e-03 
 1.21033417e-07 -3.68868013e-03 
 1.21058417e-07 -4.48143556e-03 
 1.21083417e-07 -5.37034615e-03 
 1.21108417e-07 -6.46081873e-03 
 1.21133417e-07 -7.93917680e-03 
 1.21158417e-07 -1.01921812e-02 
 1.21183417e-07 -1.28008189e-02 
 1.21208417e-07 -1.07833743e-02 
 1.21233417e-07  5.33282178e-03 
 1.21258417e-07  4.37148182e-02 
 1.21283417e-07  1.16747964e-01 
 1.21308417e-07  2.52516947e-01 
 1.21333417e-07  5.65741184e-01 
 1.21358417e-07  1.28598584e+00 
 1.21383417e-07  2.34503298e+00 
 1.21408417e-07  3.01739111e+00 
 1.21433417e-07  3.22313832e+00 
 1.21458417e-07  3.26671068e+00 
 1.21483417e-07  3.28179066e+00 
 1.21508417e-07  3.29000690e+00 
 1.21533417e-07  3.29427046e+00 
 1.21558417e-07  3.29645303e+00 
 1.21583417e-07  3.29760300e+00 
 1.21608417e-07  3.29826511e+00 
 1.21633417e-07  3.29869523e+00 
 1.21658417e-07  3.29898390e+00 
 1.21683417e-07  3.29924310e+00 
 1.21708417e-07  3.29951113e+00 
 1.21733417e-07  3.29969921e+00 
 1.21758417e-07  3.29982036e+00 
 1.21783417e-07  3.29988736e+00 
 1.21808417e-07  3.29991692e+00 
 1.21833417e-07  3.29993061e+00 
 1.21858417e-07  3.29993748e+00 
 1.21883417e-07  3.29994582e+00 
 1.21908417e-07  3.29996228e+00 
 1.21933417e-07  3.29998402e+00 
 1.21958417e-07  3.29997180e+00 
 1.21983417e-07  3.29995040e+00 
 1.22008417e-07  3.29993661e+00 
 1.22033417e-07  3.29992814e+00 
 1.22058417e-07  3.29992378e+00 
 1.22083417e-07  3.29991985e+00 
 1.22108417e-07  3.29992361e+00 
 1.22133417e-07  3.29993719e+00 
 1.22158417e-07  3.29996133e+00 
 1.22183417e-07  3.29999054e+00 
 1.22208417e-07  3.30000679e+00 
 1.22233417e-07  3.30000243e+00 
 1.22258417e-07  3.29999157e+00 
 1.22283417e-07  3.29998270e+00 
 1.22308417e-07  3.29997057e+00 
 1.22333417e-07  3.29995404e+00 
 1.22358417e-07  3.29995955e+00 
 1.22383417e-07  3.29998871e+00 
 1.22408417e-07  3.30004463e+00 
 1.22433417e-07  3.30003904e+00 
 1.22458417e-07  3.29992552e+00 
 1.22483417e-07  3.29979085e+00 
 1.22508417e-07  3.29972139e+00 
 1.22533417e-07  3.29974100e+00 
 1.22558417e-07  3.29982763e+00 
 1.22583417e-07  3.29989309e+00 
 1.22608417e-07  3.29992353e+00 
 1.22633417e-07  3.29997862e+00 
 1.22658417e-07  3.30000985e+00 
 1.22683417e-07  3.30000395e+00 
 1.22708417e-07  3.29997838e+00 
 1.22733417e-07  3.29992885e+00 
 1.22758417e-07  3.29983938e+00 
 1.22783417e-07  3.29970597e+00 
 1.22808417e-07  3.29963685e+00 
 1.22833417e-07  3.29966840e+00 
 1.22858417e-07  3.29976215e+00 
 1.22883417e-07  3.29996171e+00 
 1.22908417e-07  3.30037554e+00 
 1.22933417e-07  3.30094535e+00 
 1.22958417e-07  3.30153471e+00 
 1.22983417e-07  3.30208884e+00 
 1.23008417e-07  3.30268366e+00 
 1.23033417e-07  3.30330757e+00 
 1.23058417e-07  3.30395005e+00 
 1.23083417e-07  3.30450432e+00 
 1.23108417e-07  3.30492186e+00 
 1.23133417e-07  3.30541286e+00 
 1.23158417e-07  3.30616223e+00 
 1.23183417e-07  3.30728544e+00 
 1.23208417e-07  3.30897897e+00 
 1.23233417e-07  3.31164413e+00 
 1.23258417e-07  3.31589595e+00 
 1.23283417e-07  3.31917597e+00 
 1.23308417e-07  3.30722458e+00 
 1.23333417e-07  3.26372729e+00 
 1.23358417e-07  3.17455875e+00 
 1.23383417e-07  3.01783387e+00 
 1.23408417e-07  2.69753975e+00 
 1.23433417e-07  1.93589712e+00 
 1.23458417e-07  7.85197046e-01 
 1.23483417e-07  1.07065156e-01 
 1.23506472e-07  2.34559372e-02 
 1.23526220e-07  1.79665958e-02 
 1.23547856e-07  9.88143880e-03 
 1.23572856e-07  5.39248391e-03 
 1.23597856e-07  2.77844013e-03 
 1.23622856e-07  1.41598543e-03 
 1.23647856e-07  7.20496523e-04 
 1.23672856e-07  3.85214185e-04 
 1.23697856e-07  2.23729517e-04 
 1.23722856e-07  1.41591430e-04 
 1.23747856e-07  9.88499515e-05 
 1.23772856e-07  7.48516846e-05 
 1.23797856e-07  5.97056964e-05 
 1.23822856e-07  4.74534023e-05 
 1.23847856e-07  3.68404249e-05 
 1.23872856e-07  2.88395833e-05 
 1.23897856e-07  1.59335060e-05 
 1.23922856e-07  5.21625946e-06 
 1.23947856e-07  6.48175638e-06 
 1.23972856e-07  8.70692920e-06 
 1.23997856e-07  1.09128658e-05 
 1.24022856e-07  1.12305966e-05 
 1.24047856e-07  4.99754483e-06 
 1.24072856e-07 -5.55658280e-06 
 1.24097856e-07 -9.86463623e-06 
 1.24122856e-07 -7.26904974e-06 
 1.24147856e-07 -5.92964336e-07 
 1.24172856e-07  7.34875950e-06 
 1.24197856e-07  1.15807263e-05 
 1.24222856e-07  1.26685605e-05 
 1.24247856e-07  1.13767775e-05 
 1.24272856e-07  7.46045757e-06 
 1.24297856e-07  1.93069620e-06 
 1.24322856e-07 -3.99252370e-06 
 1.24347856e-07 -1.44673328e-05 
 1.24372856e-07 -2.65162817e-05 
 1.24397856e-07 -2.24462209e-05 
 1.24422856e-07 -3.72460790e-07 
 1.24447856e-07  4.46324912e-05 
 1.24472856e-07  1.00665428e-04 
 1.24497856e-07  1.32877133e-04 
 1.24522856e-07  1.24430919e-04 
 1.24547856e-07  1.03975223e-04 
 1.24572856e-07  8.51985643e-05 
 1.24597856e-07  3.90506223e-05 
 1.24622856e-07 -1.38209320e-05 
 1.24647856e-07 -9.14919477e-06 
 1.24672856e-07  4.44895687e-05 
 1.24697856e-07  1.42704262e-04 
 1.24722856e-07  1.94565602e-04 
 1.24747856e-07  6.43404396e-05 
 1.24772856e-07 -4.29026959e-04 
 1.24797856e-07 -1.24564962e-03 
 1.24822856e-07 -2.09659410e-03 
 1.24847856e-07 -2.95442850e-03 
 1.24872856e-07 -3.72045841e-03 
 1.24897856e-07 -4.51568152e-03 
 1.24922856e-07 -5.41068105e-03 
 1.24947856e-07 -6.51188399e-03 
 1.24972856e-07 -8.01417469e-03 
 1.24997856e-07 -1.03043346e-02 
 1.25022856e-07 -1.28689748e-02 
 1.25047856e-07 -1.04604241e-02 
 1.25072856e-07  6.41198817e-03 
 1.25097856e-07  4.59405837e-02 
 1.25122856e-07  1.20801444e-01 
 1.25147856e-07  2.60411924e-01 
 1.25172856e-07  5.87435990e-01 
 1.25197856e-07  1.32692365e+00 
 1.25222856e-07  2.38320741e+00 
 1.25247856e-07  3.03343596e+00 
 1.25272856e-07  3.22651710e+00 
 1.25297856e-07  3.26758197e+00 
 1.25322856e-07  3.28224335e+00 
 1.25347856e-07  3.29024990e+00 
 1.25372856e-07  3.29439256e+00 
 1.25397856e-07  3.29651735e+00 
 1.25422856e-07  3.29763726e+00 
 1.25447856e-07  3.29828693e+00 
 1.25472856e-07  3.29870953e+00 
 1.25497856e-07  3.29899409e+00 
 1.25522856e-07  3.29925477e+00 
 1.25547856e-07  3.29952076e+00 
 1.25572856e-07  3.29970532e+00 
 1.25597856e-07  3.29982420e+00 
 1.25622856e-07  3.29988913e+00 
 1.25647856e-07  3.29991774e+00 
 1.25672856e-07  3.29993094e+00 
 1.25697856e-07  3.29993775e+00 
 1.25722856e-07  3.29994629e+00 
 1.25747856e-07  3.29996333e+00 
 1.25772856e-07  3.29998423e+00 
 1.25797856e-07  3.29997084e+00 
 1.25822856e-07  3.29994968e+00 
 1.25847856e-07  3.29993617e+00 
 1.25872856e-07  3.29992790e+00 
 1.25897856e-07  3.29992360e+00 
 1.25922856e-07  3.29991982e+00 
 1.25947856e-07  3.29992396e+00 
 1.25972856e-07  3.29993797e+00 
 1.25997856e-07  3.29996253e+00 
 1.26022856e-07  3.29999160e+00 
 1.26047856e-07  3.30000701e+00 
 1.26072856e-07  3.30000187e+00 
 1.26097856e-07  3.29999128e+00 
 1.26122856e-07  3.29998234e+00 
 1.26147856e-07  3.29996976e+00 
 1.26172856e-07  3.29995390e+00 
 1.26197856e-07  3.29996008e+00 
 1.26222856e-07  3.29999062e+00 
 1.26247856e-07  3.30004651e+00 
 1.26272856e-07  3.30003625e+00 
 1.26297856e-07  3.29991957e+00 
 1.26322856e-07  3.29978641e+00 
 1.26347856e-07  3.29972042e+00 
 1.26372856e-07  3.29974334e+00 
 1.26397856e-07  3.29983186e+00 
 1.26422856e-07  3.29989417e+00 
 1.26447856e-07  3.29992523e+00 
 1.26472856e-07  3.29998124e+00 
 1.26497856e-07  3.30001008e+00 
 1.26522856e-07  3.30000314e+00 
 1.26547856e-07  3.29997687e+00 
 1.26572856e-07  3.29992614e+00 
 1.26597856e-07  3.29983443e+00 
 1.26622856e-07  3.29970095e+00 
 1.26647856e-07  3.29963640e+00 
 1.26672856e-07  3.29967120e+00 
 1.26697856e-07  3.29976761e+00 
 1.26722856e-07  3.29997370e+00 
 1.26747856e-07  3.30039725e+00 
 1.26772856e-07  3.30097032e+00 
 1.26797856e-07  3.30155746e+00 
 1.26822856e-07  3.30211274e+00 
 1.26847856e-07  3.30270867e+00 
 1.26872856e-07  3.30333392e+00 
 1.26897856e-07  3.30397567e+00 
 1.26922856e-07  3.30452347e+00 
 1.26947856e-07  3.30493879e+00 
 1.26972856e-07  3.30543784e+00 
 1.26997856e-07  3.30620010e+00 
 1.27022856e-07  3.30734203e+00 
 1.27047856e-07  3.30906560e+00 
 1.27072856e-07  3.31178413e+00 
 1.27097856e-07  3.31610061e+00 
 1.27122856e-07  3.31912208e+00 
 1.27147856e-07  3.30611196e+00 
 1.27172856e-07  3.26109077e+00 
 1.27197856e-07  3.16967571e+00 
 1.27222856e-07  3.00922387e+00 
 1.27247856e-07  2.67523805e+00 
 1.27272856e-07  1.89372499e+00 
 1.27297856e-07  7.46206391e-01 
 1.27322856e-07  9.48926788e-02 
 1.27347071e-07  2.18146301e-02 
 1.27367159e-07  1.69069199e-02 
 1.27388988e-07  9.22997733e-03 
 1.27413988e-07  5.03806713e-03 
 1.27438988e-07  2.58287650e-03 
 1.27463988e-07  1.31597269e-03 
 1.27488988e-07  6.71062086e-04 
 1.27513988e-07  3.61791828e-04 
 1.27538988e-07  2.11989927e-04 
 1.27563988e-07  1.35580576e-04 
 1.27588988e-07  9.55639329e-05 
 1.27613988e-07  7.29149534e-05 
 1.27638988e-07  5.82911631e-05 
 1.27663988e-07  4.62407776e-05 
 1.27688988e-07  3.57921609e-05 
 1.27713988e-07  2.79740656e-05 
 1.27738988e-07  1.41269864e-05 
 1.27763988e-07  5.01269055e-06 
 1.27788988e-07  6.74865246e-06 
 1.27813988e-07  8.94302462e-06 
 1.27838988e-07  1.11258406e-05 
 1.27863988e-07  1.09200823e-05 
 1.27888988e-07  3.90479035e-06 
 1.27913988e-07 -6.50414746e-06 
 1.27938988e-07 -9.75909446e-06 
 1.27963988e-07 -6.79575432e-06 
 1.27988988e-07  4.01990936e-07 
 1.28013988e-07  7.86184937e-06 
 1.28038988e-07  1.19315005e-05 
 1.28063988e-07  1.26872044e-05 
 1.28088988e-07  1.10228942e-05 
 1.28113988e-07  6.88781829e-06 
 1.28138988e-07  1.36132061e-06 
 1.28163988e-07 -4.82293597e-06 
 1.28188988e-07 -1.60441792e-05 
 1.28213988e-07 -2.69205648e-05 
 1.28238988e-07 -2.10483165e-05 
 1.28263988e-07  3.46902497e-06 
 1.28288988e-07  5.08798302e-05 
 1.28313988e-07  1.06168220e-04 
 1.28338988e-07  1.33248285e-04 
 1.28363988e-07  1.22089482e-04 
 1.28388988e-07  1.02554174e-04 
 1.28413988e-07  8.18917260e-05 
 1.28438988e-07  3.21254573e-05 
 1.28463988e-07 -1.64800008e-05 
 1.28488988e-07 -5.25430911e-06 
 1.28513988e-07  5.30929023e-05 
 1.28538988e-07  1.53394600e-04 
 1.28563988e-07  1.91872243e-04 
 1.28588988e-07  3.17061699e-05 
 1.28613988e-07 -5.08401616e-04 
 1.28638988e-07 -1.33610949e-03 
 1.28663988e-07 -2.19546413e-03 
 1.28688988e-07 -3.03885639e-03 
 1.28713988e-07 -3.80439838e-03 
 1.28738988e-07 -4.60668337e-03 
 1.28763988e-07 -5.51852990e-03 
 1.28788988e-07 -6.64957329e-03 
 1.28813988e-07 -8.21849178e-03 
 1.28838988e-07 -1.06048039e-02 
 1.28863988e-07 -1.30100077e-02 
 1.28888988e-07 -9.48641388e-03 
 1.28913988e-07  9.44119571e-03 
 1.28938988e-07  5.20801763e-02 
 1.28963988e-07  1.31972926e-01 
 1.28988988e-07  2.82457451e-01 
 1.29013988e-07  6.47943842e-01 
 1.29038988e-07  1.43835708e+00 
 1.29063988e-07  2.47738562e+00 
 1.29088988e-07  3.07011940e+00 
 1.29113988e-07  3.23428204e+00 
 1.29138988e-07  3.26967443e+00 
 1.29163988e-07  3.28335728e+00 
 1.29188988e-07  3.29084473e+00 
 1.29213988e-07  3.29469221e+00 
 1.29238988e-07  3.29667567e+00 
 1.29263988e-07  3.29772267e+00 
 1.29288988e-07  3.29834186e+00 
 1.29313988e-07  3.29874580e+00 
 1.29338988e-07  3.29902059e+00 
 1.29363988e-07  3.29928546e+00 
 1.29388988e-07  3.29954520e+00 
 1.29413988e-07  3.29972085e+00 
 1.29438988e-07  3.29983378e+00 
 1.29463988e-07  3.29989346e+00 
 1.29488988e-07  3.29991976e+00 
 1.29513988e-07  3.29993179e+00 
 1.29538988e-07  3.29993853e+00 
 1.29563988e-07  3.29994745e+00 
 1.29588988e-07  3.29996623e+00 
 1.29613988e-07  3.29998444e+00 
 1.29638988e-07  3.29996830e+00 
 1.29663988e-07  3.29994788e+00 
 1.29688988e-07  3.29993501e+00 
 1.29713988e-07  3.29992734e+00 
 1.29738988e-07  3.29992314e+00 
 1.29763988e-07  3.29991979e+00 
 1.29788988e-07  3.29992502e+00 
 1.29813988e-07  3.29994013e+00 
 1.29838988e-07  3.29996576e+00 
 1.29863988e-07  3.29999417e+00 
 1.29888988e-07  3.30000753e+00 
 1.29913988e-07  3.30000026e+00 
 1.29938988e-07  3.29999049e+00 
 1.29963988e-07  3.29998141e+00 
 1.29981994e-07  3.29997219e+00 
 1.30000000e-07  3.29995688e+00 
