 0.00000000e+00  3.29748961e+00 
 2.50000000e-13  3.29748961e+00 
 5.00000000e-13  3.29748961e+00 
 1.00000000e-12  3.29748962e+00 
 2.00000000e-12  3.29748964e+00 
 4.00000000e-12  3.29748970e+00 
 8.00000000e-12  3.29748986e+00 
 1.60000000e-11  3.29748996e+00 
 3.20000000e-11  3.29748768e+00 
 5.00000000e-11  3.29747989e+00 
 5.25000000e-11  3.29747823e+00 
 5.75000000e-11  3.29747465e+00 
 6.75000000e-11  3.29746675e+00 
 8.37500000e-11  3.29745548e+00 
 1.00000000e-10  3.29744963e+00 
 1.02500000e-10  3.29744941e+00 
 1.07500000e-10  3.29744933e+00 
 1.17500000e-10  3.29745165e+00 
 1.33750000e-10  3.29746244e+00 
 1.50000000e-10  3.29747926e+00 
 1.52500000e-10  3.29748220e+00 
 1.57500000e-10  3.29748811e+00 
 1.67500000e-10  3.29749947e+00 
 1.83750000e-10  3.29751523e+00 
 2.00000000e-10  3.29752793e+00 
 2.02500000e-10  3.29752975e+00 
 2.07500000e-10  3.29753342e+00 
 2.17500000e-10  3.29754040e+00 
 2.33750000e-10  3.29754813e+00 
 2.50000000e-10  3.29754905e+00 
 2.52500000e-10  3.29754841e+00 
 2.57500000e-10  3.29754676e+00 
 2.67500000e-10  3.29754097e+00 
 2.83750000e-10  3.29752460e+00 
 3.00000000e-10  3.29750094e+00 
 3.02500000e-10  3.29749663e+00 
 3.07500000e-10  3.29748775e+00 
 3.17500000e-10  3.29746944e+00 
 3.33750000e-10  3.29744206e+00 
 3.50000000e-10  3.29742017e+00 
 3.52500000e-10  3.29741735e+00 
 3.57500000e-10  3.29741191e+00 
 3.67500000e-10  3.29740301e+00 
 3.83750000e-10  3.29739558e+00 
 4.00000000e-10  3.29739626e+00 
 4.02500000e-10  3.29739718e+00 
 4.07500000e-10  3.29739936e+00 
 4.17500000e-10  3.29740391e+00 
 4.33750000e-10  3.29740588e+00 
 4.50000000e-10  3.29739813e+00 
 4.52500000e-10  3.29739585e+00 
 4.57500000e-10  3.29739079e+00 
 4.67500000e-10  3.29737915e+00 
 4.83750000e-10  3.29736162e+00 
 5.00000000e-10  3.29735092e+00 
 5.02500000e-10  3.29735038e+00 
 5.07500000e-10  3.29734995e+00 
 5.17500000e-10  3.29735117e+00 
 5.33750000e-10  3.29735184e+00 
 5.50000000e-10  3.29734454e+00 
 5.52500000e-10  3.29734206e+00 
 5.57500000e-10  3.29733631e+00 
 5.67500000e-10  3.29732267e+00 
 5.83750000e-10  3.29730408e+00 
 6.00000000e-10  3.29729723e+00 
 6.02500000e-10  3.29729791e+00 
 6.07500000e-10  3.29730023e+00 
 6.17500000e-10  3.29730820e+00 
 6.33750000e-10  3.29732287e+00 
 6.50000000e-10  3.29733597e+00 
 6.52500000e-10  3.29733766e+00 
 6.57500000e-10  3.29734093e+00 
 6.67500000e-10  3.29734870e+00 
 6.83750000e-10  3.29737046e+00 
 7.00000000e-10  3.29740555e+00 
 7.02500000e-10  3.29741225e+00 
 7.07500000e-10  3.29742617e+00 
 7.17500000e-10  3.29745643e+00 
 7.33750000e-10  3.29751061e+00 
 7.50000000e-10  3.29757059e+00 
 7.52500000e-10  3.29758045e+00 
 7.57500000e-10  3.29760050e+00 
 7.67500000e-10  3.29764288e+00 
 7.83750000e-10  3.29771980e+00 
 8.00000000e-10  3.29780921e+00 
 8.02500000e-10  3.29782443e+00 
 8.07500000e-10  3.29785568e+00 
 8.17500000e-10  3.29792302e+00 
 8.33750000e-10  3.29804645e+00 
 8.50000000e-10  3.29818719e+00 
 8.52500000e-10  3.29821058e+00 
 8.57500000e-10  3.29825816e+00 
 8.67500000e-10  3.29835788e+00 
 8.83750000e-10  3.29853293e+00 
 9.00000000e-10  3.29872523e+00 
 9.02500000e-10  3.29875679e+00 
 9.07500000e-10  3.29882095e+00 
 9.17500000e-10  3.29895496e+00 
 9.33750000e-10  3.29918552e+00 
 9.50000000e-10  3.29942877e+00 
 9.52500000e-10  3.29946713e+00 
 9.57500000e-10  3.29954422e+00 
 9.67500000e-10  3.29970252e+00 
 9.83750000e-10  3.29998011e+00 
 1.00000000e-09  3.30031571e+00 
 1.00250000e-09  3.30036966e+00 
 1.00750000e-09  3.30047918e+00 
 1.01750000e-09  3.30070485e+00 
 1.03375000e-09  3.30108047e+00 
 1.05000000e-09  3.30145469e+00 
 1.05250000e-09  3.30151095e+00 
 1.05750000e-09  3.30162277e+00 
 1.06750000e-09  3.30183819e+00 
 1.08375000e-09  3.30215443e+00 
 1.10000000e-09  3.30240227e+00 
 1.10250000e-09  3.30243009e+00 
 1.10750000e-09  3.30247954e+00 
 1.11750000e-09  3.30252780e+00 
 1.13375000e-09  3.30239905e+00 
 1.15000000e-09  3.30187815e+00 
 1.15250000e-09  3.30174448e+00 
 1.15750000e-09  3.30144441e+00 
 1.16750000e-09  3.30061639e+00 
 1.18375000e-09  3.29857685e+00 
 1.20000000e-09  3.29530118e+00 
 1.20250000e-09  3.29463871e+00 
 1.20750000e-09  3.29322712e+00 
 1.21750000e-09  3.28984836e+00 
 1.23375000e-09  3.28258793e+00 
 1.25000000e-09  3.27283702e+00 
 1.25250000e-09  3.27106259e+00 
 1.25750000e-09  3.26737214e+00 
 1.26750000e-09  3.25911457e+00 
 1.28375000e-09  3.24303673e+00 
 1.30000000e-09  3.22338396e+00 
 1.30250000e-09  3.21997872e+00 
 1.30750000e-09  3.21297291e+00 
 1.31750000e-09  3.19776584e+00 
 1.33375000e-09  3.16946868e+00 
 1.35000000e-09  3.13642598e+00 
 1.35250000e-09  3.13084367e+00 
 1.35750000e-09  3.11942252e+00 
 1.36750000e-09  3.09504523e+00 
 1.38375000e-09  3.05088722e+00 
 1.40000000e-09  3.00075121e+00 
 1.40250000e-09  2.99241602e+00 
 1.40750000e-09  2.97540864e+00 
 1.41750000e-09  2.93944679e+00 
 1.43375000e-09  2.87518454e+00 
 1.45000000e-09  2.80307149e+00 
 1.45250000e-09  2.79116469e+00 
 1.45750000e-09  2.76684172e+00 
 1.46750000e-09  2.71561605e+00 
 1.48375000e-09  2.62570309e+00 
 1.50000000e-09  2.53107430e+00 
 1.50250000e-09  2.51650509e+00 
 1.50750000e-09  2.48758544e+00 
 1.51750000e-09  2.43218390e+00 
 1.53375000e-09  2.35523229e+00 
 1.55000000e-09  2.30393654e+00 
 1.55250000e-09  2.29935985e+00 
 1.55750000e-09  2.29209332e+00 
 1.56750000e-09  2.28964985e+00 
 1.58375000e-09  2.32372570e+00 
 1.60000000e-09  2.40682307e+00 
 1.60250000e-09  2.42434144e+00 
 1.60750000e-09  2.46100354e+00 
 1.61750000e-09  2.54191600e+00 
 1.63375000e-09  2.67960421e+00 
 1.65000000e-09  2.81068030e+00 
 1.65250000e-09  2.82961353e+00 
 1.65750000e-09  2.86655355e+00 
 1.66750000e-09  2.93535327e+00 
 1.68375000e-09  3.03224569e+00 
 1.70000000e-09  3.11064172e+00 
 1.70250000e-09  3.12084606e+00 
 1.70750000e-09  3.14037350e+00 
 1.71750000e-09  3.17415056e+00 
 1.73375000e-09  3.21487278e+00 
 1.75000000e-09  3.24092889e+00 
 1.75250000e-09  3.24376277e+00 
 1.75750000e-09  3.24907159e+00 
 1.76750000e-09  3.25782043e+00 
 1.78375000e-09  3.26827477e+00 
 1.80000000e-09  3.27567586e+00 
 1.80250000e-09  3.27659867e+00 
 1.80750000e-09  3.27837167e+00 
 1.81750000e-09  3.28150911e+00 
 1.83375000e-09  3.28563878e+00 
 1.85000000e-09  3.28880345e+00 
 1.85250000e-09  3.28921016e+00 
 1.85750000e-09  3.28999199e+00 
 1.86750000e-09  3.29137978e+00 
 1.88375000e-09  3.29320758e+00 
 1.90000000e-09  3.29460111e+00 
 1.90250000e-09  3.29477856e+00 
 1.90750000e-09  3.29511870e+00 
 1.91750000e-09  3.29571827e+00 
 1.93375000e-09  3.29650253e+00 
 1.95000000e-09  3.29710028e+00 
 1.95250000e-09  3.29717715e+00 
 1.95750000e-09  3.29732543e+00 
 1.96750000e-09  3.29759087e+00 
 1.98375000e-09  3.29794498e+00 
 2.00000000e-09  3.29822168e+00 
 2.00250000e-09  3.29825759e+00 
 2.00750000e-09  3.29832669e+00 
 2.01750000e-09  3.29845123e+00 
 2.03375000e-09  3.29862637e+00 
 2.05000000e-09  3.29877636e+00 
 2.05250000e-09  3.29879756e+00 
 2.05750000e-09  3.29883976e+00 
 2.06750000e-09  3.29892198e+00 
 2.08375000e-09  3.29904712e+00 
 2.10000000e-09  3.29916230e+00 
 2.10250000e-09  3.29917897e+00 
 2.10750000e-09  3.29921165e+00 
 2.11750000e-09  3.29927449e+00 
 2.13375000e-09  3.29937258e+00 
 2.15000000e-09  3.29946663e+00 
 2.15250000e-09  3.29948073e+00 
 2.15750000e-09  3.29950873e+00 
 2.16750000e-09  3.29956362e+00 
 2.18375000e-09  3.29964716e+00 
 2.20000000e-09  3.29972152e+00 
 2.20250000e-09  3.29973192e+00 
 2.20750000e-09  3.29975198e+00 
 2.21750000e-09  3.29978957e+00 
 2.23375000e-09  3.29984076e+00 
 2.25000000e-09  3.29987998e+00 
 2.25250000e-09  3.29988517e+00 
 2.25750000e-09  3.29989503e+00 
 2.26750000e-09  3.29991266e+00 
 2.28375000e-09  3.29993338e+00 
 2.30000000e-09  3.29994386e+00 
 2.30250000e-09  3.29994453e+00 
 2.30750000e-09  3.29994515e+00 
 2.31750000e-09  3.29994379e+00 
 2.33375000e-09  3.29993548e+00 
 2.35000000e-09  3.29992098e+00 
 2.35250000e-09  3.29991821e+00 
 2.35750000e-09  3.29991238e+00 
 2.36750000e-09  3.29990062e+00 
 2.38375000e-09  3.29988590e+00 
 2.40000000e-09  3.29988196e+00 
 2.40250000e-09  3.29988271e+00 
 2.40750000e-09  3.29988507e+00 
 2.41750000e-09  3.29989278e+00 
 2.43375000e-09  3.29990505e+00 
 2.45000000e-09  3.29990274e+00 
 2.45250000e-09  3.29990006e+00 
 2.45750000e-09  3.29989338e+00 
 2.46750000e-09  3.29987245e+00 
 2.48375000e-09  3.29982076e+00 
 2.50000000e-09  3.29975762e+00 
 2.50250000e-09  3.29974767e+00 
 2.50750000e-09  3.29972791e+00 
 2.51750000e-09  3.29969087e+00 
 2.53375000e-09  3.29964312e+00 
 2.55000000e-09  3.29961377e+00 
 2.55250000e-09  3.29961124e+00 
 2.55750000e-09  3.29960725e+00 
 2.56750000e-09  3.29960452e+00 
 2.58375000e-09  3.29961096e+00 
 2.60000000e-09  3.29962804e+00 
 2.60250000e-09  3.29963128e+00 
 2.60750000e-09  3.29963712e+00 
 2.61750000e-09  3.29964698e+00 
 2.63375000e-09  3.29967167e+00 
 2.65000000e-09  3.29970107e+00 
 2.65250000e-09  3.29970552e+00 
 2.65750000e-09  3.29971371e+00 
 2.66750000e-09  3.29972726e+00 
 2.68375000e-09  3.29974378e+00 
 2.70000000e-09  3.29976670e+00 
 2.70250000e-09  3.29977194e+00 
 2.70750000e-09  3.29978219e+00 
 2.71750000e-09  3.29980298e+00 
 2.73375000e-09  3.29983422e+00 
 2.75000000e-09  3.29985769e+00 
 2.75250000e-09  3.29986033e+00 
 2.75750000e-09  3.29986466e+00 
 2.76750000e-09  3.29986933e+00 
 2.78375000e-09  3.29986517e+00 
 2.80000000e-09  3.29984488e+00 
 2.80250000e-09  3.29984025e+00 
 2.80750000e-09  3.29982919e+00 
 2.81750000e-09  3.29980198e+00 
 2.83375000e-09  3.29974781e+00 
 2.85000000e-09  3.29969171e+00 
 2.85250000e-09  3.29968431e+00 
 2.85750000e-09  3.29966930e+00 
 2.86750000e-09  3.29964480e+00 
 2.88375000e-09  3.29962403e+00 
 2.90000000e-09  3.29962544e+00 
 2.90250000e-09  3.29962800e+00 
 2.90750000e-09  3.29963378e+00 
 2.91750000e-09  3.29965165e+00 
 2.93375000e-09  3.29969493e+00 
 2.95000000e-09  3.29975586e+00 
 2.95250000e-09  3.29976709e+00 
 2.95750000e-09  3.29979005e+00 
 2.96750000e-09  3.29984283e+00 
 2.98375000e-09  3.29995558e+00 
 3.00000000e-09  3.30011980e+00 
 3.00250000e-09  3.30015045e+00 
 3.00750000e-09  3.30021423e+00 
 3.01750000e-09  3.30035624e+00 
 3.03375000e-09  3.30061752e+00 
 3.05000000e-09  3.30090469e+00 
 3.05250000e-09  3.30095034e+00 
 3.05750000e-09  3.30104165e+00 
 3.06750000e-09  3.30122400e+00 
 3.08375000e-09  3.30151300e+00 
 3.10000000e-09  3.30179650e+00 
 3.10250000e-09  3.30184371e+00 
 3.10750000e-09  3.30193638e+00 
 3.11750000e-09  3.30212014e+00 
 3.13375000e-09  3.30243138e+00 
 3.15000000e-09  3.30276220e+00 
 3.15250000e-09  3.30281424e+00 
 3.15750000e-09  3.30291925e+00 
 3.16750000e-09  3.30313413e+00 
 3.18375000e-09  3.30349366e+00 
 3.20000000e-09  3.30386573e+00 
 3.20250000e-09  3.30392374e+00 
 3.20750000e-09  3.30404065e+00 
 3.21750000e-09  3.30427488e+00 
 3.23375000e-09  3.30464550e+00 
 3.25000000e-09  3.30498918e+00 
 3.25250000e-09  3.30503830e+00 
 3.25750000e-09  3.30513614e+00 
 3.26750000e-09  3.30532752e+00 
 3.28375000e-09  3.30563605e+00 
 3.30000000e-09  3.30595978e+00 
 3.30250000e-09  3.30601220e+00 
 3.30750000e-09  3.30611987e+00 
 3.31750000e-09  3.30635093e+00 
 3.33375000e-09  3.30677819e+00 
 3.35000000e-09  3.30728385e+00 
 3.35250000e-09  3.30736994e+00 
 3.35750000e-09  3.30754791e+00 
 3.36750000e-09  3.30793659e+00 
 3.38375000e-09  3.30867725e+00 
 3.40000000e-09  3.30958394e+00 
 3.40250000e-09  3.30974210e+00 
 3.40750000e-09  3.31007201e+00 
 3.41750000e-09  3.31080155e+00 
 3.43375000e-09  3.31220785e+00 
 3.45000000e-09  3.31394570e+00 
 3.45250000e-09  3.31424853e+00 
 3.45750000e-09  3.31488043e+00 
 3.46750000e-09  3.31624471e+00 
 3.48375000e-09  3.31857723e+00 
 3.50000000e-09  3.32038828e+00 
 3.50250000e-09  3.32052694e+00 
 3.50750000e-09  3.32067822e+00 
 3.51750000e-09  3.32000272e+00 
 3.53375000e-09  3.31495995e+00 
 3.55000000e-09  3.30339445e+00 
 3.55250000e-09  3.30084061e+00 
 3.55750000e-09  3.29580636e+00 
 3.56750000e-09  3.28331149e+00 
 3.58375000e-09  3.25510076e+00 
 3.60000000e-09  3.21609364e+00 
 3.60250000e-09  3.20889423e+00 
 3.60750000e-09  3.19384500e+00 
 3.61750000e-09  3.15960905e+00 
 3.63375000e-09  3.09006223e+00 
 3.65000000e-09  2.99786403e+00 
 3.65250000e-09  2.98073994e+00 
 3.65750000e-09  2.94443814e+00 
 3.66750000e-09  2.85734730e+00 
 3.68375000e-09  2.64322693e+00 
 3.70000000e-09  2.31189613e+00 
 3.70250000e-09  2.24873093e+00 
 3.70750000e-09  2.11719757e+00 
 3.71750000e-09  1.82417431e+00 
 3.73375000e-09  1.27334913e+00 
 3.75000000e-09  7.20713289e-01 
 3.75250000e-09  6.47025036e-01 
 3.75750000e-09  5.11495610e-01 
 3.76750000e-09  3.06353293e-01 
 3.78375000e-09  1.24725764e-01 
 3.80000000e-09  5.73190038e-02 
 3.80250000e-09  5.27449134e-02 
 3.80750000e-09  4.46264696e-02 
 3.81750000e-09  3.32757271e-02 
 3.83375000e-09  2.24632062e-02 
 3.85000000e-09  1.62926628e-02 
 3.85250000e-09  1.55927652e-02 
 3.85750000e-09  1.42464622e-02 
 3.86750000e-09  1.19016473e-02 
 3.88375000e-09  8.88982483e-03 
 3.90000000e-09  6.64101138e-03 
 3.90250000e-09  6.35599095e-03 
 3.90750000e-09  5.80887442e-03 
 3.91750000e-09  4.84686755e-03 
 3.93375000e-09  3.60107835e-03 
 3.95000000e-09  2.67246369e-03 
 3.95250000e-09  2.55566853e-03 
 3.95750000e-09  2.33233376e-03 
 3.96750000e-09  1.94176553e-03 
 3.98375000e-09  1.44048470e-03 
 4.00000000e-09  1.07060575e-03 
 4.00250000e-09  1.02451769e-03 
 4.00750000e-09  9.36588184e-04 
 4.01750000e-09  7.83711108e-04 
 4.03375000e-09  5.89254464e-04 
 4.05000000e-09  4.47265412e-04 
 4.05250000e-09  4.29681835e-04 
 4.05750000e-09  3.96206448e-04 
 4.06750000e-09  3.38252828e-04 
 4.08375000e-09  2.64682726e-04 
 4.10000000e-09  2.10674082e-04 
 4.10250000e-09  2.03864732e-04 
 4.10750000e-09  1.90796330e-04 
 4.11750000e-09  1.67618951e-04 
 4.13375000e-09  1.37031645e-04 
 4.15000000e-09  1.13421772e-04 
 4.15250000e-09  1.10394228e-04 
 4.15750000e-09  1.04629557e-04 
 4.16750000e-09  9.44507610e-05 
 4.18375000e-09  8.05182727e-05 
 4.20000000e-09  6.92913649e-05 
 4.20250000e-09  6.78504938e-05 
 4.20750000e-09  6.51411217e-05 
 4.21750000e-09  6.03395292e-05 
 4.23375000e-09  5.26371376e-05 
 4.25000000e-09  4.29972010e-05 
 4.25250000e-09  4.14017774e-05 
 4.25750000e-09  3.79262728e-05 
 4.26750000e-09  3.11219210e-05 
 4.28375000e-09  2.25143969e-05 
 4.30000000e-09  1.72794878e-05 
 4.30250000e-09  1.68784151e-05 
 4.30750000e-09  1.62265287e-05 
 4.31750000e-09  1.58074358e-05 
 4.33375000e-09  1.61911057e-05 
 4.35000000e-09  1.71901144e-05 
 4.35250000e-09  1.73735442e-05 
 4.35750000e-09  1.76708281e-05 
 4.36750000e-09  1.82132373e-05 
 4.38375000e-09  1.88767560e-05 
 4.40000000e-09  1.84900102e-05 
 4.40250000e-09  1.82877201e-05 
 4.40750000e-09  1.77795152e-05 
 4.41750000e-09  1.62182383e-05 
 4.43375000e-09  1.20823028e-05 
 4.45000000e-09  6.66148664e-06 
 4.45250000e-09  5.78266226e-06 
 4.45750000e-09  4.01782649e-06 
 4.46750000e-09  7.31316585e-07 
 4.48375000e-09 -3.22263535e-06 
 4.50000000e-09 -4.80285554e-06 
 4.50250000e-09 -4.84655807e-06 
 4.50750000e-09 -4.77148009e-06 
 4.51750000e-09 -3.95196621e-06 
 4.53375000e-09 -1.76603051e-06 
 4.55000000e-09  9.07000478e-07 
 4.55250000e-09  1.24934293e-06 
 4.55750000e-09  1.81984481e-06 
 4.56750000e-09  4.14798549e-06 
 4.58375000e-09  5.98994013e-06 
 4.60000000e-09  7.31372321e-06 
 4.60250000e-09  7.55040684e-06 
 4.60750000e-09  7.98770037e-06 
 4.61750000e-09  8.84554492e-06 
 4.63375000e-09  1.09528443e-05 
 4.65000000e-09  1.31315241e-05 
 4.65250000e-09  1.35071631e-05 
 4.65750000e-09  1.42915027e-05 
 4.66750000e-09  1.58022754e-05 
 4.68375000e-09  1.70287125e-05 
 4.70000000e-09  1.64703478e-05 
 4.70250000e-09  1.61392131e-05 
 4.70750000e-09  1.52262797e-05 
 4.71750000e-09  1.26814242e-05 
 4.73375000e-09  7.64908125e-06 
 4.75000000e-09  1.43029642e-06 
 4.75250000e-09  4.32796959e-07 
 4.75750000e-09 -1.76889496e-06 
 4.76750000e-09 -6.16055541e-06 
 4.78375000e-09 -1.42333377e-05 
 4.80000000e-09 -2.29586236e-05 
 4.80250000e-09 -2.39705710e-05 
 4.80750000e-09 -2.59654912e-05 
 4.81750000e-09 -2.79078304e-05 
 4.83375000e-09 -2.65682420e-05 
 4.85000000e-09 -2.08472831e-05 
 4.85250000e-09 -1.96268619e-05 
 4.85750000e-09 -1.73885555e-05 
 4.86750000e-09 -1.20426041e-05 
 4.88375000e-09  1.37646080e-06 
 4.90000000e-09  2.18771875e-05 
 4.90250000e-09  2.59776323e-05 
 4.90750000e-09  3.45715329e-05 
 4.91750000e-09  5.36946643e-05 
 4.93375000e-09  8.60457488e-05 
 4.95000000e-09  1.16724762e-04 
 4.95250000e-09  1.21985817e-04 
 4.95750000e-09  1.31149989e-04 
 4.96750000e-09  1.45128539e-04 
 4.98375000e-09  1.58923289e-04 
 5.00000000e-09  1.64188384e-04 
 5.00250000e-09  1.62898145e-04 
 5.00750000e-09  1.60697100e-04 
 5.01750000e-09  1.57275942e-04 
 5.03375000e-09  1.49081308e-04 
 5.05000000e-09  1.41483031e-04 
 5.05250000e-09  1.40878234e-04 
 5.05750000e-09  1.40177220e-04 
 5.06750000e-09  1.38926963e-04 
 5.08375000e-09  1.29018601e-04 
 5.10000000e-09  1.03461686e-04 
 5.10250000e-09  9.85512415e-05 
 5.10750000e-09  8.90844931e-05 
 5.11750000e-09  7.12453500e-05 
 5.13375000e-09  4.83204412e-05 
 5.15000000e-09  3.62933447e-05 
 5.15250000e-09  3.55227282e-05 
 5.15750000e-09  3.48802977e-05 
 5.16750000e-09  3.75176147e-05 
 5.18375000e-09  5.39421439e-05 
 5.20000000e-09  8.74971963e-05 
 5.20250000e-09  9.40314302e-05 
 5.20750000e-09  1.08517121e-04 
 5.21750000e-09  1.39065077e-04 
 5.23375000e-09  1.81659136e-04 
 5.25000000e-09  1.97531291e-04 
 5.25250000e-09  1.95961485e-04 
 5.25750000e-09  1.90867240e-04 
 5.26750000e-09  1.65038945e-04 
 5.28375000e-09  6.79308519e-05 
 5.30000000e-09 -1.22916192e-04 
 5.30250000e-09 -1.63205681e-04 
 5.30750000e-09 -2.48811777e-04 
 5.31750000e-09 -4.50906565e-04 
 5.33375000e-09 -8.53709715e-04 
 5.35000000e-09 -1.29620369e-03 
 5.35250000e-09 -1.35656815e-03 
 5.35750000e-09 -1.48448961e-03 
 5.36750000e-09 -1.76838412e-03 
 5.38375000e-09 -2.25371932e-03 
 5.40000000e-09 -2.73373675e-03 
 5.40250000e-09 -2.80567567e-03 
 5.40750000e-09 -2.94908920e-03 
 5.41750000e-09 -3.23304719e-03 
 5.43375000e-09 -3.69315074e-03 
 5.45000000e-09 -4.15997334e-03 
 5.45250000e-09 -4.23253013e-03 
 5.45750000e-09 -4.38011518e-03 
 5.46750000e-09 -4.68241187e-03 
 5.48375000e-09 -5.19481071e-03 
 5.50000000e-09 -5.74235514e-03 
 5.50250000e-09 -5.83103356e-03 
 5.50750000e-09 -6.01461306e-03 
 5.51750000e-09 -6.40093451e-03 
 5.53375000e-09 -7.08999949e-03 
 5.55000000e-09 -7.87471178e-03 
 5.55250000e-09 -8.00392143e-03 
 5.55750000e-09 -8.27738861e-03 
 5.56750000e-09 -8.86070505e-03 
 5.58375000e-09 -9.93745201e-03 
 5.60000000e-09 -1.12257315e-02 
 5.60250000e-09 -1.14402647e-02 
 5.60750000e-09 -1.19002517e-02 
 5.61750000e-09 -1.28682884e-02 
 5.63375000e-09 -1.44646040e-02 
 5.65000000e-09 -1.56379781e-02 
 5.65250000e-09 -1.57126591e-02 
 5.65750000e-09 -1.57869847e-02 
 5.66750000e-09 -1.52678236e-02 
 5.68375000e-09 -1.17225125e-02 
 5.70000000e-09 -3.62552614e-03 
 5.70250000e-09 -1.84012175e-03 
 5.70750000e-09  1.90523661e-03 
 5.71750000e-09  1.10551814e-02 
 5.73375000e-09  3.19008891e-02 
 5.75000000e-09  6.12775088e-02 
 5.75250000e-09  6.67785757e-02 
 5.75750000e-09  7.83359128e-02 
 5.76750000e-09  1.05035012e-01 
 5.78375000e-09  1.60812437e-01 
 5.80000000e-09  2.37263986e-01 
 5.80250000e-09  2.51719701e-01 
 5.80750000e-09  2.82398738e-01 
 5.81750000e-09  3.56059523e-01 
 5.83375000e-09  5.31499936e-01 
 5.85000000e-09  8.09811486e-01 
 5.85250000e-09  8.64361700e-01 
 5.85750000e-09  9.78757248e-01 
 5.86750000e-09  1.23783197e+00 
 5.88375000e-09  1.73637134e+00 
 5.90000000e-09  2.27696945e+00 
 5.90250000e-09  2.35428496e+00 
 5.90750000e-09  2.49683483e+00 
 5.91750000e-09  2.72788839e+00 
 5.93375000e-09  2.98027625e+00 
 5.95000000e-09  3.12215677e+00 
 5.95250000e-09  3.13608976e+00 
 5.95750000e-09  3.16144668e+00 
 5.96750000e-09  3.19958700e+00 
 5.98375000e-09  3.23740611e+00 
 6.00000000e-09  3.25768704e+00 
 6.00250000e-09  3.25977899e+00 
 6.00750000e-09  3.26369847e+00 
 6.01750000e-09  3.27018018e+00 
 6.03375000e-09  3.27797005e+00 
 6.05000000e-09  3.28346536e+00 
 6.05250000e-09  3.28414324e+00 
 6.05750000e-09  3.28543968e+00 
 6.06750000e-09  3.28770439e+00 
 6.08375000e-09  3.29061859e+00 
 6.10000000e-09  3.29278701e+00 
 6.10250000e-09  3.29305963e+00 
 6.10750000e-09  3.29358172e+00 
 6.11750000e-09  3.29449837e+00 
 6.13375000e-09  3.29568891e+00 
 6.15000000e-09  3.29658792e+00 
 6.15250000e-09  3.29670235e+00 
 6.15750000e-09  3.29692174e+00 
 6.16750000e-09  3.29730917e+00 
 6.18375000e-09  3.29781454e+00 
 6.20000000e-09  3.29820549e+00 
 6.20250000e-09  3.29825829e+00 
 6.20750000e-09  3.29836044e+00 
 6.21750000e-09  3.29854996e+00 
 6.23375000e-09  3.29882042e+00 
 6.25000000e-09  3.29904757e+00 
 6.25250000e-09  3.29907843e+00 
 6.25750000e-09  3.29913794e+00 
 6.26750000e-09  3.29924669e+00 
 6.28375000e-09  3.29939805e+00 
 6.30000000e-09  3.29952180e+00 
 6.30250000e-09  3.29953846e+00 
 6.30750000e-09  3.29957063e+00 
 6.31750000e-09  3.29962872e+00 
 6.33375000e-09  3.29970578e+00 
 6.35000000e-09  3.29976385e+00 
 6.35250000e-09  3.29977101e+00 
 6.35750000e-09  3.29978427e+00 
 6.36750000e-09  3.29980634e+00 
 6.38375000e-09  3.29983409e+00 
 6.40000000e-09  3.29985467e+00 
 6.40250000e-09  3.29985747e+00 
 6.40750000e-09  3.29986289e+00 
 6.41750000e-09  3.29987323e+00 
 6.43375000e-09  3.29988807e+00 
 6.45000000e-09  3.29990147e+00 
 6.45250000e-09  3.29990355e+00 
 6.45750000e-09  3.29990734e+00 
 6.46750000e-09  3.29991374e+00 
 6.48375000e-09  3.29992385e+00 
 6.50000000e-09  3.29993639e+00 
 6.50250000e-09  3.29993851e+00 
 6.50750000e-09  3.29994320e+00 
 6.51750000e-09  3.29995115e+00 
 6.53375000e-09  3.29995694e+00 
 6.55000000e-09  3.29995403e+00 
 6.55250000e-09  3.29995311e+00 
 6.55750000e-09  3.29995139e+00 
 6.56750000e-09  3.29994819e+00 
 6.58375000e-09  3.29994243e+00 
 6.60000000e-09  3.29993588e+00 
 6.60250000e-09  3.29993468e+00 
 6.60750000e-09  3.29993189e+00 
 6.61750000e-09  3.29992535e+00 
 6.63375000e-09  3.29991511e+00 
 6.65000000e-09  3.29990687e+00 
 6.65250000e-09  3.29990602e+00 
 6.65750000e-09  3.29990458e+00 
 6.66750000e-09  3.29990306e+00 
 6.68375000e-09  3.29990292e+00 
 6.70000000e-09  3.29990422e+00 
 6.70250000e-09  3.29990439e+00 
 6.70750000e-09  3.29990442e+00 
 6.71750000e-09  3.29990412e+00 
 6.73375000e-09  3.29990536e+00 
 6.75000000e-09  3.29991035e+00 
 6.75250000e-09  3.29991173e+00 
 6.75750000e-09  3.29991490e+00 
 6.76750000e-09  3.29992335e+00 
 6.78375000e-09  3.29994040e+00 
 6.80000000e-09  3.29995891e+00 
 6.80250000e-09  3.29996178e+00 
 6.80750000e-09  3.29996743e+00 
 6.81750000e-09  3.29997813e+00 
 6.83375000e-09  3.29999176e+00 
 6.85000000e-09  3.30000065e+00 
 6.85250000e-09  3.30000140e+00 
 6.85750000e-09  3.30000229e+00 
 6.86750000e-09  3.30000100e+00 
 6.88375000e-09  3.29999520e+00 
 6.90000000e-09  3.29998885e+00 
 6.90250000e-09  3.29998796e+00 
 6.90750000e-09  3.29998656e+00 
 6.91750000e-09  3.29998532e+00 
 6.93375000e-09  3.29998466e+00 
 6.95000000e-09  3.29998313e+00 
 6.95250000e-09  3.29998243e+00 
 6.95750000e-09  3.29998067e+00 
 6.96750000e-09  3.29997511e+00 
 6.98375000e-09  3.29996337e+00 
 7.00000000e-09  3.29995232e+00 
 7.00250000e-09  3.29995102e+00 
 7.00750000e-09  3.29994893e+00 
 7.01750000e-09  3.29994714e+00 
 7.03375000e-09  3.29995195e+00 
 7.05000000e-09  3.29997379e+00 
 7.05250000e-09  3.29997741e+00 
 7.05750000e-09  3.29998500e+00 
 7.06750000e-09  3.30000163e+00 
 7.08375000e-09  3.30003007e+00 
 7.10000000e-09  3.30004335e+00 
 7.10250000e-09  3.30004282e+00 
 7.10750000e-09  3.30004017e+00 
 7.11750000e-09  3.30002514e+00 
 7.13375000e-09  3.29997592e+00 
 7.15000000e-09  3.29990806e+00 
 7.15250000e-09  3.29989648e+00 
 7.15750000e-09  3.29987299e+00 
 7.16750000e-09  3.29982609e+00 
 7.18375000e-09  3.29976240e+00 
 7.20000000e-09  3.29971308e+00 
 7.20250000e-09  3.29970651e+00 
 7.20750000e-09  3.29969504e+00 
 7.21750000e-09  3.29967940e+00 
 7.23375000e-09  3.29967200e+00 
 7.25000000e-09  3.29968147e+00 
 7.25250000e-09  3.29968429e+00 
 7.25750000e-09  3.29969048e+00 
 7.26750000e-09  3.29971186e+00 
 7.28375000e-09  3.29975152e+00 
 7.30000000e-09  3.29977996e+00 
 7.30250000e-09  3.29978328e+00 
 7.30750000e-09  3.29978873e+00 
 7.31750000e-09  3.29979622e+00 
 7.33375000e-09  3.29981058e+00 
 7.35000000e-09  3.29984222e+00 
 7.35250000e-09  3.29984917e+00 
 7.35750000e-09  3.29986282e+00 
 7.36750000e-09  3.29988936e+00 
 7.38375000e-09  3.29992622e+00 
 7.40000000e-09  3.29995189e+00 
 7.40250000e-09  3.29995464e+00 
 7.40750000e-09  3.29995920e+00 
 7.41750000e-09  3.29996417e+00 
 7.43375000e-09  3.29996188e+00 
 7.45000000e-09  3.29994811e+00 
 7.45250000e-09  3.29994496e+00 
 7.45750000e-09  3.29993752e+00 
 7.46750000e-09  3.29991856e+00 
 7.48375000e-09  3.29987618e+00 
 7.50000000e-09  3.29981679e+00 
 7.50250000e-09  3.29980633e+00 
 7.50750000e-09  3.29978356e+00 
 7.51750000e-09  3.29973556e+00 
 7.53375000e-09  3.29966105e+00 
 7.55000000e-09  3.29960846e+00 
 7.55250000e-09  3.29960402e+00 
 7.55750000e-09  3.29959626e+00 
 7.56750000e-09  3.29959047e+00 
 7.58375000e-09  3.29960211e+00 
 7.60000000e-09  3.29963315e+00 
 7.60250000e-09  3.29963955e+00 
 7.60750000e-09  3.29965220e+00 
 7.61750000e-09  3.29968144e+00 
 7.63375000e-09  3.29974573e+00 
 7.65000000e-09  3.29984120e+00 
 7.65250000e-09  3.29986006e+00 
 7.65750000e-09  3.29990009e+00 
 7.66750000e-09  3.29999595e+00 
 7.68375000e-09  3.30021090e+00 
 7.70000000e-09  3.30046783e+00 
 7.70250000e-09  3.30051158e+00 
 7.70750000e-09  3.30060080e+00 
 7.71750000e-09  3.30078957e+00 
 7.73375000e-09  3.30111580e+00 
 7.75000000e-09  3.30145110e+00 
 7.75250000e-09  3.30150100e+00 
 7.75750000e-09  3.30160085e+00 
 7.76750000e-09  3.30179100e+00 
 7.78375000e-09  3.30211285e+00 
 7.80000000e-09  3.30244896e+00 
 7.80250000e-09  3.30250172e+00 
 7.80750000e-09  3.30260989e+00 
 7.81750000e-09  3.30283641e+00 
 7.83375000e-09  3.30321706e+00 
 7.85000000e-09  3.30360862e+00 
 7.85250000e-09  3.30366946e+00 
 7.85750000e-09  3.30379199e+00 
 7.86750000e-09  3.30403938e+00 
 7.88375000e-09  3.30443985e+00 
 7.90000000e-09  3.30482361e+00 
 7.90250000e-09  3.30487923e+00 
 7.90750000e-09  3.30498998e+00 
 7.91750000e-09  3.30520445e+00 
 7.93375000e-09  3.30553730e+00 
 7.95000000e-09  3.30586654e+00 
 7.95250000e-09  3.30591764e+00 
 7.95750000e-09  3.30602152e+00 
 7.96750000e-09  3.30624035e+00 
 7.98375000e-09  3.30664275e+00 
 8.00000000e-09  3.30712300e+00 
 8.00250000e-09  3.30720587e+00 
 8.00750000e-09  3.30737796e+00 
 8.01750000e-09  3.30775544e+00 
 8.03375000e-09  3.30846630e+00 
 8.05000000e-09  3.30931827e+00 
 8.05250000e-09  3.30946452e+00 
 8.05750000e-09  3.30976816e+00 
 8.06750000e-09  3.31043608e+00 
 8.08375000e-09  3.31172872e+00 
 8.10000000e-09  3.31334835e+00 
 8.10250000e-09  3.31363452e+00 
 8.10750000e-09  3.31423489e+00 
 8.11750000e-09  3.31556061e+00 
 8.13375000e-09  3.31799885e+00 
 8.15000000e-09  3.32037138e+00 
 8.15250000e-09  3.32066428e+00 
 8.15750000e-09  3.32116806e+00 
 8.16750000e-09  3.32145650e+00 
 8.18375000e-09  3.31861721e+00 
 8.20000000e-09  3.30976042e+00 
 8.20250000e-09  3.30764801e+00 
 8.20750000e-09  3.30301735e+00 
 8.21750000e-09  3.29203600e+00 
 8.23375000e-09  3.26689695e+00 
 8.25000000e-09  3.23098592e+00 
 8.25250000e-09  3.22428141e+00 
 8.25750000e-09  3.21024071e+00 
 8.26750000e-09  3.17814951e+00 
 8.28375000e-09  3.11266292e+00 
 8.30000000e-09  3.02587432e+00 
 8.30250000e-09  3.00981293e+00 
 8.30750000e-09  2.97586913e+00 
 8.31750000e-09  2.89542334e+00 
 8.33375000e-09  2.70197831e+00 
 8.35000000e-09  2.39188848e+00 
 8.35250000e-09  2.33155205e+00 
 8.35750000e-09  2.20530363e+00 
 8.36750000e-09  1.92145747e+00 
 8.38375000e-09  1.37990634e+00 
 8.40000000e-09  8.07999891e-01 
 8.40250000e-09  7.28162669e-01 
 8.40750000e-09  5.80268810e-01 
 8.41750000e-09  3.51286472e-01 
 8.43375000e-09  1.42504378e-01 
 8.45000000e-09  6.31096581e-02 
 8.45250000e-09  5.77574389e-02 
 8.45750000e-09  4.83151044e-02 
 8.46750000e-09  3.53379980e-02 
 8.48375000e-09  2.33918943e-02 
 8.50000000e-09  1.68221680e-02 
 8.50250000e-09  1.60830258e-02 
 8.50750000e-09  1.46640858e-02 
 8.51750000e-09  1.22059081e-02 
 8.53375000e-09  9.07169755e-03 
 8.55000000e-09  6.74869002e-03 
 8.55250000e-09  6.45552431e-03 
 8.55750000e-09  5.89322892e-03 
 8.56750000e-09  4.90697428e-03 
 8.58375000e-09  3.63474005e-03 
 8.60000000e-09  2.69048645e-03 
 8.60250000e-09  2.57201430e-03 
 8.60750000e-09  2.34556525e-03 
 8.61750000e-09  1.95016200e-03 
 8.63375000e-09  1.44394753e-03 
 8.65000000e-09  1.07175192e-03 
 8.65250000e-09  1.02542916e-03 
 8.65750000e-09  9.37048066e-04 
 8.66750000e-09  7.83471765e-04 
 8.68375000e-09  5.88363212e-04 
 8.70000000e-09  4.46108939e-04 
 8.70250000e-09  4.28541306e-04 
 8.70750000e-09  3.95135325e-04 
 8.71750000e-09  3.37434274e-04 
 8.73375000e-09  2.64195980e-04 
 8.75000000e-09  2.10251041e-04 
 8.75250000e-09  2.03463322e-04 
 8.75750000e-09  1.90483553e-04 
 8.76750000e-09  1.67605857e-04 
 8.78375000e-09  1.37472014e-04 
 8.80000000e-09  1.14253891e-04 
 8.80250000e-09  1.11129240e-04 
 8.80750000e-09  1.04952361e-04 
 8.81750000e-09  9.31472768e-05 
 8.83375000e-09  7.70304287e-05 
 8.85000000e-09  6.38707206e-05 
 8.85250000e-09  6.21373849e-05 
 8.85750000e-09  5.87809387e-05 
 8.86750000e-09  5.26631904e-05 
 8.88375000e-09  4.17737256e-05 
 8.90000000e-09  3.13812475e-05 
 8.90250000e-09  3.02195932e-05 
 8.90750000e-09  2.80059648e-05 
 8.91750000e-09  2.47136920e-05 
 8.93375000e-09  2.14673275e-05 
 8.95000000e-09  1.98812605e-05 
 8.95250000e-09  1.96555484e-05 
 8.95750000e-09  1.90144086e-05 
 8.96750000e-09  1.75312134e-05 
 8.98375000e-09  1.58128953e-05 
 9.00000000e-09  1.54543255e-05 
 9.00250000e-09  1.56774539e-05 
 9.00750000e-09  1.63080927e-05 
 9.01750000e-09  1.81049221e-05 
 9.03375000e-09  2.01046073e-05 
 9.05000000e-09  1.95218998e-05 
 9.05250000e-09  1.90020642e-05 
 9.05750000e-09  1.76074683e-05 
 9.06750000e-09  1.35953373e-05 
 9.08375000e-09  6.11447067e-06 
 9.10000000e-09 -6.04380822e-07 
 9.10250000e-09 -1.37596218e-06 
 9.10750000e-09 -2.64621793e-06 
 9.11750000e-09 -3.81386629e-06 
 9.13375000e-09 -4.04489896e-06 
 9.15000000e-09 -3.57155871e-06 
 9.15250000e-09 -3.42560105e-06 
 9.15750000e-09 -3.11862870e-06 
 9.16750000e-09 -2.31109154e-06 
 9.18375000e-09 -3.69553137e-07 
 9.20000000e-09  3.14316229e-06 
 9.20250000e-09  3.89303769e-06 
 9.20750000e-09  5.32372783e-06 
 9.21750000e-09  7.87225382e-06 
 9.23375000e-09  1.12520421e-05 
 9.25000000e-09  1.34463780e-05 
 9.25250000e-09  1.36703872e-05 
 9.25750000e-09  1.39422821e-05 
 9.26750000e-09  1.40690768e-05 
 9.28375000e-09  1.40757413e-05 
 9.30000000e-09  1.39285054e-05 
 9.30250000e-09  1.39010825e-05 
 9.30750000e-09  1.37999552e-05 
 9.31750000e-09  1.34030386e-05 
 9.33375000e-09  1.20106778e-05 
 9.35000000e-09  9.67284387e-06 
 9.35250000e-09  9.21822092e-06 
 9.35750000e-09  8.15888740e-06 
 9.36750000e-09  5.32490842e-06 
 9.38375000e-09 -5.02212730e-07 
 9.40000000e-09 -6.73351783e-06 
 9.40250000e-09 -7.64707589e-06 
 9.40750000e-09 -9.67387360e-06 
 9.41750000e-09 -1.37012129e-05 
 9.43375000e-09 -2.04169306e-05 
 9.45000000e-09 -2.48464755e-05 
 9.45250000e-09 -2.50303960e-05 
 9.45750000e-09 -2.54526638e-05 
 9.46750000e-09 -2.49578162e-05 
 9.48375000e-09 -2.04733195e-05 
 9.50000000e-09 -1.10556469e-05 
 9.50250000e-09 -9.03575831e-06 
 9.50750000e-09 -4.89059808e-06 
 9.51750000e-09  5.22893330e-06 
 9.53375000e-09  2.77625410e-05 
 9.55000000e-09  5.70193909e-05 
 9.55250000e-09  6.19341032e-05 
 9.55750000e-09  7.17804682e-05 
 9.56750000e-09  9.12553595e-05 
 9.58375000e-09  1.22121355e-04 
 9.60000000e-09  1.46795142e-04 
 9.60250000e-09  1.49138106e-04 
 9.60750000e-09  1.53470597e-04 
 9.61750000e-09  1.60014808e-04 
 9.63375000e-09  1.63883768e-04 
 9.65000000e-09  1.58672561e-04 
 9.65250000e-09  1.57954018e-04 
 9.65750000e-09  1.55723309e-04 
 9.66750000e-09  1.49915944e-04 
 9.68375000e-09  1.42600287e-04 
 9.70000000e-09  1.37078190e-04 
 9.70250000e-09  1.36094966e-04 
 9.70750000e-09  1.33586350e-04 
 9.71750000e-09  1.23519039e-04 
 9.73375000e-09  9.79943898e-05 
 9.75000000e-09  6.97651841e-05 
 9.75250000e-09  6.55698863e-05 
 9.75750000e-09  5.77337344e-05 
 9.76750000e-09  4.47222231e-05 
 9.78375000e-09  3.35912557e-05 
 9.80000000e-09  3.67448684e-05 
 9.80250000e-09  3.87341028e-05 
 9.80750000e-09  4.41731802e-05 
 9.81750000e-09  6.04588145e-05 
 9.83375000e-09  1.00374754e-04 
 9.85000000e-09  1.50953631e-04 
 9.85250000e-09  1.58114846e-04 
 9.85750000e-09  1.72107746e-04 
 9.86750000e-09  1.92845046e-04 
 9.88375000e-09  1.98270258e-04 
 9.90000000e-09  1.55699436e-04 
 9.90250000e-09  1.43011612e-04 
 9.90750000e-09  1.14073503e-04 
 9.91750000e-09  3.08892004e-05 
 9.93375000e-09 -1.92275621e-04 
 9.95000000e-09 -5.19671676e-04 
 9.95250000e-09 -5.79743796e-04 
 9.95750000e-09 -7.03594866e-04 
 9.96750000e-09 -9.72369307e-04 
 9.98375000e-09 -1.40084798e-03 
 1.00000000e-08 -1.85154590e-03 
 1.00025000e-08 -1.92755919e-03 
 1.00075000e-08 -2.07982039e-03 
 1.00175000e-08 -2.38357567e-03 
 1.00337500e-08 -2.86853207e-03 
 1.00500000e-08 -3.34260175e-03 
 1.00525000e-08 -3.41420315e-03 
 1.00575000e-08 -3.55782388e-03 
 1.00675000e-08 -3.84528644e-03 
 1.00837500e-08 -4.31829304e-03 
 1.01000000e-08 -4.81180957e-03 
 1.01025000e-08 -4.88970980e-03 
 1.01075000e-08 -5.04878761e-03 
 1.01175000e-08 -5.37689182e-03 
 1.01337500e-08 -5.94368633e-03 
 1.01500000e-08 -6.58162567e-03 
 1.01525000e-08 -6.68586244e-03 
 1.01575000e-08 -6.90330301e-03 
 1.01675000e-08 -7.36144709e-03 
 1.01837500e-08 -8.18101419e-03 
 1.02000000e-08 -9.12699626e-03 
 1.02025000e-08 -9.28368006e-03 
 1.02075000e-08 -9.61920517e-03 
 1.02175000e-08 -1.03427300e-02 
 1.02337500e-08 -1.16940427e-02 
 1.02500000e-08 -1.32565971e-02 
 1.02525000e-08 -1.35004306e-02 
 1.02575000e-08 -1.40055218e-02 
 1.02675000e-08 -1.49305432e-02 
 1.02837500e-08 -1.57549412e-02 
 1.03000000e-08 -1.47037794e-02 
 1.03025000e-08 -1.42508896e-02 
 1.03075000e-08 -1.31598137e-02 
 1.03175000e-08 -9.70705605e-03 
 1.03337500e-08  9.85631150e-05 
 1.03500000e-08  1.52906722e-02 
 1.03525000e-08  1.83369970e-02 
 1.03575000e-08  2.48008973e-02 
 1.03675000e-08  4.00752276e-02 
 1.03837500e-08  7.25110774e-02 
 1.04000000e-08  1.16546248e-01 
 1.04025000e-08  1.24715707e-01 
 1.04075000e-08  1.41882563e-01 
 1.04175000e-08  1.81685779e-01 
 1.04337500e-08  2.66553862e-01 
 1.04500000e-08  3.89668762e-01 
 1.04525000e-08  4.14074489e-01 
 1.04575000e-08  4.67220813e-01 
 1.04675000e-08  6.02889237e-01 
 1.04837500e-08  9.16300334e-01 
 1.05000000e-08  1.34016246e+00 
 1.05025000e-08  1.41576088e+00 
 1.05075000e-08  1.57126036e+00 
 1.05175000e-08  1.90312995e+00 
 1.05337500e-08  2.42410687e+00 
 1.05500000e-08  2.79549608e+00 
 1.05525000e-08  2.83668341e+00 
 1.05575000e-08  2.91234677e+00 
 1.05675000e-08  3.02989305e+00 
 1.05837500e-08  3.14935302e+00 
 1.06000000e-08  3.21125797e+00 
 1.06025000e-08  3.21713524e+00 
 1.06075000e-08  3.22787287e+00 
 1.06175000e-08  3.24432350e+00 
 1.06337500e-08  3.26170169e+00 
 1.06500000e-08  3.27231174e+00 
 1.06525000e-08  3.27352831e+00 
 1.06575000e-08  3.27583970e+00 
 1.06675000e-08  3.27980799e+00 
 1.06837500e-08  3.28481171e+00 
 1.07000000e-08  3.28847907e+00 
 1.07025000e-08  3.28893756e+00 
 1.07075000e-08  3.28981501e+00 
 1.07175000e-08  3.29135115e+00 
 1.07337500e-08  3.29333396e+00 
 1.07500000e-08  3.29481643e+00 
 1.07525000e-08  3.29500354e+00 
 1.07575000e-08  3.29536211e+00 
 1.07675000e-08  3.29599367e+00 
 1.07837500e-08  3.29681885e+00 
 1.08000000e-08  3.29744329e+00 
 1.08025000e-08  3.29752254e+00 
 1.08075000e-08  3.29767368e+00 
 1.08175000e-08  3.29794272e+00 
 1.08337500e-08  3.29831118e+00 
 1.08500000e-08  3.29862147e+00 
 1.08525000e-08  3.29866459e+00 
 1.08575000e-08  3.29874817e+00 
 1.08675000e-08  3.29890237e+00 
 1.08837500e-08  3.29911810e+00 
 1.09000000e-08  3.29929599e+00 
 1.09025000e-08  3.29932008e+00 
 1.09075000e-08  3.29936658e+00 
 1.09175000e-08  3.29945098e+00 
 1.09337500e-08  3.29956650e+00 
 1.09500000e-08  3.29965554e+00 
 1.09525000e-08  3.29966699e+00 
 1.09575000e-08  3.29968892e+00 
 1.09675000e-08  3.29972793e+00 
 1.09837500e-08  3.29977875e+00 
 1.10000000e-08  3.29981656e+00 
 1.10025000e-08  3.29982130e+00 
 1.10075000e-08  3.29983000e+00 
 1.10175000e-08  3.29984435e+00 
 1.10337500e-08  3.29986217e+00 
 1.10500000e-08  3.29987600e+00 
 1.10525000e-08  3.29987798e+00 
 1.10575000e-08  3.29988173e+00 
 1.10675000e-08  3.29988908e+00 
 1.10837500e-08  3.29990170e+00 
 1.11000000e-08  3.29991439e+00 
 1.11025000e-08  3.29991637e+00 
 1.11075000e-08  3.29992048e+00 
 1.11175000e-08  3.29992931e+00 
 1.11337500e-08  3.29994479e+00 
 1.11500000e-08  3.29995763e+00 
 1.11525000e-08  3.29995848e+00 
 1.11575000e-08  3.29995971e+00 
 1.11675000e-08  3.29995911e+00 
 1.11837500e-08  3.29995275e+00 
 1.12000000e-08  3.29994339e+00 
 1.12025000e-08  3.29994199e+00 
 1.12075000e-08  3.29993931e+00 
 1.12175000e-08  3.29993458e+00 
 1.12337500e-08  3.29992779e+00 
 1.12500000e-08  3.29992167e+00 
 1.12525000e-08  3.29992091e+00 
 1.12575000e-08  3.29991950e+00 
 1.12675000e-08  3.29991730e+00 
 1.12837500e-08  3.29991380e+00 
 1.13000000e-08  3.29990968e+00 
 1.13025000e-08  3.29990905e+00 
 1.13075000e-08  3.29990749e+00 
 1.13175000e-08  3.29990405e+00 
 1.13337500e-08  3.29990040e+00 
 1.13500000e-08  3.29990082e+00 
 1.13525000e-08  3.29990143e+00 
 1.13575000e-08  3.29990279e+00 
 1.13675000e-08  3.29990680e+00 
 1.13837500e-08  3.29991602e+00 
 1.14000000e-08  3.29992846e+00 
 1.14025000e-08  3.29993075e+00 
 1.14075000e-08  3.29993545e+00 
 1.14175000e-08  3.29994574e+00 
 1.14337500e-08  3.29996315e+00 
 1.14500000e-08  3.29997887e+00 
 1.14525000e-08  3.29998083e+00 
 1.14575000e-08  3.29998451e+00 
 1.14675000e-08  3.29999058e+00 
 1.14837500e-08  3.29999692e+00 
 1.15000000e-08  3.29999812e+00 
 1.15025000e-08  3.29999789e+00 
 1.15075000e-08  3.29999751e+00 
 1.15175000e-08  3.29999629e+00 
 1.15337500e-08  3.29999304e+00 
 1.15500000e-08  3.29998995e+00 
 1.15525000e-08  3.29998937e+00 
 1.15575000e-08  3.29998803e+00 
 1.15675000e-08  3.29998443e+00 
 1.15837500e-08  3.29997698e+00 
 1.16000000e-08  3.29996719e+00 
 1.16025000e-08  3.29996541e+00 
 1.16075000e-08  3.29996196e+00 
 1.16175000e-08  3.29995549e+00 
 1.16337500e-08  3.29994763e+00 
 1.16500000e-08  3.29994521e+00 
 1.16525000e-08  3.29994567e+00 
 1.16575000e-08  3.29994744e+00 
 1.16675000e-08  3.29995980e+00 
 1.16837500e-08  3.29998691e+00 
 1.17000000e-08  3.30001539e+00 
 1.17025000e-08  3.30001964e+00 
 1.17075000e-08  3.30002790e+00 
 1.17175000e-08  3.30004019e+00 
 1.17337500e-08  3.30004213e+00 
 1.17500000e-08  3.30001516e+00 
 1.17525000e-08  3.30000783e+00 
 1.17575000e-08  3.29999260e+00 
 1.17675000e-08  3.29995619e+00 
 1.17837500e-08  3.29988358e+00 
 1.18000000e-08  3.29981009e+00 
 1.18025000e-08  3.29980021e+00 
 1.18075000e-08  3.29978111e+00 
 1.18175000e-08  3.29974701e+00 
 1.18337500e-08  3.29970204e+00 
 1.18500000e-08  3.29967397e+00 
 1.18525000e-08  3.29967225e+00 
 1.18575000e-08  3.29966980e+00 
 1.18675000e-08  3.29967038e+00 
 1.18837500e-08  3.29968423e+00 
 1.19000000e-08  3.29971858e+00 
 1.19025000e-08  3.29972521e+00 
 1.19075000e-08  3.29973786e+00 
 1.19175000e-08  3.29976027e+00 
 1.19337500e-08  3.29978724e+00 
 1.19500000e-08  3.29980069e+00 
 1.19525000e-08  3.29980247e+00 
 1.19575000e-08  3.29980603e+00 
 1.19675000e-08  3.29981968e+00 
 1.19837500e-08  3.29985562e+00 
 1.20000000e-08  3.29989555e+00 
 1.20025000e-08  3.29990149e+00 
 1.20075000e-08  3.29991294e+00 
 1.20175000e-08  3.29993332e+00 
 1.20337500e-08  3.29995602e+00 
 1.20500000e-08  3.29996433e+00 
 1.20525000e-08  3.29996424e+00 
 1.20575000e-08  3.29996298e+00 
 1.20675000e-08  3.29995639e+00 
 1.20837500e-08  3.29993628e+00 
 1.21000000e-08  3.29990423e+00 
 1.21025000e-08  3.29989821e+00 
 1.21075000e-08  3.29988466e+00 
 1.21175000e-08  3.29985284e+00 
 1.21337500e-08  3.29978721e+00 
 1.21500000e-08  3.29970913e+00 
 1.21525000e-08  3.29969769e+00 
 1.21575000e-08  3.29967477e+00 
 1.21675000e-08  3.29963632e+00 
 1.21837500e-08  3.29959972e+00 
 1.22000000e-08  3.29959481e+00 
 1.22025000e-08  3.29959688e+00 
 1.22075000e-08  3.29960108e+00 
 1.22175000e-08  3.29961407e+00 
 1.22337500e-08  3.29964797e+00 
 1.22500000e-08  3.29970010e+00 
 1.22525000e-08  3.29971048e+00 
 1.22575000e-08  3.29973216e+00 
 1.22675000e-08  3.29978466e+00 
 1.22837500e-08  3.29990000e+00 
 1.23000000e-08  3.30006577e+00 
 1.23025000e-08  3.30009836e+00 
 1.23075000e-08  3.30016577e+00 
 1.23175000e-08  3.30031527e+00 
 1.23337500e-08  3.30059353e+00 
 1.23500000e-08  3.30090461e+00 
 1.23525000e-08  3.30095453e+00 
 1.23575000e-08  3.30105465e+00 
 1.23675000e-08  3.30125812e+00 
 1.23837500e-08  3.30158287e+00 
 1.24000000e-08  3.30190035e+00 
 1.24025000e-08  3.30195146e+00 
 1.24075000e-08  3.30205460e+00 
 1.24175000e-08  3.30225922e+00 
 1.24337500e-08  3.30260257e+00 
 1.24500000e-08  3.30296781e+00 
 1.24525000e-08  3.30302537e+00 
 1.24575000e-08  3.30314137e+00 
 1.24675000e-08  3.30337761e+00 
 1.24837500e-08  3.30377077e+00 
 1.25000000e-08  3.30417067e+00 
 1.25025000e-08  3.30423174e+00 
 1.25075000e-08  3.30435405e+00 
 1.25175000e-08  3.30459343e+00 
 1.25337500e-08  3.30495929e+00 
 1.25500000e-08  3.30529559e+00 
 1.25525000e-08  3.30534437e+00 
 1.25575000e-08  3.30544212e+00 
 1.25675000e-08  3.30563856e+00 
 1.25837500e-08  3.30597397e+00 
 1.26000000e-08  3.30634917e+00 
 1.26025000e-08  3.30641208e+00 
 1.26075000e-08  3.30654216e+00 
 1.26175000e-08  3.30682474e+00 
 1.26337500e-08  3.30735064e+00 
 1.26500000e-08  3.30797312e+00 
 1.26525000e-08  3.30807918e+00 
 1.26575000e-08  3.30829860e+00 
 1.26675000e-08  3.30877809e+00 
 1.26837500e-08  3.30969260e+00 
 1.27000000e-08  3.31081688e+00 
 1.27025000e-08  3.31101364e+00 
 1.27075000e-08  3.31142499e+00 
 1.27175000e-08  3.31233888e+00 
 1.27337500e-08  3.31411760e+00 
 1.27500000e-08  3.31630933e+00 
 1.27525000e-08  3.31668350e+00 
 1.27575000e-08  3.31745262e+00 
 1.27675000e-08  3.31900688e+00 
 1.27837500e-08  3.32103147e+00 
 1.28000000e-08  3.32099737e+00 
 1.28025000e-08  3.32063326e+00 
 1.28075000e-08  3.31965279e+00 
 1.28175000e-08  3.31596828e+00 
 1.28337500e-08  3.30411395e+00 
 1.28500000e-08  3.28511368e+00 
 1.28525000e-08  3.28131791e+00 
 1.28575000e-08  3.27323454e+00 
 1.28675000e-08  3.25402981e+00 
 1.28837500e-08  3.21342897e+00 
 1.29000000e-08  3.15931815e+00 
 1.29025000e-08  3.14942840e+00 
 1.29075000e-08  3.12874911e+00 
 1.29175000e-08  3.08156990e+00 
 1.29337500e-08  2.98382264e+00 
 1.29500000e-08  2.84476915e+00 
 1.29525000e-08  2.81702380e+00 
 1.29575000e-08  2.75571515e+00 
 1.29675000e-08  2.59781273e+00 
 1.29837500e-08  2.23985849e+00 
 1.30000000e-08  1.76721052e+00 
 1.30025000e-08  1.68391951e+00 
 1.30075000e-08  1.51301492e+00 
 1.30175000e-08  1.15176171e+00 
 1.30337500e-08  6.19227846e-01 
 1.30500000e-08  2.70166106e-01 
 1.30525000e-08  2.37999165e-01 
 1.30575000e-08  1.81597035e-01 
 1.30675000e-08  1.06933648e-01 
 1.30837500e-08  5.04087312e-02 
 1.31000000e-08  3.03595434e-02 
 1.31025000e-08  2.87109879e-02 
 1.31075000e-08  2.56263522e-02 
 1.31175000e-08  2.07019066e-02 
 1.31337500e-08  1.50332338e-02 
 1.31500000e-08  1.11558702e-02 
 1.31525000e-08  1.06779857e-02 
 1.31575000e-08  9.75907516e-03 
 1.31675000e-08  8.14525931e-03 
 1.31837500e-08  6.05583032e-03 
 1.32000000e-08  4.49465161e-03 
 1.32025000e-08  4.29777106e-03 
 1.32075000e-08  3.92079971e-03 
 1.32175000e-08  3.26096289e-03 
 1.32337500e-08  2.41293403e-03 
 1.32500000e-08  1.78552265e-03 
 1.32525000e-08  1.70709876e-03 
 1.32575000e-08  1.55730020e-03 
 1.32675000e-08  1.29626259e-03 
 1.32837500e-08  9.63285804e-04 
 1.33000000e-08  7.19557438e-04 
 1.33025000e-08  6.89256362e-04 
 1.33075000e-08  6.31406419e-04 
 1.33175000e-08  5.30789755e-04 
 1.33337500e-08  4.03058049e-04 
 1.33500000e-08  3.10098049e-04 
 1.33525000e-08  2.98752824e-04 
 1.33575000e-08  2.77366475e-04 
 1.33675000e-08  2.40960788e-04 
 1.33837500e-08  1.94781451e-04 
 1.34000000e-08  1.59927172e-04 
 1.34025000e-08  1.55315379e-04 
 1.34075000e-08  1.46317477e-04 
 1.34175000e-08  1.29796953e-04 
 1.34337500e-08  1.07318963e-04 
 1.34500000e-08  8.91852385e-05 
 1.34525000e-08  8.68161313e-05 
 1.34575000e-08  8.21179776e-05 
 1.34675000e-08  7.34806391e-05 
 1.34837500e-08  6.12713782e-05 
 1.35000000e-08  5.04864986e-05 
 1.35025000e-08  4.87193911e-05 
 1.35075000e-08  4.50311128e-05 
 1.35175000e-08  3.80446907e-05 
 1.35337500e-08  2.88749802e-05 
 1.35500000e-08  2.30280057e-05 
 1.35525000e-08  2.24356050e-05 
 1.35575000e-08  2.12435052e-05 
 1.35675000e-08  1.93520800e-05 
 1.35837500e-08  1.75090271e-05 
 1.36000000e-08  1.69139699e-05 
 1.36025000e-08  1.69656870e-05 
 1.36075000e-08  1.70824552e-05 
 1.36175000e-08  1.76238301e-05 
 1.36337500e-08  1.88678537e-05 
 1.36500000e-08  1.97851535e-05 
 1.36525000e-08  1.97798329e-05 
 1.36575000e-08  1.95810040e-05 
 1.36675000e-08  1.84177591e-05 
 1.36837500e-08  1.48179501e-05 
 1.37000000e-08  9.51912903e-06 
 1.37025000e-08  8.66018501e-06 
 1.37075000e-08  6.99653208e-06 
 1.37175000e-08  3.99103284e-06 
 1.37337500e-08  1.62640842e-08 
 1.37500000e-08 -2.25264371e-06 
 1.37525000e-08 -2.37905948e-06 
 1.37575000e-08 -2.58547284e-06 
 1.37675000e-08 -2.67829577e-06 
 1.37837500e-08 -2.06789372e-06 
 1.38000000e-08 -5.93444977e-07 
 1.38025000e-08 -3.47474380e-07 
 1.38075000e-08  6.14292356e-08 
 1.38175000e-08  7.91567561e-07 
 1.38337500e-08  4.23850159e-06 
 1.38500000e-08  6.19193051e-06 
 1.38525000e-08  6.47666276e-06 
 1.38575000e-08  7.05757259e-06 
 1.38675000e-08  8.18876487e-06 
 1.38837500e-08  1.00027611e-05 
 1.39000000e-08  1.21788258e-05 
 1.39025000e-08  1.25575618e-05 
 1.39075000e-08  1.32342619e-05 
 1.39175000e-08  1.42538545e-05 
 1.39337500e-08  1.49081534e-05 
 1.39500000e-08  1.43316572e-05 
 1.39525000e-08  1.41255700e-05 
 1.39575000e-08  1.35948382e-05 
 1.39675000e-08  1.21871603e-05 
 1.39837500e-08  9.19030055e-06 
 1.40000000e-08  4.82979006e-06 
 1.40025000e-08  3.89739001e-06 
 1.40075000e-08  1.94357894e-06 
 1.40175000e-08 -1.81130395e-06 
 1.40337500e-08 -8.74564638e-06 
 1.40500000e-08 -1.72825235e-05 
 1.40525000e-08 -1.84913277e-05 
 1.40575000e-08 -2.10568130e-05 
 1.40675000e-08 -2.51294587e-05 
 1.40837500e-08 -2.77214398e-05 
 1.41000000e-08 -2.53108227e-05 
 1.41025000e-08 -2.43172080e-05 
 1.41075000e-08 -2.22615822e-05 
 1.41175000e-08 -1.65292313e-05 
 1.41337500e-08 -3.18121737e-06 
 1.41500000e-08  1.57129015e-05 
 1.41525000e-08  1.92357841e-05 
 1.41575000e-08  2.63893698e-05 
 1.41675000e-08  4.21666814e-05 
 1.41837500e-08  7.10016472e-05 
 1.42000000e-08  1.00281492e-04 
 1.42025000e-08  1.04514463e-04 
 1.42075000e-08  1.15003672e-04 
 1.42175000e-08  1.33102354e-04 
 1.42337500e-08  1.51451356e-04 
 1.42500000e-08  1.60987264e-04 
 1.42525000e-08  1.61698550e-04 
 1.42575000e-08  1.62862339e-04 
 1.42675000e-08  1.59928907e-04 
 1.42837500e-08  1.56335004e-04 
 1.43000000e-08  1.49627520e-04 
 1.43025000e-08  1.48481400e-04 
 1.43075000e-08  1.46646433e-04 
 1.43175000e-08  1.43585380e-04 
 1.43337500e-08  1.36189580e-04 
 1.43500000e-08  1.15299797e-04 
 1.43525000e-08  1.10490927e-04 
 1.43575000e-08  1.01036437e-04 
 1.43675000e-08  8.21346003e-05 
 1.43837500e-08  5.54065520e-05 
 1.44000000e-08  3.82246355e-05 
 1.44025000e-08  3.67215699e-05 
 1.44075000e-08  3.47170733e-05 
 1.44175000e-08  3.48773952e-05 
 1.44337500e-08  4.64782247e-05 
 1.44500000e-08  7.36668299e-05 
 1.44525000e-08  7.92802590e-05 
 1.44575000e-08  9.21015766e-05 
 1.44675000e-08  1.21347663e-04 
 1.44837500e-08  1.69795797e-04 
 1.45000000e-08  2.00092415e-04 
 1.45025000e-08  2.01286972e-04 
 1.45075000e-08  2.01839356e-04 
 1.45175000e-08  1.88551484e-04 
 1.45337500e-08  1.18449275e-04 
 1.45500000e-08 -3.21336782e-05 
 1.45525000e-08 -6.62709514e-05 
 1.45575000e-08 -1.39271962e-04 
 1.45675000e-08 -3.15973803e-04 
 1.45837500e-08 -6.83737516e-04 
 1.46000000e-08 -1.13054662e-03 
 1.46025000e-08 -1.19733109e-03 
 1.46075000e-08 -1.30877775e-03 
 1.46175000e-08 -1.57625712e-03 
 1.46337500e-08 -2.05887302e-03 
 1.46500000e-08 -2.54697170e-03 
 1.46525000e-08 -2.62060179e-03 
 1.46575000e-08 -2.76752139e-03 
 1.46675000e-08 -3.05871325e-03 
 1.46837500e-08 -3.52836267e-03 
 1.47000000e-08 -4.00052644e-03 
 1.47025000e-08 -4.07306235e-03 
 1.47075000e-08 -4.22026495e-03 
 1.47175000e-08 -4.52151361e-03 
 1.47337500e-08 -5.02762149e-03 
 1.47500000e-08 -5.56098073e-03 
 1.47525000e-08 -5.64523521e-03 
 1.47575000e-08 -5.81939663e-03 
 1.47675000e-08 -6.18582983e-03 
 1.47837500e-08 -6.83991310e-03 
 1.48000000e-08 -7.58473517e-03 
 1.48025000e-08 -7.70747715e-03 
 1.48075000e-08 -7.96657136e-03 
 1.48175000e-08 -8.51800533e-03 
 1.48337500e-08 -9.52971118e-03 
 1.48500000e-08 -1.07359104e-02 
 1.48525000e-08 -1.09374429e-02 
 1.48575000e-08 -1.13706423e-02 
 1.48675000e-08 -1.22948964e-02 
 1.48837500e-08 -1.39037085e-02 
 1.49000000e-08 -1.53330346e-02 
 1.49025000e-08 -1.54832200e-02 
 1.49075000e-08 -1.57355217e-02 
 1.49175000e-08 -1.57303983e-02 
 1.49337500e-08 -1.34789546e-02 
 1.49500000e-08 -7.16869826e-03 
 1.49525000e-08 -5.69362341e-03 
 1.49575000e-08 -2.46838933e-03 
 1.49675000e-08  5.44063201e-03 
 1.49837500e-08  2.36520436e-02 
 1.50000000e-08  4.99001647e-02 
 1.50025000e-08  5.48485759e-02 
 1.50075000e-08  6.52532025e-02 
 1.50175000e-08  8.93231560e-02 
 1.50337500e-08  1.39549731e-01 
 1.50500000e-08  2.07934593e-01 
 1.50525000e-08  2.20777415e-01 
 1.50575000e-08  2.47948670e-01 
 1.50675000e-08  3.12486679e-01 
 1.50837500e-08  4.61294310e-01 
 1.51000000e-08  7.02045442e-01 
 1.51025000e-08  7.50439563e-01 
 1.51075000e-08  8.52842069e-01 
 1.51175000e-08  1.08947094e+00 
 1.51337500e-08  1.55685341e+00 
 1.51500000e-08  2.09779187e+00 
 1.51525000e-08  2.18279710e+00 
 1.51575000e-08  2.34412999e+00 
 1.51675000e-08  2.61189693e+00 
 1.51837500e-08  2.91100525e+00 
 1.52000000e-08  3.08420886e+00 
 1.52025000e-08  3.10150813e+00 
 1.52075000e-08  3.13302979e+00 
 1.52175000e-08  3.18057957e+00 
 1.52337500e-08  3.22758205e+00 
 1.52500000e-08  3.25223454e+00 
 1.52525000e-08  3.25470551e+00 
 1.52575000e-08  3.25931359e+00 
 1.52675000e-08  3.26683378e+00 
 1.52837500e-08  3.27569938e+00 
 1.53000000e-08  3.28184258e+00 
 1.53025000e-08  3.28259425e+00 
 1.53075000e-08  3.28403068e+00 
 1.53175000e-08  3.28653471e+00 
 1.53337500e-08  3.28974985e+00 
 1.53500000e-08  3.29213943e+00 
 1.53525000e-08  3.29243972e+00 
 1.53575000e-08  3.29301471e+00 
 1.53675000e-08  3.29402370e+00 
 1.53837500e-08  3.29533289e+00 
 1.54000000e-08  3.29632020e+00 
 1.54025000e-08  3.29644588e+00 
 1.54075000e-08  3.29668709e+00 
 1.54175000e-08  3.29711382e+00 
 1.54337500e-08  3.29767049e+00 
 1.54500000e-08  3.29809498e+00 
 1.54525000e-08  3.29815147e+00 
 1.54575000e-08  3.29826061e+00 
 1.54675000e-08  3.29846281e+00 
 1.54837500e-08  3.29875126e+00 
 1.55000000e-08  3.29899360e+00 
 1.55025000e-08  3.29902648e+00 
 1.55075000e-08  3.29908984e+00 
 1.55175000e-08  3.29920541e+00 
 1.55337500e-08  3.29936602e+00 
 1.55500000e-08  3.29949726e+00 
 1.55525000e-08  3.29951489e+00 
 1.55575000e-08  3.29954859e+00 
 1.55675000e-08  3.29960808e+00 
 1.55837500e-08  3.29968583e+00 
 1.56000000e-08  3.29974460e+00 
 1.56025000e-08  3.29975216e+00 
 1.56075000e-08  3.29976663e+00 
 1.56175000e-08  3.29979253e+00 
 1.56337500e-08  3.29982688e+00 
 1.56500000e-08  3.29985277e+00 
 1.56525000e-08  3.29985611e+00 
 1.56575000e-08  3.29986236e+00 
 1.56675000e-08  3.29987346e+00 
 1.56837500e-08  3.29988835e+00 
 1.57000000e-08  3.29990099e+00 
 1.57025000e-08  3.29990300e+00 
 1.57075000e-08  3.29990653e+00 
 1.57175000e-08  3.29991209e+00 
 1.57337500e-08  3.29992060e+00 
 1.57500000e-08  3.29993184e+00 
 1.57525000e-08  3.29993398e+00 
 1.57575000e-08  3.29993878e+00 
 1.57675000e-08  3.29994839e+00 
 1.57837500e-08  3.29995798e+00 
 1.58000000e-08  3.29995793e+00 
 1.58025000e-08  3.29995713e+00 
 1.58075000e-08  3.29995537e+00 
 1.58175000e-08  3.29995101e+00 
 1.58337500e-08  3.29994260e+00 
 1.58500000e-08  3.29993394e+00 
 1.58525000e-08  3.29993268e+00 
 1.58575000e-08  3.29993015e+00 
 1.58675000e-08  3.29992530e+00 
 1.58837500e-08  3.29991834e+00 
 1.59000000e-08  3.29991238e+00 
 1.59025000e-08  3.29991162e+00 
 1.59075000e-08  3.29991010e+00 
 1.59175000e-08  3.29990732e+00 
 1.59337500e-08  3.29990437e+00 
 1.59500000e-08  3.29990324e+00 
 1.59525000e-08  3.29990330e+00 
 1.59575000e-08  3.29990335e+00 
 1.59675000e-08  3.29990420e+00 
 1.59837500e-08  3.29990793e+00 
 1.60000000e-08  3.29991456e+00 
 1.60025000e-08  3.29991585e+00 
 1.60075000e-08  3.29991840e+00 
 1.60175000e-08  3.29992417e+00 
 1.60337500e-08  3.29993630e+00 
 1.60500000e-08  3.29995153e+00 
 1.60525000e-08  3.29995414e+00 
 1.60575000e-08  3.29995941e+00 
 1.60675000e-08  3.29996998e+00 
 1.60837500e-08  3.29998450e+00 
 1.61000000e-08  3.29999454e+00 
 1.61025000e-08  3.29999556e+00 
 1.61075000e-08  3.29999726e+00 
 1.61175000e-08  3.29999906e+00 
 1.61337500e-08  3.29999639e+00 
 1.61500000e-08  3.29999249e+00 
 1.61525000e-08  3.29999170e+00 
 1.61575000e-08  3.29999009e+00 
 1.61675000e-08  3.29998691e+00 
 1.61837500e-08  3.29998246e+00 
 1.62000000e-08  3.29997838e+00 
 1.62025000e-08  3.29997770e+00 
 1.62075000e-08  3.29997642e+00 
 1.62175000e-08  3.29997333e+00 
 1.62337500e-08  3.29996588e+00 
 1.62500000e-08  3.29995733e+00 
 1.62525000e-08  3.29995608e+00 
 1.62575000e-08  3.29995380e+00 
 1.62675000e-08  3.29995062e+00 
 1.62837500e-08  3.29995152e+00 
 1.63000000e-08  3.29997046e+00 
 1.63025000e-08  3.29997416e+00 
 1.63075000e-08  3.29998182e+00 
 1.63175000e-08  3.29999791e+00 
 1.63337500e-08  3.30002654e+00 
 1.63500000e-08  3.30004182e+00 
 1.63525000e-08  3.30004174e+00 
 1.63575000e-08  3.30004007e+00 
 1.63675000e-08  3.30002722e+00 
 1.63837500e-08  3.29998116e+00 
 1.64000000e-08  3.29991497e+00 
 1.64025000e-08  3.29990337e+00 
 1.64075000e-08  3.29987989e+00 
 1.64175000e-08  3.29983286e+00 
 1.64337500e-08  3.29976844e+00 
 1.64500000e-08  3.29971896e+00 
 1.64525000e-08  3.29971229e+00 
 1.64575000e-08  3.29970021e+00 
 1.64675000e-08  3.29968350e+00 
 1.64837500e-08  3.29967410e+00 
 1.65000000e-08  3.29968187e+00 
 1.65025000e-08  3.29968448e+00 
 1.65075000e-08  3.29969026e+00 
 1.65175000e-08  3.29970927e+00 
 1.65337500e-08  3.29974981e+00 
 1.65500000e-08  3.29977887e+00 
 1.65525000e-08  3.29978218e+00 
 1.65575000e-08  3.29978759e+00 
 1.65675000e-08  3.29979454e+00 
 1.65837500e-08  3.29980626e+00 
 1.66000000e-08  3.29983579e+00 
 1.66025000e-08  3.29984262e+00 
 1.66075000e-08  3.29985596e+00 
 1.66175000e-08  3.29988166e+00 
 1.66337500e-08  3.29991729e+00 
 1.66500000e-08  3.29994232e+00 
 1.66525000e-08  3.29994519e+00 
 1.66575000e-08  3.29995031e+00 
 1.66675000e-08  3.29995736e+00 
 1.66837500e-08  3.29995898e+00 
 1.67000000e-08  3.29994793e+00 
 1.67025000e-08  3.29994502e+00 
 1.67075000e-08  3.29993798e+00 
 1.67175000e-08  3.29991960e+00 
 1.67337500e-08  3.29987835e+00 
 1.67500000e-08  3.29982066e+00 
 1.67525000e-08  3.29981049e+00 
 1.67575000e-08  3.29978823e+00 
 1.67675000e-08  3.29974093e+00 
 1.67837500e-08  3.29966641e+00 
 1.68000000e-08  3.29961266e+00 
 1.68025000e-08  3.29960795e+00 
 1.68075000e-08  3.29959956e+00 
 1.68175000e-08  3.29959223e+00 
 1.68337500e-08  3.29960140e+00 
 1.68500000e-08  3.29963049e+00 
 1.68525000e-08  3.29963690e+00 
 1.68575000e-08  3.29965000e+00 
 1.68675000e-08  3.29968171e+00 
 1.68837500e-08  3.29975066e+00 
 1.69000000e-08  3.29984901e+00 
 1.69025000e-08  3.29986771e+00 
 1.69075000e-08  3.29990674e+00 
 1.69175000e-08  3.29999795e+00 
 1.69337500e-08  3.30020260e+00 
 1.69500000e-08  3.30045076e+00 
 1.69525000e-08  3.30049331e+00 
 1.69575000e-08  3.30058004e+00 
 1.69675000e-08  3.30076393e+00 
 1.69837500e-08  3.30108455e+00 
 1.70000000e-08  3.30142016e+00 
 1.70025000e-08  3.30147101e+00 
 1.70075000e-08  3.30157385e+00 
 1.70175000e-08  3.30177563e+00 
 1.70337500e-08  3.30211250e+00 
 1.70500000e-08  3.30245804e+00 
 1.70525000e-08  3.30251148e+00 
 1.70575000e-08  3.30261973e+00 
 1.70675000e-08  3.30284473e+00 
 1.70837500e-08  3.30322017e+00 
 1.71000000e-08  3.30360479e+00 
 1.71025000e-08  3.30366434e+00 
 1.71075000e-08  3.30378404e+00 
 1.71175000e-08  3.30402513e+00 
 1.71337500e-08  3.30441635e+00 
 1.71500000e-08  3.30479338e+00 
 1.71525000e-08  3.30484810e+00 
 1.71575000e-08  3.30495697e+00 
 1.71675000e-08  3.30516773e+00 
 1.71837500e-08  3.30549662e+00 
 1.72000000e-08  3.30582553e+00 
 1.72025000e-08  3.30587732e+00 
 1.72075000e-08  3.30598322e+00 
 1.72175000e-08  3.30620760e+00 
 1.72337500e-08  3.30661531e+00 
 1.72500000e-08  3.30709106e+00 
 1.72525000e-08  3.30717157e+00 
 1.72575000e-08  3.30733777e+00 
 1.72675000e-08  3.30769996e+00 
 1.72837500e-08  3.30838820e+00 
 1.73000000e-08  3.30922837e+00 
 1.73025000e-08  3.30937472e+00 
 1.73075000e-08  3.30967971e+00 
 1.73175000e-08  3.31035377e+00 
 1.73337500e-08  3.31165221e+00 
 1.73500000e-08  3.31326209e+00 
 1.73525000e-08  3.31354451e+00 
 1.73575000e-08  3.31413608e+00 
 1.73675000e-08  3.31544054e+00 
 1.73837500e-08  3.31785287e+00 
 1.74000000e-08  3.32024993e+00 
 1.74025000e-08  3.32055540e+00 
 1.74075000e-08  3.32109089e+00 
 1.74175000e-08  3.32148519e+00 
 1.74337500e-08  3.31894334e+00 
 1.74500000e-08  3.31051213e+00 
 1.74525000e-08  3.30847446e+00 
 1.74575000e-08  3.30399581e+00 
 1.74675000e-08  3.29320692e+00 
 1.74837500e-08  3.26860877e+00 
 1.75000000e-08  3.23324274e+00 
 1.75025000e-08  3.22662531e+00 
 1.75075000e-08  3.21276230e+00 
 1.75175000e-08  3.18105286e+00 
 1.75337500e-08  3.11631182e+00 
 1.75500000e-08  3.03055941e+00 
 1.75525000e-08  3.01470552e+00 
 1.75575000e-08  2.98122170e+00 
 1.75675000e-08  2.90205030e+00 
 1.75837500e-08  2.71291300e+00 
 1.76000000e-08  2.40810170e+00 
 1.76025000e-08  2.34857336e+00 
 1.76075000e-08  2.22388497e+00 
 1.76175000e-08  1.94294714e+00 
 1.76337500e-08  1.40531977e+00 
 1.76500000e-08  8.30699054e-01 
 1.76525000e-08  7.49540043e-01 
 1.76575000e-08  5.98894116e-01 
 1.76675000e-08  3.64106573e-01 
 1.76837500e-08  1.48011365e-01 
 1.77000000e-08  6.50334170e-02 
 1.77025000e-08  5.94325559e-02 
 1.77075000e-08  4.95673615e-02 
 1.77175000e-08  3.60710011e-02 
 1.77337500e-08  2.37576790e-02 
 1.77500000e-08  1.70561182e-02 
 1.77525000e-08  1.63057114e-02 
 1.77575000e-08  1.48655724e-02 
 1.77675000e-08  1.23735054e-02 
 1.77837500e-08  9.19938292e-03 
 1.78000000e-08  6.84776513e-03 
 1.78025000e-08  6.55086669e-03 
 1.78075000e-08  5.98125302e-03 
 1.78175000e-08  4.98160993e-03 
 1.78337500e-08  3.69122105e-03 
 1.78500000e-08  2.73282191e-03 
 1.78525000e-08  2.61243412e-03 
 1.78575000e-08  2.38217607e-03 
 1.78675000e-08  1.97960090e-03 
 1.78837500e-08  1.46376084e-03 
 1.79000000e-08  1.08450097e-03 
 1.79025000e-08  1.03757247e-03 
 1.79075000e-08  9.48417299e-04 
 1.79175000e-08  7.94747435e-04 
 1.79337500e-08  6.00324371e-04 
 1.79500000e-08  4.58270033e-04 
 1.79525000e-08  4.40453962e-04 
 1.79575000e-08  4.06241556e-04 
 1.79675000e-08  3.46035064e-04 
 1.79837500e-08  2.68813688e-04 
 1.80000000e-08  2.12049995e-04 
 1.80025000e-08  2.04968508e-04 
 1.80075000e-08  1.91472281e-04 
 1.80175000e-08  1.67847692e-04 
 1.80337500e-08  1.36930653e-04 
 1.80500000e-08  1.13208471e-04 
 1.80525000e-08  1.10017643e-04 
 1.80575000e-08  1.03686875e-04 
 1.80675000e-08  9.16661428e-05 
 1.80837500e-08  7.53947945e-05 
 1.81000000e-08  6.23494374e-05 
 1.81025000e-08  6.08201082e-05 
 1.81075000e-08  5.80974347e-05 
 1.81175000e-08  5.36778655e-05 
 1.81337500e-08  4.59367173e-05 
 1.81500000e-08  3.73083066e-05 
 1.81525000e-08  3.60358662e-05 
 1.81575000e-08  3.32433448e-05 
 1.81675000e-08  2.77459519e-05 
 1.81837500e-08  2.08999004e-05 
 1.82000000e-08  1.69143841e-05 
 1.82025000e-08  1.66241348e-05 
 1.82075000e-08  1.61395312e-05 
 1.82175000e-08  1.58651552e-05 
 1.82337500e-08  1.64143308e-05 
 1.82500000e-08  1.77131067e-05 
 1.82525000e-08  1.79956300e-05 
 1.82575000e-08  1.85558838e-05 
 1.82675000e-08  1.96322124e-05 
 1.82837500e-08  2.02779151e-05 
 1.83000000e-08  1.86820028e-05 
 1.83025000e-08  1.82160182e-05 
 1.83075000e-08  1.71731865e-05 
 1.83175000e-08  1.45396644e-05 
 1.83337500e-08  9.17434807e-06 
 1.83500000e-08  3.74014979e-06 
 1.83525000e-08  2.97157265e-06 
 1.83575000e-08  1.44789767e-06 
 1.83675000e-08 -1.11022553e-06 
 1.83837500e-08 -3.56559162e-06 
 1.84000000e-08 -4.55094069e-06 
 1.84025000e-08 -4.64298315e-06 
 1.84075000e-08 -4.89597104e-06 
 1.84175000e-08 -5.34151264e-06 
 1.84337500e-08 -4.89202020e-06 
 1.84500000e-08 -1.96497247e-06 
 1.84525000e-08 -1.14344680e-06 
 1.84575000e-08  4.50824900e-07 
 1.84675000e-08  3.37369676e-06 
 1.84837500e-08  7.46973189e-06 
 1.85000000e-08  1.02515775e-05 
 1.85025000e-08  1.07250013e-05 
 1.85075000e-08  1.17269806e-05 
 1.85175000e-08  1.39250246e-05 
 1.85337500e-08  1.69890633e-05 
 1.85500000e-08  1.87862772e-05 
 1.85525000e-08  1.88092103e-05 
 1.85575000e-08  1.85800614e-05 
 1.85675000e-08  1.72078278e-05 
 1.85837500e-08  1.39969805e-05 
 1.86000000e-08  1.03440167e-05 
 1.86025000e-08  9.85424653e-06 
 1.86075000e-08  8.88754598e-06 
 1.86175000e-08  6.67257940e-06 
 1.86337500e-08  1.95328901e-06 
 1.86500000e-08 -3.53073790e-06 
 1.86525000e-08 -4.58939395e-06 
 1.86575000e-08 -7.12330670e-06 
 1.86675000e-08 -1.27115292e-05 
 1.86837500e-08 -2.16706602e-05 
 1.87000000e-08 -2.76696376e-05 
 1.87025000e-08 -2.79452094e-05 
 1.87075000e-08 -2.84309750e-05 
 1.87175000e-08 -2.76704241e-05 
 1.87337500e-08 -2.25059733e-05 
 1.87500000e-08 -1.24821941e-05 
 1.87525000e-08 -1.03501830e-05 
 1.87575000e-08 -5.94768950e-06 
 1.87675000e-08  4.74524567e-06 
 1.87837500e-08  2.78485788e-05 
 1.88000000e-08  5.73636770e-05 
 1.88025000e-08  6.22796553e-05 
 1.88075000e-08  7.21058089e-05 
 1.88175000e-08  9.14955201e-05 
 1.88337500e-08  1.22182200e-04 
 1.88500000e-08  1.47134512e-04 
 1.88525000e-08  1.49532331e-04 
 1.88575000e-08  1.54014907e-04 
 1.88675000e-08  1.60976582e-04 
 1.88837500e-08  1.65568414e-04 
 1.89000000e-08  1.60906510e-04 
 1.89025000e-08  1.60238939e-04 
 1.89075000e-08  1.58026893e-04 
 1.89175000e-08  1.52030568e-04 
 1.89337500e-08  1.44365351e-04 
 1.89500000e-08  1.38782876e-04 
 1.89525000e-08  1.37500639e-04 
 1.89575000e-08  1.34300232e-04 
 1.89675000e-08  1.22587805e-04 
 1.89837500e-08  9.45630786e-05 
 1.90000000e-08  6.44303682e-05 
 1.90025000e-08  6.03024279e-05 
 1.90075000e-08  5.30544317e-05 
 1.90175000e-08  4.27188727e-05 
 1.90337500e-08  3.65084948e-05 
 1.90500000e-08  4.36332832e-05 
 1.90525000e-08  4.58740382e-05 
 1.90575000e-08  5.14228821e-05 
 1.90675000e-08  6.65222929e-05 
 1.90837500e-08  1.03629363e-04 
 1.91000000e-08  1.51518719e-04 
 1.91025000e-08  1.58252484e-04 
 1.91075000e-08  1.71352554e-04 
 1.91175000e-08  1.90267299e-04 
 1.91337500e-08  1.92971468e-04 
 1.91500000e-08  1.47929545e-04 
 1.91525000e-08  1.35040890e-04 
 1.91575000e-08  1.05923698e-04 
 1.91675000e-08  2.29860725e-05 
 1.91837500e-08 -2.00550290e-04 
 1.92000000e-08 -5.29088546e-04 
 1.92025000e-08 -5.89637381e-04 
 1.92075000e-08 -7.14661387e-04 
 1.92175000e-08 -9.86212807e-04 
 1.92337500e-08 -1.41442401e-03 
 1.92500000e-08 -1.86746038e-03 
 1.92525000e-08 -1.94302683e-03 
 1.92575000e-08 -2.09415846e-03 
 1.92675000e-08 -2.39470017e-03 
 1.92837500e-08 -2.87355428e-03 
 1.93000000e-08 -3.34174319e-03 
 1.93025000e-08 -3.41249888e-03 
 1.93075000e-08 -3.55445662e-03 
 1.93175000e-08 -3.83886611e-03 
 1.93337500e-08 -4.30767911e-03 
 1.93500000e-08 -4.79774842e-03 
 1.93525000e-08 -4.87512313e-03 
 1.93575000e-08 -5.03312739e-03 
 1.93675000e-08 -5.35880907e-03 
 1.93837500e-08 -5.92212980e-03 
 1.94000000e-08 -6.55636885e-03 
 1.94025000e-08 -6.66002447e-03 
 1.94075000e-08 -6.87625266e-03 
 1.94175000e-08 -7.33238374e-03 
 1.94337500e-08 -8.15103382e-03 
 1.94500000e-08 -9.09940278e-03 
 1.94525000e-08 -9.25693153e-03 
 1.94575000e-08 -9.59433848e-03 
 1.94675000e-08 -1.03221548e-02 
 1.94837500e-08 -1.16792917e-02 
 1.95000000e-08 -1.32457262e-02 
 1.95025000e-08 -1.34899521e-02 
 1.95075000e-08 -1.39958699e-02 
 1.95175000e-08 -1.49238162e-02 
 1.95337500e-08 -1.57617758e-02 
 1.95500000e-08 -1.47389012e-02 
 1.95525000e-08 -1.42918263e-02 
 1.95575000e-08 -1.32129195e-02 
 1.95675000e-08 -9.78666080e-03 
 1.95837500e-08 -1.93431300e-05 
 1.96000000e-08  1.51366850e-02 
 1.96025000e-08  1.81787125e-02 
 1.96075000e-08  2.46353805e-02 
 1.96175000e-08  3.99054388e-02 
 1.96337500e-08  7.23739552e-02 
 1.96500000e-08  1.16509469e-01 
 1.96525000e-08  1.24703188e-01 
 1.96575000e-08  1.41924038e-01 
 1.96675000e-08  1.81872797e-01 
 1.96837500e-08  2.67131384e-01 
 1.97000000e-08  3.91002418e-01 
 1.97025000e-08  4.15586892e-01 
 1.97075000e-08  4.69148442e-01 
 1.97175000e-08  6.05934150e-01 
 1.97337500e-08  9.21560443e-01 
 1.97500000e-08  1.34783162e+00 
 1.97525000e-08  1.42380073e+00 
 1.97575000e-08  1.58001685e+00 
 1.97675000e-08  1.91304278e+00 
 1.97837500e-08  2.43282095e+00 
 1.98000000e-08  2.80131816e+00 
 1.98025000e-08  2.84208516e+00 
 1.98075000e-08  2.91696064e+00 
 1.98175000e-08  3.03318797e+00 
 1.98337500e-08  3.15115824e+00 
 1.98500000e-08  3.21221463e+00 
 1.98525000e-08  3.21801072e+00 
 1.98575000e-08  3.22860278e+00 
 1.98675000e-08  3.24484390e+00 
 1.98837500e-08  3.26202734e+00 
 1.99000000e-08  3.27253742e+00 
 1.99025000e-08  3.27374303e+00 
 1.99075000e-08  3.27603294e+00 
 1.99175000e-08  3.27996224e+00 
 1.99337500e-08  3.28491627e+00 
 1.99500000e-08  3.28854957e+00 
 1.99525000e-08  3.28900425e+00 
 1.99575000e-08  3.28987464e+00 
 1.99675000e-08  3.29139954e+00 
 1.99837500e-08  3.29336977e+00 
 2.00000000e-08  3.29484419e+00 
 2.00025000e-08  3.29503057e+00 
 2.00075000e-08  3.29538807e+00 
 2.00175000e-08  3.29601897e+00 
 2.00337500e-08  3.29684375e+00 
 2.00500000e-08  3.29746639e+00 
 2.00525000e-08  3.29754524e+00 
 2.00575000e-08  3.29769558e+00 
 2.00675000e-08  3.29796350e+00 
 2.00837500e-08  3.29833154e+00 
 2.01000000e-08  3.29864173e+00 
 2.01025000e-08  3.29868445e+00 
 2.01075000e-08  3.29876677e+00 
 2.01175000e-08  3.29891674e+00 
 2.01337500e-08  3.29912493e+00 
 2.01500000e-08  3.29929704e+00 
 2.01525000e-08  3.29932076e+00 
 2.01575000e-08  3.29936703e+00 
 2.01675000e-08  3.29945292e+00 
 2.01837500e-08  3.29957218e+00 
 2.02000000e-08  3.29966359e+00 
 2.02025000e-08  3.29967499e+00 
 2.02075000e-08  3.29969633e+00 
 2.02175000e-08  3.29973240e+00 
 2.02337500e-08  3.29977749e+00 
 2.02500000e-08  3.29981088e+00 
 2.02525000e-08  3.29981541e+00 
 2.02575000e-08  3.29982418e+00 
 2.02675000e-08  3.29984059e+00 
 2.02837500e-08  3.29986301e+00 
 2.03000000e-08  3.29988053e+00 
 2.03025000e-08  3.29988276e+00 
 2.03075000e-08  3.29988671e+00 
 2.03175000e-08  3.29989346e+00 
 2.03337500e-08  3.29990433e+00 
 2.03500000e-08  3.29991535e+00 
 2.03525000e-08  3.29991717e+00 
 2.03575000e-08  3.29992104e+00 
 2.03675000e-08  3.29992965e+00 
 2.03837500e-08  3.29994496e+00 
 2.04000000e-08  3.29995702e+00 
 2.04025000e-08  3.29995768e+00 
 2.04075000e-08  3.29995844e+00 
 2.04175000e-08  3.29995675e+00 
 2.04337500e-08  3.29994889e+00 
 2.04500000e-08  3.29993864e+00 
 2.04525000e-08  3.29993736e+00 
 2.04575000e-08  3.29993526e+00 
 2.04675000e-08  3.29993291e+00 
 2.04837500e-08  3.29993035e+00 
 2.05000000e-08  3.29992724e+00 
 2.05025000e-08  3.29992644e+00 
 2.05075000e-08  3.29992431e+00 
 2.05175000e-08  3.29991850e+00 
 2.05337500e-08  3.29990827e+00 
 2.05500000e-08  3.29989964e+00 
 2.05525000e-08  3.29989894e+00 
 2.05575000e-08  3.29989789e+00 
 2.05675000e-08  3.29989782e+00 
 2.05837500e-08  3.29990075e+00 
 2.06000000e-08  3.29990614e+00 
 2.06025000e-08  3.29990710e+00 
 2.06075000e-08  3.29990882e+00 
 2.06175000e-08  3.29991221e+00 
 2.06337500e-08  3.29991950e+00 
 2.06500000e-08  3.29993049e+00 
 2.06525000e-08  3.29993263e+00 
 2.06575000e-08  3.29993704e+00 
 2.06675000e-08  3.29994675e+00 
 2.06837500e-08  3.29996327e+00 
 2.07000000e-08  3.29997798e+00 
 2.07025000e-08  3.29997985e+00 
 2.07075000e-08  3.29998344e+00 
 2.07175000e-08  3.29998970e+00 
 2.07337500e-08  3.29999651e+00 
 2.07500000e-08  3.29999773e+00 
 2.07525000e-08  3.29999750e+00 
 2.07575000e-08  3.29999701e+00 
 2.07675000e-08  3.29999487e+00 
 2.07837500e-08  3.29999037e+00 
 2.08000000e-08  3.29998701e+00 
 2.08025000e-08  3.29998672e+00 
 2.08075000e-08  3.29998640e+00 
 2.08175000e-08  3.29998635e+00 
 2.08337500e-08  3.29998443e+00 
 2.08500000e-08  3.29997786e+00 
 2.08525000e-08  3.29997611e+00 
 2.08575000e-08  3.29997226e+00 
 2.08675000e-08  3.29996341e+00 
 2.08837500e-08  3.29995109e+00 
 2.09000000e-08  3.29994577e+00 
 2.09025000e-08  3.29994594e+00 
 2.09075000e-08  3.29994738e+00 
 2.09175000e-08  3.29995984e+00 
 2.09337500e-08  3.29998591e+00 
 2.09500000e-08  3.30001394e+00 
 2.09525000e-08  3.30001815e+00 
 2.09575000e-08  3.30002634e+00 
 2.09675000e-08  3.30003842e+00 
 2.09837500e-08  3.30003894e+00 
 2.10000000e-08  3.30000903e+00 
 2.10025000e-08  3.30000106e+00 
 2.10075000e-08  3.29998526e+00 
 2.10175000e-08  3.29994569e+00 
 2.10337500e-08  3.29986963e+00 
 2.10500000e-08  3.29979702e+00 
 2.10525000e-08  3.29978734e+00 
 2.10575000e-08  3.29976873e+00 
 2.10675000e-08  3.29973609e+00 
 2.10837500e-08  3.29969303e+00 
 2.11000000e-08  3.29966884e+00 
 2.11025000e-08  3.29966799e+00 
 2.11075000e-08  3.29966743e+00 
 2.11175000e-08  3.29967218e+00 
 2.11337500e-08  3.29969187e+00 
 2.11500000e-08  3.29973262e+00 
 2.11525000e-08  3.29973864e+00 
 2.11575000e-08  3.29974985e+00 
 2.11675000e-08  3.29976928e+00 
 2.11837500e-08  3.29979205e+00 
 2.12000000e-08  3.29980377e+00 
 2.12025000e-08  3.29980585e+00 
 2.12075000e-08  3.29981095e+00 
 2.12175000e-08  3.29982787e+00 
 2.12337500e-08  3.29986550e+00 
 2.12500000e-08  3.29990416e+00 
 2.12525000e-08  3.29990956e+00 
 2.12575000e-08  3.29991954e+00 
 2.12675000e-08  3.29993573e+00 
 2.12837500e-08  3.29995154e+00 
 2.13000000e-08  3.29995462e+00 
 2.13025000e-08  3.29995415e+00 
 2.13075000e-08  3.29995255e+00 
 2.13175000e-08  3.29994675e+00 
 2.13337500e-08  3.29992846e+00 
 2.13500000e-08  3.29989645e+00 
 2.13525000e-08  3.29989007e+00 
 2.13575000e-08  3.29987541e+00 
 2.13675000e-08  3.29984010e+00 
 2.13837500e-08  3.29976838e+00 
 2.14000000e-08  3.29968792e+00 
 2.14025000e-08  3.29967685e+00 
 2.14075000e-08  3.29965527e+00 
 2.14175000e-08  3.29962192e+00 
 2.14337500e-08  3.29959592e+00 
 2.14500000e-08  3.29960022e+00 
 2.14525000e-08  3.29960345e+00 
 2.14575000e-08  3.29960993e+00 
 2.14675000e-08  3.29962695e+00 
 2.14837500e-08  3.29966597e+00 
 2.15000000e-08  3.29972277e+00 
 2.15025000e-08  3.29973390e+00 
 2.15075000e-08  3.29975715e+00 
 2.15175000e-08  3.29981351e+00 
 2.15337500e-08  3.29993752e+00 
 2.15500000e-08  3.30011750e+00 
 2.15525000e-08  3.30015090e+00 
 2.15575000e-08  3.30021945e+00 
 2.15675000e-08  3.30036912e+00 
 2.15837500e-08  3.30064489e+00 
 2.16000000e-08  3.30095296e+00 
 2.16025000e-08  3.30100273e+00 
 2.16075000e-08  3.30110281e+00 
 2.16175000e-08  3.30130741e+00 
 2.16337500e-08  3.30163200e+00 
 2.16500000e-08  3.30195130e+00 
 2.16525000e-08  3.30200468e+00 
 2.16575000e-08  3.30211086e+00 
 2.16675000e-08  3.30232177e+00 
 2.16837500e-08  3.30267643e+00 
 2.17000000e-08  3.30304756e+00 
 2.17025000e-08  3.30310493e+00 
 2.17075000e-08  3.30321992e+00 
 2.17175000e-08  3.30345244e+00 
 2.17337500e-08  3.30383965e+00 
 2.17500000e-08  3.30423714e+00 
 2.17525000e-08  3.30429827e+00 
 2.17575000e-08  3.30442112e+00 
 2.17675000e-08  3.30466238e+00 
 2.17837500e-08  3.30502948e+00 
 2.18000000e-08  3.30536457e+00 
 2.18025000e-08  3.30541301e+00 
 2.18075000e-08  3.30551000e+00 
 2.18175000e-08  3.30570507e+00 
 2.18337500e-08  3.30604023e+00 
 2.18500000e-08  3.30641827e+00 
 2.18525000e-08  3.30648168e+00 
 2.18575000e-08  3.30661257e+00 
 2.18675000e-08  3.30689726e+00 
 2.18837500e-08  3.30743344e+00 
 2.19000000e-08  3.30807896e+00 
 2.19025000e-08  3.30819038e+00 
 2.19075000e-08  3.30842176e+00 
 2.19175000e-08  3.30892972e+00 
 2.19337500e-08  3.30989558e+00 
 2.19500000e-08  3.31107370e+00 
 2.19525000e-08  3.31127880e+00 
 2.19575000e-08  3.31170719e+00 
 2.19675000e-08  3.31265661e+00 
 2.19837500e-08  3.31449885e+00 
 2.20000000e-08  3.31674731e+00 
 2.20025000e-08  3.31712612e+00 
 2.20075000e-08  3.31789942e+00 
 2.20175000e-08  3.31942248e+00 
 2.20337500e-08  3.32120189e+00 
 2.20500000e-08  3.32055820e+00 
 2.20525000e-08  3.32005660e+00 
 2.20575000e-08  3.31878090e+00 
 2.20675000e-08  3.31439341e+00 
 2.20837500e-08  3.30112999e+00 
 2.21000000e-08  3.28084122e+00 
 2.21025000e-08  3.27675185e+00 
 2.21075000e-08  3.26807235e+00 
 2.21175000e-08  3.24760835e+00 
 2.21337500e-08  3.20466811e+00 
 2.21500000e-08  3.14764365e+00 
 2.21525000e-08  3.13722591e+00 
 2.21575000e-08  3.11543399e+00 
 2.21675000e-08  3.06564229e+00 
 2.21837500e-08  2.96168026e+00 
 2.22000000e-08  2.81051012e+00 
 2.22025000e-08  2.77976624e+00 
 2.22075000e-08  2.71169175e+00 
 2.22175000e-08  2.53883792e+00 
 2.22337500e-08  2.15736096e+00 
 2.22500000e-08  1.66400237e+00 
 2.22525000e-08  1.57792372e+00 
 2.22575000e-08  1.40189798e+00 
 2.22675000e-08  1.03667298e+00 
 2.22837500e-08  5.32536035e-01 
 2.23000000e-08  2.25533080e-01 
 2.23023734e-08  1.99994797e-01 
 2.23071201e-08  1.55115659e-01 
 2.23166135e-08  9.50819045e-02 
 2.23333068e-08  4.54571372e-02 
 2.23500000e-08  2.79469810e-02 
 2.23525000e-08  2.65013140e-02 
 2.23575000e-08  2.37772971e-02 
 2.23675000e-08  1.93484160e-02 
 2.23837500e-08  1.41322551e-02 
 2.24000000e-08  1.04969845e-02 
 2.24025000e-08  1.00461375e-02 
 2.24075000e-08  9.17940328e-03 
 2.24175000e-08  7.65688440e-03 
 2.24337500e-08  5.68622505e-03 
 2.24500000e-08  4.21545081e-03 
 2.24525000e-08  4.03034086e-03 
 2.24575000e-08  3.67626999e-03 
 2.24675000e-08  3.05766779e-03 
 2.24837500e-08  2.26383180e-03 
 2.25000000e-08  1.67694740e-03 
 2.25025000e-08  1.60358559e-03 
 2.25075000e-08  1.46341225e-03 
 2.25175000e-08  1.21902327e-03 
 2.25337500e-08  9.07254438e-04 
 2.25500000e-08  6.79131339e-04 
 2.25525000e-08  6.50702145e-04 
 2.25575000e-08  5.96311740e-04 
 2.25675000e-08  5.01349162e-04 
 2.25837500e-08  3.80539757e-04 
 2.26000000e-08  2.92628221e-04 
 2.26025000e-08  2.81800086e-04 
 2.26075000e-08  2.61234160e-04 
 2.26175000e-08  2.25702911e-04 
 2.26337500e-08  1.80277891e-04 
 2.26500000e-08  1.46105412e-04 
 2.26525000e-08  1.41807173e-04 
 2.26575000e-08  1.33691267e-04 
 2.26675000e-08  1.19662183e-04 
 2.26837500e-08  1.01092737e-04 
 2.27000000e-08  8.59974831e-05 
 2.27025000e-08  8.39691015e-05 
 2.27075000e-08  8.00130662e-05 
 2.27175000e-08  7.27054839e-05 
 2.27337500e-08  6.19736685e-05 
 2.27500000e-08  5.15305036e-05 
 2.27525000e-08  4.97211930e-05 
 2.27575000e-08  4.58558525e-05 
 2.27675000e-08  3.83711773e-05 
 2.27837500e-08  2.85960185e-05 
 2.28000000e-08  2.23182827e-05 
 2.28025000e-08  2.16828316e-05 
 2.28075000e-08  2.04328980e-05 
 2.28175000e-08  1.85312077e-05 
 2.28337500e-08  1.68141602e-05 
 2.28500000e-08  1.64054275e-05 
 2.28525000e-08  1.64071852e-05 
 2.28575000e-08  1.63154062e-05 
 2.28675000e-08  1.61375224e-05 
 2.28837500e-08  1.62946385e-05 
 2.29000000e-08  1.64458527e-05 
 2.29025000e-08  1.64304369e-05 
 2.29075000e-08  1.63358651e-05 
 2.29175000e-08  1.57456179e-05 
 2.29337500e-08  1.30931959e-05 
 2.29500000e-08  8.44897865e-06 
 2.29525000e-08  7.67725696e-06 
 2.29575000e-08  6.19790504e-06 
 2.29675000e-08  3.57684464e-06 
 2.29837500e-08  1.78751598e-07 
 2.30000000e-08 -1.52054577e-06 
 2.30025000e-08 -1.68988648e-06 
 2.30075000e-08 -2.04734785e-06 
 2.30175000e-08 -2.60779933e-06 
 2.30337500e-08 -2.65441510e-06 
 2.30500000e-08 -1.48910555e-06 
 2.30525000e-08 -1.20405229e-06 
 2.30575000e-08 -6.28623729e-07 
 2.30675000e-08  8.49808992e-07 
 2.30837500e-08  5.37111096e-06 
 2.31000000e-08  7.50024151e-06 
 2.31025000e-08  7.78726448e-06 
 2.31075000e-08  8.29809898e-06 
 2.31175000e-08  9.05822686e-06 
 2.31337500e-08  1.04678006e-05 
 2.31500000e-08  1.24381331e-05 
 2.31525000e-08  1.28365180e-05 
 2.31575000e-08  1.36285595e-05 
 2.31675000e-08  1.50798469e-05 
 2.31837500e-08  1.63150437e-05 
 2.32000000e-08  1.59434843e-05 
 2.32025000e-08  1.57552813e-05 
 2.32075000e-08  1.52725920e-05 
 2.32175000e-08  1.39749036e-05 
 2.32337500e-08  1.07858036e-05 
 2.32500000e-08  6.03378117e-06 
 2.32525000e-08  5.24040602e-06 
 2.32575000e-08  3.45750351e-06 
 2.32675000e-08 -5.59859555e-07 
 2.32837500e-08 -8.77200653e-06 
 2.33000000e-08 -1.82950199e-05 
 2.33025000e-08 -1.96298287e-05 
 2.33075000e-08 -2.25412730e-05 
 2.33175000e-08 -2.70187428e-05 
 2.33337500e-08 -2.96995469e-05 
 2.33500000e-08 -2.68739622e-05 
 2.33525000e-08 -2.57818634e-05 
 2.33575000e-08 -2.35117918e-05 
 2.33675000e-08 -1.72571898e-05 
 2.33837500e-08 -2.73792230e-06 
 2.34000000e-08  1.76688383e-05 
 2.34025000e-08  2.14918603e-05 
 2.34075000e-08  2.92891541e-05 
 2.34175000e-08  4.63595287e-05 
 2.34337500e-08  7.65818330e-05 
 2.34500000e-08  1.06047241e-04 
 2.34525000e-08  1.10886544e-04 
 2.34575000e-08  1.22369231e-04 
 2.34675000e-08  1.39112631e-04 
 2.34837500e-08  1.56658610e-04 
 2.35000000e-08  1.65063657e-04 
 2.35025000e-08  1.65523325e-04 
 2.35075000e-08  1.64947709e-04 
 2.35175000e-08  1.61672015e-04 
 2.35337500e-08  1.56301979e-04 
 2.35500000e-08  1.48687137e-04 
 2.35525000e-08  1.47520732e-04 
 2.35575000e-08  1.45584506e-04 
 2.35675000e-08  1.41671782e-04 
 2.35837500e-08  1.32078804e-04 
 2.36000000e-08  1.07151644e-04 
 2.36025000e-08  1.02308663e-04 
 2.36075000e-08  9.30475952e-05 
 2.36175000e-08  7.56442399e-05 
 2.36337500e-08  5.27184813e-05 
 2.36500000e-08  3.98441696e-05 
 2.36525000e-08  3.88963795e-05 
 2.36575000e-08  3.78479689e-05 
 2.36675000e-08  3.92938018e-05 
 2.36837500e-08  5.26599726e-05 
 2.37000000e-08  8.21867585e-05 
 2.37025000e-08  8.82273447e-05 
 2.37075000e-08  1.01981117e-04 
 2.37175000e-08  1.32664613e-04 
 2.37337500e-08  1.79748106e-04 
 2.37500000e-08  2.03529714e-04 
 2.37525000e-08  2.03216535e-04 
 2.37575000e-08  2.00444546e-04 
 2.37675000e-08  1.78803902e-04 
 2.37837500e-08  8.99191211e-05 
 2.38000000e-08 -8.85410572e-05 
 2.38025000e-08 -1.26971190e-04 
 2.38075000e-08 -2.08677839e-04 
 2.38175000e-08 -4.02814673e-04 
 2.38337500e-08 -7.95681972e-04 
 2.38500000e-08 -1.24713661e-03 
 2.38525000e-08 -1.30483544e-03 
 2.38575000e-08 -1.42873341e-03 
 2.38675000e-08 -1.71017902e-03 
 2.38837500e-08 -2.20049575e-03 
 2.39000000e-08 -2.68995239e-03 
 2.39025000e-08 -2.76368919e-03 
 2.39075000e-08 -2.91087531e-03 
 2.39175000e-08 -3.20247477e-03 
 2.39337500e-08 -3.67220418e-03 
 2.39500000e-08 -4.14347545e-03 
 2.39525000e-08 -4.21579168e-03 
 2.39575000e-08 -4.36254153e-03 
 2.39675000e-08 -4.66228657e-03 
 2.39837500e-08 -5.17162375e-03 
 2.40000000e-08 -5.71988063e-03 
 2.40025000e-08 -5.80888476e-03 
 2.40075000e-08 -5.99356316e-03 
 2.40175000e-08 -6.38334085e-03 
 2.40337500e-08 -7.07587838e-03 
 2.40500000e-08 -7.85773767e-03 
 2.40525000e-08 -7.98564750e-03 
 2.40575000e-08 -8.25589975e-03 
 2.40675000e-08 -8.83091861e-03 
 2.40837500e-08 -9.89214632e-03 
 2.41000000e-08 -1.11650880e-02 
 2.41025000e-08 -1.13776425e-02 
 2.41075000e-08 -1.18338836e-02 
 2.41175000e-08 -1.27971443e-02 
 2.41337500e-08 -1.44012213e-02 
 2.41500000e-08 -1.56222497e-02 
 2.41525000e-08 -1.57099492e-02 
 2.41575000e-08 -1.58144045e-02 
 2.41675000e-08 -1.53784880e-02 
 2.41837500e-08 -1.20309429e-02 
 2.42000000e-08 -4.19504904e-03 
 2.42025000e-08 -2.45473068e-03 
 2.42075000e-08  1.23874403e-03 
 2.42175000e-08  1.01765288e-02 
 2.42337500e-08  3.06334974e-02 
 2.42500000e-08  5.95235629e-02 
 2.42525000e-08  6.49359913e-02 
 2.42575000e-08  7.63067460e-02 
 2.42675000e-08  1.02567444e-01 
 2.42837500e-08  1.57373473e-01 
 2.43000000e-08  2.32352162e-01 
 2.43025000e-08  2.46507720e-01 
 2.43075000e-08  2.76530885e-01 
 2.43175000e-08  3.48463983e-01 
 2.43337500e-08  5.18836327e-01 
 2.43500000e-08  7.90385904e-01 
 2.43525000e-08  8.43872246e-01 
 2.43575000e-08  9.56195873e-01 
 2.43675000e-08  1.21133221e+00 
 2.43837500e-08  1.70454001e+00 
 2.44000000e-08  2.24663076e+00 
 2.44025000e-08  2.32563195e+00 
 2.44075000e-08  2.47162542e+00 
 2.44175000e-08  2.70884618e+00 
 2.44337500e-08  2.96901093e+00 
 2.44500000e-08  3.11601427e+00 
 2.44525000e-08  3.13049290e+00 
 2.44575000e-08  3.15684782e+00 
 2.44675000e-08  3.19650415e+00 
 2.44837500e-08  3.23579278e+00 
 2.45000000e-08  3.25677279e+00 
 2.45025000e-08  3.25892625e+00 
 2.45075000e-08  3.26295812e+00 
 2.45175000e-08  3.26961206e+00 
 2.45337500e-08  3.27758429e+00 
 2.45500000e-08  3.28319114e+00 
 2.45525000e-08  3.28388157e+00 
 2.45575000e-08  3.28520155e+00 
 2.45675000e-08  3.28750566e+00 
 2.45837500e-08  3.29046891e+00 
 2.46000000e-08  3.29267394e+00 
 2.46025000e-08  3.29295129e+00 
 2.46075000e-08  3.29348252e+00 
 2.46175000e-08  3.29441556e+00 
 2.46337500e-08  3.29562781e+00 
 2.46500000e-08  3.29654321e+00 
 2.46525000e-08  3.29665969e+00 
 2.46575000e-08  3.29688297e+00 
 2.46675000e-08  3.29727707e+00 
 2.46837500e-08  3.29779077e+00 
 2.47000000e-08  3.29818820e+00 
 2.47025000e-08  3.29824188e+00 
 2.47075000e-08  3.29834573e+00 
 2.47175000e-08  3.29853827e+00 
 2.47337500e-08  3.29881258e+00 
 2.47500000e-08  3.29904234e+00 
 2.47525000e-08  3.29907370e+00 
 2.47575000e-08  3.29913447e+00 
 2.47675000e-08  3.29924655e+00 
 2.47837500e-08  3.29940303e+00 
 2.48000000e-08  3.29953021e+00 
 2.48025000e-08  3.29954695e+00 
 2.48075000e-08  3.29957881e+00 
 2.48175000e-08  3.29963465e+00 
 2.48337500e-08  3.29970703e+00 
 2.48500000e-08  3.29976137e+00 
 2.48525000e-08  3.29976820e+00 
 2.48575000e-08  3.29978101e+00 
 2.48675000e-08  3.29980307e+00 
 2.48837500e-08  3.29983173e+00 
 2.49000000e-08  3.29985330e+00 
 2.49025000e-08  3.29985609e+00 
 2.49075000e-08  3.29986127e+00 
 2.49175000e-08  3.29987033e+00 
 2.49337500e-08  3.29988270e+00 
 2.49500000e-08  3.29989451e+00 
 2.49525000e-08  3.29989667e+00 
 2.49575000e-08  3.29990107e+00 
 2.49675000e-08  3.29991029e+00 
 2.49837500e-08  3.29992586e+00 
 2.50000000e-08  3.29994248e+00 
 2.50025000e-08  3.29994500e+00 
 2.50075000e-08  3.29995020e+00 
 2.50175000e-08  3.29995827e+00 
 2.50337500e-08  3.29996321e+00 
 2.50500000e-08  3.29995938e+00 
 2.50525000e-08  3.29995810e+00 
 2.50575000e-08  3.29995522e+00 
 2.50675000e-08  3.29994838e+00 
 2.50837500e-08  3.29993671e+00 
 2.51000000e-08  3.29992631e+00 
 2.51025000e-08  3.29992507e+00 
 2.51075000e-08  3.29992283e+00 
 2.51175000e-08  3.29991949e+00 
 2.51337500e-08  3.29991539e+00 
 2.51500000e-08  3.29991131e+00 
 2.51525000e-08  3.29991054e+00 
 2.51575000e-08  3.29990877e+00 
 2.51675000e-08  3.29990524e+00 
 2.51837500e-08  3.29990066e+00 
 2.52000000e-08  3.29989882e+00 
 2.52025000e-08  3.29989901e+00 
 2.52075000e-08  3.29989961e+00 
 2.52175000e-08  3.29990238e+00 
 2.52337500e-08  3.29990944e+00 
 2.52500000e-08  3.29991877e+00 
 2.52525000e-08  3.29992030e+00 
 2.52575000e-08  3.29992315e+00 
 2.52675000e-08  3.29992890e+00 
 2.52837500e-08  3.29994061e+00 
 2.53000000e-08  3.29995525e+00 
 2.53025000e-08  3.29995776e+00 
 2.53075000e-08  3.29996291e+00 
 2.53175000e-08  3.29997322e+00 
 2.53337500e-08  3.29998683e+00 
 2.53500000e-08  3.29999574e+00 
 2.53525000e-08  3.29999653e+00 
 2.53575000e-08  3.29999778e+00 
 2.53675000e-08  3.29999728e+00 
 2.53837500e-08  3.29999432e+00 
 2.54000000e-08  3.29999024e+00 
 2.54025000e-08  3.29998953e+00 
 2.54075000e-08  3.29998828e+00 
 2.54175000e-08  3.29998650e+00 
 2.54337500e-08  3.29998424e+00 
 2.54500000e-08  3.29998104e+00 
 2.54525000e-08  3.29998017e+00 
 2.54575000e-08  3.29997825e+00 
 2.54675000e-08  3.29997311e+00 
 2.54837500e-08  3.29996284e+00 
 2.55000000e-08  3.29995359e+00 
 2.55025000e-08  3.29995256e+00 
 2.55075000e-08  3.29995100e+00 
 2.55175000e-08  3.29995026e+00 
 2.55337500e-08  3.29995708e+00 
 2.55500000e-08  3.29998193e+00 
 2.55525000e-08  3.29998598e+00 
 2.55575000e-08  3.29999428e+00 
 2.55675000e-08  3.30001211e+00 
 2.55837500e-08  3.30003654e+00 
 2.56000000e-08  3.30004212e+00 
 2.56025000e-08  3.30004024e+00 
 2.56075000e-08  3.30003503e+00 
 2.56175000e-08  3.30001548e+00 
 2.56337500e-08  3.29996370e+00 
 2.56500000e-08  3.29989318e+00 
 2.56525000e-08  3.29988127e+00 
 2.56575000e-08  3.29985765e+00 
 2.56675000e-08  3.29981373e+00 
 2.56837500e-08  3.29975504e+00 
 2.57000000e-08  3.29971041e+00 
 2.57025000e-08  3.29970446e+00 
 2.57075000e-08  3.29969364e+00 
 2.57175000e-08  3.29967684e+00 
 2.57337500e-08  3.29966682e+00 
 2.57500000e-08  3.29967534e+00 
 2.57525000e-08  3.29967843e+00 
 2.57575000e-08  3.29968562e+00 
 2.57675000e-08  3.29971515e+00 
 2.57837500e-08  3.29975546e+00 
 2.58000000e-08  3.29978354e+00 
 2.58025000e-08  3.29978665e+00 
 2.58075000e-08  3.29979127e+00 
 2.58175000e-08  3.29979736e+00 
 2.58337500e-08  3.29981518e+00 
 2.58500000e-08  3.29985162e+00 
 2.58525000e-08  3.29985864e+00 
 2.58575000e-08  3.29987209e+00 
 2.58675000e-08  3.29989660e+00 
 2.58837500e-08  3.29992792e+00 
 2.59000000e-08  3.29994744e+00 
 2.59025000e-08  3.29994945e+00 
 2.59075000e-08  3.29995299e+00 
 2.59175000e-08  3.29995800e+00 
 2.59337500e-08  3.29995758e+00 
 2.59500000e-08  3.29994456e+00 
 2.59525000e-08  3.29994118e+00 
 2.59575000e-08  3.29993288e+00 
 2.59675000e-08  3.29991073e+00 
 2.59837500e-08  3.29986096e+00 
 2.60000000e-08  3.29979352e+00 
 2.60025000e-08  3.29978206e+00 
 2.60075000e-08  3.29975749e+00 
 2.60175000e-08  3.29970773e+00 
 2.60337500e-08  3.29963697e+00 
 2.60500000e-08  3.29959393e+00 
 2.60525000e-08  3.29959119e+00 
 2.60575000e-08  3.29958687e+00 
 2.60675000e-08  3.29958797e+00 
 2.60837500e-08  3.29961000e+00 
 2.61000000e-08  3.29965055e+00 
 2.61025000e-08  3.29965835e+00 
 2.61075000e-08  3.29967381e+00 
 2.61175000e-08  3.29970863e+00 
 2.61337500e-08  3.29978304e+00 
 2.61500000e-08  3.29989150e+00 
 2.61525000e-08  3.29991267e+00 
 2.61575000e-08  3.29995748e+00 
 2.61675000e-08  3.30006986e+00 
 2.61837500e-08  3.30029953e+00 
 2.62000000e-08  3.30057146e+00 
 2.62025000e-08  3.30061695e+00 
 2.62075000e-08  3.30070898e+00 
 2.62175000e-08  3.30090025e+00 
 2.62337500e-08  3.30122999e+00 
 2.62500000e-08  3.30156337e+00 
 2.62525000e-08  3.30161562e+00 
 2.62575000e-08  3.30171586e+00 
 2.62675000e-08  3.30191602e+00 
 2.62837500e-08  3.30226070e+00 
 2.63000000e-08  3.30261138e+00 
 2.63025000e-08  3.30266646e+00 
 2.63075000e-08  3.30277783e+00 
 2.63175000e-08  3.30300592e+00 
 2.63337500e-08  3.30338559e+00 
 2.63500000e-08  3.30377593e+00 
 2.63525000e-08  3.30383641e+00 
 2.63575000e-08  3.30395815e+00 
 2.63675000e-08  3.30420224e+00 
 2.63837500e-08  3.30459049e+00 
 2.64000000e-08  3.30495506e+00 
 2.64025000e-08  3.30500742e+00 
 2.64075000e-08  3.30511169e+00 
 2.64175000e-08  3.30531495e+00 
 2.64337500e-08  3.30563860e+00 
 2.64500000e-08  3.30597173e+00 
 2.64525000e-08  3.30602495e+00 
 2.64575000e-08  3.30613390e+00 
 2.64675000e-08  3.30636633e+00 
 2.64837500e-08  3.30679507e+00 
 2.65000000e-08  3.30730355e+00 
 2.65025000e-08  3.30739038e+00 
 2.65075000e-08  3.30757002e+00 
 2.65175000e-08  3.30796307e+00 
 2.65337500e-08  3.30871258e+00 
 2.65500000e-08  3.30963004e+00 
 2.65525000e-08  3.30979018e+00 
 2.65575000e-08  3.31012428e+00 
 2.65675000e-08  3.31086348e+00 
 2.65837500e-08  3.31228881e+00 
 2.66000000e-08  3.31405510e+00 
 2.66025000e-08  3.31436406e+00 
 2.66075000e-08  3.31501006e+00 
 2.66175000e-08  3.31641651e+00 
 2.66337500e-08  3.31888321e+00 
 2.66500000e-08  3.32094036e+00 
 2.66525000e-08  3.32112865e+00 
 2.66575000e-08  3.32138348e+00 
 2.66675000e-08  3.32092759e+00 
 2.66837500e-08  3.31619489e+00 
 2.67000000e-08  3.30475720e+00 
 2.67025000e-08  3.30219565e+00 
 2.67075000e-08  3.29699384e+00 
 2.67175000e-08  3.28440799e+00 
 2.67337500e-08  3.25573181e+00 
 2.67500000e-08  3.21582759e+00 
 2.67525000e-08  3.20843981e+00 
 2.67575000e-08  3.19298450e+00 
 2.67675000e-08  3.15774086e+00 
 2.67837500e-08  3.08582003e+00 
 2.68000000e-08  2.98979657e+00 
 2.68025000e-08  2.97185588e+00 
 2.68075000e-08  2.93371203e+00 
 2.68175000e-08  2.84123011e+00 
 2.68337500e-08  2.61033518e+00 
 2.68500000e-08  2.25856599e+00 
 2.68525000e-08  2.19218018e+00 
 2.68575000e-08  2.05426530e+00 
 2.68675000e-08  1.74828933e+00 
 2.68837500e-08  1.18031309e+00 
 2.69000000e-08  6.40778754e-01 
 2.69025000e-08  5.72410207e-01 
 2.69075000e-08  4.47712355e-01 
 2.69175000e-08  2.63804174e-01 
 2.69337500e-08  1.06925214e-01 
 2.69500000e-08  5.08382971e-02 
 2.69525000e-08  4.70242203e-02 
 2.69575000e-08  4.01989992e-02 
 2.69675000e-08  3.04510400e-02 
 2.69837500e-08  2.08446802e-02 
 2.70000000e-08  1.51691623e-02 
 2.70025000e-08  1.45131185e-02 
 2.70075000e-08  1.32516453e-02 
 2.70175000e-08  1.10513427e-02 
 2.70337500e-08  8.22348224e-03 
 2.70500000e-08  6.11667671e-03 
 2.70525000e-08  5.85051278e-03 
 2.70575000e-08  5.34013119e-03 
 2.70675000e-08  4.44503065e-03 
 2.70837500e-08  3.29127200e-03 
 2.71000000e-08  2.43580087e-03 
 2.71025000e-08  2.32853485e-03 
 2.71075000e-08  2.12356095e-03 
 2.71175000e-08  1.76591192e-03 
 2.71337500e-08  1.30852334e-03 
 2.71500000e-08  9.72654671e-04 
 2.71525000e-08  9.30861501e-04 
 2.71575000e-08  8.51097862e-04 
 2.71675000e-08  7.12417482e-04 
 2.71837500e-08  5.36205715e-04 
 2.72000000e-08  4.07771452e-04 
 2.72025000e-08  3.91971923e-04 
 2.72075000e-08  3.62012832e-04 
 2.72175000e-08  3.10541342e-04 
 2.72337500e-08  2.45359961e-04 
 2.72500000e-08  1.97165228e-04 
 2.72525000e-08  1.90916528e-04 
 2.72575000e-08  1.78740299e-04 
 2.72675000e-08  1.56441453e-04 
 2.72837500e-08  1.26637811e-04 
 2.73000000e-08  1.03662210e-04 
 2.73025000e-08  1.00667015e-04 
 2.73075000e-08  9.50537932e-05 
 2.73175000e-08  8.54793962e-05 
 2.73337500e-08  7.25186147e-05 
 2.73500000e-08  6.16197590e-05 
 2.73525000e-08  6.00502132e-05 
 2.73575000e-08  5.71174312e-05 
 2.73675000e-08  5.09171323e-05 
 2.73837500e-08  3.99536144e-05 
 2.74000000e-08  3.07128542e-05 
 2.74025000e-08  2.96884744e-05 
 2.74075000e-08  2.76724303e-05 
 2.74175000e-08  2.44468844e-05 
 2.74337500e-08  2.10624557e-05 
 2.74500000e-08  1.93724188e-05 
 2.74525000e-08  1.92064950e-05 
 2.74575000e-08  1.87819956e-05 
 2.74675000e-08  1.80000207e-05 
 2.74837500e-08  1.74027260e-05 
 2.75000000e-08  1.77307442e-05 
 2.75025000e-08  1.79071562e-05 
 2.75075000e-08  1.82915251e-05 
 2.75175000e-08  1.90554615e-05 
 2.75337500e-08  1.89462490e-05 
 2.75500000e-08  1.63647031e-05 
 2.75525000e-08  1.56734863e-05 
 2.75575000e-08  1.40971654e-05 
 2.75675000e-08  1.03080424e-05 
 2.75837500e-08  3.94963538e-06 
 2.76000000e-08 -1.20635879e-06 
 2.76025000e-08 -1.80837374e-06 
 2.76075000e-08 -2.82977248e-06 
 2.76175000e-08 -3.92971527e-06 
 2.76337500e-08 -4.94803272e-06 
 2.76500000e-08 -4.78695583e-06 
 2.76525000e-08 -4.65467259e-06 
 2.76575000e-08 -4.36994123e-06 
 2.76675000e-08 -3.54327864e-06 
 2.76837500e-08 -1.37685991e-06 
 2.77000000e-08  3.45155693e-06 
 2.77025000e-08  3.94119526e-06 
 2.77075000e-08  4.96221087e-06 
 2.77175000e-08  7.11499427e-06 
 2.77337500e-08  1.01053987e-05 
 2.77500000e-08  1.23224668e-05 
 2.77525000e-08  1.26518165e-05 
 2.77575000e-08  1.32420160e-05 
 2.77675000e-08  1.42783020e-05 
 2.77837500e-08  1.55151280e-05 
 2.78000000e-08  1.58999758e-05 
 2.78025000e-08  1.58693076e-05 
 2.78075000e-08  1.57150315e-05 
 2.78175000e-08  1.50645394e-05 
 2.78337500e-08  1.31291979e-05 
 2.78500000e-08  1.00588232e-05 
 2.78525000e-08  9.48931309e-06 
 2.78575000e-08  8.25237914e-06 
 2.78675000e-08  5.34645242e-06 
 2.78837500e-08  6.21516406e-07 
 2.79000000e-08 -6.17249300e-06 
 2.79025000e-08 -7.44634444e-06 
 2.79075000e-08 -1.04387068e-05 
 2.79175000e-08 -1.66969601e-05 
 2.79337500e-08 -2.52938815e-05 
 2.79500000e-08 -2.88774234e-05 
 2.79525000e-08 -2.87541226e-05 
 2.79575000e-08 -2.85264562e-05 
 2.79675000e-08 -2.66565310e-05 
 2.79837500e-08 -1.98778632e-05 
 2.80000000e-08 -7.53996202e-06 
 2.80025000e-08 -4.89204016e-06 
 2.80075000e-08  6.69183669e-07 
 2.80175000e-08  1.38735322e-05 
 2.80337500e-08  4.17241245e-05 
 2.80500000e-08  7.37763351e-05 
 2.80525000e-08  7.88671770e-05 
 2.80575000e-08  8.90113894e-05 
 2.80675000e-08  1.08537685e-04 
 2.80837500e-08  1.40905136e-04 
 2.81000000e-08  1.58688641e-04 
 2.81025000e-08  1.60178877e-04 
 2.81075000e-08  1.62581712e-04 
 2.81175000e-08  1.64776241e-04 
 2.81337500e-08  1.60328564e-04 
 2.81500000e-08  1.53499568e-04 
 2.81525000e-08  1.52288606e-04 
 2.81575000e-08  1.50060322e-04 
 2.81675000e-08  1.46500512e-04 
 2.81837500e-08  1.42733921e-04 
 2.82000000e-08  1.37415445e-04 
 2.82025000e-08  1.34479185e-04 
 2.82075000e-08  1.28266731e-04 
 2.82175000e-08  1.12512057e-04 
 2.82337500e-08  8.30222667e-05 
 2.82500000e-08  5.65192379e-05 
 2.82525000e-08  5.31090776e-05 
 2.82575000e-08  4.70873925e-05 
 2.82675000e-08  3.86517916e-05 
 2.82837500e-08  3.60165526e-05 
 2.83000000e-08  4.83962861e-05 
 2.83025000e-08  5.17488134e-05 
 2.83075000e-08  5.99330435e-05 
 2.83175000e-08  8.12702891e-05 
 2.83337500e-08  1.27097107e-04 
 2.83500000e-08  1.73580638e-04 
 2.83525000e-08  1.78954946e-04 
 2.83575000e-08  1.88748116e-04 
 2.83675000e-08  1.98375891e-04 
 2.83837500e-08  1.78786077e-04 
 2.84000000e-08  1.00085789e-04 
 2.84025000e-08  8.04555968e-05 
 2.84075000e-08  3.67851041e-05 
 2.84175000e-08 -8.42239452e-05 
 2.84337500e-08 -3.69175470e-04 
 2.84500000e-08 -7.52683618e-04 
 2.84525000e-08 -8.19968261e-04 
 2.84575000e-08 -9.57254325e-04 
 2.84675000e-08 -1.23220229e-03 
 2.84837500e-08 -1.64797028e-03 
 2.85000000e-08 -2.14327438e-03 
 2.85025000e-08 -2.21974717e-03 
 2.85075000e-08 -2.37259761e-03 
 2.85175000e-08 -2.67572550e-03 
 2.85337500e-08 -3.15774541e-03 
 2.85500000e-08 -3.62930848e-03 
 2.85525000e-08 -3.70066944e-03 
 2.85575000e-08 -3.84411889e-03 
 2.85675000e-08 -4.13172210e-03 
 2.85837500e-08 -4.60824640e-03 
 2.86000000e-08 -5.11099631e-03 
 2.86025000e-08 -5.19041478e-03 
 2.86075000e-08 -5.35319860e-03 
 2.86175000e-08 -5.68864996e-03 
 2.86337500e-08 -6.28482949e-03 
 2.86500000e-08 -6.95552660e-03 
 2.86525000e-08 -7.06508483e-03 
 2.86575000e-08 -7.29443455e-03 
 2.86675000e-08 -7.77909211e-03 
 2.86837500e-08 -8.65808095e-03 
 2.87000000e-08 -9.69572752e-03 
 2.87025000e-08 -9.86934503e-03 
 2.87075000e-08 -1.02428750e-02 
 2.87175000e-08 -1.10504881e-02 
 2.87337500e-08 -1.25389327e-02 
 2.87500000e-08 -1.41554511e-02 
 2.87525000e-08 -1.43880488e-02 
 2.87575000e-08 -1.48516817e-02 
 2.87675000e-08 -1.55642090e-02 
 2.87837500e-08 -1.55105276e-02 
 2.88000000e-08 -1.27330636e-02 
 2.88025000e-08 -1.19234474e-02 
 2.88075000e-08 -1.00776055e-02 
 2.88175000e-08 -4.90049982e-03 
 2.88337500e-08  7.88702177e-03 
 2.88500000e-08  2.71719261e-02 
 2.88525000e-08  3.09145844e-02 
 2.88575000e-08  3.88177077e-02 
 2.88675000e-08  5.72789699e-02 
 2.88837500e-08  9.60533576e-02 
 2.89000000e-08  1.48538885e-01 
 2.89025000e-08  1.58298924e-01 
 2.89075000e-08  1.78846310e-01 
 2.89175000e-08  2.26819636e-01 
 2.89337500e-08  3.31239715e-01 
 2.89500000e-08  4.90784989e-01 
 2.89525000e-08  5.23601070e-01 
 2.89575000e-08  5.95118823e-01 
 2.89675000e-08  7.71984608e-01 
 2.89837500e-08  1.15136820e+00 
 2.90000000e-08  1.63380163e+00 
 2.90025000e-08  1.71695039e+00 
 2.90075000e-08  1.88599231e+00 
 2.90175000e-08  2.22566339e+00 
 2.90337500e-08  2.66482402e+00 
 2.90500000e-08  2.94330231e+00 
 2.90525000e-08  2.97265583e+00 
 2.90575000e-08  3.02637645e+00 
 2.90675000e-08  3.10859587e+00 
 2.90837500e-08  3.19047891e+00 
 2.91000000e-08  3.23269611e+00 
 2.91025000e-08  3.23670524e+00 
 2.91075000e-08  3.24408471e+00 
 2.91175000e-08  3.25566892e+00 
 2.91337500e-08  3.26849875e+00 
 2.91500000e-08  3.27682887e+00 
 2.91525000e-08  3.27781715e+00 
 2.91575000e-08  3.27970099e+00 
 2.91675000e-08  3.28296366e+00 
 2.91837500e-08  3.28712118e+00 
 2.92000000e-08  3.29019136e+00 
 2.92025000e-08  3.29057609e+00 
 2.92075000e-08  3.29131247e+00 
 2.92175000e-08  3.29260253e+00 
 2.92337500e-08  3.29427025e+00 
 2.92500000e-08  3.29552065e+00 
 2.92525000e-08  3.29567888e+00 
 2.92575000e-08  3.29598223e+00 
 2.92675000e-08  3.29651737e+00 
 2.92837500e-08  3.29721656e+00 
 2.93000000e-08  3.29774310e+00 
 2.93025000e-08  3.29781062e+00 
 2.93075000e-08  3.29794020e+00 
 2.93175000e-08  3.29817691e+00 
 2.93337500e-08  3.29851197e+00 
 2.93500000e-08  3.29879622e+00 
 2.93525000e-08  3.29883503e+00 
 2.93575000e-08  3.29890969e+00 
 2.93675000e-08  3.29904513e+00 
 2.93837500e-08  3.29923257e+00 
 2.94000000e-08  3.29938719e+00 
 2.94025000e-08  3.29940823e+00 
 2.94075000e-08  3.29944904e+00 
 2.94175000e-08  3.29952437e+00 
 2.94337500e-08  3.29962527e+00 
 2.94500000e-08  3.29970187e+00 
 2.94525000e-08  3.29971139e+00 
 2.94575000e-08  3.29972908e+00 
 2.94675000e-08  3.29975857e+00 
 2.94837500e-08  3.29979515e+00 
 2.95000000e-08  3.29982293e+00 
 2.95025000e-08  3.29982680e+00 
 2.95075000e-08  3.29983445e+00 
 2.95175000e-08  3.29984944e+00 
 2.95337500e-08  3.29987073e+00 
 2.95500000e-08  3.29988769e+00 
 2.95525000e-08  3.29988993e+00 
 2.95575000e-08  3.29989412e+00 
 2.95675000e-08  3.29990204e+00 
 2.95837500e-08  3.29991433e+00 
 2.96000000e-08  3.29992635e+00 
 2.96025000e-08  3.29992832e+00 
 2.96075000e-08  3.29993245e+00 
 2.96175000e-08  3.29994083e+00 
 2.96337500e-08  3.29995335e+00 
 2.96500000e-08  3.29995845e+00 
 2.96525000e-08  3.29995833e+00 
 2.96575000e-08  3.29995808e+00 
 2.96675000e-08  3.29995685e+00 
 2.96837500e-08  3.29995229e+00 
 2.97000000e-08  3.29994535e+00 
 2.97025000e-08  3.29994394e+00 
 2.97075000e-08  3.29994064e+00 
 2.97175000e-08  3.29993265e+00 
 2.97337500e-08  3.29991995e+00 
 2.97500000e-08  3.29990994e+00 
 2.97525000e-08  3.29990898e+00 
 2.97575000e-08  3.29990746e+00 
 2.97675000e-08  3.29990604e+00 
 2.97837500e-08  3.29990463e+00 
 2.98000000e-08  3.29990365e+00 
 2.98025000e-08  3.29990342e+00 
 2.98075000e-08  3.29990266e+00 
 2.98175000e-08  3.29990071e+00 
 2.98337500e-08  3.29989951e+00 
 2.98500000e-08  3.29990246e+00 
 2.98525000e-08  3.29990358e+00 
 2.98575000e-08  3.29990622e+00 
 2.98675000e-08  3.29991366e+00 
 2.98837500e-08  3.29992889e+00 
 2.99000000e-08  3.29994628e+00 
 2.99025000e-08  3.29994901e+00 
 2.99075000e-08  3.29995428e+00 
 2.99175000e-08  3.29996424e+00 
 2.99337500e-08  3.29997866e+00 
 2.99500000e-08  3.29998934e+00 
 2.99525000e-08  3.29999067e+00 
 2.99575000e-08  3.29999323e+00 
 2.99675000e-08  3.29999748e+00 
 2.99837500e-08  3.30000045e+00 
 3.00000000e-08  3.29999842e+00 
 3.00025000e-08  3.29999790e+00 
 3.00075000e-08  3.29999671e+00 
 3.00175000e-08  3.29999409e+00 
 3.00337500e-08  3.29999038e+00 
 3.00500000e-08  3.29998762e+00 
 3.00525000e-08  3.29998702e+00 
 3.00575000e-08  3.29998556e+00 
 3.00675000e-08  3.29998105e+00 
 3.00837500e-08  3.29997054e+00 
 3.01000000e-08  3.29995810e+00 
 3.01025000e-08  3.29995632e+00 
 3.01075000e-08  3.29995325e+00 
 3.01175000e-08  3.29994933e+00 
 3.01337500e-08  3.29994813e+00 
 3.01500000e-08  3.29995473e+00 
 3.01525000e-08  3.29995822e+00 
 3.01575000e-08  3.29996563e+00 
 3.01675000e-08  3.29998080e+00 
 3.01837500e-08  3.30000681e+00 
 3.02000000e-08  3.30003172e+00 
 3.02025000e-08  3.30003408e+00 
 3.02075000e-08  3.30003775e+00 
 3.02175000e-08  3.30003756e+00 
 3.02337500e-08  3.30001409e+00 
 3.02500000e-08  3.29996473e+00 
 3.02525000e-08  3.29995491e+00 
 3.02575000e-08  3.29993455e+00 
 3.02675000e-08  3.29989057e+00 
 3.02837500e-08  3.29981897e+00 
 3.03000000e-08  3.29975976e+00 
 3.03025000e-08  3.29975203e+00 
 3.03075000e-08  3.29973732e+00 
 3.03175000e-08  3.29970943e+00 
 3.03337500e-08  3.29967780e+00 
 3.03500000e-08  3.29966959e+00 
 3.03525000e-08  3.29967025e+00 
 3.03575000e-08  3.29967276e+00 
 3.03675000e-08  3.29968333e+00 
 3.03837500e-08  3.29971789e+00 
 3.04000000e-08  3.29975868e+00 
 3.04025000e-08  3.29976359e+00 
 3.04075000e-08  3.29977236e+00 
 3.04175000e-08  3.29978539e+00 
 3.04337500e-08  3.29979664e+00 
 3.04500000e-08  3.29981151e+00 
 3.04525000e-08  3.29981648e+00 
 3.04575000e-08  3.29982703e+00 
 3.04675000e-08  3.29985216e+00 
 3.04837500e-08  3.29989447e+00 
 3.05000000e-08  3.29992968e+00 
 3.05025000e-08  3.29993394e+00 
 3.05075000e-08  3.29994144e+00 
 3.05175000e-08  3.29995199e+00 
 3.05337500e-08  3.29995841e+00 
 3.05500000e-08  3.29995341e+00 
 3.05525000e-08  3.29995165e+00 
 3.05575000e-08  3.29994711e+00 
 3.05675000e-08  3.29993421e+00 
 3.05837500e-08  3.29990284e+00 
 3.06000000e-08  3.29985640e+00 
 3.06025000e-08  3.29984804e+00 
 3.06075000e-08  3.29982972e+00 
 3.06175000e-08  3.29978964e+00 
 3.06337500e-08  3.29971739e+00 
 3.06500000e-08  3.29965045e+00 
 3.06525000e-08  3.29964264e+00 
 3.06575000e-08  3.29962784e+00 
 3.06675000e-08  3.29960772e+00 
 3.06837500e-08  3.29959913e+00 
 3.07000000e-08  3.29961460e+00 
 3.07025000e-08  3.29961898e+00 
 3.07075000e-08  3.29962764e+00 
 3.07175000e-08  3.29964879e+00 
 3.07337500e-08  3.29969671e+00 
 3.07500000e-08  3.29976828e+00 
 3.07525000e-08  3.29978239e+00 
 3.07575000e-08  3.29981207e+00 
 3.07675000e-08  3.29988369e+00 
 3.07837500e-08  3.30004182e+00 
 3.08000000e-08  3.30026328e+00 
 3.08025000e-08  3.30030165e+00 
 3.08075000e-08  3.30038042e+00 
 3.08175000e-08  3.30055102e+00 
 3.08337500e-08  3.30085718e+00 
 3.08500000e-08  3.30118879e+00 
 3.08525000e-08  3.30124166e+00 
 3.08575000e-08  3.30134679e+00 
 3.08675000e-08  3.30155060e+00 
 3.08837500e-08  3.30188076e+00 
 3.09000000e-08  3.30221948e+00 
 3.09025000e-08  3.30227174e+00 
 3.09075000e-08  3.30237633e+00 
 3.09175000e-08  3.30258886e+00 
 3.09337500e-08  3.30294861e+00 
 3.09500000e-08  3.30332486e+00 
 3.09525000e-08  3.30338396e+00 
 3.09575000e-08  3.30350346e+00 
 3.09675000e-08  3.30374672e+00 
 3.09837500e-08  3.30414972e+00 
 3.10000000e-08  3.30455163e+00 
 3.10025000e-08  3.30461148e+00 
 3.10075000e-08  3.30473097e+00 
 3.10175000e-08  3.30496208e+00 
 3.10337500e-08  3.30531156e+00 
 3.10500000e-08  3.30563822e+00 
 3.10525000e-08  3.30568679e+00 
 3.10575000e-08  3.30578466e+00 
 3.10675000e-08  3.30598609e+00 
 3.10837500e-08  3.30634636e+00 
 3.11000000e-08  3.30676832e+00 
 3.11025000e-08  3.30684042e+00 
 3.11075000e-08  3.30698979e+00 
 3.11175000e-08  3.30731675e+00 
 3.11337500e-08  3.30793476e+00 
 3.11500000e-08  3.30867964e+00 
 3.11525000e-08  3.30880818e+00 
 3.11575000e-08  3.30907523e+00 
 3.11675000e-08  3.30966228e+00 
 3.11837500e-08  3.31078587e+00 
 3.12000000e-08  3.31217095e+00 
 3.12025000e-08  3.31241358e+00 
 3.12075000e-08  3.31292166e+00 
 3.12175000e-08  3.31404915e+00 
 3.12337500e-08  3.31621297e+00 
 3.12500000e-08  3.31868142e+00 
 3.12525000e-08  3.31906176e+00 
 3.12575000e-08  3.31980256e+00 
 3.12675000e-08  3.32098904e+00 
 3.12837500e-08  3.32104338e+00 
 3.13000000e-08  3.31682741e+00 
 3.13025000e-08  3.31558171e+00 
 3.13075000e-08  3.31273963e+00 
 3.13175000e-08  3.30480734e+00 
 3.13337500e-08  3.28613125e+00 
 3.13500000e-08  3.25826806e+00 
 3.13525000e-08  3.25290885e+00 
 3.13575000e-08  3.24163619e+00 
 3.13675000e-08  3.21561158e+00 
 3.13837500e-08  3.16208363e+00 
 3.14000000e-08  3.09154493e+00 
 3.14025000e-08  3.07863761e+00 
 3.14075000e-08  3.05155153e+00 
 3.14175000e-08  2.98895494e+00 
 3.14337500e-08  2.85198247e+00 
 3.14500000e-08  2.62887801e+00 
 3.14525000e-08  2.58289639e+00 
 3.14575000e-08  2.48447702e+00 
 3.14675000e-08  2.25193051e+00 
 3.14837500e-08  1.78321261e+00 
 3.15000000e-08  1.21916656e+00 
 3.15025000e-08  1.12613026e+00 
 3.15075000e-08  9.43595178e-01 
 3.15175000e-08  6.22395011e-01 
 3.15337500e-08  2.72784889e-01 
 3.15500000e-08  1.10914114e-01 
 3.15524381e-08  9.94122088e-02 
 3.15573144e-08  7.93841883e-02 
 3.15670670e-08  5.30263167e-02 
 3.15835335e-08  3.09550028e-02 
 3.16000000e-08  2.11936322e-02 
 3.16025000e-08  2.02145782e-02 
 3.16075000e-08  1.83446065e-02 
 3.16175000e-08  1.51731824e-02 
 3.16337500e-08  1.12315802e-02 
 3.16500000e-08  8.36258166e-03 
 3.16525000e-08  8.00180958e-03 
 3.16575000e-08  7.30890872e-03 
 3.16675000e-08  6.09165306e-03 
 3.16837500e-08  4.51746795e-03 
 3.17000000e-08  3.34553804e-03 
 3.17025000e-08  3.19824099e-03 
 3.17075000e-08  2.91653608e-03 
 3.17175000e-08  2.42417482e-03 
 3.17337500e-08  1.79259074e-03 
 3.17500000e-08  1.32712193e-03 
 3.17525000e-08  1.26908676e-03 
 3.17575000e-08  1.15826286e-03 
 3.17675000e-08  9.65366142e-04 
 3.17837500e-08  7.19985006e-04 
 3.18000000e-08  5.41026761e-04 
 3.18025000e-08  5.19005255e-04 
 3.18075000e-08  4.77240639e-04 
 3.18175000e-08  4.05493929e-04 
 3.18337500e-08  3.14888276e-04 
 3.18500000e-08  2.48506732e-04 
 3.18525000e-08  2.40173985e-04 
 3.18575000e-08  2.24218631e-04 
 3.18675000e-08  1.96116613e-04 
 3.18837500e-08  1.59395605e-04 
 3.19000000e-08  1.31290645e-04 
 3.19025000e-08  1.27548575e-04 
 3.19075000e-08  1.20196541e-04 
 3.19175000e-08  1.06492749e-04 
 3.19337500e-08  8.73394226e-05 
 3.19500000e-08  7.21891284e-05 
 3.19525000e-08  7.02735648e-05 
 3.19575000e-08  6.66658419e-05 
 3.19675000e-08  6.04099144e-05 
 3.19837500e-08  5.11517606e-05 
 3.20000000e-08  4.01783522e-05 
 3.20025000e-08  3.85806197e-05 
 3.20075000e-08  3.53018138e-05 
 3.20175000e-08  2.95190261e-05 
 3.20337500e-08  2.27756762e-05 
 3.20500000e-08  1.89339787e-05 
 3.20525000e-08  1.87147505e-05 
 3.20575000e-08  1.84343351e-05 
 3.20675000e-08  1.87218310e-05 
 3.20837500e-08  1.99372801e-05 
 3.21000000e-08  2.13848875e-05 
 3.21025000e-08  2.15016403e-05 
 3.21075000e-08  2.15146990e-05 
 3.21175000e-08  2.10152440e-05 
 3.21337500e-08  1.97939122e-05 
 3.21500000e-08  1.77742983e-05 
 3.21525000e-08  1.73321121e-05 
 3.21575000e-08  1.63293413e-05 
 3.21675000e-08  1.37983297e-05 
 3.21837500e-08  8.48638096e-06 
 3.22000000e-08  2.59392175e-06 
 3.22025000e-08  1.77922735e-06 
 3.22075000e-08  2.58321707e-07 
 3.22175000e-08 -2.28953468e-06 
 3.22337500e-08 -4.49746197e-06 
 3.22500000e-08 -5.16070109e-06 
 3.22525000e-08 -5.10935575e-06 
 3.22575000e-08 -4.88245764e-06 
 3.22675000e-08 -3.88788984e-06 
 3.22837500e-08 -1.46111484e-06 
 3.23000000e-08  1.51282705e-06 
 3.23025000e-08  1.94715746e-06 
 3.23075000e-08  3.57465705e-06 
 3.23175000e-08  5.78306365e-06 
 3.23337500e-08  7.64642863e-06 
 3.23500000e-08  9.10547483e-06 
 3.23525000e-08  9.36130401e-06 
 3.23575000e-08  9.89247631e-06 
 3.23675000e-08  1.14339781e-05 
 3.23837500e-08  1.42937363e-05 
 3.24000000e-08  1.65182575e-05 
 3.24025000e-08  1.66988011e-05 
 3.24075000e-08  1.68723418e-05 
 3.24175000e-08  1.65418358e-05 
 3.24337500e-08  1.49228269e-05 
 3.24500000e-08  1.24351135e-05 
 3.24525000e-08  1.20538180e-05 
 3.24575000e-08  1.12705682e-05 
 3.24675000e-08  9.70852010e-06 
 3.24837500e-08  6.00215083e-06 
 3.25000000e-08  3.90766690e-07 
 3.25025000e-08 -5.38335543e-07 
 3.25075000e-08 -2.94201165e-06 
 3.25175000e-08 -8.77379264e-06 
 3.25337500e-08 -1.92987024e-05 
 3.25500000e-08 -2.84362280e-05 
 3.25525000e-08 -2.92276873e-05 
 3.25575000e-08 -3.05682584e-05 
 3.25675000e-08 -3.08116844e-05 
 3.25837500e-08 -2.66817916e-05 
 3.26000000e-08 -1.82986238e-05 
 3.26025000e-08 -1.65377053e-05 
 3.26075000e-08 -1.30009672e-05 
 3.26175000e-08 -4.30378707e-06 
 3.26337500e-08  1.47118953e-05 
 3.26500000e-08  4.10586491e-05 
 3.26525000e-08  4.57676585e-05 
 3.26575000e-08  5.53212379e-05 
 3.26675000e-08  7.50564977e-05 
 3.26837500e-08  1.05744473e-04 
 3.27000000e-08  1.36563713e-04 
 3.27025000e-08  1.39788377e-04 
 3.27075000e-08  1.45538134e-04 
 3.27175000e-08  1.53838587e-04 
 3.27337500e-08  1.60768777e-04 
 3.27500000e-08  1.58963459e-04 
 3.27525000e-08  1.58338473e-04 
 3.27575000e-08  1.57440416e-04 
 3.27675000e-08  1.55043995e-04 
 3.27837500e-08  1.49402734e-04 
 3.28000000e-08  1.45378597e-04 
 3.28025000e-08  1.44611260e-04 
 3.28075000e-08  1.43866484e-04 
 3.28175000e-08  1.37799909e-04 
 3.28337500e-08  1.14317453e-04 
 3.28500000e-08  8.30784181e-05 
 3.28525000e-08  7.81699201e-05 
 3.28575000e-08  6.90790909e-05 
 3.28675000e-08  5.39115174e-05 
 3.28837500e-08  3.87067733e-05 
 3.29000000e-08  3.65916679e-05 
 3.29025000e-08  3.74902868e-05 
 3.29075000e-08  4.03470499e-05 
 3.29175000e-08  5.02060692e-05 
 3.29337500e-08  7.87418829e-05 
 3.29500000e-08  1.22906840e-04 
 3.29525000e-08  1.30239025e-04 
 3.29575000e-08  1.45529549e-04 
 3.29675000e-08  1.73072597e-04 
 3.29837500e-08  1.98035581e-04 
 3.30000000e-08  1.83802905e-04 
 3.30025000e-08  1.76544853e-04 
 3.30075000e-08  1.59339281e-04 
 3.30175000e-08  1.04323148e-04 
 3.30337500e-08 -5.85160673e-05 
 3.30500000e-08 -3.32088967e-04 
 3.30525000e-08 -3.84803076e-04 
 3.30575000e-08 -4.95247566e-04 
 3.30675000e-08 -7.43873041e-04 
 3.30837500e-08 -1.19970103e-03 
 3.31000000e-08 -1.60423857e-03 
 3.31025000e-08 -1.67909445e-03 
 3.31075000e-08 -1.82926581e-03 
 3.31175000e-08 -2.12983046e-03 
 3.31337500e-08 -2.61418624e-03 
 3.31500000e-08 -3.09209080e-03 
 3.31525000e-08 -3.16482035e-03 
 3.31575000e-08 -3.31087555e-03 
 3.31675000e-08 -3.60325347e-03 
 3.31837500e-08 -4.07952095e-03 
 3.32000000e-08 -4.56325465e-03 
 3.32025000e-08 -4.63909658e-03 
 3.32075000e-08 -4.79325854e-03 
 3.32175000e-08 -5.10860532e-03 
 3.32337500e-08 -5.64760123e-03 
 3.32500000e-08 -6.24059138e-03 
 3.32525000e-08 -6.33772091e-03 
 3.32575000e-08 -6.53962046e-03 
 3.32675000e-08 -6.96475797e-03 
 3.32837500e-08 -7.72522713e-03 
 3.33000000e-08 -8.59950456e-03 
 3.33025000e-08 -8.74403183e-03 
 3.33075000e-08 -9.05224522e-03 
 3.33175000e-08 -9.71573348e-03 
 3.33337500e-08 -1.09604200e-02 
 3.33500000e-08 -1.24467655e-02 
 3.33525000e-08 -1.26892675e-02 
 3.33575000e-08 -1.32020267e-02 
 3.33675000e-08 -1.42196955e-02 
 3.33837500e-08 -1.55479481e-02 
 3.34000000e-08 -1.56435435e-02 
 3.34025000e-08 -1.54449447e-02 
 3.34075000e-08 -1.49026222e-02 
 3.34175000e-08 -1.27588063e-02 
 3.34337500e-08 -5.57356648e-03 
 3.34500000e-08  6.85182020e-03 
 3.34525000e-08  9.33163711e-03 
 3.34575000e-08  1.46400600e-02 
 3.34675000e-08  2.74354873e-02 
 3.34837500e-08  5.51248475e-02 
 3.35000000e-08  9.30556389e-02 
 3.35025000e-08  1.00100762e-01 
 3.35075000e-08  1.14894618e-01 
 3.35175000e-08  1.49081602e-01 
 3.35337500e-08  2.21137463e-01 
 3.35500000e-08  3.22472007e-01 
 3.35525000e-08  3.42120205e-01 
 3.35575000e-08  3.84349769e-01 
 3.35675000e-08  4.90234648e-01 
 3.35837500e-08  7.47666326e-01 
 3.36000000e-08  1.11796870e+00 
 3.36025000e-08  1.18595910e+00 
 3.36075000e-08  1.32686230e+00 
 3.36175000e-08  1.63531829e+00 
 3.36337500e-08  2.17892526e+00 
 3.36500000e-08  2.63316400e+00 
 3.36525000e-08  2.68641963e+00 
 3.36575000e-08  2.78455696e+00 
 3.36675000e-08  2.93929743e+00 
 3.36837500e-08  3.10027916e+00 
 3.37000000e-08  3.18587914e+00 
 3.37025000e-08  3.19404451e+00 
 3.37075000e-08  3.20891111e+00 
 3.37175000e-08  3.23139282e+00 
 3.37337500e-08  3.25438043e+00 
 3.37500000e-08  3.26768450e+00 
 3.37525000e-08  3.26915526e+00 
 3.37575000e-08  3.27193740e+00 
 3.37675000e-08  3.27665964e+00 
 3.37837500e-08  3.28253297e+00 
 3.38000000e-08  3.28679522e+00 
 3.38025000e-08  3.28732654e+00 
 3.38075000e-08  3.28834353e+00 
 3.38175000e-08  3.29012406e+00 
 3.38337500e-08  3.29242073e+00 
 3.38500000e-08  3.29413415e+00 
 3.38525000e-08  3.29434996e+00 
 3.38575000e-08  3.29476337e+00 
 3.38675000e-08  3.29549041e+00 
 3.38837500e-08  3.29643803e+00 
 3.39000000e-08  3.29715528e+00 
 3.39025000e-08  3.29724623e+00 
 3.39075000e-08  3.29741958e+00 
 3.39175000e-08  3.29772459e+00 
 3.39337500e-08  3.29813154e+00 
 3.39500000e-08  3.29846757e+00 
 3.39525000e-08  3.29851431e+00 
 3.39575000e-08  3.29860495e+00 
 3.39675000e-08  3.29877269e+00 
 3.39837500e-08  3.29900883e+00 
 3.40000000e-08  3.29920421e+00 
 3.40025000e-08  3.29923081e+00 
 3.40075000e-08  3.29928234e+00 
 3.40175000e-08  3.29937674e+00 
 3.40337500e-08  3.29950678e+00 
 3.40500000e-08  3.29960964e+00 
 3.40525000e-08  3.29962290e+00 
 3.40575000e-08  3.29964841e+00 
 3.40675000e-08  3.29969419e+00 
 3.40837500e-08  3.29975449e+00 
 3.41000000e-08  3.29979958e+00 
 3.41025000e-08  3.29980511e+00 
 3.41075000e-08  3.29981540e+00 
 3.41175000e-08  3.29983233e+00 
 3.41337500e-08  3.29985313e+00 
 3.41500000e-08  3.29986905e+00 
 3.41525000e-08  3.29987130e+00 
 3.41575000e-08  3.29987563e+00 
 3.41675000e-08  3.29988394e+00 
 3.41837500e-08  3.29989723e+00 
 3.42000000e-08  3.29991095e+00 
 3.42025000e-08  3.29991301e+00 
 3.42075000e-08  3.29991723e+00 
 3.42175000e-08  3.29992617e+00 
 3.42337500e-08  3.29994190e+00 
 3.42500000e-08  3.29995714e+00 
 3.42525000e-08  3.29995858e+00 
 3.42575000e-08  3.29996097e+00 
 3.42675000e-08  3.29996223e+00 
 3.42837500e-08  3.29995749e+00 
 3.43000000e-08  3.29994831e+00 
 3.43025000e-08  3.29994684e+00 
 3.43075000e-08  3.29994400e+00 
 3.43175000e-08  3.29993888e+00 
 3.43337500e-08  3.29993135e+00 
 3.43500000e-08  3.29992449e+00 
 3.43525000e-08  3.29992354e+00 
 3.43575000e-08  3.29992161e+00 
 3.43675000e-08  3.29991795e+00 
 3.43837500e-08  3.29991232e+00 
 3.44000000e-08  3.29990676e+00 
 3.44025000e-08  3.29990610e+00 
 3.44075000e-08  3.29990479e+00 
 3.44175000e-08  3.29990279e+00 
 3.44337500e-08  3.29990158e+00 
 3.44500000e-08  3.29990324e+00 
 3.44525000e-08  3.29990379e+00 
 3.44575000e-08  3.29990480e+00 
 3.44675000e-08  3.29990725e+00 
 3.44837500e-08  3.29991338e+00 
 3.45000000e-08  3.29992320e+00 
 3.45025000e-08  3.29992531e+00 
 3.45075000e-08  3.29992993e+00 
 3.45175000e-08  3.29994106e+00 
 3.45337500e-08  3.29996093e+00 
 3.45500000e-08  3.29997938e+00 
 3.45525000e-08  3.29998160e+00 
 3.45575000e-08  3.29998523e+00 
 3.45675000e-08  3.29998996e+00 
 3.45837500e-08  3.29999373e+00 
 3.46000000e-08  3.29999405e+00 
 3.46025000e-08  3.29999364e+00 
 3.46075000e-08  3.29999322e+00 
 3.46175000e-08  3.29999369e+00 
 3.46337500e-08  3.29999315e+00 
 3.46500000e-08  3.29999136e+00 
 3.46525000e-08  3.29999100e+00 
 3.46575000e-08  3.29999006e+00 
 3.46675000e-08  3.29998721e+00 
 3.46837500e-08  3.29998109e+00 
 3.47000000e-08  3.29997265e+00 
 3.47025000e-08  3.29997112e+00 
 3.47075000e-08  3.29996824e+00 
 3.47175000e-08  3.29996305e+00 
 3.47337500e-08  3.29995615e+00 
 3.47500000e-08  3.29995294e+00 
 3.47525000e-08  3.29995280e+00 
 3.47575000e-08  3.29995275e+00 
 3.47675000e-08  3.29995651e+00 
 3.47837500e-08  3.29997601e+00 
 3.48000000e-08  3.29999866e+00 
 3.48025000e-08  3.30000248e+00 
 3.48075000e-08  3.30001081e+00 
 3.48175000e-08  3.30002571e+00 
 3.48337500e-08  3.30003561e+00 
 3.48500000e-08  3.30001782e+00 
 3.48525000e-08  3.30001174e+00 
 3.48575000e-08  3.29999817e+00 
 3.48675000e-08  3.29996505e+00 
 3.48837500e-08  3.29989460e+00 
 3.49000000e-08  3.29981957e+00 
 3.49025000e-08  3.29980946e+00 
 3.49075000e-08  3.29979016e+00 
 3.49175000e-08  3.29975652e+00 
 3.49337500e-08  3.29971355e+00 
 3.49500000e-08  3.29968449e+00 
 3.49525000e-08  3.29968215e+00 
 3.49575000e-08  3.29967825e+00 
 3.49675000e-08  3.29967492e+00 
 3.49837500e-08  3.29968200e+00 
 3.50000000e-08  3.29970863e+00 
 3.50025000e-08  3.29971531e+00 
 3.50075000e-08  3.29972832e+00 
 3.50175000e-08  3.29975230e+00 
 3.50337500e-08  3.29978342e+00 
 3.50500000e-08  3.29980060e+00 
 3.50525000e-08  3.29980243e+00 
 3.50575000e-08  3.29980556e+00 
 3.50675000e-08  3.29981749e+00 
 3.50837500e-08  3.29985232e+00 
 3.51000000e-08  3.29989389e+00 
 3.51025000e-08  3.29989991e+00 
 3.51075000e-08  3.29991095e+00 
 3.51175000e-08  3.29992857e+00 
 3.51337500e-08  3.29994625e+00 
 3.51500000e-08  3.29995192e+00 
 3.51525000e-08  3.29995194e+00 
 3.51575000e-08  3.29995160e+00 
 3.51675000e-08  3.29994945e+00 
 3.51837500e-08  3.29993875e+00 
 3.52000000e-08  3.29991594e+00 
 3.52025000e-08  3.29991103e+00 
 3.52075000e-08  3.29989942e+00 
 3.52175000e-08  3.29986987e+00 
 3.52337500e-08  3.29980570e+00 
 3.52500000e-08  3.29972596e+00 
 3.52525000e-08  3.29971379e+00 
 3.52575000e-08  3.29968907e+00 
 3.52675000e-08  3.29964567e+00 
 3.52837500e-08  3.29959965e+00 
 3.53000000e-08  3.29958664e+00 
 3.53025000e-08  3.29958803e+00 
 3.53075000e-08  3.29959153e+00 
 3.53175000e-08  3.29960551e+00 
 3.53337500e-08  3.29964267e+00 
 3.53500000e-08  3.29969605e+00 
 3.53525000e-08  3.29970601e+00 
 3.53575000e-08  3.29972625e+00 
 3.53675000e-08  3.29977341e+00 
 3.53837500e-08  3.29987703e+00 
 3.54000000e-08  3.30002483e+00 
 3.54025000e-08  3.30005580e+00 
 3.54075000e-08  3.30011948e+00 
 3.54175000e-08  3.30025974e+00 
 3.54337500e-08  3.30052295e+00 
 3.54500000e-08  3.30082374e+00 
 3.54525000e-08  3.30087299e+00 
 3.54575000e-08  3.30097265e+00 
 3.54675000e-08  3.30117892e+00 
 3.54837500e-08  3.30151602e+00 
 3.55000000e-08  3.30184360e+00 
 3.55025000e-08  3.30189388e+00 
 3.55075000e-08  3.30199571e+00 
 3.55175000e-08  3.30220112e+00 
 3.55337500e-08  3.30253990e+00 
 3.55500000e-08  3.30289605e+00 
 3.55525000e-08  3.30295278e+00 
 3.55575000e-08  3.30306667e+00 
 3.55675000e-08  3.30329779e+00 
 3.55837500e-08  3.30368425e+00 
 3.56000000e-08  3.30408259e+00 
 3.56025000e-08  3.30414433e+00 
 3.56075000e-08  3.30426855e+00 
 3.56175000e-08  3.30451450e+00 
 3.56337500e-08  3.30489451e+00 
 3.56500000e-08  3.30524386e+00 
 3.56525000e-08  3.30529423e+00 
 3.56575000e-08  3.30539498e+00 
 3.56675000e-08  3.30559576e+00 
 3.56837500e-08  3.30593227e+00 
 3.57000000e-08  3.30630102e+00 
 3.57025000e-08  3.30636213e+00 
 3.57075000e-08  3.30648817e+00 
 3.57175000e-08  3.30676092e+00 
 3.57337500e-08  3.30726851e+00 
 3.57500000e-08  3.30787132e+00 
 3.57525000e-08  3.30797440e+00 
 3.57575000e-08  3.30818790e+00 
 3.57675000e-08  3.30865488e+00 
 3.57837500e-08  3.30954228e+00 
 3.58000000e-08  3.31062582e+00 
 3.58025000e-08  3.31081443e+00 
 3.58075000e-08  3.31120811e+00 
 3.58175000e-08  3.31208107e+00 
 3.58337500e-08  3.31378267e+00 
 3.58500000e-08  3.31589764e+00 
 3.58525000e-08  3.31626268e+00 
 3.58575000e-08  3.31701720e+00 
 3.58675000e-08  3.31857461e+00 
 3.58837500e-08  3.32077830e+00 
 3.59000000e-08  3.32126973e+00 
 3.59025000e-08  3.32102966e+00 
 3.59075000e-08  3.32031793e+00 
 3.59175000e-08  3.31728268e+00 
 3.59337500e-08  3.30672791e+00 
 3.59500000e-08  3.28889333e+00 
 3.59525000e-08  3.28535572e+00 
 3.59575000e-08  3.27779303e+00 
 3.59675000e-08  3.25966427e+00 
 3.59837500e-08  3.22098434e+00 
 3.60000000e-08  3.16912408e+00 
 3.60025000e-08  3.15964465e+00 
 3.60075000e-08  3.13982475e+00 
 3.60175000e-08  3.09463414e+00 
 3.60337500e-08  3.00137531e+00 
 3.60500000e-08  2.87065219e+00 
 3.60525000e-08  2.84496592e+00 
 3.60575000e-08  2.78852770e+00 
 3.60675000e-08  2.64227280e+00 
 3.60837500e-08  2.30290859e+00 
 3.61000000e-08  1.84663799e+00 
 3.61025000e-08  1.76557244e+00 
 3.61075000e-08  1.59882232e+00 
 3.61175000e-08  1.24275340e+00 
 3.61337500e-08  6.91121082e-01 
 3.61500000e-08  3.09150931e-01 
 3.61525000e-08  2.72416418e-01 
 3.61575000e-08  2.07738755e-01 
 3.61675000e-08  1.21217548e-01 
 3.61837500e-08  5.52591051e-02 
 3.62000000e-08  3.22994316e-02 
 3.62025000e-08  3.04792238e-02 
 3.62075000e-08  2.70909498e-02 
 3.62175000e-08  2.17524914e-02 
 3.62337500e-08  1.57110679e-02 
 3.62500000e-08  1.16400796e-02 
 3.62525000e-08  1.11410354e-02 
 3.62575000e-08  1.01811751e-02 
 3.62675000e-08  8.49575210e-03 
 3.62837500e-08  6.31457627e-03 
 3.63000000e-08  4.68534385e-03 
 3.63025000e-08  4.48001560e-03 
 3.63075000e-08  4.08702912e-03 
 3.63175000e-08  3.39982099e-03 
 3.63337500e-08  2.51709313e-03 
 3.63500000e-08  1.86396467e-03 
 3.63525000e-08  1.78220194e-03 
 3.63575000e-08  1.62587923e-03 
 3.63675000e-08  1.35294889e-03 
 3.63837500e-08  1.00431198e-03 
 3.64000000e-08  7.49040986e-04 
 3.64025000e-08  7.17357538e-04 
 3.64075000e-08  6.56935017e-04 
 3.64175000e-08  5.52047007e-04 
 3.64337500e-08  4.18928823e-04 
 3.64500000e-08  3.21886860e-04 
 3.64525000e-08  3.09888290e-04 
 3.64575000e-08  2.87058879e-04 
 3.64675000e-08  2.47534911e-04 
 3.64837500e-08  1.97114977e-04 
 3.65000000e-08  1.59489298e-04 
 3.65025000e-08  1.54724790e-04 
 3.65075000e-08  1.45675577e-04 
 3.65175000e-08  1.29882766e-04 
 3.65337500e-08  1.09025106e-04 
 3.65500000e-08  9.22140644e-05 
 3.65525000e-08  8.99587963e-05 
 3.65575000e-08  8.54634972e-05 
 3.65675000e-08  7.69555172e-05 
 3.65837500e-08  6.47208352e-05 
 3.66000000e-08  5.39204406e-05 
 3.66025000e-08  5.21710861e-05 
 3.66075000e-08  4.85005150e-05 
 3.66175000e-08  4.13559677e-05 
 3.66337500e-08  3.15680306e-05 
 3.66500000e-08  2.51031148e-05 
 3.66525000e-08  2.44181522e-05 
 3.66575000e-08  2.30180549e-05 
 3.66675000e-08  2.06731048e-05 
 3.66837500e-08  1.81601188e-05 
 3.67000000e-08  1.70160313e-05 
 3.67025000e-08  1.69947320e-05 
 3.67075000e-08  1.69657500e-05 
 3.67175000e-08  1.72609137e-05 
 3.67337500e-08  1.83337042e-05 
 3.67500000e-08  1.94673154e-05 
 3.67525000e-08  1.95509229e-05 
 3.67575000e-08  1.95686484e-05 
 3.67675000e-08  1.89572808e-05 
 3.67837500e-08  1.62017872e-05 
 3.68000000e-08  1.14129489e-05 
 3.68025000e-08  1.05177599e-05 
 3.68075000e-08  8.66151597e-06 
 3.68175000e-08  4.86377424e-06 
 3.68337500e-08 -6.30177627e-07 
 3.68500000e-08 -4.29635366e-06 
 3.68525000e-08 -4.49697203e-06 
 3.68575000e-08 -4.80778109e-06 
 3.68675000e-08 -4.97296541e-06 
 3.68837500e-08 -4.35151458e-06 
 3.69000000e-08 -2.84635624e-06 
 3.69025000e-08 -2.53619870e-06 
 3.69075000e-08 -1.90296802e-06 
 3.69175000e-08 -4.68943654e-07 
 3.69337500e-08  3.61729813e-06 
 3.69500000e-08  7.15166109e-06 
 3.69525000e-08  7.51958850e-06 
 3.69575000e-08  8.19176312e-06 
 3.69675000e-08  9.26754323e-06 
 3.69837500e-08  1.06079794e-05 
 3.70000000e-08  1.23706396e-05 
 3.70025000e-08  1.26864271e-05 
 3.70075000e-08  1.32120074e-05 
 3.70175000e-08  1.39039278e-05 
 3.70337500e-08  1.41986255e-05 
 3.70500000e-08  1.34961895e-05 
 3.70525000e-08  1.33814675e-05 
 3.70575000e-08  1.31610917e-05 
 3.70675000e-08  1.26953214e-05 
 3.70837500e-08  1.11384165e-05 
 3.71000000e-08  7.84263809e-06 
 3.71025000e-08  7.05486843e-06 
 3.71075000e-08  5.06391675e-06 
 3.71175000e-08  1.04373378e-06 
 3.71337500e-08 -6.55133601e-06 
 3.71500000e-08 -1.57479344e-05 
 3.71525000e-08 -1.70551019e-05 
 3.71575000e-08 -1.97734421e-05 
 3.71675000e-08 -2.41918542e-05 
 3.71837500e-08 -2.75072726e-05 
 3.72000000e-08 -2.56732528e-05 
 3.72025000e-08 -2.48074064e-05 
 3.72075000e-08 -2.30978797e-05 
 3.72175000e-08 -1.83551203e-05 
 3.72337500e-08 -6.92311390e-06 
 3.72500000e-08  1.02411910e-05 
 3.72525000e-08  1.35167962e-05 
 3.72575000e-08  2.02841711e-05 
 3.72675000e-08  3.58260046e-05 
 3.72837500e-08  6.52679361e-05 
 3.73000000e-08  9.59176145e-05 
 3.73025000e-08  1.00465455e-04 
 3.73075000e-08  1.09693970e-04 
 3.73175000e-08  1.31286111e-04 
 3.73337500e-08  1.52333889e-04 
 3.73500000e-08  1.63101608e-04 
 3.73525000e-08  1.63715595e-04 
 3.73575000e-08  1.64377349e-04 
 3.73675000e-08  1.60423528e-04 
 3.73837500e-08  1.53297435e-04 
 3.74000000e-08  1.44733121e-04 
 3.74025000e-08  1.43446526e-04 
 3.74075000e-08  1.41651509e-04 
 3.74175000e-08  1.39784895e-04 
 3.74337500e-08  1.36176516e-04 
 3.74500000e-08  1.20841018e-04 
 3.74525000e-08  1.16634387e-04 
 3.74575000e-08  1.08297903e-04 
 3.74675000e-08  9.08739782e-05 
 3.74837500e-08  6.44019190e-05 
 3.75000000e-08  4.56286336e-05 
 3.75025000e-08  4.36877753e-05 
 3.75075000e-08  4.06635359e-05 
 3.75175000e-08  3.83581094e-05 
 3.75337500e-08  4.59174943e-05 
 3.75500000e-08  6.94131772e-05 
 3.75525000e-08  7.44589299e-05 
 3.75575000e-08  8.60827408e-05 
 3.75675000e-08  1.13214629e-04 
 3.75837500e-08  1.60894036e-04 
 3.76000000e-08  1.94145521e-04 
 3.76025000e-08  1.96176089e-04 
 3.76075000e-08  1.98659312e-04 
 3.76175000e-08  1.90425054e-04 
 3.76337500e-08  1.31254501e-04 
 3.76500000e-08 -3.89317988e-06 
 3.76525000e-08 -3.57162898e-05 
 3.76575000e-08 -1.03981337e-04 
 3.76675000e-08 -2.71095098e-04 
 3.76837500e-08 -6.25569138e-04 
 3.77000000e-08 -1.06449719e-03 
 3.77025000e-08 -1.13817720e-03 
 3.77075000e-08 -1.25754504e-03 
 3.77175000e-08 -1.51472787e-03 
 3.77337500e-08 -1.99623647e-03 
 3.77500000e-08 -2.48851735e-03 
 3.77525000e-08 -2.56274397e-03 
 3.77575000e-08 -2.71068480e-03 
 3.77675000e-08 -3.00288030e-03 
 3.77837500e-08 -3.47132146e-03 
 3.78000000e-08 -3.93927886e-03 
 3.78025000e-08 -4.01139145e-03 
 3.78075000e-08 -4.15608226e-03 
 3.78175000e-08 -4.45239511e-03 
 3.78337500e-08 -4.95244859e-03 
 3.78500000e-08 -5.48228589e-03 
 3.78525000e-08 -5.56597850e-03 
 3.78575000e-08 -5.73919877e-03 
 3.78675000e-08 -6.10432296e-03 
 3.78837500e-08 -6.75399960e-03 
 3.79000000e-08 -7.48929196e-03 
 3.79025000e-08 -7.61001971e-03 
 3.79075000e-08 -7.86438346e-03 
 3.79175000e-08 -8.40464455e-03 
 3.79337500e-08 -9.39411861e-03 
 3.79500000e-08 -1.05736977e-02 
 3.79525000e-08 -1.07711671e-02 
 3.79575000e-08 -1.11959640e-02 
 3.79675000e-08 -1.21056458e-02 
 3.79837500e-08 -1.37102939e-02 
 3.80000000e-08 -1.52008862e-02 
 3.80025000e-08 -1.53708049e-02 
 3.80075000e-08 -1.56709341e-02 
 3.80175000e-08 -1.58122039e-02 
 3.80337500e-08 -1.39591556e-02 
 3.80500000e-08 -8.23282135e-03 
 3.80525000e-08 -6.86313466e-03 
 3.80575000e-08 -3.85484956e-03 
 3.80675000e-08  3.67608008e-03 
 3.80837500e-08  2.09667752e-02 
 3.81000000e-08  4.61138286e-02 
 3.81025000e-08  5.08667619e-02 
 3.81075000e-08  6.08634285e-02 
 3.81175000e-08  8.40025329e-02 
 3.81337500e-08  1.32272154e-01 
 3.81500000e-08  1.97847793e-01 
 3.81525000e-08  2.10134989e-01 
 3.81575000e-08  2.36104352e-01 
 3.81675000e-08  2.97573797e-01 
 3.81837500e-08  4.37706865e-01 
 3.82000000e-08  6.64341113e-01 
 3.82025000e-08  7.10288567e-01 
 3.82075000e-08  8.07895209e-01 
 3.82175000e-08  1.03555199e+00 
 3.82337500e-08  1.48992201e+00 
 3.82500000e-08  2.02627284e+00 
 3.82525000e-08  2.11258496e+00 
 3.82575000e-08  2.27927720e+00 
 3.82675000e-08  2.56172764e+00 
 3.82837500e-08  2.88035551e+00 
 3.83000000e-08  3.06716669e+00 
 3.83025000e-08  3.08595956e+00 
 3.83075000e-08  3.12022308e+00 
 3.83175000e-08  3.17199631e+00 
 3.83337500e-08  3.22318265e+00 
 3.83500000e-08  3.24984914e+00 
 3.83525000e-08  3.25249351e+00 
 3.83575000e-08  3.25741546e+00 
 3.83675000e-08  3.26540351e+00 
 3.83837500e-08  3.27474151e+00 
 3.84000000e-08  3.28116056e+00 
 3.84025000e-08  3.28194349e+00 
 3.84075000e-08  3.28343931e+00 
 3.84175000e-08  3.28604495e+00 
 3.84337500e-08  3.28938766e+00 
 3.84500000e-08  3.29187071e+00 
 3.84525000e-08  3.29218294e+00 
 3.84575000e-08  3.29278117e+00 
 3.84675000e-08  3.29383202e+00 
 3.84837500e-08  3.29519515e+00 
 3.85000000e-08  3.29622079e+00 
 3.85025000e-08  3.29635083e+00 
 3.85075000e-08  3.29660001e+00 
 3.85175000e-08  3.29703924e+00 
 3.85337500e-08  3.29761098e+00 
 3.85500000e-08  3.29804515e+00 
 3.85525000e-08  3.29810260e+00 
 3.85575000e-08  3.29821350e+00 
 3.85675000e-08  3.29841881e+00 
 3.85837500e-08  3.29871214e+00 
 3.86000000e-08  3.29895960e+00 
 3.86025000e-08  3.29899330e+00 
 3.86075000e-08  3.29905833e+00 
 3.86175000e-08  3.29917728e+00 
 3.86337500e-08  3.29934305e+00 
 3.86500000e-08  3.29947875e+00 
 3.86525000e-08  3.29949726e+00 
 3.86575000e-08  3.29953285e+00 
 3.86675000e-08  3.29959659e+00 
 3.86837500e-08  3.29968075e+00 
 3.87000000e-08  3.29974438e+00 
 3.87025000e-08  3.29975229e+00 
 3.87075000e-08  3.29976702e+00 
 3.87175000e-08  3.29979180e+00 
 3.87337500e-08  3.29982307e+00 
 3.87500000e-08  3.29984665e+00 
 3.87525000e-08  3.29984971e+00 
 3.87575000e-08  3.29985539e+00 
 3.87675000e-08  3.29986536e+00 
 3.87837500e-08  3.29987882e+00 
 3.88000000e-08  3.29989051e+00 
 3.88025000e-08  3.29989268e+00 
 3.88075000e-08  3.29989742e+00 
 3.88175000e-08  3.29990734e+00 
 3.88337500e-08  3.29992337e+00 
 3.88500000e-08  3.29993977e+00 
 3.88525000e-08  3.29994221e+00 
 3.88575000e-08  3.29994702e+00 
 3.88675000e-08  3.29995524e+00 
 3.88837500e-08  3.29996179e+00 
 3.89000000e-08  3.29995940e+00 
 3.89025000e-08  3.29995837e+00 
 3.89075000e-08  3.29995624e+00 
 3.89175000e-08  3.29995153e+00 
 3.89337500e-08  3.29994295e+00 
 3.89500000e-08  3.29993412e+00 
 3.89525000e-08  3.29993286e+00 
 3.89575000e-08  3.29993035e+00 
 3.89675000e-08  3.29992571e+00 
 3.89837500e-08  3.29991913e+00 
 3.90000000e-08  3.29991351e+00 
 3.90025000e-08  3.29991266e+00 
 3.90075000e-08  3.29991080e+00 
 3.90175000e-08  3.29990663e+00 
 3.90337500e-08  3.29990112e+00 
 3.90500000e-08  3.29989805e+00 
 3.90525000e-08  3.29989800e+00 
 3.90575000e-08  3.29989800e+00 
 3.90675000e-08  3.29989945e+00 
 3.90837500e-08  3.29990463e+00 
 3.91000000e-08  3.29991243e+00 
 3.91025000e-08  3.29991393e+00 
 3.91075000e-08  3.29991703e+00 
 3.91175000e-08  3.29992421e+00 
 3.91337500e-08  3.29993849e+00 
 3.91500000e-08  3.29995515e+00 
 3.91525000e-08  3.29995774e+00 
 3.91575000e-08  3.29996270e+00 
 3.91675000e-08  3.29997167e+00 
 3.91837500e-08  3.29998321e+00 
 3.92000000e-08  3.29999097e+00 
 3.92025000e-08  3.29999183e+00 
 3.92075000e-08  3.29999340e+00 
 3.92175000e-08  3.29999569e+00 
 3.92337500e-08  3.29999461e+00 
 3.92500000e-08  3.29999185e+00 
 3.92525000e-08  3.29999114e+00 
 3.92575000e-08  3.29998965e+00 
 3.92675000e-08  3.29998662e+00 
 3.92837500e-08  3.29998229e+00 
 3.93000000e-08  3.29997844e+00 
 3.93025000e-08  3.29997780e+00 
 3.93075000e-08  3.29997655e+00 
 3.93175000e-08  3.29997338e+00 
 3.93337500e-08  3.29996573e+00 
 3.93500000e-08  3.29995692e+00 
 3.93525000e-08  3.29995585e+00 
 3.93575000e-08  3.29995426e+00 
 3.93675000e-08  3.29995362e+00 
 3.93837500e-08  3.29995817e+00 
 3.94000000e-08  3.29997778e+00 
 3.94025000e-08  3.29998167e+00 
 3.94075000e-08  3.29998919e+00 
 3.94175000e-08  3.30000313e+00 
 3.94337500e-08  3.30002564e+00 
 3.94500000e-08  3.30003757e+00 
 3.94525000e-08  3.30003751e+00 
 3.94575000e-08  3.30003628e+00 
 3.94675000e-08  3.30002589e+00 
 3.94837500e-08  3.29998520e+00 
 3.95000000e-08  3.29992292e+00 
 3.95025000e-08  3.29991156e+00 
 3.95075000e-08  3.29988834e+00 
 3.95175000e-08  3.29984090e+00 
 3.95337500e-08  3.29977354e+00 
 3.95500000e-08  3.29972143e+00 
 3.95525000e-08  3.29971499e+00 
 3.95575000e-08  3.29970178e+00 
 3.95675000e-08  3.29968371e+00 
 3.95837500e-08  3.29967272e+00 
 3.96000000e-08  3.29967968e+00 
 3.96025000e-08  3.29968206e+00 
 3.96075000e-08  3.29968711e+00 
 3.96175000e-08  3.29970170e+00 
 3.96337500e-08  3.29974105e+00 
 3.96500000e-08  3.29976939e+00 
 3.96525000e-08  3.29977280e+00 
 3.96575000e-08  3.29977879e+00 
 3.96675000e-08  3.29978791e+00 
 3.96837500e-08  3.29980187e+00 
 3.97000000e-08  3.29983211e+00 
 3.97025000e-08  3.29983923e+00 
 3.97075000e-08  3.29985332e+00 
 3.97175000e-08  3.29988117e+00 
 3.97337500e-08  3.29992020e+00 
 3.97500000e-08  3.29994760e+00 
 3.97525000e-08  3.29995061e+00 
 3.97575000e-08  3.29995573e+00 
 3.97675000e-08  3.29996218e+00 
 3.97837500e-08  3.29996285e+00 
 3.98000000e-08  3.29995171e+00 
 3.98025000e-08  3.29994886e+00 
 3.98075000e-08  3.29994198e+00 
 3.98175000e-08  3.29992404e+00 
 3.98337500e-08  3.29988390e+00 
 3.98500000e-08  3.29982780e+00 
 3.98525000e-08  3.29981782e+00 
 3.98575000e-08  3.29979586e+00 
 3.98675000e-08  3.29974849e+00 
 3.98837500e-08  3.29967204e+00 
 3.99000000e-08  3.29961479e+00 
 3.99025000e-08  3.29960951e+00 
 3.99075000e-08  3.29960002e+00 
 3.99175000e-08  3.29959066e+00 
 3.99337500e-08  3.29959673e+00 
 3.99500000e-08  3.29962287e+00 
 3.99525000e-08  3.29962885e+00 
 3.99575000e-08  3.29964112e+00 
 3.99675000e-08  3.29967151e+00 
 3.99837500e-08  3.29973895e+00 
 4.00000000e-08  3.29983560e+00 
 4.00025000e-08  3.29985417e+00 
 4.00075000e-08  3.29989320e+00 
 4.00175000e-08  3.29998501e+00 
 4.00337500e-08  3.30018836e+00 
 4.00500000e-08  3.30043454e+00 
 4.00525000e-08  3.30047636e+00 
 4.00575000e-08  3.30056139e+00 
 4.00675000e-08  3.30074125e+00 
 4.00837500e-08  3.30105541e+00 
 4.01000000e-08  3.30138677e+00 
 4.01025000e-08  3.30143629e+00 
 4.01075000e-08  3.30153605e+00 
 4.01175000e-08  3.30173359e+00 
 4.01337500e-08  3.30205772e+00 
 4.01500000e-08  3.30239541e+00 
 4.01525000e-08  3.30244788e+00 
 4.01575000e-08  3.30255431e+00 
 4.01675000e-08  3.30277674e+00 
 4.01837500e-08  3.30315106e+00 
 4.02000000e-08  3.30353819e+00 
 4.02025000e-08  3.30359884e+00 
 4.02075000e-08  3.30372133e+00 
 4.02175000e-08  3.30397022e+00 
 4.02337500e-08  3.30437507e+00 
 4.02500000e-08  3.30476342e+00 
 4.02525000e-08  3.30481941e+00 
 4.02575000e-08  3.30493049e+00 
 4.02675000e-08  3.30514388e+00 
 4.02837500e-08  3.30547286e+00 
 4.03000000e-08  3.30579743e+00 
 4.03025000e-08  3.30584790e+00 
 4.03075000e-08  3.30595068e+00 
 4.03175000e-08  3.30616740e+00 
 4.03337500e-08  3.30656396e+00 
 4.03500000e-08  3.30703343e+00 
 4.03525000e-08  3.30711398e+00 
 4.03575000e-08  3.30728101e+00 
 4.03675000e-08  3.30764660e+00 
 4.03837500e-08  3.30833521e+00 
 4.04000000e-08  3.30916192e+00 
 4.04025000e-08  3.30930424e+00 
 4.04075000e-08  3.30959993e+00 
 4.04175000e-08  3.31025013e+00 
 4.04337500e-08  3.31150011e+00 
 4.04500000e-08  3.31305139e+00 
 4.04525000e-08  3.31332384e+00 
 4.04575000e-08  3.31389473e+00 
 4.04675000e-08  3.31515674e+00 
 4.04837500e-08  3.31751472e+00 
 4.05000000e-08  3.31993791e+00 
 4.05025000e-08  3.32026238e+00 
 4.05075000e-08  3.32084802e+00 
 4.05175000e-08  3.32142427e+00 
 4.05337500e-08  3.31944101e+00 
 4.05500000e-08  3.31187692e+00 
 4.05525000e-08  3.30999931e+00 
 4.05575000e-08  3.30585086e+00 
 4.05675000e-08  3.29553745e+00 
 4.05837500e-08  3.27227023e+00 
 4.06000000e-08  3.23841995e+00 
 4.06025000e-08  3.23206170e+00 
 4.06075000e-08  3.21873439e+00 
 4.06175000e-08  3.18821227e+00 
 4.06337500e-08  3.12585606e+00 
 4.06500000e-08  3.04340748e+00 
 4.06525000e-08  3.02820400e+00 
 4.06575000e-08  2.99614703e+00 
 4.06675000e-08  2.92079979e+00 
 4.06837500e-08  2.74429462e+00 
 4.07000000e-08  2.45538917e+00 
 4.07025000e-08  2.39840561e+00 
 4.07075000e-08  2.27863824e+00 
 4.07175000e-08  2.00677396e+00 
 4.07337500e-08  1.48168248e+00 
 4.07500000e-08  9.01895440e-01 
 4.07525000e-08  8.16941416e-01 
 4.07575000e-08  6.58237135e-01 
 4.07675000e-08  4.05725175e-01 
 4.07837500e-08  1.66340019e-01 
 4.08000000e-08  7.14906332e-02 
 4.08025000e-08  6.50464044e-02 
 4.08075000e-08  5.37445887e-02 
 4.08175000e-08  3.84786484e-02 
 4.08337500e-08  2.49168118e-02 
 4.08500000e-08  1.77737884e-02 
 4.08525000e-08  1.69856539e-02 
 4.08575000e-08  1.54743471e-02 
 4.08675000e-08  1.28678038e-02 
 4.08837500e-08  9.56054612e-03 
 4.09000000e-08  7.11647506e-03 
 4.09025000e-08  6.80804485e-03 
 4.09075000e-08  6.21620855e-03 
 4.09175000e-08  5.17742286e-03 
 4.09337500e-08  3.83622077e-03 
 4.09500000e-08  2.83991296e-03 
 4.09525000e-08  2.71485201e-03 
 4.09575000e-08  2.47577147e-03 
 4.09675000e-08  2.05821137e-03 
 4.09837500e-08  1.52347431e-03 
 4.10000000e-08  1.13017445e-03 
 4.10025000e-08  1.08124062e-03 
 4.10075000e-08  9.87907868e-04 
 4.10175000e-08  8.25811293e-04 
 4.10337500e-08  6.19813302e-04 
 4.10500000e-08  4.69434210e-04 
 4.10525000e-08  4.50714560e-04 
 4.10575000e-08  4.14919082e-04 
 4.10675000e-08  3.52460768e-04 
 4.10837500e-08  2.72869673e-04 
 4.11000000e-08  2.14562605e-04 
 4.11025000e-08  2.07374990e-04 
 4.11075000e-08  1.93790262e-04 
 4.11175000e-08  1.70412251e-04 
 4.11337500e-08  1.40089437e-04 
 4.11500000e-08  1.16777051e-04 
 4.11525000e-08  1.13681152e-04 
 4.11575000e-08  1.07643314e-04 
 4.11675000e-08  9.62829225e-05 
 4.11837500e-08  8.07785880e-05 
 4.12000000e-08  6.80595707e-05 
 4.12025000e-08  6.63149559e-05 
 4.12075000e-08  6.29562608e-05 
 4.12175000e-08  5.65753771e-05 
 4.12337500e-08  4.55422416e-05 
 4.12500000e-08  3.44022787e-05 
 4.12525000e-08  3.29167239e-05 
 4.12575000e-08  2.98453878e-05 
 4.12675000e-08  2.43355235e-05 
 4.12837500e-08  1.79470985e-05 
 4.13000000e-08  1.44668410e-05 
 4.13025000e-08  1.43497514e-05 
 4.13075000e-08  1.43409583e-05 
 4.13175000e-08  1.53597092e-05 
 4.13337500e-08  1.78072466e-05 
 4.13500000e-08  2.03103183e-05 
 4.13525000e-08  2.06148062e-05 
 4.13575000e-08  2.10620607e-05 
 4.13675000e-08  2.14297926e-05 
 4.13837500e-08  2.08102528e-05 
 4.14000000e-08  1.83662934e-05 
 4.14025000e-08  1.78162695e-05 
 4.14075000e-08  1.66202712e-05 
 4.14175000e-08  1.37809919e-05 
 4.14337500e-08  8.28232013e-06 
 4.14500000e-08  2.80368128e-06 
 4.14525000e-08  1.98143908e-06 
 4.14575000e-08  2.87052620e-07 
 4.14675000e-08 -2.99118999e-06 
 4.14837500e-08 -5.94410481e-06 
 4.15000000e-08 -7.26188888e-06 
 4.15025000e-08 -7.17150161e-06 
 4.15075000e-08 -6.77393261e-06 
 4.15175000e-08 -5.17716423e-06 
 4.15337500e-08 -1.81846343e-06 
 4.15500000e-08  2.33969954e-06 
 4.15525000e-08  3.26584252e-06 
 4.15575000e-08  4.94685953e-06 
 4.15675000e-08  7.61536837e-06 
 4.15837500e-08  1.09003280e-05 
 4.16000000e-08  1.30506619e-05 
 4.16025000e-08  1.31581172e-05 
 4.16075000e-08  1.33664941e-05 
 4.16175000e-08  1.34531064e-05 
 4.16337500e-08  1.35152954e-05 
 4.16500000e-08  1.35268388e-05 
 4.16525000e-08  1.36500834e-05 
 4.16575000e-08  1.40146974e-05 
 4.16675000e-08  1.49998014e-05 
 4.16837500e-08  1.56320026e-05 
 4.17000000e-08  1.44921832e-05 
 4.17025000e-08  1.39539366e-05 
 4.17075000e-08  1.24429230e-05 
 4.17175000e-08  8.00316281e-06 
 4.17337500e-08 -5.43445529e-07 
 4.17500000e-08 -9.16167404e-06 
 4.17525000e-08 -1.01620550e-05 
 4.17575000e-08 -1.22442832e-05 
 4.17675000e-08 -1.59909355e-05 
 4.17837500e-08 -2.22201080e-05 
 4.18000000e-08 -2.67210853e-05 
 4.18025000e-08 -2.68690635e-05 
 4.18075000e-08 -2.71097817e-05 
 4.18175000e-08 -2.59060936e-05 
 4.18337500e-08 -2.02340336e-05 
 4.18500000e-08 -1.02072311e-05 
 4.18525000e-08 -8.13476556e-06 
 4.18575000e-08 -3.89954853e-06 
 4.18675000e-08  6.09014199e-06 
 4.18837500e-08  2.77813290e-05 
 4.19000000e-08  5.60477899e-05 
 4.19025000e-08  6.07250072e-05 
 4.19075000e-08  6.99479879e-05 
 4.19175000e-08  8.79308795e-05 
 4.19337500e-08  1.16526021e-04 
 4.19500000e-08  1.41062475e-04 
 4.19525000e-08  1.43471917e-04 
 4.19575000e-08  1.48083425e-04 
 4.19675000e-08  1.55732089e-04 
 4.19837500e-08  1.62536188e-04 
 4.20000000e-08  1.58833271e-04 
 4.20025000e-08  1.58545915e-04 
 4.20075000e-08  1.56956857e-04 
 4.20175000e-08  1.51229988e-04 
 4.20337500e-08  1.43091921e-04 
 4.20500000e-08  1.37905900e-04 
 4.20525000e-08  1.37088553e-04 
 4.20575000e-08  1.35066979e-04 
 4.20675000e-08  1.26266392e-04 
 4.20837500e-08  1.01945298e-04 
 4.21000000e-08  7.32683198e-05 
 4.21025000e-08  6.89940281e-05 
 4.21075000e-08  6.11573562e-05 
 4.21175000e-08  4.85917932e-05 
 4.21337500e-08  3.80959996e-05 
 4.21500000e-08  4.12670334e-05 
 4.21525000e-08  4.30243595e-05 
 4.21575000e-08  4.77123676e-05 
 4.21675000e-08  6.15421946e-05 
 4.21837500e-08  9.70764171e-05 
 4.22000000e-08  1.45003713e-04 
 4.22025000e-08  1.52048516e-04 
 4.22075000e-08  1.66030345e-04 
 4.22175000e-08  1.87749381e-04 
 4.22337500e-08  1.96785416e-04 
 4.22500000e-08  1.59862822e-04 
 4.22525000e-08  1.48310561e-04 
 4.22575000e-08  1.21864525e-04 
 4.22675000e-08  4.46995615e-05 
 4.22837500e-08 -1.66281700e-04 
 4.23000000e-08 -4.83920390e-04 
 4.23025000e-08 -5.42836342e-04 
 4.23075000e-08 -6.64734831e-04 
 4.23175000e-08 -9.31305459e-04 
 4.23337500e-08 -1.36746296e-03 
 4.23500000e-08 -1.81030840e-03 
 4.23525000e-08 -1.88605212e-03 
 4.23575000e-08 -2.03759620e-03 
 4.23675000e-08 -2.33932629e-03 
 4.23837500e-08 -2.82072590e-03 
 4.24000000e-08 -3.29097067e-03 
 4.24025000e-08 -3.36209561e-03 
 4.24075000e-08 -3.50477967e-03 
 4.24175000e-08 -3.79022097e-03 
 4.24337500e-08 -4.25842426e-03 
 4.24500000e-08 -4.74354751e-03 
 4.24525000e-08 -4.82003119e-03 
 4.24575000e-08 -4.97607523e-03 
 4.24675000e-08 -5.29738490e-03 
 4.24837500e-08 -5.85101818e-03 
 4.25000000e-08 -6.47061391e-03 
 4.25025000e-08 -6.57174892e-03 
 4.25075000e-08 -6.78243530e-03 
 4.25175000e-08 -7.22618882e-03 
 4.25337500e-08 -8.02166352e-03 
 4.25500000e-08 -8.94208255e-03 
 4.25525000e-08 -9.09482603e-03 
 4.25575000e-08 -9.42169126e-03 
 4.25675000e-08 -1.01270671e-02 
 4.25837500e-08 -1.14484109e-02 
 4.26000000e-08 -1.29950814e-02 
 4.26025000e-08 -1.32403677e-02 
 4.26075000e-08 -1.37520406e-02 
 4.26175000e-08 -1.47168573e-02 
 4.26337500e-08 -1.57219283e-02 
 4.26500000e-08 -1.50515821e-02 
 4.26525000e-08 -1.46800215e-02 
 4.26575000e-08 -1.37626885e-02 
 4.26675000e-08 -1.07137255e-02 
 4.26837500e-08 -1.68265159e-03 
 4.27000000e-08  1.27194408e-02 
 4.27025000e-08  1.56002689e-02 
 4.27075000e-08  2.17283400e-02 
 4.27175000e-08  3.62910181e-02 
 4.27337500e-08  6.73818025e-02 
 4.27500000e-08  1.09697452e-01 
 4.27525000e-08  1.17550192e-01 
 4.27575000e-08  1.34047840e-01 
 4.27675000e-08  1.72259731e-01 
 4.27837500e-08  2.53451997e-01 
 4.28000000e-08  3.70228561e-01 
 4.28025000e-08  3.93199067e-01 
 4.28075000e-08  4.43044310e-01 
 4.28175000e-08  5.70152128e-01 
 4.28337500e-08  8.68711705e-01 
 4.28500000e-08  1.27905989e+00 
 4.28525000e-08  1.35279677e+00 
 4.28575000e-08  1.50480523e+00 
 4.28675000e-08  1.83161861e+00 
 4.28837500e-08  2.36343566e+00 
 4.29000000e-08  2.75659863e+00 
 4.29025000e-08  2.80078906e+00 
 4.29075000e-08  2.88203342e+00 
 4.29175000e-08  3.00871794e+00 
 4.29337500e-08  3.13814131e+00 
 4.29500000e-08  3.20550241e+00 
 4.29525000e-08  3.21189601e+00 
 4.29575000e-08  3.22356409e+00 
 4.29675000e-08  3.24137005e+00 
 4.29837500e-08  3.26001152e+00 
 4.30000000e-08  3.27123776e+00 
 4.30025000e-08  3.27251356e+00 
 4.30075000e-08  3.27493485e+00 
 4.30175000e-08  3.27908006e+00 
 4.30337500e-08  3.28428901e+00 
 4.30500000e-08  3.28809703e+00 
 4.30525000e-08  3.28857295e+00 
 4.30575000e-08  3.28948411e+00 
 4.30675000e-08  3.29108038e+00 
 4.30837500e-08  3.29314023e+00 
 4.31000000e-08  3.29467736e+00 
 4.31025000e-08  3.29487069e+00 
 4.31075000e-08  3.29524051e+00 
 4.31175000e-08  3.29588936e+00 
 4.31337500e-08  3.29673484e+00 
 4.31500000e-08  3.29737523e+00 
 4.31525000e-08  3.29745673e+00 
 4.31575000e-08  3.29761237e+00 
 4.31675000e-08  3.29788971e+00 
 4.31837500e-08  3.29826888e+00 
 4.32000000e-08  3.29858734e+00 
 4.32025000e-08  3.29863157e+00 
 4.32075000e-08  3.29871730e+00 
 4.32175000e-08  3.29887549e+00 
 4.32337500e-08  3.29909668e+00 
 4.32500000e-08  3.29927877e+00 
 4.32525000e-08  3.29930340e+00 
 4.32575000e-08  3.29935089e+00 
 4.32675000e-08  3.29943699e+00 
 4.32837500e-08  3.29955474e+00 
 4.33000000e-08  3.29964580e+00 
 4.33025000e-08  3.29965744e+00 
 4.33075000e-08  3.29967957e+00 
 4.33175000e-08  3.29971846e+00 
 4.33337500e-08  3.29976879e+00 
 4.33500000e-08  3.29980634e+00 
 4.33525000e-08  3.29981127e+00 
 4.33575000e-08  3.29982064e+00 
 4.33675000e-08  3.29983738e+00 
 4.33837500e-08  3.29985942e+00 
 4.34000000e-08  3.29987646e+00 
 4.34025000e-08  3.29987878e+00 
 4.34075000e-08  3.29988318e+00 
 4.34175000e-08  3.29989141e+00 
 4.34337500e-08  3.29990480e+00 
 4.34500000e-08  3.29991812e+00 
 4.34525000e-08  3.29992006e+00 
 4.34575000e-08  3.29992391e+00 
 4.34675000e-08  3.29993164e+00 
 4.34837500e-08  3.29994508e+00 
 4.35000000e-08  3.29995682e+00 
 4.35025000e-08  3.29995767e+00 
 4.35075000e-08  3.29995901e+00 
 4.35175000e-08  3.29995908e+00 
 4.35337500e-08  3.29995394e+00 
 4.35500000e-08  3.29994538e+00 
 4.35525000e-08  3.29994396e+00 
 4.35575000e-08  3.29994112e+00 
 4.35675000e-08  3.29993557e+00 
 4.35837500e-08  3.29992724e+00 
 4.36000000e-08  3.29992003e+00 
 4.36025000e-08  3.29991910e+00 
 4.36075000e-08  3.29991724e+00 
 4.36175000e-08  3.29991387e+00 
 4.36337500e-08  3.29990865e+00 
 4.36500000e-08  3.29990343e+00 
 4.36525000e-08  3.29990293e+00 
 4.36575000e-08  3.29990205e+00 
 4.36675000e-08  3.29990134e+00 
 4.36837500e-08  3.29990247e+00 
 4.37000000e-08  3.29990615e+00 
 4.37025000e-08  3.29990683e+00 
 4.37075000e-08  3.29990791e+00 
 4.37175000e-08  3.29990977e+00 
 4.37337500e-08  3.29991476e+00 
 4.37500000e-08  3.29992421e+00 
 4.37525000e-08  3.29992634e+00 
 4.37575000e-08  3.29993102e+00 
 4.37675000e-08  3.29994232e+00 
 4.37837500e-08  3.29996217e+00 
 4.38000000e-08  3.29997988e+00 
 4.38025000e-08  3.29998202e+00 
 4.38075000e-08  3.29998595e+00 
 4.38175000e-08  3.29999212e+00 
 4.38337500e-08  3.29999820e+00 
 4.38500000e-08  3.29999915e+00 
 4.38525000e-08  3.29999881e+00 
 4.38575000e-08  3.29999814e+00 
 4.38675000e-08  3.29999623e+00 
 4.38837500e-08  3.29999191e+00 
 4.39000000e-08  3.29998817e+00 
 4.39025000e-08  3.29998778e+00 
 4.39075000e-08  3.29998717e+00 
 4.39175000e-08  3.29998620e+00 
 4.39337500e-08  3.29998302e+00 
 4.39500000e-08  3.29997579e+00 
 4.39525000e-08  3.29997409e+00 
 4.39575000e-08  3.29997050e+00 
 4.39675000e-08  3.29996276e+00 
 4.39837500e-08  3.29995222e+00 
 4.40000000e-08  3.29994778e+00 
 4.40025000e-08  3.29994789e+00 
 4.40075000e-08  3.29994871e+00 
 4.40175000e-08  3.29995803e+00 
 4.40337500e-08  3.29998270e+00 
 4.40500000e-08  3.30000905e+00 
 4.40525000e-08  3.30001333e+00 
 4.40575000e-08  3.30002203e+00 
 4.40675000e-08  3.30003650e+00 
 4.40837500e-08  3.30004209e+00 
 4.41000000e-08  3.30001707e+00 
 4.41025000e-08  3.30000955e+00 
 4.41075000e-08  3.29999329e+00 
 4.41175000e-08  3.29995346e+00 
 4.41337500e-08  3.29987479e+00 
 4.41500000e-08  3.29979824e+00 
 4.41525000e-08  3.29978823e+00 
 4.41575000e-08  3.29976931e+00 
 4.41675000e-08  3.29973736e+00 
 4.41837500e-08  3.29969692e+00 
 4.42000000e-08  3.29967390e+00 
 4.42025000e-08  3.29967286e+00 
 4.42075000e-08  3.29967157e+00 
 4.42175000e-08  3.29967358e+00 
 4.42337500e-08  3.29968833e+00 
 4.42500000e-08  3.29972424e+00 
 4.42525000e-08  3.29973037e+00 
 4.42575000e-08  3.29974207e+00 
 4.42675000e-08  3.29976326e+00 
 4.42837500e-08  3.29978945e+00 
 4.43000000e-08  3.29980293e+00 
 4.43025000e-08  3.29980485e+00 
 4.43075000e-08  3.29980915e+00 
 4.43175000e-08  3.29982419e+00 
 4.43337500e-08  3.29986038e+00 
 4.43500000e-08  3.29989927e+00 
 4.43525000e-08  3.29990487e+00 
 4.43575000e-08  3.29991539e+00 
 4.43675000e-08  3.29993319e+00 
 4.43837500e-08  3.29995204e+00 
 4.44000000e-08  3.29995795e+00 
 4.44025000e-08  3.29995783e+00 
 4.44075000e-08  3.29995685e+00 
 4.44175000e-08  3.29995188e+00 
 4.44337500e-08  3.29993460e+00 
 4.44500000e-08  3.29990396e+00 
 4.44525000e-08  3.29989791e+00 
 4.44575000e-08  3.29988406e+00 
 4.44675000e-08  3.29985093e+00 
 4.44837500e-08  3.29978315e+00 
 4.45000000e-08  3.29970502e+00 
 4.45025000e-08  3.29969385e+00 
 4.45075000e-08  3.29967158e+00 
 4.45175000e-08  3.29963460e+00 
 4.45337500e-08  3.29959986e+00 
 4.45500000e-08  3.29959558e+00 
 4.45525000e-08  3.29959766e+00 
 4.45575000e-08  3.29960194e+00 
 4.45675000e-08  3.29961524e+00 
 4.45837500e-08  3.29964992e+00 
 4.46000000e-08  3.29970332e+00 
 4.46025000e-08  3.29971405e+00 
 4.46075000e-08  3.29973666e+00 
 4.46175000e-08  3.29979219e+00 
 4.46337500e-08  3.29991432e+00 
 4.46500000e-08  3.30008894e+00 
 4.46525000e-08  3.30012204e+00 
 4.46575000e-08  3.30018994e+00 
 4.46675000e-08  3.30033812e+00 
 4.46837500e-08  3.30061189e+00 
 4.47000000e-08  3.30091895e+00 
 4.47025000e-08  3.30096865e+00 
 4.47075000e-08  3.30106870e+00 
 4.47175000e-08  3.30127356e+00 
 4.47337500e-08  3.30160087e+00 
 4.47500000e-08  3.30192137e+00 
 4.47525000e-08  3.30197363e+00 
 4.47575000e-08  3.30207901e+00 
 4.47675000e-08  3.30228696e+00 
 4.47837500e-08  3.30263508e+00 
 4.48000000e-08  3.30300253e+00 
 4.48025000e-08  3.30305954e+00 
 4.48075000e-08  3.30317397e+00 
 4.48175000e-08  3.30340560e+00 
 4.48337500e-08  3.30379138e+00 
 4.48500000e-08  3.30418827e+00 
 4.48525000e-08  3.30424969e+00 
 4.48575000e-08  3.30437337e+00 
 4.48675000e-08  3.30461743e+00 
 4.48837500e-08  3.30498968e+00 
 4.49000000e-08  3.30532700e+00 
 4.49025000e-08  3.30537507e+00 
 4.49075000e-08  3.30547078e+00 
 4.49175000e-08  3.30566120e+00 
 4.49337500e-08  3.30598744e+00 
 4.49500000e-08  3.30635815e+00 
 4.49525000e-08  3.30642093e+00 
 4.49575000e-08  3.30655097e+00 
 4.49675000e-08  3.30683503e+00 
 4.49837500e-08  3.30736821e+00 
 4.50000000e-08  3.30800463e+00 
 4.50025000e-08  3.30811387e+00 
 4.50075000e-08  3.30834041e+00 
 4.50175000e-08  3.30883632e+00 
 4.50337500e-08  3.30977614e+00 
 4.50500000e-08  3.31091925e+00 
 4.50525000e-08  3.31111788e+00 
 4.50575000e-08  3.31153249e+00 
 4.50675000e-08  3.31245093e+00 
 4.50837500e-08  3.31423566e+00 
 4.51000000e-08  3.31642915e+00 
 4.51025000e-08  3.31680216e+00 
 4.51075000e-08  3.31756729e+00 
 4.51175000e-08  3.31910104e+00 
 4.51337500e-08  3.32103433e+00 
 4.51500000e-08  3.32079373e+00 
 4.51525000e-08  3.32039062e+00 
 4.51575000e-08  3.31932690e+00 
 4.51675000e-08  3.31545066e+00 
 4.51837500e-08  3.30324148e+00 
 4.52000000e-08  3.28396086e+00 
 4.52025000e-08  3.28009894e+00 
 4.52075000e-08  3.27188250e+00 
 4.52175000e-08  3.25239918e+00 
 4.52337500e-08  3.21127033e+00 
 4.52500000e-08  3.15648119e+00 
 4.52525000e-08  3.14646684e+00 
 4.52575000e-08  3.12552508e+00 
 4.52675000e-08  3.07773489e+00 
 4.52837500e-08  2.97861298e+00 
 4.53000000e-08  2.83696569e+00 
 4.53025000e-08  2.80857427e+00 
 4.53075000e-08  2.74577304e+00 
 4.53175000e-08  2.58446403e+00 
 4.53337500e-08  2.22113402e+00 
 4.53500000e-08  1.74377615e+00 
 4.53525000e-08  1.65984280e+00 
 4.53575000e-08  1.48774621e+00 
 4.53675000e-08  1.12524939e+00 
 4.53837500e-08  5.98774064e-01 
 4.54000000e-08  2.59359370e-01 
 4.54025000e-08  2.28485233e-01 
 4.54075000e-08  1.74411834e-01 
 4.54175000e-08  1.03035969e-01 
 4.54337500e-08  4.90769133e-02 
 4.54500000e-08  2.98054102e-02 
 4.54525000e-08  2.82030283e-02 
 4.54575000e-08  2.52005736e-02 
 4.54675000e-08  2.03894972e-02 
 4.54837500e-08  1.48226581e-02 
 4.55000000e-08  1.10012410e-02 
 4.55025000e-08  1.05301382e-02 
 4.55075000e-08  9.62407198e-03 
 4.55175000e-08  8.03190259e-03 
 4.55337500e-08  5.96975635e-03 
 4.55500000e-08  4.42909340e-03 
 4.55525000e-08  4.23485694e-03 
 4.55575000e-08  3.86299101e-03 
 4.55675000e-08  3.21224081e-03 
 4.55837500e-08  2.37614407e-03 
 4.56000000e-08  1.75778177e-03 
 4.56025000e-08  1.68057836e-03 
 4.56075000e-08  1.53321372e-03 
 4.56175000e-08  1.27678445e-03 
 4.56337500e-08  9.50081376e-04 
 4.56500000e-08  7.11088216e-04 
 4.56525000e-08  6.81403018e-04 
 4.56575000e-08  6.24763084e-04 
 4.56675000e-08  5.26317137e-04 
 4.56837500e-08  4.01138167e-04 
 4.57000000e-08  3.09654040e-04 
 4.57025000e-08  2.98309668e-04 
 4.57075000e-08  2.76700157e-04 
 4.57175000e-08  2.39177011e-04 
 4.57337500e-08  1.91140063e-04 
 4.57500000e-08  1.55112773e-04 
 4.57525000e-08  1.50413229e-04 
 4.57575000e-08  1.41284022e-04 
 4.57675000e-08  1.24680153e-04 
 4.57837500e-08  1.02295985e-04 
 4.58000000e-08  8.44935791e-05 
 4.58025000e-08  8.22868521e-05 
 4.58075000e-08  7.81862888e-05 
 4.58175000e-08  7.13058254e-05 
 4.58337500e-08  6.17272074e-05 
 4.58500000e-08  5.26346801e-05 
 4.58525000e-08  5.09407396e-05 
 4.58575000e-08  4.72369351e-05 
 4.58675000e-08  3.97411369e-05 
 4.58837500e-08  2.95868928e-05 
 4.59000000e-08  2.29911051e-05 
 4.59025000e-08  2.23730668e-05 
 4.59075000e-08  2.12263902e-05 
 4.59175000e-08  1.97224912e-05 
 4.59337500e-08  1.85860744e-05 
 4.59500000e-08  1.84542996e-05 
 4.59525000e-08  1.85384255e-05 
 4.59575000e-08  1.86912924e-05 
 4.59675000e-08  1.92028197e-05 
 4.59837500e-08  2.03196834e-05 
 4.60000000e-08  2.10425764e-05 
 4.60025000e-08  2.09963849e-05 
 4.60075000e-08  2.07104788e-05 
 4.60175000e-08  1.93681665e-05 
 4.60337500e-08  1.54813743e-05 
 4.60500000e-08  9.93914509e-06 
 4.60525000e-08  9.00584473e-06 
 4.60575000e-08  7.13498079e-06 
 4.60675000e-08  3.55148345e-06 
 4.60837500e-08 -1.35843408e-06 
 4.61000000e-08 -4.15429601e-06 
 4.61025000e-08 -4.43591093e-06 
 4.61075000e-08 -5.04158825e-06 
 4.61175000e-08 -6.10165461e-06 
 4.61337500e-08 -6.65233561e-06 
 4.61500000e-08 -5.61956737e-06 
 4.61525000e-08 -5.11725192e-06 
 4.61575000e-08 -3.82643989e-06 
 4.61675000e-08 -2.90276126e-07 
 4.61837500e-08  7.27865298e-06 
 4.62000000e-08  1.15490608e-05 
 4.62025000e-08  1.18363505e-05 
 4.62075000e-08  1.20399180e-05 
 4.62175000e-08  1.12687399e-05 
 4.62337500e-08  9.93347978e-06 
 4.62500000e-08  1.00400520e-05 
 4.62525000e-08  1.03438105e-05 
 4.62575000e-08  1.10938577e-05 
 4.62675000e-08  1.29444695e-05 
 4.62837500e-08  1.50826653e-05 
 4.63000000e-08  1.54258784e-05 
 4.63025000e-08  1.52732437e-05 
 4.63075000e-08  1.47858735e-05 
 4.63175000e-08  1.32264854e-05 
 4.63337500e-08  9.79192092e-06 
 4.63500000e-08  4.70948928e-06 
 4.63525000e-08  3.74023283e-06 
 4.63575000e-08  1.79896816e-06 
 4.63675000e-08 -1.96086841e-06 
 4.63837500e-08 -9.11127515e-06 
 4.64000000e-08 -1.78596635e-05 
 4.64025000e-08 -1.90388921e-05 
 4.64075000e-08 -2.15384181e-05 
 4.64175000e-08 -2.50914099e-05 
 4.64337500e-08 -2.66565305e-05 
 4.64500000e-08 -2.33545022e-05 
 4.64525000e-08 -2.23520628e-05 
 4.64575000e-08 -2.04277797e-05 
 4.64675000e-08 -1.53615824e-05 
 4.64837500e-08 -2.90432352e-06 
 4.65000000e-08  1.57902325e-05 
 4.65025000e-08  1.93606947e-05 
 4.65075000e-08  2.66558527e-05 
 4.65175000e-08  4.28162948e-05 
 4.65337500e-08  7.21293032e-05 
 4.65500000e-08  1.01536269e-04 
 4.65525000e-08  1.05930407e-04 
 4.65575000e-08  1.17653037e-04 
 4.65675000e-08  1.36881711e-04 
 4.65837500e-08  1.57243560e-04 
 4.66000000e-08  1.67421347e-04 
 4.66025000e-08  1.67960820e-04 
 4.66075000e-08  1.67886674e-04 
 4.66175000e-08  1.63488975e-04 
 4.66337500e-08  1.56942178e-04 
 4.66500000e-08  1.48221650e-04 
 4.66525000e-08  1.46954091e-04 
 4.66575000e-08  1.44935378e-04 
 4.66675000e-08  1.41552758e-04 
 4.66837500e-08  1.33982714e-04 
 4.67000000e-08  1.11377383e-04 
 4.67025000e-08  1.06672876e-04 
 4.67075000e-08  9.74469853e-05 
 4.67175000e-08  7.90621136e-05 
 4.67337500e-08  5.31559907e-05 
 4.67500000e-08  3.67210933e-05 
 4.67525000e-08  3.52720170e-05 
 4.67575000e-08  3.33212788e-05 
 4.67675000e-08  3.35335456e-05 
 4.67837500e-08  4.58408225e-05 
 4.68000000e-08  7.47025429e-05 
 4.68025000e-08  8.07588784e-05 
 4.68075000e-08  9.46414237e-05 
 4.68175000e-08  1.26053043e-04 
 4.68337500e-08  1.75432522e-04 
 4.68500000e-08  2.02912509e-04 
 4.68525000e-08  2.03382678e-04 
 4.68575000e-08  2.02456812e-04 
 4.68675000e-08  1.85844190e-04 
 4.68837500e-08  1.07924463e-04 
 4.69000000e-08 -5.60139149e-05 
 4.69025000e-08 -9.26718120e-05 
 4.69075000e-08 -1.71151506e-04 
 4.69175000e-08 -3.60209120e-04 
 4.69337500e-08 -7.47270543e-04 
 4.69500000e-08 -1.20524942e-03 
 4.69525000e-08 -1.26097200e-03 
 4.69575000e-08 -1.38180478e-03 
 4.69675000e-08 -1.66045286e-03 
 4.69837500e-08 -2.15020388e-03 
 4.70000000e-08 -2.63925020e-03 
 4.70025000e-08 -2.71273694e-03 
 4.70075000e-08 -2.85924417e-03 
 4.70175000e-08 -3.14910913e-03 
 4.70337500e-08 -3.61640622e-03 
 4.70500000e-08 -4.08626211e-03 
 4.70525000e-08 -4.15844763e-03 
 4.70575000e-08 -4.30517297e-03 
 4.70675000e-08 -4.60496849e-03 
 4.70837500e-08 -5.10945825e-03 
 4.71000000e-08 -5.64351602e-03 
 4.71025000e-08 -5.72854917e-03 
 4.71075000e-08 -5.90437522e-03 
 4.71175000e-08 -6.27461149e-03 
 4.71337500e-08 -6.93875693e-03 
 4.71500000e-08 -7.70087742e-03 
 4.71525000e-08 -7.82716996e-03 
 4.71575000e-08 -8.09437487e-03 
 4.71675000e-08 -8.66451926e-03 
 4.71837500e-08 -9.71168148e-03 
 4.72000000e-08 -1.09578243e-02 
 4.72025000e-08 -1.11652339e-02 
 4.72075000e-08 -1.16104026e-02 
 4.72175000e-08 -1.25538689e-02 
 4.72337500e-08 -1.41588358e-02 
 4.72500000e-08 -1.54816689e-02 
 4.72525000e-08 -1.56000875e-02 
 4.72575000e-08 -1.57772282e-02 
 4.72675000e-08 -1.55539771e-02 
 4.72837500e-08 -1.27498253e-02 
 4.73000000e-08 -5.66986255e-03 
 4.73025000e-08 -4.06272066e-03 
 4.73075000e-08 -5.66887363e-04 
 4.73175000e-08  7.79897117e-03 
 4.73337500e-08  2.71317264e-02 
 4.73500000e-08  5.46822109e-02 
 4.73525000e-08  5.98586227e-02 
 4.73575000e-08  7.07377615e-02 
 4.73675000e-08  9.58832982e-02 
 4.73837500e-08  1.48356345e-01 
 4.74000000e-08  2.19960622e-01 
 4.74025000e-08  2.33441291e-01 
 4.74075000e-08  2.61994801e-01 
 4.74175000e-08  3.30085912e-01 
 4.74337500e-08  4.89131764e-01 
 4.74500000e-08  7.45171890e-01 
 4.74525000e-08  7.96106852e-01 
 4.74575000e-08  9.03461697e-01 
 4.74675000e-08  1.14927252e+00 
 4.74837500e-08  1.62959587e+00 
 4.75000000e-08  2.17268761e+00 
 4.75025000e-08  2.25519234e+00 
 4.75075000e-08  2.40923979e+00 
 4.75175000e-08  2.66153008e+00 
 4.75337500e-08  2.94082202e+00 
 4.75500000e-08  3.10058819e+00 
 4.75525000e-08  3.11643643e+00 
 4.75575000e-08  3.14529991e+00 
 4.75675000e-08  3.18878440e+00 
 4.75837500e-08  3.23180352e+00 
 4.76000000e-08  3.25455322e+00 
 4.76025000e-08  3.25685937e+00 
 4.76075000e-08  3.26116812e+00 
 4.76175000e-08  3.26823770e+00 
 4.76337500e-08  3.27663908e+00 
 4.76500000e-08  3.28250567e+00 
 4.76525000e-08  3.28322596e+00 
 4.76575000e-08  3.28460265e+00 
 4.76675000e-08  3.28700405e+00 
 4.76837500e-08  3.29009091e+00 
 4.77000000e-08  3.29238823e+00 
 4.77025000e-08  3.29267750e+00 
 4.77075000e-08  3.29323194e+00 
 4.77175000e-08  3.29420701e+00 
 4.77337500e-08  3.29547392e+00 
 4.77500000e-08  3.29642894e+00 
 4.77525000e-08  3.29655019e+00 
 4.77575000e-08  3.29678253e+00 
 4.77675000e-08  3.29719221e+00 
 4.77837500e-08  3.29772542e+00 
 4.78000000e-08  3.29813331e+00 
 4.78025000e-08  3.29818795e+00 
 4.78075000e-08  3.29829366e+00 
 4.78175000e-08  3.29849027e+00 
 4.78337500e-08  3.29877212e+00 
 4.78500000e-08  3.29900989e+00 
 4.78525000e-08  3.29904212e+00 
 4.78575000e-08  3.29910410e+00 
 4.78675000e-08  3.29921669e+00 
 4.78837500e-08  3.29937292e+00 
 4.79000000e-08  3.29950087e+00 
 4.79025000e-08  3.29951812e+00 
 4.79075000e-08  3.29955124e+00 
 4.79175000e-08  3.29961032e+00 
 4.79337500e-08  3.29968804e+00 
 4.79500000e-08  3.29974670e+00 
 4.79525000e-08  3.29975407e+00 
 4.79575000e-08  3.29976792e+00 
 4.79675000e-08  3.29979176e+00 
 4.79837500e-08  3.29982263e+00 
 4.80000000e-08  3.29984619e+00 
 4.80025000e-08  3.29984940e+00 
 4.80075000e-08  3.29985560e+00 
 4.80175000e-08  3.29986737e+00 
 4.80337500e-08  3.29988404e+00 
 4.80500000e-08  3.29989831e+00 
 4.80525000e-08  3.29990059e+00 
 4.80575000e-08  3.29990481e+00 
 4.80675000e-08  3.29991212e+00 
 4.80837500e-08  3.29992328e+00 
 4.81000000e-08  3.29993629e+00 
 4.81025000e-08  3.29993856e+00 
 4.81075000e-08  3.29994355e+00 
 4.81175000e-08  3.29995302e+00 
 4.81337500e-08  3.29996176e+00 
 4.81500000e-08  3.29996087e+00 
 4.81525000e-08  3.29995993e+00 
 4.81575000e-08  3.29995781e+00 
 4.81675000e-08  3.29995253e+00 
 4.81837500e-08  3.29994276e+00 
 4.82000000e-08  3.29993318e+00 
 4.82025000e-08  3.29993192e+00 
 4.82075000e-08  3.29992952e+00 
 4.82175000e-08  3.29992549e+00 
 4.82337500e-08  3.29992008e+00 
 4.82500000e-08  3.29991527e+00 
 4.82525000e-08  3.29991439e+00 
 4.82575000e-08  3.29991227e+00 
 4.82675000e-08  3.29990703e+00 
 4.82837500e-08  3.29989954e+00 
 4.83000000e-08  3.29989558e+00 
 4.83025000e-08  3.29989544e+00 
 4.83075000e-08  3.29989537e+00 
 4.83175000e-08  3.29989677e+00 
 4.83337500e-08  3.29990213e+00 
 4.83500000e-08  3.29991040e+00 
 4.83525000e-08  3.29991208e+00 
 4.83575000e-08  3.29991564e+00 
 4.83675000e-08  3.29992422e+00 
 4.83837500e-08  3.29994087e+00 
 4.84000000e-08  3.29995915e+00 
 4.84025000e-08  3.29996186e+00 
 4.84075000e-08  3.29996698e+00 
 4.84175000e-08  3.29997586e+00 
 4.84337500e-08  3.29998650e+00 
 4.84500000e-08  3.29999333e+00 
 4.84525000e-08  3.29999424e+00 
 4.84575000e-08  3.29999625e+00 
 4.84675000e-08  3.30000001e+00 
 4.84837500e-08  3.30000290e+00 
 4.85000000e-08  3.30000200e+00 
 4.85025000e-08  3.30000123e+00 
 4.85075000e-08  3.29999949e+00 
 4.85175000e-08  3.29999544e+00 
 4.85337500e-08  3.29998879e+00 
 4.85500000e-08  3.29998284e+00 
 4.85525000e-08  3.29998178e+00 
 4.85575000e-08  3.29997954e+00 
 4.85675000e-08  3.29997391e+00 
 4.85837500e-08  3.29996270e+00 
 4.86000000e-08  3.29995192e+00 
 4.86025000e-08  3.29995068e+00 
 4.86075000e-08  3.29994881e+00 
 4.86175000e-08  3.29994787e+00 
 4.86337500e-08  3.29995341e+00 
 4.86500000e-08  3.29997700e+00 
 4.86525000e-08  3.29998102e+00 
 4.86575000e-08  3.29998896e+00 
 4.86675000e-08  3.30000466e+00 
 4.86837500e-08  3.30002810e+00 
 4.87000000e-08  3.30003663e+00 
 4.87025000e-08  3.30003560e+00 
 4.87075000e-08  3.30003223e+00 
 4.87175000e-08  3.30001684e+00 
 4.87337500e-08  3.29997080e+00 
 4.87500000e-08  3.29990391e+00 
 4.87525000e-08  3.29989230e+00 
 4.87575000e-08  3.29986927e+00 
 4.87675000e-08  3.29982537e+00 
 4.87837500e-08  3.29976656e+00 
 4.88000000e-08  3.29972162e+00 
 4.88025000e-08  3.29971498e+00 
 4.88075000e-08  3.29970250e+00 
 4.88175000e-08  3.29968203e+00 
 4.88337500e-08  3.29966575e+00 
 4.88500000e-08  3.29966951e+00 
 4.88525000e-08  3.29967226e+00 
 4.88575000e-08  3.29967915e+00 
 4.88675000e-08  3.29970568e+00 
 4.88837500e-08  3.29975305e+00 
 4.89000000e-08  3.29978675e+00 
 4.89025000e-08  3.29979042e+00 
 4.89075000e-08  3.29979613e+00 
 4.89175000e-08  3.29980280e+00 
 4.89337500e-08  3.29981564e+00 
 4.89500000e-08  3.29984678e+00 
 4.89525000e-08  3.29985363e+00 
 4.89575000e-08  3.29986697e+00 
 4.89675000e-08  3.29989230e+00 
 4.89837500e-08  3.29992627e+00 
 4.90000000e-08  3.29994878e+00 
 4.90025000e-08  3.29995109e+00 
 4.90075000e-08  3.29995490e+00 
 4.90175000e-08  3.29995903e+00 
 4.90337500e-08  3.29995641e+00 
 4.90500000e-08  3.29994298e+00 
 4.90525000e-08  3.29993978e+00 
 4.90575000e-08  3.29993204e+00 
 4.90675000e-08  3.29991180e+00 
 4.90837500e-08  3.29986706e+00 
 4.91000000e-08  3.29980609e+00 
 4.91025000e-08  3.29979571e+00 
 4.91075000e-08  3.29977344e+00 
 4.91175000e-08  3.29972781e+00 
 4.91337500e-08  3.29965835e+00 
 4.91500000e-08  3.29961029e+00 
 4.91525000e-08  3.29960632e+00 
 4.91575000e-08  3.29959927e+00 
 4.91675000e-08  3.29959385e+00 
 4.91837500e-08  3.29960479e+00 
 4.92000000e-08  3.29963496e+00 
 4.92025000e-08  3.29964137e+00 
 4.92075000e-08  3.29965422e+00 
 4.92175000e-08  3.29968481e+00 
 4.92337500e-08  3.29975283e+00 
 4.92500000e-08  3.29985271e+00 
 4.92525000e-08  3.29987228e+00 
 4.92575000e-08  3.29991377e+00 
 4.92675000e-08  3.30001248e+00 
 4.92837500e-08  3.30023011e+00 
 4.93000000e-08  3.30048997e+00 
 4.93025000e-08  3.30053353e+00 
 4.93075000e-08  3.30062179e+00 
 4.93175000e-08  3.30080642e+00 
 4.93337500e-08  3.30112550e+00 
 4.93500000e-08  3.30145576e+00 
 4.93525000e-08  3.30150597e+00 
 4.93575000e-08  3.30160721e+00 
 4.93675000e-08  3.30180104e+00 
 4.93837500e-08  3.30213232e+00 
 4.94000000e-08  3.30247370e+00 
 4.94025000e-08  3.30252690e+00 
 4.94075000e-08  3.30263560e+00 
 4.94175000e-08  3.30286179e+00 
 4.94337500e-08  3.30323967e+00 
 4.94500000e-08  3.30362661e+00 
 4.94525000e-08  3.30368650e+00 
 4.94575000e-08  3.30380681e+00 
 4.94675000e-08  3.30404860e+00 
 4.94837500e-08  3.30443931e+00 
 4.95000000e-08  3.30481384e+00 
 4.95025000e-08  3.30486814e+00 
 4.95075000e-08  3.30497632e+00 
 4.95175000e-08  3.30518629e+00 
 4.95337500e-08  3.30551419e+00 
 4.95500000e-08  3.30584147e+00 
 4.95525000e-08  3.30589265e+00 
 4.95575000e-08  3.30599693e+00 
 4.95675000e-08  3.30621729e+00 
 4.95837500e-08  3.30662202e+00 
 4.96000000e-08  3.30710298e+00 
 4.96025000e-08  3.30718556e+00 
 4.96075000e-08  3.30735677e+00 
 4.96175000e-08  3.30773188e+00 
 4.96337500e-08  3.30844165e+00 
 4.96500000e-08  3.30929903e+00 
 4.96525000e-08  3.30944719e+00 
 4.96575000e-08  3.30975533e+00 
 4.96675000e-08  3.31043435e+00 
 4.96837500e-08  3.31174382e+00 
 4.97000000e-08  3.31337376e+00 
 4.97025000e-08  3.31366052e+00 
 4.97075000e-08  3.31426153e+00 
 4.97175000e-08  3.31558559e+00 
 4.97337500e-08  3.31801362e+00 
 4.97500000e-08  3.32036610e+00 
 4.97525000e-08  3.32065488e+00 
 4.97575000e-08  3.32115007e+00 
 4.97675000e-08  3.32142138e+00 
 4.97837500e-08  3.31856448e+00 
 4.98000000e-08  3.30971275e+00 
 4.98025000e-08  3.30760398e+00 
 4.98075000e-08  3.30298181e+00 
 4.98175000e-08  3.29202413e+00 
 4.98337500e-08  3.26692707e+00 
 4.98500000e-08  3.23107331e+00 
 4.98525000e-08  3.22437963e+00 
 4.98575000e-08  3.21036212e+00 
 4.98675000e-08  3.17832920e+00 
 4.98837500e-08  3.11298798e+00 
 4.99000000e-08  3.02644476e+00 
 4.99025000e-08  3.01043618e+00 
 4.99075000e-08  2.97661043e+00 
 4.99175000e-08  2.89649686e+00 
 4.99337500e-08  2.70419427e+00 
 4.99500000e-08  2.39568781e+00 
 4.99525000e-08  2.33561713e+00 
 4.99575000e-08  2.20989619e+00 
 4.99675000e-08  1.92711003e+00 
 4.99837500e-08  1.38718903e+00 
 5.00000000e-08  8.14891139e-01 
 5.00025000e-08  7.34701346e-01 
 5.00075000e-08  5.86053438e-01 
 5.00175000e-08  3.55386224e-01 
 5.00337500e-08  1.44354877e-01 
 5.00500000e-08  6.37932624e-02 
 5.00525000e-08  5.83568414e-02 
 5.00575000e-08  4.87713254e-02 
 5.00675000e-08  3.56181637e-02 
 5.00837500e-08  2.35460995e-02 
 5.01000000e-08  1.69289022e-02 
 5.01025000e-08  1.61858972e-02 
 5.01075000e-08  1.47598982e-02 
 5.01175000e-08  1.22910577e-02 
 5.01337500e-08  9.14341870e-03 
 5.01500000e-08  6.80858462e-03 
 5.01525000e-08  6.51360599e-03 
 5.01575000e-08  5.94763107e-03 
 5.01675000e-08  4.95416333e-03 
 5.01837500e-08  3.67163252e-03 
 5.02000000e-08  2.71925675e-03 
 5.02025000e-08  2.59961588e-03 
 5.02075000e-08  2.37073439e-03 
 5.02175000e-08  1.97037661e-03 
 5.02337500e-08  1.45714123e-03 
 5.02500000e-08  1.07963579e-03 
 5.02525000e-08  1.03271660e-03 
 5.02575000e-08  9.43285150e-04 
 5.02675000e-08  7.88204748e-04 
 5.02837500e-08  5.91526389e-04 
 5.03000000e-08  4.48243313e-04 
 5.03025000e-08  4.30546782e-04 
 5.03075000e-08  3.96892025e-04 
 5.03175000e-08  3.38761418e-04 
 5.03337500e-08  2.65055277e-04 
 5.03500000e-08  2.10889170e-04 
 5.03525000e-08  2.04086951e-04 
 5.03575000e-08  1.91084845e-04 
 5.03675000e-08  1.68181463e-04 
 5.03837500e-08  1.37929816e-04 
 5.04000000e-08  1.14528462e-04 
 5.04025000e-08  1.11384120e-04 
 5.04075000e-08  1.05199687e-04 
 5.04175000e-08  9.34178720e-05 
 5.04337500e-08  7.73323681e-05 
 5.04500000e-08  6.42674335e-05 
 5.04525000e-08  6.25918621e-05 
 5.04575000e-08  5.94970089e-05 
 5.04675000e-08  5.39658622e-05 
 5.04837500e-08  4.44058887e-05 
 5.05000000e-08  3.45795948e-05 
 5.05025000e-08  3.33601733e-05 
 5.05075000e-08  3.09355391e-05 
 5.05175000e-08  2.69500977e-05 
 5.05337500e-08  2.25125997e-05 
 5.05500000e-08  2.00016967e-05 
 5.05525000e-08  1.97610776e-05 
 5.05575000e-08  1.92296377e-05 
 5.05675000e-08  1.84016538e-05 
 5.05837500e-08  1.78804326e-05 
 5.06000000e-08  1.83710717e-05 
 5.06025000e-08  1.84891751e-05 
 5.06075000e-08  1.86344695e-05 
 5.06175000e-08  1.87002433e-05 
 5.06337500e-08  1.80423963e-05 
 5.06500000e-08  1.58290319e-05 
 5.06525000e-08  1.53377216e-05 
 5.06575000e-08  1.42760389e-05 
 5.06675000e-08  1.17326726e-05 
 5.06837500e-08  6.61392885e-06 
 5.07000000e-08  1.35239330e-06 
 5.07025000e-08  6.32309498e-07 
 5.07075000e-08 -7.96158235e-07 
 5.07175000e-08 -3.09837605e-06 
 5.07337500e-08 -4.74067397e-06 
 5.07500000e-08 -5.29167469e-06 
 5.07525000e-08 -5.25743061e-06 
 5.07575000e-08 -5.15484335e-06 
 5.07675000e-08 -4.64434743e-06 
 5.07837500e-08 -2.90198948e-06 
 5.08000000e-08  4.54928876e-07 
 5.08025000e-08  1.32942259e-06 
 5.08075000e-08  2.98133727e-06 
 5.08175000e-08  5.82504152e-06 
 5.08337500e-08  9.45748288e-06 
 5.08500000e-08  1.17992528e-05 
 5.08525000e-08  1.19740160e-05 
 5.08575000e-08  1.23699760e-05 
 5.08675000e-08  1.30131941e-05 
 5.08837500e-08  1.39987448e-05 
 5.09000000e-08  1.47256556e-05 
 5.09025000e-08  1.47830732e-05 
 5.09075000e-08  1.47989407e-05 
 5.09175000e-08  1.44394248e-05 
 5.09337500e-08  1.29109686e-05 
 5.09500000e-08  1.04005879e-05 
 5.09525000e-08  1.00264812e-05 
 5.09575000e-08  9.27547947e-06 
 5.09675000e-08  7.40256860e-06 
 5.09837500e-08  3.20701784e-06 
 5.10000000e-08 -1.48265919e-06 
 5.10025000e-08 -2.40408822e-06 
 5.10075000e-08 -4.58033374e-06 
 5.10175000e-08 -9.40363219e-06 
 5.10337500e-08 -1.78145828e-05 
 5.10500000e-08 -2.42588770e-05 
 5.10525000e-08 -2.47155193e-05 
 5.10575000e-08 -2.56203595e-05 
 5.10675000e-08 -2.58056368e-05 
 5.10837500e-08 -2.20518039e-05 
 5.11000000e-08 -1.33929549e-05 
 5.11025000e-08 -1.15878886e-05 
 5.11075000e-08 -8.00541214e-06 
 5.11175000e-08  8.33872884e-07 
 5.11337500e-08  2.08457319e-05 
 5.11500000e-08  4.86755582e-05 
 5.11525000e-08  5.37146240e-05 
 5.11575000e-08  6.41290591e-05 
 5.11675000e-08  8.58348896e-05 
 5.11837500e-08  1.19710757e-04 
 5.12000000e-08  1.49107558e-04 
 5.12025000e-08  1.51577114e-04 
 5.12075000e-08  1.55752034e-04 
 5.12175000e-08  1.60702992e-04 
 5.12337500e-08  1.62239133e-04 
 5.12500000e-08  1.54606604e-04 
 5.12525000e-08  1.54155835e-04 
 5.12575000e-08  1.52708292e-04 
 5.12675000e-08  1.48952406e-04 
 5.12837500e-08  1.44557857e-04 
 5.13000000e-08  1.42110405e-04 
 5.13025000e-08  1.41296214e-04 
 5.13075000e-08  1.38764768e-04 
 5.13175000e-08  1.27464933e-04 
 5.13337500e-08  9.92268264e-05 
 5.13500000e-08  6.82811000e-05 
 5.13525000e-08  6.39735988e-05 
 5.13575000e-08  5.63397589e-05 
 5.13675000e-08  4.49594016e-05 
 5.13837500e-08  3.62573898e-05 
 5.14000000e-08  4.01526416e-05 
 5.14025000e-08  4.18673415e-05 
 5.14075000e-08  4.63532685e-05 
 5.14175000e-08  5.94335429e-05 
 5.14337500e-08  9.36178714e-05 
 5.14500000e-08  1.41014317e-04 
 5.14525000e-08  1.48246012e-04 
 5.14575000e-08  1.62864751e-04 
 5.14675000e-08  1.86773252e-04 
 5.14837500e-08  2.00137935e-04 
 5.15000000e-08  1.67709697e-04 
 5.15025000e-08  1.56679574e-04 
 5.15075000e-08  1.31048174e-04 
 5.15175000e-08  5.49384548e-05 
 5.15337500e-08 -1.52893146e-04 
 5.15500000e-08 -4.65988924e-04 
 5.15525000e-08 -5.23779626e-04 
 5.15575000e-08 -6.43139448e-04 
 5.15675000e-08 -9.03928363e-04 
 5.15837500e-08 -1.33752347e-03 
 5.16000000e-08 -1.77202596e-03 
 5.16025000e-08 -1.84737878e-03 
 5.16075000e-08 -1.99825423e-03 
 5.16175000e-08 -2.29958243e-03 
 5.16337500e-08 -2.78328807e-03 
 5.16500000e-08 -3.25995361e-03 
 5.16525000e-08 -3.33256398e-03 
 5.16575000e-08 -3.47856820e-03 
 5.16675000e-08 -3.77158747e-03 
 5.16837500e-08 -4.25081778e-03 
 5.17000000e-08 -4.74263274e-03 
 5.17025000e-08 -4.81971940e-03 
 5.17075000e-08 -4.97671091e-03 
 5.17175000e-08 -5.29866862e-03 
 5.17337500e-08 -5.85136660e-03 
 5.17500000e-08 -6.46809221e-03 
 5.17525000e-08 -6.56884537e-03 
 5.17575000e-08 -6.77873404e-03 
 5.17675000e-08 -7.22137880e-03 
 5.17837500e-08 -8.01760767e-03 
 5.18000000e-08 -8.94214981e-03 
 5.18025000e-08 -9.09597373e-03 
 5.18075000e-08 -9.42523402e-03 
 5.18175000e-08 -1.01360264e-02 
 5.18337500e-08 -1.14651952e-02 
 5.18500000e-08 -1.30177992e-02 
 5.18525000e-08 -1.32636512e-02 
 5.18575000e-08 -1.37765431e-02 
 5.18675000e-08 -1.47451798e-02 
 5.18837500e-08 -1.57665500e-02 
 5.19000000e-08 -1.51257803e-02 
 5.19025000e-08 -1.47597732e-02 
 5.19075000e-08 -1.38534495e-02 
 5.19175000e-08 -1.08213923e-02 
 5.19337500e-08 -1.78931288e-03 
 5.19500000e-08  1.26574381e-02 
 5.19525000e-08  1.55476437e-02 
 5.19575000e-08  2.16961589e-02 
 5.19675000e-08  3.63064658e-02 
 5.19837500e-08  6.74838638e-02 
 5.20000000e-08  1.09896502e-01 
 5.20025000e-08  1.17765665e-01 
 5.20075000e-08  1.34297683e-01 
 5.20175000e-08  1.72591238e-01 
 5.20337500e-08  2.53977684e-01 
 5.20500000e-08  3.71091152e-01 
 5.20525000e-08  3.94136995e-01 
 5.20575000e-08  4.44154767e-01 
 5.20675000e-08  5.71718489e-01 
 5.20837500e-08  8.71078655e-01 
 5.21000000e-08  1.28212587e+00 
 5.21025000e-08  1.35595297e+00 
 5.21075000e-08  1.50812628e+00 
 5.21175000e-08  1.83515422e+00 
 5.21337500e-08  2.36640700e+00 
 5.21500000e-08  2.75844415e+00 
 5.21525000e-08  2.80248186e+00 
 5.21575000e-08  2.88344381e+00 
 5.21675000e-08  3.00967320e+00 
 5.21837500e-08  3.13861917e+00 
 5.22000000e-08  3.20573463e+00 
 5.22025000e-08  3.21210588e+00 
 5.22075000e-08  3.22373368e+00 
 5.22175000e-08  3.24148058e+00 
 5.22337500e-08  3.26006509e+00 
 5.22500000e-08  3.27126143e+00 
 5.22525000e-08  3.27253405e+00 
 5.22575000e-08  3.27494921e+00 
 5.22675000e-08  3.27908387e+00 
 5.22837500e-08  3.28428091e+00 
 5.23000000e-08  3.28808270e+00 
 5.23025000e-08  3.28855773e+00 
 5.23075000e-08  3.28946670e+00 
 5.23175000e-08  3.29105765e+00 
 5.23337500e-08  3.29311152e+00 
 5.23500000e-08  3.29464795e+00 
 5.23525000e-08  3.29484218e+00 
 5.23575000e-08  3.29521478e+00 
 5.23675000e-08  3.29587238e+00 
 5.23837500e-08  3.29673224e+00 
 5.24000000e-08  3.29738218e+00 
 5.24025000e-08  3.29746459e+00 
 5.24075000e-08  3.29762181e+00 
 5.24175000e-08  3.29790127e+00 
 5.24337500e-08  3.29828194e+00 
 5.24500000e-08  3.29860034e+00 
 5.24525000e-08  3.29864423e+00 
 5.24575000e-08  3.29872884e+00 
 5.24675000e-08  3.29888329e+00 
 5.24837500e-08  3.29909807e+00 
 5.25000000e-08  3.29927561e+00 
 5.25025000e-08  3.29929988e+00 
 5.25075000e-08  3.29934694e+00 
 5.25175000e-08  3.29943324e+00 
 5.25337500e-08  3.29955223e+00 
 5.25500000e-08  3.29964448e+00 
 5.25525000e-08  3.29965626e+00 
 5.25575000e-08  3.29967868e+00 
 5.25675000e-08  3.29971813e+00 
 5.25837500e-08  3.29976925e+00 
 5.26000000e-08  3.29980745e+00 
 5.26025000e-08  3.29981241e+00 
 5.26075000e-08  3.29982176e+00 
 5.26175000e-08  3.29983813e+00 
 5.26337500e-08  3.29985938e+00 
 5.26500000e-08  3.29987580e+00 
 5.26525000e-08  3.29987812e+00 
 5.26575000e-08  3.29988260e+00 
 5.26675000e-08  3.29989146e+00 
 5.26837500e-08  3.29990601e+00 
 5.27000000e-08  3.29992001e+00 
 5.27025000e-08  3.29992196e+00 
 5.27075000e-08  3.29992577e+00 
 5.27175000e-08  3.29993312e+00 
 5.27337500e-08  3.29994570e+00 
 5.27500000e-08  3.29995665e+00 
 5.27525000e-08  3.29995754e+00 
 5.27575000e-08  3.29995917e+00 
 5.27675000e-08  3.29996054e+00 
 5.27837500e-08  3.29995786e+00 
 5.28000000e-08  3.29995106e+00 
 5.28025000e-08  3.29994973e+00 
 5.28075000e-08  3.29994684e+00 
 5.28175000e-08  3.29994047e+00 
 5.28337500e-08  3.29993030e+00 
 5.28500000e-08  3.29992153e+00 
 5.28525000e-08  3.29992037e+00 
 5.28575000e-08  3.29991800e+00 
 5.28675000e-08  3.29991353e+00 
 5.28837500e-08  3.29990696e+00 
 5.29000000e-08  3.29990093e+00 
 5.29025000e-08  3.29990019e+00 
 5.29075000e-08  3.29989862e+00 
 5.29175000e-08  3.29989593e+00 
 5.29337500e-08  3.29989395e+00 
 5.29500000e-08  3.29989568e+00 
 5.29525000e-08  3.29989651e+00 
 5.29575000e-08  3.29989846e+00 
 5.29675000e-08  3.29990400e+00 
 5.29837500e-08  3.29991561e+00 
 5.30000000e-08  3.29992965e+00 
 5.30025000e-08  3.29993207e+00 
 5.30075000e-08  3.29993698e+00 
 5.30175000e-08  3.29994740e+00 
 5.30337500e-08  3.29996479e+00 
 5.30500000e-08  3.29998059e+00 
 5.30525000e-08  3.29998252e+00 
 5.30575000e-08  3.29998607e+00 
 5.30675000e-08  3.29999173e+00 
 5.30837500e-08  3.29999739e+00 
 5.31000000e-08  3.29999836e+00 
 5.31025000e-08  3.29999788e+00 
 5.31075000e-08  3.29999690e+00 
 5.31175000e-08  3.29999442e+00 
 5.31337500e-08  3.29998906e+00 
 5.31500000e-08  3.29998438e+00 
 5.31525000e-08  3.29998397e+00 
 5.31575000e-08  3.29998343e+00 
 5.31675000e-08  3.29998312e+00 
 5.31837500e-08  3.29998168e+00 
 5.32000000e-08  3.29997638e+00 
 5.32025000e-08  3.29997500e+00 
 5.32075000e-08  3.29997208e+00 
 5.32175000e-08  3.29996568e+00 
 5.32337500e-08  3.29995653e+00 
 5.32500000e-08  3.29995228e+00 
 5.32525000e-08  3.29995223e+00 
 5.32575000e-08  3.29995262e+00 
 5.32675000e-08  3.29995845e+00 
 5.32837500e-08  3.29998123e+00 
 5.33000000e-08  3.30000635e+00 
 5.33025000e-08  3.30001044e+00 
 5.33075000e-08  3.30001871e+00 
 5.33175000e-08  3.30003256e+00 
 5.33337500e-08  3.30003914e+00 
 5.33500000e-08  3.30001737e+00 
 5.33525000e-08  3.30001083e+00 
 5.33575000e-08  3.29999670e+00 
 5.33675000e-08  3.29996294e+00 
 5.33837500e-08  3.29989246e+00 
 5.34000000e-08  3.29981866e+00 
 5.34025000e-08  3.29980849e+00 
 5.34075000e-08  3.29978872e+00 
 5.34175000e-08  3.29975306e+00 
 5.34337500e-08  3.29970649e+00 
 5.34500000e-08  3.29967637e+00 
 5.34525000e-08  3.29967434e+00 
 5.34575000e-08  3.29967140e+00 
 5.34675000e-08  3.29967135e+00 
 5.34837500e-08  3.29968440e+00 
 5.35000000e-08  3.29971726e+00 
 5.35025000e-08  3.29972390e+00 
 5.35075000e-08  3.29973660e+00 
 5.35175000e-08  3.29975924e+00 
 5.35337500e-08  3.29978724e+00 
 5.35500000e-08  3.29980168e+00 
 5.35525000e-08  3.29980336e+00 
 5.35575000e-08  3.29980627e+00 
 5.35675000e-08  3.29981805e+00 
 5.35837500e-08  3.29985167e+00 
 5.36000000e-08  3.29989041e+00 
 5.36025000e-08  3.29989612e+00 
 5.36075000e-08  3.29990690e+00 
 5.36175000e-08  3.29992541e+00 
 5.36337500e-08  3.29994575e+00 
 5.36500000e-08  3.29995332e+00 
 5.36525000e-08  3.29995358e+00 
 5.36575000e-08  3.29995357e+00 
 5.36675000e-08  3.29995129e+00 
 5.36837500e-08  3.29993875e+00 
 5.37000000e-08  3.29991244e+00 
 5.37025000e-08  3.29990695e+00 
 5.37075000e-08  3.29989424e+00 
 5.37175000e-08  3.29986315e+00 
 5.37337500e-08  3.29979819e+00 
 5.37500000e-08  3.29972065e+00 
 5.37525000e-08  3.29970920e+00 
 5.37575000e-08  3.29968610e+00 
 5.37675000e-08  3.29964626e+00 
 5.37837500e-08  3.29960522e+00 
 5.38000000e-08  3.29959500e+00 
 5.38025000e-08  3.29959636e+00 
 5.38075000e-08  3.29959932e+00 
 5.38175000e-08  3.29961075e+00 
 5.38337500e-08  3.29964364e+00 
 5.38500000e-08  3.29969507e+00 
 5.38525000e-08  3.29970534e+00 
 5.38575000e-08  3.29972686e+00 
 5.38675000e-08  3.29977919e+00 
 5.38837500e-08  3.29989347e+00 
 5.39000000e-08  3.30005528e+00 
 5.39025000e-08  3.30008657e+00 
 5.39075000e-08  3.30015026e+00 
 5.39175000e-08  3.30028806e+00 
 5.39337500e-08  3.30054566e+00 
 5.39500000e-08  3.30084253e+00 
 5.39525000e-08  3.30089192e+00 
 5.39575000e-08  3.30099257e+00 
 5.39675000e-08  3.30120344e+00 
 5.39837500e-08  3.30154756e+00 
 5.40000000e-08  3.30187980e+00 
 5.40025000e-08  3.30193117e+00 
 5.40075000e-08  3.30203457e+00 
 5.40175000e-08  3.30223937e+00 
 5.40337500e-08  3.30257699e+00 
 5.40500000e-08  3.30293327e+00 
 5.40525000e-08  3.30298962e+00 
 5.40575000e-08  3.30310284e+00 
 5.40675000e-08  3.30333288e+00 
 5.40837500e-08  3.30371815e+00 
 5.41000000e-08  3.30411471e+00 
 5.41025000e-08  3.30417598e+00 
 5.41075000e-08  3.30429917e+00 
 5.41175000e-08  3.30454211e+00 
 5.41337500e-08  3.30491463e+00 
 5.41500000e-08  3.30525509e+00 
 5.41525000e-08  3.30530410e+00 
 5.41575000e-08  3.30540213e+00 
 5.41675000e-08  3.30559785e+00 
 5.41837500e-08  3.30592819e+00 
 5.42000000e-08  3.30629351e+00 
 5.42025000e-08  3.30635427e+00 
 5.42075000e-08  3.30647959e+00 
 5.42175000e-08  3.30675117e+00 
 5.42337500e-08  3.30725864e+00 
 5.42500000e-08  3.30786407e+00 
 5.42525000e-08  3.30796784e+00 
 5.42575000e-08  3.30818287e+00 
 5.42675000e-08  3.30865373e+00 
 5.42837500e-08  3.30954986e+00 
 5.43000000e-08  3.31064558e+00 
 5.43025000e-08  3.31083657e+00 
 5.43075000e-08  3.31123539e+00 
 5.43175000e-08  3.31211973e+00 
 5.43337500e-08  3.31383970e+00 
 5.43500000e-08  3.31596852e+00 
 5.43525000e-08  3.31633469e+00 
 5.43575000e-08  3.31709049e+00 
 5.43675000e-08  3.31864249e+00 
 5.43837500e-08  3.32079858e+00 
 5.44000000e-08  3.32117360e+00 
 5.44025000e-08  3.32090772e+00 
 5.44075000e-08  3.32014119e+00 
 5.44175000e-08  3.31698371e+00 
 5.44337500e-08  3.30622424e+00 
 5.44500000e-08  3.28826487e+00 
 5.44525000e-08  3.28469971e+00 
 5.44575000e-08  3.27708429e+00 
 5.44675000e-08  3.25886144e+00 
 5.44837500e-08  3.22004659e+00 
 5.45000000e-08  3.16809813e+00 
 5.45025000e-08  3.15859384e+00 
 5.45075000e-08  3.13872352e+00 
 5.45175000e-08  3.09342386e+00 
 5.45337500e-08  2.99993034e+00 
 5.45500000e-08  2.86877595e+00 
 5.45525000e-08  2.84298281e+00 
 5.45575000e-08  2.78628924e+00 
 5.45675000e-08  2.63942223e+00 
 5.45837500e-08  2.29922516e+00 
 5.46000000e-08  1.84242111e+00 
 5.46025000e-08  1.76130354e+00 
 5.46075000e-08  1.59446929e+00 
 5.46175000e-08  1.23838586e+00 
 5.46337500e-08  6.87844541e-01 
 5.46500000e-08  3.07457175e-01 
 5.46525000e-08  2.70937143e-01 
 5.46575000e-08  2.06644620e-01 
 5.46675000e-08  1.20659954e-01 
 5.46837500e-08  5.51077823e-02 
 5.47000000e-08  3.22613142e-02 
 5.47025000e-08  3.04465644e-02 
 5.47075000e-08  2.70671205e-02 
 5.47175000e-08  2.17380039e-02 
 5.47337500e-08  1.57019817e-02 
 5.47500000e-08  1.16328625e-02 
 5.47525000e-08  1.11342453e-02 
 5.47575000e-08  1.01755626e-02 
 5.47675000e-08  8.49321131e-03 
 5.47837500e-08  6.31630267e-03 
 5.48000000e-08  4.68851938e-03 
 5.48025000e-08  4.48351568e-03 
 5.48075000e-08  4.09069374e-03 
 5.48175000e-08  3.40220751e-03 
 5.48337500e-08  2.51660671e-03 
 5.48500000e-08  1.86140766e-03 
 5.48525000e-08  1.77956745e-03 
 5.48575000e-08  1.62332382e-03 
 5.48675000e-08  1.35129529e-03 
 5.48837500e-08  1.00439633e-03 
 5.49000000e-08  7.50357307e-04 
 5.49025000e-08  7.18736533e-04 
 5.49075000e-08  6.58323490e-04 
 5.49175000e-08  5.53080859e-04 
 5.49337500e-08  4.19217951e-04 
 5.49500000e-08  3.21626362e-04 
 5.49525000e-08  3.09580814e-04 
 5.49575000e-08  2.86682001e-04 
 5.49675000e-08  2.47115564e-04 
 5.49837500e-08  1.96720617e-04 
 5.50000000e-08  1.59159723e-04 
 5.50025000e-08  1.54339001e-04 
 5.50075000e-08  1.45090071e-04 
 5.50175000e-08  1.28645440e-04 
 5.50337500e-08  1.06735573e-04 
 5.50500000e-08  8.92058449e-05 
 5.50525000e-08  8.68726306e-05 
 5.50575000e-08  8.22738106e-05 
 5.50675000e-08  7.36683074e-05 
 5.50837500e-08  6.15858325e-05 
 5.51000000e-08  5.12753816e-05 
 5.51025000e-08  4.96080217e-05 
 5.51075000e-08  4.61285793e-05 
 5.51175000e-08  3.94120321e-05 
 5.51337500e-08  3.01808650e-05 
 5.51500000e-08  2.40340503e-05 
 5.51525000e-08  2.35354254e-05 
 5.51575000e-08  2.27128873e-05 
 5.51675000e-08  2.20668971e-05 
 5.51837500e-08  2.20698793e-05 
 5.52000000e-08  2.25079724e-05 
 5.52025000e-08  2.23765383e-05 
 5.52075000e-08  2.17383951e-05 
 5.52175000e-08  1.96776845e-05 
 5.52337500e-08  1.69185816e-05 
 5.52500000e-08  1.55144433e-05 
 5.52525000e-08  1.55186528e-05 
 5.52575000e-08  1.56659636e-05 
 5.52675000e-08  1.62145927e-05 
 5.52837500e-08  1.56280653e-05 
 5.53000000e-08  1.23768478e-05 
 5.53025000e-08  1.16303153e-05 
 5.53075000e-08  1.00238772e-05 
 5.53175000e-08  6.52887384e-06 
 5.53337500e-08  1.25649034e-06 
 5.53500000e-08 -2.44729878e-06 
 5.53525000e-08 -2.74672083e-06 
 5.53575000e-08 -3.39166762e-06 
 5.53675000e-08 -4.59199680e-06 
 5.53837500e-08 -5.47369003e-06 
 5.54000000e-08 -4.86037019e-06 
 5.54025000e-08 -4.63394994e-06 
 5.54075000e-08 -4.15337527e-06 
 5.54175000e-08 -2.95089403e-06 
 5.54337500e-08  8.86555855e-07 
 5.54500000e-08  4.49853271e-06 
 5.54525000e-08  4.98565288e-06 
 5.54575000e-08  6.07453972e-06 
 5.54675000e-08  8.48584869e-06 
 5.54837500e-08  1.18033449e-05 
 5.55000000e-08  1.47874860e-05 
 5.55025000e-08  1.51889489e-05 
 5.55075000e-08  1.58202440e-05 
 5.55175000e-08  1.65115507e-05 
 5.55337500e-08  1.67029368e-05 
 5.55500000e-08  1.59682983e-05 
 5.55525000e-08  1.57553246e-05 
 5.55575000e-08  1.52035427e-05 
 5.55675000e-08  1.36787411e-05 
 5.55837500e-08  1.03993205e-05 
 5.56000000e-08  5.90666916e-06 
 5.56025000e-08  5.15419521e-06 
 5.56075000e-08  3.37027078e-06 
 5.56175000e-08  5.33592169e-07 
 5.56337500e-08 -4.75590588e-06 
 5.56500000e-08 -1.22758680e-05 
 5.56525000e-08 -1.35954669e-05 
 5.56575000e-08 -1.66278384e-05 
 5.56675000e-08 -2.25495470e-05 
 5.56837500e-08 -2.88008882e-05 
 5.57000000e-08 -2.91251472e-05 
 5.57025000e-08 -2.83840296e-05 
 5.57075000e-08 -2.67399841e-05 
 5.57175000e-08 -2.15359841e-05 
 5.57337500e-08 -9.20264725e-06 
 5.57500000e-08  8.32109293e-06 
 5.57525000e-08  1.15497267e-05 
 5.57575000e-08  1.81872818e-05 
 5.57675000e-08  3.33216763e-05 
 5.57837500e-08  6.21388236e-05 
 5.58000000e-08  9.27762599e-05 
 5.58025000e-08  9.73859271e-05 
 5.58075000e-08  1.06465721e-04 
 5.58175000e-08  1.27931852e-04 
 5.58337500e-08  1.50865914e-04 
 5.58500000e-08  1.62600477e-04 
 5.58525000e-08  1.63391707e-04 
 5.58575000e-08  1.64463094e-04 
 5.58675000e-08  1.62346507e-04 
 5.58837500e-08  1.55685508e-04 
 5.59000000e-08  1.47568960e-04 
 5.59025000e-08  1.46154094e-04 
 5.59075000e-08  1.44000264e-04 
 5.59175000e-08  1.41686722e-04 
 5.59337500e-08  1.37998235e-04 
 5.59500000e-08  1.23623888e-04 
 5.59525000e-08  1.19447443e-04 
 5.59575000e-08  1.11045329e-04 
 5.59675000e-08  9.29817911e-05 
 5.59837500e-08  6.49130846e-05 
 5.60000000e-08  4.43298352e-05 
 5.60025000e-08  4.22076604e-05 
 5.60075000e-08  3.89607447e-05 
 5.60175000e-08  3.66547444e-05 
 5.60337500e-08  4.41675490e-05 
 5.60500000e-08  6.68918211e-05 
 5.60525000e-08  7.16756148e-05 
 5.60575000e-08  8.25969942e-05 
 5.60675000e-08  1.07892308e-04 
 5.60837500e-08  1.53492073e-04 
 5.61000000e-08  1.87360552e-04 
 5.61025000e-08  1.89872629e-04 
 5.61075000e-08  1.93714572e-04 
 5.61175000e-08  1.90107464e-04 
 5.61337500e-08  1.42442358e-04 
 5.61500000e-08  2.26682172e-05 
 5.61525000e-08 -4.95655246e-06 
 5.61575000e-08 -6.88505099e-05 
 5.61675000e-08 -2.28804919e-04 
 5.61837500e-08 -5.72982068e-04 
 5.62000000e-08 -1.00369395e-03 
 5.62025000e-08 -1.07619154e-03 
 5.62075000e-08 -1.21081378e-03 
 5.62175000e-08 -1.45186612e-03 
 5.62337500e-08 -1.92369026e-03 
 5.62500000e-08 -2.41480932e-03 
 5.62525000e-08 -2.48923931e-03 
 5.62575000e-08 -2.63772045e-03 
 5.62675000e-08 -2.93186073e-03 
 5.62837500e-08 -3.40458009e-03 
 5.63000000e-08 -3.87671328e-03 
 5.63025000e-08 -3.94941957e-03 
 5.63075000e-08 -4.09582063e-03 
 5.63175000e-08 -4.39244800e-03 
 5.63337500e-08 -4.89153151e-03 
 5.63500000e-08 -5.41774864e-03 
 5.63525000e-08 -5.50016305e-03 
 5.63575000e-08 -5.67074639e-03 
 5.63675000e-08 -6.03048126e-03 
 5.63837500e-08 -6.67008536e-03 
 5.64000000e-08 -7.39291901e-03 
 5.64025000e-08 -7.51146743e-03 
 5.64075000e-08 -7.76091018e-03 
 5.64175000e-08 -8.29051533e-03 
 5.64337500e-08 -9.26098871e-03 
 5.64500000e-08 -1.04201069e-02 
 5.64525000e-08 -1.06143799e-02 
 5.64575000e-08 -1.10326499e-02 
 5.64675000e-08 -1.19309549e-02 
 5.64837500e-08 -1.35290236e-02 
 5.65000000e-08 -1.50618037e-02 
 5.65025000e-08 -1.52462958e-02 
 5.65075000e-08 -1.55828180e-02 
 5.65175000e-08 -1.58445134e-02 
 5.65337500e-08 -1.43544407e-02 
 5.65500000e-08 -9.19907798e-03 
 5.65525000e-08 -7.93547021e-03 
 5.65575000e-08 -5.14627217e-03 
 5.65675000e-08  1.99771307e-03 
 5.65837500e-08  1.83796161e-02 
 5.66000000e-08  4.24755590e-02 
 5.66025000e-08  4.70466281e-02 
 5.66075000e-08  5.66666666e-02 
 5.66175000e-08  7.89684386e-02 
 5.66337500e-08  1.25550163e-01 
 5.66500000e-08  1.88779665e-01 
 5.66525000e-08  2.00607830e-01 
 5.66575000e-08  2.25585431e-01 
 5.66675000e-08  2.84525450e-01 
 5.66837500e-08  4.17556446e-01 
 5.67000000e-08  6.31674309e-01 
 5.67025000e-08  6.75362999e-01 
 5.67075000e-08  7.68518325e-01 
 5.67175000e-08  9.87710020e-01 
 5.67337500e-08  1.42946359e+00 
 5.67500000e-08  1.95850607e+00 
 5.67525000e-08  2.04520842e+00 
 5.67575000e-08  2.21521005e+00 
 5.67675000e-08  2.51119657e+00 
 5.67837500e-08  2.84891959e+00 
 5.68000000e-08  3.04941430e+00 
 5.68025000e-08  3.06973618e+00 
 5.68075000e-08  3.10681308e+00 
 5.68175000e-08  3.16295609e+00 
 5.68337500e-08  3.21853053e+00 
 5.68500000e-08  3.24733604e+00 
 5.68525000e-08  3.25016452e+00 
 5.68575000e-08  3.25541911e+00 
 5.68675000e-08  3.26389996e+00 
 5.68837500e-08  3.27373134e+00 
 5.69000000e-08  3.28043648e+00 
 5.69025000e-08  3.28125174e+00 
 5.69075000e-08  3.28280914e+00 
 5.69175000e-08  3.28552130e+00 
 5.69337500e-08  3.28899858e+00 
 5.69500000e-08  3.29157974e+00 
 5.69525000e-08  3.29190416e+00 
 5.69575000e-08  3.29252569e+00 
 5.69675000e-08  3.29361715e+00 
 5.69837500e-08  3.29503200e+00 
 5.70000000e-08  3.29609552e+00 
 5.70025000e-08  3.29623021e+00 
 5.70075000e-08  3.29648823e+00 
 5.70175000e-08  3.29694282e+00 
 5.70337500e-08  3.29753490e+00 
 5.70500000e-08  3.29798287e+00 
 5.70525000e-08  3.29804174e+00 
 5.70575000e-08  3.29815532e+00 
 5.70675000e-08  3.29836571e+00 
 5.70837500e-08  3.29866724e+00 
 5.71000000e-08  3.29892294e+00 
 5.71025000e-08  3.29895777e+00 
 5.71075000e-08  3.29902483e+00 
 5.71175000e-08  3.29914697e+00 
 5.71337500e-08  3.29931682e+00 
 5.71500000e-08  3.29945625e+00 
 5.71525000e-08  3.29947511e+00 
 5.71575000e-08  3.29951202e+00 
 5.71675000e-08  3.29957808e+00 
 5.71837500e-08  3.29966538e+00 
 5.72000000e-08  3.29973167e+00 
 5.72025000e-08  3.29973997e+00 
 5.72075000e-08  3.29975545e+00 
 5.72175000e-08  3.29978164e+00 
 5.72337500e-08  3.29981463e+00 
 5.72500000e-08  3.29983948e+00 
 5.72525000e-08  3.29984279e+00 
 5.72575000e-08  3.29984917e+00 
 5.72675000e-08  3.29986106e+00 
 5.72837500e-08  3.29987764e+00 
 5.73000000e-08  3.29989140e+00 
 5.73025000e-08  3.29989342e+00 
 5.73075000e-08  3.29989763e+00 
 5.73175000e-08  3.29990587e+00 
 5.73337500e-08  3.29991813e+00 
 5.73500000e-08  3.29993132e+00 
 5.73525000e-08  3.29993363e+00 
 5.73575000e-08  3.29993862e+00 
 5.73675000e-08  3.29994881e+00 
 5.73837500e-08  3.29996079e+00 
 5.74000000e-08  3.29996297e+00 
 5.74025000e-08  3.29996225e+00 
 5.74075000e-08  3.29996046e+00 
 5.74175000e-08  3.29995520e+00 
 5.74337500e-08  3.29994473e+00 
 5.74500000e-08  3.29993432e+00 
 5.74525000e-08  3.29993290e+00 
 5.74575000e-08  3.29993012e+00 
 5.74675000e-08  3.29992515e+00 
 5.74837500e-08  3.29991832e+00 
 5.75000000e-08  3.29991264e+00 
 5.75025000e-08  3.29991188e+00 
 5.75075000e-08  3.29991020e+00 
 5.75175000e-08  3.29990664e+00 
 5.75337500e-08  3.29990146e+00 
 5.75500000e-08  3.29989850e+00 
 5.75525000e-08  3.29989838e+00 
 5.75575000e-08  3.29989821e+00 
 5.75675000e-08  3.29989900e+00 
 5.75837500e-08  3.29990310e+00 
 5.76000000e-08  3.29991003e+00 
 5.76025000e-08  3.29991145e+00 
 5.76075000e-08  3.29991443e+00 
 5.76175000e-08  3.29992158e+00 
 5.76337500e-08  3.29993580e+00 
 5.76500000e-08  3.29995245e+00 
 5.76525000e-08  3.29995508e+00 
 5.76575000e-08  3.29996019e+00 
 5.76675000e-08  3.29996970e+00 
 5.76837500e-08  3.29998269e+00 
 5.77000000e-08  3.29999183e+00 
 5.77025000e-08  3.29999282e+00 
 5.77075000e-08  3.29999454e+00 
 5.77175000e-08  3.29999669e+00 
 5.77337500e-08  3.29999520e+00 
 5.77500000e-08  3.29999153e+00 
 5.77525000e-08  3.29999097e+00 
 5.77575000e-08  3.29998995e+00 
 5.77675000e-08  3.29998848e+00 
 5.77837500e-08  3.29998686e+00 
 5.78000000e-08  3.29998531e+00 
 5.78025000e-08  3.29998489e+00 
 5.78075000e-08  3.29998393e+00 
 5.78175000e-08  3.29998067e+00 
 5.78337500e-08  3.29997197e+00 
 5.78500000e-08  3.29996143e+00 
 5.78525000e-08  3.29995973e+00 
 5.78575000e-08  3.29995642e+00 
 5.78675000e-08  3.29995066e+00 
 5.78837500e-08  3.29994641e+00 
 5.79000000e-08  3.29995705e+00 
 5.79025000e-08  3.29996043e+00 
 5.79075000e-08  3.29996768e+00 
 5.79175000e-08  3.29998344e+00 
 5.79337500e-08  3.30001268e+00 
 5.79500000e-08  3.30003619e+00 
 5.79525000e-08  3.30003790e+00 
 5.79575000e-08  3.30004017e+00 
 5.79675000e-08  3.30003646e+00 
 5.79837500e-08  3.30000499e+00 
 5.80000000e-08  3.29994863e+00 
 5.80025000e-08  3.29993756e+00 
 5.80075000e-08  3.29991475e+00 
 5.80175000e-08  3.29986698e+00 
 5.80337500e-08  3.29979579e+00 
 5.80500000e-08  3.29974020e+00 
 5.80525000e-08  3.29973318e+00 
 5.80575000e-08  3.29971921e+00 
 5.80675000e-08  3.29969385e+00 
 5.80837500e-08  3.29967149e+00 
 5.81000000e-08  3.29966994e+00 
 5.81025000e-08  3.29967153e+00 
 5.81075000e-08  3.29967542e+00 
 5.81175000e-08  3.29968719e+00 
 5.81337500e-08  3.29972832e+00 
 5.81500000e-08  3.29976145e+00 
 5.81525000e-08  3.29976572e+00 
 5.81575000e-08  3.29977391e+00 
 5.81675000e-08  3.29978825e+00 
 5.81837500e-08  3.29980596e+00 
 5.82000000e-08  3.29983509e+00 
 5.82025000e-08  3.29984196e+00 
 5.82075000e-08  3.29985523e+00 
 5.82175000e-08  3.29988053e+00 
 5.82337500e-08  3.29991610e+00 
 5.82500000e-08  3.29994248e+00 
 5.82525000e-08  3.29994546e+00 
 5.82575000e-08  3.29995048e+00 
 5.82675000e-08  3.29995652e+00 
 5.82837500e-08  3.29995660e+00 
 5.83000000e-08  3.29994630e+00 
 5.83025000e-08  3.29994395e+00 
 5.83075000e-08  3.29993849e+00 
 5.83175000e-08  3.29992480e+00 
 5.83337500e-08  3.29989237e+00 
 5.83500000e-08  3.29984315e+00 
 5.83525000e-08  3.29983402e+00 
 5.83575000e-08  3.29981366e+00 
 5.83675000e-08  3.29976844e+00 
 5.83837500e-08  3.29969115e+00 
 5.84000000e-08  3.29962773e+00 
 5.84025000e-08  3.29962112e+00 
 5.84075000e-08  3.29960881e+00 
 5.84175000e-08  3.29959365e+00 
 5.84337500e-08  3.29959190e+00 
 5.84500000e-08  3.29961265e+00 
 5.84525000e-08  3.29961798e+00 
 5.84575000e-08  3.29962888e+00 
 5.84675000e-08  3.29965604e+00 
 5.84837500e-08  3.29971594e+00 
 5.85000000e-08  3.29980186e+00 
 5.85025000e-08  3.29981840e+00 
 5.85075000e-08  3.29985312e+00 
 5.85175000e-08  3.29993575e+00 
 5.85337500e-08  3.30012030e+00 
 5.85500000e-08  3.30036016e+00 
 5.85525000e-08  3.30040164e+00 
 5.85575000e-08  3.30048675e+00 
 5.85675000e-08  3.30066957e+00 
 5.85837500e-08  3.30099071e+00 
 5.86000000e-08  3.30133067e+00 
 5.86025000e-08  3.30138090e+00 
 5.86075000e-08  3.30148036e+00 
 5.86175000e-08  3.30168401e+00 
 5.86337500e-08  3.30200056e+00 
 5.86500000e-08  3.30233856e+00 
 5.86525000e-08  3.30239068e+00 
 5.86575000e-08  3.30249561e+00 
 5.86675000e-08  3.30271104e+00 
 5.86837500e-08  3.30307579e+00 
 5.87000000e-08  3.30345532e+00 
 5.87025000e-08  3.30351524e+00 
 5.87075000e-08  3.30363638e+00 
 5.87175000e-08  3.30388364e+00 
 5.87337500e-08  3.30429005e+00 
 5.87500000e-08  3.30468551e+00 
 5.87525000e-08  3.30474297e+00 
 5.87575000e-08  3.30485700e+00 
 5.87675000e-08  3.30507584e+00 
 5.87837500e-08  3.30541088e+00 
 5.88000000e-08  3.30573688e+00 
 5.88025000e-08  3.30578724e+00 
 5.88075000e-08  3.30588981e+00 
 5.88175000e-08  3.30610524e+00 
 5.88337500e-08  3.30649419e+00 
 5.88500000e-08  3.30694744e+00 
 5.88525000e-08  3.30702444e+00 
 5.88575000e-08  3.30718370e+00 
 5.88675000e-08  3.30753099e+00 
 5.88837500e-08  3.30818511e+00 
 5.89000000e-08  3.30897241e+00 
 5.89025000e-08  3.30910799e+00 
 5.89075000e-08  3.30938954e+00 
 5.89175000e-08  3.31000939e+00 
 5.89337500e-08  3.31120733e+00 
 5.89500000e-08  3.31270417e+00 
 5.89525000e-08  3.31296856e+00 
 5.89575000e-08  3.31352336e+00 
 5.89675000e-08  3.31475470e+00 
 5.89837500e-08  3.31708020e+00 
 5.90000000e-08  3.31956957e+00 
 5.90025000e-08  3.31992300e+00 
 5.90075000e-08  3.32058275e+00 
 5.90175000e-08  3.32141780e+00 
 5.90337500e-08  3.32021309e+00 
 5.90500000e-08  3.31386879e+00 
 5.90525000e-08  3.31221806e+00 
 5.90575000e-08  3.30853587e+00 
 5.90675000e-08  3.29887510e+00 
 5.90837500e-08  3.27742852e+00 
 5.91000000e-08  3.24560334e+00 
 5.91025000e-08  3.23958746e+00 
 5.91075000e-08  3.22696691e+00 
 5.91175000e-08  3.19801196e+00 
 5.91337500e-08  3.13882352e+00 
 5.91500000e-08  3.06078030e+00 
 5.91525000e-08  3.04644113e+00 
 5.91575000e-08  3.01627033e+00 
 5.91675000e-08  2.94588059e+00 
 5.91837500e-08  2.78551225e+00 
 5.92000000e-08  2.52018419e+00 
 5.92025000e-08  2.46702813e+00 
 5.92075000e-08  2.35469545e+00 
 5.92175000e-08  2.09648316e+00 
 5.92337500e-08  1.59096298e+00 
 5.92500000e-08  1.01072227e+00 
 5.92525000e-08  9.21199567e-01 
 5.92575000e-08  7.51992639e-01 
 5.92675000e-08  4.73977989e-01 
 5.92837500e-08  1.97960133e-01 
 5.93000000e-08  8.28516643e-02 
 5.93025000e-08  7.48973497e-02 
 5.93075000e-08  6.10189552e-02 
 5.93175000e-08  4.25750731e-02 
 5.93337500e-08  2.68104203e-02 
 5.93500000e-08  1.89111220e-02 
 5.93525000e-08  1.80649815e-02 
 5.93575000e-08  1.64434119e-02 
 5.93675000e-08  1.36583613e-02 
 5.93837500e-08  1.01426823e-02 
 5.94000000e-08  7.55431178e-03 
 5.94025000e-08  7.22784718e-03 
 5.94075000e-08  6.60113940e-03 
 5.94175000e-08  5.50050372e-03 
 5.94337500e-08  4.07804875e-03 
 5.94500000e-08  3.02009567e-03 
 5.94525000e-08  2.88709961e-03 
 5.94575000e-08  2.63265560e-03 
 5.94675000e-08  2.18757454e-03 
 5.94837500e-08  1.61681514e-03 
 5.95000000e-08  1.19668473e-03 
 5.95025000e-08  1.14453989e-03 
 5.95075000e-08  1.04528824e-03 
 5.95175000e-08  8.73595870e-04 
 5.95337500e-08  6.55920640e-04 
 5.95500000e-08  4.96983406e-04 
 5.95525000e-08  4.77234599e-04 
 5.95575000e-08  4.39548765e-04 
 5.95675000e-08  3.74024235e-04 
 5.95837500e-08  2.90635587e-04 
 5.96000000e-08  2.29464563e-04 
 5.96025000e-08  2.21767251e-04 
 5.96075000e-08  2.06998262e-04 
 5.96175000e-08  1.80860692e-04 
 5.96337500e-08  1.46525078e-04 
 5.96500000e-08  1.20294881e-04 
 5.96525000e-08  1.16928116e-04 
 5.96575000e-08  1.10486892e-04 
 5.96675000e-08  9.88806210e-05 
 5.96837500e-08  8.32811241e-05 
 5.97000000e-08  7.06045457e-05 
 5.97025000e-08  6.88597748e-05 
 5.97075000e-08  6.54325578e-05 
 5.97175000e-08  5.88326729e-05 
 5.97337500e-08  4.80050124e-05 
 5.97500000e-08  3.65360780e-05 
 5.97525000e-08  3.50418666e-05 
 5.97575000e-08  3.20703834e-05 
 5.97675000e-08  2.71369988e-05 
 5.97837500e-08  2.17218684e-05 
 5.98000000e-08  1.88289339e-05 
 5.98025000e-08  1.86100160e-05 
 5.98075000e-08  1.81769117e-05 
 5.98175000e-08  1.76891950e-05 
 5.98337500e-08  1.75895497e-05 
 5.98500000e-08  1.81910167e-05 
 5.98525000e-08  1.84337414e-05 
 5.98575000e-08  1.89966937e-05 
 5.98675000e-08  2.03805794e-05 
 5.98837500e-08  2.18368948e-05 
 5.99000000e-08  2.11266475e-05 
 5.99025000e-08  2.06790835e-05 
 5.99075000e-08  1.95147191e-05 
 5.99175000e-08  1.61849859e-05 
 5.99337500e-08  9.57557738e-06 
 5.99500000e-08  3.09760269e-06 
 5.99525000e-08  2.19136596e-06 
 5.99575000e-08  4.06628560e-07 
 5.99675000e-08 -2.85511060e-06 
 5.99837500e-08 -5.62971571e-06 
 6.00000000e-08 -6.82453325e-06 
 6.00025000e-08 -6.78980785e-06 
 6.00075000e-08 -6.58148539e-06 
 6.00175000e-08 -5.56592489e-06 
 6.00337500e-08 -3.05227827e-06 
 6.00500000e-08  3.56707596e-07 
 6.00525000e-08  1.28655266e-06 
 6.00575000e-08  2.87393087e-06 
 6.00675000e-08  5.02408024e-06 
 6.00837500e-08  7.46666133e-06 
 6.01000000e-08  9.22877449e-06 
 6.01025000e-08  9.50422085e-06 
 6.01075000e-08  1.02322183e-05 
 6.01175000e-08  1.23121818e-05 
 6.01337500e-08  1.56441547e-05 
 6.01500000e-08  1.78257676e-05 
 6.01525000e-08  1.79549397e-05 
 6.01575000e-08  1.79964646e-05 
 6.01675000e-08  1.73062258e-05 
 6.01837500e-08  1.51345718e-05 
 6.02000000e-08  1.22797865e-05 
 6.02025000e-08  1.18790580e-05 
 6.02075000e-08  1.10803327e-05 
 6.02175000e-08  9.32379066e-06 
 6.02337500e-08  5.25083627e-06 
 6.02500000e-08  2.02573721e-08 
 6.02525000e-08 -1.00457053e-06 
 6.02575000e-08 -3.54925042e-06 
 6.02675000e-08 -9.58335649e-06 
 6.02837500e-08 -1.99939318e-05 
 6.03000000e-08 -2.80358196e-05 
 6.03025000e-08 -2.86667969e-05 
 6.03075000e-08 -2.98097193e-05 
 6.03175000e-08 -3.00458526e-05 
 6.03337500e-08 -2.60088767e-05 
 6.03500000e-08 -1.71796419e-05 
 6.03525000e-08 -1.51884784e-05 
 6.03575000e-08 -1.10102937e-05 
 6.03675000e-08 -4.33978212e-07 
 6.03837500e-08  2.17553236e-05 
 6.04000000e-08  5.09173859e-05 
 6.04025000e-08  5.57736036e-05 
 6.04075000e-08  6.53771842e-05 
 6.04175000e-08  8.42439352e-05 
 6.04337500e-08  1.13194474e-04 
 6.04500000e-08  1.41019136e-04 
 6.04525000e-08  1.43606783e-04 
 6.04575000e-08  1.48456402e-04 
 6.04675000e-08  1.56134418e-04 
 6.04837500e-08  1.62617744e-04 
 6.05000000e-08  1.58308703e-04 
 6.05025000e-08  1.57994199e-04 
 6.05075000e-08  1.56998504e-04 
 6.05175000e-08  1.52953434e-04 
 6.05337500e-08  1.46423112e-04 
 6.05500000e-08  1.42563866e-04 
 6.05525000e-08  1.42054970e-04 
 6.05575000e-08  1.40285065e-04 
 6.05675000e-08  1.30839471e-04 
 6.05837500e-08  1.04874448e-04 
 6.06000000e-08  7.45708402e-05 
 6.06025000e-08  7.00589854e-05 
 6.06075000e-08  6.17646878e-05 
 6.06175000e-08  4.82547186e-05 
 6.06337500e-08  3.59269100e-05 
 6.06500000e-08  3.69105760e-05 
 6.06525000e-08  3.83984454e-05 
 6.06575000e-08  4.26472746e-05 
 6.06675000e-08  5.60050073e-05 
 6.06837500e-08  9.10241360e-05 
 6.07000000e-08  1.39653067e-04 
 6.07025000e-08  1.47106547e-04 
 6.07075000e-08  1.62156547e-04 
 6.07175000e-08  1.86884945e-04 
 6.07337500e-08  2.01950505e-04 
 6.07500000e-08  1.72186311e-04 
 6.07525000e-08  1.61799809e-04 
 6.07575000e-08  1.37705249e-04 
 6.07675000e-08  6.57239471e-05 
 6.07837500e-08 -1.33634347e-04 
 6.08000000e-08 -4.40855086e-04 
 6.08025000e-08 -4.98198840e-04 
 6.08075000e-08 -6.17090820e-04 
 6.08175000e-08 -8.78605936e-04 
 6.08337500e-08 -1.32094380e-03 
 6.08500000e-08 -1.75312097e-03 
 6.08525000e-08 -1.82903775e-03 
 6.08575000e-08 -1.98114632e-03 
 6.08675000e-08 -2.28484816e-03 
 6.08837500e-08 -2.76966789e-03 
 6.09000000e-08 -3.24257882e-03 
 6.09025000e-08 -3.31385808e-03 
 6.09075000e-08 -3.45669344e-03 
 6.09175000e-08 -3.74206245e-03 
 6.09337500e-08 -4.21040750e-03 
 6.09500000e-08 -4.69495944e-03 
 6.09525000e-08 -4.77153335e-03 
 6.09575000e-08 -4.92771473e-03 
 6.09675000e-08 -5.24908468e-03 
 6.09837500e-08 -5.80173974e-03 
 6.10000000e-08 -6.41622405e-03 
 6.10025000e-08 -6.51663928e-03 
 6.10075000e-08 -6.72565729e-03 
 6.10175000e-08 -7.16613905e-03 
 6.10337500e-08 -7.95763756e-03 
 6.10500000e-08 -8.87564058e-03 
 6.10525000e-08 -9.02840120e-03 
 6.10575000e-08 -9.35523788e-03 
 6.10675000e-08 -1.00605848e-02 
 6.10837500e-08 -1.13793972e-02 
 6.11000000e-08 -1.29250666e-02 
 6.11025000e-08 -1.31711468e-02 
 6.11075000e-08 -1.36858340e-02 
 6.11175000e-08 -1.46670523e-02 
 6.11337500e-08 -1.57483421e-02 
 6.11500000e-08 -1.52413223e-02 
 6.11525000e-08 -1.49048967e-02 
 6.11575000e-08 -1.40627869e-02 
 6.11675000e-08 -1.11885595e-02 
 6.11837500e-08 -2.49457046e-03 
 6.12000000e-08  1.15597566e-02 
 6.12025000e-08  1.43679177e-02 
 6.12075000e-08  2.03470640e-02 
 6.12175000e-08  3.45822915e-02 
 6.12337500e-08  6.50117827e-02 
 6.12500000e-08  1.06433105e-01 
 6.12525000e-08  1.14117565e-01 
 6.12575000e-08  1.30259062e-01 
 6.12675000e-08  1.67625289e-01 
 6.12837500e-08  2.46890963e-01 
 6.13000000e-08  3.60428072e-01 
 6.13025000e-08  3.82676205e-01 
 6.13075000e-08  4.30859220e-01 
 6.13175000e-08  5.53465824e-01 
 6.13337500e-08  8.43834217e-01 
 6.13500000e-08  1.24644995e+00 
 6.13525000e-08  1.31908611e+00 
 6.13575000e-08  1.46900071e+00 
 6.13675000e-08  1.79252469e+00 
 6.13837500e-08  2.32875435e+00 
 6.14000000e-08  2.73399422e+00 
 6.14025000e-08  2.77985740e+00 
 6.14075000e-08  2.86424547e+00 
 6.14175000e-08  2.99618389e+00 
 6.14337500e-08  3.13142461e+00 
 6.14500000e-08  3.20203416e+00 
 6.14525000e-08  3.20873913e+00 
 6.14575000e-08  3.22096852e+00 
 6.14675000e-08  3.23959195e+00 
 6.14837500e-08  3.25899112e+00 
 6.15000000e-08  3.27058094e+00 
 6.15025000e-08  3.27189093e+00 
 6.15075000e-08  3.27437525e+00 
 6.15175000e-08  3.27862064e+00 
 6.15337500e-08  3.28394572e+00 
 6.15500000e-08  3.28783585e+00 
 6.15525000e-08  3.28832214e+00 
 6.15575000e-08  3.28925331e+00 
 6.15675000e-08  3.29088524e+00 
 6.15837500e-08  3.29299229e+00 
 6.16000000e-08  3.29456549e+00 
 6.16025000e-08  3.29476353e+00 
 6.16075000e-08  3.29514258e+00 
 6.16175000e-08  3.29580839e+00 
 6.16337500e-08  3.29667637e+00 
 6.16500000e-08  3.29733375e+00 
 6.16525000e-08  3.29741733e+00 
 6.16575000e-08  3.29757687e+00 
 6.16675000e-08  3.29786019e+00 
 6.16837500e-08  3.29824496e+00 
 6.17000000e-08  3.29856652e+00 
 6.17025000e-08  3.29861121e+00 
 6.17075000e-08  3.29869791e+00 
 6.17175000e-08  3.29885822e+00 
 6.17337500e-08  3.29908295e+00 
 6.17500000e-08  3.29926809e+00 
 6.17525000e-08  3.29929312e+00 
 6.17575000e-08  3.29934135e+00 
 6.17675000e-08  3.29942870e+00 
 6.17837500e-08  3.29954804e+00 
 6.18000000e-08  3.29964056e+00 
 6.18025000e-08  3.29965233e+00 
 6.18075000e-08  3.29967468e+00 
 6.18175000e-08  3.29971372e+00 
 6.18337500e-08  3.29976404e+00 
 6.18500000e-08  3.29980158e+00 
 6.18525000e-08  3.29980659e+00 
 6.18575000e-08  3.29981619e+00 
 6.18675000e-08  3.29983377e+00 
 6.18837500e-08  3.29985739e+00 
 6.19000000e-08  3.29987575e+00 
 6.19025000e-08  3.29987816e+00 
 6.19075000e-08  3.29988260e+00 
 6.19175000e-08  3.29989037e+00 
 6.19337500e-08  3.29990257e+00 
 6.19500000e-08  3.29991498e+00 
 6.19525000e-08  3.29991689e+00 
 6.19575000e-08  3.29992087e+00 
 6.19675000e-08  3.29992940e+00 
 6.19837500e-08  3.29994455e+00 
 6.20000000e-08  3.29995819e+00 
 6.20025000e-08  3.29995926e+00 
 6.20075000e-08  3.29996096e+00 
 6.20175000e-08  3.29996127e+00 
 6.20337500e-08  3.29995589e+00 
 6.20500000e-08  3.29994676e+00 
 6.20525000e-08  3.29994531e+00 
 6.20575000e-08  3.29994251e+00 
 6.20675000e-08  3.29993741e+00 
 6.20837500e-08  3.29992999e+00 
 6.21000000e-08  3.29992340e+00 
 6.21025000e-08  3.29992249e+00 
 6.21075000e-08  3.29992061e+00 
 6.21175000e-08  3.29991697e+00 
 6.21337500e-08  3.29991122e+00 
 6.21500000e-08  3.29990546e+00 
 6.21525000e-08  3.29990472e+00 
 6.21575000e-08  3.29990319e+00 
 6.21675000e-08  3.29990063e+00 
 6.21837500e-08  3.29989887e+00 
 6.22000000e-08  3.29990065e+00 
 6.22025000e-08  3.29990147e+00 
 6.22075000e-08  3.29990334e+00 
 6.22175000e-08  3.29990856e+00 
 6.22337500e-08  3.29991944e+00 
 6.22500000e-08  3.29993276e+00 
 6.22525000e-08  3.29993495e+00 
 6.22575000e-08  3.29993919e+00 
 6.22675000e-08  3.29994762e+00 
 6.22837500e-08  3.29996202e+00 
 6.23000000e-08  3.29997610e+00 
 6.23025000e-08  3.29997803e+00 
 6.23075000e-08  3.29998183e+00 
 6.23175000e-08  3.29998885e+00 
 6.23337500e-08  3.29999696e+00 
 6.23500000e-08  3.29999944e+00 
 6.23525000e-08  3.29999910e+00 
 6.23575000e-08  3.29999836e+00 
 6.23675000e-08  3.29999618e+00 
 6.23837500e-08  3.29999122e+00 
 6.24000000e-08  3.29998705e+00 
 6.24025000e-08  3.29998658e+00 
 6.24075000e-08  3.29998570e+00 
 6.24175000e-08  3.29998393e+00 
 6.24337500e-08  3.29997975e+00 
 6.24500000e-08  3.29997226e+00 
 6.24525000e-08  3.29997068e+00 
 6.24575000e-08  3.29996754e+00 
 6.24675000e-08  3.29996129e+00 
 6.24837500e-08  3.29995301e+00 
 6.25000000e-08  3.29994962e+00 
 6.25025000e-08  3.29994977e+00 
 6.25075000e-08  3.29995066e+00 
 6.25175000e-08  3.29995919e+00 
 6.25337500e-08  3.29998372e+00 
 6.25500000e-08  3.30001071e+00 
 6.25525000e-08  3.30001477e+00 
 6.25575000e-08  3.30002265e+00 
 6.25675000e-08  3.30003453e+00 
 6.25837500e-08  3.30003726e+00 
 6.26000000e-08  3.30001241e+00 
 6.26025000e-08  3.30000550e+00 
 6.26075000e-08  3.29999130e+00 
 6.26175000e-08  3.29995630e+00 
 6.26337500e-08  3.29988491e+00 
 6.26500000e-08  3.29981112e+00 
 6.26525000e-08  3.29980123e+00 
 6.26575000e-08  3.29978240e+00 
 6.26675000e-08  3.29974977e+00 
 6.26837500e-08  3.29970779e+00 
 6.27000000e-08  3.29968106e+00 
 6.27025000e-08  3.29967922e+00 
 6.27075000e-08  3.29967630e+00 
 6.27175000e-08  3.29967495e+00 
 6.27337500e-08  3.29968512e+00 
 6.27500000e-08  3.29971594e+00 
 6.27525000e-08  3.29972238e+00 
 6.27575000e-08  3.29973464e+00 
 6.27675000e-08  3.29975627e+00 
 6.27837500e-08  3.29978283e+00 
 6.28000000e-08  3.29979629e+00 
 6.28025000e-08  3.29979808e+00 
 6.28075000e-08  3.29980164e+00 
 6.28175000e-08  3.29981608e+00 
 6.28337500e-08  3.29985446e+00 
 6.28500000e-08  3.29989677e+00 
 6.28525000e-08  3.29990284e+00 
 6.28575000e-08  3.29991423e+00 
 6.28675000e-08  3.29993342e+00 
 6.28837500e-08  3.29995399e+00 
 6.29000000e-08  3.29996135e+00 
 6.29025000e-08  3.29996129e+00 
 6.29075000e-08  3.29996012e+00 
 6.29175000e-08  3.29995381e+00 
 6.29337500e-08  3.29993399e+00 
 6.29500000e-08  3.29990190e+00 
 6.29525000e-08  3.29989587e+00 
 6.29575000e-08  3.29988231e+00 
 6.29675000e-08  3.29985060e+00 
 6.29837500e-08  3.29978537e+00 
 6.30000000e-08  3.29970757e+00 
 6.30025000e-08  3.29969618e+00 
 6.30075000e-08  3.29967338e+00 
 6.30175000e-08  3.29963541e+00 
 6.30337500e-08  3.29960002e+00 
 6.30500000e-08  3.29959652e+00 
 6.30525000e-08  3.29959886e+00 
 6.30575000e-08  3.29960366e+00 
 6.30675000e-08  3.29961776e+00 
 6.30837500e-08  3.29965223e+00 
 6.31000000e-08  3.29970342e+00 
 6.31025000e-08  3.29971359e+00 
 6.31075000e-08  3.29973493e+00 
 6.31175000e-08  3.29978720e+00 
 6.31337500e-08  3.29990285e+00 
 6.31500000e-08  3.30006899e+00 
 6.31525000e-08  3.30010113e+00 
 6.31575000e-08  3.30016703e+00 
 6.31675000e-08  3.30031137e+00 
 6.31837500e-08  3.30058056e+00 
 6.32000000e-08  3.30088579e+00 
 6.32025000e-08  3.30093545e+00 
 6.32075000e-08  3.30103556e+00 
 6.32175000e-08  3.30124122e+00 
 6.32337500e-08  3.30157261e+00 
 6.32500000e-08  3.30189672e+00 
 6.32525000e-08  3.30194858e+00 
 6.32575000e-08  3.30205340e+00 
 6.32675000e-08  3.30226171e+00 
 6.32837500e-08  3.30260832e+00 
 6.33000000e-08  3.30297414e+00 
 6.33025000e-08  3.30303150e+00 
 6.33075000e-08  3.30314677e+00 
 6.33175000e-08  3.30338118e+00 
 6.33337500e-08  3.30377374e+00 
 6.33500000e-08  3.30417763e+00 
 6.33525000e-08  3.30424003e+00 
 6.33575000e-08  3.30436555e+00 
 6.33675000e-08  3.30461275e+00 
 6.33837500e-08  3.30498938e+00 
 6.34000000e-08  3.30533107e+00 
 6.34025000e-08  3.30538003e+00 
 6.34075000e-08  3.30547784e+00 
 6.34175000e-08  3.30567300e+00 
 6.34337500e-08  3.30600393e+00 
 6.34500000e-08  3.30637259e+00 
 6.34525000e-08  3.30643402e+00 
 6.34575000e-08  3.30656069e+00 
 6.34675000e-08  3.30683558e+00 
 6.34837500e-08  3.30735290e+00 
 6.35000000e-08  3.30797592e+00 
 6.35025000e-08  3.30808343e+00 
 6.35075000e-08  3.30830664e+00 
 6.35175000e-08  3.30879687e+00 
 6.35337500e-08  3.30973062e+00 
 6.35500000e-08  3.31087148e+00 
 6.35525000e-08  3.31107019e+00 
 6.35575000e-08  3.31148516e+00 
 6.35675000e-08  3.31240513e+00 
 6.35837500e-08  3.31419394e+00 
 6.36000000e-08  3.31639681e+00 
 6.36025000e-08  3.31677250e+00 
 6.36075000e-08  3.31754410e+00 
 6.36175000e-08  3.31909747e+00 
 6.36337500e-08  3.32108603e+00 
 6.36500000e-08  3.32093350e+00 
 6.36525000e-08  3.32054704e+00 
 6.36575000e-08  3.31951745e+00 
 6.36675000e-08  3.31571227e+00 
 6.36837500e-08  3.30361645e+00 
 6.37000000e-08  3.28439914e+00 
 6.37025000e-08  3.28055449e+00 
 6.37075000e-08  3.27237186e+00 
 6.37175000e-08  3.25295571e+00 
 6.37337500e-08  3.21195014e+00 
 6.37500000e-08  3.15731360e+00 
 6.37525000e-08  3.14732623e+00 
 6.37575000e-08  3.12644021e+00 
 6.37675000e-08  3.07877009e+00 
 6.37837500e-08  2.97987517e+00 
 6.38000000e-08  2.83858519e+00 
 6.38025000e-08  2.81027639e+00 
 6.38075000e-08  2.74765637e+00 
 6.38175000e-08  2.58667667e+00 
 6.38337500e-08  2.22361793e+00 
 6.38500000e-08  1.74617698e+00 
 6.38525000e-08  1.66219728e+00 
 6.38575000e-08  1.48999054e+00 
 6.38675000e-08  1.12715249e+00 
 6.38837500e-08  5.99808487e-01 
 6.39000000e-08  2.59675545e-01 
 6.39025000e-08  2.28736401e-01 
 6.39075000e-08  1.74553674e-01 
 6.39175000e-08  1.03054635e-01 
 6.39337500e-08  4.90326761e-02 
 6.39500000e-08  2.97552479e-02 
 6.39525000e-08  2.81533455e-02 
 6.39575000e-08  2.51523704e-02 
 6.39675000e-08  2.03455014e-02 
 6.39837500e-08  1.47863509e-02 
 6.40000000e-08  1.09715681e-02 
 6.40025000e-08  1.05012973e-02 
 6.40075000e-08  9.59684863e-03 
 6.40175000e-08  8.00754856e-03 
 6.40337500e-08  5.94952631e-03 
 6.40500000e-08  4.41253831e-03 
 6.40525000e-08  4.21889833e-03 
 6.40575000e-08  3.84830786e-03 
 6.40675000e-08  3.20023801e-03 
 6.40837500e-08  2.36801149e-03 
 6.41000000e-08  1.75258554e-03 
 6.41025000e-08  1.67577287e-03 
 6.41075000e-08  1.52919985e-03 
 6.41175000e-08  1.27426505e-03 
 6.41337500e-08  9.49369924e-04 
 6.41500000e-08  7.11404775e-04 
 6.41525000e-08  6.81672745e-04 
 6.41575000e-08  6.24720072e-04 
 6.41675000e-08  5.25016489e-04 
 6.41837500e-08  3.97893229e-04 
 6.42000000e-08  3.05326892e-04 
 6.42025000e-08  2.93978943e-04 
 6.42075000e-08  2.72500680e-04 
 6.42175000e-08  2.35681059e-04 
 6.42337500e-08  1.88921950e-04 
 6.42500000e-08  1.53847768e-04 
 6.42525000e-08  1.49359949e-04 
 6.42575000e-08  1.40783360e-04 
 6.42675000e-08  1.25610244e-04 
 6.42837500e-08  1.05303306e-04 
 6.43000000e-08  8.87852661e-05 
 6.43025000e-08  8.65645430e-05 
 6.43075000e-08  8.21706639e-05 
 6.43175000e-08  7.39668874e-05 
 6.43337500e-08  6.20893994e-05 
 6.43500000e-08  5.13689253e-05 
 6.43525000e-08  4.95593779e-05 
 6.43575000e-08  4.57462557e-05 
 6.43675000e-08  3.84396181e-05 
 6.43837500e-08  2.88487513e-05 
 6.44000000e-08  2.27219415e-05 
 6.44025000e-08  2.20755301e-05 
 6.44075000e-08  2.07509798e-05 
 6.44175000e-08  1.85440811e-05 
 6.44337500e-08  1.62853901e-05 
 6.44500000e-08  1.54535421e-05 
 6.44525000e-08  1.55440231e-05 
 6.44575000e-08  1.58224545e-05 
 6.44675000e-08  1.69318879e-05 
 6.44837500e-08  1.91008334e-05 
 6.45000000e-08  2.05879876e-05 
 6.45025000e-08  2.06387468e-05 
 6.45075000e-08  2.05490840e-05 
 6.45175000e-08  1.95541455e-05 
 6.45337500e-08  1.60312100e-05 
 6.45500000e-08  1.06686050e-05 
 6.45525000e-08  9.76389884e-06 
 6.45575000e-08  7.96542414e-06 
 6.45675000e-08  4.59550885e-06 
 6.45837500e-08  1.62713747e-07 
 6.46000000e-08 -2.32575353e-06 
 6.46025000e-08 -2.51893982e-06 
 6.46075000e-08 -2.92279448e-06 
 6.46175000e-08 -3.58024582e-06 
 6.46337500e-08 -3.79845284e-06 
 6.46500000e-08 -2.82123574e-06 
 6.46525000e-08 -2.54944266e-06 
 6.46575000e-08 -1.98205128e-06 
 6.46675000e-08 -5.63983089e-07 
 6.46837500e-08  4.01391024e-06 
 6.47000000e-08  6.69920820e-06 
 6.47025000e-08  6.98158451e-06 
 6.47075000e-08  7.42052631e-06 
 6.47175000e-08  7.86850549e-06 
 6.47337500e-08  8.63156822e-06 
 6.47500000e-08  1.02061627e-05 
 6.47525000e-08  1.06209130e-05 
 6.47575000e-08  1.15030295e-05 
 6.47675000e-08  1.32973925e-05 
 6.47837500e-08  1.51010252e-05 
 6.48000000e-08  1.51483187e-05 
 6.48025000e-08  1.49659780e-05 
 6.48075000e-08  1.44352143e-05 
 6.48175000e-08  1.28734851e-05 
 6.48337500e-08  9.58687746e-06 
 6.48500000e-08  4.74781568e-06 
 6.48525000e-08  3.90069535e-06 
 6.48575000e-08  2.31271447e-06 
 6.48675000e-08 -4.02940622e-07 
 6.48837500e-08 -6.14615407e-06 
 6.49000000e-08 -1.41638703e-05 
 6.49025000e-08 -1.54499686e-05 
 6.49075000e-08 -1.83203813e-05 
 6.49175000e-08 -2.34271307e-05 
 6.49337500e-08 -2.75744335e-05 
 6.49500000e-08 -2.60992076e-05 
 6.49525000e-08 -2.51949717e-05 
 6.49575000e-08 -2.33000719e-05 
 6.49675000e-08 -1.77564672e-05 
 6.49837500e-08 -4.40730276e-06 
 6.50000000e-08  1.47161216e-05 
 6.50025000e-08  1.83547759e-05 
 6.50075000e-08  2.58657960e-05 
 6.50175000e-08  4.26705644e-05 
 6.50337500e-08  7.29553468e-05 
 6.50500000e-08  1.03090878e-04 
 6.50525000e-08  1.07303791e-04 
 6.50575000e-08  1.18317959e-04 
 6.50675000e-08  1.34848582e-04 
 6.50837500e-08  1.51344562e-04 
 6.51000000e-08  1.59471280e-04 
 6.51025000e-08  1.59971466e-04 
 6.51075000e-08  1.60504707e-04 
 6.51175000e-08  1.56698518e-04 
 6.51337500e-08  1.52232042e-04 
 6.51500000e-08  1.45123905e-04 
 6.51525000e-08  1.44099687e-04 
 6.51575000e-08  1.42748356e-04 
 6.51675000e-08  1.41248542e-04 
 6.51837500e-08  1.36633808e-04 
 6.52000000e-08  1.17543667e-04 
 6.52025000e-08  1.12996129e-04 
 6.52075000e-08  1.04020663e-04 
 6.52175000e-08  8.57870251e-05 
 6.52337500e-08  5.94331428e-05 
 6.52500000e-08  4.20654797e-05 
 6.52525000e-08  4.03950080e-05 
 6.52575000e-08  3.79107918e-05 
 6.52675000e-08  3.67396364e-05 
 6.52837500e-08  4.65181667e-05 
 6.53000000e-08  7.27816750e-05 
 6.53025000e-08  7.83875175e-05 
 6.53075000e-08  9.12918596e-05 
 6.53175000e-08  1.20926591e-04 
 6.53337500e-08  1.69666557e-04 
 6.53500000e-08  1.99500641e-04 
 6.53525000e-08  2.00527270e-04 
 6.53575000e-08  2.00750925e-04 
 6.53675000e-08  1.86829992e-04 
 6.53837500e-08  1.15416118e-04 
 6.54000000e-08 -3.76607442e-05 
 6.54025000e-08 -7.23983748e-05 
 6.54075000e-08 -1.46869413e-04 
 6.54175000e-08 -3.27363974e-04 
 6.54337500e-08 -7.00725664e-04 
 6.54500000e-08 -1.15000918e-03 
 6.54525000e-08 -1.21166798e-03 
 6.54575000e-08 -1.32430337e-03 
 6.54675000e-08 -1.59081504e-03 
 6.54837500e-08 -2.06902085e-03 
 6.55000000e-08 -2.55376182e-03 
 6.55025000e-08 -2.62718788e-03 
 6.55075000e-08 -2.77385065e-03 
 6.55175000e-08 -3.06503716e-03 
 6.55337500e-08 -3.53485823e-03 
 6.55500000e-08 -4.00696102e-03 
 6.55525000e-08 -4.07948404e-03 
 6.55575000e-08 -4.22639832e-03 
 6.55675000e-08 -4.52710979e-03 
 6.55837500e-08 -5.03533893e-03 
 6.56000000e-08 -5.57624021e-03 
 6.56025000e-08 -5.66242597e-03 
 6.56075000e-08 -5.84101990e-03 
 6.56175000e-08 -6.21767121e-03 
 6.56337500e-08 -6.88633400e-03 
 6.56500000e-08 -7.64010511e-03 
 6.56525000e-08 -7.76332704e-03 
 6.56575000e-08 -8.02304262e-03 
 6.56675000e-08 -8.57473087e-03 
 6.56837500e-08 -9.59049417e-03 
 6.57000000e-08 -1.08094597e-02 
 6.57025000e-08 -1.10140982e-02 
 6.57075000e-08 -1.14543254e-02 
 6.57175000e-08 -1.23926128e-02 
 6.57337500e-08 -1.40088119e-02 
 6.57500000e-08 -1.54015391e-02 
 6.57525000e-08 -1.55395941e-02 
 6.57575000e-08 -1.57633960e-02 
 6.57675000e-08 -1.56801852e-02 
 6.57837500e-08 -1.32548573e-02 
 6.58000000e-08 -6.73547940e-03 
 6.58025000e-08 -5.22678308e-03 
 6.58075000e-08 -1.93399634e-03 
 6.58175000e-08  6.08018890e-03 
 6.58337500e-08  2.45527389e-02 
 6.58500000e-08  5.10938713e-02 
 6.58525000e-08  5.60928942e-02 
 6.58575000e-08  6.66026142e-02 
 6.58675000e-08  9.09101397e-02 
 6.58837500e-08  1.41628352e-01 
 6.59000000e-08  2.10694526e-01 
 6.59025000e-08  2.23668374e-01 
 6.59075000e-08  2.51120131e-01 
 6.59175000e-08  3.16349499e-01 
 6.59337500e-08  4.67018899e-01 
 6.59500000e-08  7.10441770e-01 
 6.59525000e-08  7.59261066e-01 
 6.59575000e-08  8.62477753e-01 
 6.59675000e-08  1.10053615e+00 
 6.59837500e-08  1.56978205e+00 
 6.60000000e-08  2.11085553e+00 
 6.60025000e-08  2.19544780e+00 
 6.60075000e-08  2.35552342e+00 
 6.60175000e-08  2.62049605e+00 
 6.60337500e-08  2.91606800e+00 
 6.60500000e-08  3.08692646e+00 
 6.60525000e-08  3.10397781e+00 
 6.60575000e-08  3.13504735e+00 
 6.60675000e-08  3.18191375e+00 
 6.60837500e-08  3.22825525e+00 
 6.61000000e-08  3.25259383e+00 
 6.61025000e-08  3.25503725e+00 
 6.61075000e-08  3.25959486e+00 
 6.61175000e-08  3.26703754e+00 
 6.61337500e-08  3.27582153e+00 
 6.61500000e-08  3.28191710e+00 
 6.61525000e-08  3.28266399e+00 
 6.61575000e-08  3.28409180e+00 
 6.61675000e-08  3.28658263e+00 
 6.61837500e-08  3.28978311e+00 
 6.62000000e-08  3.29216273e+00 
 6.62025000e-08  3.29246187e+00 
 6.62075000e-08  3.29303475e+00 
 6.62175000e-08  3.29404037e+00 
 6.62337500e-08  3.29534533e+00 
 6.62500000e-08  3.29632918e+00 
 6.62525000e-08  3.29645424e+00 
 6.62575000e-08  3.29669406e+00 
 6.62675000e-08  3.29711754e+00 
 6.62837500e-08  3.29766938e+00 
 6.63000000e-08  3.29809055e+00 
 6.63025000e-08  3.29814675e+00 
 6.63075000e-08  3.29825545e+00 
 6.63175000e-08  3.29845740e+00 
 6.63337500e-08  3.29874638e+00 
 6.63500000e-08  3.29898964e+00 
 6.63525000e-08  3.29902265e+00 
 6.63575000e-08  3.29908622e+00 
 6.63675000e-08  3.29920202e+00 
 6.63837500e-08  3.29936282e+00 
 6.64000000e-08  3.29949412e+00 
 6.64025000e-08  3.29951190e+00 
 6.64075000e-08  3.29954610e+00 
 6.64175000e-08  3.29960737e+00 
 6.64337500e-08  3.29968823e+00 
 6.64500000e-08  3.29974928e+00 
 6.64525000e-08  3.29975699e+00 
 6.64575000e-08  3.29977153e+00 
 6.64675000e-08  3.29979680e+00 
 6.64837500e-08  3.29982952e+00 
 6.65000000e-08  3.29985412e+00 
 6.65025000e-08  3.29985708e+00 
 6.65075000e-08  3.29986222e+00 
 6.65175000e-08  3.29986991e+00 
 6.65337500e-08  3.29987921e+00 
 6.65500000e-08  3.29988801e+00 
 6.65525000e-08  3.29988998e+00 
 6.65575000e-08  3.29989409e+00 
 6.65675000e-08  3.29990314e+00 
 6.65837500e-08  3.29991862e+00 
 6.66000000e-08  3.29993524e+00 
 6.66025000e-08  3.29993783e+00 
 6.66075000e-08  3.29994322e+00 
 6.66175000e-08  3.29995269e+00 
 6.66337500e-08  3.29996071e+00 
 6.66500000e-08  3.29995920e+00 
 6.66525000e-08  3.29995835e+00 
 6.66575000e-08  3.29995665e+00 
 6.66675000e-08  3.29995306e+00 
 6.66837500e-08  3.29994627e+00 
 6.67000000e-08  3.29993874e+00 
 6.67025000e-08  3.29993740e+00 
 6.67075000e-08  3.29993438e+00 
 6.67175000e-08  3.29992741e+00 
 6.67337500e-08  3.29991659e+00 
 6.67500000e-08  3.29990794e+00 
 6.67525000e-08  3.29990705e+00 
 6.67575000e-08  3.29990558e+00 
 6.67675000e-08  3.29990398e+00 
 6.67837500e-08  3.29990350e+00 
 6.68000000e-08  3.29990444e+00 
 6.68025000e-08  3.29990465e+00 
 6.68075000e-08  3.29990488e+00 
 6.68175000e-08  3.29990558e+00 
 6.68337500e-08  3.29990860e+00 
 6.68500000e-08  3.29991474e+00 
 6.68525000e-08  3.29991598e+00 
 6.68575000e-08  3.29991844e+00 
 6.68675000e-08  3.29992409e+00 
 6.68837500e-08  3.29993624e+00 
 6.69000000e-08  3.29995151e+00 
 6.69025000e-08  3.29995407e+00 
 6.69075000e-08  3.29995922e+00 
 6.69175000e-08  3.29996933e+00 
 6.69337500e-08  3.29998284e+00 
 6.69500000e-08  3.29999205e+00 
 6.69525000e-08  3.29999306e+00 
 6.69575000e-08  3.29999492e+00 
 6.69675000e-08  3.29999740e+00 
 6.69837500e-08  3.29999696e+00 
 6.70000000e-08  3.29999434e+00 
 6.70025000e-08  3.29999365e+00 
 6.70075000e-08  3.29999232e+00 
 6.70175000e-08  3.29998991e+00 
 6.70337500e-08  3.29998652e+00 
 6.70500000e-08  3.29998290e+00 
 6.70525000e-08  3.29998217e+00 
 6.70575000e-08  3.29998068e+00 
 6.70675000e-08  3.29997683e+00 
 6.70837500e-08  3.29996816e+00 
 6.71000000e-08  3.29995900e+00 
 6.71025000e-08  3.29995755e+00 
 6.71075000e-08  3.29995463e+00 
 6.71175000e-08  3.29994941e+00 
 6.71337500e-08  3.29994821e+00 
 6.71500000e-08  3.29996569e+00 
 6.71525000e-08  3.29996902e+00 
 6.71575000e-08  3.29997634e+00 
 6.71675000e-08  3.29999340e+00 
 6.71837500e-08  3.30002369e+00 
 6.72000000e-08  3.30003945e+00 
 6.72025000e-08  3.30003924e+00 
 6.72075000e-08  3.30003727e+00 
 6.72175000e-08  3.30002371e+00 
 6.72337500e-08  3.29997641e+00 
 6.72500000e-08  3.29990922e+00 
 6.72525000e-08  3.29989774e+00 
 6.72575000e-08  3.29987466e+00 
 6.72675000e-08  3.29982941e+00 
 6.72837500e-08  3.29976761e+00 
 6.73000000e-08  3.29972010e+00 
 6.73025000e-08  3.29971340e+00 
 6.73075000e-08  3.29970128e+00 
 6.73175000e-08  3.29968318e+00 
 6.73337500e-08  3.29967129e+00 
 6.73500000e-08  3.29967782e+00 
 6.73525000e-08  3.29968039e+00 
 6.73575000e-08  3.29968614e+00 
 6.73675000e-08  3.29970700e+00 
 6.73837500e-08  3.29974635e+00 
 6.74000000e-08  3.29977444e+00 
 6.74025000e-08  3.29977778e+00 
 6.74075000e-08  3.29978339e+00 
 6.74175000e-08  3.29979197e+00 
 6.74337500e-08  3.29980927e+00 
 6.74500000e-08  3.29984396e+00 
 6.74525000e-08  3.29985119e+00 
 6.74575000e-08  3.29986520e+00 
 6.74675000e-08  3.29989142e+00 
 6.74837500e-08  3.29992621e+00 
 6.75000000e-08  3.29994930e+00 
 6.75025000e-08  3.29995173e+00 
 6.75075000e-08  3.29995579e+00 
 6.75175000e-08  3.29996013e+00 
 6.75337500e-08  3.29995785e+00 
 6.75500000e-08  3.29994393e+00 
 6.75525000e-08  3.29994068e+00 
 6.75575000e-08  3.29993299e+00 
 6.75675000e-08  3.29991336e+00 
 6.75837500e-08  3.29986942e+00 
 6.76000000e-08  3.29980794e+00 
 6.76025000e-08  3.29979725e+00 
 6.76075000e-08  3.29977419e+00 
 6.76175000e-08  3.29972685e+00 
 6.76337500e-08  3.29965647e+00 
 6.76500000e-08  3.29961019e+00 
 6.76525000e-08  3.29960656e+00 
 6.76575000e-08  3.29959999e+00 
 6.76675000e-08  3.29959457e+00 
 6.76837500e-08  3.29960406e+00 
 6.77000000e-08  3.29963255e+00 
 6.77025000e-08  3.29963891e+00 
 6.77075000e-08  3.29965196e+00 
 6.77175000e-08  3.29968411e+00 
 6.77337500e-08  3.29975587e+00 
 6.77500000e-08  3.29985974e+00 
 6.77525000e-08  3.29987964e+00 
 6.77575000e-08  3.29992137e+00 
 6.77675000e-08  3.30002103e+00 
 6.77837500e-08  3.30023758e+00 
 6.78000000e-08  3.30049766e+00 
 6.78025000e-08  3.30054216e+00 
 6.78075000e-08  3.30063307e+00 
 6.78175000e-08  3.30082559e+00 
 6.78337500e-08  3.30115846e+00 
 6.78500000e-08  3.30149722e+00 
 6.78525000e-08  3.30154837e+00 
 6.78575000e-08  3.30165106e+00 
 6.78675000e-08  3.30184322e+00 
 6.78837500e-08  3.30217463e+00 
 6.79000000e-08  3.30251473e+00 
 6.79025000e-08  3.30256784e+00 
 6.79075000e-08  3.30267596e+00 
 6.79175000e-08  3.30289999e+00 
 6.79337500e-08  3.30327555e+00 
 6.79500000e-08  3.30366342e+00 
 6.79525000e-08  3.30372382e+00 
 6.79575000e-08  3.30384551e+00 
 6.79675000e-08  3.30409090e+00 
 6.79837500e-08  3.30448627e+00 
 6.80000000e-08  3.30486273e+00 
 6.80025000e-08  3.30491707e+00 
 6.80075000e-08  3.30502523e+00 
 6.80175000e-08  3.30523507e+00 
 6.80337500e-08  3.30556429e+00 
 6.80500000e-08  3.30589603e+00 
 6.80525000e-08  3.30594838e+00 
 6.80575000e-08  3.30605535e+00 
 6.80675000e-08  3.30628233e+00 
 6.80837500e-08  3.30669844e+00 
 6.81000000e-08  3.30718977e+00 
 6.81025000e-08  3.30727359e+00 
 6.81075000e-08  3.30744703e+00 
 6.81175000e-08  3.30782619e+00 
 6.81337500e-08  3.30854641e+00 
 6.81500000e-08  3.30942342e+00 
 6.81525000e-08  3.30957598e+00 
 6.81575000e-08  3.30989394e+00 
 6.81675000e-08  3.31059631e+00 
 6.81837500e-08  3.31194835e+00 
 6.82000000e-08  3.31362267e+00 
 6.82025000e-08  3.31391581e+00 
 6.82075000e-08  3.31452928e+00 
 6.82175000e-08  3.31587468e+00 
 6.82337500e-08  3.31831005e+00 
 6.82500000e-08  3.32057012e+00 
 6.82525000e-08  3.32082776e+00 
 6.82575000e-08  3.32124793e+00 
 6.82675000e-08  3.32128804e+00 
 6.82837500e-08  3.31781858e+00 
 6.83000000e-08  3.30810552e+00 
 6.83025000e-08  3.30584471e+00 
 6.83075000e-08  3.30091136e+00 
 6.83175000e-08  3.28954815e+00 
 6.83337500e-08  3.26322543e+00 
 6.83500000e-08  3.22599323e+00 
 6.83525000e-08  3.21906314e+00 
 6.83575000e-08  3.20455559e+00 
 6.83675000e-08  3.17142445e+00 
 6.83837500e-08  3.10382006e+00 
 6.84000000e-08  3.01402605e+00 
 6.84025000e-08  2.99736115e+00 
 6.84075000e-08  2.96207983e+00 
 6.84175000e-08  2.87786567e+00 
 6.84337500e-08  2.67222847e+00 
 6.84500000e-08  2.34808485e+00 
 6.84525000e-08  2.28565347e+00 
 6.84575000e-08  2.15537589e+00 
 6.84675000e-08  1.86399878e+00 
 6.84837500e-08  1.31281147e+00 
 6.85000000e-08  7.49903004e-01 
 6.85025000e-08  6.73729756e-01 
 6.85075000e-08  5.33355316e-01 
 6.85175000e-08  3.19631770e-01 
 6.85337500e-08  1.29273896e-01 
 6.85500000e-08  5.85363543e-02 
 6.85525000e-08  5.37694850e-02 
 6.85575000e-08  4.53223763e-02 
 6.85675000e-08  3.35685060e-02 
 6.85837500e-08  2.24795259e-02 
 6.86000000e-08  1.62270362e-02 
 6.86025000e-08  1.55210068e-02 
 6.86075000e-08  1.41638418e-02 
 6.86175000e-08  1.18031619e-02 
 6.86337500e-08  8.77982427e-03 
 6.86500000e-08  6.53255370e-03 
 6.86525000e-08  6.24868348e-03 
 6.86575000e-08  5.70415373e-03 
 6.86675000e-08  4.74873525e-03 
 6.86837500e-08  3.51639828e-03 
 6.87000000e-08  2.60216204e-03 
 6.87025000e-08  2.48751306e-03 
 6.87075000e-08  2.26842501e-03 
 6.87175000e-08  1.88608258e-03 
 6.87337500e-08  1.39683344e-03 
 6.87500000e-08  1.03724733e-03 
 6.87525000e-08  9.92502702e-04 
 6.87575000e-08  9.07133571e-04 
 6.87675000e-08  7.58781731e-04 
 6.87837500e-08  5.70228174e-04 
 6.88000000e-08  4.32644905e-04 
 6.88025000e-08  4.15634820e-04 
 6.88075000e-08  3.83270897e-04 
 6.88175000e-08  3.27328400e-04 
 6.88337500e-08  2.56396080e-04 
 6.88500000e-08  2.04279580e-04 
 6.88525000e-08  1.97682005e-04 
 6.88575000e-08  1.85002302e-04 
 6.88675000e-08  1.62410097e-04 
 6.88837500e-08  1.32532921e-04 
 6.89000000e-08  1.09468183e-04 
 6.89025000e-08  1.06529886e-04 
 6.89075000e-08  1.00803138e-04 
 6.89175000e-08  9.09729522e-05 
 6.89337500e-08  7.77027156e-05 
 6.89500000e-08  6.65054824e-05 
 6.89525000e-08  6.48685242e-05 
 6.89575000e-08  6.14419569e-05 
 6.89675000e-08  5.44933908e-05 
 6.89837500e-08  4.20227604e-05 
 6.90000000e-08  3.10209189e-05 
 6.90025000e-08  2.97396473e-05 
 6.90075000e-08  2.71798424e-05 
 6.90175000e-08  2.28935347e-05 
 6.90337500e-08  1.82103043e-05 
 6.90500000e-08  1.58069519e-05 
 6.90525000e-08  1.56900931e-05 
 6.90575000e-08  1.55255339e-05 
 6.90675000e-08  1.57512334e-05 
 6.90837500e-08  1.68312723e-05 
 6.91000000e-08  1.83813842e-05 
 6.91025000e-08  1.86280085e-05 
 6.91075000e-08  1.90383569e-05 
 6.91175000e-08  1.95382482e-05 
 6.91337500e-08  1.90738504e-05 
 6.91500000e-08  1.65441274e-05 
 6.91525000e-08  1.60536280e-05 
 6.91575000e-08  1.50979935e-05 
 6.91675000e-08  1.30933432e-05 
 6.91837500e-08  9.05893665e-06 
 6.92000000e-08  4.86697653e-06 
 6.92025000e-08  4.18315129e-06 
 6.92075000e-08  2.70116666e-06 
 6.92175000e-08 -2.74333131e-08 
 6.92337500e-08 -3.38322642e-06 
 6.92500000e-08 -4.93215633e-06 
 6.92525000e-08 -4.98877343e-06 
 6.92575000e-08 -5.04276247e-06 
 6.92675000e-08 -4.72241407e-06 
 6.92837500e-08 -3.11746281e-06 
 6.93000000e-08  7.46488636e-07 
 6.93025000e-08  1.40337611e-06 
 6.93075000e-08  2.67033170e-06 
 6.93175000e-08  4.99863074e-06 
 6.93337500e-08  8.22555852e-06 
 6.93500000e-08  1.05744345e-05 
 6.93525000e-08  1.09518699e-05 
 6.93575000e-08  1.16773284e-05 
 6.93675000e-08  1.31096210e-05 
 6.93837500e-08  1.49998952e-05 
 6.94000000e-08  1.59050501e-05 
 6.94025000e-08  1.59488976e-05 
 6.94075000e-08  1.59466104e-05 
 6.94175000e-08  1.55582308e-05 
 6.94337500e-08  1.38913400e-05 
 6.94500000e-08  1.11122907e-05 
 6.94525000e-08  1.05747490e-05 
 6.94575000e-08  9.26639794e-06 
 6.94675000e-08  6.27235958e-06 
 6.94837500e-08  1.15001782e-06 
 6.95000000e-08 -4.98074979e-06 
 6.95025000e-08 -6.07513681e-06 
 6.95075000e-08 -8.61848018e-06 
 6.95175000e-08 -1.39997543e-05 
 6.95337500e-08 -2.23378390e-05 
 6.95500000e-08 -2.71206105e-05 
 6.95525000e-08 -2.72582488e-05 
 6.95575000e-08 -2.75578395e-05 
 6.95675000e-08 -2.66265146e-05 
 6.95837500e-08 -2.10467166e-05 
 6.96000000e-08 -1.00828970e-05 
 6.96025000e-08 -7.73761011e-06 
 6.96075000e-08 -2.85126645e-06 
 6.96175000e-08  8.72982427e-06 
 6.96337500e-08  3.35392410e-05 
 6.96500000e-08  6.39057526e-05 
 6.96525000e-08  6.88663716e-05 
 6.96575000e-08  7.87847062e-05 
 6.96675000e-08  9.81973346e-05 
 6.96837500e-08  1.29620512e-04 
 6.97000000e-08  1.51445012e-04 
 6.97025000e-08  1.53429979e-04 
 6.97075000e-08  1.56957225e-04 
 6.97175000e-08  1.61686866e-04 
 6.97337500e-08  1.62172579e-04 
 6.97500000e-08  1.56348600e-04 
 6.97525000e-08  1.55405183e-04 
 6.97575000e-08  1.53428312e-04 
 6.97675000e-08  1.49785808e-04 
 6.97837500e-08  1.46190286e-04 
 6.98000000e-08  1.43449852e-04 
 6.98025000e-08  1.41392333e-04 
 6.98075000e-08  1.36511221e-04 
 6.98175000e-08  1.21443328e-04 
 6.98337500e-08  8.99335175e-05 
 6.98500000e-08  5.92633971e-05 
 6.98525000e-08  5.53302240e-05 
 6.98575000e-08  4.85880595e-05 
 6.98675000e-08  3.97341972e-05 
 6.98837500e-08  3.65643768e-05 
 6.99000000e-08  4.72647279e-05 
 6.99025000e-08  5.01176567e-05 
 6.99075000e-08  5.70012074e-05 
 6.99175000e-08  7.49449494e-05 
 6.99337500e-08  1.16108321e-04 
 6.99500000e-08  1.63636093e-04 
 6.99525000e-08  1.69775366e-04 
 6.99575000e-08  1.81408440e-04 
 6.99675000e-08  1.96080325e-04 
 6.99837500e-08  1.88262100e-04 
 7.00000000e-08  1.27017453e-04 
 7.00025000e-08  1.10863426e-04 
 7.00075000e-08  7.46932989e-05 
 7.00175000e-08 -2.61654334e-05 
 7.00337500e-08 -2.82173164e-04 
 7.00500000e-08 -6.41093768e-04 
 7.00525000e-08 -7.05936874e-04 
 7.00575000e-08 -8.39308347e-04 
 7.00675000e-08 -1.12553008e-03 
 7.00837500e-08 -1.54118082e-03 
 7.01000000e-08 -2.02538012e-03 
 7.01025000e-08 -2.10141683e-03 
 7.01075000e-08 -2.25295434e-03 
 7.01175000e-08 -2.55241873e-03 
 7.01337500e-08 -3.02958355e-03 
 7.01500000e-08 -3.49931919e-03 
 7.01525000e-08 -3.57080785e-03 
 7.01575000e-08 -3.71464342e-03 
 7.01675000e-08 -4.00392735e-03 
 7.01837500e-08 -4.48170834e-03 
 7.02000000e-08 -4.98358738e-03 
 7.02025000e-08 -5.06285734e-03 
 7.02075000e-08 -5.22507689e-03 
 7.02175000e-08 -5.55963081e-03 
 7.02337500e-08 -6.14411634e-03 
 7.02500000e-08 -6.80118683e-03 
 7.02525000e-08 -6.90837398e-03 
 7.02575000e-08 -7.13232061e-03 
 7.02675000e-08 -7.60467392e-03 
 7.02837500e-08 -8.45660193e-03 
 7.03000000e-08 -9.45411231e-03 
 7.03025000e-08 -9.62028351e-03 
 7.03075000e-08 -9.97726890e-03 
 7.03175000e-08 -1.07490928e-02 
 7.03337500e-08 -1.21832037e-02 
 7.03500000e-08 -1.37908088e-02 
 7.03525000e-08 -1.40316912e-02 
 7.03575000e-08 -1.45210538e-02 
 7.03675000e-08 -1.53456202e-02 
 7.03837500e-08 -1.57115527e-02 
 7.04000000e-08 -1.37182305e-02 
 7.04025000e-08 -1.30671296e-02 
 7.04075000e-08 -1.15542164e-02 
 7.04175000e-08 -7.12523544e-03 
 7.04337500e-08  4.39470770e-03 
 7.04500000e-08  2.19343343e-02 
 7.04525000e-08  2.53809570e-02 
 7.04575000e-08  3.26725367e-02 
 7.04675000e-08  4.97828954e-02 
 7.04837500e-08  8.58770086e-02 
 7.05000000e-08  1.34771707e-01 
 7.05025000e-08  1.43851033e-01 
 7.05075000e-08  1.62946838e-01 
 7.05175000e-08  2.07372129e-01 
 7.05337500e-08  3.03082742e-01 
 7.05500000e-08  4.45723776e-01 
 7.05525000e-08  4.74645617e-01 
 7.05575000e-08  5.37927775e-01 
 7.05675000e-08  6.97271499e-01 
 7.05837500e-08  1.04938814e+00 
 7.06000000e-08  1.50786208e+00 
 7.06025000e-08  1.58804268e+00 
 7.06075000e-08  1.75194915e+00 
 7.06175000e-08  2.09254560e+00 
 7.06337500e-08  2.57099521e+00 
 7.06500000e-08  2.88665588e+00 
 7.06525000e-08  2.92061766e+00 
 7.06575000e-08  2.98287280e+00 
 7.06675000e-08  3.07873121e+00 
 7.06837500e-08  3.17495385e+00 
 7.07000000e-08  3.22440936e+00 
 7.07025000e-08  3.22912998e+00 
 7.07075000e-08  3.23778710e+00 
 7.07175000e-08  3.25121956e+00 
 7.07337500e-08  3.26578271e+00 
 7.07500000e-08  3.27499479e+00 
 7.07525000e-08  3.27607318e+00 
 7.07575000e-08  3.27812658e+00 
 7.07675000e-08  3.28167230e+00 
 7.07837500e-08  3.28617319e+00 
 7.08000000e-08  3.28948762e+00 
 7.08025000e-08  3.28990256e+00 
 7.08075000e-08  3.29069665e+00 
 7.08175000e-08  3.29208721e+00 
 7.08337500e-08  3.29388355e+00 
 7.08500000e-08  3.29522888e+00 
 7.08525000e-08  3.29539908e+00 
 7.08575000e-08  3.29572553e+00 
 7.08675000e-08  3.29630178e+00 
 7.08837500e-08  3.29705538e+00 
 7.09000000e-08  3.29762335e+00 
 7.09025000e-08  3.29769554e+00 
 7.09075000e-08  3.29783352e+00 
 7.09175000e-08  3.29808248e+00 
 7.09337500e-08  3.29843086e+00 
 7.09500000e-08  3.29872668e+00 
 7.09525000e-08  3.29876725e+00 
 7.09575000e-08  3.29884524e+00 
 7.09675000e-08  3.29898655e+00 
 7.09837500e-08  3.29918204e+00 
 7.10000000e-08  3.29934379e+00 
 7.10025000e-08  3.29936589e+00 
 7.10075000e-08  3.29940871e+00 
 7.10175000e-08  3.29948738e+00 
 7.10337500e-08  3.29959443e+00 
 7.10500000e-08  3.29967609e+00 
 7.10525000e-08  3.29968662e+00 
 7.10575000e-08  3.29970683e+00 
 7.10675000e-08  3.29974293e+00 
 7.10837500e-08  3.29979004e+00 
 7.11000000e-08  3.29982528e+00 
 7.11025000e-08  3.29982975e+00 
 7.11075000e-08  3.29983806e+00 
 7.11175000e-08  3.29985228e+00 
 7.11337500e-08  3.29987037e+00 
 7.11500000e-08  3.29988433e+00 
 7.11525000e-08  3.29988610e+00 
 7.11575000e-08  3.29988926e+00 
 7.11675000e-08  3.29989470e+00 
 7.11837500e-08  3.29990442e+00 
 7.12000000e-08  3.29991460e+00 
 7.12025000e-08  3.29991656e+00 
 7.12075000e-08  3.29992105e+00 
 7.12175000e-08  3.29993181e+00 
 7.12337500e-08  3.29995013e+00 
 7.12500000e-08  3.29996190e+00 
 7.12525000e-08  3.29996231e+00 
 7.12575000e-08  3.29996253e+00 
 7.12675000e-08  3.29995982e+00 
 7.12837500e-08  3.29995083e+00 
 7.13000000e-08  3.29994010e+00 
 7.13025000e-08  3.29993866e+00 
 7.13075000e-08  3.29993604e+00 
 7.13175000e-08  3.29993191e+00 
 7.13337500e-08  3.29992649e+00 
 7.13500000e-08  3.29992162e+00 
 7.13525000e-08  3.29992085e+00 
 7.13575000e-08  3.29991909e+00 
 7.13675000e-08  3.29991495e+00 
 7.13837500e-08  3.29990785e+00 
 7.14000000e-08  3.29990214e+00 
 7.14025000e-08  3.29990152e+00 
 7.14075000e-08  3.29990033e+00 
 7.14175000e-08  3.29989888e+00 
 7.14337500e-08  3.29989937e+00 
 7.14500000e-08  3.29990353e+00 
 7.14525000e-08  3.29990467e+00 
 7.14575000e-08  3.29990720e+00 
 7.14675000e-08  3.29991370e+00 
 7.14837500e-08  3.29992659e+00 
 7.15000000e-08  3.29994163e+00 
 7.15025000e-08  3.29994394e+00 
 7.15075000e-08  3.29994822e+00 
 7.15175000e-08  3.29995592e+00 
 7.15337500e-08  3.29996780e+00 
 7.15500000e-08  3.29997826e+00 
 7.15525000e-08  3.29997978e+00 
 7.15575000e-08  3.29998295e+00 
 7.15675000e-08  3.29998929e+00 
 7.15837500e-08  3.29999684e+00 
 7.16000000e-08  3.29999776e+00 
 7.16025000e-08  3.29999765e+00 
 7.16075000e-08  3.29999689e+00 
 7.16175000e-08  3.29999379e+00 
 7.16337500e-08  3.29998851e+00 
 7.16500000e-08  3.29998488e+00 
 7.16525000e-08  3.29998451e+00 
 7.16575000e-08  3.29998394e+00 
 7.16675000e-08  3.29998292e+00 
 7.16837500e-08  3.29997877e+00 
 7.17000000e-08  3.29997030e+00 
 7.17025000e-08  3.29996873e+00 
 7.17075000e-08  3.29996584e+00 
 7.17175000e-08  3.29996119e+00 
 7.17337500e-08  3.29995711e+00 
 7.17500000e-08  3.29995875e+00 
 7.17525000e-08  3.29995987e+00 
 7.17575000e-08  3.29996526e+00 
 7.17675000e-08  3.29997789e+00 
 7.17837500e-08  3.29999822e+00 
 7.18000000e-08  3.30002165e+00 
 7.18025000e-08  3.30002459e+00 
 7.18075000e-08  3.30002994e+00 
 7.18175000e-08  3.30003528e+00 
 7.18337500e-08  3.30002368e+00 
 7.18500000e-08  3.29998222e+00 
 7.18525000e-08  3.29997386e+00 
 7.18575000e-08  3.29995596e+00 
 7.18675000e-08  3.29991432e+00 
 7.18837500e-08  3.29984002e+00 
 7.19000000e-08  3.29977487e+00 
 7.19025000e-08  3.29976631e+00 
 7.19075000e-08  3.29974998e+00 
 7.19175000e-08  3.29972128e+00 
 7.19337500e-08  3.29968430e+00 
 7.19500000e-08  3.29966971e+00 
 7.19525000e-08  3.29966965e+00 
 7.19575000e-08  3.29967036e+00 
 7.19675000e-08  3.29967634e+00 
 7.19837500e-08  3.29969866e+00 
 7.20000000e-08  3.29974205e+00 
 7.20025000e-08  3.29974744e+00 
 7.20075000e-08  3.29975745e+00 
 7.20175000e-08  3.29977460e+00 
 7.20337500e-08  3.29979313e+00 
 7.20500000e-08  3.29980584e+00 
 7.20525000e-08  3.29980964e+00 
 7.20575000e-08  3.29981802e+00 
 7.20675000e-08  3.29984039e+00 
 7.20837500e-08  3.29988200e+00 
 7.21000000e-08  3.29991955e+00 
 7.21025000e-08  3.29992441e+00 
 7.21075000e-08  3.29993326e+00 
 7.21175000e-08  3.29994698e+00 
 7.21337500e-08  3.29995858e+00 
 7.21500000e-08  3.29995805e+00 
 7.21525000e-08  3.29995688e+00 
 7.21575000e-08  3.29995356e+00 
 7.21675000e-08  3.29994317e+00 
 7.21837500e-08  3.29991648e+00 
 7.22000000e-08  3.29987601e+00 
 7.22025000e-08  3.29986856e+00 
 7.22075000e-08  3.29985199e+00 
 7.22175000e-08  3.29981431e+00 
 7.22337500e-08  3.29974184e+00 
 7.22500000e-08  3.29966726e+00 
 7.22525000e-08  3.29965746e+00 
 7.22575000e-08  3.29963818e+00 
 7.22675000e-08  3.29960797e+00 
 7.22837500e-08  3.29958489e+00 
 7.23000000e-08  3.29959072e+00 
 7.23025000e-08  3.29959455e+00 
 7.23075000e-08  3.29960293e+00 
 7.23175000e-08  3.29962670e+00 
 7.23337500e-08  3.29967996e+00 
 7.23500000e-08  3.29975252e+00 
 7.23525000e-08  3.29976600e+00 
 7.23575000e-08  3.29979382e+00 
 7.23675000e-08  3.29985903e+00 
 7.23837500e-08  3.29999927e+00 
 7.24000000e-08  3.30020525e+00 
 7.24025000e-08  3.30024117e+00 
 7.24075000e-08  3.30031509e+00 
 7.24175000e-08  3.30047658e+00 
 7.24337500e-08  3.30077068e+00 
 7.24500000e-08  3.30109307e+00 
 7.24525000e-08  3.30114474e+00 
 7.24575000e-08  3.30124862e+00 
 7.24675000e-08  3.30145242e+00 
 7.24837500e-08  3.30178017e+00 
 7.25000000e-08  3.30210974e+00 
 7.25025000e-08  3.30216144e+00 
 7.25075000e-08  3.30226425e+00 
 7.25175000e-08  3.30247369e+00 
 7.25337500e-08  3.30282921e+00 
 7.25500000e-08  3.30320359e+00 
 7.25525000e-08  3.30326249e+00 
 7.25575000e-08  3.30338167e+00 
 7.25675000e-08  3.30362476e+00 
 7.25837500e-08  3.30402757e+00 
 7.26000000e-08  3.30443089e+00 
 7.26025000e-08  3.30449115e+00 
 7.26075000e-08  3.30461130e+00 
 7.26175000e-08  3.30484315e+00 
 7.26337500e-08  3.30519278e+00 
 7.26500000e-08  3.30551703e+00 
 7.26525000e-08  3.30556485e+00 
 7.26575000e-08  3.30566105e+00 
 7.26675000e-08  3.30585776e+00 
 7.26837500e-08  3.30620599e+00 
 7.27000000e-08  3.30661030e+00 
 7.27025000e-08  3.30667922e+00 
 7.27075000e-08  3.30682203e+00 
 7.27175000e-08  3.30713432e+00 
 7.27337500e-08  3.30772195e+00 
 7.27500000e-08  3.30842577e+00 
 7.27525000e-08  3.30854681e+00 
 7.27575000e-08  3.30879805e+00 
 7.27675000e-08  3.30934914e+00 
 7.27837500e-08  3.31039929e+00 
 7.28000000e-08  3.31168667e+00 
 7.28025000e-08  3.31191133e+00 
 7.28075000e-08  3.31238116e+00 
 7.28175000e-08  3.31342401e+00 
 7.28337500e-08  3.31544594e+00 
 7.28500000e-08  3.31785025e+00 
 7.28525000e-08  3.31824013e+00 
 7.28575000e-08  3.31901918e+00 
 7.28675000e-08  3.32041997e+00 
 7.28837500e-08  3.32136885e+00 
 7.29000000e-08  3.31883294e+00 
 7.29025000e-08  3.31792309e+00 
 7.29075000e-08  3.31578217e+00 
 7.29175000e-08  3.30940933e+00 
 7.29337500e-08  3.29300476e+00 
 7.29500000e-08  3.26850852e+00 
 7.29525000e-08  3.26370143e+00 
 7.29575000e-08  3.25355830e+00 
 7.29675000e-08  3.22996596e+00 
 7.29837500e-08  3.18111458e+00 
 7.30000000e-08  3.11659504e+00 
 7.30025000e-08  3.10480312e+00 
 7.30075000e-08  3.08010073e+00 
 7.30175000e-08  3.02336264e+00 
 7.30337500e-08  2.90229754e+00 
 7.30500000e-08  2.71396752e+00 
 7.30525000e-08  2.67466560e+00 
 7.30575000e-08  2.58920987e+00 
 7.30675000e-08  2.38143935e+00 
 7.30837500e-08  1.94843364e+00 
 7.31000000e-08  1.41139861e+00 
 7.31025000e-08  1.32015344e+00 
 7.31075000e-08  1.13605776e+00 
 7.31175000e-08  7.85303357e-01 
 7.31337500e-08  3.65488836e-01 
 7.31500000e-08  1.48736240e-01 
 7.31523195e-08  1.32974780e-01 
 7.31569586e-08  1.05353703e-01 
 7.31662368e-08  6.84391683e-02 
 7.31831184e-08  3.61294014e-02 
 7.32000000e-08  2.36744832e-02 
 7.32025000e-08  2.25438656e-02 
 7.32075000e-08  2.03916084e-02 
 7.32175000e-08  1.67876901e-02 
 7.32337500e-08  1.23820103e-02 
 7.32500000e-08  9.21690890e-03 
 7.32525000e-08  8.82035810e-03 
 7.32575000e-08  8.05827824e-03 
 7.32675000e-08  6.71882392e-03 
 7.32837500e-08  4.98515210e-03 
 7.33000000e-08  3.69287766e-03 
 7.33025000e-08  3.53033400e-03 
 7.33075000e-08  3.21940680e-03 
 7.33175000e-08  2.67590323e-03 
 7.33337500e-08  1.97848395e-03 
 7.33500000e-08  1.46396144e-03 
 7.33525000e-08  1.39995276e-03 
 7.33575000e-08  1.27800935e-03 
 7.33675000e-08  1.06663277e-03 
 7.33837500e-08  7.98041614e-04 
 7.34000000e-08  6.01601612e-04 
 7.34025000e-08  5.77064254e-04 
 7.34075000e-08  5.30066164e-04 
 7.34175000e-08  4.47804207e-04 
 7.34337500e-08  3.42880936e-04 
 7.34500000e-08  2.66320422e-04 
 7.34525000e-08  2.56797127e-04 
 7.34575000e-08  2.38597038e-04 
 7.34675000e-08  2.06740063e-04 
 7.34837500e-08  1.65530096e-04 
 7.35000000e-08  1.34240900e-04 
 7.35025000e-08  1.30313046e-04 
 7.35075000e-08  1.22900342e-04 
 7.35175000e-08  1.10085194e-04 
 7.35337500e-08  9.28946197e-05 
 7.35500000e-08  7.90457535e-05 
 7.35525000e-08  7.71070053e-05 
 7.35575000e-08  7.32188669e-05 
 7.35675000e-08  6.56290059e-05 
 7.35837500e-08  5.43898074e-05 
 7.36000000e-08  4.24245325e-05 
 7.36025000e-08  4.06735195e-05 
 7.36075000e-08  3.71410304e-05 
 7.36175000e-08  3.10768204e-05 
 7.36337500e-08  2.40391784e-05 
 7.36500000e-08  1.99726824e-05 
 7.36525000e-08  1.96736809e-05 
 7.36575000e-08  1.91655103e-05 
 7.36675000e-08  1.88236169e-05 
 7.36837500e-08  1.91118558e-05 
 7.37000000e-08  1.99459521e-05 
 7.37025000e-08  2.00851056e-05 
 7.37075000e-08  2.02692223e-05 
 7.37175000e-08  2.05485081e-05 
 7.37337500e-08  2.09295480e-05 
 7.37500000e-08  2.04774493e-05 
 7.37525000e-08  2.02165433e-05 
 7.37575000e-08  1.95064165e-05 
 7.37675000e-08  1.73046679e-05 
 7.37837500e-08  1.21406437e-05 
 7.38000000e-08  5.93116446e-06 
 7.38025000e-08  5.04326176e-06 
 7.38075000e-08  3.38876709e-06 
 7.38175000e-08  6.84020205e-07 
 7.38337500e-08 -2.40890042e-06 
 7.38500000e-08 -3.56106098e-06 
 7.38525000e-08 -3.77240114e-06 
 7.38575000e-08 -4.29715525e-06 
 7.38675000e-08 -5.38149044e-06 
 7.38837500e-08 -5.90950191e-06 
 7.39000000e-08 -4.66841152e-06 
 7.39025000e-08 -4.23488620e-06 
 7.39075000e-08 -3.20990750e-06 
 7.39175000e-08  8.26342409e-07 
 7.39337500e-08  5.30692231e-06 
 7.39500000e-08  8.35135002e-06 
 7.39525000e-08  8.75261971e-06 
 7.39575000e-08  9.46563211e-06 
 7.39675000e-08  1.06475001e-05 
 7.39837500e-08  1.30313477e-05 
 7.40000000e-08  1.53226515e-05 
 7.40025000e-08  1.56248360e-05 
 7.40075000e-08  1.61523913e-05 
 7.40175000e-08  1.68424479e-05 
 7.40337500e-08  1.68024745e-05 
 7.40500000e-08  1.54155906e-05 
 7.40525000e-08  1.50631645e-05 
 7.40575000e-08  1.42025196e-05 
 7.40675000e-08  1.20451985e-05 
 7.40837500e-08  7.40077197e-06 
 7.41000000e-08  1.33228276e-06 
 7.41025000e-08  5.20163664e-07 
 7.41075000e-08 -1.37358724e-06 
 7.41175000e-08 -5.45755594e-06 
 7.41337500e-08 -1.33739297e-05 
 7.41500000e-08 -2.19462427e-05 
 7.41525000e-08 -2.30606212e-05 
 7.41575000e-08 -2.53688743e-05 
 7.41675000e-08 -2.84725061e-05 
 7.41837500e-08 -2.88283412e-05 
 7.42000000e-08 -2.38455580e-05 
 7.42025000e-08 -2.24536568e-05 
 7.42075000e-08 -1.95764448e-05 
 7.42175000e-08 -1.20007364e-05 
 7.42337500e-08  5.23294426e-06 
 7.42500000e-08  2.90811822e-05 
 7.42525000e-08  3.35425639e-05 
 7.42575000e-08  4.27083206e-05 
 7.42675000e-08  6.22801195e-05 
 7.42837500e-08  9.40931723e-05 
 7.43000000e-08  1.24660322e-04 
 7.43025000e-08  1.29081451e-04 
 7.43075000e-08  1.37055040e-04 
 7.43175000e-08  1.49051902e-04 
 7.43337500e-08  1.60536461e-04 
 7.43500000e-08  1.63886184e-04 
 7.43525000e-08  1.62669884e-04 
 7.43575000e-08  1.60535751e-04 
 7.43675000e-08  1.57033749e-04 
 7.43837500e-08  1.48316701e-04 
 7.44000000e-08  1.41028974e-04 
 7.44025000e-08  1.40655225e-04 
 7.44075000e-08  1.40428282e-04 
 7.44175000e-08  1.40155820e-04 
 7.44337500e-08  1.27838276e-04 
 7.44500000e-08  1.01057405e-04 
 7.44525000e-08  9.59995770e-05 
 7.44575000e-08  8.61120211e-05 
 7.44675000e-08  6.74117684e-05 
 7.44837500e-08  4.46502541e-05 
 7.45000000e-08  3.48311016e-05 
 7.45025000e-08  3.46759686e-05 
 7.45075000e-08  3.55132197e-05 
 7.45175000e-08  4.18028474e-05 
 7.45337500e-08  6.46363148e-05 
 7.45500000e-08  1.04462052e-04 
 7.45525000e-08  1.11613983e-04 
 7.45575000e-08  1.26923804e-04 
 7.45675000e-08  1.56602224e-04 
 7.45837500e-08  1.91151735e-04 
 7.46000000e-08  1.92937304e-04 
 7.46025000e-08  1.88840954e-04 
 7.46075000e-08  1.78575670e-04 
 7.46175000e-08  1.41204845e-04 
 7.46337500e-08  1.96946569e-05 
 7.46500000e-08 -2.05964941e-04 
 7.46525000e-08 -2.51302592e-04 
 7.46575000e-08 -3.47190717e-04 
 7.46675000e-08 -5.69449815e-04 
 7.46837500e-08 -9.98425392e-04 
 7.47000000e-08 -1.42712848e-03 
 7.47025000e-08 -1.49383665e-03 
 7.47075000e-08 -1.63151871e-03 
 7.47175000e-08 -1.92392252e-03 
 7.47337500e-08 -2.41188340e-03 
 7.47500000e-08 -2.89657945e-03 
 7.47525000e-08 -2.97011635e-03 
 7.47575000e-08 -3.11752875e-03 
 7.47675000e-08 -3.41162785e-03 
 7.47837500e-08 -3.88785920e-03 
 7.48000000e-08 -4.36695974e-03 
 7.48025000e-08 -4.44115360e-03 
 7.48075000e-08 -4.59172987e-03 
 7.48175000e-08 -4.89923406e-03 
 7.48337500e-08 -5.42368925e-03 
 7.48500000e-08 -5.99146123e-03 
 7.48525000e-08 -6.08489257e-03 
 7.48575000e-08 -6.27874678e-03 
 7.48675000e-08 -6.68626066e-03 
 7.48837500e-08 -7.40950224e-03 
 7.49000000e-08 -8.23013258e-03 
 7.49025000e-08 -8.36469508e-03 
 7.49075000e-08 -8.65030129e-03 
 7.49175000e-08 -9.26168278e-03 
 7.49337500e-08 -1.04041348e-02 
 7.49500000e-08 -1.17819971e-02 
 7.49525000e-08 -1.20108372e-02 
 7.49575000e-08 -1.24994727e-02 
 7.49675000e-08 -1.35070861e-02 
 7.49837500e-08 -1.50345099e-02 
 7.50000000e-08 -1.57994505e-02 
 7.50025000e-08 -1.57636585e-02 
 7.50075000e-08 -1.55844532e-02 
 7.50175000e-08 -1.43724118e-02 
 7.50337500e-08 -9.20478696e-03 
 7.50500000e-08  9.74142440e-04 
 7.50525000e-08  3.01012731e-03 
 7.50575000e-08  7.41279916e-03 
 7.50675000e-08  1.82706053e-02 
 7.50837500e-08  4.23044565e-02 
 7.51000000e-08  7.56536966e-02 
 7.51025000e-08  8.18702422e-02 
 7.51075000e-08  9.49256121e-02 
 7.51175000e-08  1.25074802e-01 
 7.51337500e-08  1.88264143e-01 
 7.51500000e-08  2.75801913e-01 
 7.51525000e-08  2.92526966e-01 
 7.51575000e-08  3.28201307e-01 
 7.51675000e-08  4.15386509e-01 
 7.51837500e-08  6.29047212e-01 
 7.52000000e-08  9.53418330e-01 
 7.52025000e-08  1.01481991e+00 
 7.52075000e-08  1.14259545e+00 
 7.52175000e-08  1.42726044e+00 
 7.52337500e-08  1.95639127e+00 
 7.52500000e-08  2.46759101e+00 
 7.52525000e-08  2.53251526e+00 
 7.52575000e-08  2.65213602e+00 
 7.52675000e-08  2.84341569e+00 
 7.52837500e-08  3.04699674e+00 
 7.53000000e-08  3.15796032e+00 
 7.53025000e-08  3.16866933e+00 
 7.53075000e-08  3.18814700e+00 
 7.53175000e-08  3.21744429e+00 
 7.53337500e-08  3.24681644e+00 
 7.53500000e-08  3.26312500e+00 
 7.53525000e-08  3.26486772e+00 
 7.53575000e-08  3.26814968e+00 
 7.53675000e-08  3.27365437e+00 
 7.53837500e-08  3.28039799e+00 
 7.54000000e-08  3.28523449e+00 
 7.54025000e-08  3.28583428e+00 
 7.54075000e-08  3.28698213e+00 
 7.54175000e-08  3.28899048e+00 
 7.54337500e-08  3.29157876e+00 
 7.54500000e-08  3.29350785e+00 
 7.54525000e-08  3.29375095e+00 
 7.54575000e-08  3.29421708e+00 
 7.54675000e-08  3.29503778e+00 
 7.54837500e-08  3.29610605e+00 
 7.55000000e-08  3.29691211e+00 
 7.55025000e-08  3.29701406e+00 
 7.55075000e-08  3.29720845e+00 
 7.55175000e-08  3.29754856e+00 
 7.55337500e-08  3.29799320e+00 
 7.55500000e-08  3.29834958e+00 
 7.55525000e-08  3.29839893e+00 
 7.55575000e-08  3.29849479e+00 
 7.55675000e-08  3.29867331e+00 
 7.55837500e-08  3.29892688e+00 
 7.56000000e-08  3.29913748e+00 
 7.56025000e-08  3.29916616e+00 
 7.56075000e-08  3.29922175e+00 
 7.56175000e-08  3.29932407e+00 
 7.56337500e-08  3.29946588e+00 
 7.56500000e-08  3.29958016e+00 
 7.56525000e-08  3.29959484e+00 
 7.56575000e-08  3.29962285e+00 
 7.56675000e-08  3.29967221e+00 
 7.56837500e-08  3.29973644e+00 
 7.57000000e-08  3.29978447e+00 
 7.57025000e-08  3.29979037e+00 
 7.57075000e-08  3.29980121e+00 
 7.57175000e-08  3.29981924e+00 
 7.57337500e-08  3.29984174e+00 
 7.57500000e-08  3.29985888e+00 
 7.57525000e-08  3.29986135e+00 
 7.57575000e-08  3.29986627e+00 
 7.57675000e-08  3.29987621e+00 
 7.57837500e-08  3.29989130e+00 
 7.58000000e-08  3.29990629e+00 
 7.58025000e-08  3.29990844e+00 
 7.58075000e-08  3.29991252e+00 
 7.58175000e-08  3.29992005e+00 
 7.58337500e-08  3.29993265e+00 
 7.58500000e-08  3.29994687e+00 
 7.58525000e-08  3.29994888e+00 
 7.58575000e-08  3.29995285e+00 
 7.58675000e-08  3.29995843e+00 
 7.58837500e-08  3.29996012e+00 
 7.59000000e-08  3.29995480e+00 
 7.59025000e-08  3.29995359e+00 
 7.59075000e-08  3.29995109e+00 
 7.59175000e-08  3.29994590e+00 
 7.59337500e-08  3.29993737e+00 
 7.59500000e-08  3.29992939e+00 
 7.59525000e-08  3.29992820e+00 
 7.59575000e-08  3.29992570e+00 
 7.59675000e-08  3.29992053e+00 
 7.59837500e-08  3.29991276e+00 
 7.60000000e-08  3.29990578e+00 
 7.60025000e-08  3.29990493e+00 
 7.60075000e-08  3.29990345e+00 
 7.60175000e-08  3.29990173e+00 
 7.60337500e-08  3.29990104e+00 
 7.60500000e-08  3.29990250e+00 
 7.60525000e-08  3.29990294e+00 
 7.60575000e-08  3.29990368e+00 
 7.60675000e-08  3.29990539e+00 
 7.60837500e-08  3.29991008e+00 
 7.61000000e-08  3.29991829e+00 
 7.61025000e-08  3.29992011e+00 
 7.61075000e-08  3.29992406e+00 
 7.61175000e-08  3.29993373e+00 
 7.61337500e-08  3.29995184e+00 
 7.61500000e-08  3.29996995e+00 
 7.61525000e-08  3.29997247e+00 
 7.61575000e-08  3.29997724e+00 
 7.61675000e-08  3.29998504e+00 
 7.61837500e-08  3.29999399e+00 
 7.62000000e-08  3.29999882e+00 
 7.62025000e-08  3.29999902e+00 
 7.62075000e-08  3.29999842e+00 
 7.62175000e-08  3.29999555e+00 
 7.62337500e-08  3.29998989e+00 
 7.62500000e-08  3.29998397e+00 
 7.62525000e-08  3.29998342e+00 
 7.62575000e-08  3.29998279e+00 
 7.62675000e-08  3.29998323e+00 
 7.62837500e-08  3.29998447e+00 
 7.63000000e-08  3.29998291e+00 
 7.63025000e-08  3.29998202e+00 
 7.63075000e-08  3.29997992e+00 
 7.63175000e-08  3.29997411e+00 
 7.63337500e-08  3.29996335e+00 
 7.63500000e-08  3.29995509e+00 
 7.63525000e-08  3.29995420e+00 
 7.63575000e-08  3.29995268e+00 
 7.63675000e-08  3.29995135e+00 
 7.63837500e-08  3.29996247e+00 
 7.64000000e-08  3.29998475e+00 
 7.64025000e-08  3.29998839e+00 
 7.64075000e-08  3.29999656e+00 
 7.64175000e-08  3.30001480e+00 
 7.64337500e-08  3.30003667e+00 
 7.64500000e-08  3.30003590e+00 
 7.64525000e-08  3.30003259e+00 
 7.64575000e-08  3.30002422e+00 
 7.64675000e-08  3.29999737e+00 
 7.64837500e-08  3.29993683e+00 
 7.65000000e-08  3.29986120e+00 
 7.65025000e-08  3.29984942e+00 
 7.65075000e-08  3.29982697e+00 
 7.65175000e-08  3.29978783e+00 
 7.65337500e-08  3.29973658e+00 
 7.65500000e-08  3.29969727e+00 
 7.65525000e-08  3.29969273e+00 
 7.65575000e-08  3.29968478e+00 
 7.65675000e-08  3.29967567e+00 
 7.65837500e-08  3.29967576e+00 
 7.66000000e-08  3.29969150e+00 
 7.66025000e-08  3.29969538e+00 
 7.66075000e-08  3.29971023e+00 
 7.66175000e-08  3.29973682e+00 
 7.66337500e-08  3.29977078e+00 
 7.66500000e-08  3.29979314e+00 
 7.66525000e-08  3.29979496e+00 
 7.66575000e-08  3.29979709e+00 
 7.66675000e-08  3.29980025e+00 
 7.66837500e-08  3.29982078e+00 
 7.67000000e-08  3.29985997e+00 
 7.67025000e-08  3.29986693e+00 
 7.67075000e-08  3.29988060e+00 
 7.67175000e-08  3.29990660e+00 
 7.67337500e-08  3.29994009e+00 
 7.67500000e-08  3.29995983e+00 
 7.67525000e-08  3.29996145e+00 
 7.67575000e-08  3.29996349e+00 
 7.67675000e-08  3.29996316e+00 
 7.67837500e-08  3.29995234e+00 
 7.68000000e-08  3.29992988e+00 
 7.68025000e-08  3.29992537e+00 
 7.68075000e-08  3.29991504e+00 
 7.68175000e-08  3.29989005e+00 
 7.68337500e-08  3.29983662e+00 
 7.68500000e-08  3.29976601e+00 
 7.68525000e-08  3.29975451e+00 
 7.68575000e-08  3.29973045e+00 
 7.68675000e-08  3.29968479e+00 
 7.68837500e-08  3.29962688e+00 
 7.69000000e-08  3.29959884e+00 
 7.69025000e-08  3.29959783e+00 
 7.69075000e-08  3.29959614e+00 
 7.69175000e-08  3.29959862e+00 
 7.69337500e-08  3.29961751e+00 
 7.69500000e-08  3.29965397e+00 
 7.69525000e-08  3.29966187e+00 
 7.69575000e-08  3.29967864e+00 
 7.69675000e-08  3.29972122e+00 
 7.69837500e-08  3.29981618e+00 
 7.70000000e-08  3.29994853e+00 
 7.70025000e-08  3.29997281e+00 
 7.70075000e-08  3.30002545e+00 
 7.70175000e-08  3.30014730e+00 
 7.70337500e-08  3.30037692e+00 
 7.70500000e-08  3.30064973e+00 
 7.70525000e-08  3.30069586e+00 
 7.70575000e-08  3.30078964e+00 
 7.70675000e-08  3.30098712e+00 
 7.70837500e-08  3.30132691e+00 
 7.71000000e-08  3.30166098e+00 
 7.71025000e-08  3.30170941e+00 
 7.71075000e-08  3.30180707e+00 
 7.71175000e-08  3.30201581e+00 
 7.71337500e-08  3.30236002e+00 
 7.71500000e-08  3.30271112e+00 
 7.71525000e-08  3.30276685e+00 
 7.71575000e-08  3.30287842e+00 
 7.71675000e-08  3.30310365e+00 
 7.71837500e-08  3.30347887e+00 
 7.72000000e-08  3.30386802e+00 
 7.72025000e-08  3.30392868e+00 
 7.72075000e-08  3.30405092e+00 
 7.72175000e-08  3.30429579e+00 
 7.72337500e-08  3.30468321e+00 
 7.72500000e-08  3.30504578e+00 
 7.72525000e-08  3.30509818e+00 
 7.72575000e-08  3.30520292e+00 
 7.72675000e-08  3.30540947e+00 
 7.72837500e-08  3.30574431e+00 
 7.73000000e-08  3.30609541e+00 
 7.73025000e-08  3.30615215e+00 
 7.73075000e-08  3.30626864e+00 
 7.73175000e-08  3.30651804e+00 
 7.73337500e-08  3.30697715e+00 
 7.73500000e-08  3.30751836e+00 
 7.73525000e-08  3.30761052e+00 
 7.73575000e-08  3.30780116e+00 
 7.73675000e-08  3.30821750e+00 
 7.73837500e-08  3.30900808e+00 
 7.74000000e-08  3.30997189e+00 
 7.74025000e-08  3.31013946e+00 
 7.74075000e-08  3.31048877e+00 
 7.74175000e-08  3.31126186e+00 
 7.74337500e-08  3.31276314e+00 
 7.74500000e-08  3.31463850e+00 
 7.74525000e-08  3.31496700e+00 
 7.74575000e-08  3.31565279e+00 
 7.74675000e-08  3.31712943e+00 
 7.74837500e-08  3.31959197e+00 
 7.75000000e-08  3.32126928e+00 
 7.75025000e-08  3.32134547e+00 
 7.75075000e-08  3.32133869e+00 
 7.75175000e-08  3.32013139e+00 
 7.75337500e-08  3.31356735e+00 
 7.75500000e-08  3.29968264e+00 
 7.75525000e-08  3.29700361e+00 
 7.75575000e-08  3.29118277e+00 
 7.75675000e-08  3.27670862e+00 
 7.75837500e-08  3.24466226e+00 
 7.76000000e-08  3.20080846e+00 
 7.76025000e-08  3.19273354e+00 
 7.76075000e-08  3.17585009e+00 
 7.76175000e-08  3.13739056e+00 
 7.76337500e-08  3.05877161e+00 
 7.76500000e-08  2.95249505e+00 
 7.76525000e-08  2.93243618e+00 
 7.76575000e-08  2.88943377e+00 
 7.76675000e-08  2.78218774e+00 
 7.76837500e-08  2.51415624e+00 
 7.77000000e-08  2.12492853e+00 
 7.77025000e-08  2.05338653e+00 
 7.77075000e-08  1.90525581e+00 
 7.77175000e-08  1.58016957e+00 
 7.77337500e-08  9.99845952e-01 
 7.77500000e-08  5.06181449e-01 
 7.77525000e-08  4.49229232e-01 
 7.77575000e-08  3.46761546e-01 
 7.77675000e-08  2.01462506e-01 
 7.77837500e-08  8.35542915e-02 
 7.78000000e-08  4.27668070e-02 
 7.78025000e-08  3.98934779e-02 
 7.78075000e-08  3.46757713e-02 
 7.78175000e-08  2.69426983e-02 
 7.78337500e-08  1.88877217e-02 
 7.78500000e-08  1.38590961e-02 
 7.78525000e-08  1.32635650e-02 
 7.78575000e-08  1.21181728e-02 
 7.78675000e-08  1.01141274e-02 
 7.78837500e-08  7.52883004e-03 
 7.79000000e-08  5.59844879e-03 
 7.79025000e-08  5.35447675e-03 
 7.79075000e-08  4.88670566e-03 
 7.79175000e-08  4.06626763e-03 
 7.79337500e-08  3.00919826e-03 
 7.79500000e-08  2.22561196e-03 
 7.79525000e-08  2.12760113e-03 
 7.79575000e-08  1.94042692e-03 
 7.79675000e-08  1.61425899e-03 
 7.79837500e-08  1.19768040e-03 
 7.80000000e-08  8.92084260e-04 
 7.80025000e-08  8.54075475e-04 
 7.80075000e-08  7.81544515e-04 
 7.80175000e-08  6.55465088e-04 
 7.80337500e-08  4.95245211e-04 
 7.80500000e-08  3.78377253e-04 
 7.80525000e-08  3.63963604e-04 
 7.80575000e-08  3.36589809e-04 
 7.80675000e-08  2.89400980e-04 
 7.80837500e-08  2.29468064e-04 
 7.81000000e-08  1.85024677e-04 
 7.81025000e-08  1.79343917e-04 
 7.81075000e-08  1.68377341e-04 
 7.81175000e-08  1.48751990e-04 
 7.81337500e-08  1.22649025e-04 
 7.81500000e-08  1.02113575e-04 
 7.81525000e-08  9.92800313e-05 
 7.81575000e-08  9.37260994e-05 
 7.81675000e-08  8.33479666e-05 
 7.81837500e-08  6.88272555e-05 
 7.82000000e-08  5.68055826e-05 
 7.82025000e-08  5.51377054e-05 
 7.82075000e-08  5.15519587e-05 
 7.82175000e-08  4.38548678e-05 
 7.82337500e-08  3.17821450e-05 
 7.82500000e-08  2.28720223e-05 
 7.82525000e-08  2.21013176e-05 
 7.82575000e-08  2.08253990e-05 
 7.82675000e-08  1.96833531e-05 
 7.82837500e-08  1.94424899e-05 
 7.83000000e-08  1.98900340e-05 
 7.83025000e-08  1.99343300e-05 
 7.83075000e-08  1.98678000e-05 
 7.83175000e-08  1.95548279e-05 
 7.83337500e-08  1.94186956e-05 
 7.83500000e-08  1.99424583e-05 
 7.83525000e-08  2.00466160e-05 
 7.83575000e-08  2.01771943e-05 
 7.83675000e-08  2.00942795e-05 
 7.83837500e-08  1.85535349e-05 
 7.84000000e-08  1.49210019e-05 
 7.84025000e-08  1.41382506e-05 
 7.84075000e-08  1.24340494e-05 
 7.84175000e-08  8.58969084e-06 
 7.84337500e-08  2.35019503e-06 
 7.84500000e-08 -2.69300811e-06 
 7.84525000e-08 -3.21917893e-06 
 7.84575000e-08 -3.85299156e-06 
 7.84675000e-08 -4.57582420e-06 
 7.84837500e-08 -4.77473114e-06 
 7.85000000e-08 -3.84491996e-06 
 7.85025000e-08 -3.58325213e-06 
 7.85075000e-08 -3.01195509e-06 
 7.85175000e-08 -1.58267795e-06 
 7.85337500e-08  1.48418443e-06 
 7.85500000e-08  6.34863038e-06 
 7.85525000e-08  6.79543574e-06 
 7.85575000e-08  7.71085028e-06 
 7.85675000e-08  9.58411144e-06 
 7.85837500e-08  1.21113162e-05 
 7.86000000e-08  1.42342304e-05 
 7.86025000e-08  1.44710317e-05 
 7.86075000e-08  1.47277544e-05 
 7.86175000e-08  1.46406319e-05 
 7.86337500e-08  1.39512225e-05 
 7.86500000e-08  1.28349055e-05 
 7.86525000e-08  1.27575776e-05 
 7.86575000e-08  1.27052819e-05 
 7.86675000e-08  1.28516035e-05 
 7.86837500e-08  1.23655887e-05 
 7.87000000e-08  1.03082140e-05 
 7.87025000e-08  9.71092909e-06 
 7.87075000e-08  8.21288178e-06 
 7.87175000e-08  4.26548009e-06 
 7.87337500e-08 -2.61999304e-06 
 7.87500000e-08 -1.09522753e-05 
 7.87525000e-08 -1.22851778e-05 
 7.87575000e-08 -1.52308626e-05 
 7.87675000e-08 -2.06941178e-05 
 7.87837500e-08 -2.71829644e-05 
 7.88000000e-08 -2.84977027e-05 
 7.88025000e-08 -2.80348785e-05 
 7.88075000e-08 -2.71138581e-05 
 7.88175000e-08 -2.38858354e-05 
 7.88337500e-08 -1.51120724e-05 
 7.88500000e-08 -8.58388307e-07 
 7.88525000e-08  1.86300716e-06 
 7.88575000e-08  7.41438997e-06 
 7.88675000e-08  2.08087891e-05 
 7.88837500e-08  4.82652037e-05 
 7.89000000e-08  7.95216207e-05 
 7.89025000e-08  8.45015967e-05 
 7.89075000e-08  9.45090202e-05 
 7.89175000e-08  1.14674730e-04 
 7.89337500e-08  1.46518590e-04 
 7.89500000e-08  1.61953084e-04 
 7.89525000e-08  1.63157305e-04 
 7.89575000e-08  1.64952387e-04 
 7.89675000e-08  1.65842759e-04 
 7.89837500e-08  1.58353217e-04 
 7.90000000e-08  1.51477174e-04 
 7.90025000e-08  1.50144699e-04 
 7.90075000e-08  1.47909348e-04 
 7.90175000e-08  1.44862149e-04 
 7.90337500e-08  1.41208320e-04 
 7.90500000e-08  1.33223305e-04 
 7.90525000e-08  1.29685201e-04 
 7.90575000e-08  1.22387283e-04 
 7.90675000e-08  1.05273606e-04 
 7.90837500e-08  7.55865503e-05 
 7.91000000e-08  5.07191487e-05 
 7.91025000e-08  4.76810856e-05 
 7.91075000e-08  4.24328806e-05 
 7.91175000e-08  3.57280732e-05 
 7.91337500e-08  3.63558245e-05 
 7.91500000e-08  5.25426125e-05 
 7.91525000e-08  5.66144140e-05 
 7.91575000e-08  6.64272275e-05 
 7.91675000e-08  9.12915197e-05 
 7.91837500e-08  1.40980990e-04 
 7.92000000e-08  1.85971298e-04 
 7.92025000e-08  1.90392270e-04 
 7.92075000e-08  1.97729657e-04 
 7.92175000e-08  2.00359161e-04 
 7.92337500e-08  1.66231583e-04 
 7.92500000e-08  6.93476785e-05 
 7.92525000e-08  4.67325218e-05 
 7.92575000e-08 -2.81952912e-06 
 7.92675000e-08 -1.37796749e-04 
 7.92837500e-08 -4.41681782e-04 
 7.93000000e-08 -8.43651092e-04 
 7.93025000e-08 -9.13603824e-04 
 7.93075000e-08 -1.05624974e-03 
 7.93175000e-08 -1.31688917e-03 
 7.93337500e-08 -1.76233652e-03 
 7.93500000e-08 -2.26066151e-03 
 7.93525000e-08 -2.33672467e-03 
 7.93575000e-08 -2.48848931e-03 
 7.93675000e-08 -2.78855985e-03 
 7.93837500e-08 -3.26626837e-03 
 7.94000000e-08 -3.73637465e-03 
 7.94025000e-08 -3.80782834e-03 
 7.94075000e-08 -3.95169452e-03 
 7.94175000e-08 -4.24049586e-03 
 7.94337500e-08 -4.72509830e-03 
 7.94500000e-08 -5.23717268e-03 
 7.94525000e-08 -5.31835203e-03 
 7.94575000e-08 -5.48372232e-03 
 7.94675000e-08 -5.82941916e-03 
 7.94837500e-08 -6.44286687e-03 
 7.95000000e-08 -7.13080773e-03 
 7.95025000e-08 -7.24304174e-03 
 7.95075000e-08 -7.47837207e-03 
 7.95175000e-08 -7.97666650e-03 
 7.95337500e-08 -8.88745571e-03 
 7.95500000e-08 -9.97325525e-03 
 7.95525000e-08 -1.01561279e-02 
 7.95575000e-08 -1.05499431e-02 
 7.95675000e-08 -1.14012913e-02 
 7.95837500e-08 -1.29563057e-02 
 7.96000000e-08 -1.45815314e-02 
 7.96025000e-08 -1.48034860e-02 
 7.96075000e-08 -1.52345656e-02 
 7.96175000e-08 -1.58055721e-02 
 7.96337500e-08 -1.52249687e-02 
 7.96500000e-08 -1.14894835e-02 
 7.96525000e-08 -1.04894287e-02 
 7.96575000e-08 -8.24475466e-03 
 7.96675000e-08 -2.17653166e-03 
 7.96837500e-08  1.21105393e-02 
 7.97000000e-08  3.35006254e-02 
 7.97025000e-08  3.76055523e-02 
 7.97075000e-08  4.62583450e-02 
 7.97175000e-08  6.63890656e-02 
 7.97337500e-08  1.08530362e-01 
 7.97500000e-08  1.65598687e-01 
 7.97525000e-08  1.76234205e-01 
 7.97575000e-08  1.98651895e-01 
 7.97675000e-08  2.51215844e-01 
 7.97837500e-08  3.67424261e-01 
 7.98000000e-08  5.49935020e-01 
 7.98025000e-08  5.87593016e-01 
 7.98075000e-08  6.68855104e-01 
 7.98175000e-08  8.65247650e-01 
 7.98337500e-08  1.27371910e+00 
 7.98500000e-08  1.77979436e+00 
 7.98525000e-08  1.86539223e+00 
 7.98575000e-08  2.03766728e+00 
 7.98675000e-08  2.36426576e+00 
 7.98837500e-08  2.75617492e+00 
 7.99000000e-08  2.99670951e+00 
 7.99025000e-08  3.02157585e+00 
 7.99075000e-08  3.06701526e+00 
 7.99175000e-08  3.13618255e+00 
 7.99337500e-08  3.20465929e+00 
 7.99500000e-08  3.24002359e+00 
 7.99525000e-08  3.24343346e+00 
 7.99575000e-08  3.24973453e+00 
 7.99675000e-08  3.25974575e+00 
 7.99837500e-08  3.27106549e+00 
 8.00000000e-08  3.27858740e+00 
 8.00025000e-08  3.27949012e+00 
 8.00075000e-08  3.28121218e+00 
 8.00175000e-08  3.28420189e+00 
 8.00337500e-08  3.28802329e+00 
 8.00500000e-08  3.29085390e+00 
 8.00525000e-08  3.29120932e+00 
 8.00575000e-08  3.29188997e+00 
