 0.00000000e+00  3.28128854e+00 
 2.50000000e-13  3.28128854e+00 
 5.00000000e-13  3.28128854e+00 
 1.00000000e-12  3.28128854e+00 
 2.00000000e-12  3.28128853e+00 
 4.00000000e-12  3.28128852e+00 
 8.00000000e-12  3.28128851e+00 
 1.60000000e-11  3.28128867e+00 
 3.20000000e-11  3.28128968e+00 
 5.00000000e-11  3.28129067e+00 
 5.25000000e-11  3.28129066e+00 
 5.75000000e-11  3.28129051e+00 
 6.75000000e-11  3.28128973e+00 
 8.37500000e-11  3.28128806e+00 
 1.00000000e-10  3.28128611e+00 
 1.02500000e-10  3.28128573e+00 
 1.07500000e-10  3.28128483e+00 
 1.17500000e-10  3.28128095e+00 
 1.33750000e-10  3.28126428e+00 
 1.50000000e-10  3.28123245e+00 
 1.52500000e-10  3.28122608e+00 
 1.57500000e-10  3.28121280e+00 
 1.67500000e-10  3.28118353e+00 
 1.83750000e-10  3.28113196e+00 
 2.00000000e-10  3.28108001e+00 
 2.02500000e-10  3.28107229e+00 
 2.07500000e-10  3.28105705e+00 
 2.17500000e-10  3.28102793e+00 
 2.33750000e-10  3.28098627e+00 
 2.50000000e-10  3.28095510e+00 
 2.52500000e-10  3.28095158e+00 
 2.57500000e-10  3.28094529e+00 
 2.67500000e-10  3.28093824e+00 
 2.83750000e-10  3.28094211e+00 
 3.00000000e-10  3.28095878e+00 
 3.02500000e-10  3.28096206e+00 
 3.07500000e-10  3.28096853e+00 
 3.17500000e-10  3.28097909e+00 
 3.33750000e-10  3.28098491e+00 
 3.50000000e-10  3.28097641e+00 
 3.52500000e-10  3.28097377e+00 
 3.57500000e-10  3.28096805e+00 
 3.67500000e-10  3.28095515e+00 
 3.83750000e-10  3.28093150e+00 
 4.00000000e-10  3.28090141e+00 
 4.02500000e-10  3.28089579e+00 
 4.07500000e-10  3.28088384e+00 
 4.17500000e-10  3.28085458e+00 
 4.33750000e-10  3.28079097e+00 
 4.50000000e-10  3.28071391e+00 
 4.52500000e-10  3.28070153e+00 
 4.57500000e-10  3.28067698e+00 
 4.67500000e-10  3.28063077e+00 
 4.83750000e-10  3.28057196e+00 
 5.00000000e-10  3.28054315e+00 
 5.02500000e-10  3.28054229e+00 
 5.07500000e-10  3.28054263e+00 
 5.17500000e-10  3.28055779e+00 
 5.33750000e-10  3.28062691e+00 
 5.50000000e-10  3.28074554e+00 
 5.52500000e-10  3.28076805e+00 
 5.57500000e-10  3.28081452e+00 
 5.67500000e-10  3.28091347e+00 
 5.83750000e-10  3.28108385e+00 
 6.00000000e-10  3.28126419e+00 
 6.02500000e-10  3.28129308e+00 
 6.07500000e-10  3.28135159e+00 
 6.17500000e-10  3.28147372e+00 
 6.33750000e-10  3.28168952e+00 
 6.50000000e-10  3.28192782e+00 
 6.52500000e-10  3.28196672e+00 
 6.57500000e-10  3.28204543e+00 
 6.67500000e-10  3.28220686e+00 
 6.83750000e-10  3.28247535e+00 
 7.00000000e-10  3.28274857e+00 
 7.02500000e-10  3.28279108e+00 
 7.07500000e-10  3.28287645e+00 
 7.17500000e-10  3.28305019e+00 
 7.33750000e-10  3.28334618e+00 
 7.50000000e-10  3.28366523e+00 
 7.52500000e-10  3.28371697e+00 
 7.57500000e-10  3.28382184e+00 
 7.67500000e-10  3.28404060e+00 
 7.83750000e-10  3.28442265e+00 
 8.00000000e-10  3.28483404e+00 
 8.02500000e-10  3.28489984e+00 
 8.07500000e-10  3.28503227e+00 
 8.17500000e-10  3.28530046e+00 
 8.33750000e-10  3.28573947e+00 
 8.50000000e-10  3.28617735e+00 
 8.52500000e-10  3.28624429e+00 
 8.57500000e-10  3.28637802e+00 
 8.67500000e-10  3.28664557e+00 
 8.83750000e-10  3.28707964e+00 
 9.00000000e-10  3.28750330e+00 
 9.02500000e-10  3.28756651e+00 
 9.07500000e-10  3.28769135e+00 
 9.17500000e-10  3.28792850e+00 
 9.33750000e-10  3.28826890e+00 
 9.50000000e-10  3.28855016e+00 
 9.52500000e-10  3.28858746e+00 
 9.57500000e-10  3.28865952e+00 
 9.67500000e-10  3.28879061e+00 
 9.83750000e-10  3.28897065e+00 
 1.00000000e-09  3.28910453e+00 
 1.00250000e-09  3.28911972e+00 
 1.00750000e-09  3.28914687e+00 
 1.01750000e-09  3.28917808e+00 
 1.03375000e-09  3.28915088e+00 
 1.05000000e-09  3.28902131e+00 
 1.05250000e-09  3.28899100e+00 
 1.05750000e-09  3.28892586e+00 
 1.06750000e-09  3.28877117e+00 
 1.08375000e-09  3.28845815e+00 
 1.10000000e-09  3.28806870e+00 
 1.10250000e-09  3.28800068e+00 
 1.10750000e-09  3.28786022e+00 
 1.11750000e-09  3.28754857e+00 
 1.13375000e-09  3.28694119e+00 
 1.15000000e-09  3.28619980e+00 
 1.15250000e-09  3.28607188e+00 
 1.15750000e-09  3.28580969e+00 
 1.16750000e-09  3.28524950e+00 
 1.18375000e-09  3.28424253e+00 
 1.20000000e-09  3.28311269e+00 
 1.20250000e-09  3.28292596e+00 
 1.20750000e-09  3.28254593e+00 
 1.21750000e-09  3.28174485e+00 
 1.23375000e-09  3.28032133e+00 
 1.25000000e-09  3.27874323e+00 
 1.25250000e-09  3.27848484e+00 
 1.25750000e-09  3.27796066e+00 
 1.26750000e-09  3.27686803e+00 
 1.28375000e-09  3.27496974e+00 
 1.30000000e-09  3.27292808e+00 
 1.30250000e-09  3.27260065e+00 
 1.30750000e-09  3.27194004e+00 
 1.31750000e-09  3.27058653e+00 
 1.33375000e-09  3.26831045e+00 
 1.35000000e-09  3.26596409e+00 
 1.35250000e-09  3.26559821e+00 
 1.35750000e-09  3.26486502e+00 
 1.36750000e-09  3.26339271e+00 
 1.38375000e-09  3.26100043e+00 
 1.40000000e-09  3.25863649e+00 
 1.40250000e-09  3.25827815e+00 
 1.40750000e-09  3.25756512e+00 
 1.41750000e-09  3.25616458e+00 
 1.43375000e-09  3.25398435e+00 
 1.45000000e-09  3.25196212e+00 
 1.45250000e-09  3.25167032e+00 
 1.45750000e-09  3.25109775e+00 
 1.46750000e-09  3.25002533e+00 
 1.48375000e-09  3.24852069e+00 
 1.50000000e-09  3.24735044e+00 
 1.50250000e-09  3.24720696e+00 
 1.50750000e-09  3.24693844e+00 
 1.51750000e-09  3.24651424e+00 
 1.53375000e-09  3.24616927e+00 
 1.55000000e-09  3.24629465e+00 
 1.55250000e-09  3.24636501e+00 
 1.55750000e-09  3.24653149e+00 
 1.56750000e-09  3.24702377e+00 
 1.58375000e-09  3.24829901e+00 
 1.60000000e-09  3.25017983e+00 
 1.60250000e-09  3.25053014e+00 
 1.60750000e-09  3.25125915e+00 
 1.61750000e-09  3.25288494e+00 
 1.63375000e-09  3.25597803e+00 
 1.65000000e-09  3.25956642e+00 
 1.65250000e-09  3.26016234e+00 
 1.65750000e-09  3.26137044e+00 
 1.66750000e-09  3.26387013e+00 
 1.68375000e-09  3.26808830e+00 
 1.70000000e-09  3.27235682e+00 
 1.70250000e-09  3.27300657e+00 
 1.70750000e-09  3.27429634e+00 
 1.71750000e-09  3.27679503e+00 
 1.73375000e-09  3.28053274e+00 
 1.75000000e-09  3.28375240e+00 
 1.75250000e-09  3.28418830e+00 
 1.75750000e-09  3.28503289e+00 
 1.76750000e-09  3.28654536e+00 
 1.78375000e-09  3.28853706e+00 
 1.80000000e-09  3.29005017e+00 
 1.80250000e-09  3.29024350e+00 
 1.80750000e-09  3.29061900e+00 
 1.81750000e-09  3.29130022e+00 
 1.83375000e-09  3.29225603e+00 
 1.85000000e-09  3.29307867e+00 
 1.85250000e-09  3.29319440e+00 
 1.85750000e-09  3.29342334e+00 
 1.86750000e-09  3.29386070e+00 
 1.88375000e-09  3.29451795e+00 
 1.90000000e-09  3.29511577e+00 
 1.90250000e-09  3.29520181e+00 
 1.90750000e-09  3.29537193e+00 
 1.91750000e-09  3.29569948e+00 
 1.93375000e-09  3.29620272e+00 
 1.95000000e-09  3.29667633e+00 
 1.95250000e-09  3.29674667e+00 
 1.95750000e-09  3.29688661e+00 
 1.96750000e-09  3.29716069e+00 
 1.98375000e-09  3.29758928e+00 
 2.00000000e-09  3.29800084e+00 
 2.00250000e-09  3.29806312e+00 
 2.00750000e-09  3.29818752e+00 
 2.01750000e-09  3.29843561e+00 
 2.03375000e-09  3.29884155e+00 
 2.05000000e-09  3.29926135e+00 
 2.05250000e-09  3.29932806e+00 
 2.05750000e-09  3.29946288e+00 
 2.06750000e-09  3.29974349e+00 
 2.08375000e-09  3.30026266e+00 
 2.10000000e-09  3.30086142e+00 
 2.10250000e-09  3.30095967e+00 
 2.10750000e-09  3.30116065e+00 
 2.11750000e-09  3.30159046e+00 
 2.13375000e-09  3.30238646e+00 
 2.15000000e-09  3.30334489e+00 
 2.15250000e-09  3.30351377e+00 
 2.15750000e-09  3.30386463e+00 
 2.16750000e-09  3.30464929e+00 
 2.18375000e-09  3.30621246e+00 
 2.20000000e-09  3.30822795e+00 
 2.20250000e-09  3.30858885e+00 
 2.20750000e-09  3.30934655e+00 
 2.21750000e-09  3.31104917e+00 
 2.23375000e-09  3.31440363e+00 
 2.25000000e-09  3.31803894e+00 
 2.25250000e-09  3.31850580e+00 
 2.25750000e-09  3.31926851e+00 
 2.26750000e-09  3.31917393e+00 
 2.28375000e-09  3.31133728e+00 
 2.30000000e-09  3.29094420e+00 
 2.30250000e-09  3.28653605e+00 
 2.30750000e-09  3.27691311e+00 
 2.31750000e-09  3.25282399e+00 
 2.33375000e-09  3.19925790e+00 
 2.35000000e-09  3.12497580e+00 
 2.35250000e-09  3.11107130e+00 
 2.35750000e-09  3.08175008e+00 
 2.36750000e-09  3.01295935e+00 
 2.38375000e-09  2.85799071e+00 
 2.40000000e-09  2.58183764e+00 
 2.40250000e-09  2.52061107e+00 
 2.40750000e-09  2.38716837e+00 
 2.41750000e-09  2.06011733e+00 
 2.43375000e-09  1.37874391e+00 
 2.45000000e-09  6.50354485e-01 
 2.45250000e-09  5.56267658e-01 
 2.45750000e-09  3.91694774e-01 
 2.46750000e-09  1.82437891e-01 
 2.48375000e-09  5.34772998e-02 
 2.50000000e-09  2.82279548e-02 
 2.50188087e-09  2.70124134e-02 
 2.50564261e-09  2.46153242e-02 
 2.51316610e-09  2.04074897e-02 
 2.52821307e-09  1.40617810e-02 
 2.55000000e-09  8.56767663e-03 
 2.55250000e-09  8.15170766e-03 
 2.55750000e-09  7.35154206e-03 
 2.56750000e-09  5.96909873e-03 
 2.58375000e-09  4.25296949e-03 
 2.60000000e-09  3.03938647e-03 
 2.60250000e-09  2.89085004e-03 
 2.60750000e-09  2.60761187e-03 
 2.61750000e-09  2.11770994e-03 
 2.63375000e-09  1.49600288e-03 
 2.65000000e-09  1.04069864e-03 
 2.65250000e-09  9.84242204e-04 
 2.65750000e-09  8.76731046e-04 
 2.66750000e-09  6.90734986e-04 
 2.68375000e-09  4.59117926e-04 
 2.70000000e-09  3.00674017e-04 
 2.70250000e-09  2.82580111e-04 
 2.70750000e-09  2.48603366e-04 
 2.71750000e-09  1.94019838e-04 
 2.73375000e-09  1.38041612e-04 
 2.75000000e-09  1.13898156e-04 
 2.75250000e-09  1.12421363e-04 
 2.75750000e-09  1.10315361e-04 
 2.76750000e-09  1.10444963e-04 
 2.78375000e-09  1.20273738e-04 
 2.80000000e-09  1.38189370e-04 
 2.80250000e-09  1.41229850e-04 
 2.80750000e-09  1.47271421e-04 
 2.81750000e-09  1.58322491e-04 
 2.83375000e-09  1.70059193e-04 
 2.85000000e-09  1.72132566e-04 
 2.85250000e-09  1.71503813e-04 
 2.85750000e-09  1.69734971e-04 
 2.86750000e-09  1.64722146e-04 
 2.88375000e-09  1.57059899e-04 
 2.90000000e-09  1.48205533e-04 
 2.90250000e-09  1.45375787e-04 
 2.90750000e-09  1.39730694e-04 
 2.91750000e-09  1.28981016e-04 
 2.93375000e-09  1.11803601e-04 
 2.95000000e-09  9.56694425e-05 
 2.95250000e-09  9.31539251e-05 
 2.95750000e-09  8.85026429e-05 
 2.96750000e-09  7.57379519e-05 
 2.98375000e-09  4.74903413e-05 
 3.00000000e-09  2.41193322e-05 
 3.00250000e-09  2.21749041e-05 
 3.00750000e-09  1.99905142e-05 
 3.01750000e-09  2.27570690e-05 
 3.03375000e-09  4.48250241e-05 
 3.05000000e-09  8.55757397e-05 
 3.05250000e-09  9.20577684e-05 
 3.05750000e-09  1.05107712e-04 
 3.06750000e-09  1.22943172e-04 
 3.08375000e-09  1.12248559e-04 
 3.10000000e-09  2.66071588e-05 
 3.10250000e-09  3.66606203e-06 
 3.10750000e-09 -5.11529546e-05 
 3.11750000e-09 -1.97882792e-04 
 3.13375000e-09 -5.38146345e-04 
 3.15000000e-09 -9.52847598e-04 
 3.15250000e-09 -1.01947975e-03 
 3.15750000e-09 -1.16059025e-03 
 3.16750000e-09 -1.47073961e-03 
 3.18375000e-09 -1.99176801e-03 
 3.20000000e-09 -2.49825224e-03 
 3.20250000e-09 -2.57276281e-03 
 3.20750000e-09 -2.72118556e-03 
 3.21750000e-09 -3.01226218e-03 
 3.23375000e-09 -3.47620226e-03 
 3.25000000e-09 -3.95484089e-03 
 3.25250000e-09 -4.03003755e-03 
 3.25750000e-09 -4.18456884e-03 
 3.26750000e-09 -4.50850694e-03 
 3.28375000e-09 -5.09137899e-03 
 3.30000000e-09 -5.77606237e-03 
 3.30250000e-09 -5.89219933e-03 
 3.30750000e-09 -6.14119494e-03 
 3.31750000e-09 -6.68351721e-03 
 3.33375000e-09 -7.72646084e-03 
 3.35000000e-09 -9.06787941e-03 
 3.35250000e-09 -9.29812340e-03 
 3.35750000e-09 -9.80917302e-03 
 3.36750000e-09 -1.08922854e-02 
 3.38375000e-09 -1.25793816e-02 
 3.40000000e-09 -1.29386539e-02 
 3.40250000e-09 -1.26994454e-02 
 3.40750000e-09 -1.19852576e-02 
 3.41750000e-09 -8.85569304e-03 
 3.43375000e-09  1.98919402e-03 
 3.45000000e-09  2.09480089e-02 
 3.45250000e-09  2.48889095e-02 
 3.45750000e-09  3.33372710e-02 
 3.46750000e-09  5.38658271e-02 
 3.48375000e-09  9.96214200e-02 
 3.50000000e-09  1.66463652e-01 
 3.50250000e-09  1.79470982e-01 
 3.50750000e-09  2.07352631e-01 
 3.51750000e-09  2.76346431e-01 
 3.53375000e-09  4.52392706e-01 
 3.55000000e-09  7.87469384e-01 
 3.55250000e-09  8.59823997e-01 
 3.55750000e-09  1.01424355e+00 
 3.56750000e-09  1.37792751e+00 
 3.58375000e-09  2.08742484e+00 
 3.60000000e-09  2.69201030e+00 
 3.60250000e-09  2.75725663e+00 
 3.60750000e-09  2.87373706e+00 
 3.61750000e-09  3.04004626e+00 
 3.63375000e-09  3.18342306e+00 
 3.65000000e-09  3.24059788e+00 
 3.65250000e-09  3.24503830e+00 
 3.65750000e-09  3.25304974e+00 
 3.66750000e-09  3.26496442e+00 
 3.68375000e-09  3.27728712e+00 
 3.70000000e-09  3.28473602e+00 
 3.70250000e-09  3.28557619e+00 
 3.70750000e-09  3.28715762e+00 
 3.71750000e-09  3.28978331e+00 
 3.73375000e-09  3.29285797e+00 
 3.75000000e-09  3.29486603e+00 
 3.75250000e-09  3.29509552e+00 
 3.75750000e-09  3.29552689e+00 
 3.76750000e-09  3.29624471e+00 
 3.78375000e-09  3.29710047e+00 
 3.80000000e-09  3.29768739e+00 
 3.80250000e-09  3.29775825e+00 
 3.80750000e-09  3.29789381e+00 
 3.81750000e-09  3.29813145e+00 
 3.83375000e-09  3.29844325e+00 
 3.85000000e-09  3.29868959e+00 
 3.85250000e-09  3.29872226e+00 
 3.85750000e-09  3.29878511e+00 
 3.86750000e-09  3.29889858e+00 
 3.88375000e-09  3.29905030e+00 
 3.90000000e-09  3.29919240e+00 
 3.90250000e-09  3.29921760e+00 
 3.90750000e-09  3.29926776e+00 
 3.91750000e-09  3.29936819e+00 
 3.93375000e-09  3.29951920e+00 
 3.95000000e-09  3.29964362e+00 
 3.95250000e-09  3.29966019e+00 
 3.95750000e-09  3.29969181e+00 
 3.96750000e-09  3.29974718e+00 
 3.98375000e-09  3.29981902e+00 
 4.00000000e-09  3.29987017e+00 
 4.00250000e-09  3.29987610e+00 
 4.00750000e-09  3.29988688e+00 
 4.01750000e-09  3.29990392e+00 
 4.03375000e-09  3.29992198e+00 
 4.05000000e-09  3.29993225e+00 
 4.05250000e-09  3.29993334e+00 
 4.05750000e-09  3.29993491e+00 
 4.06750000e-09  3.29993678e+00 
 4.08375000e-09  3.29993827e+00 
 4.10000000e-09  3.29993939e+00 
 4.10250000e-09  3.29994009e+00 
 4.10750000e-09  3.29994124e+00 
 4.11750000e-09  3.29994351e+00 
 4.13375000e-09  3.29994956e+00 
 4.15000000e-09  3.29996342e+00 
 4.15250000e-09  3.29996619e+00 
 4.15750000e-09  3.29997198e+00 
 4.16750000e-09  3.29998001e+00 
 4.18375000e-09  3.29998102e+00 
 4.20000000e-09  3.29997165e+00 
 4.20250000e-09  3.29996983e+00 
 4.20750000e-09  3.29996627e+00 
 4.21750000e-09  3.29995947e+00 
 4.23375000e-09  3.29994962e+00 
 4.25000000e-09  3.29994179e+00 
 4.25250000e-09  3.29994079e+00 
 4.25750000e-09  3.29993875e+00 
 4.26750000e-09  3.29993501e+00 
 4.28375000e-09  3.29993054e+00 
 4.30000000e-09  3.29992751e+00 
 4.30250000e-09  3.29992714e+00 
 4.30750000e-09  3.29992649e+00 
 4.31750000e-09  3.29992612e+00 
 4.33375000e-09  3.29992712e+00 
 4.35000000e-09  3.29993058e+00 
 4.35250000e-09  3.29993144e+00 
 4.35750000e-09  3.29993302e+00 
 4.36750000e-09  3.29993673e+00 
 4.38375000e-09  3.29994555e+00 
 4.40000000e-09  3.29995954e+00 
 4.40250000e-09  3.29996220e+00 
 4.40750000e-09  3.29996757e+00 
 4.41750000e-09  3.29997858e+00 
 4.43375000e-09  3.29999421e+00 
 4.45000000e-09  3.30000321e+00 
 4.45250000e-09  3.30000403e+00 
 4.45750000e-09  3.30000551e+00 
 4.46750000e-09  3.30000621e+00 
 4.48375000e-09  3.30000190e+00 
 4.50000000e-09  3.29999649e+00 
 4.50250000e-09  3.29999558e+00 
 4.50750000e-09  3.29999373e+00 
 4.51750000e-09  3.29998998e+00 
 4.53375000e-09  3.29998370e+00 
 4.55000000e-09  3.29997465e+00 
 4.55250000e-09  3.29997248e+00 
 4.55750000e-09  3.29996810e+00 
 4.56750000e-09  3.29995951e+00 
 4.58375000e-09  3.29995796e+00 
 4.60000000e-09  3.29995983e+00 
 4.60250000e-09  3.29996019e+00 
 4.60750000e-09  3.29996180e+00 
 4.61750000e-09  3.29996930e+00 
 4.63375000e-09  3.29999297e+00 
 4.65000000e-09  3.30003124e+00 
 4.65250000e-09  3.30003666e+00 
 4.65750000e-09  3.30004632e+00 
 4.66750000e-09  3.30005508e+00 
 4.68375000e-09  3.30003339e+00 
 4.70000000e-09  3.29996522e+00 
 4.70250000e-09  3.29995248e+00 
 4.70750000e-09  3.29992602e+00 
 4.71750000e-09  3.29987091e+00 
 4.73375000e-09  3.29979675e+00 
 4.75000000e-09  3.29974625e+00 
 4.75250000e-09  3.29974212e+00 
 4.75750000e-09  3.29973619e+00 
 4.76750000e-09  3.29973455e+00 
 4.78375000e-09  3.29975412e+00 
 4.80000000e-09  3.29980336e+00 
 4.80250000e-09  3.29981248e+00 
 4.80750000e-09  3.29982934e+00 
 4.81750000e-09  3.29985785e+00 
 4.83375000e-09  3.29988923e+00 
 4.85000000e-09  3.29990762e+00 
 4.85250000e-09  3.29991254e+00 
 4.85750000e-09  3.29992229e+00 
 4.86750000e-09  3.29994371e+00 
 4.88375000e-09  3.29997591e+00 
 4.90000000e-09  3.29999794e+00 
 4.90250000e-09  3.30000018e+00 
 4.90750000e-09  3.30000425e+00 
 4.91750000e-09  3.30000810e+00 
 4.93375000e-09  3.30000448e+00 
 4.95000000e-09  3.29999113e+00 
 4.95250000e-09  3.29998853e+00 
 4.95750000e-09  3.29998230e+00 
 4.96750000e-09  3.29996630e+00 
 4.98375000e-09  3.29993162e+00 
 5.00000000e-09  3.29988153e+00 
 5.00250000e-09  3.29987206e+00 
 5.00750000e-09  3.29985035e+00 
 5.01750000e-09  3.29980074e+00 
 5.03375000e-09  3.29971464e+00 
 5.05000000e-09  3.29965483e+00 
 5.05250000e-09  3.29965123e+00 
 5.05750000e-09  3.29964543e+00 
 5.06750000e-09  3.29964651e+00 
 5.08375000e-09  3.29967142e+00 
 5.10000000e-09  3.29971797e+00 
 5.10250000e-09  3.29972776e+00 
 5.10750000e-09  3.29974834e+00 
 5.11750000e-09  3.29980209e+00 
 5.13375000e-09  3.29993756e+00 
 5.15000000e-09  3.30016587e+00 
 5.15250000e-09  3.30020999e+00 
 5.15750000e-09  3.30030143e+00 
 5.16750000e-09  3.30050349e+00 
 5.18375000e-09  3.30086967e+00 
 5.20000000e-09  3.30125087e+00 
 5.20250000e-09  3.30130763e+00 
 5.20750000e-09  3.30142012e+00 
 5.21750000e-09  3.30163634e+00 
 5.23375000e-09  3.30200374e+00 
 5.25000000e-09  3.30238013e+00 
 5.25250000e-09  3.30244098e+00 
 5.25750000e-09  3.30256219e+00 
 5.26750000e-09  3.30280621e+00 
 5.28375000e-09  3.30321245e+00 
 5.30000000e-09  3.30363412e+00 
 5.30250000e-09  3.30369927e+00 
 5.30750000e-09  3.30383013e+00 
 5.31750000e-09  3.30407863e+00 
 5.33375000e-09  3.30441955e+00 
 5.35000000e-09  3.30469411e+00 
 5.35250000e-09  3.30473247e+00 
 5.35750000e-09  3.30481112e+00 
 5.36750000e-09  3.30498082e+00 
 5.38375000e-09  3.30530925e+00 
 5.40000000e-09  3.30572991e+00 
 5.40250000e-09  3.30580509e+00 
 5.40750000e-09  3.30596308e+00 
 5.41750000e-09  3.30632239e+00 
 5.43375000e-09  3.30704540e+00 
 5.45000000e-09  3.30798693e+00 
 5.45250000e-09  3.30815720e+00 
 5.45750000e-09  3.30851749e+00 
 5.46750000e-09  3.30934476e+00 
 5.48375000e-09  3.31106245e+00 
 5.50000000e-09  3.31342926e+00 
 5.50250000e-09  3.31386840e+00 
 5.50750000e-09  3.31480142e+00 
 5.51750000e-09  3.31682763e+00 
 5.53375000e-09  3.31941278e+00 
 5.55000000e-09  3.31734089e+00 
 5.55250000e-09  3.31616132e+00 
 5.55750000e-09  3.31316691e+00 
 5.56750000e-09  3.30301902e+00 
 5.58375000e-09  3.27531429e+00 
 5.60000000e-09  3.22941724e+00 
 5.60250000e-09  3.22030155e+00 
 5.60750000e-09  3.20096144e+00 
 5.61750000e-09  3.15514598e+00 
 5.63375000e-09  3.05530644e+00 
 5.65000000e-09  2.90768540e+00 
 5.65250000e-09  2.87784078e+00 
 5.65750000e-09  2.81129841e+00 
 5.66750000e-09  2.62265591e+00 
 5.68375000e-09  2.12599525e+00 
 5.70000000e-09  1.41252947e+00 
 5.70250000e-09  1.28426806e+00 
 5.70750000e-09  1.02539409e+00 
 5.71750000e-09  5.70830969e-01 
 5.73375000e-09  1.56986953e-01 
 5.75000000e-09  4.61075683e-02 
 5.75171002e-09  4.33165865e-02 
 5.75513005e-09  3.82214074e-02 
 5.76197012e-09  3.04564619e-02 
 5.77565025e-09  2.01189891e-02 
 5.80000000e-09  1.04330354e-02 
 5.80250000e-09  9.89002627e-03 
 5.80750000e-09  8.83158615e-03 
 5.81750000e-09  6.96237537e-03 
 5.83375000e-09  4.64355226e-03 
 5.85000000e-09  3.05324263e-03 
 5.85250000e-09  2.86693988e-03 
 5.85750000e-09  2.51670081e-03 
 5.86750000e-09  1.93468671e-03 
 5.88375000e-09  1.25455469e-03 
 5.90000000e-09  8.16725926e-04 
 5.90250000e-09  7.67665673e-04 
 5.90750000e-09  6.76621939e-04 
 5.91750000e-09  5.29102917e-04 
 5.93375000e-09  3.62112172e-04 
 5.95000000e-09  2.55917543e-04 
 5.95250000e-09  2.43694079e-04 
 5.95750000e-09  2.20772910e-04 
 5.96750000e-09  1.82602768e-04 
 5.98375000e-09  1.37649081e-04 
 6.00000000e-09  1.07745599e-04 
 6.00250000e-09  1.04269893e-04 
 6.00750000e-09  9.77691486e-05 
 6.01750000e-09  8.68964844e-05 
 6.03375000e-09  7.32131676e-05 
 6.05000000e-09  6.26624820e-05 
 6.05250000e-09  6.11415306e-05 
 6.05750000e-09  5.80659606e-05 
 6.06750000e-09  5.22078065e-05 
 6.08375000e-09  4.38777818e-05 
 6.10000000e-09  3.66393878e-05 
 6.10250000e-09  3.57993433e-05 
 6.10750000e-09  3.42997070e-05 
 6.11750000e-09  3.20539694e-05 
 6.13375000e-09  2.78704974e-05 
 6.15000000e-09  1.89486239e-05 
 6.15250000e-09  1.73610703e-05 
 6.15750000e-09  1.40820290e-05 
 6.16750000e-09  9.08777297e-06 
 6.18375000e-09  5.47925744e-06 
 6.20000000e-09  5.51629194e-06 
 6.20250000e-09  5.79572417e-06 
 6.20750000e-09  6.36411485e-06 
 6.21750000e-09  7.74394704e-06 
 6.23375000e-09  9.64828674e-06 
 6.25000000e-09  1.12231220e-05 
 6.25250000e-09  1.14085507e-05 
 6.25750000e-09  1.15831496e-05 
 6.26750000e-09  1.14149831e-05 
 6.28375000e-09  9.51100111e-06 
 6.30000000e-09  4.99261059e-06 
 6.30250000e-09  4.15972728e-06 
 6.30750000e-09  2.47489821e-06 
 6.31750000e-09 -8.96842628e-07 
 6.33375000e-09 -5.65563845e-06 
 6.35000000e-09 -7.32027352e-06 
 6.35250000e-09 -7.45310686e-06 
 6.35750000e-09 -7.79292506e-06 
 6.36750000e-09 -8.20652999e-06 
 6.38375000e-09 -6.95065556e-06 
 6.40000000e-09 -3.04485968e-06 
 6.40250000e-09 -1.91789407e-06 
 6.40750000e-09  8.61213008e-08 
 6.41750000e-09  3.22870186e-06 
 6.43375000e-09  7.74825310e-06 
 6.45000000e-09  1.14489161e-05 
 6.45250000e-09  1.17835121e-05 
 6.45750000e-09  1.22611697e-05 
 6.46750000e-09  1.27039061e-05 
 6.48375000e-09  1.25912954e-05 
 6.50000000e-09  1.14206104e-05 
 6.50250000e-09  1.11529340e-05 
 6.50750000e-09  1.05393772e-05 
 6.51750000e-09  9.07771599e-06 
 6.53375000e-09  6.25303171e-06 
 6.55000000e-09  2.80217093e-06 
 6.55250000e-09  2.23883165e-06 
 6.55750000e-09  1.06577637e-06 
 6.56750000e-09 -1.33063643e-06 
 6.58375000e-09 -5.89945484e-06 
 6.60000000e-09 -1.25904341e-05 
 6.60250000e-09 -1.38403897e-05 
 6.60750000e-09 -1.68060940e-05 
 6.61750000e-09 -2.20312527e-05 
 6.63375000e-09 -2.61749072e-05 
 6.65000000e-09 -2.34006592e-05 
 6.65250000e-09 -2.20851940e-05 
 6.65750000e-09 -1.94948877e-05 
 6.66750000e-09 -1.21825113e-05 
 6.68375000e-09  6.64659890e-06 
 6.70000000e-09  3.62088225e-05 
 6.70250000e-09  4.16938321e-05 
 6.70750000e-09  5.27346333e-05 
 6.71750000e-09  7.45476498e-05 
 6.73375000e-09  1.07921319e-04 
 6.75000000e-09  1.25596405e-04 
 6.75250000e-09  1.26679276e-04 
 6.75750000e-09  1.28523892e-04 
 6.76750000e-09  1.28937759e-04 
 6.78375000e-09  1.19665376e-04 
 6.80000000e-09  1.08978684e-04 
 6.80250000e-09  1.07483442e-04 
 6.80750000e-09  1.04520366e-04 
 6.81750000e-09  9.74799422e-05 
 6.83375000e-09  7.89817822e-05 
 6.85000000e-09  4.33979987e-05 
 6.85250000e-09  3.65601265e-05 
 6.85750000e-09  2.40324109e-05 
 6.86750000e-09  4.24522165e-06 
 6.88375000e-09 -1.23485729e-05 
 6.90000000e-09 -8.10403379e-06 
 6.90250000e-09 -5.77715418e-06 
 6.90750000e-09  1.64999276e-07 
 6.91750000e-09  1.64064929e-05 
 6.93375000e-09  5.91410940e-05 
 6.95000000e-09  1.23284091e-04 
 6.95250000e-09  1.33196180e-04 
 6.95750000e-09  1.52900150e-04 
 6.96750000e-09  1.81923626e-04 
 6.98375000e-09  1.87351742e-04 
 7.00000000e-09  1.13318596e-04 
 7.00250000e-09  9.04978350e-05 
 7.00750000e-09  3.66876996e-05 
 7.01750000e-09 -1.30363294e-04 
 7.03375000e-09 -5.47196101e-04 
 7.05000000e-09 -1.08650258e-03 
 7.05250000e-09 -1.15825932e-03 
 7.05750000e-09 -1.31356688e-03 
 7.06750000e-09 -1.66274126e-03 
 7.08375000e-09 -2.23745417e-03 
 7.10000000e-09 -2.77730465e-03 
 7.10250000e-09 -2.85615605e-03 
 7.10750000e-09 -3.01347552e-03 
 7.11750000e-09 -3.32365285e-03 
 7.13375000e-09 -3.82482150e-03 
 7.15000000e-09 -4.34383292e-03 
 7.15250000e-09 -4.42386614e-03 
 7.15750000e-09 -4.59025643e-03 
 7.16750000e-09 -4.94077288e-03 
 7.18375000e-09 -5.56008083e-03 
 7.20000000e-09 -6.27019739e-03 
 7.20250000e-09 -6.38799658e-03 
 7.20750000e-09 -6.64266759e-03 
 7.21750000e-09 -7.19746750e-03 
 7.23375000e-09 -8.29996770e-03 
 7.25000000e-09 -9.77753920e-03 
 7.25250000e-09 -1.00321658e-02 
 7.25750000e-09 -1.05926738e-02 
 7.26750000e-09 -1.17403456e-02 
 7.28375000e-09 -1.31492400e-02 
 7.30000000e-09 -1.20933455e-02 
 7.30250000e-09 -1.14822087e-02 
 7.30750000e-09 -9.94222504e-03 
 7.31750000e-09 -4.74764325e-03 
 7.33375000e-09  1.01540280e-02 
 7.35000000e-09  3.50346989e-02 
 7.35250000e-09  4.00496259e-02 
 7.35750000e-09  5.07698588e-02 
 7.36750000e-09  7.66845147e-02 
 7.38375000e-09  1.34610664e-01 
 7.40000000e-09  2.21204616e-01 
 7.40250000e-09  2.38430482e-01 
 7.40750000e-09  2.75766031e-01 
 7.41750000e-09  3.72010090e-01 
 7.43375000e-09  6.47254660e-01 
 7.45000000e-09  1.12390740e+00 
 7.45250000e-09  1.21838323e+00 
 7.45750000e-09  1.41646815e+00 
 7.46750000e-09  1.85857766e+00 
 7.48375000e-09  2.53834365e+00 
 7.50000000e-09  2.95574907e+00 
 7.50250000e-09  2.99375847e+00 
 7.50750000e-09  3.06104266e+00 
 7.51750000e-09  3.15399637e+00 
 7.53375000e-09  3.23024344e+00 
 7.55000000e-09  3.26005364e+00 
 7.55250000e-09  3.26263629e+00 
 7.55750000e-09  3.26740360e+00 
 7.56750000e-09  3.27494814e+00 
 7.58375000e-09  3.28338168e+00 
 7.60000000e-09  3.28874659e+00 
 7.60250000e-09  3.28935486e+00 
 7.60750000e-09  3.29049832e+00 
 7.61750000e-09  3.29239145e+00 
 7.63375000e-09  3.29460145e+00 
 7.65000000e-09  3.29604347e+00 
 7.65250000e-09  3.29620877e+00 
 7.65750000e-09  3.29652036e+00 
 7.66750000e-09  3.29704304e+00 
 7.68375000e-09  3.29767709e+00 
 7.70000000e-09  3.29812638e+00 
 7.70250000e-09  3.29818207e+00 
 7.70750000e-09  3.29828896e+00 
 7.71750000e-09  3.29847951e+00 
 7.73375000e-09  3.29873371e+00 
 7.75000000e-09  3.29892347e+00 
 7.75250000e-09  3.29894990e+00 
 7.75750000e-09  3.29900186e+00 
 7.76750000e-09  3.29911162e+00 
 7.78375000e-09  3.29929671e+00 
 7.80000000e-09  3.29946730e+00 
 7.80250000e-09  3.29949047e+00 
 7.80750000e-09  3.29953463e+00 
 7.81750000e-09  3.29961341e+00 
 7.83375000e-09  3.29972022e+00 
 7.85000000e-09  3.29979914e+00 
 7.85250000e-09  3.29980892e+00 
 7.85750000e-09  3.29982715e+00 
 7.86750000e-09  3.29985734e+00 
 7.88375000e-09  3.29989151e+00 
 7.90000000e-09  3.29991221e+00 
 7.90250000e-09  3.29991467e+00 
 7.90750000e-09  3.29991900e+00 
 7.91750000e-09  3.29992598e+00 
 7.93375000e-09  3.29993376e+00 
 7.95000000e-09  3.29993867e+00 
 7.95250000e-09  3.29993931e+00 
 7.95750000e-09  3.29994029e+00 
 7.96750000e-09  3.29994255e+00 
 7.98375000e-09  3.29994654e+00 
 8.00000000e-09  3.29995679e+00 
 8.00250000e-09  3.29995952e+00 
 8.00750000e-09  3.29996569e+00 
 8.01750000e-09  3.29997648e+00 
 8.03375000e-09  3.29998216e+00 
 8.05000000e-09  3.29997384e+00 
 8.05250000e-09  3.29997178e+00 
 8.05750000e-09  3.29996754e+00 
 8.06750000e-09  3.29995889e+00 
 8.08375000e-09  3.29994630e+00 
 8.10000000e-09  3.29993678e+00 
 8.10250000e-09  3.29993580e+00 
 8.10750000e-09  3.29993403e+00 
 8.11750000e-09  3.29993152e+00 
 8.13375000e-09  3.29992873e+00 
 8.15000000e-09  3.29992654e+00 
 8.15250000e-09  3.29992605e+00 
 8.15750000e-09  3.29992467e+00 
 8.16750000e-09  3.29992140e+00 
 8.18375000e-09  3.29991885e+00 
 8.20000000e-09  3.29992064e+00 
 8.20250000e-09  3.29992156e+00 
 8.20750000e-09  3.29992347e+00 
 8.21750000e-09  3.29992863e+00 
 8.23375000e-09  3.29993996e+00 
 8.25000000e-09  3.29995599e+00 
 8.25250000e-09  3.29995908e+00 
 8.25750000e-09  3.29996553e+00 
 8.26750000e-09  3.29997905e+00 
 8.28375000e-09  3.29999732e+00 
 8.30000000e-09  3.30000730e+00 
 8.30250000e-09  3.30000782e+00 
 8.30750000e-09  3.30000839e+00 
 8.31750000e-09  3.30000639e+00 
 8.33375000e-09  3.29999944e+00 
 8.35000000e-09  3.29999320e+00 
 8.35250000e-09  3.29999221e+00 
 8.35750000e-09  3.29999017e+00 
 8.36750000e-09  3.29998599e+00 
 8.38375000e-09  3.29997912e+00 
 8.40000000e-09  3.29996923e+00 
 8.40250000e-09  3.29996701e+00 
 8.40750000e-09  3.29996271e+00 
 8.41750000e-09  3.29995499e+00 
 8.43375000e-09  3.29995435e+00 
 8.45000000e-09  3.29995981e+00 
 8.45250000e-09  3.29996089e+00 
 8.45750000e-09  3.29996390e+00 
 8.46750000e-09  3.29997403e+00 
 8.48375000e-09  3.30000223e+00 
 8.50000000e-09  3.30004151e+00 
 8.50250000e-09  3.30004598e+00 
 8.50750000e-09  3.30005326e+00 
 8.51750000e-09  3.30005537e+00 
 8.53375000e-09  3.30002029e+00 
 8.55000000e-09  3.29994536e+00 
 8.55250000e-09  3.29993088e+00 
 8.55750000e-09  3.29990144e+00 
 8.56750000e-09  3.29984371e+00 
 8.58375000e-09  3.29977326e+00 
 8.60000000e-09  3.29972848e+00 
 8.60250000e-09  3.29972593e+00 
 8.60750000e-09  3.29972299e+00 
 8.61750000e-09  3.29972712e+00 
 8.63375000e-09  3.29975602e+00 
 8.65000000e-09  3.29981704e+00 
 8.65250000e-09  3.29982544e+00 
 8.65750000e-09  3.29984121e+00 
 8.66750000e-09  3.29986871e+00 
 8.68375000e-09  3.29989649e+00 
 8.70000000e-09  3.29991850e+00 
 8.70250000e-09  3.29992463e+00 
 8.70750000e-09  3.29993626e+00 
 8.71750000e-09  3.29995788e+00 
 8.73375000e-09  3.29998540e+00 
 8.75000000e-09  3.30000136e+00 
 8.75250000e-09  3.30000280e+00 
 8.75750000e-09  3.30000481e+00 
 8.76750000e-09  3.30000512e+00 
 8.78375000e-09  3.29999760e+00 
 8.80000000e-09  3.29998205e+00 
 8.80250000e-09  3.29997896e+00 
 8.80750000e-09  3.29997186e+00 
 8.81750000e-09  3.29995459e+00 
 8.83375000e-09  3.29991622e+00 
 8.85000000e-09  3.29985828e+00 
 8.85250000e-09  3.29984729e+00 
 8.85750000e-09  3.29982227e+00 
 8.86750000e-09  3.29976748e+00 
 8.88375000e-09  3.29968578e+00 
 8.90000000e-09  3.29964422e+00 
 8.90250000e-09  3.29964354e+00 
 8.90750000e-09  3.29964311e+00 
 8.91750000e-09  3.29965269e+00 
 8.93375000e-09  3.29968798e+00 
 8.95000000e-09  3.29974623e+00 
 8.95250000e-09  3.29975811e+00 
 8.95750000e-09  3.29978324e+00 
 8.96750000e-09  3.29984888e+00 
 8.98375000e-09  3.30001455e+00 
 9.00000000e-09  3.30028766e+00 
 9.00250000e-09  3.30033717e+00 
 9.00750000e-09  3.30043950e+00 
 9.01750000e-09  3.30066150e+00 
 9.03375000e-09  3.30104753e+00 
 9.05000000e-09  3.30142718e+00 
 9.05250000e-09  3.30147976e+00 
 9.05750000e-09  3.30158852e+00 
 9.06750000e-09  3.30181471e+00 
 9.08375000e-09  3.30218537e+00 
 9.10000000e-09  3.30257299e+00 
 9.10250000e-09  3.30263389e+00 
 9.10750000e-09  3.30275548e+00 
 9.11750000e-09  3.30300093e+00 
 9.13375000e-09  3.30341032e+00 
 9.15000000e-09  3.30382911e+00 
 9.15250000e-09  3.30389121e+00 
 9.15750000e-09  3.30401395e+00 
 9.16750000e-09  3.30423853e+00 
 9.18375000e-09  3.30454485e+00 
 9.20000000e-09  3.30481482e+00 
 9.20250000e-09  3.30485644e+00 
 9.20750000e-09  3.30494324e+00 
 9.21750000e-09  3.30513700e+00 
 9.23375000e-09  3.30551841e+00 
 9.25000000e-09  3.30600521e+00 
 9.25250000e-09  3.30609178e+00 
 9.25750000e-09  3.30627350e+00 
 9.26750000e-09  3.30668541e+00 
 9.28375000e-09  3.30751395e+00 
 9.30000000e-09  3.30860109e+00 
 9.30250000e-09  3.30879848e+00 
 9.30750000e-09  3.30921772e+00 
 9.31750000e-09  3.31018732e+00 
 9.33375000e-09  3.31222608e+00 
 9.35000000e-09  3.31501595e+00 
 9.35250000e-09  3.31551876e+00 
 9.35750000e-09  3.31656000e+00 
 9.36750000e-09  3.31855258e+00 
 9.38375000e-09  3.31940199e+00 
 9.40000000e-09  3.31246271e+00 
 9.40250000e-09  3.31019584e+00 
 9.40750000e-09  3.30490902e+00 
 9.41750000e-09  3.29054815e+00 
 9.43375000e-09  3.25366397e+00 
 9.45000000e-09  3.19656630e+00 
 9.45250000e-09  3.18549429e+00 
 9.45750000e-09  3.16206148e+00 
 9.46750000e-09  3.10674555e+00 
 9.48375000e-09  2.98517072e+00 
 9.50000000e-09  2.79272151e+00 
 9.50250000e-09  2.75045796e+00 
 9.50750000e-09  2.65307603e+00 
 9.51750000e-09  2.38780940e+00 
 9.53375000e-09  1.77185610e+00 
 9.55000000e-09  9.78882888e-01 
 9.55250000e-09  8.53393119e-01 
 9.55750000e-09  6.24951176e-01 
 9.56750000e-09  3.00024456e-01 
 9.58382732e-09  7.48282041e-02 
 9.60000000e-09  3.23017092e-02 
 9.60250000e-09  3.02785690e-02 
 9.60750000e-09  2.63456405e-02 
 9.61750000e-09  1.99577361e-02 
 9.63375000e-09  1.29559855e-02 
 9.65000000e-09  8.69121643e-03 
 9.65250000e-09  8.19760133e-03 
 9.65750000e-09  7.25999879e-03 
 9.66750000e-09  5.67193555e-03 
 9.68375000e-09  3.75311700e-03 
 9.70000000e-09  2.45408647e-03 
 9.70250000e-09  2.30309695e-03 
 9.70750000e-09  2.01951843e-03 
 9.71750000e-09  1.54981294e-03 
 9.73375000e-09  1.00488573e-03 
 9.75000000e-09  6.57544019e-04 
 9.75250000e-09  6.18983641e-04 
 9.75750000e-09  5.47616175e-04 
 9.76750000e-09  4.32109995e-04 
 9.78375000e-09  3.00593973e-04 
 9.80000000e-09  2.15926982e-04 
 9.80250000e-09  2.06228578e-04 
 9.80750000e-09  1.88112304e-04 
 9.81750000e-09  1.58110012e-04 
 9.83375000e-09  1.22566044e-04 
 9.85000000e-09  9.85027686e-05 
 9.85250000e-09  9.55459908e-05 
 9.85750000e-09  8.98351473e-05 
 9.86750000e-09  7.97490110e-05 
 9.88375000e-09  6.66756410e-05 
 9.90000000e-09  5.64392340e-05 
 9.90250000e-09  5.50746017e-05 
 9.90750000e-09  5.24871114e-05 
 9.91750000e-09  4.78381193e-05 
 9.93375000e-09  4.08568254e-05 
 9.95000000e-09  3.48130968e-05 
 9.95250000e-09  3.39816035e-05 
 9.95750000e-09  3.27046168e-05 
 9.96750000e-09  2.95194209e-05 
 9.98375000e-09  2.14580021e-05 
 1.00000000e-08  1.11475664e-05 
 1.00025000e-08  1.02854749e-05 
 1.00075000e-08  8.71092865e-06 
 1.00175000e-08  7.14485305e-06 
 1.00337500e-08  7.29194265e-06 
 1.00500000e-08  8.71037833e-06 
 1.00525000e-08  8.97319395e-06 
 1.00575000e-08  9.38591359e-06 
 1.00675000e-08  1.01692900e-05 
 1.00837500e-08  1.13164916e-05 
 1.01000000e-08  1.25006698e-05 
 1.01025000e-08  1.26086501e-05 
 1.01075000e-08  1.25829568e-05 
 1.01175000e-08  1.16825545e-05 
 1.01337500e-08  7.91598664e-06 
 1.01500000e-08  1.59632828e-06 
 1.01525000e-08  4.35014251e-07 
 1.01575000e-08 -2.08008978e-06 
 1.01675000e-08 -6.57775823e-06 
 1.01837500e-08 -1.06302901e-05 
 1.02000000e-08 -1.09749325e-05 
 1.02025000e-08 -1.07259829e-05 
 1.02075000e-08 -1.00690457e-05 
 1.02175000e-08 -8.01732084e-06 
 1.02337500e-08 -3.67462831e-06 
 1.02500000e-08  2.98559184e-06 
 1.02525000e-08  3.53973147e-06 
 1.02575000e-08  4.69506005e-06 
 1.02675000e-08  7.21773489e-06 
 1.02837500e-08  1.10941675e-05 
 1.03000000e-08  1.29661976e-05 
 1.03025000e-08  1.30703850e-05 
 1.03075000e-08  1.31407036e-05 
 1.03175000e-08  1.28330413e-05 
 1.03337500e-08  1.15588836e-05 
 1.03500000e-08  9.54692902e-06 
 1.03525000e-08  9.21202153e-06 
 1.03575000e-08  8.49741047e-06 
 1.03675000e-08  6.89662147e-06 
 1.03837500e-08  3.72546145e-06 
 1.04000000e-08  4.90571215e-07 
 1.04025000e-08  9.17740194e-08 
 1.04075000e-08 -9.51944410e-07 
 1.04175000e-08 -3.38653551e-06 
 1.04337500e-08 -8.93682971e-06 
 1.04500000e-08 -1.75082303e-05 
 1.04525000e-08 -1.87924080e-05 
 1.04575000e-08 -2.15368859e-05 
 1.04675000e-08 -2.48367673e-05 
 1.04837500e-08 -2.41258609e-05 
 1.05000000e-08 -1.69143620e-05 
 1.05025000e-08 -1.51171060e-05 
 1.05075000e-08 -1.15372016e-05 
 1.05175000e-08 -1.74322682e-06 
 1.05337500e-08  2.30575332e-05 
 1.05500000e-08  5.83701683e-05 
 1.05525000e-08  6.41833334e-05 
 1.05575000e-08  7.56024730e-05 
 1.05675000e-08  9.86542587e-05 
 1.05837500e-08  1.24588069e-04 
 1.06000000e-08  1.31227202e-04 
 1.06025000e-08  1.31066045e-04 
 1.06075000e-08  1.28376936e-04 
 1.06175000e-08  1.22548907e-04 
 1.06337500e-08  1.09628248e-04 
 1.06500000e-08  9.94513785e-05 
 1.06525000e-08  9.82992358e-05 
 1.06575000e-08  9.62335083e-05 
 1.06675000e-08  8.80415258e-05 
 1.06837500e-08  5.86639637e-05 
 1.07000000e-08  1.86986879e-05 
 1.07025000e-08  1.30665073e-05 
 1.07075000e-08  3.30431922e-06 
 1.07175000e-08 -9.61941742e-06 
 1.07337500e-08 -1.23679147e-05 
 1.07500000e-08  4.06824884e-06 
 1.07525000e-08  8.12437536e-06 
 1.07575000e-08  1.79733992e-05 
 1.07675000e-08  4.39395121e-05 
 1.07837500e-08  1.02983280e-04 
 1.08000000e-08  1.66294908e-04 
 1.08025000e-08  1.72935449e-04 
 1.08075000e-08  1.84366358e-04 
 1.08175000e-08  1.91000672e-04 
 1.08337500e-08  1.44603238e-04 
 1.08500000e-08 -1.67047860e-05 
 1.08525000e-08 -5.97757088e-05 
 1.08575000e-08 -1.54868502e-04 
 1.08675000e-08 -3.99001170e-04 
 1.08837500e-08 -9.15304436e-04 
 1.09000000e-08 -1.43056251e-03 
 1.09025000e-08 -1.52067075e-03 
 1.09075000e-08 -1.70114162e-03 
 1.09175000e-08 -2.05795580e-03 
 1.09337500e-08 -2.60871699e-03 
 1.09500000e-08 -3.12440410e-03 
 1.09525000e-08 -3.20019824e-03 
 1.09575000e-08 -3.35233213e-03 
 1.09675000e-08 -3.65532002e-03 
 1.09837500e-08 -4.16331258e-03 
 1.10000000e-08 -4.70064025e-03 
 1.10025000e-08 -4.78754337e-03 
 1.10075000e-08 -4.96836546e-03 
 1.10175000e-08 -5.34866653e-03 
 1.10337500e-08 -6.02875251e-03 
 1.10500000e-08 -6.82819052e-03 
 1.10525000e-08 -6.96282853e-03 
 1.10575000e-08 -7.25933615e-03 
 1.10675000e-08 -7.91819815e-03 
 1.10837500e-08 -9.25418475e-03 
 1.11000000e-08 -1.09730372e-02 
 1.11025000e-08 -1.12478053e-02 
 1.11075000e-08 -1.18285665e-02 
 1.11175000e-08 -1.28284509e-02 
 1.11337500e-08 -1.28802885e-02 
 1.11500000e-08 -8.46427852e-03 
 1.11525000e-08 -7.13363669e-03 
 1.11575000e-08 -4.08162536e-03 
 1.11675000e-08  4.29261120e-03 
 1.11837500e-08  2.55679780e-02 
 1.12000000e-08  5.90381646e-02 
 1.12025000e-08  6.55977734e-02 
 1.12075000e-08  7.95817798e-02 
 1.12175000e-08  1.13243588e-01 
 1.12337500e-08  1.89269179e-01 
 1.12500000e-08  3.07122878e-01 
 1.12525000e-08  3.31388714e-01 
 1.12575000e-08  3.85117137e-01 
 1.12675000e-08  5.35082051e-01 
 1.12837500e-08  9.46341017e-01 
 1.13000000e-08  1.56278302e+00 
 1.13025000e-08  1.67591530e+00 
 1.13075000e-08  1.90761572e+00 
 1.13175000e-08  2.36013950e+00 
 1.13337500e-08  2.85970456e+00 
 1.13500000e-08  3.10744142e+00 
 1.13525000e-08  3.12784725e+00 
 1.13575000e-08  3.16379555e+00 
 1.13675000e-08  3.21264473e+00 
 1.13837500e-08  3.25308467e+00 
 1.14000000e-08  3.27080714e+00 
 1.14025000e-08  3.27255496e+00 
 1.14075000e-08  3.27582166e+00 
 1.14175000e-08  3.28115414e+00 
 1.14337500e-08  3.28730972e+00 
 1.14500000e-08  3.29129374e+00 
 1.14525000e-08  3.29174768e+00 
 1.14575000e-08  3.29260025e+00 
 1.14675000e-08  3.29401098e+00 
 1.14837500e-08  3.29565965e+00 
 1.15000000e-08  3.29674349e+00 
 1.15025000e-08  3.29686891e+00 
 1.15075000e-08  3.29710594e+00 
 1.15175000e-08  3.29750717e+00 
 1.15337500e-08  3.29800394e+00 
 1.15500000e-08  3.29836777e+00 
 1.15525000e-08  3.29841394e+00 
 1.15575000e-08  3.29850264e+00 
 1.15675000e-08  3.29866122e+00 
 1.15837500e-08  3.29886826e+00 
 1.16000000e-08  3.29903918e+00 
 1.16025000e-08  3.29906776e+00 
 1.16075000e-08  3.29912470e+00 
 1.16175000e-08  3.29923977e+00 
 1.16337500e-08  3.29941582e+00 
 1.16500000e-08  3.29956385e+00 
 1.16525000e-08  3.29958340e+00 
 1.16575000e-08  3.29962080e+00 
 1.16675000e-08  3.29968897e+00 
 1.16837500e-08  3.29977641e+00 
 1.17000000e-08  3.29983900e+00 
 1.17025000e-08  3.29984627e+00 
 1.17075000e-08  3.29985940e+00 
 1.17175000e-08  3.29988007e+00 
 1.17337500e-08  3.29990273e+00 
 1.17500000e-08  3.29991692e+00 
 1.17525000e-08  3.29991881e+00 
 1.17575000e-08  3.29992229e+00 
 1.17675000e-08  3.29992876e+00 
 1.17837500e-08  3.29993668e+00 
 1.18000000e-08  3.29994255e+00 
 1.18025000e-08  3.29994356e+00 
 1.18075000e-08  3.29994510e+00 
 1.18175000e-08  3.29994768e+00 
 1.18337500e-08  3.29995520e+00 
 1.18500000e-08  3.29997129e+00 
 1.18525000e-08  3.29997357e+00 
 1.18575000e-08  3.29997780e+00 
 1.18675000e-08  3.29998114e+00 
 1.18837500e-08  3.29997544e+00 
 1.19000000e-08  3.29996308e+00 
 1.19025000e-08  3.29996115e+00 
 1.19075000e-08  3.29995740e+00 
 1.19175000e-08  3.29995061e+00 
 1.19337500e-08  3.29994134e+00 
 1.19500000e-08  3.29993435e+00 
 1.19525000e-08  3.29993353e+00 
 1.19575000e-08  3.29993185e+00 
 1.19675000e-08  3.29992886e+00 
 1.19837500e-08  3.29992522e+00 
 1.20000000e-08  3.29992189e+00 
 1.20025000e-08  3.29992153e+00 
 1.20075000e-08  3.29992091e+00 
 1.20175000e-08  3.29992080e+00 
 1.20337500e-08  3.29992325e+00 
 1.20500000e-08  3.29992928e+00 
 1.20525000e-08  3.29993059e+00 
 1.20575000e-08  3.29993313e+00 
 1.20675000e-08  3.29993900e+00 
 1.20837500e-08  3.29995220e+00 
 1.21000000e-08  3.29997027e+00 
 1.21025000e-08  3.29997327e+00 
 1.21075000e-08  3.29997905e+00 
 1.21175000e-08  3.29998921e+00 
 1.21337500e-08  3.29999967e+00 
 1.21500000e-08  3.30000351e+00 
 1.21525000e-08  3.30000288e+00 
 1.21575000e-08  3.30000190e+00 
 1.21675000e-08  3.30000005e+00 
 1.21837500e-08  3.29999586e+00 
 1.22000000e-08  3.29999162e+00 
 1.22025000e-08  3.29999087e+00 
 1.22075000e-08  3.29998922e+00 
 1.22175000e-08  3.29998508e+00 
 1.22337500e-08  3.29997536e+00 
 1.22500000e-08  3.29996091e+00 
 1.22525000e-08  3.29995846e+00 
 1.22575000e-08  3.29995412e+00 
 1.22675000e-08  3.29995280e+00 
 1.22837500e-08  3.29995754e+00 
 1.23000000e-08  3.29996577e+00 
 1.23025000e-08  3.29996789e+00 
 1.23075000e-08  3.29997317e+00 
 1.23175000e-08  3.29998846e+00 
 1.23337500e-08  3.30002549e+00 
 1.23500000e-08  3.30005351e+00 
 1.23525000e-08  3.30005439e+00 
 1.23575000e-08  3.30005389e+00 
 1.23675000e-08  3.30003804e+00 
 1.23837500e-08  3.29997349e+00 
 1.24000000e-08  3.29988452e+00 
 1.24025000e-08  3.29987031e+00 
 1.24075000e-08  3.29984263e+00 
 1.24175000e-08  3.29979746e+00 
 1.24337500e-08  3.29974112e+00 
 1.24500000e-08  3.29972043e+00 
 1.24525000e-08  3.29972167e+00 
 1.24575000e-08  3.29972549e+00 
 1.24675000e-08  3.29974133e+00 
 1.24837500e-08  3.29979233e+00 
 1.25000000e-08  3.29985043e+00 
 1.25025000e-08  3.29985751e+00 
 1.25075000e-08  3.29987019e+00 
 1.25175000e-08  3.29988821e+00 
 1.25337500e-08  3.29991058e+00 
 1.25500000e-08  3.29994410e+00 
 1.25525000e-08  3.29995033e+00 
 1.25575000e-08  3.29996156e+00 
 1.25675000e-08  3.29997943e+00 
 1.25837500e-08  3.29999784e+00 
 1.26000000e-08  3.30000492e+00 
 1.26025000e-08  3.30000492e+00 
 1.26075000e-08  3.30000428e+00 
 1.26175000e-08  3.30000044e+00 
 1.26337500e-08  3.29998803e+00 
 1.26500000e-08  3.29996642e+00 
 1.26525000e-08  3.29996228e+00 
 1.26575000e-08  3.29995283e+00 
 1.26675000e-08  3.29993012e+00 
 1.26837500e-08  3.29987979e+00 
 1.27000000e-08  3.29980534e+00 
 1.27025000e-08  3.29979227e+00 
 1.27075000e-08  3.29976380e+00 
 1.27175000e-08  3.29970960e+00 
 1.27337500e-08  3.29965180e+00 
 1.27500000e-08  3.29964182e+00 
 1.27525000e-08  3.29964488e+00 
 1.27575000e-08  3.29965124e+00 
 1.27675000e-08  3.29967115e+00 
 1.27837500e-08  3.29971986e+00 
 1.28000000e-08  3.29979883e+00 
 1.28025000e-08  3.29981554e+00 
 1.28075000e-08  3.29985210e+00 
 1.28175000e-08  3.29994886e+00 
 1.28337500e-08  3.30019267e+00 
 1.28500000e-08  3.30051940e+00 
 1.28525000e-08  3.30057546e+00 
 1.28575000e-08  3.30068937e+00 
 1.28675000e-08  3.30092600e+00 
 1.28837500e-08  3.30131241e+00 
 1.29000000e-08  3.30167588e+00 
 1.29025000e-08  3.30173302e+00 
 1.29075000e-08  3.30184357e+00 
 1.29175000e-08  3.30206794e+00 
 1.29337500e-08  3.30245129e+00 
 1.29500000e-08  3.30284736e+00 
 1.29525000e-08  3.30290865e+00 
 1.29575000e-08  3.30303219e+00 
 1.29675000e-08  3.30328511e+00 
 1.29837500e-08  3.30370653e+00 
 1.30000000e-08  3.30411401e+00 
 1.30025000e-08  3.30416948e+00 
 1.30075000e-08  3.30427752e+00 
 1.30175000e-08  3.30447166e+00 
 1.30337500e-08  3.30474900e+00 
 1.30500000e-08  3.30502877e+00 
 1.30525000e-08  3.30507558e+00 
 1.30575000e-08  3.30517399e+00 
 1.30675000e-08  3.30539800e+00 
 1.30837500e-08  3.30584731e+00 
 1.31000000e-08  3.30642590e+00 
 1.31025000e-08  3.30652916e+00 
 1.31075000e-08  3.30674621e+00 
 1.31175000e-08  3.30723872e+00 
 1.31337500e-08  3.30823343e+00 
 1.31500000e-08  3.30955248e+00 
 1.31525000e-08  3.30979402e+00 
 1.31575000e-08  3.31030920e+00 
 1.31675000e-08  3.31150881e+00 
 1.31837500e-08  3.31403704e+00 
 1.32000000e-08  3.31723624e+00 
 1.32025000e-08  3.31774080e+00 
 1.32075000e-08  3.31868938e+00 
 1.32175000e-08  3.31972183e+00 
 1.32337500e-08  3.31581225e+00 
 1.32500000e-08  3.30008138e+00 
 1.32525000e-08  3.29654075e+00 
 1.32575000e-08  3.28861097e+00 
 1.32675000e-08  3.26749008e+00 
 1.32837500e-08  3.21736150e+00 
 1.33000000e-08  3.14445099e+00 
 1.33025000e-08  3.13049550e+00 
 1.33075000e-08  3.10092614e+00 
 1.33175000e-08  3.03061036e+00 
 1.33337500e-08  2.86833292e+00 
 1.33500000e-08  2.56611445e+00 
 1.33525000e-08  2.49816371e+00 
 1.33575000e-08  2.35019473e+00 
 1.33675000e-08  1.98839289e+00 
 1.33837500e-08  1.23944049e+00 
 1.34000000e-08  5.19251594e-01 
 1.34025000e-08  4.36856323e-01 
 1.34075000e-08  2.96280026e-01 
 1.34175000e-08  1.30483330e-01 
 1.34337500e-08  4.00509514e-02 
 1.34500000e-08  2.35141968e-02 
 1.34517555e-08  2.25120306e-02 
 1.34552666e-08  2.05423599e-02 
 1.34622887e-08  1.71009503e-02 
 1.34763330e-08  1.19262916e-02 
 1.35000000e-08  6.56282666e-03 
 1.35025000e-08  6.18928905e-03 
 1.35075000e-08  5.47870705e-03 
 1.35175000e-08  4.26723668e-03 
 1.35337500e-08  2.80309403e-03 
 1.35500000e-08  1.82273914e-03 
 1.35525000e-08  1.71007420e-03 
 1.35575000e-08  1.49904572e-03 
 1.35675000e-08  1.15155553e-03 
 1.35837500e-08  7.51891854e-04 
 1.36000000e-08  4.99687710e-04 
 1.36025000e-08  4.71660913e-04 
 1.36075000e-08  4.19710962e-04 
 1.36175000e-08  3.34983862e-04 
 1.36337500e-08  2.37430021e-04 
 1.36500000e-08  1.74116694e-04 
 1.36525000e-08  1.66846583e-04 
 1.36575000e-08  1.53246443e-04 
 1.36675000e-08  1.30657726e-04 
 1.36837500e-08  1.03714342e-04 
 1.37000000e-08  8.52253043e-05 
 1.37025000e-08  8.30216840e-05 
 1.37075000e-08  7.88582556e-05 
 1.37175000e-08  7.16152661e-05 
 1.37337500e-08  6.16321620e-05 
 1.37500000e-08  5.28915681e-05 
 1.37525000e-08  5.15887555e-05 
 1.37575000e-08  4.89731812e-05 
 1.37675000e-08  4.37010846e-05 
 1.37837500e-08  3.63393205e-05 
 1.38000000e-08  3.08093717e-05 
 1.38025000e-08  3.01273580e-05 
 1.38075000e-08  2.88211041e-05 
 1.38175000e-08  2.48810792e-05 
 1.38337500e-08  1.55408584e-05 
 1.38500000e-08  8.80767360e-06 
 1.38525000e-08  8.39565535e-06 
 1.38575000e-08  7.53792494e-06 
 1.38675000e-08  6.54471992e-06 
 1.38837500e-08  6.61733017e-06 
 1.39000000e-08  7.63100606e-06 
 1.39025000e-08  7.83100871e-06 
 1.39075000e-08  8.11751345e-06 
 1.39175000e-08  8.73074024e-06 
 1.39337500e-08  9.89802471e-06 
 1.39500000e-08  1.05313898e-05 
 1.39525000e-08  1.04645849e-05 
 1.39575000e-08  1.00876782e-05 
 1.39675000e-08  8.37507005e-06 
 1.39837500e-08  3.20992531e-06 
 1.40000000e-08 -3.55484279e-06 
 1.40025000e-08 -4.44371489e-06 
 1.40075000e-08 -6.03898141e-06 
 1.40175000e-08 -8.03752968e-06 
 1.40337500e-08 -8.25873958e-06 
 1.40500000e-08 -7.09126830e-06 
 1.40525000e-08 -6.70512263e-06 
 1.40575000e-08 -5.89246887e-06 
 1.40675000e-08 -3.87094804e-06 
 1.40837500e-08  1.38338901e-06 
 1.41000000e-08  5.86296795e-06 
 1.41025000e-08  6.40392974e-06 
 1.41075000e-08  7.41191498e-06 
 1.41175000e-08  9.34747266e-06 
 1.41337500e-08  1.15167253e-05 
 1.41500000e-08  1.22555259e-05 
 1.41525000e-08  1.22943709e-05 
 1.41575000e-08  1.22597069e-05 
 1.41675000e-08  1.17339888e-05 
 1.41837500e-08  1.00077826e-05 
 1.42000000e-08  7.62344242e-06 
 1.42025000e-08  7.32241065e-06 
 1.42075000e-08  6.61895049e-06 
 1.42175000e-08  5.26026715e-06 
 1.42337500e-08  2.80488484e-06 
 1.42500000e-08 -2.58987265e-07 
 1.42525000e-08 -9.67834851e-07 
 1.42575000e-08 -2.71648036e-06 
 1.42675000e-08 -6.79451265e-06 
 1.42837500e-08 -1.50611220e-05 
 1.43000000e-08 -2.38391471e-05 
 1.43025000e-08 -2.45495233e-05 
 1.43075000e-08 -2.59225966e-05 
 1.43175000e-08 -2.59739499e-05 
 1.43337500e-08 -2.07247169e-05 
 1.43500000e-08 -8.97068031e-06 
 1.43525000e-08 -6.24111620e-06 
 1.43575000e-08 -3.25082302e-07 
 1.43675000e-08  1.48020769e-05 
 1.43837500e-08  4.83646266e-05 
 1.44000000e-08  8.42793828e-05 
 1.44025000e-08  8.96482368e-05 
 1.44075000e-08  1.02125525e-04 
 1.44175000e-08  1.17336821e-04 
 1.44337500e-08  1.28481690e-04 
 1.44500000e-08  1.26946617e-04 
 1.44525000e-08  1.25467834e-04 
 1.44575000e-08  1.22005026e-04 
 1.44675000e-08  1.13337569e-04 
 1.44837500e-08  1.02204371e-04 
 1.45000000e-08  9.35517449e-05 
 1.45025000e-08  9.10733053e-05 
 1.45075000e-08  8.60479956e-05 
 1.45175000e-08  6.95943566e-05 
 1.45337500e-08  3.15316753e-05 
 1.45500000e-08 -1.78235867e-06 
 1.45525000e-08 -5.20398282e-06 
 1.45575000e-08 -1.02539477e-05 
 1.45675000e-08 -1.29034402e-05 
 1.45837500e-08 -1.68911390e-06 
 1.46000000e-08  2.66168974e-05 
 1.46025000e-08  3.27232789e-05 
 1.46075000e-08  4.69969004e-05 
 1.46175000e-08  8.19536103e-05 
 1.46337500e-08  1.47381974e-04 
 1.46500000e-08  1.89823303e-04 
 1.46525000e-08  1.91176486e-04 
 1.46575000e-08  1.91232459e-04 
 1.46675000e-08  1.69199479e-04 
 1.46837500e-08  4.75794329e-05 
 1.47000000e-08 -2.38110512e-04 
 1.47025000e-08 -3.00324259e-04 
 1.47075000e-08 -4.33049024e-04 
 1.47175000e-08 -7.42822987e-04 
 1.47337500e-08 -1.27269456e-03 
 1.47500000e-08 -1.82708632e-03 
 1.47525000e-08 -1.91767225e-03 
 1.47575000e-08 -2.09665159e-03 
 1.47675000e-08 -2.44189296e-03 
 1.47837500e-08 -2.97235187e-03 
 1.48000000e-08 -3.48016437e-03 
 1.48025000e-08 -3.55619011e-03 
 1.48075000e-08 -3.71069841e-03 
 1.48175000e-08 -4.02493595e-03 
 1.48337500e-08 -4.55277044e-03 
 1.48500000e-08 -5.12566836e-03 
 1.48525000e-08 -5.21905455e-03 
 1.48575000e-08 -5.41462460e-03 
 1.48675000e-08 -5.82802284e-03 
 1.48837500e-08 -6.58382555e-03 
 1.49000000e-08 -7.51425914e-03 
 1.49025000e-08 -7.67534727e-03 
 1.49075000e-08 -8.03605036e-03 
 1.49175000e-08 -8.84740033e-03 
 1.49337500e-08 -1.04642511e-02 
 1.49500000e-08 -1.22820430e-02 
 1.49525000e-08 -1.25214937e-02 
 1.49575000e-08 -1.29683135e-02 
 1.49675000e-08 -1.32467281e-02 
 1.49837500e-08 -1.03600755e-02 
 1.50000000e-08 -9.44440685e-04 
 1.50025000e-08  1.23787438e-03 
 1.50075000e-08  5.95744896e-03 
 1.50175000e-08  1.84040269e-02 
 1.50337500e-08  4.81710954e-02 
 1.50500000e-08  9.27054264e-02 
 1.50525000e-08  1.01345588e-01 
 1.50575000e-08  1.19769215e-01 
 1.50675000e-08  1.64315562e-01 
 1.50837500e-08  2.67708781e-01 
 1.51000000e-08  4.41886784e-01 
 1.51025000e-08  4.80580936e-01 
 1.51075000e-08  5.68820970e-01 
 1.51175000e-08  8.09050543e-01 
 1.51337500e-08  1.36979447e+00 
 1.51500000e-08  2.09374622e+00 
 1.51525000e-08  2.21053021e+00 
 1.51575000e-08  2.42460473e+00 
 1.51675000e-08  2.74997800e+00 
 1.51837500e-08  3.05736649e+00 
 1.52000000e-08  3.19063631e+00 
 1.52024329e-08  3.20071025e+00 
 1.52072986e-08  3.21853282e+00 
 1.52170301e-08  3.24332661e+00 
 1.52335150e-08  3.26653609e+00 
 1.52500000e-08  3.27836025e+00 
 1.52525000e-08  3.27960653e+00 
 1.52575000e-08  3.28194831e+00 
 1.52675000e-08  3.28581881e+00 
 1.52837500e-08  3.29032973e+00 
 1.53000000e-08  3.29326152e+00 
 1.53025000e-08  3.29359453e+00 
 1.53075000e-08  3.29421981e+00 
 1.53175000e-08  3.29525496e+00 
 1.53337500e-08  3.29647162e+00 
 1.53500000e-08  3.29728434e+00 
 1.53525000e-08  3.29737993e+00 
 1.53575000e-08  3.29756144e+00 
 1.53675000e-08  3.29787336e+00 
 1.53837500e-08  3.29827084e+00 
 1.54000000e-08  3.29857270e+00 
 1.54025000e-08  3.29861157e+00 
 1.54075000e-08  3.29868539e+00 
 1.54175000e-08  3.29881460e+00 
 1.54337500e-08  3.29899149e+00 
 1.54500000e-08  3.29917317e+00 
 1.54525000e-08  3.29920295e+00 
 1.54575000e-08  3.29926105e+00 
 1.54675000e-08  3.29937076e+00 
 1.54837500e-08  3.29952577e+00 
 1.55000000e-08  3.29965005e+00 
 1.55025000e-08  3.29966665e+00 
 1.55075000e-08  3.29969815e+00 
 1.55175000e-08  3.29975330e+00 
 1.55337500e-08  3.29982242e+00 
 1.55500000e-08  3.29986870e+00 
 1.55525000e-08  3.29987401e+00 
 1.55575000e-08  3.29988382e+00 
 1.55675000e-08  3.29990009e+00 
 1.55837500e-08  3.29991865e+00 
 1.56000000e-08  3.29993013e+00 
 1.56025000e-08  3.29993140e+00 
 1.56075000e-08  3.29993330e+00 
 1.56175000e-08  3.29993584e+00 
 1.56337500e-08  3.29993864e+00 
 1.56500000e-08  3.29994338e+00 
 1.56525000e-08  3.29994422e+00 
 1.56575000e-08  3.29994597e+00 
 1.56675000e-08  3.29995103e+00 
 1.56837500e-08  3.29996583e+00 
 1.57000000e-08  3.29998054e+00 
 1.57025000e-08  3.29998094e+00 
 1.57075000e-08  3.29998123e+00 
 1.57175000e-08  3.29997820e+00 
 1.57337500e-08  3.29996754e+00 
 1.57500000e-08  3.29995500e+00 
 1.57525000e-08  3.29995322e+00 
 1.57575000e-08  3.29994966e+00 
 1.57675000e-08  3.29994313e+00 
 1.57837500e-08  3.29993472e+00 
 1.58000000e-08  3.29992906e+00 
 1.58025000e-08  3.29992846e+00 
 1.58075000e-08  3.29992726e+00 
 1.58175000e-08  3.29992520e+00 
 1.58337500e-08  3.29992219e+00 
 1.58500000e-08  3.29991944e+00 
 1.58525000e-08  3.29991937e+00 
 1.58575000e-08  3.29991925e+00 
 1.58675000e-08  3.29992010e+00 
 1.58837500e-08  3.29992505e+00 
 1.59000000e-08  3.29993367e+00 
 1.59025000e-08  3.29993552e+00 
 1.59075000e-08  3.29993950e+00 
 1.59175000e-08  3.29994932e+00 
 1.59337500e-08  3.29996861e+00 
 1.59500000e-08  3.29998842e+00 
 1.59525000e-08  3.29999091e+00 
 1.59575000e-08  3.29999518e+00 
 1.59675000e-08  3.30000043e+00 
 1.59837500e-08  3.30000389e+00 
 1.60000000e-08  3.29999965e+00 
 1.60025000e-08  3.29999864e+00 
 1.60075000e-08  3.29999653e+00 
 1.60175000e-08  3.29999270e+00 
 1.60337500e-08  3.29998780e+00 
 1.60500000e-08  3.29998338e+00 
 1.60525000e-08  3.29998272e+00 
 1.60575000e-08  3.29998161e+00 
 1.60675000e-08  3.29997811e+00 
 1.60837500e-08  3.29996673e+00 
 1.61000000e-08  3.29995501e+00 
 1.61025000e-08  3.29995529e+00 
 1.61075000e-08  3.29995612e+00 
 1.61175000e-08  3.29995815e+00 
 1.61337500e-08  3.29996552e+00 
 1.61500000e-08  3.29998338e+00 
 1.61525000e-08  3.29998748e+00 
 1.61575000e-08  3.29999691e+00 
 1.61675000e-08  3.30002075e+00 
 1.61837500e-08  3.30005112e+00 
 1.62000000e-08  3.30004556e+00 
 1.62025000e-08  3.30003981e+00 
 1.62075000e-08  3.30002584e+00 
 1.62175000e-08  3.29998545e+00 
 1.62337500e-08  3.29990023e+00 
 1.62500000e-08  3.29981423e+00 
 1.62525000e-08  3.29980386e+00 
 1.62575000e-08  3.29978381e+00 
 1.62675000e-08  3.29974831e+00 
 1.62837500e-08  3.29972146e+00 
 1.63000000e-08  3.29973164e+00 
 1.63025000e-08  3.29973650e+00 
 1.63075000e-08  3.29974779e+00 
 1.63175000e-08  3.29978428e+00 
 1.63337500e-08  3.29984551e+00 
 1.63500000e-08  3.29988618e+00 
 1.63525000e-08  3.29988974e+00 
 1.63575000e-08  3.29989449e+00 
 1.63675000e-08  3.29990517e+00 
 1.63837500e-08  3.29993375e+00 
 1.64000000e-08  3.29996778e+00 
 1.64025000e-08  3.29997257e+00 
 1.64075000e-08  3.29998118e+00 
 1.64175000e-08  3.29999413e+00 
 1.64337500e-08  3.30000455e+00 
 1.64500000e-08  3.30000236e+00 
 1.64525000e-08  3.30000132e+00 
 1.64575000e-08  3.29999887e+00 
 1.64675000e-08  3.29999235e+00 
 1.64837500e-08  3.29997434e+00 
 1.65000000e-08  3.29994474e+00 
 1.65025000e-08  3.29993881e+00 
 1.65075000e-08  3.29992489e+00 
 1.65175000e-08  3.29989058e+00 
 1.65337500e-08  3.29981714e+00 
 1.65500000e-08  3.29972689e+00 
 1.65525000e-08  3.29971457e+00 
 1.65575000e-08  3.29969060e+00 
 1.65675000e-08  3.29965734e+00 
 1.65837500e-08  3.29964276e+00 
 1.66000000e-08  3.29966429e+00 
 1.66025000e-08  3.29967055e+00 
 1.66075000e-08  3.29968304e+00 
 1.66175000e-08  3.29971457e+00 
 1.66337500e-08  3.29978857e+00 
 1.66500000e-08  3.29991282e+00 
 1.66525000e-08  3.29993887e+00 
 1.66575000e-08  3.29999535e+00 
 1.66675000e-08  3.30014912e+00 
 1.66837500e-08  3.30045977e+00 
 1.67000000e-08  3.30082669e+00 
 1.67025000e-08  3.30088581e+00 
 1.67075000e-08  3.30100460e+00 
 1.67175000e-08  3.30123882e+00 
 1.67337500e-08  3.30160241e+00 
 1.67500000e-08  3.30196469e+00 
 1.67525000e-08  3.30202122e+00 
 1.67575000e-08  3.30213374e+00 
 1.67675000e-08  3.30236739e+00 
 1.67837500e-08  3.30275987e+00 
 1.68000000e-08  3.30316620e+00 
 1.68025000e-08  3.30323052e+00 
 1.68075000e-08  3.30336147e+00 
 1.68175000e-08  3.30362917e+00 
 1.68337500e-08  3.30404747e+00 
 1.68500000e-08  3.30440073e+00 
 1.68525000e-08  3.30444492e+00 
 1.68575000e-08  3.30453141e+00 
 1.68675000e-08  3.30469558e+00 
 1.68837500e-08  3.30497046e+00 
 1.69000000e-08  3.30529882e+00 
 1.69025000e-08  3.30535719e+00 
 1.69075000e-08  3.30548025e+00 
 1.69175000e-08  3.30576111e+00 
 1.69337500e-08  3.30632162e+00 
 1.69500000e-08  3.30703959e+00 
 1.69525000e-08  3.30716761e+00 
 1.69575000e-08  3.30743702e+00 
 1.69675000e-08  3.30805047e+00 
 1.69837500e-08  3.30930634e+00 
 1.70000000e-08  3.31100807e+00 
 1.70025000e-08  3.31132603e+00 
 1.70075000e-08  3.31200746e+00 
 1.70175000e-08  3.31359538e+00 
 1.70337500e-08  3.31675333e+00 
 1.70500000e-08  3.31946133e+00 
 1.70525000e-08  3.31963242e+00 
 1.70575000e-08  3.31967104e+00 
 1.70675000e-08  3.31733274e+00 
 1.70837500e-08  3.30366485e+00 
 1.71000000e-08  3.27634758e+00 
 1.71025000e-08  3.27043585e+00 
 1.71075000e-08  3.25767978e+00 
 1.71175000e-08  3.22639323e+00 
 1.71337500e-08  3.15707166e+00 
 1.71500000e-08  3.05841019e+00 
 1.71525000e-08  3.03940296e+00 
 1.71575000e-08  2.99877920e+00 
 1.71675000e-08  2.89866270e+00 
 1.71837500e-08  2.62520388e+00 
 1.72000000e-08  2.13429017e+00 
 1.72025000e-08  2.03538275e+00 
 1.72075000e-08  1.82763439e+00 
 1.72175000e-08  1.35703202e+00 
 1.72337500e-08  6.04792318e-01 
 1.72500000e-08  1.67143862e-01 
 1.72523509e-08  1.41838552e-01 
 1.72570526e-08  1.00011296e-01 
 1.72664561e-08  5.39559141e-02 
 1.72832281e-08  2.52343690e-02 
 1.73000000e-08  1.62026663e-02 
 1.73025000e-08  1.52767648e-02 
 1.73075000e-08  1.35037874e-02 
 1.73175000e-08  1.05447797e-02 
 1.73337500e-08  7.04410935e-03 
 1.73500000e-08  4.69060298e-03 
 1.73525000e-08  4.40931404e-03 
 1.73575000e-08  3.87990006e-03 
 1.73675000e-08  2.99633325e-03 
 1.73837500e-08  1.95153370e-03 
 1.74000000e-08  1.26653291e-03 
 1.74025000e-08  1.18847095e-03 
 1.74075000e-08  1.04270789e-03 
 1.74175000e-08  8.04266553e-04 
 1.74337500e-08  5.32837123e-04 
 1.74500000e-08  3.62873525e-04 
 1.74525000e-08  3.43775528e-04 
 1.74575000e-08  3.08239467e-04 
 1.74675000e-08  2.49735163e-04 
 1.74837500e-08  1.81557143e-04 
 1.75000000e-08  1.36809349e-04 
 1.75025000e-08  1.31682713e-04 
 1.75075000e-08  1.22144868e-04 
 1.75175000e-08  1.06439405e-04 
 1.75337500e-08  8.75420725e-05 
 1.75500000e-08  7.40323570e-05 
 1.75525000e-08  7.22475087e-05 
 1.75575000e-08  6.87194748e-05 
 1.75675000e-08  6.20702403e-05 
 1.75837500e-08  5.24745580e-05 
 1.76000000e-08  4.43648347e-05 
 1.76025000e-08  4.32398971e-05 
 1.76075000e-08  4.11713572e-05 
 1.76175000e-08  3.74171295e-05 
 1.76337500e-08  3.25562226e-05 
 1.76500000e-08  2.74479610e-05 
 1.76525000e-08  2.61588410e-05 
 1.76575000e-08  2.31296622e-05 
 1.76675000e-08  1.65839304e-05 
 1.76837500e-08  8.74324907e-06 
 1.77000000e-08  6.41341574e-06 
 1.77025000e-08  6.41774825e-06 
 1.77075000e-08  6.36372859e-06 
 1.77175000e-08  6.53304586e-06 
 1.77337500e-08  7.34331367e-06 
 1.77500000e-08  8.42949034e-06 
 1.77525000e-08  8.76289851e-06 
 1.77575000e-08  9.48588088e-06 
 1.77675000e-08  1.12473331e-05 
 1.77837500e-08  1.30972897e-05 
 1.78000000e-08  1.20522462e-05 
 1.78025000e-08  1.14200245e-05 
 1.78075000e-08  9.74322442e-06 
 1.78175000e-08  5.18397905e-06 
 1.78337500e-08 -2.89327169e-06 
 1.78500000e-08 -9.06023052e-06 
 1.78525000e-08 -9.49156360e-06 
 1.78575000e-08 -9.70832375e-06 
 1.78675000e-08 -9.64169158e-06 
 1.78837500e-08 -8.26901614e-06 
 1.79000000e-08 -5.34940454e-06 
 1.79025000e-08 -4.73923480e-06 
 1.79075000e-08 -3.47939041e-06 
 1.79175000e-08  5.18006372e-07 
 1.79337500e-08  4.96846357e-06 
 1.79500000e-08  8.56164606e-06 
 1.79525000e-08  9.12863974e-06 
 1.79575000e-08  1.00135215e-05 
 1.79675000e-08  1.08879682e-05 
 1.79837500e-08  1.13341431e-05 
 1.80000000e-08  1.12641811e-05 
 1.80025000e-08  1.12162341e-05 
 1.80075000e-08  1.10568314e-05 
 1.80175000e-08  1.04373702e-05 
 1.80337500e-08  8.64495870e-06 
 1.80500000e-08  6.11836747e-06 
 1.80525000e-08  5.66060331e-06 
 1.80575000e-08  4.66403382e-06 
 1.80675000e-08  2.53924843e-06 
 1.80837500e-08 -9.76107882e-07 
 1.81000000e-08 -5.79373305e-06 
 1.81025000e-08 -6.72319482e-06 
 1.81075000e-08 -9.03058337e-06 
 1.81175000e-08 -1.41619282e-05 
 1.81337500e-08 -2.27305268e-05 
 1.81500000e-08 -2.62084350e-05 
 1.81525000e-08 -2.58525951e-05 
 1.81575000e-08 -2.53092200e-05 
 1.81675000e-08 -2.23550656e-05 
 1.81837500e-08 -1.23424214e-05 
 1.82000000e-08  7.60159347e-06 
 1.82025000e-08  1.18151170e-05 
 1.82075000e-08  2.10774810e-05 
 1.82175000e-08  4.33061774e-05 
 1.82337500e-08  8.06528068e-05 
 1.82500000e-08  1.14287583e-04 
 1.82525000e-08  1.17259033e-04 
 1.82575000e-08  1.22367812e-04 
 1.82675000e-08  1.28562346e-04 
 1.82837500e-08  1.28676095e-04 
 1.83000000e-08  1.17594648e-04 
 1.83025000e-08  1.15811744e-04 
 1.83075000e-08  1.12287698e-04 
 1.83175000e-08  1.06358969e-04 
 1.83337500e-08  9.64893225e-05 
 1.83500000e-08  7.71079667e-05 
 1.83525000e-08  7.15405535e-05 
 1.83575000e-08  6.01354622e-05 
 1.83675000e-08  3.53406846e-05 
 1.83837500e-08  1.74047085e-06 
 1.84000000e-08 -1.36834213e-05 
 1.84025000e-08 -1.38335339e-05 
 1.84075000e-08 -1.28473032e-05 
 1.84175000e-08 -5.44103249e-06 
 1.84337500e-08  2.00879993e-05 
 1.84500000e-08  6.70715506e-05 
 1.84525000e-08  7.63945022e-05 
 1.84575000e-08  9.72321498e-05 
 1.84675000e-08  1.39513567e-04 
 1.84837500e-08  1.86828758e-04 
 1.85000000e-08  1.81656026e-04 
 1.85025000e-08  1.73700532e-04 
 1.85075000e-08  1.53251523e-04 
 1.85175000e-08  7.60982927e-05 
 1.85337500e-08 -1.85700392e-04 
 1.85500000e-08 -6.28209510e-04 
 1.85525000e-08 -7.11519169e-04 
 1.85575000e-08 -8.83173975e-04 
 1.85675000e-08 -1.20025491e-03 
 1.85837500e-08 -1.75912238e-03 
 1.86000000e-08 -2.33960891e-03 
 1.86025000e-08 -2.42291252e-03 
 1.86075000e-08 -2.58827635e-03 
 1.86175000e-08 -2.91047468e-03 
 1.86337500e-08 -3.41794753e-03 
 1.86500000e-08 -3.92172520e-03 
 1.86525000e-08 -4.00000773e-03 
 1.86575000e-08 -4.15954838e-03 
 1.86675000e-08 -4.48443108e-03 
 1.86837500e-08 -5.04960182e-03 
 1.87000000e-08 -5.68513898e-03 
 1.87025000e-08 -5.78894191e-03 
 1.87075000e-08 -6.00958198e-03 
 1.87175000e-08 -6.48086737e-03 
 1.87337500e-08 -7.37191322e-03 
 1.87500000e-08 -8.53119843e-03 
 1.87525000e-08 -8.73567798e-03 
 1.87575000e-08 -9.19485315e-03 
 1.87675000e-08 -1.02073250e-02 
 1.87837500e-08 -1.20124132e-02 
 1.88000000e-08 -1.31966275e-02 
 1.88025000e-08 -1.31811705e-02 
 1.88075000e-08 -1.29745476e-02 
 1.88175000e-08 -1.11319977e-02 
 1.88337500e-08 -2.72666886e-03 
 1.88500000e-08  1.35899061e-02 
 1.88525000e-08  1.70618681e-02 
 1.88575000e-08  2.45655113e-02 
 1.88675000e-08  4.31251567e-02 
 1.88837500e-08  8.52145376e-02 
 1.89000000e-08  1.47269844e-01 
 1.89025000e-08  1.59366980e-01 
 1.89075000e-08  1.85282740e-01 
 1.89175000e-08  2.49205212e-01 
 1.89337500e-08  4.09269558e-01 
 1.89500000e-08  7.17505093e-01 
 1.89525000e-08  7.85693779e-01 
 1.89575000e-08  9.32517669e-01 
 1.89675000e-08  1.28456940e+00 
 1.89837500e-08  1.99201743e+00 
 1.90000000e-08  2.63461511e+00 
 1.90025000e-08  2.70649445e+00 
 1.90075000e-08  2.83475804e+00 
 1.90175000e-08  3.01817750e+00 
 1.90337500e-08  3.17590671e+00 
 1.90500000e-08  3.23804334e+00 
 1.90525000e-08  3.24279851e+00 
 1.90575000e-08  3.25135664e+00 
 1.90675000e-08  3.26399231e+00 
 1.90837500e-08  3.27690052e+00 
 1.91000000e-08  3.28459468e+00 
 1.91025000e-08  3.28545643e+00 
 1.91075000e-08  3.28707672e+00 
 1.91175000e-08  3.28975941e+00 
 1.91337500e-08  3.29288945e+00 
 1.91500000e-08  3.29492505e+00 
 1.91525000e-08  3.29515663e+00 
 1.91575000e-08  3.29559236e+00 
 1.91675000e-08  3.29631831e+00 
 1.91837500e-08  3.29718234e+00 
 1.92000000e-08  3.29777321e+00 
 1.92025000e-08  3.29784418e+00 
 1.92075000e-08  3.29797955e+00 
 1.92175000e-08  3.29821633e+00 
 1.92337500e-08  3.29852859e+00 
 1.92500000e-08  3.29876900e+00 
 1.92525000e-08  3.29879904e+00 
 1.92575000e-08  3.29885469e+00 
 1.92675000e-08  3.29896039e+00 
 1.92837500e-08  3.29914142e+00 
 1.93000000e-08  3.29932978e+00 
 1.93025000e-08  3.29935731e+00 
 1.93075000e-08  3.29941035e+00 
 1.93175000e-08  3.29950657e+00 
 1.93337500e-08  3.29963632e+00 
 1.93500000e-08  3.29973878e+00 
 1.93525000e-08  3.29975167e+00 
 1.93575000e-08  3.29977594e+00 
 1.93675000e-08  3.29981729e+00 
 1.93837500e-08  3.29986616e+00 
 1.94000000e-08  3.29989686e+00 
 1.94025000e-08  3.29990017e+00 
 1.94075000e-08  3.29990585e+00 
 1.94175000e-08  3.29991472e+00 
 1.94337500e-08  3.29992438e+00 
 1.94500000e-08  3.29993034e+00 
 1.94525000e-08  3.29993125e+00 
 1.94575000e-08  3.29993274e+00 
 1.94675000e-08  3.29993596e+00 
 1.94837500e-08  3.29994268e+00 
 1.95000000e-08  3.29995009e+00 
 1.95025000e-08  3.29995175e+00 
 1.95075000e-08  3.29995564e+00 
 1.95175000e-08  3.29996570e+00 
 1.95337500e-08  3.29997959e+00 
 1.95500000e-08  3.29997889e+00 
 1.95525000e-08  3.29997743e+00 
 1.95575000e-08  3.29997461e+00 
 1.95675000e-08  3.29996872e+00 
 1.95837500e-08  3.29995822e+00 
 1.96000000e-08  3.29994803e+00 
 1.96025000e-08  3.29994651e+00 
 1.96075000e-08  3.29994325e+00 
 1.96175000e-08  3.29993670e+00 
 1.96337500e-08  3.29992847e+00 
 1.96500000e-08  3.29992352e+00 
 1.96525000e-08  3.29992315e+00 
 1.96575000e-08  3.29992250e+00 
 1.96675000e-08  3.29992148e+00 
 1.96837500e-08  3.29991990e+00 
 1.97000000e-08  3.29992077e+00 
 1.97025000e-08  3.29992133e+00 
 1.97075000e-08  3.29992256e+00 
 1.97175000e-08  3.29992642e+00 
 1.97337500e-08  3.29993516e+00 
 1.97500000e-08  3.29994728e+00 
 1.97525000e-08  3.29994951e+00 
 1.97575000e-08  3.29995406e+00 
 1.97675000e-08  3.29996426e+00 
 1.97837500e-08  3.29998206e+00 
 1.98000000e-08  3.29999615e+00 
 1.98025000e-08  3.29999765e+00 
 1.98075000e-08  3.30000053e+00 
 1.98175000e-08  3.30000500e+00 
 1.98337500e-08  3.30000456e+00 
 1.98500000e-08  3.29999850e+00 
 1.98525000e-08  3.29999738e+00 
 1.98575000e-08  3.29999516e+00 
 1.98675000e-08  3.29999076e+00 
 1.98837500e-08  3.29998399e+00 
 1.99000000e-08  3.29997711e+00 
 1.99025000e-08  3.29997557e+00 
 1.99075000e-08  3.29997232e+00 
 1.99175000e-08  3.29996435e+00 
 1.99337500e-08  3.29995255e+00 
 1.99500000e-08  3.29995528e+00 
 1.99525000e-08  3.29995586e+00 
 1.99575000e-08  3.29995724e+00 
 1.99675000e-08  3.29996251e+00 
 1.99837500e-08  3.29997989e+00 
 2.00000000e-08  3.30001315e+00 
 2.00025000e-08  3.30001947e+00 
 2.00075000e-08  3.30003193e+00 
 2.00175000e-08  3.30005006e+00 
 2.00337500e-08  3.30004772e+00 
 2.00500000e-08  3.29999649e+00 
 2.00525000e-08  3.29998518e+00 
 2.00575000e-08  3.29996074e+00 
 2.00675000e-08  3.29990498e+00 
 2.00837500e-08  3.29981838e+00 
 2.01000000e-08  3.29975681e+00 
 2.01025000e-08  3.29974989e+00 
 2.01075000e-08  3.29973791e+00 
 2.01175000e-08  3.29972589e+00 
 2.01337500e-08  3.29973396e+00 
 2.01500000e-08  3.29977305e+00 
 2.01525000e-08  3.29978358e+00 
 2.01575000e-08  3.29980344e+00 
 2.01675000e-08  3.29983769e+00 
 2.01837500e-08  3.29988032e+00 
 2.02000000e-08  3.29990262e+00 
 2.02025000e-08  3.29990639e+00 
 2.02075000e-08  3.29991383e+00 
 2.02175000e-08  3.29993270e+00 
 2.02337500e-08  3.29996583e+00 
 2.02500000e-08  3.29999159e+00 
 2.02525000e-08  3.29999447e+00 
 2.02575000e-08  3.29999941e+00 
 2.02675000e-08  3.30000635e+00 
 2.02837500e-08  3.30000691e+00 
 2.03000000e-08  3.29999640e+00 
 2.03025000e-08  3.29999409e+00 
 2.03075000e-08  3.29998836e+00 
 2.03175000e-08  3.29997315e+00 
 2.03337500e-08  3.29993998e+00 
 2.03500000e-08  3.29989281e+00 
 2.03525000e-08  3.29988403e+00 
 2.03575000e-08  3.29986395e+00 
 2.03675000e-08  3.29981766e+00 
 2.03837500e-08  3.29973208e+00 
 2.04000000e-08  3.29966440e+00 
 2.04025000e-08  3.29965916e+00 
 2.04075000e-08  3.29965015e+00 
 2.04175000e-08  3.29964577e+00 
 2.04337500e-08  3.29966488e+00 
 2.04500000e-08  3.29970733e+00 
 2.04525000e-08  3.29971625e+00 
 2.04575000e-08  3.29973454e+00 
 2.04675000e-08  3.29978148e+00 
 2.04837500e-08  3.29990200e+00 
 2.05000000e-08  3.30011091e+00 
 2.05025000e-08  3.30015409e+00 
 2.05075000e-08  3.30024452e+00 
 2.05175000e-08  3.30044791e+00 
 2.05337500e-08  3.30081964e+00 
 2.05500000e-08  3.30120852e+00 
 2.05525000e-08  3.30126506e+00 
 2.05575000e-08  3.30137892e+00 
 2.05675000e-08  3.30159548e+00 
 2.05837500e-08  3.30195957e+00 
 2.06000000e-08  3.30233252e+00 
 2.06025000e-08  3.30239209e+00 
 2.06075000e-08  3.30251140e+00 
 2.06175000e-08  3.30275198e+00 
 2.06337500e-08  3.30315394e+00 
 2.06500000e-08  3.30357583e+00 
 2.06525000e-08  3.30364207e+00 
 2.06575000e-08  3.30377599e+00 
 2.06675000e-08  3.30403440e+00 
 2.06837500e-08  3.30439250e+00 
 2.07000000e-08  3.30467553e+00 
 2.07025000e-08  3.30471365e+00 
 2.07075000e-08  3.30479101e+00 
 2.07175000e-08  3.30495561e+00 
 2.07337500e-08  3.30527566e+00 
 2.07500000e-08  3.30569156e+00 
 2.07525000e-08  3.30576663e+00 
 2.07575000e-08  3.30592475e+00 
 2.07675000e-08  3.30628508e+00 
 2.07837500e-08  3.30700773e+00 
 2.08000000e-08  3.30794541e+00 
 2.08025000e-08  3.30811432e+00 
 2.08075000e-08  3.30847180e+00 
 2.08175000e-08  3.30929161e+00 
 2.08337500e-08  3.31098839e+00 
 2.08500000e-08  3.31331467e+00 
 2.08525000e-08  3.31374564e+00 
 2.08575000e-08  3.31466314e+00 
 2.08675000e-08  3.31667668e+00 
 2.08837500e-08  3.31939813e+00 
 2.09000000e-08  3.31779581e+00 
 2.09025000e-08  3.31672714e+00 
 2.09075000e-08  3.31396827e+00 
 2.09175000e-08  3.30435231e+00 
 2.09337500e-08  3.27747115e+00 
 2.09500000e-08  3.23267850e+00 
 2.09525000e-08  3.22373095e+00 
 2.09575000e-08  3.20474299e+00 
 2.09675000e-08  3.15974522e+00 
 2.09837500e-08  3.06196019e+00 
 2.10000000e-08  2.91789980e+00 
 2.10025000e-08  2.88889520e+00 
 2.10075000e-08  2.82451538e+00 
 2.10175000e-08  2.64321261e+00 
 2.10337500e-08  2.15908280e+00 
 2.10500000e-08  1.45641307e+00 
 2.10525000e-08  1.32930592e+00 
 2.10575000e-08  1.07125489e+00 
 2.10675000e-08  6.06675487e-01 
 2.10837500e-08  1.70404083e-01 
 2.11000000e-08  4.84535180e-02 
 2.11016335e-08  4.54983756e-02 
 2.11049006e-08  4.01263984e-02 
 2.11114347e-08  3.20186481e-02 
 2.11245029e-08  2.13552005e-02 
 2.11372515e-08  1.51619366e-02 
 2.11500000e-08  1.10227669e-02 
 2.11525000e-08  1.03931518e-02 
 2.11575000e-08  9.19793414e-03 
 2.11675000e-08  7.19087101e-03 
 2.11837500e-08  4.78322430e-03 
 2.12000000e-08  3.14666180e-03 
 2.12025000e-08  2.95483084e-03 
 2.12075000e-08  2.59429024e-03 
 2.12175000e-08  1.99541531e-03 
 2.12337500e-08  1.29541683e-03 
 2.12500000e-08  8.44348574e-04 
 2.12525000e-08  7.93510491e-04 
 2.12575000e-08  6.98811330e-04 
 2.12675000e-08  5.44390554e-04 
 2.12837500e-08  3.69174711e-04 
 2.13000000e-08  2.58159978e-04 
 2.13025000e-08  2.45690841e-04 
 2.13075000e-08  2.22645621e-04 
 2.13175000e-08  1.85199828e-04 
 2.13337500e-08  1.41417673e-04 
 2.13500000e-08  1.11941400e-04 
 2.13525000e-08  1.08346909e-04 
 2.13575000e-08  1.01448435e-04 
 2.13675000e-08  8.94436241e-05 
 2.13837500e-08  7.42914402e-05 
 2.14000000e-08  6.29379720e-05 
 2.14025000e-08  6.14003857e-05 
 2.14075000e-08  5.83667392e-05 
 2.14175000e-08  5.27655417e-05 
 2.14337500e-08  4.47266784e-05 
 2.14500000e-08  3.75350379e-05 
 2.14525000e-08  3.65741240e-05 
 2.14575000e-08  3.47176032e-05 
 2.14675000e-08  3.16494530e-05 
 2.14837500e-08  2.59053966e-05 
 2.15000000e-08  1.62729516e-05 
 2.15025000e-08  1.48186075e-05 
 2.15075000e-08  1.19786837e-05 
 2.15175000e-08  8.21323911e-06 
 2.15337500e-08  6.16630742e-06 
 2.15500000e-08  6.96051322e-06 
 2.15525000e-08  7.22722777e-06 
 2.15575000e-08  7.67672682e-06 
 2.15675000e-08  8.60447534e-06 
 2.15837500e-08  9.93965205e-06 
 2.16000000e-08  1.13037006e-05 
 2.16025000e-08  1.15485960e-05 
 2.16075000e-08  1.19188796e-05 
 2.16175000e-08  1.22291164e-05 
 2.16337500e-08  1.06514810e-05 
 2.16500000e-08  5.97012164e-06 
 2.16525000e-08  4.93774630e-06 
 2.16575000e-08  2.68389334e-06 
 2.16675000e-08 -2.11776407e-06 
 2.16837500e-08 -8.22663234e-06 
 2.17000000e-08 -1.00716612e-05 
 2.17025000e-08 -1.00788986e-05 
 2.17075000e-08 -1.00022061e-05 
 2.17175000e-08 -9.19824246e-06 
 2.17337500e-08 -6.35549559e-06 
 2.17500000e-08 -1.36913647e-06 
 2.17525000e-08 -2.63795067e-07 
 2.17575000e-08  1.68024542e-06 
 2.17675000e-08  5.10948278e-06 
 2.17837500e-08  9.79051828e-06 
 2.18000000e-08  1.30998628e-05 
 2.18025000e-08  1.33374708e-05 
 2.18075000e-08  1.36108134e-05 
 2.18175000e-08  1.36506537e-05 
 2.18337500e-08  1.30480155e-05 
 2.18500000e-08  1.15766609e-05 
 2.18525000e-08  1.12380623e-05 
 2.18575000e-08  1.04409607e-05 
 2.18675000e-08  8.56230952e-06 
 2.18837500e-08  5.17733204e-06 
 2.19000000e-08  1.59391511e-06 
 2.19025000e-08  1.17136506e-06 
 2.19075000e-08  2.85660092e-07 
 2.19175000e-08 -1.59457650e-06 
 2.19337500e-08 -5.85495239e-06 
 2.19500000e-08 -1.29939345e-05 
 2.19525000e-08 -1.44378769e-05 
 2.19575000e-08 -1.78328096e-05 
 2.19675000e-08 -2.37104513e-05 
 2.19837500e-08 -2.75943208e-05 
 2.20000000e-08 -2.38194383e-05 
 2.20025000e-08 -2.22834953e-05 
 2.20075000e-08 -1.91683058e-05 
 2.20175000e-08 -1.05885905e-05 
 2.20337500e-08  1.03604229e-05 
 2.20500000e-08  4.21499652e-05 
 2.20525000e-08  4.78615530e-05 
 2.20575000e-08  5.91976677e-05 
 2.20675000e-08  8.08090901e-05 
 2.20837500e-08  1.13560958e-04 
 2.21000000e-08  1.27673290e-04 
 2.21025000e-08  1.28429126e-04 
 2.21075000e-08  1.29544772e-04 
 2.21175000e-08  1.27363731e-04 
 2.21337500e-08  1.17300358e-04 
 2.21500000e-08  1.05972060e-04 
 2.21525000e-08  1.04804593e-04 
 2.21575000e-08  1.02670054e-04 
 2.21675000e-08  9.68944448e-05 
 2.21837500e-08  7.65734096e-05 
 2.22000000e-08  3.85861710e-05 
 2.22025000e-08  3.17803322e-05 
 2.22075000e-08  1.93489581e-05 
 2.22175000e-08  3.82213228e-07 
 2.22337500e-08 -1.34348173e-05 
 2.22500000e-08 -5.59092441e-06 
 2.22525000e-08 -2.72891909e-06 
 2.22575000e-08  4.12071207e-06 
 2.22675000e-08  2.28119018e-05 
 2.22837500e-08  6.98486140e-05 
 2.23000000e-08  1.35182801e-04 
 2.23025000e-08  1.44445614e-04 
 2.23075000e-08  1.62353675e-04 
 2.23175000e-08  1.86125247e-04 
 2.23337500e-08  1.79099258e-04 
 2.23500000e-08  8.27099639e-05 
 2.23525000e-08  5.48909457e-05 
 2.23575000e-08 -1.03730745e-05 
 2.23675000e-08 -2.04231869e-04 
 2.23837500e-08 -6.54565219e-04 
 2.24000000e-08 -1.19139499e-03 
 2.24025000e-08 -1.26786428e-03 
 2.24075000e-08 -1.42921846e-03 
 2.24175000e-08 -1.77856574e-03 
 2.24337500e-08 -2.34456976e-03 
 2.24500000e-08 -2.87938765e-03 
 2.24525000e-08 -2.95827202e-03 
 2.24575000e-08 -3.11617341e-03 
 2.24675000e-08 -3.42855163e-03 
 2.24837500e-08 -3.93413667e-03 
 2.25000000e-08 -4.45757252e-03 
 2.25025000e-08 -4.53869915e-03 
 2.25075000e-08 -4.70730112e-03 
 2.25175000e-08 -5.06273455e-03 
 2.25337500e-08 -5.69677625e-03 
 2.25500000e-08 -6.43201841e-03 
 2.25525000e-08 -6.55467626e-03 
 2.25575000e-08 -6.82142326e-03 
 2.25675000e-08 -7.40626007e-03 
 2.25837500e-08 -8.57739944e-03 
 2.26000000e-08 -1.01358746e-02 
 2.26025000e-08 -1.03998395e-02 
 2.26075000e-08 -1.09755441e-02 
 2.26175000e-08 -1.21138610e-02 
 2.26337500e-08 -1.32321450e-02 
 2.26500000e-08 -1.12929301e-02 
 2.26525000e-08 -1.04788754e-02 
 2.26575000e-08 -8.50609669e-03 
 2.26675000e-08 -2.31620319e-03 
 2.26837500e-08  1.43799879e-02 
 2.27000000e-08  4.18300151e-02 
 2.27025000e-08  4.72992964e-02 
 2.27075000e-08  5.89776885e-02 
 2.27175000e-08  8.71514811e-02 
 2.27337500e-08  1.50199753e-01 
 2.27500000e-08  2.45358307e-01 
 2.27525000e-08  2.64466068e-01 
 2.27575000e-08  3.06091552e-01 
 2.27675000e-08  4.15806019e-01 
 2.27837500e-08  7.32776795e-01 
 2.28000000e-08  1.25615491e+00 
 2.28025000e-08  1.35726647e+00 
 2.28075000e-08  1.56794608e+00 
 2.28175000e-08  2.02660559e+00 
 2.28337500e-08  2.65797520e+00 
 2.28500000e-08  3.01513187e+00 
 2.28525000e-08  3.04639717e+00 
 2.28575000e-08  3.10164239e+00 
 2.28675000e-08  3.17739603e+00 
 2.28837500e-08  3.23928207e+00 
 2.29000000e-08  3.26411954e+00 
 2.29025000e-08  3.26636964e+00 
 2.29075000e-08  3.27054424e+00 
 2.29175000e-08  3.27723600e+00 
 2.29337500e-08  3.28482001e+00 
 2.29500000e-08  3.28968202e+00 
 2.29525000e-08  3.29023369e+00 
 2.29575000e-08  3.29127068e+00 
 2.29675000e-08  3.29298742e+00 
 2.29837500e-08  3.29499148e+00 
 2.30000000e-08  3.29630065e+00 
 2.30025000e-08  3.29645090e+00 
 2.30075000e-08  3.29673411e+00 
 2.30175000e-08  3.29720993e+00 
 2.30337500e-08  3.29779136e+00 
 2.30500000e-08  3.29820929e+00 
 2.30525000e-08  3.29826180e+00 
 2.30575000e-08  3.29836293e+00 
 2.30675000e-08  3.29854444e+00 
 2.30837500e-08  3.29878538e+00 
 2.31000000e-08  3.29896697e+00 
 2.31025000e-08  3.29899401e+00 
 2.31075000e-08  3.29904776e+00 
 2.31175000e-08  3.29916054e+00 
 2.31337500e-08  3.29934436e+00 
 2.31500000e-08  3.29950750e+00 
 2.31525000e-08  3.29952916e+00 
 2.31575000e-08  3.29957012e+00 
 2.31675000e-08  3.29964325e+00 
 2.31837500e-08  3.29974035e+00 
 2.32000000e-08  3.29981190e+00 
 2.32025000e-08  3.29982077e+00 
 2.32075000e-08  3.29983740e+00 
 2.32175000e-08  3.29986527e+00 
 2.32337500e-08  3.29989686e+00 
 2.32500000e-08  3.29991578e+00 
 2.32525000e-08  3.29991801e+00 
 2.32575000e-08  3.29992188e+00 
 2.32675000e-08  3.29992809e+00 
 2.32837500e-08  3.29993500e+00 
 2.33000000e-08  3.29993954e+00 
 2.33025000e-08  3.29994021e+00 
 2.33075000e-08  3.29994166e+00 
 2.33175000e-08  3.29994342e+00 
 2.33337500e-08  3.29994799e+00 
 2.33500000e-08  3.29996062e+00 
 2.33525000e-08  3.29996336e+00 
 2.33575000e-08  3.29996919e+00 
 2.33675000e-08  3.29997749e+00 
 2.33837500e-08  3.29997840e+00 
 2.34000000e-08  3.29996826e+00 
 2.34025000e-08  3.29996641e+00 
 2.34075000e-08  3.29996289e+00 
 2.34175000e-08  3.29995653e+00 
 2.34337500e-08  3.29994726e+00 
 2.34500000e-08  3.29993956e+00 
 2.34525000e-08  3.29993845e+00 
 2.34575000e-08  3.29993599e+00 
 2.34675000e-08  3.29993096e+00 
 2.34837500e-08  3.29992476e+00 
 2.35000000e-08  3.29992072e+00 
 2.35025000e-08  3.29992027e+00 
 2.35075000e-08  3.29991951e+00 
 2.35175000e-08  3.29991916e+00 
 2.35337500e-08  3.29992078e+00 
 2.35500000e-08  3.29992537e+00 
 2.35525000e-08  3.29992659e+00 
 2.35575000e-08  3.29992908e+00 
 2.35675000e-08  3.29993512e+00 
 2.35837500e-08  3.29994760e+00 
 2.36000000e-08  3.29996456e+00 
 2.36025000e-08  3.29996753e+00 
 2.36075000e-08  3.29997339e+00 
 2.36175000e-08  3.29998458e+00 
 2.36337500e-08  3.29999857e+00 
 2.36500000e-08  3.30000567e+00 
 2.36525000e-08  3.30000588e+00 
 2.36575000e-08  3.30000580e+00 
 2.36675000e-08  3.30000237e+00 
 2.36837500e-08  3.29999579e+00 
 2.37000000e-08  3.29998956e+00 
 2.37025000e-08  3.29998887e+00 
 2.37075000e-08  3.29998759e+00 
 2.37175000e-08  3.29998499e+00 
 2.37337500e-08  3.29997919e+00 
 2.37500000e-08  3.29996819e+00 
 2.37525000e-08  3.29996580e+00 
 2.37575000e-08  3.29996124e+00 
 2.37675000e-08  3.29995409e+00 
 2.37837500e-08  3.29995724e+00 
 2.38000000e-08  3.29996378e+00 
 2.38025000e-08  3.29996501e+00 
 2.38075000e-08  3.29996851e+00 
 2.38175000e-08  3.29998023e+00 
 2.38337500e-08  3.30001211e+00 
 2.38500000e-08  3.30004833e+00 
 2.38525000e-08  3.30005136e+00 
 2.38575000e-08  3.30005517e+00 
 2.38675000e-08  3.30004847e+00 
 2.38837500e-08  3.29999898e+00 
 2.39000000e-08  3.29991801e+00 
 2.39025000e-08  3.29990327e+00 
 2.39075000e-08  3.29987426e+00 
 2.39175000e-08  3.29982238e+00 
 2.39337500e-08  3.29976036e+00 
 2.39500000e-08  3.29972591e+00 
 2.39525000e-08  3.29972486e+00 
 2.39575000e-08  3.29972451e+00 
 2.39675000e-08  3.29973276e+00 
 2.39837500e-08  3.29976882e+00 
 2.40000000e-08  3.29983149e+00 
 2.40025000e-08  3.29983918e+00 
 2.40075000e-08  3.29985358e+00 
 2.40175000e-08  3.29987784e+00 
 2.40337500e-08  3.29990248e+00 
 2.40500000e-08  3.29992784e+00 
 2.40525000e-08  3.29993423e+00 
 2.40575000e-08  3.29994625e+00 
 2.40675000e-08  3.29996774e+00 
 2.40837500e-08  3.29999339e+00 
 2.41000000e-08  3.30000700e+00 
 2.41025000e-08  3.30000770e+00 
 2.41075000e-08  3.30000807e+00 
 2.41175000e-08  3.30000485e+00 
 2.41337500e-08  3.29999277e+00 
 2.41500000e-08  3.29997327e+00 
 2.41525000e-08  3.29996967e+00 
 2.41575000e-08  3.29996162e+00 
 2.41675000e-08  3.29994269e+00 
 2.41837500e-08  3.29990051e+00 
 2.42000000e-08  3.29983584e+00 
 2.42025000e-08  3.29982391e+00 
 2.42075000e-08  3.29979721e+00 
 2.42175000e-08  3.29974189e+00 
 2.42337500e-08  3.29966972e+00 
 2.42500000e-08  3.29964301e+00 
 2.42525000e-08  3.29964417e+00 
 2.42575000e-08  3.29964698e+00 
 2.42675000e-08  3.29966108e+00 
 2.42837500e-08  3.29970161e+00 
 2.43000000e-08  3.29976750e+00 
 2.43025000e-08  3.29978106e+00 
 2.43075000e-08  3.29981011e+00 
 2.43175000e-08  3.29988655e+00 
 2.43337500e-08  3.30008250e+00 
 2.43500000e-08  3.30037885e+00 
 2.43525000e-08  3.30043145e+00 
 2.43575000e-08  3.30053966e+00 
 2.43675000e-08  3.30077091e+00 
 2.43837500e-08  3.30116283e+00 
 2.44000000e-08  3.30153219e+00 
 2.44025000e-08  3.30158726e+00 
 2.44075000e-08  3.30169964e+00 
 2.44175000e-08  3.30192254e+00 
 2.44337500e-08  3.30229398e+00 
 2.44500000e-08  3.30268541e+00 
 2.44525000e-08  3.30274507e+00 
 2.44575000e-08  3.30286515e+00 
 2.44675000e-08  3.30311036e+00 
 2.44837500e-08  3.30352295e+00 
 2.45000000e-08  3.30394144e+00 
 2.45025000e-08  3.30400168e+00 
 2.45075000e-08  3.30412006e+00 
 2.45175000e-08  3.30433423e+00 
 2.45337500e-08  3.30462826e+00 
 2.45500000e-08  3.30489982e+00 
 2.45525000e-08  3.30494315e+00 
 2.45575000e-08  3.30503383e+00 
 2.45675000e-08  3.30523832e+00 
 2.45837500e-08  3.30564617e+00 
 2.46000000e-08  3.30617086e+00 
 2.46025000e-08  3.30626454e+00 
 2.46075000e-08  3.30646138e+00 
 2.46175000e-08  3.30690759e+00 
 2.46337500e-08  3.30780391e+00 
 2.46500000e-08  3.30898127e+00 
 2.46525000e-08  3.30919545e+00 
 2.46575000e-08  3.30965104e+00 
 2.46675000e-08  3.31070754e+00 
 2.46837500e-08  3.31293657e+00 
 2.47000000e-08  3.31592994e+00 
 2.47025000e-08  3.31644987e+00 
 2.47075000e-08  3.31749680e+00 
 2.47175000e-08  3.31924461e+00 
 2.47337500e-08  3.31847451e+00 
 2.47500000e-08  3.30818653e+00 
 2.47525000e-08  3.30525331e+00 
 2.47575000e-08  3.29873895e+00 
 2.47675000e-08  3.28207596e+00 
 2.47837500e-08  3.23977819e+00 
 2.48000000e-08  3.17626085e+00 
 2.48025000e-08  3.16407729e+00 
 2.48075000e-08  3.13828304e+00 
 2.48175000e-08  3.07724730e+00 
 2.48337500e-08  2.94072290e+00 
 2.48500000e-08  2.71033488e+00 
 2.48525000e-08  2.65773507e+00 
 2.48575000e-08  2.53912783e+00 
 2.48675000e-08  2.23175131e+00 
 2.48837500e-08  1.55541662e+00 
 2.49000000e-08  7.66167955e-01 
 2.49025000e-08  6.56422846e-01 
 2.49075000e-08  4.62574669e-01 
 2.49175000e-08  2.10324018e-01 
 2.49337500e-08  5.52779661e-02 
 2.49500000e-08  2.79862768e-02 
 2.49518775e-08  2.67047738e-02 
 2.49556326e-08  2.41682977e-02 
 2.49631428e-08  1.97528696e-02 
 2.49781632e-08  1.32872850e-02 
 2.50000000e-08  7.67617956e-03 
 2.50025000e-08  7.24183404e-03 
 2.50075000e-08  6.41510688e-03 
 2.50175000e-08  5.00636806e-03 
 2.50337500e-08  3.30057110e-03 
 2.50500000e-08  2.15122842e-03 
 2.50525000e-08  2.01844712e-03 
 2.50575000e-08  1.76946337e-03 
 2.50675000e-08  1.35842706e-03 
 2.50837500e-08  8.83565808e-04 
 2.51000000e-08  5.82251819e-04 
 2.51025000e-08  5.48760911e-04 
 2.51075000e-08  4.86682358e-04 
 2.51175000e-08  3.85740045e-04 
 2.51337500e-08  2.70158063e-04 
 2.51500000e-08  1.95438991e-04 
 2.51525000e-08  1.86794262e-04 
 2.51575000e-08  1.70528009e-04 
 2.51675000e-08  1.43269065e-04 
 2.51837500e-08  1.10854980e-04 
 2.52000000e-08  8.90635941e-05 
 2.52025000e-08  8.65434285e-05 
 2.52075000e-08  8.18470421e-05 
 2.52175000e-08  7.39636654e-05 
 2.52337500e-08  6.35827788e-05 
 2.52500000e-08  5.47771949e-05 
 2.52525000e-08  5.35866221e-05 
 2.52575000e-08  5.13410587e-05 
 2.52675000e-08  4.71990261e-05 
 2.52837500e-08  4.07187732e-05 
 2.53000000e-08  3.52616558e-05 
 2.53025000e-08  3.44959789e-05 
 2.53075000e-08  3.27265631e-05 
 2.53175000e-08  2.83233918e-05 
 2.53337500e-08  1.80040481e-05 
 2.53500000e-08  8.61997064e-06 
 2.53525000e-08  7.98473997e-06 
 2.53575000e-08  6.78950401e-06 
 2.53675000e-08  5.61232533e-06 
 2.53837500e-08  5.82853246e-06 
 2.54000000e-08  7.06768333e-06 
 2.54025000e-08  7.34934611e-06 
 2.54075000e-08  7.85603536e-06 
 2.54175000e-08  8.97457709e-06 
 2.54337500e-08  1.06650177e-05 
 2.54500000e-08  1.19758820e-05 
 2.54525000e-08  1.20237831e-05 
 2.54575000e-08  1.18433512e-05 
 2.54675000e-08  1.05223850e-05 
 2.54837500e-08  6.06080880e-06 
 2.55000000e-08 -5.34658895e-07 
 2.55025000e-08 -1.53641584e-06 
 2.55075000e-08 -3.35797233e-06 
 2.55175000e-08 -5.97144505e-06 
 2.55337500e-08 -7.38562241e-06 
 2.55500000e-08 -6.89171660e-06 
 2.55525000e-08 -6.71842999e-06 
 2.55575000e-08 -6.41409249e-06 
 2.55675000e-08 -5.47373311e-06 
 2.55837500e-08 -2.01439026e-06 
 2.56000000e-08  3.25225881e-06 
 2.56025000e-08  3.76947842e-06 
 2.56075000e-08  4.83774711e-06 
 2.56175000e-08  7.04387737e-06 
 2.56337500e-08  1.04952616e-05 
 2.56500000e-08  1.20112566e-05 
 2.56525000e-08  1.21159971e-05 
 2.56575000e-08  1.22381270e-05 
 2.56675000e-08  1.20850408e-05 
 2.56837500e-08  1.08415574e-05 
 2.57000000e-08  8.71078591e-06 
 2.57025000e-08  8.38404851e-06 
 2.57075000e-08  7.70723935e-06 
 2.57175000e-08  6.14845617e-06 
 2.57337500e-08  3.12597028e-06 
 2.57500000e-08 -1.76849485e-09 
 2.57525000e-08 -5.95360315e-07 
 2.57575000e-08 -2.08970467e-06 
 2.57675000e-08 -5.63722107e-06 
 2.57837500e-08 -1.29092030e-05 
 2.58000000e-08 -2.22413443e-05 
 2.58025000e-08 -2.32325796e-05 
 2.58075000e-08 -2.51790312e-05 
 2.58175000e-08 -2.63296621e-05 
 2.58337500e-08 -2.25992704e-05 
 2.58500000e-08 -1.28959237e-05 
 2.58525000e-08 -1.06387402e-05 
 2.58575000e-08 -5.90579465e-06 
 2.58675000e-08  6.68191422e-06 
 2.58837500e-08  3.65392588e-05 
 2.59000000e-08  7.30828620e-05 
 2.59025000e-08  7.84526963e-05 
 2.59075000e-08  8.87328751e-05 
 2.59175000e-08  1.11793983e-04 
 2.59337500e-08  1.27508458e-04 
 2.59500000e-08  1.30622299e-04 
 2.59525000e-08  1.28796909e-04 
 2.59575000e-08  1.25702627e-04 
 2.59675000e-08  1.18651932e-04 
 2.59837500e-08  1.05756217e-04 
 2.60000000e-08  9.77808645e-05 
 2.60025000e-08  9.59106169e-05 
 2.60075000e-08  9.25361433e-05 
 2.60175000e-08  8.02509482e-05 
 2.60337500e-08  4.47471026e-05 
 2.60500000e-08  7.02369745e-06 
 2.60525000e-08  2.51923661e-06 
 2.60575000e-08 -5.30118516e-06 
 2.60675000e-08 -1.35137909e-05 
 2.60837500e-08 -9.27978924e-06 
 2.61000000e-08  1.33552694e-05 
 2.61025000e-08  1.84786843e-05 
 2.61075000e-08  3.06712222e-05 
 2.61175000e-08  6.17047784e-05 
 2.61337500e-08  1.26427093e-04 
 2.61500000e-08  1.81113807e-04 
 2.61525000e-08  1.85304578e-04 
 2.61575000e-08  1.91559431e-04 
 2.61675000e-08  1.85669227e-04 
 2.61837500e-08  1.05831375e-04 
 2.62000000e-08 -1.16721502e-04 
 2.62025000e-08 -1.70060305e-04 
 2.62075000e-08 -2.85979783e-04 
 2.62175000e-08 -5.69361379e-04 
 2.62337500e-08 -1.11114387e-03 
 2.62500000e-08 -1.63714448e-03 
 2.62525000e-08 -1.73082472e-03 
 2.62575000e-08 -1.91554245e-03 
 2.62675000e-08 -2.27048888e-03 
 2.62837500e-08 -2.81137952e-03 
 2.63000000e-08 -3.32171819e-03 
 2.63025000e-08 -3.39748037e-03 
 2.63075000e-08 -3.54910755e-03 
 2.63175000e-08 -3.85785049e-03 
 2.63337500e-08 -4.37584911e-03 
 2.63500000e-08 -4.93062478e-03 
 2.63525000e-08 -5.02171198e-03 
 2.63575000e-08 -5.21162215e-03 
 2.63675000e-08 -5.61094280e-03 
 2.63837500e-08 -6.33000701e-03 
 2.64000000e-08 -7.19209317e-03 
 2.64025000e-08 -7.33915426e-03 
 2.64075000e-08 -7.66630741e-03 
 2.64175000e-08 -8.39967478e-03 
 2.64337500e-08 -9.88274218e-03 
 2.64500000e-08 -1.16841626e-02 
 2.64525000e-08 -1.19503056e-02 
 2.64575000e-08 -1.24863988e-02 
 2.64675000e-08 -1.31893902e-02 
 2.64837500e-08 -1.18642198e-02 
 2.65000000e-08 -4.92532093e-03 
 2.65025000e-08 -3.11532574e-03 
 2.65075000e-08  8.73479228e-04 
 2.65175000e-08  1.11687908e-02 
 2.65337500e-08  3.68278294e-02 
 2.65500000e-08  7.58709814e-02 
 2.65525000e-08  8.34712915e-02 
 2.65575000e-08  9.96705723e-02 
 2.65675000e-08  1.38719137e-01 
 2.65837500e-08  2.27982626e-01 
 2.66000000e-08  3.71526925e-01 
 2.66025000e-08  4.02118900e-01 
 2.66075000e-08  4.71285400e-01 
 2.66175000e-08  6.67077627e-01 
 2.66337500e-08  1.15927441e+00 
 2.66500000e-08  1.84256962e+00 
 2.66525000e-08  1.96206054e+00 
 2.66575000e-08  2.19798637e+00 
 2.66675000e-08  2.59081727e+00 
 2.66837500e-08  2.98046302e+00 
 2.67000000e-08  3.15898654e+00 
 2.67021547e-08  3.17140115e+00 
 2.67064642e-08  3.19362522e+00 
 2.67150832e-08  3.22545087e+00 
 2.67323211e-08  3.25974010e+00 
 2.67500000e-08  3.27528686e+00 
 2.67525000e-08  3.27672118e+00 
 2.67575000e-08  3.27941508e+00 
 2.67675000e-08  3.28386380e+00 
 2.67837500e-08  3.28905182e+00 
 2.68000000e-08  3.29243001e+00 
 2.68025000e-08  3.29281426e+00 
 2.68075000e-08  3.29353610e+00 
 2.68175000e-08  3.29473054e+00 
 2.68337500e-08  3.29612991e+00 
 2.68500000e-08  3.29705676e+00 
 2.68525000e-08  3.29716492e+00 
 2.68575000e-08  3.29736992e+00 
 2.68675000e-08  3.29771988e+00 
 2.68837500e-08  3.29815951e+00 
 2.69000000e-08  3.29848764e+00 
 2.69025000e-08  3.29852955e+00 
 2.69075000e-08  3.29860955e+00 
 2.69175000e-08  3.29875061e+00 
 2.69337500e-08  3.29893559e+00 
 2.69500000e-08  3.29911007e+00 
 2.69525000e-08  3.29913974e+00 
 2.69575000e-08  3.29919831e+00 
 2.69675000e-08  3.29931231e+00 
 2.69837500e-08  3.29947847e+00 
 2.70000000e-08  3.29961302e+00 
 2.70025000e-08  3.29963127e+00 
 2.70075000e-08  3.29966598e+00 
 2.70175000e-08  3.29972714e+00 
 2.70337500e-08  3.29980529e+00 
 2.70500000e-08  3.29985906e+00 
 2.70525000e-08  3.29986513e+00 
 2.70575000e-08  3.29987612e+00 
 2.70675000e-08  3.29989350e+00 
 2.70837500e-08  3.29991250e+00 
 2.71000000e-08  3.29992449e+00 
 2.71025000e-08  3.29992586e+00 
 2.71075000e-08  3.29992803e+00 
 2.71175000e-08  3.29993134e+00 
 2.71337500e-08  3.29993531e+00 
 2.71500000e-08  3.29994044e+00 
 2.71525000e-08  3.29994153e+00 
 2.71575000e-08  3.29994379e+00 
 2.71675000e-08  3.29994955e+00 
 2.71837500e-08  3.29996367e+00 
 2.72000000e-08  3.29998147e+00 
 2.72025000e-08  3.29998279e+00 
 2.72075000e-08  3.29998475e+00 
 2.72175000e-08  3.29998357e+00 
 2.72337500e-08  3.29997330e+00 
 2.72500000e-08  3.29995964e+00 
 2.72525000e-08  3.29995757e+00 
 2.72575000e-08  3.29995334e+00 
 2.72675000e-08  3.29994527e+00 
 2.72837500e-08  3.29993488e+00 
 2.73000000e-08  3.29992816e+00 
 2.73025000e-08  3.29992762e+00 
 2.73075000e-08  3.29992677e+00 
 2.73175000e-08  3.29992601e+00 
 2.73337500e-08  3.29992503e+00 
 2.73500000e-08  3.29992279e+00 
 2.73525000e-08  3.29992255e+00 
 2.73575000e-08  3.29992201e+00 
 2.73675000e-08  3.29992174e+00 
 2.73837500e-08  3.29992456e+00 
 2.74000000e-08  3.29993153e+00 
 2.74025000e-08  3.29993304e+00 
 2.74075000e-08  3.29993611e+00 
 2.74175000e-08  3.29994356e+00 
 2.74337500e-08  3.29995972e+00 
 2.74500000e-08  3.29997910e+00 
 2.74525000e-08  3.29998202e+00 
 2.74575000e-08  3.29998753e+00 
 2.74675000e-08  3.29999632e+00 
 2.74837500e-08  3.30000440e+00 
 2.75000000e-08  3.30000446e+00 
 2.75025000e-08  3.30000361e+00 
 2.75075000e-08  3.30000159e+00 
 2.75175000e-08  3.29999706e+00 
 2.75337500e-08  3.29999092e+00 
 2.75500000e-08  3.29998601e+00 
 2.75525000e-08  3.29998523e+00 
 2.75575000e-08  3.29998386e+00 
 2.75675000e-08  3.29998055e+00 
 2.75837500e-08  3.29997037e+00 
 2.76000000e-08  3.29995668e+00 
 2.76025000e-08  3.29995472e+00 
 2.76075000e-08  3.29995372e+00 
 2.76175000e-08  3.29995605e+00 
 2.76337500e-08  3.29995966e+00 
 2.76500000e-08  3.29997165e+00 
 2.76525000e-08  3.29997498e+00 
 2.76575000e-08  3.29998302e+00 
 2.76675000e-08  3.30000415e+00 
 2.76837500e-08  3.30004333e+00 
 2.77000000e-08  3.30005506e+00 
 2.77025000e-08  3.30005219e+00 
 2.77075000e-08  3.30004388e+00 
 2.77175000e-08  3.30001202e+00 
 2.77337500e-08  3.29993398e+00 
 2.77500000e-08  3.29984225e+00 
 2.77525000e-08  3.29983035e+00 
 2.77575000e-08  3.29980765e+00 
 2.77675000e-08  3.29976717e+00 
 2.77837500e-08  3.29972540e+00 
 2.78000000e-08  3.29972436e+00 
 2.78025000e-08  3.29972773e+00 
 2.78075000e-08  3.29973613e+00 
 2.78175000e-08  3.29976100e+00 
 2.78337500e-08  3.29982719e+00 
 2.78500000e-08  3.29987277e+00 
 2.78525000e-08  3.29987773e+00 
 2.78575000e-08  3.29988536e+00 
 2.78675000e-08  3.29989661e+00 
 2.78837500e-08  3.29992098e+00 
 2.79000000e-08  3.29995731e+00 
 2.79025000e-08  3.29996298e+00 
 2.79075000e-08  3.29997336e+00 
 2.79175000e-08  3.29998997e+00 
 2.79337500e-08  3.30000610e+00 
 2.79500000e-08  3.30000885e+00 
 2.79525000e-08  3.30000810e+00 
 2.79575000e-08  3.30000562e+00 
 2.79675000e-08  3.29999743e+00 
 2.79837500e-08  3.29997860e+00 
 2.80000000e-08  3.29995094e+00 
 2.80025000e-08  3.29994585e+00 
 2.80075000e-08  3.29993438e+00 
 2.80175000e-08  3.29990727e+00 
 2.80337500e-08  3.29984734e+00 
 2.80500000e-08  3.29976384e+00 
 2.80525000e-08  3.29975075e+00 
 2.80575000e-08  3.29972383e+00 
 2.80675000e-08  3.29968004e+00 
 2.80837500e-08  3.29964726e+00 
 2.81000000e-08  3.29965670e+00 
 2.81025000e-08  3.29966149e+00 
 2.81075000e-08  3.29967074e+00 
 2.81175000e-08  3.29969458e+00 
 2.81337500e-08  3.29975164e+00 
 2.81500000e-08  3.29984997e+00 
 2.81525000e-08  3.29987123e+00 
 2.81575000e-08  3.29991797e+00 
 2.81675000e-08  3.30004294e+00 
 2.81837500e-08  3.30033170e+00 
 2.82000000e-08  3.30068330e+00 
 2.82025000e-08  3.30074177e+00 
 2.82075000e-08  3.30085941e+00 
 2.82175000e-08  3.30109967e+00 
 2.82337500e-08  3.30147184e+00 
 2.82500000e-08  3.30182922e+00 
 2.82525000e-08  3.30188551e+00 
 2.82575000e-08  3.30199729e+00 
 2.82675000e-08  3.30222326e+00 
 2.82837500e-08  3.30260857e+00 
 2.83000000e-08  3.30300745e+00 
 2.83025000e-08  3.30307038e+00 
 2.83075000e-08  3.30319825e+00 
 2.83175000e-08  3.30346130e+00 
 2.83337500e-08  3.30388689e+00 
 2.83500000e-08  3.30426755e+00 
 2.83525000e-08  3.30431604e+00 
 2.83575000e-08  3.30441005e+00 
 2.83675000e-08  3.30458134e+00 
 2.83837500e-08  3.30484721e+00 
 2.84000000e-08  3.30514671e+00 
 2.84025000e-08  3.30519913e+00 
 2.84075000e-08  3.30530969e+00 
 2.84175000e-08  3.30556265e+00 
 2.84337500e-08  3.30607015e+00 
 2.84500000e-08  3.30672261e+00 
 2.84525000e-08  3.30683910e+00 
 2.84575000e-08  3.30708411e+00 
 2.84675000e-08  3.30764067e+00 
 2.84837500e-08  3.30877085e+00 
 2.85000000e-08  3.31028278e+00 
 2.85025000e-08  3.31056149e+00 
 2.85075000e-08  3.31115791e+00 
 2.85175000e-08  3.31255049e+00 
 2.85337500e-08  3.31543461e+00 
 2.85500000e-08  3.31860498e+00 
 2.85525000e-08  3.31900003e+00 
 2.85575000e-08  3.31961637e+00 
 2.85675000e-08  3.31922416e+00 
 2.85837500e-08  3.31074541e+00 
 2.86000000e-08  3.28913560e+00 
 2.86025000e-08  3.28439877e+00 
 2.86075000e-08  3.27402577e+00 
 2.86175000e-08  3.24778311e+00 
 2.86337500e-08  3.18814638e+00 
 2.86500000e-08  3.10285001e+00 
 2.86525000e-08  3.08651809e+00 
 2.86575000e-08  3.05180214e+00 
 2.86675000e-08  2.96817679e+00 
 2.86837500e-08  2.76139740e+00 
 2.87000000e-08  2.36283360e+00 
 2.87025000e-08  2.27803611e+00 
 2.87075000e-08  2.09774881e+00 
 2.87175000e-08  1.67688904e+00 
 2.87337500e-08  8.81961825e-01 
 2.87500000e-08  2.95344190e-01 
 2.87525000e-08  2.46366651e-01 
 2.87575000e-08  1.65201661e-01 
 2.87675000e-08  7.65260486e-02 
 2.87837500e-08  3.05911437e-02 
 2.88000000e-08  1.93515559e-02 
 2.88020317e-08  1.84190114e-02 
 2.88060950e-08  1.66127788e-02 
 2.88142217e-08  1.35270638e-02 
 2.88304750e-08  8.99197335e-03 
 2.88500000e-08  5.52569494e-03 
 2.88525000e-08  5.20303824e-03 
 2.88575000e-08  4.59230332e-03 
 2.88675000e-08  3.56093805e-03 
 2.88837500e-08  2.32723604e-03 
 2.89000000e-08  1.51059651e-03 
 2.89025000e-08  1.41704667e-03 
 2.89075000e-08  1.24221520e-03 
 2.89175000e-08  9.55682715e-04 
 2.89337500e-08  6.28173615e-04 
 2.89500000e-08  4.22609900e-04 
 2.89525000e-08  3.99650858e-04 
 2.89575000e-08  3.57001379e-04 
 2.89675000e-08  2.87026923e-04 
 2.89837500e-08  2.05894565e-04 
 2.90000000e-08  1.52956666e-04 
 2.90025000e-08  1.46831636e-04 
 2.90075000e-08  1.35329877e-04 
 2.90175000e-08  1.16098699e-04 
 2.90337500e-08  9.30348093e-05 
 2.90500000e-08  7.70810595e-05 
 2.90525000e-08  7.51605588e-05 
 2.90575000e-08  7.15195226e-05 
 2.90675000e-08  6.51165433e-05 
 2.90837500e-08  5.61067821e-05 
 2.91000000e-08  4.82219890e-05 
 2.91025000e-08  4.71425640e-05 
 2.91075000e-08  4.49222420e-05 
 2.91175000e-08  4.10555753e-05 
 2.91337500e-08  3.54319349e-05 
 2.91500000e-08  3.09685323e-05 
 2.91525000e-08  2.99960173e-05 
 2.91575000e-08  2.75439297e-05 
 2.91675000e-08  2.11286435e-05 
 2.91837500e-08  1.08637773e-05 
 2.92000000e-08  6.10801867e-06 
 2.92025000e-08  6.03742838e-06 
 2.92075000e-08  6.00933072e-06 
 2.92175000e-08  6.71084295e-06 
 2.92337500e-08  8.33109102e-06 
 2.92500000e-08  9.70854087e-06 
 2.92525000e-08  9.91520208e-06 
 2.92575000e-08  1.02226652e-05 
 2.92675000e-08  1.08917462e-05 
 2.92837500e-08  1.19751909e-05 
 2.93000000e-08  1.17356108e-05 
 2.93025000e-08  1.14004187e-05 
 2.93075000e-08  1.04138359e-05 
 2.93175000e-08  7.36059863e-06 
 2.93337500e-08  6.68654615e-07 
 2.93500000e-08 -6.27474450e-06 
 2.93525000e-08 -6.98233466e-06 
 2.93575000e-08 -8.18233963e-06 
 2.93675000e-08 -8.96606688e-06 
 2.93837500e-08 -8.61976686e-06 
 2.94000000e-08 -6.62977615e-06 
 2.94025000e-08 -6.21520463e-06 
 2.94075000e-08 -5.46483894e-06 
 2.94175000e-08 -3.72946985e-06 
 2.94337500e-08  1.94197521e-06 
 2.94500000e-08  4.93608430e-06 
 2.94525000e-08  5.54821452e-06 
 2.94575000e-08  6.79281608e-06 
 2.94675000e-08  9.39006965e-06 
 2.94837500e-08  1.17535913e-05 
 2.95000000e-08  1.25126221e-05 
 2.95025000e-08  1.26088407e-05 
 2.95075000e-08  1.27448179e-05 
 2.95175000e-08  1.26263229e-05 
 2.95337500e-08  1.12430216e-05 
 2.95500000e-08  8.79764325e-06 
 2.95525000e-08  8.22965781e-06 
 2.95575000e-08  6.90572955e-06 
 2.95675000e-08  4.02876751e-06 
 2.95837500e-08 -3.21797141e-07 
 2.96000000e-08 -4.78621645e-06 
 2.96025000e-08 -5.46393377e-06 
 2.96075000e-08 -7.07079818e-06 
 2.96175000e-08 -1.06924972e-05 
 2.96337500e-08 -1.85226691e-05 
 2.96500000e-08 -2.49886423e-05 
 2.96525000e-08 -2.51995507e-05 
 2.96575000e-08 -2.56039147e-05 
 2.96675000e-08 -2.39109635e-05 
 2.96837500e-08 -1.62008005e-05 
 2.97000000e-08 -1.10172077e-06 
 2.97025000e-08  2.11459847e-06 
 2.97075000e-08  9.00515340e-06 
 2.97175000e-08  2.68594252e-05 
 2.97337500e-08  6.21644751e-05 
 2.97500000e-08  9.71914952e-05 
 2.97525000e-08  1.02589690e-04 
 2.97575000e-08  1.11286131e-04 
 2.97675000e-08  1.22377220e-04 
 2.97837500e-08  1.29405120e-04 
 2.98000000e-08  1.22662467e-04 
 2.98025000e-08  1.20866459e-04 
 2.98075000e-08  1.16872070e-04 
 2.98175000e-08  1.08971510e-04 
 2.98337500e-08  1.00007483e-04 
 2.98500000e-08  8.74321604e-05 
 2.98525000e-08  8.38695298e-05 
 2.98575000e-08  7.62555778e-05 
 2.98675000e-08  5.53047599e-05 
 2.98837500e-08  1.75310556e-05 
 2.99000000e-08 -8.17446112e-06 
 2.99025000e-08 -1.01055666e-05 
 2.99075000e-08 -1.25082365e-05 
 2.99175000e-08 -1.11010200e-05 
 2.99337500e-08  5.49803157e-06 
 2.99500000e-08  4.04408856e-05 
 2.99525000e-08  4.79537311e-05 
 2.99575000e-08  6.54931179e-05 
 2.99675000e-08  1.06304043e-04 
 2.99837500e-08  1.69297461e-04 
 3.00000000e-08  1.94716471e-04 
 3.00025000e-08  1.92527396e-04 
 3.00075000e-08  1.84816761e-04 
 3.00175000e-08  1.42177081e-04 
 3.00337500e-08 -3.30062817e-05 
 3.00500000e-08 -3.89757090e-04 
 3.00525000e-08 -4.61922988e-04 
 3.00575000e-08 -6.13613369e-04 
 3.00675000e-08 -9.53345155e-04 
 3.00837500e-08 -1.46472650e-03 
 3.01000000e-08 -2.05549630e-03 
 3.01025000e-08 -2.14220797e-03 
 3.01075000e-08 -2.31394393e-03 
 3.01175000e-08 -2.64643142e-03 
 3.01337500e-08 -3.16108560e-03 
 3.01500000e-08 -3.66023271e-03 
 3.01525000e-08 -3.73614543e-03 
 3.01575000e-08 -3.89053661e-03 
 3.01675000e-08 -4.20557185e-03 
 3.01837500e-08 -4.74247603e-03 
 3.02000000e-08 -5.34299892e-03 
 3.02025000e-08 -5.44090621e-03 
 3.02075000e-08 -5.64727433e-03 
 3.02175000e-08 -6.08567348e-03 
 3.02337500e-08 -6.89594414e-03 
 3.02500000e-08 -7.91646216e-03 
 3.02525000e-08 -8.09500970e-03 
 3.02575000e-08 -8.49651134e-03 
 3.02675000e-08 -9.39722080e-03 
 3.02837500e-08 -1.11374477e-02 
 3.03000000e-08 -1.28386325e-02 
 3.03025000e-08 -1.30085456e-02 
 3.03075000e-08 -1.32619256e-02 
 3.03175000e-08 -1.28218442e-02 
 3.03337500e-08 -7.82154544e-03 
 3.03500000e-08  4.42445386e-03 
 3.03525000e-08  7.09046903e-03 
 3.03575000e-08  1.29395260e-02 
 3.03675000e-08  2.78532009e-02 
 3.03837500e-08  6.24994047e-02 
 3.04000000e-08  1.13852358e-01 
 3.04025000e-08  1.23823274e-01 
 3.04075000e-08  1.45107468e-01 
 3.04175000e-08  1.96867789e-01 
 3.04337500e-08  3.19923856e-01 
 3.04500000e-08  5.42094529e-01 
 3.04525000e-08  5.92862818e-01 
 3.04575000e-08  7.05769066e-01 
 3.04675000e-08  9.94910765e-01 
 3.04837500e-08  1.62475108e+00 
 3.05000000e-08  2.34831355e+00 
 3.05025000e-08  2.44722553e+00 
 3.05075000e-08  2.62331022e+00 
 3.05175000e-08  2.88311985e+00 
 3.05337500e-08  3.11804856e+00 
 3.05500000e-08  3.21508564e+00 
 3.05525000e-08  3.22246048e+00 
 3.05575000e-08  3.23554749e+00 
 3.05675000e-08  3.25402728e+00 
 3.05837500e-08  3.27152658e+00 
 3.06000000e-08  3.28123244e+00 
 3.06025000e-08  3.28230010e+00 
 3.06075000e-08  3.28430760e+00 
 3.06175000e-08  3.28763084e+00 
 3.06337500e-08  3.29150725e+00 
 3.06500000e-08  3.29402715e+00 
 3.06525000e-08  3.29431337e+00 
 3.06575000e-08  3.29485114e+00 
 3.06675000e-08  3.29574262e+00 
 3.06837500e-08  3.29679520e+00 
 3.07000000e-08  3.29750441e+00 
 3.07025000e-08  3.29758861e+00 
 3.07075000e-08  3.29774888e+00 
 3.07175000e-08  3.29802648e+00 
 3.07337500e-08  3.29838497e+00 
 3.07500000e-08  3.29866019e+00 
 3.07525000e-08  3.29869528e+00 
 3.07575000e-08  3.29876078e+00 
 3.07675000e-08  3.29887498e+00 
 3.07837500e-08  3.29904563e+00 
 3.08000000e-08  3.29923063e+00 
 3.08025000e-08  3.29926007e+00 
 3.08075000e-08  3.29931753e+00 
 3.08175000e-08  3.29942508e+00 
 3.08337500e-08  3.29957340e+00 
 3.08500000e-08  3.29969071e+00 
 3.08525000e-08  3.29970582e+00 
 3.08575000e-08  3.29973416e+00 
 3.08675000e-08  3.29978251e+00 
 3.08837500e-08  3.29984134e+00 
 3.09000000e-08  3.29987979e+00 
 3.09025000e-08  3.29988401e+00 
 3.09075000e-08  3.29989146e+00 
 3.09175000e-08  3.29990298e+00 
 3.09337500e-08  3.29991604e+00 
 3.09500000e-08  3.29992443e+00 
 3.09525000e-08  3.29992574e+00 
 3.09575000e-08  3.29992825e+00 
 3.09675000e-08  3.29993343e+00 
 3.09837500e-08  3.29994115e+00 
 3.10000000e-08  3.29994864e+00 
 3.10025000e-08  3.29994971e+00 
 3.10075000e-08  3.29995182e+00 
 3.10175000e-08  3.29995720e+00 
 3.10337500e-08  3.29997184e+00 
 3.10500000e-08  3.29998115e+00 
 3.10525000e-08  3.29998067e+00 
 3.10575000e-08  3.29997950e+00 
 3.10675000e-08  3.29997515e+00 
 3.10837500e-08  3.29996444e+00 
 3.11000000e-08  3.29995281e+00 
 3.11025000e-08  3.29995116e+00 
 3.11075000e-08  3.29994780e+00 
 3.11175000e-08  3.29994150e+00 
 3.11337500e-08  3.29993345e+00 
 3.11500000e-08  3.29992823e+00 
 3.11525000e-08  3.29992769e+00 
 3.11575000e-08  3.29992657e+00 
 3.11675000e-08  3.29992458e+00 
 3.11837500e-08  3.29992122e+00 
 3.12000000e-08  3.29991915e+00 
 3.12025000e-08  3.29991933e+00 
 3.12075000e-08  3.29991975e+00 
 3.12175000e-08  3.29992227e+00 
 3.12337500e-08  3.29992943e+00 
 3.12500000e-08  3.29993957e+00 
 3.12525000e-08  3.29994146e+00 
 3.12575000e-08  3.29994530e+00 
 3.12675000e-08  3.29995434e+00 
 3.12837500e-08  3.29997230e+00 
 3.13000000e-08  3.29999013e+00 
 3.13025000e-08  3.29999236e+00 
 3.13075000e-08  3.29999605e+00 
 3.13175000e-08  3.30000152e+00 
 3.13337500e-08  3.30000492e+00 
 3.13500000e-08  3.29999944e+00 
 3.13525000e-08  3.29999855e+00 
 3.13575000e-08  3.29999661e+00 
 3.13675000e-08  3.29999262e+00 
 3.13837500e-08  3.29998695e+00 
 3.14000000e-08  3.29998197e+00 
 3.14025000e-08  3.29998113e+00 
 3.14075000e-08  3.29997949e+00 
 3.14175000e-08  3.29997438e+00 
 3.14337500e-08  3.29996162e+00 
 3.14500000e-08  3.29995351e+00 
 3.14525000e-08  3.29995395e+00 
 3.14575000e-08  3.29995502e+00 
 3.14675000e-08  3.29995781e+00 
 3.14837500e-08  3.29996801e+00 
 3.15000000e-08  3.29998964e+00 
 3.15025000e-08  3.29999445e+00 
 3.15075000e-08  3.30000597e+00 
 3.15175000e-08  3.30003145e+00 
 3.15337500e-08  3.30005610e+00 
 3.15500000e-08  3.30003862e+00 
 3.15525000e-08  3.30003063e+00 
 3.15575000e-08  3.30001200e+00 
 3.15675000e-08  3.29996520e+00 
 3.15837500e-08  3.29987399e+00 
 3.16000000e-08  3.29979468e+00 
 3.16025000e-08  3.29978506e+00 
 3.16075000e-08  3.29976605e+00 
 3.16175000e-08  3.29973824e+00 
 3.16337500e-08  3.29972417e+00 
 3.16500000e-08  3.29974233e+00 
 3.16525000e-08  3.29974806e+00 
 3.16575000e-08  3.29976106e+00 
 3.16675000e-08  3.29980299e+00 
 3.16837500e-08  3.29985574e+00 
 3.17000000e-08  3.29988939e+00 
 3.17025000e-08  3.29989274e+00 
 3.17075000e-08  3.29989879e+00 
 3.17175000e-08  3.29991413e+00 
 3.17337500e-08  3.29994717e+00 
 3.17500000e-08  3.29998113e+00 
 3.17525000e-08  3.29998532e+00 
 3.17575000e-08  3.29999229e+00 
 3.17675000e-08  3.30000079e+00 
 3.17837500e-08  3.30000463e+00 
 3.18000000e-08  3.29999815e+00 
 3.18025000e-08  3.29999679e+00 
 3.18075000e-08  3.29999350e+00 
 3.18175000e-08  3.29998487e+00 
 3.18337500e-08  3.29996372e+00 
 3.18500000e-08  3.29993070e+00 
 3.18525000e-08  3.29992438e+00 
 3.18575000e-08  3.29990974e+00 
 3.18675000e-08  3.29987421e+00 
 3.18837500e-08  3.29979766e+00 
 3.19000000e-08  3.29970888e+00 
 3.19025000e-08  3.29969757e+00 
 3.19075000e-08  3.29967603e+00 
 3.19175000e-08  3.29964868e+00 
 3.19337500e-08  3.29964261e+00 
 3.19500000e-08  3.29966976e+00 
 3.19525000e-08  3.29967676e+00 
 3.19575000e-08  3.29969087e+00 
 3.19675000e-08  3.29972655e+00 
 3.19837500e-08  3.29981150e+00 
 3.20000000e-08  3.29995399e+00 
 3.20025000e-08  3.29998343e+00 
 3.20075000e-08  3.30005205e+00 
 3.20175000e-08  3.30021733e+00 
 3.20337500e-08  3.30054441e+00 
 3.20500000e-08  3.30092139e+00 
 3.20525000e-08  3.30098169e+00 
 3.20575000e-08  3.30110280e+00 
 3.20675000e-08  3.30133480e+00 
 3.20837500e-08  3.30170053e+00 
 3.21000000e-08  3.30206786e+00 
 3.21025000e-08  3.30212395e+00 
 3.21075000e-08  3.30223881e+00 
 3.21175000e-08  3.30247664e+00 
 3.21337500e-08  3.30286904e+00 
 3.21500000e-08  3.30327341e+00 
 3.21525000e-08  3.30333687e+00 
 3.21575000e-08  3.30346572e+00 
 3.21675000e-08  3.30372616e+00 
 3.21837500e-08  3.30412484e+00 
 3.22000000e-08  3.30445701e+00 
 3.22025000e-08  3.30449977e+00 
 3.22075000e-08  3.30458462e+00 
 3.22175000e-08  3.30475128e+00 
 3.22337500e-08  3.30503972e+00 
 3.22500000e-08  3.30538823e+00 
 3.22525000e-08  3.30544997e+00 
 3.22575000e-08  3.30557991e+00 
 3.22675000e-08  3.30587598e+00 
 3.22837500e-08  3.30646927e+00 
 3.23000000e-08  3.30723401e+00 
 3.23025000e-08  3.30737111e+00 
 3.23075000e-08  3.30766009e+00 
 3.23175000e-08  3.30831849e+00 
 3.23337500e-08  3.30966489e+00 
 3.23500000e-08  3.31148854e+00 
 3.23525000e-08  3.31182690e+00 
 3.23575000e-08  3.31255260e+00 
 3.23675000e-08  3.31423830e+00 
 3.23837500e-08  3.31745394e+00 
 3.24000000e-08  3.31959201e+00 
 3.24025000e-08  3.31956487e+00 
 3.24075000e-08  3.31912983e+00 
 3.24175000e-08  3.31540784e+00 
 3.24337500e-08  3.29865342e+00 
 3.24500000e-08  3.26799459e+00 
 3.24525000e-08  3.26139514e+00 
 3.24575000e-08  3.24724598e+00 
 3.24675000e-08  3.21300071e+00 
 3.24837500e-08  3.13786110e+00 
 3.25000000e-08  3.03046193e+00 
 3.25025000e-08  3.00973351e+00 
 3.25075000e-08  2.96521603e+00 
 3.25175000e-08  2.85330508e+00 
 3.25337500e-08  2.53375980e+00 
 3.25500000e-08  1.99149107e+00 
 3.25525000e-08  1.88538286e+00 
 3.25575000e-08  1.66334042e+00 
 3.25675000e-08  1.17065017e+00 
 3.25837500e-08  4.72006940e-01 
 3.26000000e-08  1.21086911e-01 
 3.26018326e-08  1.07229944e-01 
 3.26054977e-08  8.34164895e-02 
 3.26128279e-08  5.35436841e-02 
 3.26274883e-08  2.76956028e-02 
 3.26500000e-08  1.43667192e-02 
 3.26525000e-08  1.36255207e-02 
 3.26575000e-08  1.21687739e-02 
 3.26675000e-08  9.59826819e-03 
 3.26837500e-08  6.43163816e-03 
 3.27000000e-08  4.26855789e-03 
 3.27025000e-08  4.01245191e-03 
 3.27075000e-08  3.53012583e-03 
 3.27175000e-08  2.72442060e-03 
 3.27337500e-08  1.77283777e-03 
 3.27500000e-08  1.15117767e-03 
 3.27525000e-08  1.08053834e-03 
 3.27575000e-08  9.48730550e-04 
 3.27675000e-08  7.33345253e-04 
 3.27837500e-08  4.88453268e-04 
 3.28000000e-08  3.34733747e-04 
 3.28025000e-08  3.17421096e-04 
 3.28075000e-08  2.85239998e-04 
 3.28175000e-08  2.32425831e-04 
 3.28337500e-08  1.71030458e-04 
 3.28500000e-08  1.30696288e-04 
 3.28525000e-08  1.26009405e-04 
 3.28575000e-08  1.17216937e-04 
 3.28675000e-08  1.02488251e-04 
 3.28837500e-08  8.44158224e-05 
 3.29000000e-08  7.12502869e-05 
 3.29025000e-08  6.95410346e-05 
 3.29075000e-08  6.62169655e-05 
 3.29175000e-08  6.00316623e-05 
 3.29337500e-08  5.12130285e-05 
 3.29500000e-08  4.35490106e-05 
 3.29525000e-08  4.24234975e-05 
 3.29575000e-08  4.00758219e-05 
 3.29675000e-08  3.58033678e-05 
 3.29837500e-08  3.03898215e-05 
 3.30000000e-08  2.39015016e-05 
 3.30025000e-08  2.24767444e-05 
 3.30075000e-08  1.93689113e-05 
 3.30175000e-08  1.37274264e-05 
 3.30337500e-08  8.22233860e-06 
 3.30500000e-08  7.35055040e-06 
 3.30525000e-08  7.42005359e-06 
 3.30575000e-08  7.40557740e-06 
 3.30675000e-08  7.37259322e-06 
 3.30837500e-08  7.71661931e-06 
 3.31000000e-08  8.49491944e-06 
 3.31025000e-08  8.71190689e-06 
 3.31075000e-08  9.10799477e-06 
 3.31175000e-08  1.00305694e-05 
 3.31337500e-08  1.06758941e-05 
 3.31500000e-08  8.76500362e-06 
 3.31525000e-08  8.25406671e-06 
 3.31575000e-08  7.09035404e-06 
 3.31675000e-08  4.11003107e-06 
 3.31837500e-08 -1.78381750e-06 
 3.32000000e-08 -6.50996000e-06 
 3.32025000e-08 -6.76466312e-06 
 3.32075000e-08 -7.37185096e-06 
 3.32175000e-08 -8.36199453e-06 
 3.32337500e-08 -8.09496469e-06 
 3.32500000e-08 -5.54124876e-06 
 3.32525000e-08 -4.89944740e-06 
 3.32575000e-08 -3.34399576e-06 
 3.32675000e-08  1.11291324e-06 
 3.32837500e-08  5.37439644e-06 
 3.33000000e-08  9.35318191e-06 
 3.33025000e-08  9.89195006e-06 
 3.33075000e-08  1.07130652e-05 
 3.33175000e-08  1.15604657e-05 
 3.33337500e-08  1.20295738e-05 
 3.33500000e-08  1.16849607e-05 
 3.33525000e-08  1.15638455e-05 
 3.33575000e-08  1.12533314e-05 
 3.33675000e-08  1.03374299e-05 
 3.33837500e-08  8.13858777e-06 
 3.34000000e-08  5.12021032e-06 
 3.34025000e-08  4.69881238e-06 
 3.34075000e-08  3.67918414e-06 
 3.34175000e-08  2.14404490e-06 
 3.34337500e-08 -8.83851486e-07 
 3.34500000e-08 -5.91395021e-06 
 3.34525000e-08 -7.00247091e-06 
 3.34575000e-08 -9.78002457e-06 
 3.34675000e-08 -1.60031981e-05 
 3.34837500e-08 -2.48960782e-05 
 3.35000000e-08 -2.71707184e-05 
 3.35025000e-08 -2.64957674e-05 
 3.35075000e-08 -2.52240386e-05 
 3.35175000e-08 -2.06989785e-05 
 3.35337500e-08 -8.27444072e-06 
 3.35500000e-08  1.38948558e-05 
 3.35525000e-08  1.85961432e-05 
 3.35575000e-08  2.86775459e-05 
 3.35675000e-08  5.16209039e-05 
 3.35837500e-08  8.79616333e-05 
 3.36000000e-08  1.20475216e-04 
 3.36025000e-08  1.22462745e-04 
 3.36075000e-08  1.25945811e-04 
 3.36175000e-08  1.30038675e-04 
 3.36337500e-08  1.26827783e-04 
 3.36500000e-08  1.14888391e-04 
 3.36525000e-08  1.12788424e-04 
 3.36575000e-08  1.08974279e-04 
 3.36675000e-08  1.03568402e-04 
 3.36837500e-08  9.10821728e-05 
 3.37000000e-08  6.86958282e-05 
 3.37025000e-08  6.26505915e-05 
 3.37075000e-08  5.06530023e-05 
 3.37175000e-08  2.66025586e-05 
 3.37337500e-08 -3.13731305e-06 
 3.37500000e-08 -1.37307806e-05 
 3.37525000e-08 -1.32003383e-05 
 3.37575000e-08 -1.08207998e-05 
 3.37675000e-08 -6.79715839e-07 
 3.37837500e-08  2.90729177e-05 
 3.38000000e-08  8.15366645e-05 
 3.38025000e-08  9.14416110e-05 
 3.38075000e-08  1.13012108e-04 
 3.38175000e-08  1.53770522e-04 
 3.38337500e-08  1.91903200e-04 
 3.38500000e-08  1.71198628e-04 
 3.38525000e-08  1.59816924e-04 
 3.38575000e-08  1.31385905e-04 
 3.38675000e-08  3.26061633e-05 
 3.38837500e-08 -2.75356953e-04 
 3.39000000e-08 -7.51696276e-04 
 3.39025000e-08 -8.38260363e-04 
 3.39075000e-08 -1.01170646e-03 
 3.39175000e-08 -1.30696650e-03 
 3.39337500e-08 -1.89018285e-03 
 3.39500000e-08 -2.45462056e-03 
 3.39525000e-08 -2.53644785e-03 
 3.39575000e-08 -2.69893969e-03 
 3.39675000e-08 -3.01576016e-03 
 3.39837500e-08 -3.51665542e-03 
 3.40000000e-08 -4.01813411e-03 
 3.40025000e-08 -4.09607606e-03 
 3.40075000e-08 -4.25523107e-03 
 3.40175000e-08 -4.58007009e-03 
 3.40337500e-08 -5.15449275e-03 
 3.40500000e-08 -5.80346532e-03 
 3.40525000e-08 -5.91001134e-03 
 3.40575000e-08 -6.13723994e-03 
 3.40675000e-08 -6.62474700e-03 
 3.40837500e-08 -7.55924712e-03 
 3.41000000e-08 -8.79503945e-03 
 3.41025000e-08 -9.01362884e-03 
 3.41075000e-08 -9.50295059e-03 
 3.41175000e-08 -1.05685678e-02 
 3.41337500e-08 -1.23670429e-02 
 3.41500000e-08 -1.31928489e-02 
 3.41525000e-08 -1.30657776e-02 
 3.41575000e-08 -1.25982683e-02 
 3.41675000e-08 -1.00459596e-02 
 3.41837500e-08 -1.00873399e-04 
 3.42000000e-08  1.79655958e-02 
 3.42025000e-08  2.17916689e-02 
 3.42075000e-08  3.00215888e-02 
 3.42175000e-08  5.01839758e-02 
 3.42337500e-08  9.55866966e-02 
 3.42500000e-08  1.62538464e-01 
 3.42525000e-08  1.75628324e-01 
 3.42575000e-08  2.03725825e-01 
 3.42675000e-08  2.73548320e-01 
 3.42837500e-08  4.53521495e-01 
 3.43000000e-08  7.99214191e-01 
 3.43025000e-08  8.73963983e-01 
 3.43075000e-08  1.03341835e+00 
 3.43175000e-08  1.40876424e+00 
 3.43337500e-08  2.13366140e+00 
 3.43500000e-08  2.72754716e+00 
 3.43525000e-08  2.78998323e+00 
 3.43575000e-08  2.90124320e+00 
 3.43675000e-08  3.05876819e+00 
 3.43837500e-08  3.19233930e+00 
 3.44000000e-08  3.24452035e+00 
 3.44025000e-08  3.24858559e+00 
 3.44075000e-08  3.25594800e+00 
 3.44175000e-08  3.26701645e+00 
 3.44337500e-08  3.27862088e+00 
 3.44500000e-08  3.28568332e+00 
 3.44525000e-08  3.28647776e+00 
 3.44575000e-08  3.28797132e+00 
 3.44675000e-08  3.29044411e+00 
 3.44837500e-08  3.29333021e+00 
 3.45000000e-08  3.29520959e+00 
 3.45025000e-08  3.29542386e+00 
 3.45075000e-08  3.29582748e+00 
 3.45175000e-08  3.29650141e+00 
 3.45337500e-08  3.29730671e+00 
 3.45500000e-08  3.29786102e+00 
 3.45525000e-08  3.29792793e+00 
 3.45575000e-08  3.29805567e+00 
 3.45675000e-08  3.29827981e+00 
 3.45837500e-08  3.29857690e+00 
 3.46000000e-08  3.29880440e+00 
 3.46025000e-08  3.29883298e+00 
 3.46075000e-08  3.29888658e+00 
 3.46175000e-08  3.29899262e+00 
 3.46337500e-08  3.29917686e+00 
 3.46500000e-08  3.29936320e+00 
 3.46525000e-08  3.29938970e+00 
 3.46575000e-08  3.29944031e+00 
 3.46675000e-08  3.29953082e+00 
 3.46837500e-08  3.29965294e+00 
 3.47000000e-08  3.29974917e+00 
 3.47025000e-08  3.29976144e+00 
 3.47075000e-08  3.29978471e+00 
 3.47175000e-08  3.29982470e+00 
 3.47337500e-08  3.29987178e+00 
 3.47500000e-08  3.29990083e+00 
 3.47525000e-08  3.29990392e+00 
 3.47575000e-08  3.29990918e+00 
 3.47675000e-08  3.29991742e+00 
 3.47837500e-08  3.29992609e+00 
 3.48000000e-08  3.29993148e+00 
 3.48025000e-08  3.29993225e+00 
 3.48075000e-08  3.29993339e+00 
 3.48175000e-08  3.29993598e+00 
 3.48337500e-08  3.29994148e+00 
 3.48500000e-08  3.29994879e+00 
 3.48525000e-08  3.29995062e+00 
 3.48575000e-08  3.29995522e+00 
 3.48675000e-08  3.29996626e+00 
 3.48837500e-08  3.29997975e+00 
 3.49000000e-08  3.29997800e+00 
 3.49025000e-08  3.29997643e+00 
 3.49075000e-08  3.29997334e+00 
 3.49175000e-08  3.29996685e+00 
 3.49337500e-08  3.29995586e+00 
 3.49500000e-08  3.29994583e+00 
 3.49525000e-08  3.29994451e+00 
 3.49575000e-08  3.29994183e+00 
 3.49675000e-08  3.29993690e+00 
 3.49837500e-08  3.29993069e+00 
 3.50000000e-08  3.29992655e+00 
 3.50025000e-08  3.29992602e+00 
 3.50075000e-08  3.29992478e+00 
 3.50175000e-08  3.29992183e+00 
 3.50337500e-08  3.29991794e+00 
 3.50500000e-08  3.29991816e+00 
 3.50525000e-08  3.29991880e+00 
 3.50575000e-08  3.29992029e+00 
 3.50675000e-08  3.29992496e+00 
 3.50837500e-08  3.29993499e+00 
 3.51000000e-08  3.29994827e+00 
 3.51025000e-08  3.29995083e+00 
 3.51075000e-08  3.29995623e+00 
 3.51175000e-08  3.29996847e+00 
 3.51337500e-08  3.29998825e+00 
 3.51500000e-08  3.30000243e+00 
 3.51525000e-08  3.30000370e+00 
 3.51575000e-08  3.30000567e+00 
 3.51675000e-08  3.30000701e+00 
 3.51837500e-08  3.30000257e+00 
 3.52000000e-08  3.29999540e+00 
 3.52025000e-08  3.29999428e+00 
 3.52075000e-08  3.29999230e+00 
 3.52175000e-08  3.29998897e+00 
 3.52337500e-08  3.29998371e+00 
 3.52500000e-08  3.29997716e+00 
 3.52525000e-08  3.29997557e+00 
 3.52575000e-08  3.29997227e+00 
 3.52675000e-08  3.29996452e+00 
 3.52837500e-08  3.29995472e+00 
 3.53000000e-08  3.29995812e+00 
 3.53025000e-08  3.29995863e+00 
 3.53075000e-08  3.29996006e+00 
 3.53175000e-08  3.29996424e+00 
 3.53337500e-08  3.29998077e+00 
 3.53500000e-08  3.30001436e+00 
 3.53525000e-08  3.30002065e+00 
 3.53575000e-08  3.30003296e+00 
 3.53675000e-08  3.30005001e+00 
 3.53837500e-08  3.30004403e+00 
 3.54000000e-08  3.29998866e+00 
 3.54025000e-08  3.29997688e+00 
 3.54075000e-08  3.29995166e+00 
 3.54175000e-08  3.29989533e+00 
 3.54337500e-08  3.29981126e+00 
 3.54500000e-08  3.29975221e+00 
 3.54525000e-08  3.29974588e+00 
 3.54575000e-08  3.29973580e+00 
 3.54675000e-08  3.29972768e+00 
 3.54837500e-08  3.29974028e+00 
 3.55000000e-08  3.29978266e+00 
 3.55025000e-08  3.29979286e+00 
 3.55075000e-08  3.29981197e+00 
 3.55175000e-08  3.29984459e+00 
 3.55337500e-08  3.29988410e+00 
 3.55500000e-08  3.29990447e+00 
 3.55525000e-08  3.29990836e+00 
 3.55575000e-08  3.29991616e+00 
 3.55675000e-08  3.29993565e+00 
 3.55837500e-08  3.29996904e+00 
 3.56000000e-08  3.29999443e+00 
 3.56025000e-08  3.29999708e+00 
 3.56075000e-08  3.30000155e+00 
 3.56175000e-08  3.30000622e+00 
 3.56337500e-08  3.30000317e+00 
 3.56500000e-08  3.29999057e+00 
 3.56525000e-08  3.29998829e+00 
 3.56575000e-08  3.29998299e+00 
 3.56675000e-08  3.29996984e+00 
 3.56837500e-08  3.29994012e+00 
 3.57000000e-08  3.29989497e+00 
 3.57025000e-08  3.29988620e+00 
 3.57075000e-08  3.29986585e+00 
 3.57175000e-08  3.29981805e+00 
 3.57337500e-08  3.29973038e+00 
 3.57500000e-08  3.29966243e+00 
 3.57525000e-08  3.29965726e+00 
 3.57575000e-08  3.29964835e+00 
 3.57675000e-08  3.29964396e+00 
 3.57837500e-08  3.29966263e+00 
 3.58000000e-08  3.29970448e+00 
 3.58025000e-08  3.29971352e+00 
 3.58075000e-08  3.29973238e+00 
 3.58175000e-08  3.29978160e+00 
 3.58337500e-08  3.29990652e+00 
 3.58500000e-08  3.30011965e+00 
 3.58525000e-08  3.30016288e+00 
 3.58575000e-08  3.30025299e+00 
 3.58675000e-08  3.30045450e+00 
 3.58837500e-08  3.30082373e+00 
 3.59000000e-08  3.30121245e+00 
 3.59025000e-08  3.30126963e+00 
 3.59075000e-08  3.30138528e+00 
 3.59175000e-08  3.30160587e+00 
 3.59337500e-08  3.30197556e+00 
 3.59500000e-08  3.30234977e+00 
 3.59525000e-08  3.30240909e+00 
 3.59575000e-08  3.30252747e+00 
 3.59675000e-08  3.30276521e+00 
 3.59837500e-08  3.30316237e+00 
 3.60000000e-08  3.30357979e+00 
 3.60025000e-08  3.30364523e+00 
 3.60075000e-08  3.30377739e+00 
 3.60175000e-08  3.30403231e+00 
 3.60337500e-08  3.30438776e+00 
 3.60500000e-08  3.30467285e+00 
 3.60525000e-08  3.30471194e+00 
 3.60575000e-08  3.30479165e+00 
 3.60675000e-08  3.30496141e+00 
 3.60837500e-08  3.30528594e+00 
 3.61000000e-08  3.30569960e+00 
 3.61025000e-08  3.30577357e+00 
 3.61075000e-08  3.30592908e+00 
 3.61175000e-08  3.30628281e+00 
 3.61337500e-08  3.30699328e+00 
 3.61500000e-08  3.30791706e+00 
 3.61525000e-08  3.30808333e+00 
 3.61575000e-08  3.30843510e+00 
 3.61675000e-08  3.30924345e+00 
 3.61837500e-08  3.31092544e+00 
 3.62000000e-08  3.31325116e+00 
 3.62025000e-08  3.31368450e+00 
 3.62075000e-08  3.31460763e+00 
 3.62175000e-08  3.31663679e+00 
 3.62337500e-08  3.31939887e+00 
 3.62500000e-08  3.31786152e+00 
 3.62525000e-08  3.31680505e+00 
 3.62575000e-08  3.31407097e+00 
 3.62675000e-08  3.30450666e+00 
 3.62837500e-08  3.27769171e+00 
 3.63000000e-08  3.23298547e+00 
 3.63025000e-08  3.22404975e+00 
 3.63075000e-08  3.20508488e+00 
 3.63175000e-08  3.16012870e+00 
 3.63337500e-08  3.06240205e+00 
 3.63500000e-08  2.91842004e+00 
 3.63525000e-08  2.88943553e+00 
 3.63575000e-08  2.82511049e+00 
 3.63675000e-08  2.64400827e+00 
 3.63837500e-08  2.16016700e+00 
 3.64000000e-08  1.45766014e+00 
 3.64025000e-08  1.33055626e+00 
 3.64075000e-08  1.07247572e+00 
 3.64175000e-08  6.07561970e-01 
 3.64337500e-08  1.70685945e-01 
 3.64500000e-08  4.84827652e-02 
 3.64516301e-08  4.55285707e-02 
 3.64548903e-08  4.01574827e-02 
 3.64614108e-08  3.20480148e-02 
 3.64744517e-08  2.13807309e-02 
 3.64872259e-08  1.51628906e-02 
 3.65000000e-08  1.10147516e-02 
 3.65025000e-08  1.03854264e-02 
 3.65075000e-08  9.19073015e-03 
 3.65175000e-08  7.18472804e-03 
 3.65337500e-08  4.77912081e-03 
 3.65500000e-08  3.14422125e-03 
 3.65525000e-08  2.95254131e-03 
 3.65575000e-08  2.59226392e-03 
 3.65675000e-08  1.99370475e-03 
 3.65837500e-08  1.29388974e-03 
 3.66000000e-08  8.42850242e-04 
 3.66025000e-08  7.92186654e-04 
 3.66075000e-08  6.98047599e-04 
 3.66175000e-08  5.45156076e-04 
 3.66337500e-08  3.71794276e-04 
 3.66500000e-08  2.61588592e-04 
 3.66525000e-08  2.48935699e-04 
 3.66575000e-08  2.25222255e-04 
 3.66675000e-08  1.85802484e-04 
 3.66837500e-08  1.39517788e-04 
 3.67000000e-08  1.08853876e-04 
 3.67025000e-08  1.05286541e-04 
 3.67075000e-08  9.86054628e-05 
 3.67175000e-08  8.74312595e-05 
 3.67337500e-08  7.34811004e-05 
 3.67500000e-08  6.28344711e-05 
 3.67525000e-08  6.14283098e-05 
 3.67575000e-08  5.86952979e-05 
 3.67675000e-08  5.37605614e-05 
 3.67837500e-08  4.64496341e-05 
 3.68000000e-08  3.95017928e-05 
 3.68025000e-08  3.84931743e-05 
 3.68075000e-08  3.64627649e-05 
 3.68175000e-08  3.28879823e-05 
 3.68337500e-08  2.66154027e-05 
 3.68500000e-08  1.66759405e-05 
 3.68525000e-08  1.51995018e-05 
 3.68575000e-08  1.23395998e-05 
 3.68675000e-08  8.59410514e-06 
 3.68837500e-08  6.56379711e-06 
 3.69000000e-08  7.34672259e-06 
 3.69025000e-08  7.57935568e-06 
 3.69075000e-08  7.92464956e-06 
 3.69175000e-08  8.57819035e-06 
 3.69337500e-08  9.56891626e-06 
 3.69500000e-08  1.07349793e-05 
 3.69525000e-08  1.10013071e-05 
 3.69575000e-08  1.14643116e-05 
 3.69675000e-08  1.20629284e-05 
 3.69837500e-08  1.08557109e-05 
 3.70000000e-08  6.38443723e-06 
 3.70025000e-08  5.35213065e-06 
 3.70075000e-08  3.07055234e-06 
 3.70175000e-08 -1.82099638e-06 
 3.70337500e-08 -8.06817022e-06 
 3.70500000e-08 -9.98955586e-06 
 3.70525000e-08 -9.96881115e-06 
 3.70575000e-08 -9.79933439e-06 
 3.70675000e-08 -8.79290002e-06 
 3.70837500e-08 -5.85887960e-06 
 3.71000000e-08 -1.03591891e-06 
 3.71025000e-08 -1.59837760e-08 
 3.71075000e-08  1.64279029e-06 
 3.71175000e-08  4.33425248e-06 
 3.71337500e-08  8.16627621e-06 
 3.71500000e-08  1.13096119e-05 
 3.71525000e-08  1.15656580e-05 
 3.71575000e-08  1.18789121e-05 
 3.71675000e-08  1.20184585e-05 
 3.71837500e-08  1.16486327e-05 
 3.72000000e-08  1.04498792e-05 
 3.72025000e-08  1.02668088e-05 
 3.72075000e-08  9.91458173e-06 
 3.72175000e-08  9.15409719e-06 
 3.72337500e-08  7.09012257e-06 
 3.72500000e-08  3.95404719e-06 
 3.72525000e-08  3.37577713e-06 
 3.72575000e-08  2.07939029e-06 
 3.72675000e-08 -7.92246016e-07 
 3.72837500e-08 -6.36979984e-06 
 3.73000000e-08 -1.40310176e-05 
 3.73025000e-08 -1.54313662e-05 
 3.73075000e-08 -1.88056808e-05 
 3.73175000e-08 -2.44547656e-05 
 3.73337500e-08 -2.79709414e-05 
 3.73500000e-08 -2.39685876e-05 
 3.73525000e-08 -2.23677786e-05 
 3.73575000e-08 -1.90927361e-05 
 3.73675000e-08 -1.02122347e-05 
 3.73837500e-08  1.08241003e-05 
 3.74000000e-08  4.24357353e-05 
 3.74025000e-08  4.80918169e-05 
 3.74075000e-08  5.93012342e-05 
 3.74175000e-08  8.06484975e-05 
 3.74337500e-08  1.12934930e-04 
 3.74500000e-08  1.26783803e-04 
 3.74525000e-08  1.27498052e-04 
 3.74575000e-08  1.28568053e-04 
 3.74675000e-08  1.26629969e-04 
 3.74837500e-08  1.16910457e-04 
 3.75000000e-08  1.06316829e-04 
 3.75025000e-08  1.05184632e-04 
 3.75075000e-08  1.03023665e-04 
 3.75175000e-08  9.71365450e-05 
 3.75337500e-08  7.73617752e-05 
 3.75500000e-08  3.97745266e-05 
 3.75525000e-08  3.28973799e-05 
 3.75575000e-08  2.02843052e-05 
 3.75675000e-08  7.28837758e-07 
 3.75837500e-08 -1.43474089e-05 
 3.76000000e-08 -7.80408584e-06 
 3.76025000e-08 -5.09039982e-06 
 3.76075000e-08  1.65203915e-06 
 3.76175000e-08  1.99386634e-05 
 3.76337500e-08  6.63893836e-05 
 3.76500000e-08  1.32146342e-04 
 3.76525000e-08  1.41689818e-04 
 3.76575000e-08  1.60228743e-04 
 3.76675000e-08  1.85446956e-04 
 3.76837500e-08  1.81801316e-04 
 3.77000000e-08  9.24235600e-05 
 3.77025000e-08  6.63947272e-05 
 3.77075000e-08  5.78391223e-06 
 3.77175000e-08 -1.78217788e-04 
 3.77337500e-08 -6.15939668e-04 
 3.77500000e-08 -1.15587059e-03 
 3.77525000e-08 -1.23151049e-03 
 3.77575000e-08 -1.39272657e-03 
 3.77675000e-08 -1.74651804e-03 
 3.77837500e-08 -2.32072108e-03 
 3.78000000e-08 -2.85852601e-03 
 3.78025000e-08 -2.93709197e-03 
 3.78075000e-08 -3.09396164e-03 
 3.78175000e-08 -3.40368976e-03 
 3.78337500e-08 -3.90634046e-03 
 3.78500000e-08 -4.42956066e-03 
 3.78525000e-08 -4.51080730e-03 
 3.78575000e-08 -4.67974605e-03 
 3.78675000e-08 -5.03529806e-03 
 3.78837500e-08 -5.66452465e-03 
 3.79000000e-08 -6.38770982e-03 
 3.79025000e-08 -6.50780104e-03 
 3.79075000e-08 -6.76857843e-03 
 3.79175000e-08 -7.33908590e-03 
 3.79337500e-08 -8.47925526e-03 
 3.79500000e-08 -9.99918214e-03 
 3.79525000e-08 -1.02576326e-02 
 3.79575000e-08 -1.08230375e-02 
 3.79675000e-08 -1.19544561e-02 
 3.79837500e-08 -1.31642530e-02 
 3.80000000e-08 -1.15423276e-02 
 3.80025000e-08 -1.08032303e-02 
 3.80075000e-08 -8.99132207e-03 
 3.80175000e-08 -3.17781424e-03 
 3.80337500e-08  1.28178100e-02 
 3.80500000e-08  3.92456031e-02 
 3.80525000e-08  4.45309985e-02 
 3.80575000e-08  5.58200998e-02 
 3.80675000e-08  8.30658894e-02 
 3.80837500e-08  1.43979201e-01 
 3.81000000e-08  2.35525197e-01 
 3.81025000e-08  2.53834767e-01 
 3.81075000e-08  2.93635732e-01 
 3.81175000e-08  3.97629286e-01 
 3.81337500e-08  6.97601616e-01 
 3.81500000e-08  1.20218570e+00 
 3.81525000e-08  1.30063865e+00 
 3.81575000e-08  1.50632934e+00 
 3.81675000e-08  1.95902828e+00 
 3.81837500e-08  2.61126464e+00 
 3.82000000e-08  2.99230043e+00 
 3.82025000e-08  3.02617004e+00 
 3.82075000e-08  3.08606220e+00 
 3.82175000e-08  3.16843377e+00 
 3.82337500e-08  3.23580613e+00 
 3.82500000e-08  3.26252723e+00 
 3.82525000e-08  3.26490490e+00 
 3.82575000e-08  3.26930808e+00 
 3.82675000e-08  3.27633308e+00 
 3.82837500e-08  3.28425263e+00 
 3.83000000e-08  3.28931216e+00 
 3.83025000e-08  3.28988541e+00 
 3.83075000e-08  3.29096237e+00 
 3.83175000e-08  3.29274385e+00 
 3.83337500e-08  3.29482463e+00 
 3.83500000e-08  3.29618665e+00 
 3.83525000e-08  3.29634355e+00 
 3.83575000e-08  3.29663986e+00 
 3.83675000e-08  3.29713890e+00 
 3.83837500e-08  3.29774656e+00 
 3.84000000e-08  3.29817860e+00 
 3.84025000e-08  3.29823216e+00 
 3.84075000e-08  3.29833483e+00 
 3.84175000e-08  3.29851762e+00 
 3.84337500e-08  3.29876117e+00 
 3.84500000e-08  3.29894433e+00 
 3.84525000e-08  3.29897103e+00 
 3.84575000e-08  3.29902402e+00 
 3.84675000e-08  3.29913609e+00 
 3.84837500e-08  3.29932160e+00 
 3.85000000e-08  3.29948868e+00 
 3.85025000e-08  3.29951111e+00 
 3.85075000e-08  3.29955375e+00 
 3.85175000e-08  3.29962991e+00 
 3.85337500e-08  3.29973237e+00 
 3.85500000e-08  3.29980754e+00 
 3.85525000e-08  3.29981673e+00 
 3.85575000e-08  3.29983372e+00 
 3.85675000e-08  3.29986152e+00 
 3.85837500e-08  3.29989281e+00 
 3.86000000e-08  3.29991197e+00 
 3.86025000e-08  3.29991426e+00 
 3.86075000e-08  3.29991821e+00 
 3.86175000e-08  3.29992449e+00 
 3.86337500e-08  3.29993150e+00 
 3.86500000e-08  3.29993614e+00 
 3.86525000e-08  3.29993698e+00 
 3.86575000e-08  3.29993900e+00 
 3.86675000e-08  3.29994308e+00 
 3.86837500e-08  3.29995044e+00 
 3.87000000e-08  3.29996381e+00 
 3.87025000e-08  3.29996664e+00 
 3.87075000e-08  3.29997259e+00 
 3.87175000e-08  3.29998116e+00 
 3.87337500e-08  3.29998239e+00 
 3.87500000e-08  3.29997173e+00 
 3.87525000e-08  3.29996969e+00 
 3.87575000e-08  3.29996572e+00 
 3.87675000e-08  3.29995834e+00 
 3.87837500e-08  3.29994770e+00 
 3.88000000e-08  3.29993920e+00 
 3.88025000e-08  3.29993809e+00 
 3.88075000e-08  3.29993575e+00 
 3.88175000e-08  3.29993127e+00 
 3.88337500e-08  3.29992590e+00 
 3.88500000e-08  3.29992237e+00 
 3.88525000e-08  3.29992181e+00 
 3.88575000e-08  3.29992051e+00 
 3.88675000e-08  3.29991842e+00 
 3.88837500e-08  3.29991756e+00 
 3.89000000e-08  3.29992079e+00 
 3.89025000e-08  3.29992199e+00 
 3.89075000e-08  3.29992463e+00 
 3.89175000e-08  3.29993145e+00 
 3.89337500e-08  3.29994506e+00 
 3.89500000e-08  3.29996254e+00 
 3.89525000e-08  3.29996554e+00 
 3.89575000e-08  3.29997145e+00 
 3.89675000e-08  3.29998273e+00 
 3.89837500e-08  3.29999696e+00 
 3.90000000e-08  3.30000404e+00 
 3.90025000e-08  3.30000447e+00 
 3.90075000e-08  3.30000516e+00 
 3.90175000e-08  3.30000355e+00 
 3.90337500e-08  3.29999877e+00 
 3.90500000e-08  3.29999347e+00 
 3.90525000e-08  3.29999267e+00 
 3.90575000e-08  3.29999098e+00 
 3.90675000e-08  3.29998722e+00 
 3.90837500e-08  3.29998024e+00 
 3.91000000e-08  3.29996922e+00 
 3.91025000e-08  3.29996688e+00 
 3.91075000e-08  3.29996242e+00 
 3.91175000e-08  3.29995501e+00 
 3.91337500e-08  3.29995687e+00 
 3.91500000e-08  3.29996387e+00 
 3.91525000e-08  3.29996494e+00 
 3.91575000e-08  3.29996791e+00 
 3.91675000e-08  3.29997802e+00 
 3.91837500e-08  3.30000742e+00 
 3.92000000e-08  3.30004424e+00 
 3.92025000e-08  3.30004768e+00 
 3.92075000e-08  3.30005244e+00 
 3.92175000e-08  3.30004808e+00 
 3.92337500e-08  3.30000231e+00 
 3.92500000e-08  3.29992351e+00 
 3.92525000e-08  3.29990904e+00 
 3.92575000e-08  3.29988057e+00 
 3.92675000e-08  3.29982889e+00 
 3.92837500e-08  3.29976749e+00 
 3.93000000e-08  3.29973121e+00 
 3.93025000e-08  3.29972962e+00 
 3.93075000e-08  3.29972812e+00 
 3.93175000e-08  3.29973374e+00 
 3.93337500e-08  3.29976451e+00 
 3.93500000e-08  3.29982733e+00 
 3.93525000e-08  3.29983494e+00 
 3.93575000e-08  3.29984917e+00 
 3.93675000e-08  3.29987368e+00 
 3.93837500e-08  3.29989837e+00 
 3.94000000e-08  3.29992292e+00 
 3.94025000e-08  3.29992933e+00 
 3.94075000e-08  3.29994127e+00 
 3.94175000e-08  3.29996223e+00 
 3.94337500e-08  3.29998740e+00 
 3.94500000e-08  3.30000087e+00 
 3.94525000e-08  3.30000207e+00 
 3.94575000e-08  3.30000385e+00 
 3.94675000e-08  3.30000454e+00 
 3.94837500e-08  3.29999705e+00 
 3.95000000e-08  3.29998055e+00 
 3.95025000e-08  3.29997719e+00 
 3.95075000e-08  3.29996940e+00 
 3.95175000e-08  3.29995019e+00 
 3.95337500e-08  3.29990770e+00 
 3.95500000e-08  3.29984410e+00 
 3.95525000e-08  3.29983234e+00 
 3.95575000e-08  3.29980590e+00 
 3.95675000e-08  3.29975025e+00 
 3.95837500e-08  3.29967489e+00 
 3.96000000e-08  3.29964409e+00 
 3.96025000e-08  3.29964472e+00 
 3.96075000e-08  3.29964644e+00 
 3.96175000e-08  3.29965832e+00 
 3.96337500e-08  3.29969505e+00 
 3.96500000e-08  3.29975611e+00 
 3.96525000e-08  3.29976898e+00 
 3.96575000e-08  3.29979677e+00 
 3.96675000e-08  3.29987076e+00 
 3.96837500e-08  3.30005478e+00 
 3.97000000e-08  3.30034434e+00 
 3.97025000e-08  3.30039674e+00 
 3.97075000e-08  3.30050412e+00 
 3.97175000e-08  3.30073260e+00 
 3.97337500e-08  3.30112197e+00 
 3.97500000e-08  3.30149223e+00 
 3.97525000e-08  3.30154631e+00 
 3.97575000e-08  3.30165712e+00 
 3.97675000e-08  3.30188040e+00 
 3.97837500e-08  3.30225129e+00 
 3.98000000e-08  3.30264304e+00 
 3.98025000e-08  3.30270368e+00 
 3.98075000e-08  3.30282560e+00 
 3.98175000e-08  3.30307395e+00 
 3.98337500e-08  3.30348897e+00 
 3.98500000e-08  3.30390893e+00 
 3.98525000e-08  3.30396978e+00 
 3.98575000e-08  3.30408947e+00 
 3.98675000e-08  3.30430629e+00 
 3.98837500e-08  3.30460199e+00 
 3.99000000e-08  3.30486947e+00 
 3.99025000e-08  3.30491142e+00 
 3.99075000e-08  3.30499898e+00 
 3.99175000e-08  3.30519623e+00 
 3.99337500e-08  3.30559240e+00 
 3.99500000e-08  3.30610654e+00 
 3.99525000e-08  3.30619882e+00 
 3.99575000e-08  3.30639292e+00 
 3.99675000e-08  3.30683312e+00 
 3.99837500e-08  3.30771461e+00 
 4.00000000e-08  3.30886751e+00 
 4.00025000e-08  3.30907681e+00 
 4.00075000e-08  3.30952170e+00 
 4.00175000e-08  3.31055190e+00 
 4.00337500e-08  3.31272144e+00 
 4.00500000e-08  3.31565420e+00 
 4.00525000e-08  3.31617036e+00 
 4.00575000e-08  3.31722018e+00 
 4.00675000e-08  3.31906364e+00 
 4.00837500e-08  3.31885216e+00 
 4.01000000e-08  3.30966196e+00 
 4.01025000e-08  3.30694257e+00 
 4.01075000e-08  3.30072177e+00 
 4.01175000e-08  3.28491806e+00 
 4.01337500e-08  3.24433276e+00 
 4.01500000e-08  3.18286409e+00 
 4.01525000e-08  3.17105317e+00 
 4.01575000e-08  3.14605185e+00 
 4.01675000e-08  3.08695181e+00 
 4.01837500e-08  2.95548826e+00 
 4.02000000e-08  2.73873057e+00 
 4.02025000e-08  2.68968935e+00 
 4.02075000e-08  2.57805442e+00 
 4.02175000e-08  2.28421676e+00 
 4.02337500e-08  1.62687422e+00 
 4.02500000e-08  8.31216256e-01 
 4.02525000e-08  7.15836890e-01 
 4.02575000e-08  5.10245790e-01 
 4.02675000e-08  2.35485236e-01 
 4.02837500e-08  6.05939960e-02 
 4.03000000e-08  2.92234218e-02 
 4.03019870e-08  2.78016263e-02 
 4.03059609e-08  2.49923163e-02 
 4.03139088e-08  2.01519276e-02 
 4.03298046e-08  1.32069266e-02 
 4.03500000e-08  7.99058753e-03 
 4.03525000e-08  7.53917348e-03 
 4.03575000e-08  6.68020381e-03 
 4.03675000e-08  5.21799766e-03 
 4.03837500e-08  3.44662924e-03 
 4.04000000e-08  2.24989654e-03 
 4.04025000e-08  2.11127417e-03 
 4.04075000e-08  1.85117343e-03 
 4.04175000e-08  1.42115485e-03 
 4.04337500e-08  9.23363937e-04 
 4.04500000e-08  6.06823381e-04 
 4.04525000e-08  5.71705766e-04 
 4.04575000e-08  5.06720882e-04 
 4.04675000e-08  4.01454483e-04 
 4.04837500e-08  2.81287384e-04 
 4.05000000e-08  2.03628363e-04 
 4.05025000e-08  1.94611346e-04 
 4.05075000e-08  1.77620601e-04 
 4.05175000e-08  1.49074422e-04 
 4.05337500e-08  1.15085293e-04 
 4.05500000e-08  9.22175389e-05 
 4.05525000e-08  8.95008087e-05 
 4.05575000e-08  8.43477039e-05 
 4.05675000e-08  7.55020012e-05 
 4.05837500e-08  6.40629529e-05 
 4.06000000e-08  5.48246695e-05 
 4.06025000e-08  5.36100864e-05 
 4.06075000e-08  5.13494697e-05 
 4.06175000e-08  4.73226138e-05 
 4.06337500e-08  4.08702028e-05 
 4.06500000e-08  3.51585376e-05 
 4.06525000e-08  3.43931530e-05 
 4.06575000e-08  3.28013221e-05 
 4.06675000e-08  2.87440591e-05 
 4.06837500e-08  1.89598917e-05 
 4.07000000e-08  8.88493972e-06 
 4.07025000e-08  8.21830951e-06 
 4.07075000e-08  7.08070737e-06 
 4.07175000e-08  6.34052558e-06 
 4.07337500e-08  7.29226480e-06 
 4.07500000e-08  8.98676794e-06 
 4.07525000e-08  9.20476657e-06 
 4.07575000e-08  9.45908293e-06 
 4.07675000e-08  9.80102031e-06 
 4.07837500e-08  1.04852609e-05 
 4.08000000e-08  1.13971292e-05 
 4.08025000e-08  1.15508760e-05 
 4.08075000e-08  1.17244167e-05 
 4.08175000e-08  1.14057280e-05 
 4.08337500e-08  8.22890186e-06 
 4.08500000e-08  2.18102237e-06 
 4.08525000e-08  1.06040656e-06 
 4.08575000e-08 -1.32071312e-06 
 4.08675000e-08 -5.61623737e-06 
 4.08837500e-08 -9.19841163e-06 
 4.09000000e-08 -9.60646267e-06 
 4.09025000e-08 -9.42274507e-06 
 4.09075000e-08 -8.98344925e-06 
 4.09175000e-08 -7.51180797e-06 
 4.09337500e-08 -3.52324601e-06 
 4.09500000e-08  2.56974795e-06 
 4.09525000e-08  3.09878508e-06 
 4.09575000e-08  4.20084460e-06 
 4.09675000e-08  6.56182311e-06 
 4.09837500e-08  1.02364310e-05 
 4.10000000e-08  1.19440533e-05 
 4.10025000e-08  1.21942985e-05 
 4.10075000e-08  1.27324081e-05 
 4.10175000e-08  1.36232877e-05 
 4.10337500e-08  1.35769544e-05 
 4.10500000e-08  1.18910350e-05 
 4.10525000e-08  1.14146525e-05 
 4.10575000e-08  1.02441722e-05 
 4.10675000e-08  7.46046135e-06 
 4.10837500e-08  2.86862059e-06 
 4.11000000e-08 -1.32457796e-06 
 4.11025000e-08 -1.78713069e-06 
 4.11075000e-08 -2.90663478e-06 
 4.11175000e-08 -5.48930457e-06 
 4.11337500e-08 -1.14234868e-05 
 4.11500000e-08 -2.01507972e-05 
 4.11525000e-08 -2.13083852e-05 
 4.11575000e-08 -2.37616173e-05 
 4.11675000e-08 -2.63205216e-05 
 4.11837500e-08 -2.44308141e-05 
 4.12000000e-08 -1.60173785e-05 
 4.12025000e-08 -1.38788889e-05 
 4.12075000e-08 -9.37344206e-06 
 4.12175000e-08  2.97722297e-06 
 4.12337500e-08  3.16758476e-05 
 4.12500000e-08  6.81082046e-05 
 4.12525000e-08  7.35584236e-05 
 4.12575000e-08  8.39344331e-05 
 4.12675000e-08  1.06029205e-04 
 4.12837500e-08  1.24246387e-04 
 4.13000000e-08  1.28856809e-04 
 4.13025000e-08  1.27622565e-04 
 4.13075000e-08  1.25181915e-04 
 4.13175000e-08  1.20848927e-04 
 4.13337500e-08  1.09738827e-04 
 4.13500000e-08  1.01690296e-04 
 4.13525000e-08  9.98288654e-05 
 4.13575000e-08  9.62363531e-05 
 4.13675000e-08  8.37453095e-05 
 4.13837500e-08  4.82765461e-05 
 4.14000000e-08  8.32196047e-06 
 4.14025000e-08  3.44960990e-06 
 4.14075000e-08 -4.81626473e-06 
 4.14175000e-08 -1.34381242e-05 
 4.14337500e-08 -1.02608786e-05 
 4.14500000e-08  1.04265194e-05 
 4.14525000e-08  1.51396542e-05 
 4.14575000e-08  2.63903336e-05 
 4.14675000e-08  5.53226894e-05 
 4.14837500e-08  1.18128707e-04 
 4.15000000e-08  1.77117993e-04 
 4.15025000e-08  1.82353062e-04 
 4.15075000e-08  1.90730292e-04 
 4.15175000e-08  1.89870721e-04 
 4.15337500e-08  1.24149113e-04 
 4.15500000e-08 -7.30877801e-05 
 4.15525000e-08 -1.22277250e-04 
 4.15575000e-08 -2.29985918e-04 
 4.15675000e-08 -4.98523182e-04 
 4.15837500e-08 -1.03660142e-03 
 4.16000000e-08 -1.54500751e-03 
 4.16025000e-08 -1.63876664e-03 
 4.16075000e-08 -1.82344042e-03 
 4.16175000e-08 -2.17830349e-03 
 4.16337500e-08 -2.72023712e-03 
 4.16500000e-08 -3.23174074e-03 
 4.16525000e-08 -3.30766283e-03 
 4.16575000e-08 -3.45979593e-03 
 4.16675000e-08 -3.76709425e-03 
 4.16837500e-08 -4.28123761e-03 
 4.17000000e-08 -4.82600311e-03 
 4.17025000e-08 -4.91518103e-03 
 4.17075000e-08 -5.10063494e-03 
 4.17175000e-08 -5.48967565e-03 
 4.17337500e-08 -6.18770347e-03 
 4.17500000e-08 -7.01764533e-03 
 4.17525000e-08 -7.15846158e-03 
 4.17575000e-08 -7.47040505e-03 
 4.17675000e-08 -8.16758760e-03 
 4.17837500e-08 -9.58286709e-03 
 4.18000000e-08 -1.13556448e-02 
 4.18025000e-08 -1.16287891e-02 
 4.18075000e-08 -1.21932261e-02 
 4.18175000e-08 -1.30579212e-02 
 4.18337500e-08 -1.24185480e-02 
 4.18500000e-08 -6.67399289e-03 
 4.18525000e-08 -5.08634069e-03 
 4.18575000e-08 -1.50343985e-03 
 4.18675000e-08  7.86511299e-03 
 4.18837500e-08  3.14984233e-02 
 4.19000000e-08  6.79364092e-02 
 4.19025000e-08  7.50475200e-02 
 4.19075000e-08  9.02032270e-02 
 4.19175000e-08  1.26696241e-01 
 4.19337500e-08  2.09570563e-01 
 4.19500000e-08  3.40308116e-01 
 4.19525000e-08  3.67673912e-01 
 4.19575000e-08  4.28903643e-01 
 4.19675000e-08  6.02573806e-01 
 4.19837500e-08  1.05718647e+00 
 4.20000000e-08  1.71029456e+00 
 4.20025000e-08  1.82730883e+00 
 4.20075000e-08  2.06372410e+00 
 4.20175000e-08  2.48900676e+00 
 4.20337500e-08  2.92831253e+00 
 4.20500000e-08  3.13690082e+00 
 4.20525000e-08  3.15374971e+00 
 4.20575000e-08  3.18340965e+00 
 4.20675000e-08  3.22370908e+00 
 4.20837500e-08  3.25760206e+00 
 4.21000000e-08  3.27317429e+00 
 4.21025000e-08  3.27475813e+00 
 4.21075000e-08  3.27772524e+00 
 4.21175000e-08  3.28259491e+00 
 4.21337500e-08  3.28823931e+00 
 4.21500000e-08  3.29190031e+00 
 4.21525000e-08  3.29231737e+00 
 4.21575000e-08  3.29310001e+00 
 4.21675000e-08  3.29439292e+00 
 4.21837500e-08  3.29590525e+00 
 4.22000000e-08  3.29690416e+00 
 4.22025000e-08  3.29702028e+00 
 4.22075000e-08  3.29723994e+00 
 4.22175000e-08  3.29761324e+00 
 4.22337500e-08  3.29807979e+00 
 4.22500000e-08  3.29842609e+00 
 4.22525000e-08  3.29847054e+00 
 4.22575000e-08  3.29855606e+00 
 4.22675000e-08  3.29870881e+00 
 4.22837500e-08  3.29890719e+00 
 4.23000000e-08  3.29908137e+00 
 4.23025000e-08  3.29911064e+00 
 4.23075000e-08  3.29916840e+00 
 4.23175000e-08  3.29928192e+00 
 4.23337500e-08  3.29945074e+00 
 4.23500000e-08  3.29959017e+00 
 4.23525000e-08  3.29960870e+00 
 4.23575000e-08  3.29964503e+00 
 4.23675000e-08  3.29970954e+00 
 4.23837500e-08  3.29979228e+00 
 4.24000000e-08  3.29985010e+00 
 4.24025000e-08  3.29985673e+00 
 4.24075000e-08  3.29986878e+00 
 4.24175000e-08  3.29988803e+00 
 4.24337500e-08  3.29990924e+00 
 4.24500000e-08  3.29992268e+00 
 4.24525000e-08  3.29992428e+00 
 4.24575000e-08  3.29992693e+00 
 4.24675000e-08  3.29993123e+00 
 4.24837500e-08  3.29993634e+00 
 4.25000000e-08  3.29994155e+00 
 4.25025000e-08  3.29994266e+00 
 4.25075000e-08  3.29994484e+00 
 4.25175000e-08  3.29995004e+00 
 4.25337500e-08  3.29996268e+00 
 4.25500000e-08  3.29998059e+00 
 4.25525000e-08  3.29998209e+00 
 4.25575000e-08  3.29998422e+00 
 4.25675000e-08  3.29998262e+00 
 4.25837500e-08  3.29997120e+00 
 4.26000000e-08  3.29995680e+00 
 4.26025000e-08  3.29995494e+00 
 4.26075000e-08  3.29995155e+00 
 4.26175000e-08  3.29994615e+00 
 4.26337500e-08  3.29993908e+00 
 4.26500000e-08  3.29993352e+00 
 4.26525000e-08  3.29993277e+00 
 4.26575000e-08  3.29993114e+00 
 4.26675000e-08  3.29992794e+00 
 4.26837500e-08  3.29992386e+00 
 4.27000000e-08  3.29992022e+00 
 4.27025000e-08  3.29991994e+00 
 4.27075000e-08  3.29991958e+00 
 4.27175000e-08  3.29992041e+00 
 4.27337500e-08  3.29992442e+00 
 4.27500000e-08  3.29993156e+00 
 4.27525000e-08  3.29993289e+00 
 4.27575000e-08  3.29993536e+00 
 4.27675000e-08  3.29994094e+00 
 4.27837500e-08  3.29995452e+00 
 4.28000000e-08  3.29997329e+00 
 4.28025000e-08  3.29997643e+00 
 4.28075000e-08  3.29998257e+00 
 4.28175000e-08  3.29999333e+00 
 4.28337500e-08  3.30000401e+00 
 4.28500000e-08  3.30000617e+00 
 4.28525000e-08  3.30000534e+00 
 4.28575000e-08  3.30000379e+00 
 4.28675000e-08  3.29999939e+00 
 4.28837500e-08  3.29999312e+00 
 4.29000000e-08  3.29998840e+00 
 4.29025000e-08  3.29998757e+00 
 4.29075000e-08  3.29998602e+00 
 4.29175000e-08  3.29998237e+00 
 4.29337500e-08  3.29997204e+00 
 4.29500000e-08  3.29995747e+00 
 4.29525000e-08  3.29995534e+00 
 4.29575000e-08  3.29995223e+00 
 4.29675000e-08  3.29995499e+00 
 4.29837500e-08  3.29996075e+00 
 4.30000000e-08  3.29997213e+00 
 4.30025000e-08  3.29997505e+00 
 4.30075000e-08  3.29998193e+00 
 4.30175000e-08  3.30000012e+00 
 4.30337500e-08  3.30003780e+00 
 4.30500000e-08  3.30005272e+00 
 4.30525000e-08  3.30005072e+00 
 4.30575000e-08  3.30004419e+00 
 4.30675000e-08  3.30001598e+00 
 4.30837500e-08  3.29994167e+00 
 4.31000000e-08  3.29985058e+00 
 4.31025000e-08  3.29983792e+00 
 4.31075000e-08  3.29981534e+00 
 4.31175000e-08  3.29977635e+00 
 4.31337500e-08  3.29973352e+00 
 4.31500000e-08  3.29972913e+00 
 4.31525000e-08  3.29973170e+00 
 4.31575000e-08  3.29973802e+00 
 4.31675000e-08  3.29975752e+00 
 4.31837500e-08  3.29981613e+00 
 4.32000000e-08  3.29986364e+00 
 4.32025000e-08  3.29986926e+00 
 4.32075000e-08  3.29987860e+00 
 4.32175000e-08  3.29989195e+00 
 4.32337500e-08  3.29991651e+00 
 4.32500000e-08  3.29995396e+00 
 4.32525000e-08  3.29995990e+00 
 4.32575000e-08  3.29997061e+00 
 4.32675000e-08  3.29998730e+00 
 4.32837500e-08  3.30000308e+00 
 4.33000000e-08  3.30000617e+00 
 4.33025000e-08  3.30000566e+00 
 4.33075000e-08  3.30000399e+00 
 4.33175000e-08  3.29999812e+00 
 4.33337500e-08  3.29998240e+00 
 4.33500000e-08  3.29995689e+00 
 4.33525000e-08  3.29995201e+00 
 4.33575000e-08  3.29994089e+00 
 4.33675000e-08  3.29991442e+00 
 4.33837500e-08  3.29985666e+00 
 4.34000000e-08  3.29977535e+00 
 4.34025000e-08  3.29976207e+00 
 4.34075000e-08  3.29973409e+00 
 4.34175000e-08  3.29968551e+00 
 4.34337500e-08  3.29964316e+00 
 4.34500000e-08  3.29964570e+00 
 4.34525000e-08  3.29965008e+00 
 4.34575000e-08  3.29965907e+00 
 4.34675000e-08  3.29968430e+00 
 4.34837500e-08  3.29974393e+00 
 4.35000000e-08  3.29984138e+00 
 4.35025000e-08  3.29986191e+00 
 4.35075000e-08  3.29990676e+00 
 4.35175000e-08  3.30002272e+00 
 4.35337500e-08  3.30030246e+00 
 4.35500000e-08  3.30065147e+00 
 4.35525000e-08  3.30070949e+00 
 4.35575000e-08  3.30082647e+00 
 4.35675000e-08  3.30106493e+00 
 4.35837500e-08  3.30144042e+00 
 4.36000000e-08  3.30179701e+00 
 4.36025000e-08  3.30185388e+00 
 4.36075000e-08  3.30196710e+00 
 4.36175000e-08  3.30219737e+00 
 4.36337500e-08  3.30258696e+00 
 4.36500000e-08  3.30298625e+00 
 4.36525000e-08  3.30304830e+00 
 4.36575000e-08  3.30317372e+00 
 4.36675000e-08  3.30343068e+00 
 4.36837500e-08  3.30385204e+00 
 4.37000000e-08  3.30424023e+00 
 4.37025000e-08  3.30429095e+00 
 4.37075000e-08  3.30438968e+00 
 4.37175000e-08  3.30456961e+00 
 4.37337500e-08  3.30484186e+00 
 4.37500000e-08  3.30513770e+00 
 4.37525000e-08  3.30518855e+00 
 4.37575000e-08  3.30529550e+00 
 4.37675000e-08  3.30553996e+00 
 4.37837500e-08  3.30603433e+00 
 4.38000000e-08  3.30667594e+00 
 4.38025000e-08  3.30679122e+00 
 4.38075000e-08  3.30703397e+00 
 4.38175000e-08  3.30758529e+00 
 4.38337500e-08  3.30869781e+00 
 4.38500000e-08  3.31017160e+00 
 4.38525000e-08  3.31044295e+00 
 4.38575000e-08  3.31102257e+00 
 4.38675000e-08  3.31237426e+00 
 4.38837500e-08  3.31519167e+00 
 4.39000000e-08  3.31839186e+00 
 4.39025000e-08  3.31881384e+00 
 4.39075000e-08  3.31950518e+00 
 4.39175000e-08  3.31939699e+00 
 4.39337500e-08  3.31174036e+00 
 4.39500000e-08  3.29108575e+00 
 4.39525000e-08  3.28654146e+00 
 4.39575000e-08  3.27655621e+00 
 4.39675000e-08  3.25111322e+00 
 4.39837500e-08  3.19293458e+00 
 4.40000000e-08  3.10953902e+00 
 4.40025000e-08  3.09357586e+00 
 4.40075000e-08  3.05966487e+00 
 4.40175000e-08  2.97818120e+00 
 4.40337500e-08  2.77936555e+00 
 4.40500000e-08  2.39516658e+00 
 4.40525000e-08  2.31275631e+00 
 4.40575000e-08  2.13703137e+00 
 4.40675000e-08  1.72466511e+00 
 4.40837500e-08  9.31200140e-01 
 4.41000000e-08  3.22781410e-01 
 4.41025000e-08  2.69322029e-01 
 4.41075000e-08  1.80419959e-01 
 4.41175000e-08  8.24411413e-02 
 4.41337500e-08  3.16832549e-02 
 4.41500000e-08  1.99201730e-02 
 4.41519685e-08  1.89853017e-02 
 4.41559056e-08  1.71705309e-02 
 4.41637797e-08  1.40577803e-02 
 4.41795279e-08  9.45736780e-03 
 4.42000000e-08  5.67271137e-03 
 4.42025000e-08  5.34299406e-03 
 4.42075000e-08  4.71843851e-03 
 4.42175000e-08  3.66204187e-03 
 4.42337500e-08  2.39576869e-03 
 4.42500000e-08  1.55569451e-03 
 4.42525000e-08  1.45938363e-03 
 4.42575000e-08  1.27942651e-03 
 4.42675000e-08  9.84553912e-04 
 4.42837500e-08  6.47341631e-04 
 4.43000000e-08  4.35399736e-04 
 4.43025000e-08  4.11654596e-04 
 4.43075000e-08  3.67462850e-04 
 4.43175000e-08  2.94777056e-04 
 4.43337500e-08  2.10530893e-04 
 4.43500000e-08  1.55769376e-04 
 4.43525000e-08  1.49572216e-04 
 4.43575000e-08  1.38093728e-04 
 4.43675000e-08  1.19312528e-04 
 4.43837500e-08  9.68042058e-05 
 4.44000000e-08  8.09136519e-05 
 4.44025000e-08  7.88200202e-05 
 4.44075000e-08  7.46529535e-05 
 4.44175000e-08  6.68435603e-05 
 4.44337500e-08  5.60579032e-05 
 4.44500000e-08  4.72441076e-05 
 4.44525000e-08  4.60664403e-05 
 4.44575000e-08  4.36466993e-05 
 4.44675000e-08  3.94517691e-05 
 4.44837500e-08  3.35734500e-05 
 4.45000000e-08  2.90687218e-05 
 4.45025000e-08  2.81874531e-05 
 4.45075000e-08  2.60077151e-05 
 4.45175000e-08  2.03155392e-05 
 4.45337500e-08  1.10695760e-05 
 4.45500000e-08  6.94466139e-06 
 4.45525000e-08  6.83378457e-06 
 4.45575000e-08  6.61484014e-06 
 4.45675000e-08  6.71042697e-06 
 4.45837500e-08  7.64238193e-06 
 4.46000000e-08  8.78608758e-06 
 4.46025000e-08  9.12879662e-06 
 4.46075000e-08  9.87868099e-06 
 4.46175000e-08  1.17425603e-05 
 4.46337500e-08  1.41455303e-05 
 4.46500000e-08  1.42764485e-05 
 4.46525000e-08  1.38445302e-05 
 4.46575000e-08  1.25444281e-05 
 4.46675000e-08  8.61662685e-06 
 4.46837500e-08  8.78305619e-07 
 4.47000000e-08 -6.42734714e-06 
 4.47025000e-08 -7.16166893e-06 
 4.47075000e-08 -8.43321717e-06 
 4.47175000e-08 -9.31681971e-06 
 4.47337500e-08 -9.30842342e-06 
 4.47500000e-08 -7.41170964e-06 
 4.47525000e-08 -6.92751663e-06 
 4.47575000e-08 -5.96681796e-06 
 4.47675000e-08 -3.50232320e-06 
 4.47837500e-08  2.47454712e-06 
 4.48000000e-08  5.79313975e-06 
 4.48025000e-08  6.40774722e-06 
 4.48075000e-08  7.66879349e-06 
 4.48175000e-08  1.01099681e-05 
 4.48337500e-08  1.23454437e-05 
 4.48500000e-08  1.31426296e-05 
 4.48525000e-08  1.31548346e-05 
 4.48575000e-08  1.30232006e-05 
 4.48675000e-08  1.21500326e-05 
 4.48837500e-08  9.75223567e-06 
 4.49000000e-08  6.80429775e-06 
 4.49025000e-08  6.32570275e-06 
 4.49075000e-08  5.26679008e-06 
 4.49175000e-08  3.21814315e-06 
 4.49337500e-08  1.84115189e-07 
 4.49500000e-08 -3.49537103e-06 
 4.49525000e-08 -4.20454511e-06 
 4.49575000e-08 -5.98358474e-06 
 4.49675000e-08 -1.01889218e-05 
 4.49837500e-08 -1.87737290e-05 
 4.50000000e-08 -2.54672751e-05 
 4.50025000e-08 -2.56568788e-05 
 4.50075000e-08 -2.60071656e-05 
 4.50175000e-08 -2.42315117e-05 
 4.50337500e-08 -1.64650034e-05 
 4.50500000e-08 -1.08512022e-06 
 4.50525000e-08  2.24591438e-06 
 4.50575000e-08  9.44820664e-06 
 4.50675000e-08  2.81437195e-05 
 4.50837500e-08  6.44777570e-05 
 4.51000000e-08  9.98508062e-05 
 4.51025000e-08  1.05093287e-04 
 4.51075000e-08  1.13367099e-04 
 4.51175000e-08  1.23921915e-04 
 4.51337500e-08  1.30119325e-04 
 4.51500000e-08  1.22408122e-04 
 4.51525000e-08  1.20701995e-04 
 4.51575000e-08  1.16919406e-04 
 4.51675000e-08  1.09303876e-04 
 4.51837500e-08  1.00499853e-04 
 4.52000000e-08  8.74529747e-05 
 4.52025000e-08  8.34876967e-05 
 4.52075000e-08  7.49023211e-05 
 4.52175000e-08  5.20452161e-05 
 4.52337500e-08  1.29524521e-05 
 4.52500000e-08 -1.26060939e-05 
 4.52525000e-08 -1.41502499e-05 
 4.52575000e-08 -1.55152027e-05 
 4.52675000e-08 -1.14552916e-05 
 4.52837500e-08  8.73694660e-06 
 4.53000000e-08  4.67012626e-05 
 4.53025000e-08  5.44086749e-05 
 4.53075000e-08  7.20102006e-05 
 4.53175000e-08  1.11647720e-04 
 4.53337500e-08  1.70918071e-04 
 4.53500000e-08  1.91557398e-04 
 4.53525000e-08  1.88721337e-04 
 4.53575000e-08  1.79825854e-04 
 4.53675000e-08  1.34695141e-04 
 4.53837500e-08 -4.70765217e-05 
 4.54000000e-08 -4.10430724e-04 
 4.54025000e-08 -4.83423787e-04 
 4.54075000e-08 -6.36487059e-04 
 4.54175000e-08 -9.77348836e-04 
 4.54337500e-08 -1.48208318e-03 
 4.54500000e-08 -2.07536093e-03 
 4.54525000e-08 -2.16129854e-03 
 4.54575000e-08 -2.33158930e-03 
 4.54675000e-08 -2.66232564e-03 
 4.54837500e-08 -3.17855847e-03 
 4.55000000e-08 -3.68467337e-03 
 4.55025000e-08 -3.76243962e-03 
 4.55075000e-08 -3.92081501e-03 
 4.55175000e-08 -4.24369877e-03 
 4.55337500e-08 -4.78941094e-03 
 4.55500000e-08 -5.39426205e-03 
 4.55525000e-08 -5.49208715e-03 
 4.55575000e-08 -5.69825120e-03 
 4.55675000e-08 -6.13577655e-03 
 4.55837500e-08 -6.94735691e-03 
 4.56000000e-08 -7.97629398e-03 
 4.56025000e-08 -8.15665757e-03 
 4.56075000e-08 -8.56252850e-03 
 4.56175000e-08 -9.47253249e-03 
 4.56337500e-08 -1.12208301e-02 
 4.56500000e-08 -1.28852885e-02 
 4.56525000e-08 -1.30409542e-02 
 4.56575000e-08 -1.32575533e-02 
 4.56675000e-08 -1.26972222e-02 
 4.56837500e-08 -7.38769372e-03 
 4.57000000e-08  5.22510325e-03 
 4.57025000e-08  7.96107946e-03 
 4.57075000e-08  1.39519683e-02 
 4.57175000e-08  2.91652065e-02 
 4.57337500e-08  6.43791872e-02 
 4.57500000e-08  1.16488374e-01 
 4.57525000e-08  1.26604241e-01 
 4.57575000e-08  1.48201205e-01 
 4.57675000e-08  2.00761260e-01 
 4.57837500e-08  3.26099681e-01 
 4.58000000e-08  5.54079623e-01 
 4.58025000e-08  6.06168721e-01 
 4.58075000e-08  7.21659809e-01 
 4.58175000e-08  1.01569971e+00 
 4.58337500e-08  1.65228255e+00 
 4.58500000e-08  2.37261456e+00 
 4.58525000e-08  2.46930237e+00 
 4.58575000e-08  2.64152972e+00 
 4.58675000e-08  2.89509456e+00 
 4.58837500e-08  3.12338093e+00 
 4.59000000e-08  3.21723116e+00 
 4.59025000e-08  3.22435475e+00 
 4.59075000e-08  3.23700729e+00 
 4.59175000e-08  3.25492854e+00 
 4.59337500e-08  3.27199894e+00 
 4.59500000e-08  3.28152452e+00 
 4.59525000e-08  3.28257369e+00 
 4.59575000e-08  3.28454611e+00 
 4.59675000e-08  3.28781053e+00 
 4.59837500e-08  3.29161883e+00 
 4.60000000e-08  3.29409634e+00 
 4.60025000e-08  3.29437799e+00 
 4.60075000e-08  3.29490731e+00 
 4.60175000e-08  3.29578536e+00 
 4.60337500e-08  3.29682343e+00 
 4.60500000e-08  3.29752410e+00 
 4.60525000e-08  3.29760731e+00 
 4.60575000e-08  3.29776559e+00 
 4.60675000e-08  3.29803972e+00 
 4.60837500e-08  3.29839477e+00 
 4.61000000e-08  3.29866823e+00 
 4.61025000e-08  3.29870339e+00 
 4.61075000e-08  3.29876938e+00 
 4.61175000e-08  3.29888625e+00 
 4.61337500e-08  3.29906294e+00 
 4.61500000e-08  3.29925122e+00 
 4.61525000e-08  3.29928026e+00 
 4.61575000e-08  3.29933624e+00 
 4.61675000e-08  3.29943885e+00 
 4.61837500e-08  3.29957956e+00 
 4.62000000e-08  3.29969217e+00 
 4.62025000e-08  3.29970684e+00 
 4.62075000e-08  3.29973463e+00 
 4.62175000e-08  3.29978287e+00 
 4.62337500e-08  3.29984195e+00 
 4.62500000e-08  3.29988042e+00 
 4.62525000e-08  3.29988477e+00 
 4.62575000e-08  3.29989267e+00 
 4.62675000e-08  3.29990559e+00 
 4.62837500e-08  3.29992055e+00 
 4.63000000e-08  3.29992962e+00 
 4.63025000e-08  3.29993075e+00 
 4.63075000e-08  3.29993258e+00 
 4.63175000e-08  3.29993558e+00 
 4.63337500e-08  3.29994028e+00 
 4.63500000e-08  3.29994610e+00 
 4.63525000e-08  3.29994726e+00 
 4.63575000e-08  3.29994989e+00 
 4.63675000e-08  3.29995731e+00 
 4.63837500e-08  3.29997449e+00 
 4.64000000e-08  3.29998392e+00 
 4.64025000e-08  3.29998311e+00 
 4.64075000e-08  3.29998089e+00 
 4.64175000e-08  3.29997362e+00 
 4.64337500e-08  3.29995943e+00 
 4.64500000e-08  3.29994664e+00 
 4.64525000e-08  3.29994516e+00 
 4.64575000e-08  3.29994248e+00 
 4.64675000e-08  3.29993830e+00 
 4.64837500e-08  3.29993314e+00 
 4.65000000e-08  3.29992926e+00 
 4.65025000e-08  3.29992885e+00 
 4.65075000e-08  3.29992800e+00 
 4.65175000e-08  3.29992652e+00 
 4.65337500e-08  3.29992370e+00 
 4.65500000e-08  3.29992184e+00 
 4.65525000e-08  3.29992188e+00 
 4.65575000e-08  3.29992182e+00 
 4.65675000e-08  3.29992286e+00 
 4.65837500e-08  3.29992811e+00 
 4.66000000e-08  3.29993750e+00 
 4.66025000e-08  3.29993944e+00 
 4.66075000e-08  3.29994353e+00 
 4.66175000e-08  3.29995346e+00 
 4.66337500e-08  3.29997270e+00 
 4.66500000e-08  3.29999111e+00 
 4.66525000e-08  3.29999331e+00 
 4.66575000e-08  3.29999710e+00 
 4.66675000e-08  3.30000286e+00 
 4.66837500e-08  3.30000598e+00 
 4.67000000e-08  3.30000028e+00 
 4.67025000e-08  3.29999942e+00 
 4.67075000e-08  3.29999774e+00 
 4.67175000e-08  3.29999458e+00 
 4.67337500e-08  3.29998979e+00 
 4.67500000e-08  3.29998498e+00 
 4.67525000e-08  3.29998405e+00 
 4.67575000e-08  3.29998213e+00 
 4.67675000e-08  3.29997623e+00 
 4.67837500e-08  3.29996265e+00 
 4.68000000e-08  3.29995558e+00 
 4.68025000e-08  3.29995590e+00 
 4.68075000e-08  3.29995653e+00 
 4.68175000e-08  3.29995832e+00 
 4.68337500e-08  3.29996699e+00 
 4.68500000e-08  3.29998871e+00 
 4.68525000e-08  3.29999367e+00 
 4.68575000e-08  3.30000542e+00 
 4.68675000e-08  3.30003121e+00 
 4.68837500e-08  3.30005434e+00 
 4.69000000e-08  3.30003381e+00 
 4.69025000e-08  3.30002532e+00 
 4.69075000e-08  3.30000572e+00 
 4.69175000e-08  3.29995817e+00 
 4.69337500e-08  3.29986624e+00 
 4.69500000e-08  3.29978863e+00 
 4.69525000e-08  3.29977957e+00 
 4.69575000e-08  3.29976146e+00 
 4.69675000e-08  3.29973701e+00 
 4.69837500e-08  3.29972725e+00 
 4.70000000e-08  3.29974819e+00 
 4.70025000e-08  3.29975400e+00 
 4.70075000e-08  3.29976786e+00 
 4.70175000e-08  3.29980743e+00 
 4.70337500e-08  3.29985725e+00 
 4.70500000e-08  3.29988833e+00 
 4.70525000e-08  3.29989163e+00 
 4.70575000e-08  3.29989751e+00 
 4.70675000e-08  3.29991274e+00 
 4.70837500e-08  3.29994520e+00 
 4.71000000e-08  3.29997738e+00 
 4.71025000e-08  3.29998154e+00 
 4.71075000e-08  3.29998899e+00 
 4.71175000e-08  3.29999991e+00 
 4.71337500e-08  3.30000765e+00 
 4.71500000e-08  3.30000283e+00 
 4.71525000e-08  3.30000120e+00 
 4.71575000e-08  3.29999740e+00 
 4.71675000e-08  3.29998705e+00 
 4.71837500e-08  3.29996248e+00 
 4.72000000e-08  3.29992627e+00 
 4.72025000e-08  3.29991938e+00 
 4.72075000e-08  3.29990349e+00 
 4.72175000e-08  3.29986544e+00 
 4.72337500e-08  3.29978617e+00 
 4.72500000e-08  3.29969961e+00 
 4.72525000e-08  3.29968939e+00 
 4.72575000e-08  3.29967042e+00 
 4.72675000e-08  3.29964864e+00 
 4.72837500e-08  3.29964895e+00 
 4.73000000e-08  3.29967908e+00 
 4.73025000e-08  3.29968615e+00 
 4.73075000e-08  3.29970015e+00 
 4.73175000e-08  3.29973509e+00 
 4.73337500e-08  3.29982138e+00 
 4.73500000e-08  3.29997021e+00 
 4.73525000e-08  3.30000108e+00 
 4.73575000e-08  3.30007483e+00 
 4.73675000e-08  3.30024568e+00 
 4.73837500e-08  3.30058135e+00 
 4.74000000e-08  3.30096375e+00 
 4.74025000e-08  3.30102470e+00 
 4.74075000e-08  3.30114646e+00 
 4.74175000e-08  3.30137870e+00 
 4.74337500e-08  3.30174539e+00 
 4.74500000e-08  3.30211826e+00 
 4.74525000e-08  3.30217521e+00 
 4.74575000e-08  3.30229192e+00 
 4.74675000e-08  3.30253328e+00 
 4.74837500e-08  3.30293133e+00 
 4.75000000e-08  3.30334138e+00 
 4.75025000e-08  3.30340579e+00 
 4.75075000e-08  3.30353664e+00 
 4.75175000e-08  3.30379950e+00 
 4.75337500e-08  3.30419327e+00 
 4.75500000e-08  3.30451319e+00 
 4.75525000e-08  3.30455394e+00 
 4.75575000e-08  3.30463484e+00 
 4.75675000e-08  3.30479573e+00 
 4.75837500e-08  3.30508395e+00 
 4.76000000e-08  3.30544292e+00 
 4.76025000e-08  3.30550725e+00 
 4.76075000e-08  3.30564281e+00 
 4.76175000e-08  3.30595195e+00 
 4.76337500e-08  3.30656996e+00 
 4.76500000e-08  3.30736496e+00 
 4.76525000e-08  3.30750738e+00 
 4.76575000e-08  3.30780768e+00 
 4.76675000e-08  3.30849303e+00 
 4.76837500e-08  3.30990246e+00 
 4.77000000e-08  3.31182521e+00 
 4.77025000e-08  3.31218331e+00 
 4.77075000e-08  3.31295161e+00 
 4.77175000e-08  3.31472627e+00 
 4.77337500e-08  3.31797315e+00 
 4.77500000e-08  3.31960469e+00 
 4.77525000e-08  3.31941090e+00 
 4.77575000e-08  3.31858727e+00 
 4.77675000e-08  3.31378755e+00 
 4.77837500e-08  3.29498172e+00 
 4.78000000e-08  3.26150285e+00 
 4.78025000e-08  3.25443776e+00 
 4.78075000e-08  3.23933314e+00 
 4.78175000e-08  3.20299731e+00 
 4.78337500e-08  3.12361392e+00 
 4.78500000e-08  3.00985346e+00 
 4.78525000e-08  2.98778392e+00 
 4.78575000e-08  2.94019726e+00 
 4.78675000e-08  2.81848438e+00 
 4.78837500e-08  2.46614848e+00 
 4.79000000e-08  1.88979173e+00 
 4.79025000e-08  1.77892173e+00 
 4.79075000e-08  1.54782103e+00 
 4.79175000e-08  1.04468077e+00 
 4.79337500e-08  3.90651746e-01 
 4.79418750e-08  2.04324074e-01 
 4.79500000e-08  1.07470319e-01 
 4.79516250e-08  9.65168854e-02 
 4.79548750e-08  7.74521953e-02 
 4.79613750e-08  5.24449263e-02 
 4.79743750e-08  2.89122028e-02 
 4.79871875e-08  1.95825826e-02 
 4.80000000e-08  1.39536653e-02 
 4.80025000e-08  1.31495691e-02 
 4.80075000e-08  1.16207845e-02 
 4.80175000e-08  9.07469445e-03 
 4.80337500e-08  6.05333908e-03 
 4.80500000e-08  4.00912511e-03 
 4.80525000e-08  3.76771090e-03 
 4.80575000e-08  3.31329711e-03 
 4.80675000e-08  2.55517189e-03 
 4.80837500e-08  1.66158624e-03 
 4.81000000e-08  1.07929751e-03 
 4.81025000e-08  1.01321181e-03 
 4.81075000e-08  8.89906601e-04 
 4.81175000e-08  6.88459438e-04 
 4.81337500e-08  4.59742744e-04 
 4.81500000e-08  3.16224656e-04 
 4.81525000e-08  3.00066706e-04 
 4.81575000e-08  2.70062751e-04 
 4.81675000e-08  2.20876335e-04 
 4.81837500e-08  1.63527906e-04 
 4.82000000e-08  1.25608566e-04 
 4.82025000e-08  1.21161631e-04 
 4.82075000e-08  1.12786462e-04 
 4.82175000e-08  9.86846928e-05 
 4.82337500e-08  8.14191302e-05 
 4.82500000e-08  6.89034910e-05 
 4.82525000e-08  6.72861755e-05 
 4.82575000e-08  6.41531288e-05 
 4.82675000e-08  5.83055278e-05 
 4.82837500e-08  4.99156190e-05 
 4.83000000e-08  4.24399400e-05 
 4.83025000e-08  4.13956598e-05 
 4.83075000e-08  3.94126980e-05 
 4.83175000e-08  3.60526504e-05 
 4.83337500e-08  3.16805313e-05 
 4.83500000e-08  2.49825500e-05 
 4.83525000e-08  2.33419193e-05 
 4.83575000e-08  1.97213820e-05 
 4.83675000e-08  1.32152339e-05 
 4.83837500e-08  7.12969744e-06 
 4.84000000e-08  6.04365562e-06 
 4.84025000e-08  6.23299306e-06 
 4.84075000e-08  6.62144845e-06 
 4.84175000e-08  7.69421651e-06 
 4.84337500e-08  9.30531226e-06 
 4.84500000e-08  1.06164923e-05 
 4.84525000e-08  1.08043559e-05 
 4.84575000e-08  1.10529389e-05 
 4.84675000e-08  1.14093096e-05 
 4.84837500e-08  1.09930067e-05 
 4.85000000e-08  8.12887083e-06 
 4.85025000e-08  7.48481123e-06 
 4.85075000e-08  6.06173778e-06 
 4.85175000e-08  2.70210602e-06 
 4.85337500e-08 -3.24211127e-06 
 4.85500000e-08 -7.23974197e-06 
 4.85525000e-08 -7.46711808e-06 
 4.85575000e-08 -8.06981122e-06 
 4.85675000e-08 -9.13666520e-06 
 4.85837500e-08 -8.88450179e-06 
 4.86000000e-08 -6.15429725e-06 
 4.86025000e-08 -5.48650523e-06 
 4.86075000e-08 -3.32064898e-06 
 4.86175000e-08  3.46645679e-07 
 4.86337500e-08  4.44959919e-06 
 4.86500000e-08  8.50481178e-06 
 4.86525000e-08  9.16444946e-06 
 4.86575000e-08  1.04423812e-05 
 4.86675000e-08  1.26714341e-05 
 4.86837500e-08  1.47651653e-05 
 4.87000000e-08  1.48910209e-05 
 4.87025000e-08  1.45950364e-05 
 4.87075000e-08  1.37320490e-05 
 4.87175000e-08  1.13409765e-05 
 4.87337500e-08  7.39329847e-06 
 4.87500000e-08  3.71283548e-06 
 4.87525000e-08  3.14335607e-06 
 4.87575000e-08  1.91331916e-06 
 4.87675000e-08 -8.20466874e-07 
 4.87837500e-08 -4.86115004e-06 
 4.88000000e-08 -1.02779954e-05 
 4.88025000e-08 -1.12446313e-05 
 4.88075000e-08 -1.35807070e-05 
 4.88175000e-08 -1.84236789e-05 
 4.88337500e-08 -2.47335321e-05 
 4.88500000e-08 -2.49412834e-05 
 4.88525000e-08 -2.40691896e-05 
 4.88575000e-08 -2.24345787e-05 
 4.88675000e-08 -1.72738002e-05 
 4.88837500e-08 -3.42487400e-06 
 4.89000000e-08  2.04825284e-05 
 4.89025000e-08  2.54329348e-05 
 4.89075000e-08  3.58166130e-05 
 4.89175000e-08  5.84321816e-05 
 4.89337500e-08  9.37572407e-05 
 4.89500000e-08  1.22720422e-04 
 4.89525000e-08  1.24281797e-04 
 4.89575000e-08  1.26882906e-04 
 4.89675000e-08  1.29279957e-04 
 4.89837500e-08  1.23299962e-04 
 4.90000000e-08  1.10892786e-04 
 4.90025000e-08  1.08838194e-04 
 4.90075000e-08  1.05647749e-04 
 4.90175000e-08  1.02310801e-04 
 4.90337500e-08  9.07937987e-05 
 4.90500000e-08  6.52587265e-05 
 4.90525000e-08  5.86388943e-05 
 4.90575000e-08  4.55929535e-05 
 4.90675000e-08  2.07624717e-05 
 4.90837500e-08 -7.18631119e-06 
 4.91000000e-08 -1.39588382e-05 
 4.91025000e-08 -1.28163588e-05 
 4.91075000e-08 -9.11853623e-06 
 4.91175000e-08  3.70018943e-06 
 4.91337500e-08  3.77575824e-05 
 4.91500000e-08  9.43206109e-05 
 4.91525000e-08  1.04437901e-04 
 4.91575000e-08  1.25848088e-04 
 4.91675000e-08  1.63471975e-04 
 4.91837500e-08  1.91891320e-04 
 4.92000000e-08  1.56691103e-04 
 4.92025000e-08  1.42389683e-04 
 4.92075000e-08  1.07481159e-04 
 4.92175000e-08 -7.71142811e-06 
 4.92337500e-08 -3.48447640e-04 
 4.92500000e-08 -8.47755785e-04 
 4.92525000e-08 -9.36354393e-04 
 4.92575000e-08 -1.08616484e-03 
 4.92675000e-08 -1.40555488e-03 
 4.92837500e-08 -1.98898871e-03 
 4.93000000e-08 -2.54734020e-03 
 4.93025000e-08 -2.62862150e-03 
 4.93075000e-08 -2.79033944e-03 
 4.93175000e-08 -3.10685192e-03 
 4.93337500e-08 -3.61025413e-03 
 4.93500000e-08 -4.11925111e-03 
 4.93525000e-08 -4.19846138e-03 
 4.93575000e-08 -4.35991383e-03 
 4.93675000e-08 -4.69327331e-03 
 4.93837500e-08 -5.28639922e-03 
 4.94000000e-08 -5.95960060e-03 
 4.94025000e-08 -6.07079430e-03 
 4.94075000e-08 -6.30889706e-03 
 4.94175000e-08 -6.82141767e-03 
 4.94337500e-08 -7.81106133e-03 
 4.94500000e-08 -9.12171095e-03 
 4.94525000e-08 -9.35136496e-03 
 4.94575000e-08 -9.86369528e-03 
 4.94675000e-08 -1.09636786e-02 
 4.94837500e-08 -1.26985950e-02 
 4.95000000e-08 -1.30467075e-02 
 4.95025000e-08 -1.27836706e-02 
 4.95075000e-08 -1.20067533e-02 
 4.95175000e-08 -8.64902749e-03 
 4.95337500e-08  2.89215479e-03 
 4.95500000e-08  2.31527328e-02 
 4.95525000e-08  2.73652050e-02 
 4.95575000e-08  3.64035794e-02 
 4.95675000e-08  5.84248608e-02 
 4.95837500e-08  1.07826334e-01 
 4.96000000e-08  1.80906436e-01 
 4.96025000e-08  1.95264579e-01 
 4.96075000e-08  2.26171665e-01 
 4.96175000e-08  3.03790483e-01 
 4.96337500e-08  5.12010990e-01 
 4.96500000e-08  9.02764002e-01 
 4.96525000e-08  9.84787389e-01 
 4.96575000e-08  1.15829585e+00 
 4.96675000e-08  1.55952488e+00 
 4.96837500e-08  2.28778534e+00 
 4.97000000e-08  2.82003726e+00 
 4.97025000e-08  2.87279451e+00 
 4.97075000e-08  2.96661850e+00 
 4.97175000e-08  3.09811715e+00 
 4.97337500e-08  3.20804819e+00 
 4.97500000e-08  3.25082133e+00 
 4.97525000e-08  3.25425272e+00 
 4.97575000e-08  3.26051128e+00 
 4.97675000e-08  3.27010702e+00 
 4.97837500e-08  3.28043443e+00 
 4.98000000e-08  3.28684294e+00 
 4.98025000e-08  3.28756656e+00 
 4.98075000e-08  3.28892689e+00 
 4.98175000e-08  3.29117911e+00 
 4.98337500e-08  3.29380839e+00 
 4.98500000e-08  3.29552258e+00 
 4.98525000e-08  3.29571847e+00 
 4.98575000e-08  3.29608772e+00 
 4.98675000e-08  3.29670560e+00 
 4.98837500e-08  3.29744740e+00 
 4.99000000e-08  3.29796226e+00 
 4.99025000e-08  3.29802489e+00 
 4.99075000e-08  3.29814465e+00 
 4.99175000e-08  3.29835589e+00 
 4.99337500e-08  3.29863694e+00 
 4.99500000e-08  3.29884936e+00 
 4.99525000e-08  3.29887654e+00 
 4.99575000e-08  3.29892839e+00 
 4.99675000e-08  3.29903498e+00 
 4.99837500e-08  3.29922048e+00 
 5.00000000e-08  3.29940162e+00 
 5.00025000e-08  3.29942697e+00 
 5.00075000e-08  3.29947545e+00 
 5.00175000e-08  3.29956233e+00 
 5.00337500e-08  3.29967974e+00 
 5.00500000e-08  3.29977009e+00 
 5.00525000e-08  3.29978147e+00 
 5.00575000e-08  3.29980294e+00 
 5.00675000e-08  3.29983943e+00 
 5.00837500e-08  3.29988174e+00 
 5.01000000e-08  3.29990761e+00 
 5.01025000e-08  3.29991039e+00 
 5.01075000e-08  3.29991525e+00 
 5.01175000e-08  3.29992288e+00 
 5.01337500e-08  3.29993089e+00 
 5.01500000e-08  3.29993589e+00 
 5.01525000e-08  3.29993649e+00 
 5.01575000e-08  3.29993727e+00 
 5.01675000e-08  3.29993904e+00 
 5.01837500e-08  3.29994298e+00 
 5.02000000e-08  3.29995098e+00 
 5.02025000e-08  3.29995326e+00 
 5.02075000e-08  3.29995877e+00 
 5.02175000e-08  3.29997018e+00 
 5.02337500e-08  3.29998024e+00 
 5.02500000e-08  3.29997491e+00 
 5.02525000e-08  3.29997314e+00 
 5.02575000e-08  3.29996972e+00 
 5.02675000e-08  3.29996301e+00 
 5.02837500e-08  3.29995237e+00 
 5.03000000e-08  3.29994306e+00 
 5.03025000e-08  3.29994185e+00 
 5.03075000e-08  3.29993941e+00 
 5.03175000e-08  3.29993494e+00 
 5.03337500e-08  3.29992943e+00 
 5.03500000e-08  3.29992580e+00 
 5.03525000e-08  3.29992537e+00 
 5.03575000e-08  3.29992424e+00 
 5.03675000e-08  3.29992156e+00 
 5.03837500e-08  3.29991888e+00 
 5.04000000e-08  3.29991996e+00 
 5.04025000e-08  3.29992063e+00 
 5.04075000e-08  3.29992201e+00 
 5.04175000e-08  3.29992601e+00 
 5.04337500e-08  3.29993551e+00 
 5.04500000e-08  3.29994964e+00 
 5.04525000e-08  3.29995252e+00 
 5.04575000e-08  3.29995867e+00 
 5.04675000e-08  3.29997235e+00 
 5.04837500e-08  3.29999264e+00 
 5.05000000e-08  3.30000527e+00 
 5.05025000e-08  3.30000611e+00 
 5.05075000e-08  3.30000717e+00 
 5.05175000e-08  3.30000655e+00 
 5.05337500e-08  3.29999916e+00 
 5.05500000e-08  3.29999274e+00 
 5.05525000e-08  3.29999173e+00 
 5.05575000e-08  3.29998990e+00 
 5.05675000e-08  3.29998679e+00 
 5.05837500e-08  3.29998190e+00 
 5.06000000e-08  3.29997475e+00 
 5.06025000e-08  3.29997295e+00 
 5.06075000e-08  3.29996932e+00 
 5.06175000e-08  3.29996167e+00 
 5.06337500e-08  3.29995527e+00 
 5.06500000e-08  3.29995994e+00 
 5.06525000e-08  3.29996081e+00 
 5.06575000e-08  3.29996269e+00 
 5.06675000e-08  3.29996832e+00 
 5.06837500e-08  3.29998798e+00 
 5.07000000e-08  3.30002396e+00 
 5.07025000e-08  3.30002979e+00 
 5.07075000e-08  3.30004070e+00 
 5.07175000e-08  3.30005313e+00 
 5.07337500e-08  3.30003704e+00 
 5.07500000e-08  3.29997187e+00 
 5.07525000e-08  3.29995911e+00 
 5.07575000e-08  3.29993228e+00 
 5.07675000e-08  3.29987512e+00 
 5.07837500e-08  3.29979644e+00 
 5.08000000e-08  3.29974203e+00 
 5.08025000e-08  3.29973702e+00 
 5.08075000e-08  3.29972949e+00 
 5.08175000e-08  3.29972542e+00 
 5.08337500e-08  3.29974333e+00 
 5.08500000e-08  3.29979332e+00 
 5.08525000e-08  3.29980293e+00 
 5.08575000e-08  3.29982108e+00 
 5.08675000e-08  3.29985290e+00 
 5.08837500e-08  3.29988825e+00 
 5.09000000e-08  3.29990874e+00 
 5.09025000e-08  3.29991379e+00 
 5.09075000e-08  3.29992355e+00 
 5.09175000e-08  3.29994424e+00 
 5.09337500e-08  3.29997524e+00 
 5.09500000e-08  3.29999667e+00 
 5.09525000e-08  3.29999884e+00 
 5.09575000e-08  3.30000269e+00 
 5.09675000e-08  3.30000649e+00 
 5.09837500e-08  3.30000270e+00 
 5.10000000e-08  3.29998968e+00 
 5.10025000e-08  3.29998688e+00 
 5.10075000e-08  3.29998026e+00 
 5.10175000e-08  3.29996366e+00 
 5.10337500e-08  3.29992753e+00 
 5.10500000e-08  3.29987479e+00 
 5.10525000e-08  3.29986499e+00 
 5.10575000e-08  3.29984274e+00 
 5.10675000e-08  3.29979310e+00 
 5.10837500e-08  3.29970996e+00 
 5.11000000e-08  3.29965648e+00 
 5.11025000e-08  3.29965365e+00 
 5.11075000e-08  3.29964891e+00 
 5.11175000e-08  3.29965027e+00 
 5.11337500e-08  3.29967469e+00 
 5.11500000e-08  3.29972281e+00 
 5.11525000e-08  3.29973315e+00 
 5.11575000e-08  3.29975507e+00 
 5.11675000e-08  3.29981287e+00 
 5.11837500e-08  3.29995903e+00 
 5.12000000e-08  3.30020396e+00 
 5.12025000e-08  3.30025007e+00 
 5.12075000e-08  3.30034564e+00 
 5.12175000e-08  3.30055572e+00 
 5.12337500e-08  3.30093082e+00 
 5.12500000e-08  3.30131345e+00 
 5.12525000e-08  3.30137101e+00 
 5.12575000e-08  3.30147885e+00 
 5.12675000e-08  3.30170172e+00 
 5.12837500e-08  3.30206857e+00 
 5.13000000e-08  3.30244806e+00 
 5.13025000e-08  3.30250932e+00 
 5.13075000e-08  3.30263059e+00 
 5.13175000e-08  3.30287326e+00 
 5.13337500e-08  3.30327888e+00 
 5.13500000e-08  3.30370147e+00 
 5.13525000e-08  3.30376644e+00 
 5.13575000e-08  3.30389651e+00 
 5.13675000e-08  3.30414090e+00 
 5.13837500e-08  3.30447346e+00 
 5.14000000e-08  3.30474627e+00 
 5.14025000e-08  3.30478529e+00 
 5.14075000e-08  3.30486557e+00 
 5.14175000e-08  3.30504129e+00 
 5.14337500e-08  3.30538910e+00 
 5.14500000e-08  3.30584150e+00 
 5.14525000e-08  3.30592305e+00 
 5.14575000e-08  3.30609472e+00 
 5.14675000e-08  3.30648478e+00 
 5.14837500e-08  3.30726360e+00 
 5.15000000e-08  3.30827266e+00 
 5.15025000e-08  3.30845439e+00 
 5.15075000e-08  3.30883937e+00 
 5.15175000e-08  3.30972530e+00 
 5.15337500e-08  3.31157636e+00 
 5.15500000e-08  3.31412545e+00 
 5.15525000e-08  3.31459415e+00 
 5.15575000e-08  3.31558213e+00 
 5.15675000e-08  3.31763994e+00 
 5.15837500e-08  3.31964095e+00 
 5.16000000e-08  3.31565040e+00 
 5.16025000e-08  3.31402011e+00 
 5.16075000e-08  3.31006468e+00 
 5.16175000e-08  3.29790392e+00 
 5.16337500e-08  3.26646434e+00 
 5.16500000e-08  3.21560071e+00 
 5.16525000e-08  3.20562339e+00 
 5.16575000e-08  3.18448934e+00 
 5.16675000e-08  3.13456496e+00 
 5.16837500e-08  3.02545171e+00 
 5.17000000e-08  2.86030047e+00 
 5.17025000e-08  2.82590325e+00 
 5.17075000e-08  2.74757952e+00 
 5.17175000e-08  2.52476348e+00 
 5.17337500e-08  1.97311726e+00 
 5.17500000e-08  1.21620824e+00 
 5.17525000e-08  1.08490715e+00 
 5.17575000e-08  8.31456983e-01 
 5.17675000e-08  4.29935189e-01 
 5.17838276e-08  1.09547494e-01 
 5.18000000e-08  3.83938059e-02 
 5.18017955e-08  3.63697302e-02 
 5.18053864e-08  3.25437469e-02 
 5.18125683e-08  2.62945328e-02 
 5.18269320e-08  1.74497110e-02 
 5.18500000e-08  9.57747940e-03 
 5.18525000e-08  9.05757231e-03 
 5.18575000e-08  8.05704492e-03 
 5.18675000e-08  6.32475793e-03 
 5.18837500e-08  4.20076980e-03 
 5.19000000e-08  2.75247450e-03 
 5.19025000e-08  2.58371970e-03 
 5.19075000e-08  2.26687816e-03 
 5.19175000e-08  1.74195571e-03 
 5.19337500e-08  1.13103618e-03 
 5.19500000e-08  7.39525191e-04 
 5.19525000e-08  6.95612346e-04 
 5.19575000e-08  6.13986718e-04 
 5.19675000e-08  4.81171137e-04 
 5.19837500e-08  3.30205688e-04 
 5.20000000e-08  2.33802932e-04 
 5.20025000e-08  2.22874294e-04 
 5.20075000e-08  2.02582568e-04 
 5.20175000e-08  1.69342019e-04 
 5.20337500e-08  1.30266322e-04 
 5.20500000e-08  1.03922498e-04 
 5.20525000e-08  1.00695501e-04 
 5.20575000e-08  9.44785277e-05 
 5.20675000e-08  8.35753757e-05 
 5.20837500e-08  6.96324250e-05 
 5.21000000e-08  5.89457235e-05 
 5.21025000e-08  5.75679137e-05 
 5.21075000e-08  5.50182854e-05 
 5.21175000e-08  5.05747357e-05 
 5.21337500e-08  4.38697695e-05 
 5.21500000e-08  3.75177023e-05 
 5.21525000e-08  3.66020870e-05 
 5.21575000e-08  3.48083146e-05 
 5.21675000e-08  3.16566290e-05 
 5.21837500e-08  2.45792249e-05 
 5.22000000e-08  1.38852989e-05 
 5.22025000e-08  1.26231819e-05 
 5.22075000e-08  1.01654831e-05 
 5.22175000e-08  6.98543764e-06 
 5.22337500e-08  5.51779797e-06 
 5.22500000e-08  6.47759553e-06 
 5.22525000e-08  6.75952252e-06 
 5.22575000e-08  7.25038179e-06 
 5.22675000e-08  8.27882545e-06 
 5.22837500e-08  9.73486698e-06 
 5.23000000e-08  1.11707211e-05 
 5.23025000e-08  1.13908835e-05 
 5.23075000e-08  1.16687520e-05 
 5.23175000e-08  1.16006787e-05 
 5.23337500e-08  9.18706682e-06 
 5.23500000e-08  3.75756983e-06 
 5.23525000e-08  2.68626671e-06 
 5.23575000e-08  4.41378844e-07 
 5.23675000e-08 -4.04051610e-06 
 5.23837500e-08 -8.77648949e-06 
 5.24000000e-08 -9.45376256e-06 
 5.24025000e-08 -9.32780655e-06 
 5.24075000e-08 -8.95716149e-06 
 5.24175000e-08 -7.54871576e-06 
 5.24337500e-08 -4.11168631e-06 
 5.24500000e-08  1.45443693e-06 
 5.24525000e-08  2.18374210e-06 
 5.24575000e-08  3.52517185e-06 
 5.24675000e-08  5.96289302e-06 
 5.24837500e-08  9.63309566e-06 
 5.25000000e-08  1.19506183e-05 
 5.25025000e-08  1.21384108e-05 
 5.25075000e-08  1.23930780e-05 
 5.25175000e-08  1.25325795e-05 
 5.25337500e-08  1.19407902e-05 
 5.25500000e-08  1.03652317e-05 
 5.25525000e-08  1.00462682e-05 
 5.25575000e-08  9.32942760e-06 
 5.25675000e-08  7.71214920e-06 
 5.25837500e-08  4.57413254e-06 
 5.26000000e-08  1.00495352e-06 
 5.26025000e-08  5.95450530e-07 
 5.26075000e-08 -3.57399646e-07 
 5.26175000e-08 -2.51836151e-06 
 5.26337500e-08 -7.39466527e-06 
 5.26500000e-08 -1.53340904e-05 
 5.26525000e-08 -1.67403034e-05 
 5.26575000e-08 -1.98882916e-05 
 5.26675000e-08 -2.45181405e-05 
 5.26837500e-08 -2.59513710e-05 
 5.27000000e-08 -2.03163379e-05 
 5.27025000e-08 -1.86216415e-05 
 5.27075000e-08 -1.52021621e-05 
 5.27175000e-08 -5.76392708e-06 
 5.27337500e-08  1.77592602e-05 
 5.27500000e-08  5.19459810e-05 
 5.27525000e-08  5.76858213e-05 
 5.27575000e-08  6.89196311e-05 
 5.27675000e-08  8.99028313e-05 
 5.27837500e-08  1.19848389e-04 
 5.28000000e-08  1.28188442e-04 
 5.28025000e-08  1.28481694e-04 
 5.28075000e-08  1.28673909e-04 
 5.28175000e-08  1.23034167e-04 
 5.28337500e-08  1.13005367e-04 
 5.28500000e-08  1.02364245e-04 
 5.28525000e-08  1.01312357e-04 
 5.28575000e-08  9.93771313e-05 
 5.28675000e-08  9.26181408e-05 
 5.28837500e-08  6.72829469e-05 
 5.29000000e-08  2.73238543e-05 
 5.29025000e-08  2.10834878e-05 
 5.29075000e-08  1.00303756e-05 
 5.29175000e-08 -5.57037081e-06 
 5.29337500e-08 -1.31167726e-05 
 5.29500000e-08 -4.90584650e-07 
 5.29525000e-08  2.93028057e-06 
 5.29575000e-08  1.12587685e-05 
 5.29675000e-08  3.37702422e-05 
 5.29837500e-08  8.75246523e-05 
 5.30000000e-08  1.53526732e-04 
 5.30025000e-08  1.61653477e-04 
 5.30075000e-08  1.76560885e-04 
 5.30175000e-08  1.91921325e-04 
 5.30337500e-08  1.65465062e-04 
 5.30500000e-08  3.61864732e-05 
 5.30525000e-08  1.44751695e-06 
 5.30575000e-08 -8.22114577e-05 
 5.30675000e-08 -3.04460114e-04 
 5.30837500e-08 -7.94790722e-04 
 5.31000000e-08 -1.32385296e-03 
 5.31025000e-08 -1.40707365e-03 
 5.31075000e-08 -1.57783351e-03 
 5.31175000e-08 -1.92900039e-03 
 5.31337500e-08 -2.48422204e-03 
 5.31500000e-08 -3.00784229e-03 
 5.31525000e-08 -3.08536821e-03 
 5.31575000e-08 -3.24090131e-03 
 5.31675000e-08 -3.54962938e-03 
 5.31837500e-08 -4.05675434e-03 
 5.32000000e-08 -4.58427598e-03 
 5.32025000e-08 -4.66762238e-03 
 5.32075000e-08 -4.84075930e-03 
 5.32175000e-08 -5.20496186e-03 
 5.32337500e-08 -5.85667737e-03 
 5.32500000e-08 -6.61944814e-03 
 5.32525000e-08 -6.74743427e-03 
 5.32575000e-08 -7.02762610e-03 
 5.32675000e-08 -7.64644833e-03 
 5.32837500e-08 -8.89581166e-03 
 5.33000000e-08 -1.05355254e-02 
 5.33025000e-08 -1.08064767e-02 
 5.33075000e-08 -1.13893446e-02 
 5.33175000e-08 -1.24790979e-02 
 5.33337500e-08 -1.31365927e-02 
 5.33500000e-08 -1.00464249e-02 
 5.33525000e-08 -8.98583778e-03 
 5.33575000e-08 -6.49571585e-03 
 5.33675000e-08  8.08998003e-04 
 5.33837500e-08  1.96031772e-02 
 5.34000000e-08  4.99621877e-02 
 5.34025000e-08  5.59491938e-02 
 5.34075000e-08  6.87206076e-02 
 5.34175000e-08  9.94832645e-02 
 5.34337500e-08  1.68656404e-01 
 5.34500000e-08  2.74167915e-01 
 5.34525000e-08  2.95565981e-01 
 5.34575000e-08  3.42509180e-01 
 5.34675000e-08  4.69678068e-01 
 5.34837500e-08  8.32029526e-01 
 5.35000000e-08  1.40222678e+00 
 5.35025000e-08  1.50961447e+00 
 5.35075000e-08  1.73166438e+00 
 5.35175000e-08  2.19614674e+00 
 5.35337500e-08  2.76544768e+00 
 5.35500000e-08  3.06526556e+00 
 5.35525000e-08  3.09066874e+00 
 5.35575000e-08  3.13548865e+00 
 5.35675000e-08  3.19661965e+00 
 5.35837500e-08  3.24671581e+00 
 5.36000000e-08  3.26762040e+00 
 5.36025000e-08  3.26960012e+00 
 5.36075000e-08  3.27328855e+00 
 5.36175000e-08  3.27926250e+00 
 5.36337500e-08  3.28610421e+00 
 5.36500000e-08  3.29051419e+00 
 5.36525000e-08  3.29101457e+00 
 5.36575000e-08  3.29195485e+00 
 5.36675000e-08  3.29351112e+00 
 5.36837500e-08  3.29532886e+00 
 5.37000000e-08  3.29652109e+00 
 5.37025000e-08  3.29665860e+00 
 5.37075000e-08  3.29691813e+00 
 5.37175000e-08  3.29735579e+00 
 5.37337500e-08  3.29789402e+00 
 5.37500000e-08  3.29828441e+00 
 5.37525000e-08  3.29833377e+00 
 5.37575000e-08  3.29842885e+00 
 5.37675000e-08  3.29859963e+00 
 5.37837500e-08  3.29882466e+00 
 5.38000000e-08  3.29899849e+00 
 5.38025000e-08  3.29902592e+00 
 5.38075000e-08  3.29908049e+00 
 5.38175000e-08  3.29919312e+00 
 5.38337500e-08  3.29937220e+00 
 5.38500000e-08  3.29952813e+00 
 5.38525000e-08  3.29954903e+00 
 5.38575000e-08  3.29958906e+00 
 5.38675000e-08  3.29966223e+00 
 5.38837500e-08  3.29975866e+00 
 5.39000000e-08  3.29982805e+00 
 5.39025000e-08  3.29983619e+00 
 5.39075000e-08  3.29985097e+00 
 5.39175000e-08  3.29987435e+00 
 5.39337500e-08  3.29990010e+00 
 5.39500000e-08  3.29991614e+00 
 5.39525000e-08  3.29991815e+00 
 5.39575000e-08  3.29992165e+00 
 5.39675000e-08  3.29992750e+00 
 5.39837500e-08  3.29993422e+00 
 5.40000000e-08  3.29993870e+00 
 5.40025000e-08  3.29993977e+00 
 5.40075000e-08  3.29994155e+00 
 5.40175000e-08  3.29994478e+00 
 5.40337500e-08  3.29995234e+00 
 5.40500000e-08  3.29996783e+00 
 5.40525000e-08  3.29997056e+00 
 5.40575000e-08  3.29997600e+00 
 5.40675000e-08  3.29998227e+00 
 5.40837500e-08  3.29997983e+00 
 5.41000000e-08  3.29996814e+00 
 5.41025000e-08  3.29996603e+00 
 5.41075000e-08  3.29996176e+00 
 5.41175000e-08  3.29995343e+00 
 5.41337500e-08  3.29994191e+00 
 5.41500000e-08  3.29993354e+00 
 5.41525000e-08  3.29993251e+00 
 5.41575000e-08  3.29993035e+00 
 5.41675000e-08  3.29992632e+00 
 5.41837500e-08  3.29992160e+00 
 5.42000000e-08  3.29991833e+00 
 5.42025000e-08  3.29991809e+00 
 5.42075000e-08  3.29991792e+00 
 5.42175000e-08  3.29991918e+00 
 5.42337500e-08  3.29992318e+00 
 5.42500000e-08  3.29992938e+00 
 5.42525000e-08  3.29993066e+00 
 5.42575000e-08  3.29993312e+00 
 5.42675000e-08  3.29993873e+00 
 5.42837500e-08  3.29995096e+00 
 5.43000000e-08  3.29996814e+00 
 5.43025000e-08  3.29997105e+00 
 5.43075000e-08  3.29997665e+00 
 5.43175000e-08  3.29998674e+00 
 5.43337500e-08  3.29999821e+00 
 5.43500000e-08  3.30000323e+00 
 5.43525000e-08  3.30000331e+00 
 5.43575000e-08  3.30000219e+00 
 5.43675000e-08  3.29999973e+00 
 5.43837500e-08  3.29999433e+00 
 5.44000000e-08  3.29998904e+00 
 5.44025000e-08  3.29998850e+00 
 5.44075000e-08  3.29998759e+00 
 5.44175000e-08  3.29998574e+00 
 5.44337500e-08  3.29998015e+00 
 5.44500000e-08  3.29996837e+00 
 5.44525000e-08  3.29996586e+00 
 5.44575000e-08  3.29996104e+00 
 5.44675000e-08  3.29995480e+00 
 5.44837500e-08  3.29995796e+00 
 5.45000000e-08  3.29996446e+00 
 5.45025000e-08  3.29996589e+00 
 5.45075000e-08  3.29996975e+00 
 5.45175000e-08  3.29998219e+00 
 5.45337500e-08  3.30001564e+00 
 5.45500000e-08  3.30004873e+00 
 5.45525000e-08  3.30005098e+00 
 5.45575000e-08  3.30005334e+00 
 5.45675000e-08  3.30004361e+00 
 5.45837500e-08  3.29998805e+00 
 5.46000000e-08  3.29990304e+00 
 5.46025000e-08  3.29988838e+00 
 5.46075000e-08  3.29985962e+00 
 5.46175000e-08  3.29981025e+00 
 5.46337500e-08  3.29975085e+00 
 5.46500000e-08  3.29972302e+00 
 5.46525000e-08  3.29972325e+00 
 5.46575000e-08  3.29972541e+00 
 5.46675000e-08  3.29973855e+00 
 5.46837500e-08  3.29978281e+00 
 5.47000000e-08  3.29984369e+00 
 5.47025000e-08  3.29985095e+00 
 5.47075000e-08  3.29986409e+00 
 5.47175000e-08  3.29988396e+00 
 5.47337500e-08  3.29990451e+00 
 5.47500000e-08  3.29993273e+00 
 5.47525000e-08  3.29993924e+00 
 5.47575000e-08  3.29995135e+00 
 5.47675000e-08  3.29997203e+00 
 5.47837500e-08  3.29999491e+00 
 5.48000000e-08  3.30000531e+00 
 5.48025000e-08  3.30000569e+00 
 5.48075000e-08  3.30000558e+00 
 5.48175000e-08  3.30000249e+00 
 5.48337500e-08  3.29999126e+00 
 5.48500000e-08  3.29997189e+00 
 5.48525000e-08  3.29996817e+00 
 5.48575000e-08  3.29995964e+00 
 5.48675000e-08  3.29993890e+00 
 5.48837500e-08  3.29989237e+00 
 5.49000000e-08  3.29982247e+00 
 5.49025000e-08  3.29980986e+00 
 5.49075000e-08  3.29978199e+00 
 5.49175000e-08  3.29972641e+00 
 5.49337500e-08  3.29966006e+00 
 5.49500000e-08  3.29964131e+00 
 5.49525000e-08  3.29964338e+00 
 5.49575000e-08  3.29964772e+00 
 5.49675000e-08  3.29966368e+00 
 5.49837500e-08  3.29970579e+00 
 5.50000000e-08  3.29977511e+00 
 5.50025000e-08  3.29978983e+00 
 5.50075000e-08  3.29982196e+00 
 5.50175000e-08  3.29990795e+00 
 5.50337500e-08  3.30012749e+00 
 5.50500000e-08  3.30044149e+00 
 5.50525000e-08  3.30049633e+00 
 5.50575000e-08  3.30060862e+00 
 5.50675000e-08  3.30084520e+00 
 5.50837500e-08  3.30123633e+00 
 5.51000000e-08  3.30160145e+00 
 5.51025000e-08  3.30165688e+00 
 5.51075000e-08  3.30176695e+00 
 5.51175000e-08  3.30198523e+00 
 5.51337500e-08  3.30235675e+00 
 5.51500000e-08  3.30274938e+00 
 5.51525000e-08  3.30280956e+00 
 5.51575000e-08  3.30293098e+00 
 5.51675000e-08  3.30317976e+00 
 5.51837500e-08  3.30359714e+00 
 5.52000000e-08  3.30401302e+00 
 5.52025000e-08  3.30407167e+00 
 5.52075000e-08  3.30418653e+00 
 5.52175000e-08  3.30439340e+00 
 5.52337500e-08  3.30467958e+00 
 5.52500000e-08  3.30495080e+00 
 5.52525000e-08  3.30499464e+00 
 5.52575000e-08  3.30508643e+00 
 5.52675000e-08  3.30529454e+00 
 5.52837500e-08  3.30571414e+00 
 5.53000000e-08  3.30625879e+00 
 5.53025000e-08  3.30635638e+00 
 5.53075000e-08  3.30656157e+00 
 5.53175000e-08  3.30702748e+00 
 5.53337500e-08  3.30796639e+00 
 5.53500000e-08  3.30920534e+00 
 5.53525000e-08  3.30943156e+00 
 5.53575000e-08  3.30991338e+00 
 5.53675000e-08  3.31103162e+00 
 5.53837500e-08  3.31338412e+00 
 5.54000000e-08  3.31647223e+00 
 5.54025000e-08  3.31699052e+00 
 5.54075000e-08  3.31800996e+00 
 5.54175000e-08  3.31951204e+00 
 5.54337500e-08  3.31757500e+00 
 5.54500000e-08  3.30518579e+00 
 5.54525000e-08  3.30185817e+00 
 5.54575000e-08  3.29497435e+00 
 5.54675000e-08  3.27655537e+00 
 5.54837500e-08  3.23123043e+00 
 5.55000000e-08  3.16424672e+00 
 5.55025000e-08  3.15139062e+00 
 5.55075000e-08  3.12417355e+00 
 5.55175000e-08  3.05970280e+00 
 5.55337500e-08  2.91407153e+00 
 5.55500000e-08  2.65816098e+00 
 5.55525000e-08  2.59959342e+00 
 5.55575000e-08  2.46955506e+00 
 5.55675000e-08  2.14054032e+00 
 5.55837500e-08  1.43424147e+00 
 5.56000000e-08  6.64798053e-01 
 5.56025000e-08  5.65159350e-01 
 5.56075000e-08  3.91584237e-01 
 5.56175000e-08  1.74741901e-01 
 5.56337500e-08  4.82157365e-02 
 5.56500000e-08  2.61328443e-02 
 5.56517816e-08  2.49999902e-02 
 5.56553449e-08  2.27598521e-02 
 5.56624714e-08  1.88350419e-02 
 5.56767245e-08  1.29808643e-02 
 5.57000000e-08  7.20869680e-03 
 5.57025000e-08  6.80180330e-03 
 5.57075000e-08  6.02661991e-03 
 5.57175000e-08  4.70213009e-03 
 5.57337500e-08  3.09633691e-03 
 5.57500000e-08  2.01601285e-03 
 5.57525000e-08  1.89147500e-03 
 5.57575000e-08  1.65809057e-03 
 5.57675000e-08  1.27328363e-03 
 5.57837500e-08  8.29466400e-04 
 5.58000000e-08  5.48382116e-04 
 5.58025000e-08  5.17125996e-04 
 5.58075000e-08  4.59170561e-04 
 5.58175000e-08  3.64787979e-04 
 5.58337500e-08  2.56547219e-04 
 5.58500000e-08  1.86525904e-04 
 5.58525000e-08  1.78485190e-04 
 5.58575000e-08  1.63435013e-04 
 5.58675000e-08  1.38412931e-04 
 5.58837500e-08  1.08618411e-04 
 5.59000000e-08  8.83295713e-05 
 5.59025000e-08  8.59802003e-05 
 5.59075000e-08  8.16200963e-05 
 5.59175000e-08  7.42999810e-05 
 5.59337500e-08  6.44360652e-05 
 5.59500000e-08  5.57606696e-05 
 5.59525000e-08  5.44008357e-05 
 5.59575000e-08  5.16088452e-05 
 5.59675000e-08  4.59369530e-05 
 5.59837500e-08  3.77097752e-05 
 5.60000000e-08  3.14605422e-05 
 5.60025000e-08  3.08282937e-05 
 5.60075000e-08  2.95185072e-05 
 5.60175000e-08  2.63876154e-05 
 5.60337500e-08  1.74225498e-05 
 5.60500000e-08  9.33991180e-06 
 5.60525000e-08  8.77581786e-06 
 5.60575000e-08  7.62829260e-06 
 5.60675000e-08  6.25225154e-06 
 5.60837500e-08  6.08056752e-06 
 5.61000000e-08  7.07673908e-06 
 5.61025000e-08  7.37613030e-06 
 5.61075000e-08  7.97288984e-06 
 5.61175000e-08  9.39234739e-06 
 5.61337500e-08  1.14745806e-05 
 5.61500000e-08  1.28164743e-05 
 5.61525000e-08  1.28170526e-05 
 5.61575000e-08  1.25166040e-05 
 5.61675000e-08  1.08895322e-05 
 5.61837500e-08  5.97830615e-06 
 5.62000000e-08 -8.16583833e-07 
 5.62025000e-08 -1.98575218e-06 
 5.62075000e-08 -4.32581666e-06 
 5.62175000e-08 -8.23920762e-06 
 5.62337500e-08 -1.08592672e-05 
 5.62500000e-08 -1.08327617e-05 
 5.62525000e-08 -1.04142558e-05 
 5.62575000e-08 -9.34705420e-06 
 5.62675000e-08 -6.40184412e-06 
 5.62837500e-08 -3.63927488e-07 
 5.63000000e-08  5.42931077e-06 
 5.63025000e-08  5.93945384e-06 
 5.63075000e-08  6.81144184e-06 
 5.63175000e-08  8.20060207e-06 
 5.63337500e-08  1.03723988e-05 
 5.63500000e-08  1.12326089e-05 
 5.63525000e-08  1.14303026e-05 
 5.63575000e-08  1.19051537e-05 
 5.63675000e-08  1.27705668e-05 
 5.63837500e-08  1.26999427e-05 
 5.64000000e-08  1.09932949e-05 
 5.64025000e-08  1.05842678e-05 
 5.64075000e-08  9.62089453e-06 
 5.64175000e-08  7.15771854e-06 
 5.64337500e-08  3.16054447e-06 
 5.64500000e-08 -5.46473190e-07 
 5.64525000e-08 -1.25367585e-06 
 5.64575000e-08 -2.95010530e-06 
 5.64675000e-08 -6.78678833e-06 
 5.64837500e-08 -1.44082167e-05 
 5.65000000e-08 -2.36662483e-05 
 5.65025000e-08 -2.45354358e-05 
 5.65075000e-08 -2.61807725e-05 
 5.65175000e-08 -2.66320059e-05 
 5.65337500e-08 -2.19567848e-05 
 5.65500000e-08 -1.14751730e-05 
 5.65525000e-08 -9.11731696e-06 
 5.65575000e-08 -4.17085857e-06 
 5.65675000e-08  8.73694615e-06 
 5.65837500e-08  3.91435785e-05 
 5.66000000e-08  7.55610243e-05 
 5.66025000e-08  8.07789321e-05 
 5.66075000e-08  9.18361710e-05 
 5.66175000e-08  1.12523557e-04 
 5.66337500e-08  1.26833527e-04 
 5.66500000e-08  1.28584584e-04 
 5.66525000e-08  1.26938923e-04 
 5.66575000e-08  1.24185873e-04 
 5.66675000e-08  1.17131161e-04 
 5.66837500e-08  1.05354988e-04 
 5.67000000e-08  9.70672781e-05 
 5.67025000e-08  9.50023686e-05 
 5.67075000e-08  9.10730711e-05 
 5.67175000e-08  7.73265340e-05 
 5.67337500e-08  4.05064525e-05 
 5.67500000e-08  3.24454027e-06 
 5.67525000e-08 -9.91470613e-07 
 5.67575000e-08 -8.07012280e-06 
 5.67675000e-08 -1.41293922e-05 
 5.67837500e-08 -7.24305820e-06 
 5.68000000e-08  1.71759361e-05 
 5.68025000e-08  2.25153174e-05 
 5.68075000e-08  3.50684049e-05 
 5.68175000e-08  6.65668268e-05 
 5.68337500e-08  1.31279198e-04 
 5.68500000e-08  1.83626908e-04 
 5.68525000e-08  1.87281070e-04 
 5.68575000e-08  1.92377714e-04 
 5.68675000e-08  1.83581076e-04 
 5.68837500e-08  9.65358696e-05 
 5.69000000e-08 -1.36754755e-04 
 5.69025000e-08 -1.91599436e-04 
 5.69075000e-08 -3.10353534e-04 
 5.69175000e-08 -5.97880640e-04 
 5.69337500e-08 -1.13615616e-03 
 5.69500000e-08 -1.66335228e-03 
 5.69525000e-08 -1.75584138e-03 
 5.69575000e-08 -1.93815726e-03 
 5.69675000e-08 -2.28848856e-03 
 5.69837500e-08 -2.82364538e-03 
 5.70000000e-08 -3.33095303e-03 
 5.70025000e-08 -3.40644450e-03 
 5.70075000e-08 -3.55814604e-03 
 5.70175000e-08 -3.86695834e-03 
 5.70337500e-08 -4.38367265e-03 
 5.70500000e-08 -4.93562284e-03 
 5.70525000e-08 -5.02583723e-03 
 5.70575000e-08 -5.21389400e-03 
 5.70675000e-08 -5.60997062e-03 
 5.70837500e-08 -6.32836104e-03 
 5.71000000e-08 -7.19725004e-03 
 5.71025000e-08 -7.34634405e-03 
 5.71075000e-08 -7.67821664e-03 
 5.71175000e-08 -8.42235654e-03 
 5.71337500e-08 -9.92237620e-03 
 5.71500000e-08 -1.17318425e-02 
 5.71525000e-08 -1.19977009e-02 
 5.71575000e-08 -1.25309193e-02 
 5.71675000e-08 -1.32114408e-02 
 5.71837500e-08 -1.17862146e-02 
 5.72000000e-08 -4.67354740e-03 
 5.72025000e-08 -2.83138581e-03 
 5.72075000e-08  1.20402478e-03 
 5.72175000e-08  1.16506409e-02 
 5.72337500e-08  3.75840194e-02 
 5.72500000e-08  7.69634649e-02 
 5.72525000e-08  8.46237091e-02 
 5.72575000e-08  1.00948454e-01 
 5.72675000e-08  1.40287035e-01 
 5.72837500e-08  2.30218973e-01 
 5.73000000e-08  3.75059652e-01 
 5.73025000e-08  4.05980945e-01 
 5.73075000e-08  4.75954817e-01 
 5.73175000e-08  6.73810150e-01 
 5.73337500e-08  1.16915105e+00 
 5.73500000e-08  1.85452025e+00 
 5.73525000e-08  1.97407966e+00 
 5.73575000e-08  2.20950741e+00 
 5.73675000e-08  2.59910125e+00 
 5.73837500e-08  2.98452071e+00 
 5.74000000e-08  3.16065841e+00 
 5.74021391e-08  3.17281467e+00 
 5.74064173e-08  3.19459416e+00 
 5.74149736e-08  3.22586475e+00 
 5.74320863e-08  3.25973454e+00 
 5.74500000e-08  3.27546091e+00 
 5.74525000e-08  3.27688361e+00 
 5.74575000e-08  3.27955610e+00 
 5.74675000e-08  3.28397095e+00 
 5.74837500e-08  3.28912000e+00 
 5.75000000e-08  3.29247007e+00 
 5.75025000e-08  3.29285180e+00 
 5.75075000e-08  3.29356807e+00 
 5.75175000e-08  3.29475151e+00 
 5.75337500e-08  3.29613805e+00 
 5.75500000e-08  3.29705788e+00 
 5.75525000e-08  3.29716524e+00 
 5.75575000e-08  3.29736854e+00 
 5.75675000e-08  3.29771542e+00 
 5.75837500e-08  3.29815266e+00 
 5.76000000e-08  3.29848108e+00 
 5.76025000e-08  3.29852343e+00 
 5.76075000e-08  3.29860463e+00 
 5.76175000e-08  3.29874871e+00 
 5.76337500e-08  3.29893791e+00 
 5.76500000e-08  3.29911546e+00 
 5.76525000e-08  3.29914528e+00 
 5.76575000e-08  3.29920398e+00 
 5.76675000e-08  3.29931764e+00 
 5.76837500e-08  3.29948274e+00 
 5.77000000e-08  3.29961639e+00 
 5.77025000e-08  3.29963459e+00 
 5.77075000e-08  3.29966923e+00 
 5.77175000e-08  3.29973040e+00 
 5.77337500e-08  3.29980858e+00 
 5.77500000e-08  3.29986226e+00 
 5.77525000e-08  3.29986819e+00 
 5.77575000e-08  3.29987872e+00 
 5.77675000e-08  3.29989474e+00 
 5.77837500e-08  3.29991178e+00 
 5.78000000e-08  3.29992250e+00 
 5.78025000e-08  3.29992381e+00 
 5.78075000e-08  3.29992597e+00 
 5.78175000e-08  3.29992954e+00 
 5.78337500e-08  3.29993389e+00 
 5.78500000e-08  3.29993905e+00 
 5.78525000e-08  3.29994011e+00 
 5.78575000e-08  3.29994230e+00 
 5.78675000e-08  3.29994790e+00 
 5.78837500e-08  3.29996188e+00 
 5.79000000e-08  3.29997987e+00 
 5.79025000e-08  3.29998117e+00 
 5.79075000e-08  3.29998291e+00 
 5.79175000e-08  3.29998091e+00 
 5.79337500e-08  3.29996959e+00 
 5.79500000e-08  3.29995571e+00 
 5.79525000e-08  3.29995387e+00 
 5.79575000e-08  3.29995044e+00 
 5.79675000e-08  3.29994474e+00 
 5.79837500e-08  3.29993737e+00 
 5.80000000e-08  3.29993192e+00 
 5.80025000e-08  3.29993142e+00 
 5.80075000e-08  3.29993055e+00 
 5.80175000e-08  3.29992950e+00 
 5.80337500e-08  3.29992798e+00 
 5.80500000e-08  3.29992539e+00 
 5.80525000e-08  3.29992494e+00 
 5.80575000e-08  3.29992378e+00 
 5.80675000e-08  3.29992187e+00 
 5.80837500e-08  3.29992241e+00 
 5.81000000e-08  3.29992830e+00 
 5.81025000e-08  3.29992990e+00 
 5.81075000e-08  3.29993335e+00 
 5.81175000e-08  3.29994213e+00 
 5.81337500e-08  3.29996012e+00 
 5.81500000e-08  3.29998055e+00 
 5.81525000e-08  3.29998347e+00 
 5.81575000e-08  3.29998884e+00 
 5.81675000e-08  3.29999690e+00 
 5.81837500e-08  3.30000390e+00 
 5.82000000e-08  3.30000336e+00 
 5.82025000e-08  3.30000249e+00 
 5.82075000e-08  3.30000052e+00 
 5.82175000e-08  3.29999632e+00 
 5.82337500e-08  3.29999055e+00 
 5.82500000e-08  3.29998597e+00 
 5.82525000e-08  3.29998527e+00 
 5.82575000e-08  3.29998414e+00 
 5.82675000e-08  3.29998143e+00 
 5.82837500e-08  3.29997200e+00 
 5.83000000e-08  3.29995831e+00 
 5.83025000e-08  3.29995633e+00 
 5.83075000e-08  3.29995456e+00 
 5.83175000e-08  3.29995739e+00 
 5.83337500e-08  3.29996189e+00 
 5.83500000e-08  3.29997379e+00 
 5.83525000e-08  3.29997689e+00 
 5.83575000e-08  3.29998420e+00 
 5.83675000e-08  3.30000333e+00 
 5.83837500e-08  3.30004052e+00 
 5.84000000e-08  3.30005264e+00 
 5.84025000e-08  3.30005002e+00 
 5.84075000e-08  3.30004225e+00 
 5.84175000e-08  3.30001157e+00 
 5.84337500e-08  3.29993477e+00 
 5.84500000e-08  3.29984338e+00 
 5.84525000e-08  3.29983154e+00 
 5.84575000e-08  3.29980907e+00 
 5.84675000e-08  3.29976941e+00 
 5.84837500e-08  3.29972818e+00 
 5.85000000e-08  3.29972645e+00 
 5.85025000e-08  3.29972951e+00 
 5.85075000e-08  3.29973714e+00 
 5.85175000e-08  3.29975999e+00 
 5.85337500e-08  3.29982453e+00 
 5.85500000e-08  3.29987032e+00 
 5.85525000e-08  3.29987551e+00 
 5.85575000e-08  3.29988376e+00 
 5.85675000e-08  3.29989620e+00 
 5.85837500e-08  3.29992091e+00 
 5.86000000e-08  3.29995701e+00 
 5.86025000e-08  3.29996273e+00 
 5.86075000e-08  3.29997323e+00 
 5.86175000e-08  3.29999011e+00 
 5.86337500e-08  3.30000653e+00 
 5.86500000e-08  3.30000928e+00 
 5.86525000e-08  3.30000853e+00 
 5.86575000e-08  3.30000610e+00 
 5.86675000e-08  3.29999804e+00 
 5.86837500e-08  3.29997964e+00 
 5.87000000e-08  3.29995244e+00 
 5.87025000e-08  3.29994738e+00 
 5.87075000e-08  3.29993583e+00 
 5.87175000e-08  3.29990826e+00 
 5.87337500e-08  3.29984768e+00 
 5.87500000e-08  3.29976360e+00 
 5.87525000e-08  3.29975033e+00 
 5.87575000e-08  3.29972287e+00 
 5.87675000e-08  3.29967734e+00 
 5.87837500e-08  3.29964139e+00 
 5.88000000e-08  3.29964859e+00 
 5.88025000e-08  3.29965352e+00 
 5.88075000e-08  3.29966368e+00 
 5.88175000e-08  3.29969175e+00 
 5.88337500e-08  3.29975711e+00 
 5.88500000e-08  3.29986159e+00 
 5.88525000e-08  3.29988299e+00 
 5.88575000e-08  3.29992917e+00 
 5.88675000e-08  3.30005052e+00 
 5.88837500e-08  3.30032957e+00 
 5.89000000e-08  3.30067564e+00 
 5.89025000e-08  3.30073380e+00 
 5.89075000e-08  3.30085114e+00 
 5.89175000e-08  3.30109194e+00 
 5.89337500e-08  3.30146666e+00 
 5.89500000e-08  3.30182694e+00 
 5.89525000e-08  3.30188394e+00 
 5.89575000e-08  3.30199740e+00 
 5.89675000e-08  3.30222745e+00 
 5.89837500e-08  3.30261818e+00 
 5.90000000e-08  3.30302040e+00 
 5.90025000e-08  3.30308347e+00 
 5.90075000e-08  3.30321140e+00 
 5.90175000e-08  3.30347410e+00 
 5.90337500e-08  3.30389986e+00 
 5.90500000e-08  3.30428214e+00 
 5.90525000e-08  3.30433113e+00 
 5.90575000e-08  3.30442631e+00 
 5.90675000e-08  3.30459991e+00 
 5.90837500e-08  3.30486623e+00 
 5.91000000e-08  3.30516117e+00 
 5.91025000e-08  3.30521223e+00 
 5.91075000e-08  3.30531969e+00 
 5.91175000e-08  3.30556563e+00 
 5.91337500e-08  3.30606346e+00 
 5.91500000e-08  3.30670957e+00 
 5.91525000e-08  3.30682544e+00 
 5.91575000e-08  3.30706937e+00 
 5.91675000e-08  3.30762407e+00 
 5.91837500e-08  3.30875032e+00 
 5.92000000e-08  3.31025313e+00 
 5.92025000e-08  3.31053105e+00 
 5.92075000e-08  3.31112526e+00 
 5.92175000e-08  3.31251208e+00 
 5.92337500e-08  3.31539056e+00 
 5.92500000e-08  3.31857325e+00 
 5.92525000e-08  3.31897333e+00 
 5.92575000e-08  3.31960184e+00 
 5.92675000e-08  3.31924075e+00 
 5.92837500e-08  3.31078339e+00 
 5.93000000e-08  3.28920629e+00 
 5.93025000e-08  3.28447898e+00 
 5.93075000e-08  3.27411767e+00 
 5.93175000e-08  3.24785563e+00 
 5.93337500e-08  3.18807180e+00 
 5.93500000e-08  3.10247838e+00 
 5.93525000e-08  3.08608315e+00 
 5.93575000e-08  3.05122962e+00 
 5.93675000e-08  2.96725114e+00 
 5.93837500e-08  2.75928105e+00 
 5.94000000e-08  2.35865359e+00 
 5.94025000e-08  2.27350818e+00 
 5.94075000e-08  2.09254951e+00 
 5.94175000e-08  1.67040922e+00 
 5.94337500e-08  8.75282854e-01 
 5.94500000e-08  2.91655882e-01 
 5.94525000e-08  2.43281559e-01 
 5.94575000e-08  1.63155489e-01 
 5.94675000e-08  7.57230247e-02 
 5.94837500e-08  3.04305288e-02 
 5.95000000e-08  1.92660533e-02 
 5.95020408e-08  1.83343813e-02 
 5.95061225e-08  1.65304326e-02 
 5.95142857e-08  1.34504291e-02 
 5.95306123e-08  8.92728454e-03 
 5.95500000e-08  5.50615314e-03 
 5.95525000e-08  5.18434933e-03 
 5.95575000e-08  4.57524014e-03 
 5.95675000e-08  3.54680616e-03 
 5.95837500e-08  2.31698224e-03 
 5.96000000e-08  1.50328604e-03 
 5.96025000e-08  1.41019987e-03 
 5.96075000e-08  1.23637717e-03 
 5.96175000e-08  9.51911621e-04 
 5.96337500e-08  6.27017321e-04 
 5.96500000e-08  4.22979462e-04 
 5.96525000e-08  4.00154873e-04 
 5.96575000e-08  3.57732886e-04 
 5.96675000e-08  2.88077121e-04 
 5.96837500e-08  2.07254305e-04 
 5.97000000e-08  1.54450252e-04 
 5.97025000e-08  1.48283443e-04 
 5.97075000e-08  1.36633461e-04 
 5.97175000e-08  1.16963721e-04 
 5.97337500e-08  9.32935701e-05 
 5.97500000e-08  7.69680242e-05 
 5.97525000e-08  7.50007777e-05 
 5.97575000e-08  7.12629408e-05 
 5.97675000e-08  6.46788033e-05 
 5.97837500e-08  5.54494486e-05 
 5.98000000e-08  4.74523045e-05 
 5.98025000e-08  4.62980693e-05 
 5.98075000e-08  4.38614185e-05 
 5.98175000e-08  3.94856519e-05 
 5.98337500e-08  3.33118117e-05 
 5.98500000e-08  2.86241095e-05 
 5.98525000e-08  2.78336341e-05 
 5.98575000e-08  2.59462271e-05 
 5.98675000e-08  2.10375928e-05 
 5.98837500e-08  1.26557346e-05 
 5.99000000e-08  8.79729033e-06 
 5.99025000e-08  8.61354821e-06 
 5.99075000e-08  8.15397395e-06 
 5.99175000e-08  7.58898387e-06 
 5.99337500e-08  7.74021095e-06 
 5.99500000e-08  8.53438336e-06 
 5.99525000e-08  8.71696951e-06 
 5.99575000e-08  9.00155892e-06 
 5.99675000e-08  9.70080300e-06 
 5.99837500e-08  1.08192699e-05 
 6.00000000e-08  1.05186953e-05 
 6.00025000e-08  1.02312660e-05 
 6.00075000e-08  9.40861375e-06 
 6.00175000e-08  6.79261401e-06 
 6.00337500e-08  6.30175246e-07 
 6.00500000e-08 -5.93336277e-06 
 6.00525000e-08 -6.62118557e-06 
 6.00575000e-08 -7.82106471e-06 
 6.00675000e-08 -8.64138175e-06 
 6.00837500e-08 -8.53553408e-06 
 6.01000000e-08 -6.63384739e-06 
 6.01025000e-08 -6.17972034e-06 
 6.01075000e-08 -5.30063301e-06 
 6.01175000e-08 -3.04164954e-06 
 6.01337500e-08  2.78119368e-06 
 6.01500000e-08  6.07895167e-06 
 6.01525000e-08  6.69600220e-06 
 6.01575000e-08  7.97574646e-06 
 6.01675000e-08  1.03854539e-05 
 6.01837500e-08  1.23751900e-05 
 6.02000000e-08  1.29072072e-05 
 6.02025000e-08  1.29142811e-05 
 6.02075000e-08  1.28049254e-05 
 6.02175000e-08  1.20859874e-05 
 6.02337500e-08  1.00210722e-05 
 6.02500000e-08  7.30661406e-06 
 6.02525000e-08  6.81770984e-06 
 6.02575000e-08  5.76609295e-06 
 6.02675000e-08  3.63399165e-06 
 6.02837500e-08  3.71366572e-07 
 6.03000000e-08 -3.65184325e-06 
 6.03025000e-08 -4.44256420e-06 
 6.03075000e-08 -6.43683819e-06 
 6.03175000e-08 -1.11266743e-05 
 6.03337500e-08 -2.01730870e-05 
 6.03500000e-08 -2.68310146e-05 
 6.03525000e-08 -2.69214874e-05 
 6.03575000e-08 -2.69928565e-05 
 6.03675000e-08 -2.44862588e-05 
 6.03837500e-08 -1.57525061e-05 
 6.04000000e-08  1.51135335e-07 
 6.04025000e-08  3.47417497e-06 
 6.04075000e-08  1.08010084e-05 
 6.04175000e-08  2.95476553e-05 
 6.04337500e-08  6.55224552e-05 
 6.04500000e-08  1.00568098e-04 
 6.04525000e-08  1.05651537e-04 
 6.04575000e-08  1.13596341e-04 
 6.04675000e-08  1.23593565e-04 
 6.04837500e-08  1.29367749e-04 
 6.05000000e-08  1.21597088e-04 
 6.05025000e-08  1.19849624e-04 
 6.05075000e-08  1.15953613e-04 
 6.05175000e-08  1.08267319e-04 
 6.05337500e-08  9.97000133e-05 
 6.05500000e-08  8.62698699e-05 
 6.05525000e-08  8.25329058e-05 
 6.05575000e-08  7.45110419e-05 
 6.05675000e-08  5.28634449e-05 
 6.05837500e-08  1.49765200e-05 
 6.06000000e-08 -1.00235439e-05 
 6.06025000e-08 -1.17399595e-05 
 6.06075000e-08 -1.36682660e-05 
 6.06175000e-08 -1.12003876e-05 
 6.06337500e-08  7.01989978e-06 
 6.06500000e-08  4.37532649e-05 
 6.06525000e-08  5.14801944e-05 
 6.06575000e-08  6.93385668e-05 
 6.06675000e-08  1.10036160e-04 
 6.06837500e-08  1.70718166e-04 
 6.07000000e-08  1.92220100e-04 
 6.07025000e-08  1.89426377e-04 
 6.07075000e-08  1.80538393e-04 
 6.07175000e-08  1.35399896e-04 
 6.07337500e-08 -4.52735270e-05 
 6.07500000e-08 -4.06145990e-04 
 6.07525000e-08 -4.78617775e-04 
 6.07575000e-08 -6.30598811e-04 
 6.07675000e-08 -9.69437610e-04 
 6.07837500e-08 -1.47353757e-03 
 6.08000000e-08 -2.06513393e-03 
 6.08025000e-08 -2.15126113e-03 
 6.08075000e-08 -2.32201645e-03 
 6.08175000e-08 -2.65335786e-03 
 6.08337500e-08 -3.16767081e-03 
 6.08500000e-08 -3.66786701e-03 
 6.08525000e-08 -3.74420801e-03 
 6.08575000e-08 -3.89947552e-03 
 6.08675000e-08 -4.21603394e-03 
 6.08837500e-08 -4.75395425e-03 
 6.09000000e-08 -5.35409149e-03 
 6.09025000e-08 -5.45150375e-03 
 6.09075000e-08 -5.65680579e-03 
 6.09175000e-08 -6.09246400e-03 
 6.09337500e-08 -6.89767673e-03 
 6.09500000e-08 -7.91317348e-03 
 6.09525000e-08 -8.09078837e-03 
 6.09575000e-08 -8.49029514e-03 
 6.09675000e-08 -9.38712569e-03 
 6.09837500e-08 -1.11223320e-02 
 6.10000000e-08 -1.28188512e-02 
 6.10025000e-08 -1.29881297e-02 
 6.10075000e-08 -1.32397381e-02 
 6.10175000e-08 -1.27924216e-02 
 6.10337500e-08 -7.76898871e-03 
 6.10500000e-08  4.50326660e-03 
 6.10525000e-08  7.17407044e-03 
 6.10575000e-08  1.30318439e-02 
 6.10675000e-08  2.79556438e-02 
 6.10837500e-08  6.25954680e-02 
 6.11000000e-08  1.13922777e-01 
 6.11025000e-08  1.23889149e-01 
 6.11075000e-08  1.45165214e-01 
 6.11175000e-08  1.96919973e-01 
 6.11337500e-08  3.20029949e-01 
 6.11500000e-08  5.42459062e-01 
 6.11525000e-08  5.93298164e-01 
 6.11575000e-08  7.06355339e-01 
 6.11675000e-08  9.95848868e-01 
 6.11837500e-08  1.62633347e+00 
 6.12000000e-08  2.34994105e+00 
 6.12025000e-08  2.44867996e+00 
 6.12075000e-08  2.62450459e+00 
 6.12175000e-08  2.88394917e+00 
 6.12337500e-08  3.11844793e+00 
 6.12500000e-08  3.21525534e+00 
 6.12525000e-08  3.22261089e+00 
 6.12575000e-08  3.23566411e+00 
 6.12675000e-08  3.25409850e+00 
 6.12837500e-08  3.27155992e+00 
 6.13000000e-08  3.28124820e+00 
 6.13025000e-08  3.28231384e+00 
 6.13075000e-08  3.28431726e+00 
 6.13175000e-08  3.28763336e+00 
 6.13337500e-08  3.29150325e+00 
 6.13500000e-08  3.29402212e+00 
 6.13525000e-08  3.29430879e+00 
 6.13575000e-08  3.29484786e+00 
 6.13675000e-08  3.29574276e+00 
 6.13837500e-08  3.29679918e+00 
 6.14000000e-08  3.29750936e+00 
 6.14025000e-08  3.29759332e+00 
 6.14075000e-08  3.29775284e+00 
 6.14175000e-08  3.29802834e+00 
 6.14337500e-08  3.29838444e+00 
 6.14500000e-08  3.29865884e+00 
 6.14525000e-08  3.29869403e+00 
 6.14575000e-08  3.29875991e+00 
 6.14675000e-08  3.29887581e+00 
 6.14837500e-08  3.29905050e+00 
 6.15000000e-08  3.29923833e+00 
 6.15025000e-08  3.29926769e+00 
 6.15075000e-08  3.29932460e+00 
 6.15175000e-08  3.29942989e+00 
 6.15337500e-08  3.29957461e+00 
 6.15500000e-08  3.29968982e+00 
 6.15525000e-08  3.29970476e+00 
 6.15575000e-08  3.29973296e+00 
 6.15675000e-08  3.29978148e+00 
 6.15837500e-08  3.29984063e+00 
 6.16000000e-08  3.29987917e+00 
 6.16025000e-08  3.29988356e+00 
 6.16075000e-08  3.29989157e+00 
 6.16175000e-08  3.29990481e+00 
 6.16337500e-08  3.29992037e+00 
 6.16500000e-08  3.29992994e+00 
 6.16525000e-08  3.29993102e+00 
 6.16575000e-08  3.29993260e+00 
 6.16675000e-08  3.29993468e+00 
 6.16837500e-08  3.29993815e+00 
 6.17000000e-08  3.29994345e+00 
 6.17025000e-08  3.29994469e+00 
 6.17075000e-08  3.29994762e+00 
 6.17175000e-08  3.29995607e+00 
 6.17337500e-08  3.29997459e+00 
 6.17500000e-08  3.29998453e+00 
 6.17525000e-08  3.29998389e+00 
 6.17575000e-08  3.29998222e+00 
 6.17675000e-08  3.29997650e+00 
 6.17837500e-08  3.29996410e+00 
 6.18000000e-08  3.29995179e+00 
 6.18025000e-08  3.29995005e+00 
 6.18075000e-08  3.29994644e+00 
 6.18175000e-08  3.29993949e+00 
 6.18337500e-08  3.29993069e+00 
 6.18500000e-08  3.29992514e+00 
 6.18525000e-08  3.29992479e+00 
 6.18575000e-08  3.29992439e+00 
 6.18675000e-08  3.29992453e+00 
 6.18837500e-08  3.29992410e+00 
 6.19000000e-08  3.29992361e+00 
 6.19025000e-08  3.29992360e+00 
 6.19075000e-08  3.29992321e+00 
 6.19175000e-08  3.29992295e+00 
 6.19337500e-08  3.29992639e+00 
 6.19500000e-08  3.29993504e+00 
 6.19525000e-08  3.29993701e+00 
 6.19575000e-08  3.29994125e+00 
 6.19675000e-08  3.29995176e+00 
 6.19837500e-08  3.29997187e+00 
 6.20000000e-08  3.29999068e+00 
 6.20025000e-08  3.29999304e+00 
 6.20075000e-08  3.29999730e+00 
 6.20175000e-08  3.30000458e+00 
 6.20337500e-08  3.30000923e+00 
 6.20500000e-08  3.30000381e+00 
 6.20525000e-08  3.30000271e+00 
 6.20575000e-08  3.30000034e+00 
 6.20675000e-08  3.29999589e+00 
 6.20837500e-08  3.29998930e+00 
 6.21000000e-08  3.29998354e+00 
 6.21025000e-08  3.29998245e+00 
 6.21075000e-08  3.29998011e+00 
 6.21175000e-08  3.29997323e+00 
 6.21337500e-08  3.29995868e+00 
 6.21500000e-08  3.29995182e+00 
 6.21525000e-08  3.29995227e+00 
 6.21575000e-08  3.29995336e+00 
 6.21675000e-08  3.29995672e+00 
 6.21837500e-08  3.29996799e+00 
 6.22000000e-08  3.29999132e+00 
 6.22025000e-08  3.29999635e+00 
 6.22075000e-08  3.30000840e+00 
 6.22175000e-08  3.30003324e+00 
 6.22337500e-08  3.30005447e+00 
 6.22500000e-08  3.30003254e+00 
 6.22525000e-08  3.30002396e+00 
 6.22575000e-08  3.30000432e+00 
 6.22675000e-08  3.29995721e+00 
 6.22837500e-08  3.29986609e+00 
 6.23000000e-08  3.29978928e+00 
 6.23025000e-08  3.29978019e+00 
 6.23075000e-08  3.29976187e+00 
 6.23175000e-08  3.29973670e+00 
 6.23337500e-08  3.29972623e+00 
 6.23500000e-08  3.29974738e+00 
 6.23525000e-08  3.29975337e+00 
 6.23575000e-08  3.29976825e+00 
 6.23675000e-08  3.29980855e+00 
 6.23837500e-08  3.29985919e+00 
 6.24000000e-08  3.29988994e+00 
 6.24025000e-08  3.29989308e+00 
 6.24075000e-08  3.29989855e+00 
 6.24175000e-08  3.29991303e+00 
 6.24337500e-08  3.29994530e+00 
 6.24500000e-08  3.29997800e+00 
 6.24525000e-08  3.29998223e+00 
 6.24575000e-08  3.29998975e+00 
 6.24675000e-08  3.30000063e+00 
 6.24837500e-08  3.30000795e+00 
 6.25000000e-08  3.30000278e+00 
 6.25025000e-08  3.30000115e+00 
 6.25075000e-08  3.29999736e+00 
 6.25175000e-08  3.29998705e+00 
 6.25337500e-08  3.29996257e+00 
 6.25500000e-08  3.29992656e+00 
 6.25525000e-08  3.29991981e+00 
 6.25575000e-08  3.29990433e+00 
 6.25675000e-08  3.29986743e+00 
 6.25837500e-08  3.29978964e+00 
 6.26000000e-08  3.29970295e+00 
 6.26025000e-08  3.29969245e+00 
 6.26075000e-08  3.29967278e+00 
 6.26175000e-08  3.29964951e+00 
 6.26337500e-08  3.29964852e+00 
 6.26500000e-08  3.29967844e+00 
 6.26525000e-08  3.29968552e+00 
 6.26575000e-08  3.29969949e+00 
 6.26675000e-08  3.29973396e+00 
 6.26837500e-08  3.29981825e+00 
 6.27000000e-08  3.29996414e+00 
 6.27025000e-08  3.29999471e+00 
 6.27075000e-08  3.30006760e+00 
 6.27175000e-08  3.30023903e+00 
 6.27337500e-08  3.30057499e+00 
 6.27500000e-08  3.30095562e+00 
 6.27525000e-08  3.30101574e+00 
 6.27575000e-08  3.30113602e+00 
 6.27675000e-08  3.30136277e+00 
 6.27837500e-08  3.30172315e+00 
 6.28000000e-08  3.30209117e+00 
 6.28025000e-08  3.30214757e+00 
 6.28075000e-08  3.30226350e+00 
 6.28175000e-08  3.30250436e+00 
 6.28337500e-08  3.30290154e+00 
 6.28500000e-08  3.30330995e+00 
 6.28525000e-08  3.30337393e+00 
 6.28575000e-08  3.30350379e+00 
 6.28675000e-08  3.30376537e+00 
 6.28837500e-08  3.30416249e+00 
 6.29000000e-08  3.30449009e+00 
 6.29025000e-08  3.30453218e+00 
 6.29075000e-08  3.30461592e+00 
 6.29175000e-08  3.30478200e+00 
 6.29337500e-08  3.30507397e+00 
 6.29500000e-08  3.30543062e+00 
 6.29525000e-08  3.30549404e+00 
 6.29575000e-08  3.30562756e+00 
 6.29675000e-08  3.30593164e+00 
 6.29837500e-08  3.30653974e+00 
 6.30000000e-08  3.30732247e+00 
 6.30025000e-08  3.30746273e+00 
 6.30075000e-08  3.30775843e+00 
 6.30175000e-08  3.30843300e+00 
 6.30337500e-08  3.30981642e+00 
 6.30500000e-08  3.31170160e+00 
 6.30525000e-08  3.31205265e+00 
 6.30575000e-08  3.31280554e+00 
 6.30675000e-08  3.31454804e+00 
 6.30837500e-08  3.31778583e+00 
 6.31000000e-08  3.31960943e+00 
 6.31025000e-08  3.31947818e+00 
 6.31075000e-08  3.31879981e+00 
 6.31175000e-08  3.31440013e+00 
 6.31337500e-08  3.29635219e+00 
 6.31500000e-08  3.26392177e+00 
 6.31525000e-08  3.25703072e+00 
 6.31575000e-08  3.24228386e+00 
 6.31675000e-08  3.20673529e+00 
 6.31837500e-08  3.12895849e+00 
 6.32000000e-08  3.01760225e+00 
 6.32025000e-08  2.99603881e+00 
 6.32075000e-08  2.94961219e+00 
 6.32175000e-08  2.83163691e+00 
 6.32337500e-08  2.49103928e+00 
 6.32500000e-08  1.92643606e+00 
 6.32525000e-08  1.81716287e+00 
 6.32575000e-08  1.58904361e+00 
 6.32675000e-08  1.08863989e+00 
 6.32837500e-08  4.18017500e-01 
 6.33000000e-08  1.04825632e-01 
 6.33016726e-08  9.41747713e-02 
 6.33050179e-08  7.56851119e-02 
 6.33117084e-08  5.15232137e-02 
 6.33250895e-08  2.86813859e-02 
 6.33500000e-08  1.34821736e-02 
 6.33525000e-08  1.28421509e-02 
 6.33575000e-08  1.15533367e-02 
 6.33675000e-08  9.17690237e-03 
 6.33837500e-08  6.16106739e-03 
 6.34000000e-08  4.08112058e-03 
 6.34025000e-08  3.83544116e-03 
 6.34075000e-08  3.37276101e-03 
 6.34175000e-08  2.60026970e-03 
 6.34337500e-08  1.68952213e-03 
 6.34500000e-08  1.09611821e-03 
 6.34525000e-08  1.02887524e-03 
 6.34575000e-08  9.03531784e-04 
 6.34675000e-08  6.99104667e-04 
 6.34837500e-08  4.67094207e-04 
 6.35000000e-08  3.21441598e-04 
 6.35025000e-08  3.04988986e-04 
 6.35075000e-08  2.74370013e-04 
 6.35175000e-08  2.23988591e-04 
 6.35337500e-08  1.65210608e-04 
 6.35500000e-08  1.26455474e-04 
 6.35525000e-08  1.21900360e-04 
 6.35575000e-08  1.13298104e-04 
 6.35675000e-08  9.87775728e-05 
 6.35837500e-08  8.10828854e-05 
 6.36000000e-08  6.83760611e-05 
 6.36025000e-08  6.68439303e-05 
 6.36075000e-08  6.39979562e-05 
 6.36175000e-08  5.89497243e-05 
 6.36337500e-08  5.14595432e-05 
 6.36500000e-08  4.43589594e-05 
 6.36525000e-08  4.32398975e-05 
 6.36575000e-08  4.09165994e-05 
 6.36675000e-08  3.66078976e-05 
 6.36837500e-08  3.11010365e-05 
 6.37000000e-08  2.40916967e-05 
 6.37025000e-08  2.24899355e-05 
 6.37075000e-08  1.89771326e-05 
 6.37175000e-08  1.26595335e-05 
 6.37337500e-08  6.68233326e-06 
 6.37500000e-08  5.66721146e-06 
 6.37525000e-08  5.80175507e-06 
 6.37575000e-08  6.00351344e-06 
 6.37675000e-08  6.57934125e-06 
 6.37837500e-08  7.68746815e-06 
 6.38000000e-08  8.86643830e-06 
 6.38025000e-08  9.12602914e-06 
 6.38075000e-08  9.60513026e-06 
 6.38175000e-08  1.06292854e-05 
 6.38337500e-08  1.11961661e-05 
 6.38500000e-08  9.02414743e-06 
 6.38525000e-08  8.41344015e-06 
 6.38575000e-08  6.99135907e-06 
 6.38675000e-08  3.42689645e-06 
 6.38837500e-08 -3.05108190e-06 
 6.39000000e-08 -7.68122569e-06 
 6.39025000e-08 -7.91677511e-06 
 6.39075000e-08 -8.44507266e-06 
 6.39175000e-08 -9.16264500e-06 
 6.39337500e-08 -8.44635484e-06 
 6.39500000e-08 -5.51176831e-06 
 6.39525000e-08 -4.80698202e-06 
 6.39575000e-08 -2.70515006e-06 
 6.39675000e-08  1.35312351e-06 
 6.39837500e-08  5.74554255e-06 
 6.40000000e-08  9.81251448e-06 
 6.40025000e-08  1.02889939e-05 
 6.40075000e-08  1.09784256e-05 
 6.40175000e-08  1.16353711e-05 
 6.40337500e-08  1.20171648e-05 
 6.40500000e-08  1.16319521e-05 
 6.40525000e-08  1.15731344e-05 
 6.40575000e-08  1.14736348e-05 
 6.40675000e-08  1.11365725e-05 
 6.40837500e-08  9.55166887e-06 
 6.41000000e-08  6.65824499e-06 
 6.41025000e-08  6.08253198e-06 
 6.41075000e-08  4.63663232e-06 
 6.41175000e-08  1.80317165e-06 
 6.41337500e-08 -2.98046885e-06 
 6.41500000e-08 -8.82727917e-06 
 6.41525000e-08 -9.88446317e-06 
 6.41575000e-08 -1.24726619e-05 
 6.41675000e-08 -1.79867726e-05 
 6.41837500e-08 -2.54483421e-05 
 6.42000000e-08 -2.65141401e-05 
 6.42025000e-08 -2.56834896e-05 
 6.42075000e-08 -2.40569965e-05 
 6.42175000e-08 -1.87730789e-05 
 6.42337500e-08 -5.14048399e-06 
 6.42500000e-08  1.80104417e-05 
 6.42525000e-08  2.27788101e-05 
 6.42575000e-08  3.28159251e-05 
 6.42675000e-08  5.50377021e-05 
 6.42837500e-08  9.01412607e-05 
 6.43000000e-08  1.21049963e-04 
 6.43025000e-08  1.22764122e-04 
 6.43075000e-08  1.25704670e-04 
 6.43175000e-08  1.28862542e-04 
 6.43337500e-08  1.24390340e-04 
 6.43500000e-08  1.12407597e-04 
 6.43525000e-08  1.10470356e-04 
 6.43575000e-08  1.07399010e-04 
 6.43675000e-08  1.03898312e-04 
 6.43837500e-08  9.23872462e-05 
 6.44000000e-08  6.79979871e-05 
 6.44025000e-08  6.15199882e-05 
 6.44075000e-08  4.87078399e-05 
 6.44175000e-08  2.38305697e-05 
 6.44337500e-08 -5.26651034e-06 
 6.44500000e-08 -1.39701189e-05 
 6.44525000e-08 -1.32157064e-05 
 6.44575000e-08 -1.04313809e-05 
 6.44675000e-08  3.91674056e-07 
 6.44837500e-08  3.13812245e-05 
 6.45000000e-08  8.53986002e-05 
 6.45025000e-08  9.54329624e-05 
 6.45075000e-08  1.17086353e-04 
 6.45175000e-08  1.56997720e-04 
 6.45337500e-08  1.91748330e-04 
 6.45500000e-08  1.65691573e-04 
 6.45525000e-08  1.53236721e-04 
 6.45575000e-08  1.22428374e-04 
 6.45675000e-08  1.75992810e-05 
 6.45837500e-08 -3.02952564e-04 
 6.46000000e-08 -7.87993559e-04 
 6.46025000e-08 -8.75461028e-04 
 6.46075000e-08 -1.04009630e-03 
 6.46175000e-08 -1.34520200e-03 
 6.46337500e-08 -1.92846103e-03 
 6.46500000e-08 -2.48917487e-03 
 6.46525000e-08 -2.57041318e-03 
 6.46575000e-08 -2.73177840e-03 
 6.46675000e-08 -3.04679958e-03 
 6.46837500e-08 -3.54664432e-03 
 6.47000000e-08 -4.05003578e-03 
 6.47025000e-08 -4.12828632e-03 
 6.47075000e-08 -4.28819462e-03 
 6.47175000e-08 -4.61503175e-03 
 6.47337500e-08 -5.19873464e-03 
 6.47500000e-08 -5.86078877e-03 
 6.47525000e-08 -5.97015746e-03 
 6.47575000e-08 -6.20383209e-03 
 6.47675000e-08 -6.70550240e-03 
 6.47837500e-08 -7.66536049e-03 
 6.48000000e-08 -8.93018192e-03 
 6.48025000e-08 -9.15255840e-03 
 6.48075000e-08 -9.64957950e-03 
 6.48175000e-08 -1.07256523e-02 
 6.48337500e-08 -1.24994037e-02 
 6.48500000e-08 -1.31510337e-02 
 6.48525000e-08 -1.29741573e-02 
 6.48575000e-08 -1.23926713e-02 
 6.48675000e-08 -9.54079792e-03 
 6.48837500e-08  1.00407484e-03 
 6.49000000e-08  1.98849839e-02 
 6.49025000e-08  2.38557388e-02 
 6.49075000e-08  3.23881727e-02 
 6.49175000e-08  5.32458865e-02 
 6.49337500e-08  1.00147343e-01 
 6.49500000e-08  1.69400754e-01 
 6.49525000e-08  1.82966886e-01 
 6.49575000e-08  2.12118681e-01 
 6.49675000e-08  2.84855831e-01 
 6.49837500e-08  4.75229190e-01 
 6.50000000e-08  8.38565751e-01 
 6.50025000e-08  9.16258982e-01 
 6.50075000e-08  1.08138664e+00 
 6.50175000e-08  1.46727494e+00 
 6.50337500e-08  2.19617052e+00 
 6.50500000e-08  2.76611340e+00 
 6.50525000e-08  2.82455552e+00 
 6.50575000e-08  2.92861610e+00 
 6.50675000e-08  3.07532519e+00 
 6.50837500e-08  3.19898188e+00 
 6.51000000e-08  3.24716788e+00 
 6.51025000e-08  3.25096172e+00 
 6.51075000e-08  3.25785228e+00 
 6.51175000e-08  3.26829494e+00 
 6.51337500e-08  3.27936435e+00 
 6.51500000e-08  3.28615804e+00 
 6.51525000e-08  3.28692377e+00 
 6.51575000e-08  3.28836356e+00 
 6.51675000e-08  3.29074784e+00 
 6.51837500e-08  3.29352968e+00 
 6.52000000e-08  3.29533964e+00 
 6.52025000e-08  3.29554565e+00 
 6.52075000e-08  3.29593335e+00 
 6.52175000e-08  3.29657999e+00 
 6.52337500e-08  3.29735490e+00 
 6.52500000e-08  3.29789274e+00 
 6.52525000e-08  3.29795820e+00 
 6.52575000e-08  3.29808339e+00 
 6.52675000e-08  3.29830414e+00 
 6.52837500e-08  3.29859785e+00 
 6.53000000e-08  3.29882166e+00 
 6.53025000e-08  3.29885004e+00 
 6.53075000e-08  3.29890377e+00 
 6.53175000e-08  3.29901202e+00 
 6.53337500e-08  3.29919908e+00 
 6.53500000e-08  3.29938392e+00 
 6.53525000e-08  3.29941001e+00 
 6.53575000e-08  3.29945996e+00 
 6.53675000e-08  3.29954956e+00 
 6.53837500e-08  3.29967025e+00 
 6.54000000e-08  3.29976397e+00 
 6.54025000e-08  3.29977551e+00 
 6.54075000e-08  3.29979688e+00 
 6.54175000e-08  3.29983196e+00 
 6.54337500e-08  3.29987218e+00 
 6.54500000e-08  3.29989727e+00 
 6.54525000e-08  3.29990025e+00 
 6.54575000e-08  3.29990578e+00 
 6.54675000e-08  3.29991597e+00 
 6.54837500e-08  3.29992779e+00 
 6.55000000e-08  3.29993505e+00 
 6.55025000e-08  3.29993591e+00 
 6.55075000e-08  3.29993726e+00 
 6.55175000e-08  3.29993999e+00 
 6.55337500e-08  3.29994523e+00 
 6.55500000e-08  3.29995296e+00 
 6.55525000e-08  3.29995495e+00 
 6.55575000e-08  3.29996007e+00 
 6.55675000e-08  3.29997153e+00 
 6.55837500e-08  3.29998373e+00 
 6.56000000e-08  3.29998016e+00 
 6.56025000e-08  3.29997824e+00 
 6.56075000e-08  3.29997421e+00 
 6.56175000e-08  3.29996539e+00 
 6.56337500e-08  3.29995169e+00 
 6.56500000e-08  3.29994074e+00 
 6.56525000e-08  3.29993963e+00 
 6.56575000e-08  3.29993774e+00 
 6.56675000e-08  3.29993531e+00 
 6.56837500e-08  3.29993251e+00 
 6.57000000e-08  3.29992999e+00 
 6.57025000e-08  3.29992941e+00 
 6.57075000e-08  3.29992771e+00 
 6.57175000e-08  3.29992317e+00 
 6.57337500e-08  3.29991752e+00 
 6.57500000e-08  3.29991675e+00 
 6.57525000e-08  3.29991737e+00 
 6.57575000e-08  3.29991888e+00 
 6.57675000e-08  3.29992379e+00 
 6.57837500e-08  3.29993433e+00 
 6.58000000e-08  3.29994821e+00 
 6.58025000e-08  3.29995083e+00 
 6.58075000e-08  3.29995628e+00 
 6.58175000e-08  3.29996837e+00 
 6.58337500e-08  3.29998769e+00 
 6.58500000e-08  3.30000118e+00 
 6.58525000e-08  3.30000245e+00 
 6.58575000e-08  3.30000447e+00 
 6.58675000e-08  3.30000605e+00 
 6.58837500e-08  3.30000158e+00 
 6.59000000e-08  3.29999520e+00 
 6.59025000e-08  3.29999423e+00 
 6.59075000e-08  3.29999260e+00 
 6.59175000e-08  3.29999009e+00 
 6.59337500e-08  3.29998575e+00 
 6.59500000e-08  3.29997908e+00 
 6.59525000e-08  3.29997727e+00 
 6.59575000e-08  3.29997338e+00 
 6.59675000e-08  3.29996438e+00 
 6.59837500e-08  3.29995426e+00 
 6.60000000e-08  3.29995741e+00 
 6.60025000e-08  3.29995815e+00 
 6.60075000e-08  3.29996016e+00 
 6.60175000e-08  3.29996624e+00 
 6.60337500e-08  3.29998575e+00 
 6.60500000e-08  3.30002145e+00 
 6.60525000e-08  3.30002738e+00 
 6.60575000e-08  3.30003849e+00 
 6.60675000e-08  3.30005168e+00 
 6.60837500e-08  3.30003922e+00 
 6.61000000e-08  3.29997912e+00 
 6.61025000e-08  3.29996706e+00 
 6.61075000e-08  3.29994161e+00 
 6.61175000e-08  3.29988636e+00 
 6.61337500e-08  3.29980616e+00 
 6.61500000e-08  3.29975041e+00 
 6.61525000e-08  3.29974451e+00 
 6.61575000e-08  3.29973499e+00 
 6.61675000e-08  3.29972675e+00 
 6.61837500e-08  3.29973879e+00 
 6.62000000e-08  3.29978203e+00 
 6.62025000e-08  3.29979229e+00 
 6.62075000e-08  3.29981177e+00 
 6.62175000e-08  3.29984595e+00 
 6.62337500e-08  3.29988686e+00 
 6.62500000e-08  3.29990844e+00 
 6.62525000e-08  3.29991261e+00 
 6.62575000e-08  3.29992074e+00 
 6.62675000e-08  3.29993958e+00 
 6.62837500e-08  3.29997047e+00 
 6.63000000e-08  3.29999342e+00 
 6.63025000e-08  3.29999589e+00 
 6.63075000e-08  3.30000011e+00 
 6.63175000e-08  3.30000550e+00 
 6.63337500e-08  3.30000420e+00 
 6.63500000e-08  3.29999241e+00 
 6.63525000e-08  3.29999008e+00 
 6.63575000e-08  3.29998452e+00 
 6.63675000e-08  3.29997029e+00 
 6.63837500e-08  3.29993836e+00 
 6.64000000e-08  3.29989087e+00 
 6.64025000e-08  3.29988178e+00 
 6.64075000e-08  3.29986080e+00 
 6.64175000e-08  3.29981204e+00 
 6.64337500e-08  3.29972434e+00 
 6.64500000e-08  3.29965926e+00 
 6.64525000e-08  3.29965476e+00 
 6.64575000e-08  3.29964728e+00 
 6.64675000e-08  3.29964589e+00 
 6.64837500e-08  3.29966881e+00 
 6.65000000e-08  3.29971423e+00 
 6.65025000e-08  3.29972350e+00 
 6.65075000e-08  3.29974242e+00 
 6.65175000e-08  3.29979064e+00 
 6.65337500e-08  3.29991521e+00 
 6.65500000e-08  3.30013187e+00 
 6.65525000e-08  3.30017582e+00 
 6.65575000e-08  3.30026771e+00 
 6.65675000e-08  3.30047350e+00 
 6.65837500e-08  3.30084746e+00 
 6.66000000e-08  3.30123625e+00 
 6.66025000e-08  3.30129332e+00 
 6.66075000e-08  3.30140838e+00 
 6.66175000e-08  3.30162450e+00 
 6.66337500e-08  3.30199256e+00 
 6.66500000e-08  3.30236749e+00 
 6.66525000e-08  3.30242759e+00 
 6.66575000e-08  3.30254741e+00 
 6.66675000e-08  3.30278820e+00 
 6.66837500e-08  3.30319048e+00 
 6.67000000e-08  3.30361166e+00 
 6.67025000e-08  3.30367723e+00 
 6.67075000e-08  3.30380925e+00 
 6.67175000e-08  3.30406153e+00 
 6.67337500e-08  3.30441017e+00 
 6.67500000e-08  3.30469192e+00 
 6.67525000e-08  3.30473129e+00 
 6.67575000e-08  3.30481194e+00 
 6.67675000e-08  3.30498530e+00 
 6.67837500e-08  3.30531826e+00 
 6.68000000e-08  3.30574211e+00 
 6.68025000e-08  3.30581778e+00 
 6.68075000e-08  3.30597681e+00 
 6.68175000e-08  3.30633801e+00 
 6.68337500e-08  3.30706221e+00 
 6.68500000e-08  3.30800335e+00 
 6.68525000e-08  3.30817285e+00 
 6.68575000e-08  3.30853164e+00 
 6.68675000e-08  3.30935619e+00 
 6.68837500e-08  3.31107095e+00 
 6.69000000e-08  3.31343764e+00 
 6.69025000e-08  3.31387717e+00 
 6.69075000e-08  3.31481137e+00 
 6.69175000e-08  3.31684368e+00 
 6.69337500e-08  3.31945409e+00 
 6.69500000e-08  3.31741689e+00 
 6.69525000e-08  3.31624172e+00 
 6.69575000e-08  3.31325381e+00 
 6.69675000e-08  3.30310104e+00 
 6.69837500e-08  3.27537327e+00 
 6.70000000e-08  3.22935478e+00 
 6.70025000e-08  3.22020137e+00 
 6.70075000e-08  3.20078513e+00 
 6.70175000e-08  3.15480856e+00 
 6.70337500e-08  3.05464263e+00 
 6.70500000e-08  2.90647192e+00 
 6.70525000e-08  2.87649377e+00 
 6.70575000e-08  2.80961164e+00 
 6.70675000e-08  2.61984280e+00 
 6.70837500e-08  2.12114653e+00 
 6.71000000e-08  1.40576035e+00 
 6.71025000e-08  1.27727411e+00 
 6.71075000e-08  1.01822294e+00 
 6.71175000e-08  5.65179537e-01 
 6.71337500e-08  1.54849096e-01 
 6.71500000e-08  4.57172383e-02 
 6.71517025e-08  4.29838695e-02 
 6.71551076e-08  3.79843785e-02 
 6.71619177e-08  3.03304499e-02 
 6.71755379e-08  2.00861619e-02 
 6.72000000e-08  1.03778184e-02 
 6.72025000e-08  9.83755104e-03 
 6.72075000e-08  8.78421990e-03 
 6.72175000e-08  6.92294022e-03 
 6.72337500e-08  4.61343985e-03 
 6.72500000e-08  3.03053813e-03 
 6.72525000e-08  2.84541343e-03 
 6.72575000e-08  2.49759792e-03 
 6.72675000e-08  1.92030015e-03 
 6.72837500e-08  1.24628901e-03 
 6.73000000e-08  8.12398706e-04 
 6.73025000e-08  7.63766867e-04 
 6.73075000e-08  6.73331580e-04 
 6.73175000e-08  5.26246977e-04 
 6.73337500e-08  3.59418876e-04 
 6.73500000e-08  2.53342542e-04 
 6.73525000e-08  2.41180675e-04 
 6.73575000e-08  2.18403677e-04 
 6.73675000e-08  1.80551583e-04 
 6.73837500e-08  1.35976884e-04 
 6.74000000e-08  1.06325148e-04 
 6.74025000e-08  1.02935592e-04 
 6.74075000e-08  9.66687745e-05 
 6.74175000e-08  8.63931633e-05 
 6.74337500e-08  7.34947684e-05 
 6.74500000e-08  6.33456916e-05 
 6.74525000e-08  6.18075577e-05 
 6.74575000e-08  5.86643832e-05 
 6.74675000e-08  5.25333590e-05 
 6.74837500e-08  4.37730785e-05 
 6.75000000e-08  3.62885600e-05 
 6.75025000e-08  3.54744730e-05 
 6.75075000e-08  3.40866147e-05 
 6.75175000e-08  3.23576619e-05 
 6.75337500e-08  2.81255819e-05 
 6.75500000e-08  1.89227088e-05 
 6.75525000e-08  1.73698029e-05 
 6.75575000e-08  1.41476763e-05 
 6.75675000e-08  9.23319739e-06 
 6.75837500e-08  5.77574833e-06 
 6.76000000e-08  5.91546872e-06 
 6.76025000e-08  6.17464201e-06 
 6.76075000e-08  6.66807048e-06 
 6.76175000e-08  7.82186776e-06 
 6.76337500e-08  9.42760109e-06 
 6.76500000e-08  1.08853199e-05 
 6.76525000e-08  1.10751123e-05 
 6.76575000e-08  1.12652587e-05 
 6.76675000e-08  1.11004002e-05 
 6.76837500e-08  9.05320212e-06 
 6.77000000e-08  4.31487889e-06 
 6.77025000e-08  3.37049394e-06 
 6.77075000e-08  1.38100857e-06 
 6.77175000e-08 -2.75635239e-06 
 6.77337500e-08 -7.98059972e-06 
 6.77500000e-08 -9.46103348e-06 
 6.77525000e-08 -9.39718345e-06 
 6.77575000e-08 -9.12146083e-06 
 6.77675000e-08 -7.84425652e-06 
 6.77837500e-08 -4.56614005e-06 
 6.78000000e-08  4.32072113e-07 
 6.78025000e-08  1.31338927e-06 
 6.78075000e-08  2.77070307e-06 
 6.78175000e-08  4.89972976e-06 
 6.78337500e-08  8.00726725e-06 
 6.78500000e-08  1.06866638e-05 
 6.78525000e-08  1.09791482e-05 
 6.78575000e-08  1.14779587e-05 
 6.78675000e-08  1.22413092e-05 
 6.78837500e-08  1.26552070e-05 
 6.79000000e-08  1.17856733e-05 
 6.79025000e-08  1.15173672e-05 
 6.79075000e-08  1.08674201e-05 
 6.79175000e-08  9.24827874e-06 
 6.79337500e-08  6.07992937e-06 
 6.79500000e-08  2.44071980e-06 
 6.79525000e-08  1.92083107e-06 
 6.79575000e-08  8.14538071e-07 
 6.79675000e-08 -1.52472478e-06 
 6.79837500e-08 -6.18297105e-06 
 6.80000000e-08 -1.32335937e-05 
 6.80025000e-08 -1.45869410e-05 
 6.80075000e-08 -1.78265620e-05 
 6.80175000e-08 -2.33976602e-05 
 6.80337500e-08 -2.71832644e-05 
 6.80500000e-08 -2.36293081e-05 
 6.80525000e-08 -2.21527201e-05 
 6.80575000e-08 -1.91814371e-05 
 6.80675000e-08 -1.09694054e-05 
 6.80837500e-08  9.27008179e-06 
 6.81000000e-08  4.03765455e-05 
 6.81025000e-08  4.60568129e-05 
 6.81075000e-08  5.73997523e-05 
 6.81175000e-08  7.92793928e-05 
 6.81337500e-08  1.12368402e-04 
 6.81500000e-08  1.27324597e-04 
 6.81525000e-08  1.28104036e-04 
 6.81575000e-08  1.29254771e-04 
 6.81675000e-08  1.27380499e-04 
 6.81837500e-08  1.17250258e-04 
 6.82000000e-08  1.06435859e-04 
 6.82025000e-08  1.05105186e-04 
 6.82075000e-08  1.02620545e-04 
 6.82175000e-08  9.64830675e-05 
 6.82337500e-08  7.71957257e-05 
 6.82500000e-08  4.02827908e-05 
 6.82525000e-08  3.34033982e-05 
 6.82575000e-08  2.07190749e-05 
 6.82675000e-08  8.14128004e-07 
 6.82837500e-08 -1.49236893e-05 
 6.83000000e-08 -8.89491185e-06 
 6.83025000e-08 -6.13896234e-06 
 6.83075000e-08  8.98206732e-07 
 6.83175000e-08  1.97482907e-05 
 6.83337500e-08  6.64666734e-05 
 6.83500000e-08  1.32324860e-04 
 6.83525000e-08  1.41911014e-04 
 6.83575000e-08  1.60554904e-04 
 6.83675000e-08  1.86123924e-04 
 6.83837500e-08  1.83697410e-04 
 6.84000000e-08  9.66603340e-05 
 6.84025000e-08  7.10437420e-05 
 6.84075000e-08  1.12082314e-05 
 6.84175000e-08 -1.71094341e-04 
 6.84337500e-08 -6.07179857e-04 
 6.84500000e-08 -1.14773934e-03 
 6.84525000e-08 -1.22275625e-03 
 6.84575000e-08 -1.38296322e-03 
 6.84675000e-08 -1.73573039e-03 
 6.84837500e-08 -2.30956380e-03 
 6.85000000e-08 -2.84762479e-03 
 6.85025000e-08 -2.92629585e-03 
 6.85075000e-08 -3.08339293e-03 
 6.85175000e-08 -3.39353268e-03 
 6.85337500e-08 -3.89560413e-03 
 6.85500000e-08 -4.41735960e-03 
 6.85525000e-08 -4.49810669e-03 
 6.85575000e-08 -4.66597780e-03 
 6.85675000e-08 -5.02009382e-03 
 6.85837500e-08 -5.65061569e-03 
 6.86000000e-08 -6.37928041e-03 
 6.86025000e-08 -6.50073028e-03 
 6.86075000e-08 -6.76433806e-03 
 6.86175000e-08 -7.34032041e-03 
 6.86337500e-08 -8.48649209e-03 
 6.86500000e-08 -1.00105327e-02 
 6.86525000e-08 -1.02695734e-02 
 6.86575000e-08 -1.08364428e-02 
 6.86675000e-08 -1.19715663e-02 
 6.86837500e-08 -1.31909431e-02 
 6.87000000e-08 -1.15826893e-02 
 6.87025000e-08 -1.08458833e-02 
 6.87075000e-08 -9.03865004e-03 
 6.87175000e-08 -3.23605302e-03 
 6.87337500e-08  1.27363732e-02 
 6.87500000e-08  3.91237529e-02 
 6.87525000e-08  4.44019880e-02 
 6.87575000e-08  5.56764052e-02 
 6.87675000e-08  8.28915480e-02 
 6.87837500e-08  1.43743485e-01 
 6.88000000e-08  2.35170841e-01 
 6.88025000e-08  2.53450495e-01 
 6.88075000e-08  2.93179226e-01 
 6.88175000e-08  3.96912892e-01 
 6.88337500e-08  6.95916411e-01 
 6.88500000e-08  1.19916315e+00 
 6.88525000e-08  1.29739345e+00 
 6.88575000e-08  1.50264584e+00 
 6.88675000e-08  1.95465365e+00 
 6.88837500e-08  2.60794057e+00 
 6.89000000e-08  2.99053621e+00 
 6.89025000e-08  3.02459248e+00 
 6.89075000e-08  3.08482249e+00 
 6.89175000e-08  3.16769664e+00 
 6.89337500e-08  3.23551032e+00 
 6.89500000e-08  3.26238734e+00 
 6.89525000e-08  3.26477451e+00 
 6.89575000e-08  3.26919420e+00 
 6.89675000e-08  3.27624191e+00 
 6.89837500e-08  3.28418556e+00 
 6.90000000e-08  3.28926295e+00 
 6.90025000e-08  3.28983864e+00 
 6.90075000e-08  3.29092044e+00 
 6.90175000e-08  3.29271069e+00 
 6.90337500e-08  3.29480214e+00 
 6.90500000e-08  3.29617081e+00 
 6.90525000e-08  3.29632835e+00 
 6.90575000e-08  3.29662575e+00 
 6.90675000e-08  3.29712630e+00 
 6.90837500e-08  3.29773579e+00 
 6.91000000e-08  3.29816946e+00 
 6.91025000e-08  3.29822336e+00 
 6.91075000e-08  3.29832683e+00 
 6.91175000e-08  3.29851145e+00 
 6.91337500e-08  3.29875717e+00 
 6.91500000e-08  3.29894126e+00 
 6.91525000e-08  3.29896789e+00 
 6.91575000e-08  3.29902056e+00 
 6.91675000e-08  3.29913160e+00 
 6.91837500e-08  3.29931606e+00 
 6.92000000e-08  3.29948315e+00 
 6.92025000e-08  3.29950572e+00 
 6.92075000e-08  3.29954878e+00 
 6.92175000e-08  3.29962609e+00 
 6.92337500e-08  3.29973038e+00 
 6.92500000e-08  3.29980672e+00 
 6.92525000e-08  3.29981603e+00 
 6.92575000e-08  3.29983325e+00 
 6.92675000e-08  3.29986138e+00 
 6.92837500e-08  3.29989292e+00 
 6.93000000e-08  3.29991217e+00 
 6.93025000e-08  3.29991448e+00 
 6.93075000e-08  3.29991843e+00 
 6.93175000e-08  3.29992471e+00 
 6.93337500e-08  3.29993172e+00 
 6.93500000e-08  3.29993636e+00 
 6.93525000e-08  3.29993712e+00 
 6.93575000e-08  3.29993878e+00 
 6.93675000e-08  3.29994210e+00 
 6.93837500e-08  3.29994834e+00 
 6.94000000e-08  3.29996105e+00 
 6.94025000e-08  3.29996399e+00 
 6.94075000e-08  3.29997038e+00 
 6.94175000e-08  3.29998047e+00 
 6.94337500e-08  3.29998392e+00 
 6.94500000e-08  3.29997443e+00 
 6.94525000e-08  3.29997229e+00 
 6.94575000e-08  3.29996785e+00 
 6.94675000e-08  3.29995875e+00 
 6.94837500e-08  3.29994567e+00 
 6.95000000e-08  3.29993592e+00 
 6.95025000e-08  3.29993485e+00 
 6.95075000e-08  3.29993282e+00 
 6.95175000e-08  3.29992958e+00 
 6.95337500e-08  3.29992592e+00 
 6.95500000e-08  3.29992320e+00 
 6.95525000e-08  3.29992285e+00 
 6.95575000e-08  3.29992210e+00 
 6.95675000e-08  3.29992148e+00 
 6.95837500e-08  3.29992238e+00 
 6.96000000e-08  3.29992629e+00 
 6.96025000e-08  3.29992713e+00 
 6.96075000e-08  3.29992847e+00 
 6.96175000e-08  3.29993126e+00 
 6.96337500e-08  3.29993951e+00 
 6.96500000e-08  3.29995441e+00 
 6.96525000e-08  3.29995763e+00 
 6.96575000e-08  3.29996461e+00 
 6.96675000e-08  3.29997970e+00 
 6.96837500e-08  3.29999938e+00 
 6.97000000e-08  3.30000970e+00 
 6.97025000e-08  3.30000991e+00 
 6.97075000e-08  3.30000961e+00 
 6.97175000e-08  3.30000475e+00 
 6.97337500e-08  3.29999578e+00 
 6.97500000e-08  3.29998852e+00 
 6.97525000e-08  3.29998780e+00 
 6.97575000e-08  3.29998665e+00 
 6.97675000e-08  3.29998503e+00 
 6.97837500e-08  3.29998104e+00 
 6.98000000e-08  3.29997150e+00 
 6.98025000e-08  3.29996909e+00 
 6.98075000e-08  3.29996423e+00 
 6.98175000e-08  3.29995531e+00 
 6.98337500e-08  3.29995529e+00 
 6.98500000e-08  3.29996076e+00 
 6.98525000e-08  3.29996187e+00 
 6.98575000e-08  3.29996516e+00 
 6.98675000e-08  3.29997666e+00 
 6.98837500e-08  3.30000808e+00 
 6.99000000e-08  3.30004627e+00 
 6.99025000e-08  3.30004987e+00 
 6.99075000e-08  3.30005495e+00 
 6.99175000e-08  3.30005110e+00 
 6.99337500e-08  3.30000571e+00 
 6.99500000e-08  3.29992614e+00 
 6.99525000e-08  3.29991144e+00 
 6.99575000e-08  3.29988231e+00 
 6.99675000e-08  3.29982905e+00 
 6.99837500e-08  3.29976561e+00 
 7.00000000e-08  3.29972873e+00 
 7.00025000e-08  3.29972727e+00 
 7.00075000e-08  3.29972619e+00 
 7.00175000e-08  3.29973307e+00 
 7.00337500e-08  3.29976566e+00 
 7.00500000e-08  3.29982849e+00 
 7.00525000e-08  3.29983611e+00 
 7.00575000e-08  3.29985038e+00 
 7.00675000e-08  3.29987504e+00 
 7.00837500e-08  3.29990009e+00 
 7.01000000e-08  3.29992382e+00 
 7.01025000e-08  3.29993006e+00 
 7.01075000e-08  3.29994170e+00 
 7.01175000e-08  3.29996238e+00 
 7.01337500e-08  3.29998750e+00 
 7.01500000e-08  3.30000115e+00 
 7.01525000e-08  3.30000221e+00 
 7.01575000e-08  3.30000353e+00 
 7.01675000e-08  3.30000294e+00 
 7.01837500e-08  3.29999387e+00 
 7.02000000e-08  3.29997652e+00 
 7.02025000e-08  3.29997320e+00 
 7.02075000e-08  3.29996555e+00 
 7.02175000e-08  3.29994685e+00 
 7.02337500e-08  3.29990510e+00 
 7.02500000e-08  3.29984181e+00 
 7.02525000e-08  3.29983022e+00 
 7.02575000e-08  3.29980432e+00 
 7.02675000e-08  3.29975030e+00 
 7.02837500e-08  3.29967714e+00 
 7.03000000e-08  3.29964739e+00 
 7.03025000e-08  3.29964809e+00 
 7.03075000e-08  3.29964996e+00 
 7.03175000e-08  3.29966213e+00 
 7.03337500e-08  3.29969952e+00 
 7.03500000e-08  3.29976155e+00 
 7.03525000e-08  3.29977436e+00 
 7.03575000e-08  3.29980177e+00 
 7.03675000e-08  3.29987417e+00 
 7.03837500e-08  3.30005597e+00 
 7.04000000e-08  3.30034432e+00 
 7.04025000e-08  3.30039683e+00 
 7.04075000e-08  3.30050467e+00 
 7.04175000e-08  3.30073451e+00 
 7.04337500e-08  3.30112491e+00 
 7.04500000e-08  3.30149357e+00 
 7.04525000e-08  3.30154720e+00 
 7.04575000e-08  3.30165672e+00 
 7.04675000e-08  3.30187613e+00 
 7.04837500e-08  3.30224223e+00 
 7.05000000e-08  3.30263246e+00 
 7.05025000e-08  3.30269322e+00 
 7.05075000e-08  3.30281570e+00 
 7.05175000e-08  3.30306633e+00 
 7.05337500e-08  3.30348594e+00 
 7.05500000e-08  3.30391030e+00 
 7.05525000e-08  3.30397180e+00 
 7.05575000e-08  3.30409285e+00 
 7.05675000e-08  3.30431194e+00 
 7.05837500e-08  3.30460872e+00 
 7.06000000e-08  3.30487435e+00 
 7.06025000e-08  3.30491578e+00 
 7.06075000e-08  3.30500220e+00 
 7.06175000e-08  3.30519673e+00 
 7.06337500e-08  3.30558773e+00 
 7.06500000e-08  3.30609573e+00 
 7.06525000e-08  3.30618690e+00 
 7.06575000e-08  3.30637864e+00 
 7.06675000e-08  3.30681375e+00 
 7.06837500e-08  3.30768612e+00 
 7.07000000e-08  3.30882730e+00 
 7.07025000e-08  3.30903419e+00 
 7.07075000e-08  3.30947375e+00 
 7.07175000e-08  3.31049223e+00 
 7.07337500e-08  3.31264485e+00 
 7.07500000e-08  3.31557310e+00 
 7.07525000e-08  3.31609164e+00 
 7.07575000e-08  3.31714930e+00 
 7.07675000e-08  3.31902823e+00 
 7.07837500e-08  3.31894271e+00 
 7.08000000e-08  3.30995151e+00 
 7.08025000e-08  3.30726715e+00 
 7.08075000e-08  3.30111664e+00 
 7.08175000e-08  3.28540544e+00 
 7.08337500e-08  3.24507144e+00 
 7.08500000e-08  3.18400989e+00 
 7.08525000e-08  3.17223044e+00 
 7.08575000e-08  3.14730334e+00 
 7.08675000e-08  3.08841859e+00 
 7.08837500e-08  2.95758486e+00 
 7.09000000e-08  2.74259875e+00 
 7.09025000e-08  2.69404616e+00 
 7.09075000e-08  2.58339256e+00 
 7.09175000e-08  2.29151702e+00 
 7.09337500e-08  1.63706384e+00 
 7.09500000e-08  8.41006994e-01 
 7.09525000e-08  7.24853772e-01 
 7.09575000e-08  5.17605363e-01 
 7.09675000e-08  2.39486226e-01 
 7.09837500e-08  6.14844462e-02 
 7.10000000e-08  2.94293245e-02 
 7.10020084e-08  2.79805216e-02 
 7.10060253e-08  2.51191448e-02 
 7.10140590e-08  2.01997529e-02 
 7.10301264e-08  1.31710650e-02 
 7.10500000e-08  8.03702887e-03 
 7.10525000e-08  7.58214089e-03 
 7.10575000e-08  6.71686836e-03 
 7.10675000e-08  5.24516602e-03 
 7.10837500e-08  3.46356868e-03 
 7.11000000e-08  2.26034148e-03 
 7.11025000e-08  2.12108719e-03 
 7.11075000e-08  1.85994786e-03 
 7.11175000e-08  1.42863458e-03 
 7.11337500e-08  9.29536878e-04 
 7.11500000e-08  6.12015656e-04 
 7.11525000e-08  5.76581081e-04 
 7.11575000e-08  5.10744582e-04 
 7.11675000e-08  4.03361138e-04 
 7.11837500e-08  2.80503401e-04 
 7.12000000e-08  2.01399020e-04 
 7.12025000e-08  1.92365195e-04 
 7.12075000e-08  1.75499754e-04 
 7.12175000e-08  1.47612709e-04 
 7.12337500e-08  1.14621533e-04 
 7.12500000e-08  9.23400267e-05 
 7.12525000e-08  8.96996925e-05 
 7.12575000e-08  8.47124121e-05 
 7.12675000e-08  7.61708407e-05 
 7.12837500e-08  6.49742904e-05 
 7.13000000e-08  5.57434444e-05 
 7.13025000e-08  5.45038530e-05 
 7.13075000e-08  5.21720369e-05 
 7.13175000e-08  4.79662935e-05 
 7.13337500e-08  4.12926322e-05 
 7.13500000e-08  3.54969043e-05 
 7.13525000e-08  3.47900248e-05 
 7.13575000e-08  3.32990204e-05 
 7.13675000e-08  2.95967873e-05 
 7.13837500e-08  2.02913569e-05 
 7.14000000e-08  1.02667910e-05 
 7.14025000e-08  9.46656644e-06 
 7.14075000e-08  7.92247944e-06 
 7.14175000e-08  6.12210910e-06 
 7.14337500e-08  5.84862985e-06 
 7.14500000e-08  7.04709366e-06 
 7.14525000e-08  7.29190606e-06 
 7.14575000e-08  7.66972629e-06 
 7.14675000e-08  8.41439380e-06 
 7.14837500e-08  9.62442152e-06 
 7.15000000e-08  1.08327848e-05 
 7.15025000e-08  1.09814795e-05 
 7.15075000e-08  1.10996662e-05 
 7.15175000e-08  1.05916632e-05 
 7.15337500e-08  7.22464897e-06 
 7.15500000e-08  1.14407094e-06 
 7.15525000e-08  8.90050261e-08 
 7.15575000e-08 -2.13227609e-06 
 7.15675000e-08 -5.81558253e-06 
 7.15837500e-08 -8.69892860e-06 
 7.16000000e-08 -8.66851928e-06 
 7.16025000e-08 -8.47746098e-06 
 7.16075000e-08 -8.05811743e-06 
 7.16175000e-08 -6.72062106e-06 
 7.16337500e-08 -3.03604787e-06 
 7.16500000e-08  2.92696332e-06 
 7.16525000e-08  3.42439950e-06 
 7.16575000e-08  4.46151368e-06 
 7.16675000e-08  6.71534158e-06 
 7.16837500e-08  1.03126939e-05 
 7.17000000e-08  1.20675122e-05 
 7.17025000e-08  1.22567346e-05 
 7.17075000e-08  1.25912228e-05 
 7.17175000e-08  1.29185117e-05 
 7.17337500e-08  1.21796248e-05 
 7.17500000e-08  1.01924328e-05 
 7.17525000e-08  9.80242971e-06 
 7.17575000e-08  8.92562490e-06 
 7.17675000e-08  6.77841915e-06 
 7.17837500e-08  3.13879135e-06 
 7.18000000e-08 -1.72819298e-07 
 7.18025000e-08 -7.02788205e-07 
 7.18075000e-08 -1.92716229e-06 
 7.18175000e-08 -4.64059036e-06 
 7.18337500e-08 -1.07172910e-05 
 7.18500000e-08 -1.95442326e-05 
 7.18525000e-08 -2.06554804e-05 
 7.18575000e-08 -2.29874939e-05 
 7.18675000e-08 -2.53031932e-05 
 7.18837500e-08 -2.32230699e-05 
 7.19000000e-08 -1.48557426e-05 
 7.19025000e-08 -1.28431566e-05 
 7.19075000e-08 -8.71466694e-06 
 7.19175000e-08  2.61162780e-06 
 7.19337500e-08  3.00695900e-05 
 7.19500000e-08  6.61397450e-05 
 7.19525000e-08  7.17180737e-05 
 7.19575000e-08  8.24898785e-05 
 7.19675000e-08  1.05554153e-04 
 7.19837500e-08  1.25396164e-04 
 7.20000000e-08  1.30372389e-04 
 7.20025000e-08  1.29289408e-04 
 7.20075000e-08  1.26218972e-04 
 7.20175000e-08  1.20808190e-04 
 7.20337500e-08  1.08313248e-04 
 7.20500000e-08  9.96052842e-05 
 7.20525000e-08  9.79060638e-05 
 7.20575000e-08  9.48273102e-05 
 7.20675000e-08  8.37933455e-05 
 7.20837500e-08  5.00977767e-05 
 7.21000000e-08  1.08063255e-05 
 7.21025000e-08  5.88036373e-06 
 7.21075000e-08 -2.47353679e-06 
 7.21175000e-08 -1.19367031e-05 
 7.21337500e-08 -9.75684098e-06 
 7.21500000e-08  1.03350045e-05 
 7.21525000e-08  1.49397057e-05 
 7.21575000e-08  2.59221367e-05 
 7.21675000e-08  5.42138314e-05 
 7.21837500e-08  1.16206151e-04 
 7.22000000e-08  1.75217253e-04 
 7.22025000e-08  1.80545739e-04 
 7.22075000e-08  1.89164087e-04 
 7.22175000e-08  1.89011329e-04 
 7.22337500e-08  1.24862529e-04 
 7.22500000e-08 -7.03698623e-05 
 7.22525000e-08 -1.19283226e-04 
 7.22575000e-08 -2.26506831e-04 
 7.22675000e-08 -4.94562506e-04 
 7.22837500e-08 -1.03367599e-03 
 7.23000000e-08 -1.54265415e-03 
 7.23025000e-08 -1.63666225e-03 
 7.23075000e-08 -1.82177365e-03 
 7.23175000e-08 -2.17714801e-03 
 7.23337500e-08 -2.71928476e-03 
 7.23500000e-08 -3.23092027e-03 
 7.23525000e-08 -3.30693855e-03 
 7.23575000e-08 -3.45960585e-03 
 7.23675000e-08 -3.76691062e-03 
 7.23837500e-08 -4.28163429e-03 
 7.24000000e-08 -4.82576927e-03 
 7.24025000e-08 -4.91435809e-03 
 7.24075000e-08 -5.09864478e-03 
 7.24175000e-08 -5.48616092e-03 
 7.24337500e-08 -6.18553900e-03 
 7.24500000e-08 -7.02200963e-03 
 7.24525000e-08 -7.16446501e-03 
 7.24575000e-08 -7.48005316e-03 
 7.24675000e-08 -8.18515210e-03 
 7.24837500e-08 -9.61289096e-03 
 7.25000000e-08 -1.13958762e-02 
 7.25025000e-08 -1.16699295e-02 
 7.25075000e-08 -1.22355279e-02 
 7.25175000e-08 -1.30945731e-02 
 7.25337500e-08 -1.24102294e-02 
 7.25500000e-08 -6.58088251e-03 
 7.25525000e-08 -4.97809894e-03 
 7.25575000e-08 -1.36591109e-03 
 7.25675000e-08  8.04200376e-03 
 7.25837500e-08  3.17158421e-02 
 7.26000000e-08  6.81299438e-02 
 7.26025000e-08  7.52314440e-02 
 7.26075000e-08  9.03652027e-02 
 7.26175000e-08  1.26799096e-01 
 7.26337500e-08  2.09526689e-01 
 7.26500000e-08  3.40000305e-01 
 7.26525000e-08  3.67304479e-01 
 7.26575000e-08  4.28386371e-01 
 7.26675000e-08  6.01613327e-01 
 7.26837500e-08  1.05539737e+00 
 7.27000000e-08  1.70778928e+00 
 7.27025000e-08  1.82473209e+00 
 7.27075000e-08  2.06108277e+00 
 7.27175000e-08  2.48691249e+00 
 7.27337500e-08  2.92722364e+00 
 7.27500000e-08  3.13644831e+00 
 7.27525000e-08  3.15335433e+00 
 7.27575000e-08  3.18311540e+00 
 7.27675000e-08  3.22355219e+00 
 7.27837500e-08  3.25754796e+00 
 7.28000000e-08  3.27314960e+00 
 7.28025000e-08  3.27473491e+00 
 7.28075000e-08  3.27770426e+00 
 7.28175000e-08  3.28257596e+00 
 7.28337500e-08  3.28822436e+00 
 7.28500000e-08  3.29188615e+00 
 7.28525000e-08  3.29230298e+00 
 7.28575000e-08  3.29308574e+00 
 7.28675000e-08  3.29438034e+00 
 7.28837500e-08  3.29589600e+00 
 7.29000000e-08  3.29689775e+00 
 7.29025000e-08  3.29701434e+00 
 7.29075000e-08  3.29723509e+00 
 7.29175000e-08  3.29761065e+00 
 7.29337500e-08  3.29807937e+00 
 7.29500000e-08  3.29842603e+00 
 7.29525000e-08  3.29847020e+00 
 7.29575000e-08  3.29855482e+00 
 7.29675000e-08  3.29870517e+00 
 7.29837500e-08  3.29890084e+00 
 7.30000000e-08  3.29907348e+00 
 7.30025000e-08  3.29910298e+00 
 7.30075000e-08  3.29916173e+00 
 7.30175000e-08  3.29927864e+00 
 7.30337500e-08  3.29945245e+00 
 7.30500000e-08  3.29959486e+00 
 7.30525000e-08  3.29961338e+00 
 7.30575000e-08  3.29964921e+00 
 7.30675000e-08  3.29971146e+00 
 7.30837500e-08  3.29979076e+00 
 7.31000000e-08  3.29984671e+00 
 7.31025000e-08  3.29985329e+00 
 7.31075000e-08  3.29986544e+00 
 7.31175000e-08  3.29988548e+00 
 7.31337500e-08  3.29990801e+00 
 7.31500000e-08  3.29992223e+00 
 7.31525000e-08  3.29992388e+00 
 7.31575000e-08  3.29992656e+00 
 7.31675000e-08  3.29993072e+00 
 7.31837500e-08  3.29993549e+00 
 7.32000000e-08  3.29994036e+00 
 7.32025000e-08  3.29994141e+00 
 7.32075000e-08  3.29994339e+00 
 7.32175000e-08  3.29994804e+00 
 7.32337500e-08  3.29995979e+00 
 7.32500000e-08  3.29997760e+00 
 7.32525000e-08  3.29997934e+00 
 7.32575000e-08  3.29998215e+00 
 7.32675000e-08  3.29998224e+00 
 7.32837500e-08  3.29997302e+00 
 7.33000000e-08  3.29995971e+00 
 7.33025000e-08  3.29995778e+00 
 7.33075000e-08  3.29995405e+00 
 7.33175000e-08  3.29994735e+00 
 7.33337500e-08  3.29993843e+00 
 7.33500000e-08  3.29993188e+00 
 7.33525000e-08  3.29993121e+00 
 7.33575000e-08  3.29992997e+00 
 7.33675000e-08  3.29992815e+00 
 7.33837500e-08  3.29992590e+00 
 7.34000000e-08  3.29992309e+00 
 7.34025000e-08  3.29992272e+00 
 7.34075000e-08  3.29992192e+00 
 7.34175000e-08  3.29992122e+00 
 7.34337500e-08  3.29992313e+00 
 7.34500000e-08  3.29992933e+00 
 7.34525000e-08  3.29993077e+00 
 7.34575000e-08  3.29993370e+00 
 7.34675000e-08  3.29994082e+00 
 7.34837500e-08  3.29995632e+00 
 7.35000000e-08  3.29997570e+00 
 7.35025000e-08  3.29997870e+00 
 7.35075000e-08  3.29998434e+00 
 7.35175000e-08  3.29999358e+00 
 7.35337500e-08  3.30000226e+00 
 7.35500000e-08  3.30000366e+00 
 7.35525000e-08  3.30000278e+00 
 7.35575000e-08  3.30000105e+00 
 7.35675000e-08  3.29999661e+00 
 7.35837500e-08  3.29999007e+00 
 7.36000000e-08  3.29998560e+00 
 7.36025000e-08  3.29998501e+00 
 7.36075000e-08  3.29998415e+00 
 7.36175000e-08  3.29998242e+00 
 7.36337500e-08  3.29997462e+00 
 7.36500000e-08  3.29996109e+00 
 7.36525000e-08  3.29995886e+00 
 7.36575000e-08  3.29995515e+00 
 7.36675000e-08  3.29995609e+00 
 7.36837500e-08  3.29996012e+00 
 7.37000000e-08  3.29996990e+00 
 7.37025000e-08  3.29997272e+00 
 7.37075000e-08  3.29997960e+00 
 7.37175000e-08  3.29999842e+00 
 7.37337500e-08  3.30003790e+00 
 7.37500000e-08  3.30005576e+00 
 7.37525000e-08  3.30005416e+00 
 7.37575000e-08  3.30004828e+00 
 7.37675000e-08  3.30002093e+00 
 7.37837500e-08  3.29994677e+00 
 7.38000000e-08  3.29985488e+00 
 7.38025000e-08  3.29984154e+00 
 7.38075000e-08  3.29981824e+00 
 7.38175000e-08  3.29977798e+00 
 7.38337500e-08  3.29973221e+00 
 7.38500000e-08  3.29972571e+00 
 7.38525000e-08  3.29972823e+00 
 7.38575000e-08  3.29973467e+00 
 7.38675000e-08  3.29975510e+00 
 7.38837500e-08  3.29981500e+00 
 7.39000000e-08  3.29986479e+00 
 7.39025000e-08  3.29987070e+00 
 7.39075000e-08  3.29988063e+00 
 7.39175000e-08  3.29989434e+00 
 7.39337500e-08  3.29991763e+00 
 7.39500000e-08  3.29995378e+00 
 7.39525000e-08  3.29995960e+00 
 7.39575000e-08  3.29997002e+00 
 7.39675000e-08  3.29998616e+00 
 7.39837500e-08  3.30000176e+00 
 7.40000000e-08  3.30000577e+00 
 7.40025000e-08  3.30000537e+00 
 7.40075000e-08  3.30000389e+00 
 7.40175000e-08  3.29999822e+00 
 7.40337500e-08  3.29998290e+00 
 7.40500000e-08  3.29995816e+00 
 7.40525000e-08  3.29995338e+00 
 7.40575000e-08  3.29994239e+00 
 7.40675000e-08  3.29991596e+00 
 7.40837500e-08  3.29985849e+00 
 7.41000000e-08  3.29977736e+00 
 7.41025000e-08  3.29976420e+00 
 7.41075000e-08  3.29973671e+00 
 7.41175000e-08  3.29968964e+00 
 7.41337500e-08  3.29964881e+00 
 7.41500000e-08  3.29965195e+00 
 7.41525000e-08  3.29965610e+00 
 7.41575000e-08  3.29966416e+00 
 7.41675000e-08  3.29968603e+00 
 7.41837500e-08  3.29973930e+00 
 7.42000000e-08  3.29982973e+00 
 7.42025000e-08  3.29984908e+00 
 7.42075000e-08  3.29989148e+00 
 7.42175000e-08  3.30000222e+00 
 7.42337500e-08  3.30027589e+00 
 7.42500000e-08  3.30061748e+00 
 7.42525000e-08  3.30067520e+00 
 7.42575000e-08  3.30079198e+00 
 7.42675000e-08  3.30103128e+00 
 7.42837500e-08  3.30141229e+00 
 7.43000000e-08  3.30176865e+00 
 7.43025000e-08  3.30182563e+00 
 7.43075000e-08  3.30193844e+00 
 7.43175000e-08  3.30216838e+00 
 7.43337500e-08  3.30255693e+00 
 7.43500000e-08  3.30295505e+00 
 7.43525000e-08  3.30301686e+00 
 7.43575000e-08  3.30314174e+00 
 7.43675000e-08  3.30339743e+00 
 7.43837500e-08  3.30381764e+00 
 7.44000000e-08  3.30420769e+00 
 7.44025000e-08  3.30425876e+00 
 7.44075000e-08  3.30435792e+00 
 7.44175000e-08  3.30453731e+00 
 7.44337500e-08  3.30480605e+00 
 7.44500000e-08  3.30509637e+00 
 7.44525000e-08  3.30514644e+00 
 7.44575000e-08  3.30525196e+00 
 7.44675000e-08  3.30549309e+00 
 7.44837500e-08  3.30597693e+00 
 7.45000000e-08  3.30659928e+00 
 7.45025000e-08  3.30671033e+00 
 7.45075000e-08  3.30694379e+00 
 7.45175000e-08  3.30747395e+00 
 7.45337500e-08  3.30854951e+00 
 7.45500000e-08  3.30998201e+00 
 7.45525000e-08  3.31024645e+00 
 7.45575000e-08  3.31081139e+00 
 7.45675000e-08  3.31212961e+00 
 7.45837500e-08  3.31489093e+00 
 7.46000000e-08  3.31814486e+00 
 7.46025000e-08  3.31860177e+00 
 7.46075000e-08  3.31938936e+00 
 7.46175000e-08  3.31964234e+00 
 7.46337500e-08  3.31303404e+00 
 7.46500000e-08  3.29359535e+00 
 7.46525000e-08  3.28929604e+00 
 7.46575000e-08  3.27980357e+00 
 7.46675000e-08  3.25537555e+00 
 7.46837500e-08  3.19904276e+00 
 7.47000000e-08  3.11802140e+00 
 7.47025000e-08  3.10251245e+00 
 7.47075000e-08  3.06958667e+00 
 7.47175000e-08  2.99066962e+00 
 7.47337500e-08  2.80089144e+00 
 7.47500000e-08  2.43413332e+00 
 7.47525000e-08  2.35463742e+00 
 7.47575000e-08  2.18446579e+00 
 7.47675000e-08  1.78223761e+00 
 7.47837500e-08  9.93051358e-01 
 7.48000000e-08  3.58709414e-01 
 7.48025000e-08  2.99508308e-01 
 7.48075000e-08  2.00607839e-01 
 7.48175000e-08  9.03577524e-02 
 7.48337500e-08  3.30670667e-02 
 7.48500000e-08  2.05978535e-02 
 7.48519011e-08  1.96589823e-02 
 7.48557032e-08  1.78318960e-02 
 7.48633075e-08  1.46836570e-02 
 7.48785161e-08  1.00074117e-02 
 7.49000000e-08  5.84400218e-03 
 7.49025000e-08  5.50423311e-03 
 7.49075000e-08  4.86081516e-03 
 7.49175000e-08  3.77323922e-03 
 7.49337500e-08  2.46963537e-03 
 7.49500000e-08  1.60391244e-03 
 7.49525000e-08  1.50450803e-03 
 7.49575000e-08  1.31865933e-03 
 7.49675000e-08  1.01381050e-03 
 7.49837500e-08  6.64855421e-04 
 7.50000000e-08  4.45517014e-04 
 7.50025000e-08  4.21047309e-04 
 7.50075000e-08  3.75607672e-04 
 7.50175000e-08  3.01156425e-04 
 7.50337500e-08  2.15031437e-04 
 7.50500000e-08  1.58997008e-04 
 7.50525000e-08  1.52625762e-04 
 7.50575000e-08  1.40795309e-04 
 7.50675000e-08  1.21359865e-04 
 7.50837500e-08  9.81103476e-05 
 7.51000000e-08  8.18339577e-05 
 7.51025000e-08  7.97945826e-05 
 7.51075000e-08  7.58439602e-05 
 7.51175000e-08  6.86931022e-05 
 7.51337500e-08  5.86854073e-05 
 7.51500000e-08  5.01054510e-05 
 7.51525000e-08  4.88742047e-05 
 7.51575000e-08  4.63304517e-05 
 7.51675000e-08  4.15721709e-05 
 7.51837500e-08  3.49128548e-05 
 7.52000000e-08  2.99957582e-05 
 7.52025000e-08  2.91772649e-05 
 7.52075000e-08  2.71666780e-05 
 7.52175000e-08  2.17922618e-05 
 7.52337500e-08  1.22544610e-05 
 7.52500000e-08  7.38771621e-06 
 7.52525000e-08  7.21711297e-06 
 7.52575000e-08  6.89110670e-06 
 7.52675000e-08  6.84885735e-06 
 7.52837500e-08  7.67324273e-06 
 7.53000000e-08  8.74806821e-06 
 7.53025000e-08  8.90879959e-06 
 7.53075000e-08  9.09819476e-06 
 7.53175000e-08  9.50909114e-06 
 7.53337500e-08  1.03834744e-05 
 7.53500000e-08  1.02812441e-05 
 7.53525000e-08  1.00815295e-05 
 7.53575000e-08  9.46782265e-06 
 7.53675000e-08  7.33535452e-06 
 7.53837500e-08  1.71402038e-06 
 7.54000000e-08 -4.79049961e-06 
 7.54025000e-08 -5.62667814e-06 
 7.54075000e-08 -7.22430578e-06 
 7.54175000e-08 -9.11678612e-06 
 7.54337500e-08 -9.87713105e-06 
 7.54500000e-08 -8.44306092e-06 
 7.54525000e-08 -7.93099923e-06 
 7.54575000e-08 -6.81517939e-06 
 7.54675000e-08 -4.05654180e-06 
 7.54837500e-08  2.63926687e-06 
 7.55000000e-08  6.43135779e-06 
 7.55025000e-08  7.05844870e-06 
 7.55075000e-08  8.22096621e-06 
 7.55175000e-08  1.06363589e-05 
 7.55337500e-08  1.27168395e-05 
 7.55500000e-08  1.32048270e-05 
 7.55525000e-08  1.32256740e-05 
 7.55575000e-08  1.31617674e-05 
 7.55675000e-08  1.25688990e-05 
 7.55837500e-08  1.06328086e-05 
 7.56000000e-08  7.94327440e-06 
 7.56025000e-08  7.43884745e-06 
 7.56075000e-08  6.34014954e-06 
 7.56175000e-08  4.08649675e-06 
 7.56337500e-08  7.49228108e-07 
 7.56500000e-08 -3.13269388e-06 
 7.56525000e-08 -3.89269126e-06 
 7.56575000e-08 -5.79389057e-06 
 7.56675000e-08 -1.02246795e-05 
 7.56837500e-08 -1.89919052e-05 
 7.57000000e-08 -2.61728814e-05 
 7.57025000e-08 -2.63768976e-05 
 7.57075000e-08 -2.66509796e-05 
 7.57175000e-08 -2.45487979e-05 
 7.57337500e-08 -1.66493325e-05 
 7.57500000e-08 -1.99890823e-06 
 7.57525000e-08  1.18590986e-06 
 7.57575000e-08  7.90732911e-06 
 7.57675000e-08  2.56602207e-05 
 7.57837500e-08  6.14104345e-05 
 7.58000000e-08  9.71707871e-05 
 7.58025000e-08  1.02806383e-04 
 7.58075000e-08  1.11963093e-04 
 7.58175000e-08  1.23128707e-04 
 7.58337500e-08  1.30091719e-04 
 7.58500000e-08  1.23720092e-04 
 7.58525000e-08  1.21804852e-04 
 7.58575000e-08  1.17553855e-04 
 7.58675000e-08  1.09410484e-04 
 7.58837500e-08  1.00236904e-04 
 7.59000000e-08  8.77644125e-05 
 7.59025000e-08  8.42962601e-05 
 7.59075000e-08  7.69257576e-05 
 7.59175000e-08  5.64128606e-05 
 7.59337500e-08  1.86993985e-05 
 7.59500000e-08 -7.44733148e-06 
 7.59525000e-08 -9.47612948e-06 
 7.59575000e-08 -1.20555979e-05 
 7.59675000e-08 -1.08871987e-05 
 7.59837500e-08  5.59026448e-06 
 7.60000000e-08  4.06613659e-05 
 7.60025000e-08  4.80979237e-05 
 7.60075000e-08  6.53467711e-05 
 7.60175000e-08  1.05274824e-04 
 7.60337500e-08  1.67226503e-04 
 7.60500000e-08  1.92214283e-04 
 7.60525000e-08  1.90148095e-04 
 7.60575000e-08  1.82891009e-04 
 7.60675000e-08  1.41823889e-04 
 7.60837500e-08 -3.00772842e-05 
 7.61000000e-08 -3.83223654e-04 
 7.61025000e-08 -4.54791881e-04 
 7.61075000e-08 -6.05257472e-04 
 7.61175000e-08 -9.42594744e-04 
 7.61337500e-08 -1.45315696e-03 
 7.61500000e-08 -2.04156065e-03 
 7.61525000e-08 -2.12849267e-03 
 7.61575000e-08 -2.30076817e-03 
 7.61675000e-08 -2.63475687e-03 
 7.61837500e-08 -3.15221314e-03 
 7.62000000e-08 -3.65398271e-03 
 7.62025000e-08 -3.73030134e-03 
 7.62075000e-08 -3.88551405e-03 
 7.62175000e-08 -4.20165159e-03 
 7.62337500e-08 -4.73716647e-03 
 7.62500000e-08 -5.33152680e-03 
 7.62525000e-08 -5.42800347e-03 
 7.62575000e-08 -5.63118226e-03 
 7.62675000e-08 -6.06215406e-03 
 7.62837500e-08 -6.85857656e-03 
 7.63000000e-08 -7.86172731e-03 
 7.63025000e-08 -8.03716540e-03 
 7.63075000e-08 -8.43167645e-03 
 7.63175000e-08 -9.31688825e-03 
 7.63337500e-08 -1.10301016e-02 
 7.63500000e-08 -1.27301573e-02 
 7.63525000e-08 -1.29066202e-02 
 7.63575000e-08 -1.31799543e-02 
 7.63675000e-08 -1.28255422e-02 
 7.63837500e-08 -8.10842030e-03 
 7.64000000e-08  3.71501900e-03 
 7.64025000e-08  6.29482218e-03 
 7.64075000e-08  1.19631051e-02 
 7.64175000e-08  2.64577403e-02 
 7.64337500e-08  6.02042255e-02 
 7.64500000e-08  1.10243063e-01 
 7.64525000e-08  1.19954561e-01 
 7.64575000e-08  1.40677326e-01 
 7.64675000e-08  1.90998770e-01 
 7.64837500e-08  3.10014425e-01 
 7.65000000e-08  5.22040249e-01 
 7.65025000e-08  5.70425811e-01 
 7.65075000e-08  6.78629787e-01 
 7.65175000e-08  9.58714837e-01 
 7.65337500e-08  1.57589160e+00 
 7.65500000e-08  2.30351009e+00 
 7.65525000e-08  2.40629280e+00 
 7.65575000e-08  2.58929292e+00 
 7.65675000e-08  2.86057402e+00 
 7.65837500e-08  3.10789442e+00 
 7.66000000e-08  3.21098568e+00 
 7.66025000e-08  3.21884561e+00 
 7.66075000e-08  3.23277270e+00 
 7.66175000e-08  3.25233347e+00 
 7.66337500e-08  3.27065174e+00 
 7.66500000e-08  3.28068590e+00 
 7.66525000e-08  3.28178554e+00 
 7.66575000e-08  3.28385291e+00 
 7.66675000e-08  3.28727460e+00 
 7.66837500e-08  3.29126705e+00 
 7.67000000e-08  3.29386448e+00 
 7.67025000e-08  3.29415965e+00 
 7.67075000e-08  3.29471420e+00 
 7.67175000e-08  3.29563351e+00 
 7.67337500e-08  3.29671889e+00 
 7.67500000e-08  3.29745009e+00 
 7.67525000e-08  3.29753681e+00 
 7.67575000e-08  3.29770180e+00 
 7.67675000e-08  3.29798718e+00 
 7.67837500e-08  3.29835506e+00 
 7.68000000e-08  3.29863716e+00 
 7.68025000e-08  3.29867333e+00 
 7.68075000e-08  3.29874127e+00 
 7.68175000e-08  3.29886009e+00 
 7.68337500e-08  3.29903429e+00 
 7.68500000e-08  3.29922067e+00 
 7.68525000e-08  3.29925020e+00 
 7.68575000e-08  3.29930759e+00 
 7.68675000e-08  3.29941437e+00 
 7.68837500e-08  3.29956198e+00 
 7.69000000e-08  3.29967946e+00 
 7.69025000e-08  3.29969490e+00 
 7.69075000e-08  3.29972416e+00 
 7.69175000e-08  3.29977496e+00 
 7.69337500e-08  3.29983746e+00 
 7.69500000e-08  3.29987837e+00 
 7.69525000e-08  3.29988300e+00 
 7.69575000e-08  3.29989142e+00 
 7.69675000e-08  3.29990521e+00 
 7.69837500e-08  3.29992107e+00 
 7.70000000e-08  3.29993088e+00 
 7.70025000e-08  3.29993193e+00 
 7.70075000e-08  3.29993337e+00 
 7.70175000e-08  3.29993499e+00 
 7.70337500e-08  3.29993758e+00 
 7.70500000e-08  3.29994261e+00 
 7.70525000e-08  3.29994372e+00 
 7.70575000e-08  3.29994628e+00 
 7.70675000e-08  3.29995355e+00 
 7.70837500e-08  3.29997132e+00 
 7.71000000e-08  3.29998281e+00 
 7.71025000e-08  3.29998252e+00 
 7.71075000e-08  3.29998164e+00 
 7.71175000e-08  3.29997754e+00 
 7.71337500e-08  3.29996675e+00 
 7.71500000e-08  3.29995481e+00 
 7.71525000e-08  3.29995298e+00 
 7.71575000e-08  3.29994911e+00 
 7.71675000e-08  3.29994135e+00 
 7.71837500e-08  3.29993136e+00 
 7.72000000e-08  3.29992509e+00 
 7.72025000e-08  3.29992456e+00 
 7.72075000e-08  3.29992362e+00 
 7.72175000e-08  3.29992244e+00 
 7.72337500e-08  3.29992042e+00 
 7.72500000e-08  3.29991876e+00 
 7.72525000e-08  3.29991894e+00 
 7.72575000e-08  3.29991937e+00 
 7.72675000e-08  3.29992157e+00 
 7.72837500e-08  3.29992822e+00 
 7.73000000e-08  3.29993803e+00 
 7.73025000e-08  3.29993996e+00 
 7.73075000e-08  3.29994400e+00 
 7.73175000e-08  3.29995376e+00 
 7.73337500e-08  3.29997292e+00 
 7.73500000e-08  3.29999171e+00 
 7.73525000e-08  3.29999394e+00 
 7.73575000e-08  3.29999756e+00 
 7.73675000e-08  3.30000263e+00 
 7.73837500e-08  3.30000502e+00 
 7.74000000e-08  3.29999921e+00 
 7.74025000e-08  3.29999838e+00 
 7.74075000e-08  3.29999671e+00 
 7.74175000e-08  3.29999360e+00 
 7.74337500e-08  3.29998891e+00 
 7.74500000e-08  3.29998416e+00 
 7.74525000e-08  3.29998325e+00 
 7.74575000e-08  3.29998134e+00 
 7.74675000e-08  3.29997543e+00 
 7.74837500e-08  3.29996154e+00 
 7.75000000e-08  3.29995286e+00 
 7.75025000e-08  3.29995327e+00 
 7.75075000e-08  3.29995424e+00 
 7.75175000e-08  3.29995682e+00 
 7.75337500e-08  3.29996666e+00 
 7.75500000e-08  3.29998822e+00 
 7.75525000e-08  3.29999310e+00 
 7.75575000e-08  3.30000467e+00 
 7.75675000e-08  3.30003082e+00 
 7.75837500e-08  3.30005600e+00 
 7.76000000e-08  3.30003822e+00 
 7.76025000e-08  3.30003005e+00 
 7.76075000e-08  3.30001092e+00 
 7.76175000e-08  3.29996296e+00 
 7.76337500e-08  3.29987006e+00 
 7.76500000e-08  3.29979092e+00 
 7.76525000e-08  3.29978166e+00 
 7.76575000e-08  3.29976339e+00 
 7.76675000e-08  3.29973785e+00 
 7.76837500e-08  3.29972660e+00 
 7.77000000e-08  3.29974618e+00 
 7.77025000e-08  3.29975186e+00 
 7.77075000e-08  3.29976503e+00 
 7.77175000e-08  3.29980516e+00 
 7.77337500e-08  3.29985589e+00 
 7.77500000e-08  3.29988826e+00 
 7.77525000e-08  3.29989147e+00 
 7.77575000e-08  3.29989715e+00 
 7.77675000e-08  3.29991171e+00 
 7.77837500e-08  3.29994373e+00 
 7.78000000e-08  3.29997682e+00 
 7.78025000e-08  3.29998114e+00 
 7.78075000e-08  3.29998875e+00 
 7.78175000e-08  3.29999954e+00 
 7.78337500e-08  3.30000692e+00 
 7.78500000e-08  3.30000194e+00 
 7.78525000e-08  3.30000027e+00 
 7.78575000e-08  3.29999646e+00 
 7.78675000e-08  3.29998580e+00 
 7.78837500e-08  3.29996117e+00 
 7.79000000e-08  3.29992543e+00 
 7.79025000e-08  3.29991892e+00 
 7.79075000e-08  3.29990420e+00 
 7.79175000e-08  3.29986962e+00 
 7.79337500e-08  3.29979544e+00 
 7.79500000e-08  3.29971086e+00 
 7.79525000e-08  3.29970028e+00 
 7.79575000e-08  3.29968001e+00 
 7.79675000e-08  3.29965394e+00 
 7.79837500e-08  3.29964790e+00 
 7.80000000e-08  3.29967420e+00 
 7.80025000e-08  3.29968089e+00 
 7.80075000e-08  3.29969417e+00 
 7.80175000e-08  3.29972769e+00 
 7.80337500e-08  3.29981088e+00 
 7.80500000e-08  3.29995546e+00 
 7.80525000e-08  3.29998591e+00 
 7.80575000e-08  3.30005773e+00 
 7.80675000e-08  3.30023031e+00 
 7.80837500e-08  3.30056784e+00 
 7.81000000e-08  3.30095009e+00 
 7.81025000e-08  3.30101057e+00 
 7.81075000e-08  3.30113167e+00 
 7.81175000e-08  3.30136073e+00 
 7.81337500e-08  3.30172350e+00 
 7.81500000e-08  3.30209118e+00 
 7.81525000e-08  3.30214767e+00 
 7.81575000e-08  3.30226360e+00 
 7.81675000e-08  3.30250393e+00 
 7.81837500e-08  3.30289949e+00 
 7.82000000e-08  3.30330612e+00 
 7.82025000e-08  3.30336978e+00 
 7.82075000e-08  3.30349892e+00 
 7.82175000e-08  3.30375865e+00 
 7.82337500e-08  3.30415217e+00 
 7.82500000e-08  3.30447614e+00 
 7.82525000e-08  3.30451762e+00 
 7.82575000e-08  3.30460006e+00 
 7.82675000e-08  3.30476335e+00 
 7.82837500e-08  3.30505071e+00 
 7.83000000e-08  3.30540251e+00 
 7.83025000e-08  3.30546502e+00 
 7.83075000e-08  3.30559655e+00 
 7.83175000e-08  3.30589668e+00 
 7.83337500e-08  3.30650073e+00 
 7.83500000e-08  3.30728307e+00 
 7.83525000e-08  3.30742380e+00 
 7.83575000e-08  3.30772070e+00 
 7.83675000e-08  3.30839768e+00 
 7.83837500e-08  3.30978050e+00 
 7.84000000e-08  3.31165656e+00 
 7.84025000e-08  3.31200527e+00 
 7.84075000e-08  3.31275298e+00 
 7.84175000e-08  3.31448364e+00 
 7.84337500e-08  3.31772152e+00 
 7.84500000e-08  3.31963221e+00 
 7.84525000e-08  3.31952811e+00 
 7.84575000e-08  3.31891264e+00 
 7.84675000e-08  3.31468649e+00 
 7.84837500e-08  3.29696642e+00 
 7.85000000e-08  3.26498509e+00 
 7.85025000e-08  3.25816668e+00 
 7.85075000e-08  3.24356744e+00 
 7.85175000e-08  3.20833033e+00 
 7.85337500e-08  3.13114622e+00 
 7.85500000e-08  3.02063796e+00 
 7.85525000e-08  2.99925182e+00 
 7.85575000e-08  2.95323227e+00 
 7.85675000e-08  2.83657511e+00 
 7.85837500e-08  2.50039248e+00 
 7.86000000e-08  1.94038395e+00 
 7.86025000e-08  1.83176042e+00 
 7.86075000e-08  1.60488022e+00 
 7.86175000e-08  1.10591943e+00 
 7.86337500e-08  4.29169873e-01 
 7.86500000e-08  1.08073697e-01 
 7.86517035e-08  9.67980603e-02 
 7.86551105e-08  7.72772566e-02 
 7.86619245e-08  5.19881414e-02 
 7.86755526e-08  2.85085067e-02 
 7.87000000e-08  1.36751267e-02 
 7.87025000e-08  1.30142090e-02 
 7.87075000e-08  1.16908716e-02 
 7.87175000e-08  9.27393572e-03 
 7.87337500e-08  6.22724805e-03 
 7.87500000e-08  4.13068008e-03 
 7.87525000e-08  3.88244655e-03 
 7.87575000e-08  3.41485700e-03 
 7.87675000e-08  2.63371488e-03 
 7.87837500e-08  1.71197648e-03 
 7.88000000e-08  1.11081069e-03 
 7.88025000e-08  1.04263022e-03 
 7.88075000e-08  9.15506912e-04 
 7.88175000e-08  7.08061702e-04 
 7.88337500e-08  4.72496324e-04 
 7.88500000e-08  3.24676766e-04 
 7.88525000e-08  3.07999322e-04 
 7.88575000e-08  2.76979403e-04 
 7.88675000e-08  2.25988184e-04 
 7.88837500e-08  1.66574215e-04 
 7.89000000e-08  1.27442571e-04 
 7.89025000e-08  1.22973285e-04 
 7.89075000e-08  1.14696960e-04 
 7.89175000e-08  1.01114283e-04 
 7.89337500e-08  8.44715813e-05 
 7.89500000e-08  7.21163248e-05 
 7.89525000e-08  7.04403006e-05 
 7.89575000e-08  6.71185533e-05 
 7.89675000e-08  6.07494981e-05 
 7.89837500e-08  5.15953303e-05 
 7.90000000e-08  4.36456391e-05 
 7.90025000e-08  4.24929470e-05 
 7.90075000e-08  4.01325804e-05 
 7.90175000e-08  3.59087869e-05 
 7.90337500e-08  3.05442498e-05 
 7.90500000e-08  2.39180261e-05 
 7.90525000e-08  2.23392104e-05 
 7.90575000e-08  1.88232767e-05 
 7.90675000e-08  1.23336229e-05 
 7.90837500e-08  6.05989866e-06 
 7.91000000e-08  4.92178341e-06 
 7.91025000e-08  5.09826973e-06 
 7.91075000e-08  5.44022364e-06 
 7.91175000e-08  6.40268430e-06 
 7.91337500e-08  7.97259811e-06 
 7.91500000e-08  9.38044854e-06 
 7.91525000e-08  9.69006273e-06 
 7.91575000e-08  1.02973563e-05 
 7.91675000e-08  1.16018009e-05 
 7.91837500e-08  1.24390733e-05 
 7.92000000e-08  1.03207731e-05 
 7.92025000e-08  9.61770630e-06 
 7.92075000e-08  7.91112750e-06 
 7.92175000e-08  3.60797522e-06 
 7.92337500e-08 -3.74491820e-06 
 7.92500000e-08 -8.77788352e-06 
 7.92525000e-08 -8.91927676e-06 
 7.92575000e-08 -9.13439049e-06 
 7.92675000e-08 -9.00769661e-06 
 7.92837500e-08 -7.31624956e-06 
 7.93000000e-08 -4.00603535e-06 
 7.93025000e-08 -3.40457470e-06 
 7.93075000e-08 -1.73842892e-06 
 7.93175000e-08  1.48986237e-06 
 7.93337500e-08  4.78784711e-06 
 7.93500000e-08  8.35903185e-06 
 7.93525000e-08  8.92092923e-06 
 7.93575000e-08  9.90404846e-06 
 7.93675000e-08  1.13608299e-05 
 7.93837500e-08  1.26691830e-05 
 7.94000000e-08  1.27179124e-05 
 7.94025000e-08  1.25941203e-05 
 7.94075000e-08  1.22372751e-05 
 7.94175000e-08  1.11174773e-05 
 7.94337500e-08  8.59355560e-06 
 7.94500000e-08  5.33124541e-06 
 7.94525000e-08  4.81661679e-06 
 7.94575000e-08  3.58288729e-06 
 7.94675000e-08  1.47692301e-06 
 7.94837500e-08 -2.25572947e-06 
 7.95000000e-08 -7.52940572e-06 
 7.95025000e-08 -8.59380868e-06 
 7.95075000e-08 -1.12790425e-05 
 7.95175000e-08 -1.72321943e-05 
 7.95337500e-08 -2.55898516e-05 
 7.95500000e-08 -2.73949170e-05 
 7.95525000e-08 -2.65769105e-05 
 7.95575000e-08 -2.49151120e-05 
 7.95675000e-08 -1.93500057e-05 
 7.95837500e-08 -5.31619351e-06 
 7.96000000e-08  1.78564552e-05 
 7.96025000e-08  2.25104168e-05 
 7.96075000e-08  3.22145248e-05 
 7.96175000e-08  5.35965013e-05 
 7.96337500e-08  8.76409938e-05 
 7.96500000e-08  1.18756095e-04 
 7.96525000e-08  1.20653113e-04 
 7.96575000e-08  1.24147305e-04 
 7.96675000e-08  1.28761015e-04 
 7.96837500e-08  1.26127668e-04 
 7.97000000e-08  1.14624909e-04 
 7.97025000e-08  1.12595130e-04 
 7.97075000e-08  1.09060553e-04 
 7.97175000e-08  1.04318386e-04 
 7.97337500e-08  9.18097555e-05 
 7.97500000e-08  6.75841290e-05 
 7.97525000e-08  6.11982103e-05 
 7.97575000e-08  4.85714316e-05 
 7.97675000e-08  2.39341203e-05 
 7.97837500e-08 -5.20754822e-06 
 7.98000000e-08 -1.42451768e-05 
 7.98025000e-08 -1.34997304e-05 
 7.98075000e-08 -1.06947696e-05 
 7.98175000e-08  2.01375310e-07 
 7.98337500e-08  3.09143600e-05 
 7.98500000e-08  8.43553814e-05 
 7.98525000e-08  9.43132981e-05 
 7.98575000e-08  1.15844567e-04 
 7.98675000e-08  1.55833207e-04 
 7.98837500e-08  1.91682871e-04 
 7.99000000e-08  1.68013240e-04 
 7.99025000e-08  1.56123050e-04 
 7.99075000e-08  1.26633815e-04 
 7.99175000e-08  2.55057267e-05 
 7.99337500e-08 -2.86490626e-04 
 7.99500000e-08 -7.63921043e-04 
 7.99525000e-08 -8.50297642e-04 
 7.99575000e-08 -1.01933600e-03 
 7.99675000e-08 -1.31601766e-03 
 7.99837500e-08 -1.89623616e-03 
 8.00000000e-08 -2.45808070e-03 
 8.00025000e-08 -2.53970387e-03 
 8.00075000e-08 -2.70189052e-03 
 8.00175000e-08 -3.01862443e-03 
 8.00337500e-08 -3.52074525e-03 
 8.00500000e-08 -4.02541805e-03 
 8.00525000e-08 -4.10403863e-03 
 8.00575000e-08 -4.26470213e-03 
