 0.00000000e+00  3.29748961e+00 
 2.50000000e-13  3.29748961e+00 
 5.00000000e-13  3.29748961e+00 
 1.00000000e-12  3.29748960e+00 
 2.00000000e-12  3.29748958e+00 
 4.00000000e-12  3.29748949e+00 
 8.00000000e-12  3.29748925e+00 
 1.60000000e-11  3.29748904e+00 
 3.20000000e-11  3.29749254e+00 
 5.00000000e-11  3.29750572e+00 
 5.25000000e-11  3.29750867e+00 
 5.75000000e-11  3.29751511e+00 
 6.75000000e-11  3.29752980e+00 
 8.37500000e-11  3.29755162e+00 
 1.00000000e-10  3.29756313e+00 
 1.02500000e-10  3.29756340e+00 
 1.07500000e-10  3.29756313e+00 
 1.17500000e-10  3.29755759e+00 
 1.33750000e-10  3.29753689e+00 
 1.50000000e-10  3.29750752e+00 
 1.52500000e-10  3.29750263e+00 
 1.57500000e-10  3.29749290e+00 
 1.67500000e-10  3.29747451e+00 
 1.83750000e-10  3.29744912e+00 
 2.00000000e-10  3.29742812e+00 
 2.02500000e-10  3.29742510e+00 
 2.07500000e-10  3.29741901e+00 
 2.17500000e-10  3.29740641e+00 
 2.33750000e-10  3.29738450e+00 
 2.50000000e-10  3.29736130e+00 
 2.52500000e-10  3.29735761e+00 
 2.57500000e-10  3.29735020e+00 
 2.67500000e-10  3.29733629e+00 
 2.83750000e-10  3.29732022e+00 
 3.00000000e-10  3.29731467e+00 
 3.02500000e-10  3.29731507e+00 
 3.07500000e-10  3.29731648e+00 
 3.17500000e-10  3.29732087e+00 
 3.33750000e-10  3.29732574e+00 
 3.50000000e-10  3.29732355e+00 
 3.52500000e-10  3.29732232e+00 
 3.57500000e-10  3.29731945e+00 
 3.67500000e-10  3.29731209e+00 
 3.83750000e-10  3.29729854e+00 
 4.00000000e-10  3.29728517e+00 
 4.02500000e-10  3.29728323e+00 
 4.07500000e-10  3.29727944e+00 
 4.17500000e-10  3.29727258e+00 
 4.33750000e-10  3.29726416e+00 
 4.50000000e-10  3.29725953e+00 
 4.52500000e-10  3.29725910e+00 
 4.57500000e-10  3.29725835e+00 
 4.67500000e-10  3.29725818e+00 
 4.83750000e-10  3.29726438e+00 
 5.00000000e-10  3.29728002e+00 
 5.02500000e-10  3.29728352e+00 
 5.07500000e-10  3.29729104e+00 
 5.17500000e-10  3.29730773e+00 
 5.33750000e-10  3.29733598e+00 
 5.50000000e-10  3.29736570e+00 
 5.52500000e-10  3.29737054e+00 
 5.57500000e-10  3.29738047e+00 
 5.67500000e-10  3.29740324e+00 
 5.83750000e-10  3.29745149e+00 
 6.00000000e-10  3.29751287e+00 
 6.02500000e-10  3.29752346e+00 
 6.07500000e-10  3.29754507e+00 
 6.17500000e-10  3.29758958e+00 
 6.33750000e-10  3.29766275e+00 
 6.50000000e-10  3.29773734e+00 
 6.52500000e-10  3.29774903e+00 
 6.57500000e-10  3.29777260e+00 
 6.67500000e-10  3.29782265e+00 
 6.83750000e-10  3.29791774e+00 
 7.00000000e-10  3.29803184e+00 
 7.02500000e-10  3.29805142e+00 
 7.07500000e-10  3.29809148e+00 
 7.17500000e-10  3.29817455e+00 
 7.33750000e-10  3.29830902e+00 
 7.50000000e-10  3.29843735e+00 
 7.52500000e-10  3.29845631e+00 
 7.57500000e-10  3.29849395e+00 
 7.67500000e-10  3.29856868e+00 
 7.83750000e-10  3.29869392e+00 
 8.00000000e-10  3.29882906e+00 
 8.02500000e-10  3.29885107e+00 
 8.07500000e-10  3.29889572e+00 
 8.17500000e-10  3.29898937e+00 
 8.33750000e-10  3.29915660e+00 
 8.50000000e-10  3.29934432e+00 
 8.52500000e-10  3.29937534e+00 
 8.57500000e-10  3.29943842e+00 
 8.67500000e-10  3.29956988e+00 
 8.83750000e-10  3.29979639e+00 
 9.00000000e-10  3.30003953e+00 
 9.02500000e-10  3.30008140e+00 
 9.07500000e-10  3.30016467e+00 
 9.17500000e-10  3.30032843e+00 
 9.33750000e-10  3.30058682e+00 
 9.50000000e-10  3.30082684e+00 
 9.52500000e-10  3.30086072e+00 
 9.57500000e-10  3.30092670e+00 
 9.67500000e-10  3.30104220e+00 
 9.83750000e-10  3.30116468e+00 
 1.00000000e-09  3.30117466e+00 
 1.00250000e-09  3.30116156e+00 
 1.00750000e-09  3.30112717e+00 
 1.01750000e-09  3.30099884e+00 
 1.03375000e-09  3.30057179e+00 
 1.05000000e-09  3.29977456e+00 
 1.05250000e-09  3.29962221e+00 
 1.05750000e-09  3.29928900e+00 
 1.06750000e-09  3.29843542e+00 
 1.08375000e-09  3.29642607e+00 
 1.10000000e-09  3.29347768e+00 
 1.10250000e-09  3.29291461e+00 
 1.10750000e-09  3.29172916e+00 
 1.11750000e-09  3.28898012e+00 
 1.13375000e-09  3.28331889e+00 
 1.15000000e-09  3.27599318e+00 
 1.15250000e-09  3.27468447e+00 
 1.15750000e-09  3.27197407e+00 
 1.16750000e-09  3.26597864e+00 
 1.18375000e-09  3.25452329e+00 
 1.20000000e-09  3.24084897e+00 
 1.20250000e-09  3.23851697e+00 
 1.20750000e-09  3.23374170e+00 
 1.21750000e-09  3.22352619e+00 
 1.23375000e-09  3.20504719e+00 
 1.25000000e-09  3.18429036e+00 
 1.25250000e-09  3.18087671e+00 
 1.25750000e-09  3.17394729e+00 
 1.26750000e-09  3.15950933e+00 
 1.28375000e-09  3.13458081e+00 
 1.30000000e-09  3.10819557e+00 
 1.30250000e-09  3.10402852e+00 
 1.30750000e-09  3.09565989e+00 
 1.31750000e-09  3.07880950e+00 
 1.33375000e-09  3.05163379e+00 
 1.35000000e-09  3.02568571e+00 
 1.35250000e-09  3.02190840e+00 
 1.35750000e-09  3.01450071e+00 
 1.36750000e-09  3.00074023e+00 
 1.38375000e-09  2.98240805e+00 
 1.40000000e-09  2.97071927e+00 
 1.40250000e-09  2.96971300e+00 
 1.40750000e-09  2.96813608e+00 
 1.41750000e-09  2.96771347e+00 
 1.43375000e-09  2.97523733e+00 
 1.45000000e-09  2.99291644e+00 
 1.45250000e-09  2.99660109e+00 
 1.45750000e-09  3.00438215e+00 
 1.46750000e-09  3.02226850e+00 
 1.48375000e-09  3.05672049e+00 
 1.50000000e-09  3.09558433e+00 
 1.50250000e-09  3.10182149e+00 
 1.50750000e-09  3.11431282e+00 
 1.51750000e-09  3.13913434e+00 
 1.53375000e-09  3.17726955e+00 
 1.55000000e-09  3.20993097e+00 
 1.55250000e-09  3.21420007e+00 
 1.55750000e-09  3.22233384e+00 
 1.56750000e-09  3.23616430e+00 
 1.58375000e-09  3.25263500e+00 
 1.60000000e-09  3.26366033e+00 
 1.60250000e-09  3.26497402e+00 
 1.60750000e-09  3.26749069e+00 
 1.61750000e-09  3.27191840e+00 
 1.63375000e-09  3.27778182e+00 
 1.65000000e-09  3.28238689e+00 
 1.65250000e-09  3.28299198e+00 
 1.65750000e-09  3.28416165e+00 
 1.66750000e-09  3.28626755e+00 
 1.68375000e-09  3.28910748e+00 
 1.70000000e-09  3.29133910e+00 
 1.70250000e-09  3.29162969e+00 
 1.70750000e-09  3.29218912e+00 
 1.71750000e-09  3.29318699e+00 
 1.73375000e-09  3.29451307e+00 
 1.75000000e-09  3.29553610e+00 
 1.75250000e-09  3.29566758e+00 
 1.75750000e-09  3.29592020e+00 
 1.76750000e-09  3.29636863e+00 
 1.78375000e-09  3.29696147e+00 
 1.80000000e-09  3.29742165e+00 
 1.80250000e-09  3.29748182e+00 
 1.80750000e-09  3.29759846e+00 
 1.81750000e-09  3.29781089e+00 
 1.83375000e-09  3.29810500e+00 
 1.85000000e-09  3.29834236e+00 
 1.85250000e-09  3.29837323e+00 
 1.85750000e-09  3.29843279e+00 
 1.86750000e-09  3.29853950e+00 
 1.88375000e-09  3.29868483e+00 
 1.90000000e-09  3.29880510e+00 
 1.90250000e-09  3.29882179e+00 
 1.90750000e-09  3.29885466e+00 
 1.91750000e-09  3.29891802e+00 
 1.93375000e-09  3.29901660e+00 
 1.95000000e-09  3.29911306e+00 
 1.95250000e-09  3.29912791e+00 
 1.95750000e-09  3.29915769e+00 
 1.96750000e-09  3.29921802e+00 
 1.98375000e-09  3.29931729e+00 
 2.00000000e-09  3.29941661e+00 
 2.00250000e-09  3.29943177e+00 
 2.00750000e-09  3.29946187e+00 
 2.01750000e-09  3.29952113e+00 
 2.03375000e-09  3.29961236e+00 
 2.05000000e-09  3.29969511e+00 
 2.05250000e-09  3.29970689e+00 
 2.05750000e-09  3.29972939e+00 
 2.06750000e-09  3.29976915e+00 
 2.08375000e-09  3.29982064e+00 
 2.10000000e-09  3.29985986e+00 
 2.10250000e-09  3.29986514e+00 
 2.10750000e-09  3.29987564e+00 
 2.11750000e-09  3.29989607e+00 
 2.13375000e-09  3.29992241e+00 
 2.15000000e-09  3.29992638e+00 
 2.15250000e-09  3.29992369e+00 
 2.15750000e-09  3.29991605e+00 
 2.16750000e-09  3.29988929e+00 
 2.18375000e-09  3.29981981e+00 
 2.20000000e-09  3.29973359e+00 
 2.20250000e-09  3.29972029e+00 
 2.20750000e-09  3.29969432e+00 
 2.21750000e-09  3.29964749e+00 
 2.23375000e-09  3.29958867e+00 
 2.25000000e-09  3.29955253e+00 
 2.25250000e-09  3.29954898e+00 
 2.25750000e-09  3.29954242e+00 
 2.26750000e-09  3.29953301e+00 
 2.28375000e-09  3.29952961e+00 
 2.30000000e-09  3.29954096e+00 
 2.30250000e-09  3.29954419e+00 
 2.30750000e-09  3.29955143e+00 
 2.31750000e-09  3.29956958e+00 
 2.33375000e-09  3.29960423e+00 
 2.35000000e-09  3.29963354e+00 
 2.35250000e-09  3.29963732e+00 
 2.35750000e-09  3.29964357e+00 
 2.36750000e-09  3.29965382e+00 
 2.38375000e-09  3.29966330e+00 
 2.40000000e-09  3.29967741e+00 
 2.40250000e-09  3.29968162e+00 
 2.40750000e-09  3.29968977e+00 
 2.41750000e-09  3.29970709e+00 
 2.43375000e-09  3.29973338e+00 
 2.45000000e-09  3.29974994e+00 
 2.45250000e-09  3.29975126e+00 
 2.45750000e-09  3.29975224e+00 
 2.46750000e-09  3.29974872e+00 
 2.48375000e-09  3.29972831e+00 
 2.50000000e-09  3.29969447e+00 
 2.50250000e-09  3.29968938e+00 
 2.50750000e-09  3.29967911e+00 
 2.51750000e-09  3.29966268e+00 
 2.53375000e-09  3.29964884e+00 
 2.55000000e-09  3.29965229e+00 
 2.55250000e-09  3.29965430e+00 
 2.55750000e-09  3.29965789e+00 
 2.56750000e-09  3.29966659e+00 
 2.58375000e-09  3.29968941e+00 
 2.60000000e-09  3.29972829e+00 
 2.60250000e-09  3.29973687e+00 
 2.60750000e-09  3.29975528e+00 
 2.61750000e-09  3.29980146e+00 
 2.63375000e-09  3.29990331e+00 
 2.65000000e-09  3.30004547e+00 
 2.65250000e-09  3.30007327e+00 
 2.65750000e-09  3.30013061e+00 
 2.66750000e-09  3.30025649e+00 
 2.68375000e-09  3.30048871e+00 
 2.70000000e-09  3.30074881e+00 
 2.70250000e-09  3.30079060e+00 
 2.70750000e-09  3.30087430e+00 
 2.71750000e-09  3.30104452e+00 
 2.73375000e-09  3.30131936e+00 
 2.75000000e-09  3.30159650e+00 
 2.75250000e-09  3.30164160e+00 
 2.75750000e-09  3.30173324e+00 
 2.76750000e-09  3.30191783e+00 
 2.78375000e-09  3.30222791e+00 
 2.80000000e-09  3.30255360e+00 
 2.80250000e-09  3.30260434e+00 
 2.80750000e-09  3.30270596e+00 
 2.81750000e-09  3.30291105e+00 
 2.83375000e-09  3.30325084e+00 
 2.85000000e-09  3.30360233e+00 
 2.85250000e-09  3.30365764e+00 
 2.85750000e-09  3.30376932e+00 
 2.86750000e-09  3.30399829e+00 
 2.88375000e-09  3.30438277e+00 
 2.90000000e-09  3.30477163e+00 
 2.90250000e-09  3.30482986e+00 
 2.90750000e-09  3.30494617e+00 
 2.91750000e-09  3.30517179e+00 
 2.93375000e-09  3.30551663e+00 
 2.95000000e-09  3.30584570e+00 
 2.95250000e-09  3.30589539e+00 
 2.95750000e-09  3.30599605e+00 
 2.96750000e-09  3.30620533e+00 
 2.98375000e-09  3.30658243e+00 
 3.00000000e-09  3.30702527e+00 
 3.00250000e-09  3.30710092e+00 
 3.00750000e-09  3.30725763e+00 
 3.01750000e-09  3.30760080e+00 
 3.03375000e-09  3.30825234e+00 
 3.05000000e-09  3.30904312e+00 
 3.05250000e-09  3.30918008e+00 
 3.05750000e-09  3.30946509e+00 
 3.06750000e-09  3.31009326e+00 
 3.08375000e-09  3.31130170e+00 
 3.10000000e-09  3.31279660e+00 
 3.10250000e-09  3.31305834e+00 
 3.10750000e-09  3.31360609e+00 
 3.11750000e-09  3.31480854e+00 
 3.13375000e-09  3.31701123e+00 
 3.15000000e-09  3.31919640e+00 
 3.15250000e-09  3.31947791e+00 
 3.15750000e-09  3.31997758e+00 
 3.16750000e-09  3.32040172e+00 
 3.18375000e-09  3.31835119e+00 
 3.20000000e-09  3.31112826e+00 
 3.20250000e-09  3.30935783e+00 
 3.20750000e-09  3.30545335e+00 
 3.21750000e-09  3.29578590e+00 
 3.23375000e-09  3.27404449e+00 
 3.25000000e-09  3.24251153e+00 
 3.25250000e-09  3.23660099e+00 
 3.25750000e-09  3.22422160e+00 
 3.26750000e-09  3.19594158e+00 
 3.28375000e-09  3.13849115e+00 
 3.30000000e-09  3.06326616e+00 
 3.30250000e-09  3.04950815e+00 
 3.30750000e-09  3.02060887e+00 
 3.31750000e-09  2.95356169e+00 
 3.33375000e-09  2.80366268e+00 
 3.35000000e-09  2.55759949e+00 
 3.35250000e-09  2.50796964e+00 
 3.35750000e-09  2.40271612e+00 
 3.36750000e-09  2.15873472e+00 
 3.38375000e-09  1.67671498e+00 
 3.40000000e-09  1.11021134e+00 
 3.40250000e-09  1.01924355e+00 
 3.40750000e-09  8.44294807e-01 
 3.41750000e-09  5.46681573e-01 
 3.43375000e-09  2.35831097e-01 
 3.45000000e-09  9.77925342e-02 
 3.45250000e-09  8.79104495e-02 
 3.45750000e-09  7.07154383e-02 
 3.46750000e-09  4.81028560e-02 
 3.48375000e-09  2.94405169e-02 
 3.50000000e-09  2.05993885e-02 
 3.50250000e-09  1.96718404e-02 
 3.50750000e-09  1.78959213e-02 
 3.51750000e-09  1.48674351e-02 
 3.53375000e-09  1.10764052e-02 
 3.55000000e-09  8.29461944e-03 
 3.55250000e-09  7.94294697e-03 
 3.55750000e-09  7.26696549e-03 
 3.56750000e-09  6.07595076e-03 
 3.58375000e-09  4.52745584e-03 
 3.60000000e-09  3.36671083e-03 
 3.60250000e-09  3.22026815e-03 
 3.60750000e-09  2.94008702e-03 
 3.61750000e-09  2.44974139e-03 
 3.63375000e-09  1.81923345e-03 
 3.65000000e-09  1.35234610e-03 
 3.65250000e-09  1.29383510e-03 
 3.65750000e-09  1.18202156e-03 
 3.66750000e-09  9.86879827e-04 
 3.68375000e-09  7.37654451e-04 
 3.70000000e-09  5.55116648e-04 
 3.70250000e-09  5.32592973e-04 
 3.70750000e-09  4.89864614e-04 
 3.71750000e-09  4.16383528e-04 
 3.73375000e-09  3.23524379e-04 
 3.75000000e-09  2.55532288e-04 
 3.75250000e-09  2.46912090e-04 
 3.75750000e-09  2.30265978e-04 
 3.76750000e-09  2.00552830e-04 
 3.78375000e-09  1.61733393e-04 
 3.80000000e-09  1.32356563e-04 
 3.80250000e-09  1.28631825e-04 
 3.80750000e-09  1.21570542e-04 
 3.81750000e-09  1.09237824e-04 
 3.83375000e-09  9.27626687e-05 
 3.85000000e-09  7.91383340e-05 
 3.85250000e-09  7.72911750e-05 
 3.85750000e-09  7.35952739e-05 
 3.86750000e-09  6.66471154e-05 
 3.88375000e-09  5.66110543e-05 
 3.90000000e-09  4.74723682e-05 
 3.90250000e-09  4.59907064e-05 
 3.90750000e-09  4.28514443e-05 
 3.91750000e-09  3.66658280e-05 
 3.93375000e-09  2.79856925e-05 
 3.95000000e-09  2.21011742e-05 
 3.95250000e-09  2.15449592e-05 
 3.95750000e-09  2.05055023e-05 
 3.96750000e-09  1.91588003e-05 
 3.98375000e-09  1.82211408e-05 
 4.00000000e-09  1.82030015e-05 
 4.00250000e-09  1.82493523e-05 
 4.00750000e-09  1.82627379e-05 
 4.01750000e-09  1.83214880e-05 
 4.03375000e-09  1.87918609e-05 
 4.05000000e-09  1.95178451e-05 
 4.05250000e-09  1.95899069e-05 
 4.05750000e-09  1.96214986e-05 
 4.06750000e-09  1.91864956e-05 
 4.08375000e-09  1.68706637e-05 
 4.10000000e-09  1.24982934e-05 
 4.10250000e-09  1.16747382e-05 
 4.10750000e-09  9.97668835e-06 
 4.11750000e-09  6.49988798e-06 
 4.13375000e-09  1.35532162e-06 
 4.15000000e-09 -2.39316130e-06 
 4.15250000e-09 -2.63483552e-06 
 4.15750000e-09 -3.12411562e-06 
 4.16750000e-09 -3.94171357e-06 
 4.18375000e-09 -4.41040681e-06 
 4.20000000e-09 -3.71393338e-06 
 4.20250000e-09 -3.47825364e-06 
 4.20750000e-09 -2.95660386e-06 
 4.21750000e-09 -1.62752346e-06 
 4.23375000e-09  1.70857469e-06 
 4.25000000e-09  5.83046342e-06 
 4.25250000e-09  6.22435995e-06 
 4.25750000e-09  7.00267940e-06 
 4.26750000e-09  8.51105287e-06 
 4.28375000e-09  1.04752816e-05 
 4.30000000e-09  1.24588848e-05 
 4.30250000e-09  1.27154245e-05 
 4.30750000e-09  1.30398917e-05 
 4.31750000e-09  1.31485477e-05 
 4.33375000e-09  1.27810760e-05 
 4.35000000e-09  1.19681658e-05 
 4.35250000e-09  1.19538866e-05 
 4.35750000e-09  1.20541464e-05 
 4.36750000e-09  1.25599053e-05 
 4.38375000e-09  1.25230174e-05 
 4.40000000e-09  1.07182256e-05 
 4.40250000e-09  1.01569154e-05 
 4.40750000e-09  8.74449275e-06 
 4.41750000e-09  5.05598739e-06 
 4.43375000e-09 -1.44936735e-06 
 4.45000000e-09 -9.36207769e-06 
 4.45250000e-09 -1.06301167e-05 
 4.45750000e-09 -1.34385510e-05 
 4.46750000e-09 -1.87025094e-05 
 4.48375000e-09 -2.51431079e-05 
 4.50000000e-09 -2.69014843e-05 
 4.50250000e-09 -2.66305498e-05 
 4.50750000e-09 -2.62265443e-05 
 4.51750000e-09 -2.44169209e-05 
 4.53375000e-09 -1.79184851e-05 
 4.55000000e-09 -5.62712966e-06 
 4.55250000e-09 -2.96738087e-06 
 4.55750000e-09  2.51480082e-06 
 4.56750000e-09  1.57898608e-05 
 4.58375000e-09  4.34297454e-05 
 4.60000000e-09  7.49265638e-05 
 4.60250000e-09  7.98966363e-05 
 4.60750000e-09  8.98049246e-05 
 4.61750000e-09  1.08876859e-04 
 4.63375000e-09  1.40801038e-04 
 4.65000000e-09  1.56999901e-04 
 4.65250000e-09  1.58364745e-04 
 4.65750000e-09  1.60553257e-04 
 4.66750000e-09  1.62454129e-04 
 4.68375000e-09  1.57186567e-04 
 4.70000000e-09  1.50645197e-04 
 4.70250000e-09  1.49321073e-04 
 4.70750000e-09  1.46857319e-04 
 4.71750000e-09  1.42710440e-04 
 4.73375000e-09  1.37718942e-04 
 4.75000000e-09  1.31671193e-04 
 4.75250000e-09  1.28730885e-04 
 4.75750000e-09  1.22488472e-04 
 4.76750000e-09  1.06637907e-04 
 4.78375000e-09  7.69945612e-05 
 4.80000000e-09  5.02029722e-05 
 4.80250000e-09  4.69548721e-05 
 4.80750000e-09  4.15581929e-05 
 4.81750000e-09  3.53368803e-05 
 4.83375000e-09  3.62602908e-05 
 4.85000000e-09  5.08033838e-05 
 4.85250000e-09  5.41708542e-05 
 4.85750000e-09  6.20228043e-05 
 4.86750000e-09  8.15026801e-05 
 4.88375000e-09  1.23955376e-04 
 4.90000000e-09  1.69801465e-04 
 4.90250000e-09  1.75445435e-04 
 4.90750000e-09  1.85996093e-04 
 4.91750000e-09  1.98096772e-04 
 4.93375000e-09  1.84697749e-04 
 4.95000000e-09  1.15427850e-04 
 4.95250000e-09  9.76724694e-05 
 4.95750000e-09  5.80112557e-05 
 4.96750000e-09 -5.23373180e-05 
 4.98375000e-09 -3.22126346e-04 
 5.00000000e-09 -6.92014291e-04 
 5.00250000e-09 -7.57829027e-04 
 5.00750000e-09 -8.92648608e-04 
 5.01750000e-09 -1.17925474e-03 
 5.03375000e-09 -1.57953865e-03 
 5.05000000e-09 -2.06829232e-03 
 5.05250000e-09 -2.14372143e-03 
 5.05750000e-09 -2.29410178e-03 
 5.06750000e-09 -2.59149380e-03 
 5.08375000e-09 -3.06591640e-03 
 5.10000000e-09 -3.53372670e-03 
 5.10250000e-09 -3.60502025e-03 
 5.10750000e-09 -3.74855951e-03 
 5.11750000e-09 -4.03753435e-03 
 5.13375000e-09 -4.51548348e-03 
 5.15000000e-09 -5.01809753e-03 
 5.15250000e-09 -5.09728026e-03 
 5.15750000e-09 -5.25934322e-03 
 5.16750000e-09 -5.59265619e-03 
 5.18375000e-09 -6.17778933e-03 
 5.20000000e-09 -6.83331011e-03 
 5.20250000e-09 -6.94013892e-03 
 5.20750000e-09 -7.16344347e-03 
 5.21750000e-09 -7.63492163e-03 
 5.23375000e-09 -8.48879797e-03 
 5.25000000e-09 -9.49243191e-03 
 5.25250000e-09 -9.65983853e-03 
 5.25750000e-09 -1.00196726e-02 
 5.26750000e-09 -1.07983633e-02 
 5.28375000e-09 -1.22455432e-02 
 5.30000000e-09 -1.38612034e-02 
 5.30250000e-09 -1.41019044e-02 
 5.30750000e-09 -1.45891540e-02 
 5.31750000e-09 -1.53964936e-02 
 5.33375000e-09 -1.56756314e-02 
 5.35000000e-09 -1.34996425e-02 
 5.35250000e-09 -1.28100664e-02 
 5.35750000e-09 -1.12155089e-02 
 5.36750000e-09 -6.59837219e-03 
 5.38375000e-09  5.25024617e-03 
 5.40000000e-09  2.32398713e-02 
 5.40250000e-09  2.67624176e-02 
 5.40750000e-09  3.42101215e-02 
 5.41750000e-09  5.16589628e-02 
 5.43375000e-09  8.83977179e-02 
 5.45000000e-09  1.38115098e-01 
 5.45250000e-09  1.47346231e-01 
 5.45750000e-09  1.66763736e-01 
 5.46750000e-09  2.11962538e-01 
 5.48375000e-09  3.09520960e-01 
 5.50000000e-09  4.55630041e-01 
 5.50250000e-09  4.85355140e-01 
 5.50750000e-09  5.50367160e-01 
 5.51750000e-09  7.13421271e-01 
 5.53375000e-09  1.07119917e+00 
 5.55000000e-09  1.53444568e+00 
 5.55250000e-09  1.61520308e+00 
 5.55750000e-09  1.78011455e+00 
 5.56750000e-09  2.12084305e+00 
 5.58375000e-09  2.59124215e+00 
 5.60000000e-09  2.89881976e+00 
 5.60250000e-09  2.93177676e+00 
 5.60750000e-09  2.99217405e+00 
 5.61750000e-09  3.08507544e+00 
 5.63375000e-09  3.17821448e+00 
 5.65000000e-09  3.22607621e+00 
 5.65250000e-09  3.23065258e+00 
 5.65750000e-09  3.23905101e+00 
 5.66750000e-09  3.25211029e+00 
 5.68375000e-09  3.26632374e+00 
 5.70000000e-09  3.27535597e+00 
 5.70250000e-09  3.27641545e+00 
 5.70750000e-09  3.27843277e+00 
 5.71750000e-09  3.28191628e+00 
 5.73375000e-09  3.28634086e+00 
 5.75000000e-09  3.28960278e+00 
 5.75250000e-09  3.29001187e+00 
 5.75750000e-09  3.29079548e+00 
 5.76750000e-09  3.29217019e+00 
 5.78375000e-09  3.29394798e+00 
 5.80000000e-09  3.29527863e+00 
 5.80250000e-09  3.29544646e+00 
 5.80750000e-09  3.29576779e+00 
 5.81750000e-09  3.29633291e+00 
 5.83375000e-09  3.29707062e+00 
 5.85000000e-09  3.29762783e+00 
 5.85250000e-09  3.29769882e+00 
 5.85750000e-09  3.29783446e+00 
 5.86750000e-09  3.29807915e+00 
 5.88375000e-09  3.29842186e+00 
 5.90000000e-09  3.29871387e+00 
 5.90250000e-09  3.29875438e+00 
 5.90750000e-09  3.29883289e+00 
 5.91750000e-09  3.29897755e+00 
 5.93375000e-09  3.29917980e+00 
 5.95000000e-09  3.29934684e+00 
 5.95250000e-09  3.29936941e+00 
 5.95750000e-09  3.29941291e+00 
 5.96750000e-09  3.29949161e+00 
 5.98375000e-09  3.29959850e+00 
 6.00000000e-09  3.29967965e+00 
 6.00250000e-09  3.29968989e+00 
 6.00750000e-09  3.29970917e+00 
 6.01750000e-09  3.29974220e+00 
 6.03375000e-09  3.29978409e+00 
 6.05000000e-09  3.29981561e+00 
 6.05250000e-09  3.29981987e+00 
 6.05750000e-09  3.29982810e+00 
 6.06750000e-09  3.29984347e+00 
 6.08375000e-09  3.29986464e+00 
 6.10000000e-09  3.29988147e+00 
 6.10250000e-09  3.29988370e+00 
 6.10750000e-09  3.29988792e+00 
 6.11750000e-09  3.29989576e+00 
 6.13375000e-09  3.29990889e+00 
 6.15000000e-09  3.29992114e+00 
 6.15250000e-09  3.29992309e+00 
 6.15750000e-09  3.29992717e+00 
 6.16750000e-09  3.29993582e+00 
 6.18375000e-09  3.29995012e+00 
 6.20000000e-09  3.29995912e+00 
 6.20250000e-09  3.29995943e+00 
 6.20750000e-09  3.29995978e+00 
 6.21750000e-09  3.29995857e+00 
 6.23375000e-09  3.29995269e+00 
 6.25000000e-09  3.29994423e+00 
 6.25250000e-09  3.29994280e+00 
 6.25750000e-09  3.29993980e+00 
 6.26750000e-09  3.29993353e+00 
 6.28375000e-09  3.29992403e+00 
 6.30000000e-09  3.29991622e+00 
 6.30250000e-09  3.29991527e+00 
 6.30750000e-09  3.29991343e+00 
 6.31750000e-09  3.29991018e+00 
 6.33375000e-09  3.29990516e+00 
 6.35000000e-09  3.29990092e+00 
 6.35250000e-09  3.29990059e+00 
 6.35750000e-09  3.29990011e+00 
 6.36750000e-09  3.29990048e+00 
 6.38375000e-09  3.29990347e+00 
 6.40000000e-09  3.29990890e+00 
 6.40250000e-09  3.29990992e+00 
 6.40750000e-09  3.29991182e+00 
 6.41750000e-09  3.29991583e+00 
 6.43375000e-09  3.29992445e+00 
 6.45000000e-09  3.29993681e+00 
 6.45250000e-09  3.29993913e+00 
 6.45750000e-09  3.29994388e+00 
 6.46750000e-09  3.29995407e+00 
 6.48375000e-09  3.29997069e+00 
 6.50000000e-09  3.29998469e+00 
 6.50250000e-09  3.29998645e+00 
 6.50750000e-09  3.29998980e+00 
 6.51750000e-09  3.29999549e+00 
 6.53375000e-09  3.30000122e+00 
 6.55000000e-09  3.30000033e+00 
 6.55250000e-09  3.29999992e+00 
 6.55750000e-09  3.29999879e+00 
 6.56750000e-09  3.29999509e+00 
 6.58375000e-09  3.29998882e+00 
 6.60000000e-09  3.29998438e+00 
 6.60250000e-09  3.29998381e+00 
 6.60750000e-09  3.29998272e+00 
 6.61750000e-09  3.29998028e+00 
 6.63375000e-09  3.29997404e+00 
 6.65000000e-09  3.29996440e+00 
 6.65250000e-09  3.29996270e+00 
 6.65750000e-09  3.29995952e+00 
 6.66750000e-09  3.29995424e+00 
 6.68375000e-09  3.29994945e+00 
 6.70000000e-09  3.29995087e+00 
 6.70250000e-09  3.29995184e+00 
 6.70750000e-09  3.29995643e+00 
 6.71750000e-09  3.29997107e+00 
 6.73375000e-09  3.29999460e+00 
 6.75000000e-09  3.30002070e+00 
 6.75250000e-09  3.30002416e+00 
 6.75750000e-09  3.30003068e+00 
 6.76750000e-09  3.30003866e+00 
 6.78375000e-09  3.30003099e+00 
 6.80000000e-09  3.29999251e+00 
 6.80250000e-09  3.29998422e+00 
 6.80750000e-09  3.29996601e+00 
 6.81750000e-09  3.29992216e+00 
 6.83375000e-09  3.29984354e+00 
 6.85000000e-09  3.29977496e+00 
 6.85250000e-09  3.29976636e+00 
 6.85750000e-09  3.29975050e+00 
 6.86750000e-09  3.29972477e+00 
 6.88375000e-09  3.29969300e+00 
 6.90000000e-09  3.29968022e+00 
 6.90250000e-09  3.29968000e+00 
 6.90750000e-09  3.29967990e+00 
 6.91750000e-09  3.29968257e+00 
 6.93375000e-09  3.29969776e+00 
 6.95000000e-09  3.29973804e+00 
 6.95250000e-09  3.29974315e+00 
 6.95750000e-09  3.29975268e+00 
 6.96750000e-09  3.29976949e+00 
 6.98375000e-09  3.29978880e+00 
 7.00000000e-09  3.29980081e+00 
 7.00250000e-09  3.29980439e+00 
 7.00750000e-09  3.29981264e+00 
 7.01750000e-09  3.29983621e+00 
 7.03375000e-09  3.29988142e+00 
 7.05000000e-09  3.29992269e+00 
 7.05250000e-09  3.29992781e+00 
 7.05750000e-09  3.29993669e+00 
 7.06750000e-09  3.29994862e+00 
 7.08375000e-09  3.29995611e+00 
 7.10000000e-09  3.29995246e+00 
 7.10250000e-09  3.29995130e+00 
 7.10750000e-09  3.29994862e+00 
 7.11750000e-09  3.29994191e+00 
 7.13375000e-09  3.29992327e+00 
 7.15000000e-09  3.29989041e+00 
 7.15250000e-09  3.29988372e+00 
 7.15750000e-09  3.29986822e+00 
 7.16750000e-09  3.29983071e+00 
 7.18375000e-09  3.29975655e+00 
 7.20000000e-09  3.29967841e+00 
 7.20250000e-09  3.29966813e+00 
 7.20750000e-09  3.29964820e+00 
 7.21750000e-09  3.29961761e+00 
 7.23375000e-09  3.29959357e+00 
 7.25000000e-09  3.29959716e+00 
 7.25250000e-09  3.29960012e+00 
 7.25750000e-09  3.29960607e+00 
 7.26750000e-09  3.29962249e+00 
 7.28375000e-09  3.29966263e+00 
 7.30000000e-09  3.29972357e+00 
 7.30250000e-09  3.29973580e+00 
 7.30750000e-09  3.29976172e+00 
 7.31750000e-09  3.29982548e+00 
 7.33375000e-09  3.29996472e+00 
 7.35000000e-09  3.30016512e+00 
 7.35250000e-09  3.30020074e+00 
 7.35750000e-09  3.30027367e+00 
 7.36750000e-09  3.30043173e+00 
 7.38375000e-09  3.30071983e+00 
 7.40000000e-09  3.30103780e+00 
 7.40250000e-09  3.30108904e+00 
 7.40750000e-09  3.30119220e+00 
 7.41750000e-09  3.30139881e+00 
 7.43375000e-09  3.30172848e+00 
 7.45000000e-09  3.30205406e+00 
 7.45250000e-09  3.30210685e+00 
 7.45750000e-09  3.30220980e+00 
 7.46750000e-09  3.30241716e+00 
 7.48375000e-09  3.30276942e+00 
 7.50000000e-09  3.30314061e+00 
 7.50250000e-09  3.30319912e+00 
 7.50750000e-09  3.30331745e+00 
 7.51750000e-09  3.30355997e+00 
 7.53375000e-09  3.30396094e+00 
 7.55000000e-09  3.30436174e+00 
 7.55250000e-09  3.30442140e+00 
 7.55750000e-09  3.30453993e+00 
 7.56750000e-09  3.30476757e+00 
 7.58375000e-09  3.30511164e+00 
 7.60000000e-09  3.30543299e+00 
 7.60250000e-09  3.30548078e+00 
 7.60750000e-09  3.30557727e+00 
 7.61750000e-09  3.30577525e+00 
 7.63375000e-09  3.30612269e+00 
 7.65000000e-09  3.30651951e+00 
 7.65250000e-09  3.30658645e+00 
 7.65750000e-09  3.30672482e+00 
 7.66750000e-09  3.30702604e+00 
 7.68375000e-09  3.30759109e+00 
 7.70000000e-09  3.30826732e+00 
 7.70250000e-09  3.30838351e+00 
 7.70750000e-09  3.30862454e+00 
 7.71750000e-09  3.30915322e+00 
 7.73375000e-09  3.31016248e+00 
 7.75000000e-09  3.31140286e+00 
 7.75250000e-09  3.31161983e+00 
 7.75750000e-09  3.31207373e+00 
 7.76750000e-09  3.31308232e+00 
 7.78375000e-09  3.31504190e+00 
 7.80000000e-09  3.31740494e+00 
 7.80250000e-09  3.31779563e+00 
 7.80750000e-09  3.31858450e+00 
 7.81750000e-09  3.32006790e+00 
 7.83375000e-09  3.32142828e+00 
 7.85000000e-09  3.31973968e+00 
 7.85250000e-09  3.31900584e+00 
 7.85750000e-09  3.31723487e+00 
 7.86750000e-09  3.31169466e+00 
 7.88375000e-09  3.29650991e+00 
 7.90000000e-09  3.27377277e+00 
 7.90250000e-09  3.26926000e+00 
 7.90750000e-09  3.25971680e+00 
 7.91750000e-09  3.23740717e+00 
 7.93375000e-09  3.19096571e+00 
 7.95000000e-09  3.12954968e+00 
 7.95250000e-09  3.11833690e+00 
 7.95750000e-09  3.09486369e+00 
 7.96750000e-09  3.04108072e+00 
 7.98375000e-09  2.92748522e+00 
 8.00000000e-09  2.75585592e+00 
 8.00250000e-09  2.72019974e+00 
 8.00750000e-09  2.64193397e+00 
 8.01750000e-09  2.44834431e+00 
 8.03375000e-09  2.03593176e+00 
 8.05000000e-09  1.51612885e+00 
 8.05250000e-09  1.42678838e+00 
 8.05750000e-09  1.24523546e+00 
 8.06750000e-09  8.84598665e-01 
 8.08375000e-09  4.28039475e-01 
 8.10000000e-09  1.76241185e-01 
 8.10223108e-09  1.57750511e-01 
 8.10669325e-09  1.25134497e-01 
 8.11561757e-09  8.07522455e-02 
 8.13346623e-09  3.87691163e-02 
 8.15000000e-09  2.52543176e-02 
 8.15250000e-09  2.40202740e-02 
 8.15750000e-09  2.16770403e-02 
 8.16750000e-09  1.77869900e-02 
 8.18375000e-09  1.30848296e-02 
 8.20000000e-09  9.73824356e-03 
 8.20250000e-09  9.32022782e-03 
 8.20750000e-09  8.51671371e-03 
 8.21750000e-09  7.10437634e-03 
 8.23375000e-09  5.27540591e-03 
 8.25000000e-09  3.91048408e-03 
 8.25250000e-09  3.73864468e-03 
 8.25750000e-09  3.40985498e-03 
 8.26750000e-09  2.83493475e-03 
 8.28375000e-09  2.09683952e-03 
 8.30000000e-09  1.55191479e-03 
 8.30250000e-09  1.48393696e-03 
 8.30750000e-09  1.35421067e-03 
 8.31750000e-09  1.12859365e-03 
 8.33375000e-09  8.41334343e-04 
 8.35000000e-09  6.31306873e-04 
 8.35250000e-09  6.05346628e-04 
 8.35750000e-09  5.55997090e-04 
 8.36750000e-09  4.70838519e-04 
 8.38375000e-09  3.63025004e-04 
 8.40000000e-09  2.84124593e-04 
 8.40250000e-09  2.74133883e-04 
 8.40750000e-09  2.54836240e-04 
 8.41750000e-09  2.20384984e-04 
 8.43375000e-09  1.75398255e-04 
 8.45000000e-09  1.41432223e-04 
 8.45250000e-09  1.37069672e-04 
 8.45750000e-09  1.28664293e-04 
 8.46750000e-09  1.13609318e-04 
 8.48375000e-09  9.33804092e-05 
 8.50000000e-09  7.74088569e-05 
 8.50250000e-09  7.54642965e-05 
 8.50750000e-09  7.19076539e-05 
 8.51750000e-09  6.60472959e-05 
 8.53375000e-09  5.77072561e-05 
 8.55000000e-09  4.85712445e-05 
 8.55250000e-09  4.69417392e-05 
 8.55750000e-09  4.34514734e-05 
 8.56750000e-09  3.67614494e-05 
 8.58375000e-09  2.81903644e-05 
 8.60000000e-09  2.28237570e-05 
 8.60250000e-09  2.23082701e-05 
 8.60750000e-09  2.13050960e-05 
 8.61750000e-09  1.98604755e-05 
 8.63375000e-09  1.86803228e-05 
 8.65000000e-09  1.85861512e-05 
 8.65250000e-09  1.86270834e-05 
 8.65750000e-09  1.86262428e-05 
 8.66750000e-09  1.86173235e-05 
 8.68375000e-09  1.87934193e-05 
 8.70000000e-09  1.84838463e-05 
 8.70250000e-09  1.83951476e-05 
 8.70750000e-09  1.81965041e-05 
 8.71750000e-09  1.74906025e-05 
 8.73375000e-09  1.45753752e-05 
 8.75000000e-09  9.70359420e-06 
 8.75250000e-09  8.76092846e-06 
 8.75750000e-09  6.73797572e-06 
 8.76750000e-09  2.53253197e-06 
 8.78375000e-09 -3.20619940e-06 
 8.80000000e-09 -5.90870391e-06 
 8.80250000e-09 -6.10863213e-06 
 8.80750000e-09 -6.34080600e-06 
 8.81750000e-09 -6.09649423e-06 
 8.83375000e-09 -4.52818451e-06 
 8.85000000e-09 -2.02594350e-06 
 8.85250000e-09 -1.60723188e-06 
 8.85750000e-09 -7.96622837e-07 
 8.86750000e-09  1.62900993e-06 
 8.88375000e-09  5.46657834e-06 
 8.90000000e-09  7.69575634e-06 
 8.90250000e-09  8.01178917e-06 
 8.90750000e-09  8.57559746e-06 
 8.91750000e-09  9.42963755e-06 
 8.93375000e-09  1.12219885e-05 
 8.95000000e-09  1.32198772e-05 
 8.95250000e-09  1.35483207e-05 
 8.95750000e-09  1.41770212e-05 
 8.96750000e-09  1.52357025e-05 
 8.98375000e-09  1.58595823e-05 
 9.00000000e-09  1.50033759e-05 
 9.00250000e-09  1.47438258e-05 
 9.00750000e-09  1.41040057e-05 
 9.01750000e-09  1.24700167e-05 
 9.03375000e-09  9.07165741e-06 
 9.05000000e-09  3.93090034e-06 
 9.05250000e-09  2.88665328e-06 
 9.05750000e-09  7.01710425e-07 
 9.06750000e-09 -3.90377775e-06 
 9.08375000e-09 -1.24410320e-05 
 9.10000000e-09 -2.18560256e-05 
 9.10250000e-09 -2.30574083e-05 
 9.10750000e-09 -2.55836071e-05 
 9.11750000e-09 -2.90138596e-05 
 9.13375000e-09 -2.96453579e-05 
 9.15000000e-09 -2.49444785e-05 
 9.15250000e-09 -2.36308841e-05 
 9.15750000e-09 -2.09608685e-05 
 9.16750000e-09 -1.40214184e-05 
 9.18375000e-09  1.89775497e-06 
 9.20000000e-09  2.38777629e-05 
 9.20250000e-09  2.81218271e-05 
 9.20750000e-09  3.69787982e-05 
 9.21750000e-09  5.64899369e-05 
 9.23375000e-09  8.92145169e-05 
 9.25000000e-09  1.20180775e-04 
 9.25250000e-09  1.25373056e-04 
 9.25750000e-09  1.34156971e-04 
 9.26750000e-09  1.46760787e-04 
 9.28375000e-09  1.58473460e-04 
 9.30000000e-09  1.62667044e-04 
 9.30250000e-09  1.61356303e-04 
 9.30750000e-09  1.59232799e-04 
 9.31750000e-09  1.56369912e-04 
 9.33375000e-09  1.49195165e-04 
 9.35000000e-09  1.42016711e-04 
 9.35250000e-09  1.41343601e-04 
 9.35750000e-09  1.40418252e-04 
 9.36750000e-09  1.38392150e-04 
 9.38375000e-09  1.27905133e-04 
 9.40000000e-09  1.02084381e-04 
 9.40250000e-09  9.71942325e-05 
 9.40750000e-09  8.78320251e-05 
 9.41750000e-09  7.04594007e-05 
 9.43375000e-09  4.86167455e-05 
 9.45000000e-09  3.78604864e-05 
 9.45250000e-09  3.73128698e-05 
 9.45750000e-09  3.71237457e-05 
 9.46750000e-09  4.04742774e-05 
 9.48375000e-09  5.73099257e-05 
 9.50000000e-09  9.05793493e-05 
 9.50250000e-09  9.70325399e-05 
 9.50750000e-09  1.11377156e-04 
 9.51750000e-09  1.41658119e-04 
 9.53375000e-09  1.83464178e-04 
 9.55000000e-09  1.98057901e-04 
 9.55250000e-09  1.96329060e-04 
 9.55750000e-09  1.91011904e-04 
 9.56750000e-09  1.64988799e-04 
 9.58375000e-09  6.69508918e-05 
 9.60000000e-09 -1.27067815e-04 
 9.60250000e-09 -1.68261128e-04 
 9.60750000e-09 -2.56016314e-04 
 9.61750000e-09 -4.63549822e-04 
 9.63375000e-09 -8.75184929e-04 
 9.65000000e-09 -1.32115133e-03 
 9.65250000e-09 -1.38250902e-03 
 9.65750000e-09 -1.51190622e-03 
 9.66750000e-09 -1.79735906e-03 
 9.68375000e-09 -2.28523532e-03 
 9.70000000e-09 -2.77083785e-03 
 9.70250000e-09 -2.84412845e-03 
 9.70750000e-09 -2.99056998e-03 
 9.71750000e-09 -3.28152281e-03 
 9.73375000e-09 -3.75309882e-03 
 9.75000000e-09 -4.22978767e-03 
 9.75250000e-09 -4.30385826e-03 
 9.75750000e-09 -4.45450379e-03 
 9.76750000e-09 -4.76259196e-03 
 9.78375000e-09 -5.28267619e-03 
 9.80000000e-09 -5.83520440e-03 
 9.80250000e-09 -5.92447136e-03 
 9.80750000e-09 -6.10911877e-03 
 9.81750000e-09 -6.49650448e-03 
 9.83375000e-09 -7.18650063e-03 
 9.85000000e-09 -7.97375347e-03 
 9.85250000e-09 -8.10342120e-03 
 9.85750000e-09 -8.37824330e-03 
 9.86750000e-09 -8.96628219e-03 
 9.88375000e-09 -1.00608831e-02 
 9.90000000e-09 -1.13812778e-02 
 9.90250000e-09 -1.16019656e-02 
 9.90750000e-09 -1.20749805e-02 
 9.91750000e-09 -1.30666811e-02 
 9.93375000e-09 -1.46681935e-02 
 9.95000000e-09 -1.57512433e-02 
 9.95250000e-09 -1.57979690e-02 
 9.95750000e-09 -1.58064445e-02 
 9.96750000e-09 -1.50975719e-02 
 9.98375000e-09 -1.10810778e-02 
 1.00000000e-08 -2.33680413e-03 
 1.00025000e-08 -4.37114479e-04 
 1.00075000e-08  3.45013233e-03 
 1.00175000e-08  1.31450215e-02 
 1.00337500e-08  3.50144888e-02 
 1.00500000e-08  6.56757783e-02 
 1.00525000e-08  7.14086610e-02 
 1.00575000e-08  8.34511197e-02 
 1.00675000e-08  1.11263367e-01 
 1.00837500e-08  1.69409831e-01 
 1.01000000e-08  2.49364015e-01 
 1.01025000e-08  2.64530969e-01 
 1.01075000e-08  2.96769272e-01 
 1.01175000e-08  3.74598413e-01 
 1.01337500e-08  5.62314579e-01 
 1.01500000e-08  8.56374682e-01 
 1.01525000e-08  9.13356462e-01 
 1.01575000e-08  1.03248831e+00 
 1.01675000e-08  1.30064255e+00 
 1.01837500e-08  1.81100823e+00 
 1.02000000e-08  2.34542863e+00 
 1.02025000e-08  2.41856978e+00 
 1.02075000e-08  2.55314640e+00 
 1.02175000e-08  2.77018666e+00 
 1.02337500e-08  3.00507815e+00 
 1.02500000e-08  3.13560403e+00 
 1.02525000e-08  3.14833574e+00 
 1.02575000e-08  3.17149693e+00 
 1.02675000e-08  3.20631171e+00 
 1.02837500e-08  3.24092673e+00 
 1.03000000e-08  3.25969658e+00 
 1.03025000e-08  3.26165684e+00 
 1.03075000e-08  3.26533665e+00 
 1.03175000e-08  3.27145433e+00 
 1.03337500e-08  3.27885999e+00 
 1.03500000e-08  3.28411634e+00 
 1.03525000e-08  3.28476637e+00 
 1.03575000e-08  3.28600976e+00 
 1.03675000e-08  3.28818330e+00 
 1.03837500e-08  3.29098093e+00 
 1.04000000e-08  3.29306221e+00 
 1.04025000e-08  3.29332376e+00 
 1.04075000e-08  3.29382459e+00 
 1.04175000e-08  3.29470374e+00 
 1.04337500e-08  3.29584559e+00 
 1.04500000e-08  3.29670788e+00 
 1.04525000e-08  3.29681752e+00 
 1.04575000e-08  3.29702744e+00 
 1.04675000e-08  3.29739722e+00 
 1.04837500e-08  3.29787960e+00 
 1.05000000e-08  3.29825753e+00 
 1.05025000e-08  3.29830919e+00 
 1.05075000e-08  3.29840939e+00 
 1.05175000e-08  3.29859591e+00 
 1.05337500e-08  3.29886172e+00 
 1.05500000e-08  3.29908355e+00 
 1.05525000e-08  3.29911360e+00 
 1.05575000e-08  3.29917154e+00 
 1.05675000e-08  3.29927726e+00 
 1.05837500e-08  3.29942384e+00 
 1.06000000e-08  3.29954306e+00 
 1.06025000e-08  3.29955888e+00 
 1.06075000e-08  3.29958932e+00 
 1.06175000e-08  3.29964386e+00 
 1.06337500e-08  3.29971588e+00 
 1.06500000e-08  3.29977015e+00 
 1.06525000e-08  3.29977686e+00 
 1.06575000e-08  3.29978924e+00 
 1.06675000e-08  3.29980993e+00 
 1.06837500e-08  3.29983591e+00 
 1.07000000e-08  3.29985531e+00 
 1.07025000e-08  3.29985799e+00 
 1.07075000e-08  3.29986320e+00 
 1.07175000e-08  3.29987331e+00 
 1.07337500e-08  3.29988808e+00 
 1.07500000e-08  3.29990215e+00 
 1.07525000e-08  3.29990430e+00 
 1.07575000e-08  3.29990841e+00 
 1.07675000e-08  3.29991605e+00 
 1.07837500e-08  3.29992868e+00 
 1.08000000e-08  3.29994329e+00 
 1.08025000e-08  3.29994559e+00 
 1.08075000e-08  3.29995021e+00 
 1.08175000e-08  3.29995726e+00 
 1.08337500e-08  3.29996090e+00 
 1.08500000e-08  3.29995635e+00 
 1.08525000e-08  3.29995515e+00 
 1.08575000e-08  3.29995266e+00 
 1.08675000e-08  3.29994740e+00 
 1.08837500e-08  3.29993859e+00 
 1.09000000e-08  3.29993027e+00 
 1.09025000e-08  3.29992902e+00 
 1.09075000e-08  3.29992639e+00 
 1.09175000e-08  3.29992093e+00 
 1.09337500e-08  3.29991288e+00 
 1.09500000e-08  3.29990618e+00 
 1.09525000e-08  3.29990548e+00 
 1.09575000e-08  3.29990413e+00 
 1.09675000e-08  3.29990295e+00 
 1.09837500e-08  3.29990335e+00 
 1.10000000e-08  3.29990541e+00 
 1.10025000e-08  3.29990583e+00 
 1.10075000e-08  3.29990651e+00 
 1.10175000e-08  3.29990799e+00 
 1.10337500e-08  3.29991213e+00 
 1.10500000e-08  3.29991940e+00 
 1.10525000e-08  3.29992088e+00 
 1.10575000e-08  3.29992390e+00 
 1.10675000e-08  3.29993090e+00 
 1.10837500e-08  3.29994487e+00 
 1.11000000e-08  3.29996072e+00 
 1.11025000e-08  3.29996320e+00 
 1.11075000e-08  3.29996807e+00 
 1.11175000e-08  3.29997707e+00 
 1.11337500e-08  3.29998832e+00 
 1.11500000e-08  3.29999535e+00 
 1.11525000e-08  3.29999603e+00 
 1.11575000e-08  3.29999723e+00 
 1.11675000e-08  3.29999729e+00 
 1.11837500e-08  3.29999599e+00 
 1.12000000e-08  3.29999265e+00 
 1.12025000e-08  3.29999190e+00 
 1.12075000e-08  3.29999035e+00 
 1.12175000e-08  3.29998714e+00 
 1.12337500e-08  3.29998222e+00 
 1.12500000e-08  3.29997706e+00 
 1.12525000e-08  3.29997610e+00 
 1.12575000e-08  3.29997423e+00 
 1.12675000e-08  3.29997010e+00 
 1.12837500e-08  3.29996224e+00 
 1.13000000e-08  3.29995521e+00 
 1.13025000e-08  3.29995435e+00 
 1.13075000e-08  3.29995286e+00 
 1.13175000e-08  3.29995137e+00 
 1.13337500e-08  3.29995986e+00 
 1.13500000e-08  3.29998129e+00 
 1.13525000e-08  3.29998461e+00 
 1.13575000e-08  3.29999181e+00 
 1.13675000e-08  3.30000687e+00 
 1.13837500e-08  3.30002750e+00 
 1.14000000e-08  3.30003035e+00 
 1.14025000e-08  3.30002831e+00 
 1.14075000e-08  3.30002305e+00 
 1.14175000e-08  3.30000423e+00 
 1.14337500e-08  3.29995447e+00 
 1.14500000e-08  3.29988440e+00 
 1.14525000e-08  3.29987264e+00 
 1.14575000e-08  3.29984930e+00 
 1.14675000e-08  3.29980670e+00 
 1.14837500e-08  3.29974912e+00 
 1.15000000e-08  3.29970516e+00 
 1.15025000e-08  3.29969980e+00 
 1.15075000e-08  3.29968991e+00 
 1.15175000e-08  3.29967650e+00 
 1.15337500e-08  3.29967123e+00 
 1.15500000e-08  3.29968297e+00 
 1.15525000e-08  3.29968636e+00 
 1.15575000e-08  3.29969630e+00 
 1.15675000e-08  3.29972469e+00 
 1.15837500e-08  3.29976173e+00 
 1.16000000e-08  3.29978726e+00 
 1.16025000e-08  3.29978997e+00 
 1.16075000e-08  3.29979400e+00 
 1.16175000e-08  3.29980027e+00 
 1.16337500e-08  3.29982171e+00 
 1.16500000e-08  3.29986163e+00 
 1.16525000e-08  3.29986885e+00 
 1.16575000e-08  3.29988263e+00 
 1.16675000e-08  3.29990734e+00 
 1.16837500e-08  3.29993784e+00 
 1.17000000e-08  3.29995556e+00 
 1.17025000e-08  3.29995703e+00 
 1.17075000e-08  3.29995908e+00 
 1.17175000e-08  3.29995942e+00 
 1.17337500e-08  3.29995073e+00 
 1.17500000e-08  3.29993103e+00 
 1.17525000e-08  3.29992707e+00 
 1.17575000e-08  3.29991812e+00 
 1.17675000e-08  3.29989684e+00 
 1.17837500e-08  3.29985081e+00 
 1.18000000e-08  3.29978732e+00 
 1.18025000e-08  3.29977645e+00 
 1.18075000e-08  3.29975311e+00 
 1.18175000e-08  3.29970589e+00 
 1.18337500e-08  3.29963963e+00 
 1.18500000e-08  3.29960079e+00 
 1.18525000e-08  3.29959853e+00 
 1.18575000e-08  3.29959501e+00 
 1.18675000e-08  3.29959686e+00 
 1.18837500e-08  3.29961880e+00 
 1.19000000e-08  3.29965867e+00 
 1.19025000e-08  3.29966636e+00 
 1.19075000e-08  3.29968157e+00 
 1.19175000e-08  3.29971591e+00 
 1.19337500e-08  3.29978985e+00 
 1.19500000e-08  3.29989828e+00 
 1.19525000e-08  3.29991939e+00 
 1.19575000e-08  3.29996393e+00 
 1.19675000e-08  3.30007575e+00 
 1.19837500e-08  3.30030279e+00 
 1.20000000e-08  3.30057315e+00 
 1.20025000e-08  3.30061868e+00 
 1.20075000e-08  3.30071111e+00 
 1.20175000e-08  3.30090434e+00 
 1.20337500e-08  3.30123754e+00 
 1.20500000e-08  3.30157240e+00 
 1.20525000e-08  3.30162479e+00 
 1.20575000e-08  3.30172381e+00 
 1.20675000e-08  3.30192413e+00 
 1.20837500e-08  3.30226690e+00 
 1.21000000e-08  3.30261637e+00 
 1.21025000e-08  3.30267158e+00 
 1.21075000e-08  3.30278339e+00 
 1.21175000e-08  3.30301300e+00 
 1.21337500e-08  3.30339493e+00 
 1.21500000e-08  3.30378496e+00 
 1.21525000e-08  3.30384508e+00 
 1.21575000e-08  3.30396586e+00 
 1.21675000e-08  3.30420717e+00 
 1.21837500e-08  3.30459010e+00 
 1.22000000e-08  3.30494915e+00 
 1.22025000e-08  3.30500050e+00 
 1.22075000e-08  3.30510251e+00 
 1.22175000e-08  3.30530097e+00 
 1.22337500e-08  3.30561988e+00 
 1.22500000e-08  3.30595435e+00 
 1.22525000e-08  3.30600873e+00 
 1.22575000e-08  3.30612066e+00 
 1.22675000e-08  3.30636105e+00 
 1.22837500e-08  3.30680161e+00 
 1.23000000e-08  3.30731620e+00 
 1.23025000e-08  3.30740328e+00 
 1.23075000e-08  3.30758311e+00 
 1.23175000e-08  3.30797458e+00 
 1.23337500e-08  3.30871564e+00 
 1.23500000e-08  3.30961659e+00 
 1.23525000e-08  3.30977299e+00 
 1.23575000e-08  3.31009877e+00 
 1.23675000e-08  3.31081885e+00 
 1.23837500e-08  3.31221389e+00 
 1.24000000e-08  3.31395620e+00 
 1.24025000e-08  3.31426257e+00 
 1.24075000e-08  3.31490393e+00 
 1.24175000e-08  3.31630447e+00 
 1.24337500e-08  3.31877322e+00 
 1.24500000e-08  3.32086096e+00 
 1.24525000e-08  3.32105835e+00 
 1.24575000e-08  3.32133437e+00 
 1.24675000e-08  3.32093874e+00 
 1.24837500e-08  3.31635070e+00 
 1.25000000e-08  3.30510210e+00 
 1.25025000e-08  3.30257286e+00 
 1.25075000e-08  3.29739106e+00 
 1.25175000e-08  3.28494686e+00 
 1.25337500e-08  3.25651460e+00 
 1.25500000e-08  3.21689063e+00 
 1.25525000e-08  3.20955173e+00 
 1.25575000e-08  3.19419843e+00 
 1.25675000e-08  3.15918788e+00 
 1.25837500e-08  3.08776974e+00 
 1.26000000e-08  2.99253009e+00 
 1.26025000e-08  2.97475785e+00 
 1.26075000e-08  2.93699820e+00 
 1.26175000e-08  2.84567857e+00 
 1.26337500e-08  2.61833071e+00 
 1.26500000e-08  2.27062991e+00 
 1.26525000e-08  2.20485785e+00 
 1.26575000e-08  2.06815339e+00 
 1.26675000e-08  1.76459023e+00 
 1.26837500e-08  1.19946372e+00 
 1.27000000e-08  6.56555084e-01 
 1.27025000e-08  5.87035268e-01 
 1.27075000e-08  4.60031298e-01 
 1.27175000e-08  2.71797011e-01 
 1.27337500e-08  1.10133278e-01 
 1.27500000e-08  5.19794659e-02 
 1.27525000e-08  4.80318532e-02 
 1.27575000e-08  4.09793466e-02 
 1.27675000e-08  3.09492576e-02 
 1.27837500e-08  2.11286892e-02 
 1.28000000e-08  1.53648897e-02 
 1.28025000e-08  1.47006115e-02 
 1.28075000e-08  1.34230967e-02 
 1.28175000e-08  1.11947596e-02 
 1.28337500e-08  8.33155445e-03 
 1.28500000e-08  6.19866969e-03 
 1.28525000e-08  5.92916075e-03 
 1.28575000e-08  5.41229559e-03 
 1.28675000e-08  4.50555234e-03 
 1.28837500e-08  3.33614586e-03 
 1.29000000e-08  2.46860430e-03 
 1.29025000e-08  2.35986177e-03 
 1.29075000e-08  2.15215448e-03 
 1.29175000e-08  1.78998534e-03 
 1.29337500e-08  1.32695210e-03 
 1.29500000e-08  9.86854663e-04 
 1.29525000e-08  9.44553020e-04 
 1.29575000e-08  8.63861700e-04 
 1.29675000e-08  7.23686390e-04 
 1.29837500e-08  5.45542486e-04 
 1.30000000e-08  4.15505739e-04 
 1.30025000e-08  3.99383163e-04 
 1.30075000e-08  3.68649344e-04 
 1.30175000e-08  3.15323160e-04 
 1.30337500e-08  2.47507853e-04 
 1.30500000e-08  1.97573616e-04 
 1.30525000e-08  1.91196347e-04 
 1.30575000e-08  1.78869495e-04 
 1.30675000e-08  1.56641025e-04 
 1.30837500e-08  1.27111137e-04 
 1.31000000e-08  1.04348501e-04 
 1.31025000e-08  1.01443333e-04 
 1.31075000e-08  9.59196231e-05 
 1.31175000e-08  8.66633718e-05 
 1.31337500e-08  7.42729588e-05 
 1.31500000e-08  6.38463534e-05 
 1.31525000e-08  6.23117207e-05 
 1.31575000e-08  5.93633667e-05 
 1.31675000e-08  5.26400547e-05 
 1.31837500e-08  4.04750110e-05 
 1.32000000e-08  2.99633366e-05 
 1.32025000e-08  2.87391651e-05 
 1.32075000e-08  2.62730908e-05 
 1.32175000e-08  2.20906534e-05 
 1.32337500e-08  1.75117581e-05 
 1.32500000e-08  1.52105695e-05 
 1.32525000e-08  1.51836586e-05 
 1.32575000e-08  1.53003037e-05 
 1.32675000e-08  1.63482302e-05 
 1.32837500e-08  1.85970365e-05 
 1.33000000e-08  2.07851882e-05 
 1.33025000e-08  2.10359330e-05 
 1.33075000e-08  2.13773248e-05 
 1.33175000e-08  2.14910759e-05 
 1.33337500e-08  2.03200451e-05 
 1.33500000e-08  1.72680403e-05 
 1.33525000e-08  1.65776883e-05 
 1.33575000e-08  1.50417315e-05 
 1.33675000e-08  1.14080039e-05 
 1.33837500e-08  4.99710068e-06 
 1.34000000e-08 -6.98187949e-07 
 1.34025000e-08 -1.38747661e-06 
 1.34075000e-08 -2.59855590e-06 
 1.34175000e-08 -3.82434828e-06 
 1.34337500e-08 -4.52013998e-06 
 1.34500000e-08 -4.13735195e-06 
 1.34525000e-08 -4.01461076e-06 
 1.34575000e-08 -3.79602844e-06 
 1.34675000e-08 -3.24645068e-06 
 1.34837500e-08 -1.58370536e-06 
 1.35000000e-08  2.38029159e-06 
 1.35025000e-08  3.05339432e-06 
 1.35075000e-08  4.48029756e-06 
 1.35175000e-08  7.49910763e-06 
 1.35337500e-08  1.17107306e-05 
 1.35500000e-08  1.45456043e-05 
 1.35525000e-08  1.48556176e-05 
 1.35575000e-08  1.53014268e-05 
 1.35675000e-08  1.57488129e-05 
 1.35837500e-08  1.60761689e-05 
 1.36000000e-08  1.59482370e-05 
 1.36025000e-08  1.58552271e-05 
 1.36075000e-08  1.55599724e-05 
 1.36175000e-08  1.45939441e-05 
 1.36337500e-08  1.22286885e-05 
 1.36500000e-08  9.04922342e-06 
 1.36525000e-08  8.56658107e-06 
 1.36575000e-08  7.38930511e-06 
 1.36675000e-08  4.80400988e-06 
 1.36837500e-08  1.36727259e-07 
 1.37000000e-08 -5.75777811e-06 
 1.37025000e-08 -6.84056708e-06 
 1.37075000e-08 -9.37845779e-06 
 1.37175000e-08 -1.47464666e-05 
 1.37337500e-08 -2.28249596e-05 
 1.37500000e-08 -2.71971301e-05 
 1.37525000e-08 -2.72772823e-05 
 1.37575000e-08 -2.74834836e-05 
 1.37675000e-08 -2.64700234e-05 
 1.37837500e-08 -2.08620261e-05 
 1.38000000e-08 -9.78069105e-06 
 1.38025000e-08 -7.35420311e-06 
 1.38075000e-08 -2.23104184e-06 
 1.38175000e-08  9.99288516e-06 
 1.38337500e-08  3.60482842e-05 
 1.38500000e-08  6.73718637e-05 
 1.38525000e-08  7.23792090e-05 
 1.38575000e-08  8.22728043e-05 
 1.38675000e-08  1.01215801e-04 
 1.38837500e-08  1.31974726e-04 
 1.39000000e-08  1.51603854e-04 
 1.39025000e-08  1.53385564e-04 
 1.39075000e-08  1.56571738e-04 
 1.39175000e-08  1.60880060e-04 
 1.39337500e-08  1.60560940e-04 
 1.39500000e-08  1.55499874e-04 
 1.39525000e-08  1.54528941e-04 
 1.39575000e-08  1.52482597e-04 
 1.39675000e-08  1.48515733e-04 
 1.39837500e-08  1.43776447e-04 
 1.40000000e-08  1.38860016e-04 
 1.40025000e-08  1.36582771e-04 
 1.40075000e-08  1.31403891e-04 
 1.40175000e-08  1.16411594e-04 
 1.40337500e-08  8.60614631e-05 
 1.40500000e-08  5.71381334e-05 
 1.40525000e-08  5.33834082e-05 
 1.40575000e-08  4.68246825e-05 
 1.40675000e-08  3.77586354e-05 
 1.40837500e-08  3.38907347e-05 
 1.41000000e-08  4.40189156e-05 
 1.41025000e-08  4.68972505e-05 
 1.41075000e-08  5.39746672e-05 
 1.41175000e-08  7.28327407e-05 
 1.41337500e-08  1.15831276e-04 
 1.41500000e-08  1.65019390e-04 
 1.41525000e-08  1.71452321e-04 
 1.41575000e-08  1.83729987e-04 
 1.41675000e-08  1.99742476e-04 
 1.41837500e-08  1.93520813e-04 
 1.42000000e-08  1.33007277e-04 
 1.42025000e-08  1.16656521e-04 
 1.42075000e-08  7.97268458e-05 
 1.42175000e-08 -2.37180413e-05 
 1.42337500e-08 -2.83909440e-04 
 1.42500000e-08 -6.42859948e-04 
 1.42525000e-08 -7.06789714e-04 
 1.42575000e-08 -8.37565535e-04 
 1.42675000e-08 -1.11620324e-03 
 1.42837500e-08 -1.52201593e-03 
 1.43000000e-08 -2.00068484e-03 
 1.43025000e-08 -2.07693492e-03 
 1.43075000e-08 -2.22962879e-03 
 1.43175000e-08 -2.53363580e-03 
 1.43337500e-08 -3.01751658e-03 
 1.43500000e-08 -3.48903413e-03 
 1.43525000e-08 -3.56017072e-03 
 1.43575000e-08 -3.70287966e-03 
 1.43675000e-08 -3.98842161e-03 
 1.43837500e-08 -4.45906989e-03 
 1.44000000e-08 -4.95469887e-03 
 1.44025000e-08 -5.03299932e-03 
 1.44075000e-08 -5.19322759e-03 
 1.44175000e-08 -5.52384353e-03 
 1.44337500e-08 -6.10519119e-03 
 1.44500000e-08 -6.76116393e-03 
 1.44525000e-08 -6.86858235e-03 
 1.44575000e-08 -7.09313200e-03 
 1.44675000e-08 -7.56722787e-03 
 1.44837500e-08 -8.42075207e-03 
 1.45000000e-08 -9.41607630e-03 
 1.45025000e-08 -9.58189996e-03 
 1.45075000e-08 -9.93782459e-03 
 1.45175000e-08 -1.07069916e-02 
 1.45337500e-08 -1.21382520e-02 
 1.45500000e-08 -1.37522440e-02 
 1.45525000e-08 -1.39958542e-02 
 1.45575000e-08 -1.44921515e-02 
 1.45675000e-08 -1.53385715e-02 
 1.45837500e-08 -1.57679647e-02 
 1.46000000e-08 -1.38698931e-02 
 1.46025000e-08 -1.32359924e-02 
 1.46075000e-08 -1.17588607e-02 
 1.46175000e-08 -7.40824419e-03 
 1.46337500e-08  3.98452421e-03 
 1.46500000e-08  2.13433835e-02 
 1.46525000e-08  2.47591371e-02 
 1.46575000e-08  3.19864667e-02 
 1.46675000e-08  4.89495245e-02 
 1.46837500e-08  8.47351130e-02 
 1.47000000e-08  1.33217257e-01 
 1.47025000e-08  1.42220931e-01 
 1.47075000e-08  1.61158515e-01 
 1.47175000e-08  2.05224618e-01 
 1.47337500e-08  3.00355244e-01 
 1.47500000e-08  4.41928007e-01 
 1.47525000e-08  4.70577454e-01 
 1.47575000e-08  5.33285314e-01 
 1.47675000e-08  6.91497255e-01 
 1.47837500e-08  1.04220618e+00 
 1.48000000e-08  1.49988431e+00 
 1.48025000e-08  1.58001276e+00 
 1.48075000e-08  1.74386003e+00 
 1.48175000e-08  2.08480432e+00 
 1.48337500e-08  2.56576104e+00 
 1.48500000e-08  2.88370514e+00 
 1.48525000e-08  2.91793547e+00 
 1.48575000e-08  2.98068224e+00 
 1.48675000e-08  3.07729958e+00 
 1.48837500e-08  3.17427313e+00 
 1.49000000e-08  3.22409044e+00 
 1.49025000e-08  3.22884207e+00 
 1.49075000e-08  3.23755412e+00 
 1.49175000e-08  3.25106276e+00 
 1.49337500e-08  3.26569239e+00 
 1.49500000e-08  3.27493542e+00 
 1.49525000e-08  3.27601683e+00 
 1.49575000e-08  3.27807590e+00 
 1.49675000e-08  3.28163088e+00 
 1.49837500e-08  3.28614335e+00 
 1.50000000e-08  3.28946640e+00 
 1.50025000e-08  3.28988269e+00 
 1.50075000e-08  3.29067976e+00 
 1.50175000e-08  3.29207680e+00 
 1.50337500e-08  3.29388175e+00 
 1.50500000e-08  3.29523186e+00 
 1.50525000e-08  3.29540223e+00 
 1.50575000e-08  3.29572859e+00 
 1.50675000e-08  3.29630316e+00 
 1.50837500e-08  3.29705337e+00 
 1.51000000e-08  3.29761937e+00 
 1.51025000e-08  3.29769132e+00 
 1.51075000e-08  3.29782870e+00 
 1.51175000e-08  3.29807610e+00 
 1.51337500e-08  3.29842203e+00 
 1.51500000e-08  3.29871632e+00 
 1.51525000e-08  3.29875692e+00 
 1.51575000e-08  3.29883524e+00 
 1.51675000e-08  3.29897817e+00 
 1.51837500e-08  3.29917673e+00 
 1.52000000e-08  3.29934084e+00 
 1.52025000e-08  3.29936322e+00 
 1.52075000e-08  3.29940660e+00 
 1.52175000e-08  3.29948622e+00 
 1.52337500e-08  3.29959451e+00 
 1.52500000e-08  3.29967700e+00 
 1.52525000e-08  3.29968744e+00 
 1.52575000e-08  3.29970717e+00 
 1.52675000e-08  3.29974129e+00 
 1.52837500e-08  3.29978480e+00 
 1.53000000e-08  3.29981741e+00 
 1.53025000e-08  3.29982169e+00 
 1.53075000e-08  3.29982981e+00 
 1.53175000e-08  3.29984433e+00 
 1.53337500e-08  3.29986368e+00 
 1.53500000e-08  3.29987906e+00 
 1.53525000e-08  3.29988129e+00 
 1.53575000e-08  3.29988578e+00 
 1.53675000e-08  3.29989522e+00 
 1.53837500e-08  3.29991154e+00 
 1.54000000e-08  3.29992613e+00 
 1.54025000e-08  3.29992833e+00 
 1.54075000e-08  3.29993287e+00 
 1.54175000e-08  3.29994218e+00 
 1.54337500e-08  3.29995713e+00 
 1.54500000e-08  3.29996635e+00 
 1.54525000e-08  3.29996648e+00 
 1.54575000e-08  3.29996617e+00 
 1.54675000e-08  3.29996259e+00 
 1.54837500e-08  3.29995255e+00 
 1.55000000e-08  3.29994106e+00 
 1.55025000e-08  3.29993950e+00 
 1.55075000e-08  3.29993660e+00 
 1.55175000e-08  3.29993185e+00 
 1.55337500e-08  3.29992556e+00 
 1.55500000e-08  3.29992014e+00 
 1.55525000e-08  3.29991931e+00 
 1.55575000e-08  3.29991745e+00 
 1.55675000e-08  3.29991327e+00 
 1.55837500e-08  3.29990617e+00 
 1.56000000e-08  3.29990037e+00 
 1.56025000e-08  3.29989987e+00 
 1.56075000e-08  3.29989903e+00 
 1.56175000e-08  3.29989866e+00 
 1.56337500e-08  3.29990069e+00 
 1.56500000e-08  3.29990558e+00 
 1.56525000e-08  3.29990670e+00 
 1.56575000e-08  3.29990902e+00 
 1.56675000e-08  3.29991469e+00 
 1.56837500e-08  3.29992615e+00 
 1.57000000e-08  3.29994043e+00 
 1.57025000e-08  3.29994277e+00 
 1.57075000e-08  3.29994724e+00 
 1.57175000e-08  3.29995580e+00 
 1.57337500e-08  3.29996931e+00 
 1.57500000e-08  3.29998101e+00 
 1.57525000e-08  3.29998250e+00 
 1.57575000e-08  3.29998532e+00 
 1.57675000e-08  3.29999005e+00 
 1.57837500e-08  3.29999474e+00 
 1.58000000e-08  3.29999396e+00 
 1.58025000e-08  3.29999378e+00 
 1.58075000e-08  3.29999328e+00 
 1.58175000e-08  3.29999157e+00 
 1.58337500e-08  3.29998846e+00 
 1.58500000e-08  3.29998598e+00 
 1.58525000e-08  3.29998566e+00 
 1.58575000e-08  3.29998515e+00 
 1.58675000e-08  3.29998409e+00 
 1.58837500e-08  3.29997979e+00 
 1.59000000e-08  3.29997132e+00 
 1.59025000e-08  3.29996961e+00 
 1.59075000e-08  3.29996617e+00 
 1.59175000e-08  3.29995959e+00 
 1.59337500e-08  3.29995232e+00 
 1.59500000e-08  3.29995191e+00 
 1.59525000e-08  3.29995271e+00 
 1.59575000e-08  3.29995662e+00 
 1.59675000e-08  3.29997242e+00 
 1.59837500e-08  3.29999831e+00 
 1.60000000e-08  3.30002645e+00 
 1.60025000e-08  3.30002978e+00 
 1.60075000e-08  3.30003565e+00 
 1.60175000e-08  3.30004099e+00 
 1.60337500e-08  3.30002863e+00 
 1.60500000e-08  3.29998699e+00 
 1.60525000e-08  3.29997861e+00 
 1.60575000e-08  3.29996058e+00 
 1.60675000e-08  3.29991828e+00 
 1.60837500e-08  3.29984253e+00 
 1.61000000e-08  3.29977545e+00 
 1.61025000e-08  3.29976667e+00 
 1.61075000e-08  3.29975008e+00 
 1.61175000e-08  3.29972159e+00 
 1.61337500e-08  3.29968533e+00 
 1.61500000e-08  3.29967059e+00 
 1.61525000e-08  3.29967060e+00 
 1.61575000e-08  3.29967151e+00 
 1.61675000e-08  3.29967817e+00 
 1.61837500e-08  3.29970135e+00 
 1.62000000e-08  3.29974587e+00 
 1.62025000e-08  3.29975122e+00 
 1.62075000e-08  3.29976082e+00 
 1.62175000e-08  3.29977590e+00 
 1.62337500e-08  3.29979036e+00 
 1.62500000e-08  3.29979875e+00 
 1.62525000e-08  3.29980201e+00 
 1.62575000e-08  3.29980960e+00 
 1.62675000e-08  3.29983191e+00 
 1.62837500e-08  3.29987572e+00 
 1.63000000e-08  3.29991632e+00 
 1.63025000e-08  3.29992175e+00 
 1.63075000e-08  3.29993191e+00 
 1.63175000e-08  3.29994875e+00 
 1.63337500e-08  3.29996526e+00 
 1.63500000e-08  3.29996834e+00 
 1.63525000e-08  3.29996744e+00 
 1.63575000e-08  3.29996431e+00 
 1.63675000e-08  3.29995297e+00 
 1.63837500e-08  3.29992404e+00 
 1.64000000e-08  3.29988270e+00 
 1.64025000e-08  3.29987536e+00 
 1.64075000e-08  3.29985922e+00 
 1.64175000e-08  3.29982318e+00 
 1.64337500e-08  3.29975381e+00 
 1.64500000e-08  3.29967994e+00 
 1.64525000e-08  3.29967000e+00 
 1.64575000e-08  3.29965038e+00 
 1.64675000e-08  3.29961911e+00 
 1.64837500e-08  3.29959290e+00 
 1.65000000e-08  3.29959454e+00 
 1.65025000e-08  3.29959744e+00 
 1.65075000e-08  3.29960364e+00 
 1.65175000e-08  3.29962197e+00 
 1.65337500e-08  3.29966656e+00 
 1.65500000e-08  3.29973159e+00 
 1.65525000e-08  3.29974410e+00 
 1.65575000e-08  3.29977016e+00 
 1.65675000e-08  3.29983228e+00 
 1.65837500e-08  3.29996685e+00 
 1.66000000e-08  3.30016259e+00 
 1.66025000e-08  3.30019783e+00 
 1.66075000e-08  3.30027043e+00 
 1.66175000e-08  3.30042943e+00 
 1.66337500e-08  3.30072019e+00 
 1.66500000e-08  3.30103983e+00 
 1.66525000e-08  3.30109109e+00 
 1.66575000e-08  3.30119409e+00 
 1.66675000e-08  3.30139957e+00 
 1.66837500e-08  3.30172711e+00 
 1.67000000e-08  3.30205106e+00 
 1.67025000e-08  3.30210368e+00 
 1.67075000e-08  3.30220627e+00 
 1.67175000e-08  3.30241320e+00 
 1.67337500e-08  3.30276387e+00 
 1.67500000e-08  3.30313107e+00 
 1.67525000e-08  3.30318845e+00 
 1.67575000e-08  3.30330386e+00 
 1.67675000e-08  3.30353884e+00 
 1.67837500e-08  3.30393120e+00 
 1.68000000e-08  3.30433062e+00 
 1.68025000e-08  3.30439139e+00 
 1.68075000e-08  3.30451313e+00 
 1.68175000e-08  3.30475058e+00 
 1.68337500e-08  3.30511077e+00 
 1.68500000e-08  3.30544238e+00 
 1.68525000e-08  3.30549081e+00 
 1.68575000e-08  3.30558799e+00 
 1.68675000e-08  3.30578508e+00 
 1.68837500e-08  3.30612931e+00 
 1.69000000e-08  3.30652419e+00 
 1.69025000e-08  3.30659119e+00 
 1.69075000e-08  3.30672996e+00 
 1.69175000e-08  3.30703289e+00 
 1.69337500e-08  3.30760088e+00 
 1.69500000e-08  3.30827833e+00 
 1.69525000e-08  3.30839444e+00 
 1.69575000e-08  3.30863516e+00 
 1.69675000e-08  3.30916244e+00 
 1.69837500e-08  3.31016768e+00 
 1.70000000e-08  3.31140142e+00 
 1.70025000e-08  3.31161695e+00 
 1.70075000e-08  3.31206764e+00 
 1.70175000e-08  3.31306843e+00 
 1.70337500e-08  3.31501290e+00 
 1.70500000e-08  3.31736016e+00 
 1.70525000e-08  3.31774879e+00 
 1.70575000e-08  3.31853398e+00 
 1.70675000e-08  3.32001311e+00 
 1.70837500e-08  3.32138075e+00 
 1.71000000e-08  3.31971451e+00 
 1.71025000e-08  3.31899264e+00 
 1.71075000e-08  3.31724736e+00 
 1.71175000e-08  3.31177228e+00 
 1.71337500e-08  3.29672403e+00 
 1.71500000e-08  3.27422126e+00 
 1.71525000e-08  3.26974676e+00 
 1.71575000e-08  3.26028403e+00 
 1.71675000e-08  3.23815809e+00 
 1.71837500e-08  3.19208114e+00 
 1.72000000e-08  3.13112718e+00 
 1.72025000e-08  3.11999758e+00 
 1.72075000e-08  3.09669926e+00 
 1.72175000e-08  3.04332403e+00 
 1.72337500e-08  2.93069058e+00 
 1.72500000e-08  2.76108571e+00 
 1.72525000e-08  2.72588723e+00 
 1.72575000e-08  2.64853251e+00 
 1.72675000e-08  2.45672427e+00 
 1.72837500e-08  2.04680851e+00 
 1.73000000e-08  1.52897739e+00 
 1.73025000e-08  1.43984959e+00 
 1.73075000e-08  1.25860813e+00 
 1.73175000e-08  8.96969657e-01 
 1.73337500e-08  4.36003201e-01 
 1.73500000e-08  1.79784016e-01 
 1.73522299e-08  1.60880213e-01 
 1.73566898e-08  1.27526731e-01 
 1.73656095e-08  8.21137837e-02 
 1.73834490e-08  3.91889631e-02 
 1.74000000e-08  2.54328620e-02 
 1.74025000e-08  2.41852056e-02 
 1.74075000e-08  2.18171114e-02 
 1.74175000e-08  1.78902936e-02 
 1.74337500e-08  1.31509189e-02 
 1.74500000e-08  9.78276292e-03 
 1.74525000e-08  9.36241197e-03 
 1.74575000e-08  8.55454186e-03 
 1.74675000e-08  7.13515644e-03 
 1.74837500e-08  5.29788123e-03 
 1.75000000e-08  3.92725734e-03 
 1.75025000e-08  3.75465382e-03 
 1.75075000e-08  3.42429890e-03 
 1.75175000e-08  2.84633764e-03 
 1.75337500e-08  2.10417611e-03 
 1.75500000e-08  1.55638437e-03 
 1.75525000e-08  1.48808176e-03 
 1.75575000e-08  1.35774951e-03 
 1.75675000e-08  1.13113696e-03 
 1.75837500e-08  8.42648053e-04 
 1.76000000e-08  6.31730270e-04 
 1.76025000e-08  6.05599556e-04 
 1.76075000e-08  5.55834433e-04 
 1.76175000e-08  4.69691211e-04 
 1.76337500e-08  3.60584151e-04 
 1.76500000e-08  2.80974269e-04 
 1.76525000e-08  2.71003372e-04 
 1.76575000e-08  2.51871379e-04 
 1.76675000e-08  2.18128894e-04 
 1.76837500e-08  1.74327399e-04 
 1.77000000e-08  1.41169734e-04 
 1.77025000e-08  1.36963742e-04 
 1.77075000e-08  1.28944095e-04 
 1.77175000e-08  1.14821843e-04 
 1.77337500e-08  9.58234190e-05 
 1.77500000e-08  8.06098175e-05 
 1.77525000e-08  7.85387716e-05 
 1.77575000e-08  7.44478425e-05 
 1.77675000e-08  6.67001615e-05 
 1.77837500e-08  5.53115021e-05 
 1.78000000e-08  4.40137592e-05 
 1.78025000e-08  4.22977451e-05 
 1.78075000e-08  3.88132236e-05 
 1.78175000e-08  3.27314573e-05 
 1.78337500e-08  2.54416821e-05 
 1.78500000e-08  2.10391619e-05 
 1.78525000e-08  2.06436996e-05 
 1.78575000e-08  1.98829830e-05 
 1.78675000e-08  1.88961439e-05 
 1.78837500e-08  1.82932136e-05 
 1.79000000e-08  1.85849764e-05 
 1.79025000e-08  1.87452268e-05 
 1.79075000e-08  1.90779963e-05 
 1.79175000e-08  1.99710797e-05 
 1.79337500e-08  2.14051424e-05 
 1.79500000e-08  2.18029914e-05 
 1.79525000e-08  2.16847143e-05 
 1.79575000e-08  2.12920573e-05 
 1.79675000e-08  1.98008236e-05 
 1.79837500e-08  1.56137234e-05 
 1.80000000e-08  9.94358724e-06 
 1.80025000e-08  8.96363349e-06 
 1.80075000e-08  6.93367439e-06 
 1.80175000e-08  2.93608859e-06 
 1.80337500e-08 -2.26813554e-06 
 1.80500000e-08 -4.67378026e-06 
 1.80525000e-08 -4.87643163e-06 
 1.80575000e-08 -5.16947456e-06 
 1.80675000e-08 -5.26707792e-06 
 1.80837500e-08 -4.43615169e-06 
 1.81000000e-08 -2.64224034e-06 
 1.81025000e-08 -2.30325411e-06 
 1.81075000e-08 -1.62349819e-06 
 1.81175000e-08  8.07051988e-07 
 1.81337500e-08  4.43993934e-06 
 1.81500000e-08  6.65078977e-06 
 1.81525000e-08  6.99632815e-06 
 1.81575000e-08  7.64880474e-06 
 1.81675000e-08  8.78979473e-06 
 1.81837500e-08  1.11386370e-05 
 1.82000000e-08  1.36703289e-05 
 1.82025000e-08  1.40004060e-05 
 1.82075000e-08  1.45299219e-05 
 1.82175000e-08  1.50754515e-05 
 1.82337500e-08  1.47965068e-05 
 1.82500000e-08  1.33170134e-05 
 1.82525000e-08  1.30682952e-05 
 1.82575000e-08  1.25609042e-05 
 1.82675000e-08  1.15055526e-05 
 1.82837500e-08  8.79032809e-06 
 1.83000000e-08  4.08451560e-06 
 1.83025000e-08  3.24943687e-06 
 1.83075000e-08  1.35257386e-06 
 1.83175000e-08 -3.04699932e-06 
 1.83337500e-08 -1.16200027e-05 
 1.83500000e-08 -2.10270170e-05 
 1.83525000e-08 -2.22030956e-05 
 1.83575000e-08 -2.44699385e-05 
 1.83675000e-08 -2.69676318e-05 
 1.83837500e-08 -2.63142577e-05 
 1.84000000e-08 -2.09414254e-05 
 1.84025000e-08 -1.96987147e-05 
 1.84075000e-08 -1.73554206e-05 
 1.84175000e-08 -1.16415437e-05 
 1.84337500e-08  2.23765141e-06 
 1.84500000e-08  2.29833845e-05 
 1.84525000e-08  2.70455134e-05 
 1.84575000e-08  3.54931254e-05 
 1.84675000e-08  5.41796692e-05 
 1.84837500e-08  8.59577760e-05 
 1.85000000e-08  1.16221806e-04 
 1.85025000e-08  1.21502811e-04 
 1.85075000e-08  1.30446501e-04 
 1.85175000e-08  1.43953481e-04 
 1.85337500e-08  1.57385926e-04 
 1.85500000e-08  1.63050913e-04 
 1.85525000e-08  1.62286910e-04 
 1.85575000e-08  1.60568017e-04 
 1.85675000e-08  1.58866072e-04 
 1.85837500e-08  1.53461285e-04 
 1.86000000e-08  1.47250593e-04 
 1.86025000e-08  1.46587660e-04 
 1.86075000e-08  1.45557032e-04 
 1.86175000e-08  1.43148500e-04 
 1.86337500e-08  1.30481350e-04 
 1.86500000e-08  1.02923058e-04 
 1.86525000e-08  9.77220629e-05 
 1.86575000e-08  8.76208838e-05 
 1.86675000e-08  6.84761174e-05 
 1.86837500e-08  4.40275827e-05 
 1.87000000e-08  3.12936653e-05 
 1.87025000e-08  3.06688040e-05 
 1.87075000e-08  3.06076661e-05 
 1.87175000e-08  3.52748403e-05 
 1.87337500e-08  5.50424863e-05 
 1.87500000e-08  9.10084430e-05 
 1.87525000e-08  9.77682178e-05 
 1.87575000e-08  1.12612681e-04 
 1.87675000e-08  1.43401889e-04 
 1.87837500e-08  1.85356881e-04 
 1.88000000e-08  1.99733540e-04 
 1.88025000e-08  1.97820630e-04 
 1.88075000e-08  1.91947934e-04 
 1.88175000e-08  1.64228080e-04 
 1.88337500e-08  6.34074790e-05 
 1.88500000e-08 -1.32645557e-04 
 1.88525000e-08 -1.73884252e-04 
 1.88575000e-08 -2.61600739e-04 
 1.88675000e-08 -4.68587514e-04 
 1.88837500e-08 -8.78750498e-04 
 1.89000000e-08 -1.32155010e-03 
 1.89025000e-08 -1.38276704e-03 
 1.89075000e-08 -1.51169116e-03 
 1.89175000e-08 -1.79527604e-03 
 1.89337500e-08 -2.27920240e-03 
 1.89500000e-08 -2.76075731e-03 
 1.89525000e-08 -2.83336393e-03 
 1.89575000e-08 -2.97848227e-03 
 1.89675000e-08 -3.26700673e-03 
 1.89837500e-08 -3.73466701e-03 
 1.90000000e-08 -4.20741786e-03 
 1.90025000e-08 -4.28063820e-03 
 1.90075000e-08 -4.42952355e-03 
 1.90175000e-08 -4.73394397e-03 
 1.90337500e-08 -5.24821920e-03 
 1.90500000e-08 -5.79569044e-03 
 1.90525000e-08 -5.88410235e-03 
 1.90575000e-08 -6.06707718e-03 
 1.90675000e-08 -6.45170663e-03 
 1.90837500e-08 -7.13843710e-03 
 1.91000000e-08 -7.92287751e-03 
 1.91025000e-08 -8.05214324e-03 
 1.91075000e-08 -8.32598137e-03 
 1.91175000e-08 -8.91179971e-03 
 1.91337500e-08 -1.00018862e-02 
 1.91500000e-08 -1.13176561e-02 
 1.91525000e-08 -1.15380304e-02 
 1.91575000e-08 -1.20106381e-02 
 1.91675000e-08 -1.30034224e-02 
 1.91837500e-08 -1.46160110e-02 
 1.92000000e-08 -1.57359061e-02 
 1.92025000e-08 -1.57920618e-02 
 1.92075000e-08 -1.58222791e-02 
 1.92175000e-08 -1.51745831e-02 
 1.92337500e-08 -1.13107447e-02 
 1.92500000e-08 -2.77923765e-03 
 1.92525000e-08 -9.17481108e-04 
 1.92575000e-08  2.92332281e-03 
 1.92675000e-08  1.24359438e-02 
 1.92837500e-08  3.39629514e-02 
 1.93000000e-08  6.41913763e-02 
 1.93025000e-08  6.98454352e-02 
 1.93075000e-08  8.17223296e-02 
 1.93175000e-08  1.09149939e-01 
 1.93337500e-08  1.66455440e-01 
 1.93500000e-08  2.45267514e-01 
 1.93525000e-08  2.60156577e-01 
 1.93575000e-08  2.91786567e-01 
 1.93675000e-08  3.67984262e-01 
 1.93837500e-08  5.50870401e-01 
 1.94000000e-08  8.38652005e-01 
 1.94025000e-08  8.94646819e-01 
 1.94075000e-08  1.01184143e+00 
 1.94175000e-08  1.27619886e+00 
 1.94337500e-08  1.78150187e+00 
 1.94500000e-08  2.31856366e+00 
 1.94525000e-08  2.39335063e+00 
 1.94575000e-08  2.53101650e+00 
 1.94675000e-08  2.75349606e+00 
 1.94837500e-08  2.99522754e+00 
 1.95000000e-08  3.13022487e+00 
 1.95025000e-08  3.14343257e+00 
 1.95075000e-08  3.16746461e+00 
 1.95175000e-08  3.20360094e+00 
 1.95337500e-08  3.23949263e+00 
 1.95500000e-08  3.25886778e+00 
 1.95525000e-08  3.26088120e+00 
 1.95575000e-08  3.26465791e+00 
 1.95675000e-08  3.27092347e+00 
 1.95837500e-08  3.27848622e+00 
 1.96000000e-08  3.28384074e+00 
 1.96025000e-08  3.28450189e+00 
 1.96075000e-08  3.28576593e+00 
 1.96175000e-08  3.28797349e+00 
 1.96337500e-08  3.29081477e+00 
 1.96500000e-08  3.29293158e+00 
 1.96525000e-08  3.29319844e+00 
 1.96575000e-08  3.29371021e+00 
 1.96675000e-08  3.29461145e+00 
 1.96837500e-08  3.29578411e+00 
 1.97000000e-08  3.29666850e+00 
 1.97025000e-08  3.29678060e+00 
 1.97075000e-08  3.29699496e+00 
 1.97175000e-08  3.29737151e+00 
 1.97337500e-08  3.29786128e+00 
 1.97500000e-08  3.29824373e+00 
 1.97525000e-08  3.29829580e+00 
 1.97575000e-08  3.29839660e+00 
 1.97675000e-08  3.29858356e+00 
 1.97837500e-08  3.29884970e+00 
 1.98000000e-08  3.29907231e+00 
 1.98025000e-08  3.29910269e+00 
 1.98075000e-08  3.29916160e+00 
 1.98175000e-08  3.29927028e+00 
 1.98337500e-08  3.29942204e+00 
 1.98500000e-08  3.29954533e+00 
 1.98525000e-08  3.29956135e+00 
 1.98575000e-08  3.29959175e+00 
 1.98675000e-08  3.29964456e+00 
 1.98837500e-08  3.29971250e+00 
 1.99000000e-08  3.29976340e+00 
 1.99025000e-08  3.29977000e+00 
 1.99075000e-08  3.29978265e+00 
 1.99175000e-08  3.29980569e+00 
 1.99337500e-08  3.29983671e+00 
 1.99500000e-08  3.29986003e+00 
 1.99525000e-08  3.29986285e+00 
 1.99575000e-08  3.29986781e+00 
 1.99675000e-08  3.29987544e+00 
 1.99837500e-08  3.29988488e+00 
 2.00000000e-08  3.29989462e+00 
 2.00025000e-08  3.29989656e+00 
 2.00075000e-08  3.29990067e+00 
 2.00175000e-08  3.29990996e+00 
 2.00337500e-08  3.29992632e+00 
 2.00500000e-08  3.29994386e+00 
 2.00525000e-08  3.29994643e+00 
 2.00575000e-08  3.29995147e+00 
 2.00675000e-08  3.29995869e+00 
 2.00837500e-08  3.29996209e+00 
 2.01000000e-08  3.29995734e+00 
 2.01025000e-08  3.29995607e+00 
 2.01075000e-08  3.29995340e+00 
 2.01175000e-08  3.29994754e+00 
 2.01337500e-08  3.29993766e+00 
 2.01500000e-08  3.29992846e+00 
 2.01525000e-08  3.29992729e+00 
 2.01575000e-08  3.29992512e+00 
 2.01675000e-08  3.29992163e+00 
 2.01837500e-08  3.29991705e+00 
 2.02000000e-08  3.29991239e+00 
 2.02025000e-08  3.29991157e+00 
 2.02075000e-08  3.29990985e+00 
 2.02175000e-08  3.29990661e+00 
 2.02337500e-08  3.29990262e+00 
 2.02500000e-08  3.29990124e+00 
 2.02525000e-08  3.29990143e+00 
 2.02575000e-08  3.29990190e+00 
 2.02675000e-08  3.29990390e+00 
 2.02837500e-08  3.29990954e+00 
 2.03000000e-08  3.29991788e+00 
 2.03025000e-08  3.29991943e+00 
 2.03075000e-08  3.29992253e+00 
 2.03175000e-08  3.29992945e+00 
 2.03337500e-08  3.29994318e+00 
 2.03500000e-08  3.29995907e+00 
 2.03525000e-08  3.29996162e+00 
 2.03575000e-08  3.29996670e+00 
 2.03675000e-08  3.29997641e+00 
 2.03837500e-08  3.29998862e+00 
 2.04000000e-08  3.29999636e+00 
 2.04025000e-08  3.29999704e+00 
 2.04075000e-08  3.29999809e+00 
 2.04175000e-08  3.29999752e+00 
 2.04337500e-08  3.29999443e+00 
 2.04500000e-08  3.29999036e+00 
 2.04525000e-08  3.29998957e+00 
 2.04575000e-08  3.29998806e+00 
 2.04675000e-08  3.29998539e+00 
 2.04837500e-08  3.29998167e+00 
 2.05000000e-08  3.29997752e+00 
 2.05025000e-08  3.29997680e+00 
 2.05075000e-08  3.29997556e+00 
 2.05175000e-08  3.29997315e+00 
 2.05337500e-08  3.29996776e+00 
 2.05500000e-08  3.29996200e+00 
 2.05525000e-08  3.29996101e+00 
 2.05575000e-08  3.29995891e+00 
 2.05675000e-08  3.29995491e+00 
 2.05837500e-08  3.29995724e+00 
 2.06000000e-08  3.29997558e+00 
 2.06025000e-08  3.29997893e+00 
 2.06075000e-08  3.29998636e+00 
 2.06175000e-08  3.30000418e+00 
 2.06337500e-08  3.30003209e+00 
 2.06500000e-08  3.30004117e+00 
 2.06525000e-08  3.30003959e+00 
 2.06575000e-08  3.30003461e+00 
 2.06675000e-08  3.30001419e+00 
 2.06837500e-08  3.29996019e+00 
 2.07000000e-08  3.29988750e+00 
 2.07025000e-08  3.29987544e+00 
 2.07075000e-08  3.29985167e+00 
 2.07175000e-08  3.29980837e+00 
 2.07337500e-08  3.29975110e+00 
 2.07500000e-08  3.29970774e+00 
 2.07525000e-08  3.29970248e+00 
 2.07575000e-08  3.29969335e+00 
 2.07675000e-08  3.29968205e+00 
 2.07837500e-08  3.29968020e+00 
 2.08000000e-08  3.29969336e+00 
 2.08025000e-08  3.29969636e+00 
 2.08075000e-08  3.29970249e+00 
 2.08175000e-08  3.29972587e+00 
 2.08337500e-08  3.29975737e+00 
 2.08500000e-08  3.29977908e+00 
 2.08525000e-08  3.29978163e+00 
 2.08575000e-08  3.29978549e+00 
 2.08675000e-08  3.29979143e+00 
 2.08837500e-08  3.29980984e+00 
 2.09000000e-08  3.29984664e+00 
 2.09025000e-08  3.29985393e+00 
 2.09075000e-08  3.29986827e+00 
 2.09175000e-08  3.29989604e+00 
 2.09337500e-08  3.29993351e+00 
 2.09500000e-08  3.29995802e+00 
 2.09525000e-08  3.29996019e+00 
 2.09575000e-08  3.29996328e+00 
 2.09675000e-08  3.29996417e+00 
 2.09837500e-08  3.29995475e+00 
 2.10000000e-08  3.29993447e+00 
 2.10025000e-08  3.29993067e+00 
 2.10075000e-08  3.29992235e+00 
 2.10175000e-08  3.29990358e+00 
 2.10337500e-08  3.29986291e+00 
 2.10500000e-08  3.29980459e+00 
 2.10525000e-08  3.29979412e+00 
 2.10575000e-08  3.29977099e+00 
 2.10675000e-08  3.29972135e+00 
 2.10837500e-08  3.29964611e+00 
 2.11000000e-08  3.29959633e+00 
 2.11025000e-08  3.29959262e+00 
 2.11075000e-08  3.29958650e+00 
 2.11175000e-08  3.29958478e+00 
 2.11337500e-08  3.29960358e+00 
 2.11500000e-08  3.29964169e+00 
 2.11525000e-08  3.29964930e+00 
 2.11575000e-08  3.29966463e+00 
 2.11675000e-08  3.29970028e+00 
 2.11837500e-08  3.29977676e+00 
 2.12000000e-08  3.29988606e+00 
 2.12025000e-08  3.29990696e+00 
 2.12075000e-08  3.29995082e+00 
 2.12175000e-08  3.30005849e+00 
 2.12337500e-08  3.30028056e+00 
 2.12500000e-08  3.30054577e+00 
 2.12525000e-08  3.30059075e+00 
 2.12575000e-08  3.30068234e+00 
 2.12675000e-08  3.30087483e+00 
 2.12837500e-08  3.30120687e+00 
 2.13000000e-08  3.30154137e+00 
 2.13025000e-08  3.30159262e+00 
 2.13075000e-08  3.30169294e+00 
 2.13175000e-08  3.30188371e+00 
 2.13337500e-08  3.30221655e+00 
 2.13500000e-08  3.30255861e+00 
 2.13525000e-08  3.30261258e+00 
 2.13575000e-08  3.30272209e+00 
 2.13675000e-08  3.30294786e+00 
 2.13837500e-08  3.30332638e+00 
 2.14000000e-08  3.30371942e+00 
 2.14025000e-08  3.30378107e+00 
 2.14075000e-08  3.30390585e+00 
 2.14175000e-08  3.30415870e+00 
 2.14337500e-08  3.30456223e+00 
 2.14500000e-08  3.30493740e+00 
 2.14525000e-08  3.30499035e+00 
 2.14575000e-08  3.30509500e+00 
 2.14675000e-08  3.30529610e+00 
 2.14837500e-08  3.30561488e+00 
 2.15000000e-08  3.30594641e+00 
 2.15025000e-08  3.30600017e+00 
 2.15075000e-08  3.30611082e+00 
 2.15175000e-08  3.30634843e+00 
 2.15337500e-08  3.30678397e+00 
 2.15500000e-08  3.30729284e+00 
 2.15525000e-08  3.30737896e+00 
 2.15575000e-08  3.30755684e+00 
 2.15675000e-08  3.30794409e+00 
 2.15837500e-08  3.30867705e+00 
 2.16000000e-08  3.30956789e+00 
 2.16025000e-08  3.30972247e+00 
 2.16075000e-08  3.31004440e+00 
 2.16175000e-08  3.31075595e+00 
 2.16337500e-08  3.31213511e+00 
 2.16500000e-08  3.31385914e+00 
 2.16525000e-08  3.31416261e+00 
 2.16575000e-08  3.31479825e+00 
 2.16675000e-08  3.31618973e+00 
 2.16837500e-08  3.31866540e+00 
 2.17000000e-08  3.32082495e+00 
 2.17025000e-08  3.32104343e+00 
 2.17075000e-08  3.32136828e+00 
 2.17175000e-08  3.32111028e+00 
 2.17337500e-08  3.31683808e+00 
 2.17500000e-08  3.30600559e+00 
 2.17525000e-08  3.30354903e+00 
 2.17575000e-08  3.29839804e+00 
 2.17675000e-08  3.28626976e+00 
 2.17837500e-08  3.25836257e+00 
 2.18000000e-08  3.21931640e+00 
 2.18025000e-08  3.21207521e+00 
 2.18075000e-08  3.19692409e+00 
 2.18175000e-08  3.16236530e+00 
 2.18337500e-08  3.09187846e+00 
 2.18500000e-08  2.99798943e+00 
 2.18525000e-08  2.98049408e+00 
 2.18575000e-08  2.94335646e+00 
 2.18675000e-08  2.85383617e+00 
 2.18837500e-08  2.63168757e+00 
 2.19000000e-08  2.28927195e+00 
 2.19025000e-08  2.22422140e+00 
 2.19075000e-08  2.08889809e+00 
 2.19175000e-08  1.78790992e+00 
 2.19337500e-08  1.22532485e+00 
 2.19500000e-08  6.77118092e-01 
 2.19525000e-08  6.06018495e-01 
 2.19575000e-08  4.75880318e-01 
 2.19675000e-08  2.81890551e-01 
 2.19837500e-08  1.14032759e-01 
 2.20000000e-08  5.32899820e-02 
 2.20025000e-08  4.91784819e-02 
 2.20075000e-08  4.18467701e-02 
 2.20175000e-08  3.14707478e-02 
 2.20337500e-08  2.13939244e-02 
 2.20500000e-08  1.55308328e-02 
 2.20525000e-08  1.48577582e-02 
 2.20575000e-08  1.35635476e-02 
 2.20675000e-08  1.13077945e-02 
 2.20837500e-08  8.41177842e-03 
 2.21000000e-08  6.25600253e-03 
 2.21025000e-08  5.98372861e-03 
 2.21075000e-08  5.46162577e-03 
 2.21175000e-08  4.54605441e-03 
 2.21337500e-08  3.36592355e-03 
 2.21500000e-08  2.49096669e-03 
 2.21525000e-08  2.38130506e-03 
 2.21575000e-08  2.17181010e-03 
 2.21675000e-08  1.80644171e-03 
 2.21837500e-08  1.33925785e-03 
 2.22000000e-08  9.96087344e-04 
 2.22025000e-08  9.53341795e-04 
 2.22075000e-08  8.71710517e-04 
 2.22175000e-08  7.29593463e-04 
 2.22337500e-08  5.48733422e-04 
 2.22500000e-08  4.16728908e-04 
 2.22525000e-08  4.00357446e-04 
 2.22575000e-08  3.69127324e-04 
 2.22675000e-08  3.14883778e-04 
 2.22837500e-08  2.45926010e-04 
 2.23000000e-08  1.95270689e-04 
 2.23025000e-08  1.88886477e-04 
 2.23075000e-08  1.76653540e-04 
 2.23175000e-08  1.54965110e-04 
 2.23337500e-08  1.26446725e-04 
 2.23500000e-08  1.04476435e-04 
 2.23525000e-08  1.01678099e-04 
 2.23575000e-08  9.62748565e-05 
 2.23675000e-08  8.71411148e-05 
 2.23837500e-08  7.47302183e-05 
 2.24000000e-08  6.41132954e-05 
 2.24025000e-08  6.24825073e-05 
 2.24075000e-08  5.91521991e-05 
 2.24175000e-08  5.20464818e-05 
 2.24337500e-08  3.94024033e-05 
 2.24500000e-08  2.85999900e-05 
 2.24525000e-08  2.75048107e-05 
 2.24575000e-08  2.55147667e-05 
 2.24675000e-08  2.28945009e-05 
 2.24837500e-08  2.07038288e-05 
 2.25000000e-08  1.98635020e-05 
 2.25025000e-08  1.97248247e-05 
 2.25075000e-08  1.92531045e-05 
 2.25175000e-08  1.80734134e-05 
 2.25337500e-08  1.67815571e-05 
 2.25500000e-08  1.67256197e-05 
 2.25525000e-08  1.69214582e-05 
 2.25575000e-08  1.74168982e-05 
 2.25675000e-08  1.86590853e-05 
 2.25837500e-08  1.94946972e-05 
 2.26000000e-08  1.77425611e-05 
 2.26025000e-08  1.72013376e-05 
 2.26075000e-08  1.59700163e-05 
 2.26175000e-08  1.29051070e-05 
 2.26337500e-08  7.22594338e-06 
 2.26500000e-08  2.08708675e-06 
 2.26525000e-08  1.40436670e-06 
 2.26575000e-08  5.80763000e-08 
 2.26675000e-08 -1.93371214e-06 
 2.26837500e-08 -4.03409296e-06 
 2.27000000e-08 -4.61049304e-06 
 2.27025000e-08 -4.56877025e-06 
 2.27075000e-08 -4.46810169e-06 
 2.27175000e-08 -4.01335835e-06 
 2.27337500e-08 -2.37402754e-06 
 2.27500000e-08  1.77720062e-06 
 2.27525000e-08  2.31133727e-06 
 2.27575000e-08  3.32816863e-06 
 2.27675000e-08  5.20472904e-06 
 2.27837500e-08  7.85348487e-06 
 2.28000000e-08  9.91589964e-06 
 2.28025000e-08  1.02573898e-05 
 2.28075000e-08  1.09052675e-05 
 2.28175000e-08  1.21709648e-05 
 2.28337500e-08  1.38131710e-05 
 2.28500000e-08  1.45155355e-05 
 2.28525000e-08  1.46125330e-05 
 2.28575000e-08  1.48256303e-05 
 2.28675000e-08  1.51869008e-05 
 2.28837500e-08  1.47314807e-05 
 2.29000000e-08  1.27651922e-05 
 2.29025000e-08  1.21841355e-05 
 2.29075000e-08  1.07255949e-05 
 2.29175000e-08  7.07071205e-06 
 2.29337500e-08  6.99593038e-07 
 2.29500000e-08 -6.71840250e-06 
 2.29525000e-08 -7.94390208e-06 
 2.29575000e-08 -1.07144851e-05 
 2.29675000e-08 -1.63214771e-05 
 2.29837500e-08 -2.44407781e-05 
 2.30000000e-08 -2.83635740e-05 
 2.30025000e-08 -2.83007472e-05 
 2.30075000e-08 -2.81364461e-05 
 2.30175000e-08 -2.61822556e-05 
 2.30337500e-08 -1.92528826e-05 
 2.30500000e-08 -7.34930337e-06 
 2.30525000e-08 -4.86344341e-06 
 2.30575000e-08  3.16602794e-07 
 2.30675000e-08  1.24262588e-05 
 2.30837500e-08  3.83562786e-05 
 2.31000000e-08  6.94338793e-05 
 2.31025000e-08  7.44175934e-05 
 2.31075000e-08  8.42805819e-05 
 2.31175000e-08  1.03238880e-04 
 2.31337500e-08  1.34555918e-04 
 2.31500000e-08  1.53919028e-04 
 2.31525000e-08  1.55601567e-04 
 2.31575000e-08  1.58431321e-04 
 2.31675000e-08  1.61597129e-04 
 2.31837500e-08  1.59429824e-04 
 2.32000000e-08  1.53345504e-04 
 2.32025000e-08  1.52378303e-04 
 2.32075000e-08  1.50546870e-04 
 2.32175000e-08  1.47590815e-04 
 2.32337500e-08  1.44354133e-04 
 2.32500000e-08  1.39470192e-04 
 2.32525000e-08  1.37207000e-04 
 2.32575000e-08  1.31959724e-04 
 2.32675000e-08  1.16542444e-04 
 2.32837500e-08  8.55635025e-05 
 2.33000000e-08  5.65667383e-05 
 2.33025000e-08  5.29303420e-05 
 2.33075000e-08  4.67263718e-05 
 2.33175000e-08  3.87399389e-05 
 2.33337500e-08  3.67271136e-05 
 2.33500000e-08  4.84729556e-05 
 2.33525000e-08  5.15078808e-05 
 2.33575000e-08  5.88356802e-05 
 2.33675000e-08  7.80163857e-05 
 2.33837500e-08  1.21582847e-04 
 2.34000000e-08  1.70458943e-04 
 2.34025000e-08  1.76576770e-04 
 2.34075000e-08  1.87926394e-04 
 2.34175000e-08  2.00921212e-04 
 2.34337500e-08  1.88093169e-04 
 2.34500000e-08  1.19109410e-04 
 2.34525000e-08  1.01440206e-04 
 2.34575000e-08  6.20203158e-05 
 2.34675000e-08 -4.74527669e-05 
 2.34837500e-08 -3.16876139e-04 
 2.35000000e-08 -6.87752014e-04 
 2.35025000e-08 -7.53957388e-04 
 2.35075000e-08 -8.89710316e-04 
 2.35175000e-08 -1.17869797e-03 
 2.35337500e-08 -1.58274715e-03 
 2.35500000e-08 -2.07298718e-03 
 2.35525000e-08 -2.14830116e-03 
 2.35575000e-08 -2.29820191e-03 
 2.35675000e-08 -2.59394320e-03 
 2.35837500e-08 -3.06623014e-03 
 2.36000000e-08 -3.53387900e-03 
 2.36025000e-08 -3.60542893e-03 
 2.36075000e-08 -3.74964149e-03 
 2.36175000e-08 -4.04033473e-03 
 2.36337500e-08 -4.52091660e-03 
 2.36500000e-08 -5.02448637e-03 
 2.36525000e-08 -5.10359574e-03 
 2.36575000e-08 -5.26535348e-03 
 2.36675000e-08 -5.59744026e-03 
 2.36837500e-08 -6.18184414e-03 
 2.37000000e-08 -6.83768903e-03 
 2.37025000e-08 -6.94468466e-03 
 2.37075000e-08 -7.16838321e-03 
 2.37175000e-08 -7.64140283e-03 
 2.37337500e-08 -8.50138015e-03 
 2.37500000e-08 -9.51810502e-03 
 2.37525000e-08 -9.68901618e-03 
 2.37575000e-08 -1.00565282e-02 
 2.37675000e-08 -1.08522881e-02 
 2.37837500e-08 -1.23267666e-02 
 2.38000000e-08 -1.39625492e-02 
 2.38025000e-08 -1.42047084e-02 
 2.38075000e-08 -1.46936909e-02 
 2.38175000e-08 -1.54950748e-02 
 2.38337500e-08 -1.57256065e-02 
 2.38500000e-08 -1.34372487e-02 
 2.38525000e-08 -1.27233003e-02 
 2.38575000e-08 -1.10768987e-02 
 2.38675000e-08 -6.34176934e-03 
 2.38837500e-08  5.70714632e-03 
 2.39000000e-08  2.39603497e-02 
 2.39025000e-08  2.75279352e-02 
 2.39075000e-08  3.50693972e-02 
 2.39175000e-08  5.27332358e-02 
 2.39337500e-08  8.99326439e-02 
 2.39500000e-08  1.40311027e-01 
 2.39525000e-08  1.49670930e-01 
 2.39575000e-08  1.69363895e-01 
 2.39675000e-08  2.15237988e-01 
 2.39837500e-08  3.14445701e-01 
 2.40000000e-08  4.63732051e-01 
 2.40025000e-08  4.94197864e-01 
 2.40075000e-08  5.60800690e-01 
 2.40175000e-08  7.27331020e-01 
 2.40337500e-08  1.09074935e+00 
 2.40500000e-08  1.55925637e+00 
 2.40525000e-08  1.64070951e+00 
 2.40575000e-08  1.80687278e+00 
 2.40675000e-08  2.14807872e+00 
 2.40837500e-08  2.61098233e+00 
 2.41000000e-08  2.91097977e+00 
 2.41025000e-08  2.94297730e+00 
 2.41075000e-08  3.00159264e+00 
 2.41175000e-08  3.09161798e+00 
 2.41337500e-08  3.18167811e+00 
 2.41500000e-08  3.22789406e+00 
 2.41525000e-08  3.23231785e+00 
 2.41575000e-08  3.24044089e+00 
 2.41675000e-08  3.25309647e+00 
 2.41837500e-08  3.26692546e+00 
 2.42000000e-08  3.27576047e+00 
 2.42025000e-08  3.27680033e+00 
 2.42075000e-08  3.27878143e+00 
 2.42175000e-08  3.28220681e+00 
 2.42337500e-08  3.28656246e+00 
 2.42500000e-08  3.28977395e+00 
 2.42525000e-08  3.29017614e+00 
 2.42575000e-08  3.29094585e+00 
 2.42675000e-08  3.29229380e+00 
 2.42837500e-08  3.29403571e+00 
 2.43000000e-08  3.29534126e+00 
 2.43025000e-08  3.29550654e+00 
 2.43075000e-08  3.29582359e+00 
 2.43175000e-08  3.29638350e+00 
 2.43337500e-08  3.29711591e+00 
 2.43500000e-08  3.29766762e+00 
 2.43525000e-08  3.29773772e+00 
 2.43575000e-08  3.29787151e+00 
 2.43675000e-08  3.29811288e+00 
 2.43837500e-08  3.29845179e+00 
 2.44000000e-08  3.29874049e+00 
 2.44025000e-08  3.29878049e+00 
 2.44075000e-08  3.29885806e+00 
 2.44175000e-08  3.29900113e+00 
 2.44337500e-08  3.29920117e+00 
 2.44500000e-08  3.29936604e+00 
 2.44525000e-08  3.29938817e+00 
 2.44575000e-08  3.29943066e+00 
 2.44675000e-08  3.29950715e+00 
 2.44837500e-08  3.29960930e+00 
 2.45000000e-08  3.29968665e+00 
 2.45025000e-08  3.29969657e+00 
 2.45075000e-08  3.29971549e+00 
 2.45175000e-08  3.29974898e+00 
 2.45337500e-08  3.29979258e+00 
 2.45500000e-08  3.29982572e+00 
 2.45525000e-08  3.29982993e+00 
 2.45575000e-08  3.29983769e+00 
 2.45675000e-08  3.29985081e+00 
 2.45837500e-08  3.29986755e+00 
 2.46000000e-08  3.29988084e+00 
 2.46025000e-08  3.29988290e+00 
 2.46075000e-08  3.29988715e+00 
 2.46175000e-08  3.29989672e+00 
 2.46337500e-08  3.29991305e+00 
 2.46500000e-08  3.29992793e+00 
 2.46525000e-08  3.29993004e+00 
 2.46575000e-08  3.29993420e+00 
 2.46675000e-08  3.29994176e+00 
 2.46837500e-08  3.29995278e+00 
 2.47000000e-08  3.29995754e+00 
 2.47025000e-08  3.29995731e+00 
 2.47075000e-08  3.29995666e+00 
 2.47175000e-08  3.29995403e+00 
 2.47337500e-08  3.29994702e+00 
 2.47500000e-08  3.29993837e+00 
 2.47525000e-08  3.29993716e+00 
 2.47575000e-08  3.29993491e+00 
 2.47675000e-08  3.29993119e+00 
 2.47837500e-08  3.29992602e+00 
 2.48000000e-08  3.29992121e+00 
 2.48025000e-08  3.29992046e+00 
 2.48075000e-08  3.29991880e+00 
 2.48175000e-08  3.29991505e+00 
 2.48337500e-08  3.29990855e+00 
 2.48500000e-08  3.29990334e+00 
 2.48525000e-08  3.29990286e+00 
 2.48575000e-08  3.29990199e+00 
 2.48675000e-08  3.29990133e+00 
 2.48837500e-08  3.29990297e+00 
 2.49000000e-08  3.29990769e+00 
 2.49025000e-08  3.29990857e+00 
 2.49075000e-08  3.29991010e+00 
 2.49175000e-08  3.29991311e+00 
 2.49337500e-08  3.29992048e+00 
 2.49500000e-08  3.29993246e+00 
 2.49525000e-08  3.29993494e+00 
 2.49575000e-08  3.29994028e+00 
 2.49675000e-08  3.29995245e+00 
 2.49837500e-08  3.29997208e+00 
 2.50000000e-08  3.29998740e+00 
 2.50025000e-08  3.29998903e+00 
 2.50075000e-08  3.29999177e+00 
 2.50175000e-08  3.29999489e+00 
 2.50337500e-08  3.29999569e+00 
 2.50500000e-08  3.29999165e+00 
 2.50525000e-08  3.29999120e+00 
 2.50575000e-08  3.29999036e+00 
 2.50675000e-08  3.29998934e+00 
 2.50837500e-08  3.29998870e+00 
 2.51000000e-08  3.29998816e+00 
 2.51025000e-08  3.29998792e+00 
 2.51075000e-08  3.29998737e+00 
 2.51175000e-08  3.29998528e+00 
 2.51337500e-08  3.29997857e+00 
 2.51500000e-08  3.29996839e+00 
 2.51525000e-08  3.29996655e+00 
 2.51575000e-08  3.29996295e+00 
 2.51675000e-08  3.29995639e+00 
 2.51837500e-08  3.29994975e+00 
 2.52000000e-08  3.29995071e+00 
 2.52025000e-08  3.29995242e+00 
 2.52075000e-08  3.29995967e+00 
 2.52175000e-08  3.29997597e+00 
 2.52337500e-08  3.30000387e+00 
 2.52500000e-08  3.30003272e+00 
 2.52525000e-08  3.30003569e+00 
 2.52575000e-08  3.30004049e+00 
 2.52675000e-08  3.30004227e+00 
 2.52837500e-08  3.30002223e+00 
 2.53000000e-08  3.29997310e+00 
 2.53025000e-08  3.29996399e+00 
 2.53075000e-08  3.29994482e+00 
 2.53175000e-08  3.29990200e+00 
 2.53337500e-08  3.29982892e+00 
 2.53500000e-08  3.29976766e+00 
 2.53525000e-08  3.29975955e+00 
 2.53575000e-08  3.29974401e+00 
 2.53675000e-08  3.29971571e+00 
 2.53837500e-08  3.29968000e+00 
 2.54000000e-08  3.29966750e+00 
 2.54025000e-08  3.29966773e+00 
 2.54075000e-08  3.29966931e+00 
 2.54175000e-08  3.29967796e+00 
 2.54337500e-08  3.29970687e+00 
 2.54500000e-08  3.29975082e+00 
 2.54525000e-08  3.29975610e+00 
 2.54575000e-08  3.29976552e+00 
 2.54675000e-08  3.29977989e+00 
 2.54837500e-08  3.29979280e+00 
 2.55000000e-08  3.29980392e+00 
 2.55025000e-08  3.29980799e+00 
 2.55075000e-08  3.29981707e+00 
 2.55175000e-08  3.29984106e+00 
 2.55337500e-08  3.29988464e+00 
 2.55500000e-08  3.29992285e+00 
 2.55525000e-08  3.29992772e+00 
 2.55575000e-08  3.29993661e+00 
 2.55675000e-08  3.29995039e+00 
 2.55837500e-08  3.29996199e+00 
 2.56000000e-08  3.29996118e+00 
 2.56025000e-08  3.29996004e+00 
 2.56075000e-08  3.29995689e+00 
 2.56175000e-08  3.29994709e+00 
 2.56337500e-08  3.29992082e+00 
 2.56500000e-08  3.29987953e+00 
 2.56525000e-08  3.29987166e+00 
 2.56575000e-08  3.29985387e+00 
 2.56675000e-08  3.29981263e+00 
 2.56837500e-08  3.29973482e+00 
 2.57000000e-08  3.29965815e+00 
 2.57025000e-08  3.29964849e+00 
 2.57075000e-08  3.29962981e+00 
 2.57175000e-08  3.29960181e+00 
 2.57337500e-08  3.29958240e+00 
 2.57500000e-08  3.29959041e+00 
 2.57525000e-08  3.29959439e+00 
 2.57575000e-08  3.29960302e+00 
 2.57675000e-08  3.29962729e+00 
 2.57837500e-08  3.29968217e+00 
 2.58000000e-08  3.29975766e+00 
 2.58025000e-08  3.29977161e+00 
 2.58075000e-08  3.29980025e+00 
 2.58175000e-08  3.29986658e+00 
 2.58337500e-08  3.30000847e+00 
 2.58500000e-08  3.30021687e+00 
 2.58525000e-08  3.30025380e+00 
 2.58575000e-08  3.30033024e+00 
 2.58675000e-08  3.30049870e+00 
 2.58837500e-08  3.30080503e+00 
 2.59000000e-08  3.30113714e+00 
 2.59025000e-08  3.30118972e+00 
 2.59075000e-08  3.30129503e+00 
 2.59175000e-08  3.30149744e+00 
 2.59337500e-08  3.30182238e+00 
 2.59500000e-08  3.30215147e+00 
 2.59525000e-08  3.30220294e+00 
 2.59575000e-08  3.30230567e+00 
 2.59675000e-08  3.30251516e+00 
 2.59837500e-08  3.30287082e+00 
 2.60000000e-08  3.30324350e+00 
 2.60025000e-08  3.30330193e+00 
 2.60075000e-08  3.30341981e+00 
 2.60175000e-08  3.30366070e+00 
 2.60337500e-08  3.30405918e+00 
 2.60500000e-08  3.30445712e+00 
 2.60525000e-08  3.30451616e+00 
 2.60575000e-08  3.30463349e+00 
 2.60675000e-08  3.30485902e+00 
 2.60837500e-08  3.30520222e+00 
 2.61000000e-08  3.30552891e+00 
 2.61025000e-08  3.30557862e+00 
 2.61075000e-08  3.30567970e+00 
 2.61175000e-08  3.30588982e+00 
 2.61337500e-08  3.30625940e+00 
 2.61500000e-08  3.30667770e+00 
 2.61525000e-08  3.30674750e+00 
 2.61575000e-08  3.30689127e+00 
 2.61675000e-08  3.30720290e+00 
 2.61837500e-08  3.30779058e+00 
 2.62000000e-08  3.30850189e+00 
 2.62025000e-08  3.30862497e+00 
 2.62075000e-08  3.30888073e+00 
 2.62175000e-08  3.30944397e+00 
 2.62337500e-08  3.31052558e+00 
 2.62500000e-08  3.31186336e+00 
 2.62525000e-08  3.31209833e+00 
 2.62575000e-08  3.31259060e+00 
 2.62675000e-08  3.31368514e+00 
 2.62837500e-08  3.31579838e+00 
 2.63000000e-08  3.31827038e+00 
 2.63025000e-08  3.31866367e+00 
 2.63075000e-08  3.31944229e+00 
 2.63175000e-08  3.32078763e+00 
 2.63337500e-08  3.32141447e+00 
 2.63500000e-08  3.31819734e+00 
 2.63525000e-08  3.31714511e+00 
 2.63575000e-08  3.31470430e+00 
 2.63675000e-08  3.30765127e+00 
 2.63837500e-08  3.29021425e+00 
 2.64000000e-08  3.26422896e+00 
 2.64025000e-08  3.25917735e+00 
 2.64075000e-08  3.24853458e+00 
 2.64175000e-08  3.22387131e+00 
 2.64337500e-08  3.17299608e+00 
 2.64500000e-08  3.10590191e+00 
 2.64525000e-08  3.09363486e+00 
 2.64575000e-08  3.06792114e+00 
 2.64675000e-08  3.00872635e+00 
 2.64837500e-08  2.88120347e+00 
 2.65000000e-08  2.67846255e+00 
 2.65025000e-08  2.63627643e+00 
 2.65075000e-08  2.54522097e+00 
 2.65175000e-08  2.32667731e+00 
 2.65337500e-08  1.87827916e+00 
 2.65500000e-08  1.32915438e+00 
 2.65525000e-08  1.23684132e+00 
 2.65575000e-08  1.05228176e+00 
 2.65675000e-08  7.12810691e-01 
 2.65837500e-08  3.22980337e-01 
 2.66000000e-08  1.31003407e-01 
 2.66025000e-08  1.16539409e-01 
 2.66075000e-08  9.14516473e-02 
 2.66175000e-08  5.89551599e-02 
 2.66337500e-08  3.35169121e-02 
 2.66500000e-08  2.26291074e-02 
 2.66525000e-08  2.15576541e-02 
 2.66575000e-08  1.95174463e-02 
 2.66675000e-08  1.60912377e-02 
 2.66837500e-08  1.18838741e-02 
 2.67000000e-08  8.84804371e-03 
 2.67025000e-08  8.46714348e-03 
 2.67075000e-08  7.73530416e-03 
 2.67175000e-08  6.44913022e-03 
 2.67337500e-08  4.78472813e-03 
 2.67500000e-08  3.54444400e-03 
 2.67525000e-08  3.38850852e-03 
 2.67575000e-08  3.09030765e-03 
 2.67675000e-08  2.56924536e-03 
 2.67837500e-08  1.90064692e-03 
 2.68000000e-08  1.40732585e-03 
 2.68025000e-08  1.34579447e-03 
 2.68075000e-08  1.22833429e-03 
 2.68175000e-08  1.02398550e-03 
 2.68337500e-08  7.64004562e-04 
 2.68500000e-08  5.74253889e-04 
 2.68525000e-08  5.50783831e-04 
 2.68575000e-08  5.06112115e-04 
 2.68675000e-08  4.28837281e-04 
 2.68837500e-08  3.30865527e-04 
 2.69000000e-08  2.59190946e-04 
 2.69025000e-08  2.50251738e-04 
 2.69075000e-08  2.33184797e-04 
 2.69175000e-08  2.03314514e-04 
 2.69337500e-08  1.64495947e-04 
 2.69500000e-08  1.34804590e-04 
 2.69525000e-08  1.30932438e-04 
 2.69575000e-08  1.23438493e-04 
 2.69675000e-08  1.09876179e-04 
 2.69837500e-08  9.12938702e-05 
 2.70000000e-08  7.66650645e-05 
 2.70025000e-08  7.47324634e-05 
 2.70075000e-08  7.09760915e-05 
 2.70175000e-08  6.40086602e-05 
 2.70337500e-08  5.34754412e-05 
 2.70500000e-08  4.18044867e-05 
 2.70525000e-08  4.01799381e-05 
 2.70575000e-08  3.69866895e-05 
 2.70675000e-08  3.18279703e-05 
 2.70837500e-08  2.62092899e-05 
 2.71000000e-08  2.31384759e-05 
 2.71025000e-08  2.28117399e-05 
 2.71075000e-08  2.20507254e-05 
 2.71175000e-08  2.06012385e-05 
 2.71337500e-08  1.89748886e-05 
 2.71500000e-08  1.84497337e-05 
 2.71525000e-08  1.84836987e-05 
 2.71575000e-08  1.85375374e-05 
 2.71675000e-08  1.88120282e-05 
 2.71837500e-08  1.92616943e-05 
 2.72000000e-08  1.86646855e-05 
 2.72025000e-08  1.83854108e-05 
 2.72075000e-08  1.76685124e-05 
 2.72175000e-08  1.55274743e-05 
 2.72337500e-08  1.04874343e-05 
 2.72500000e-08  4.51510541e-06 
 2.72525000e-08  3.66614839e-06 
 2.72575000e-08  2.07499643e-06 
 2.72675000e-08 -5.25754020e-07 
 2.72837500e-08 -3.09852616e-06 
 2.73000000e-08 -3.72674665e-06 
 2.73025000e-08 -3.81705672e-06 
 2.73075000e-08 -4.05975009e-06 
 2.73175000e-08 -4.49722476e-06 
 2.73337500e-08 -4.24773648e-06 
 2.73500000e-08 -2.68480376e-06 
 2.73525000e-08 -2.23051248e-06 
 2.73575000e-08 -9.16522484e-07 
 2.73675000e-08  3.03520489e-06 
 2.73837500e-08  7.12377754e-06 
 2.74000000e-08  1.00662005e-05 
 2.74025000e-08  1.04125069e-05 
 2.74075000e-08  1.09815539e-05 
 2.74175000e-08  1.19385744e-05 
 2.74337500e-08  1.38771785e-05 
 2.74500000e-08  1.57029293e-05 
 2.74525000e-08  1.58641769e-05 
 2.74575000e-08  1.60163469e-05 
 2.74675000e-08  1.57380439e-05 
 2.74837500e-08  1.43635734e-05 
 2.75000000e-08  1.21949911e-05 
 2.75025000e-08  1.18741462e-05 
 2.75075000e-08  1.12229908e-05 
 2.75175000e-08  9.90047390e-06 
 2.75337500e-08  6.36304789e-06 
 2.75500000e-08  9.21904525e-07 
 2.75525000e-08  1.68798573e-07 
 2.75575000e-08 -1.75026444e-06 
 2.75675000e-08 -6.16806387e-06 
 2.75837500e-08 -1.45646685e-05 
 2.76000000e-08 -2.27525844e-05 
 2.76025000e-08 -2.36489668e-05 
 2.76075000e-08 -2.54187436e-05 
 2.76175000e-08 -2.72032583e-05 
 2.76337500e-08 -2.57543373e-05 
 2.76500000e-08 -1.95998656e-05 
 2.76525000e-08 -1.81216887e-05 
 2.76575000e-08 -1.51365116e-05 
 2.76675000e-08 -7.51323557e-06 
 2.76837500e-08  9.88208975e-06 
 2.77000000e-08  3.45816824e-05 
 2.77025000e-08  3.90708456e-05 
 2.77075000e-08  4.81665137e-05 
 2.77175000e-08  6.71570813e-05 
 2.77337500e-08  9.76293721e-05 
 2.77500000e-08  1.27936323e-04 
 2.77525000e-08  1.31848286e-04 
 2.77575000e-08  1.39072173e-04 
 2.77675000e-08  1.50449891e-04 
 2.77837500e-08  1.61409381e-04 
 2.78000000e-08  1.62930041e-04 
 2.78025000e-08  1.61984326e-04 
 2.78075000e-08  1.60229783e-04 
 2.78175000e-08  1.56162182e-04 
 2.78337500e-08  1.47126727e-04 
 2.78500000e-08  1.40487970e-04 
 2.78525000e-08  1.39903426e-04 
 2.78575000e-08  1.39104967e-04 
 2.78675000e-08  1.37172382e-04 
 2.78837500e-08  1.20204101e-04 
 2.79000000e-08  9.20023828e-05 
 2.79025000e-08  8.70817987e-05 
 2.79075000e-08  7.76327220e-05 
 2.79175000e-08  6.04800983e-05 
 2.79337500e-08  4.08966099e-05 
 2.79500000e-08  3.43208393e-05 
 2.79525000e-08  3.46574221e-05 
 2.79575000e-08  3.65034475e-05 
 2.79675000e-08  4.47883913e-05 
 2.79837500e-08  7.07320902e-05 
 2.80000000e-08  1.12875567e-04 
 2.80025000e-08  1.20258509e-04 
 2.80075000e-08  1.36017707e-04 
 2.80175000e-08  1.66212360e-04 
 2.80337500e-08  1.99186453e-04 
 2.80500000e-08  1.96240587e-04 
 2.80525000e-08  1.90788831e-04 
 2.80575000e-08  1.77119655e-04 
 2.80675000e-08  1.29787013e-04 
 2.80837500e-08 -1.33492883e-05 
 2.81000000e-08 -2.64521958e-04 
 2.81025000e-08 -3.13299408e-04 
 2.81075000e-08 -4.15608369e-04 
 2.81175000e-08 -6.48276490e-04 
 2.81337500e-08 -1.08801278e-03 
 2.81500000e-08 -1.50169601e-03 
 2.81525000e-08 -1.57211082e-03 
 2.81575000e-08 -1.71574857e-03 
 2.81675000e-08 -2.01195097e-03 
 2.81837500e-08 -2.49694780e-03 
 2.82000000e-08 -2.97493040e-03 
 2.82025000e-08 -3.04711960e-03 
 2.82075000e-08 -3.19163961e-03 
 2.82175000e-08 -3.47972504e-03 
 2.82337500e-08 -3.94927835e-03 
 2.82500000e-08 -4.42742473e-03 
 2.82525000e-08 -4.50259012e-03 
 2.82575000e-08 -4.65552807e-03 
 2.82675000e-08 -4.96881826e-03 
 2.82837500e-08 -5.50258725e-03 
 2.83000000e-08 -6.08204402e-03 
 2.83025000e-08 -6.17687362e-03 
 2.83075000e-08 -6.37364679e-03 
 2.83175000e-08 -6.78732270e-03 
 2.83337500e-08 -7.52442407e-03 
 2.83500000e-08 -8.36665926e-03 
 2.83525000e-08 -8.50546594e-03 
 2.83575000e-08 -8.80073411e-03 
 2.83675000e-08 -9.43423845e-03 
 2.83837500e-08 -1.06172325e-02 
 2.84000000e-08 -1.20342736e-02 
 2.84025000e-08 -1.22674257e-02 
 2.84075000e-08 -1.27633448e-02 
 2.84175000e-08 -1.37725128e-02 
 2.84337500e-08 -1.52346129e-02 
 2.84500000e-08 -1.57777587e-02 
 2.84525000e-08 -1.56881865e-02 
 2.84575000e-08 -1.53876653e-02 
 2.84675000e-08 -1.38534862e-02 
 2.84837500e-08 -7.95131284e-03 
 2.85000000e-08  3.08327089e-03 
 2.85025000e-08  5.28885006e-03 
 2.85075000e-08  1.00384479e-02 
 2.85175000e-08  2.16397370e-02 
 2.85337500e-08  4.70692301e-02 
 2.85500000e-08  8.21578525e-02 
 2.85525000e-08  8.86884791e-02 
 2.85575000e-08  1.02403172e-01 
 2.85675000e-08  1.34088522e-01 
 2.85837500e-08  2.00668040e-01 
 2.86000000e-08  2.93464670e-01 
 2.86025000e-08  3.11294244e-01 
 2.86075000e-08  3.49429415e-01 
 2.86175000e-08  4.43601599e-01 
 2.86337500e-08  6.74941768e-01 
 2.86500000e-08  1.01846343e+00 
 2.86525000e-08  1.08259894e+00 
 2.86575000e-08  1.21581662e+00 
 2.86675000e-08  1.51061248e+00 
 2.86837500e-08  2.04858061e+00 
 2.87000000e-08  2.53906770e+00 
 2.87025000e-08  2.59902031e+00 
 2.87075000e-08  2.70953535e+00 
 2.87175000e-08  2.88523931e+00 
 2.87337500e-08  3.07043183e+00 
 2.87500000e-08  3.17029130e+00 
 2.87525000e-08  3.17987662e+00 
 2.87575000e-08  3.19731487e+00 
 2.87675000e-08  3.22358771e+00 
 2.87837500e-08  3.25007051e+00 
 2.88000000e-08  3.26502799e+00 
 2.88025000e-08  3.26665923e+00 
 2.88075000e-08  3.26973597e+00 
 2.88175000e-08  3.27491767e+00 
 2.88337500e-08  3.28129841e+00 
 2.88500000e-08  3.28589233e+00 
 2.88525000e-08  3.28646305e+00 
 2.88575000e-08  3.28755481e+00 
 2.88675000e-08  3.28946374e+00 
 2.88837500e-08  3.29192408e+00 
 2.89000000e-08  3.29376002e+00 
 2.89025000e-08  3.29399170e+00 
 2.89075000e-08  3.29443607e+00 
 2.89175000e-08  3.29521933e+00 
 2.89337500e-08  3.29624078e+00 
 2.89500000e-08  3.29701269e+00 
 2.89525000e-08  3.29711050e+00 
 2.89575000e-08  3.29729707e+00 
 2.89675000e-08  3.29762458e+00 
 2.89837500e-08  3.29805619e+00 
 2.90000000e-08  3.29840605e+00 
 2.90025000e-08  3.29845454e+00 
 2.90075000e-08  3.29854867e+00 
 2.90175000e-08  3.29872350e+00 
 2.90337500e-08  3.29897062e+00 
 2.90500000e-08  3.29917521e+00 
 2.90525000e-08  3.29920293e+00 
 2.90575000e-08  3.29925644e+00 
 2.90675000e-08  3.29935387e+00 
 2.90837500e-08  3.29948772e+00 
 2.91000000e-08  3.29959473e+00 
 2.91025000e-08  3.29960838e+00 
 2.91075000e-08  3.29963434e+00 
 2.91175000e-08  3.29967988e+00 
 2.91337500e-08  3.29973900e+00 
 2.91500000e-08  3.29978339e+00 
 2.91525000e-08  3.29978920e+00 
 2.91575000e-08  3.29980047e+00 
 2.91675000e-08  3.29982143e+00 
 2.91837500e-08  3.29984954e+00 
 2.92000000e-08  3.29987090e+00 
 2.92025000e-08  3.29987343e+00 
 2.92075000e-08  3.29987776e+00 
 2.92175000e-08  3.29988394e+00 
 2.92337500e-08  3.29989185e+00 
 2.92500000e-08  3.29990186e+00 
 2.92525000e-08  3.29990367e+00 
 2.92575000e-08  3.29990768e+00 
 2.92675000e-08  3.29991733e+00 
 2.92837500e-08  3.29993525e+00 
 2.93000000e-08  3.29995311e+00 
 2.93025000e-08  3.29995513e+00 
 2.93075000e-08  3.29995882e+00 
 2.93175000e-08  3.29996292e+00 
 2.93337500e-08  3.29996190e+00 
 2.93500000e-08  3.29995482e+00 
 2.93525000e-08  3.29995337e+00 
 2.93575000e-08  3.29995027e+00 
 2.93675000e-08  3.29994357e+00 
 2.93837500e-08  3.29993291e+00 
 2.94000000e-08  3.29992373e+00 
 2.94025000e-08  3.29992266e+00 
 2.94075000e-08  3.29992075e+00 
 2.94175000e-08  3.29991800e+00 
 2.94337500e-08  3.29991441e+00 
 2.94500000e-08  3.29991015e+00 
 2.94525000e-08  3.29990931e+00 
 2.94575000e-08  3.29990726e+00 
 2.94675000e-08  3.29990253e+00 
 2.94837500e-08  3.29989658e+00 
 2.95000000e-08  3.29989486e+00 
 2.95025000e-08  3.29989531e+00 
 2.95075000e-08  3.29989655e+00 
 2.95175000e-08  3.29990100e+00 
 2.95337500e-08  3.29991109e+00 
 2.95500000e-08  3.29992359e+00 
 2.95525000e-08  3.29992573e+00 
 2.95575000e-08  3.29992999e+00 
 2.95675000e-08  3.29993905e+00 
 2.95837500e-08  3.29995514e+00 
 2.96000000e-08  3.29997134e+00 
 2.96025000e-08  3.29997367e+00 
 2.96075000e-08  3.29997807e+00 
 2.96175000e-08  3.29998559e+00 
 2.96337500e-08  3.29999451e+00 
 2.96500000e-08  3.29999888e+00 
 2.96525000e-08  3.29999852e+00 
 2.96575000e-08  3.29999779e+00 
 2.96675000e-08  3.29999624e+00 
 2.96837500e-08  3.29999156e+00 
 2.97000000e-08  3.29998651e+00 
 2.97025000e-08  3.29998598e+00 
 2.97075000e-08  3.29998510e+00 
 2.97175000e-08  3.29998373e+00 
 2.97337500e-08  3.29998122e+00 
 2.97500000e-08  3.29997621e+00 
 2.97525000e-08  3.29997507e+00 
 2.97575000e-08  3.29997284e+00 
 2.97675000e-08  3.29996829e+00 
 2.97837500e-08  3.29996106e+00 
 2.98000000e-08  3.29995642e+00 
 2.98025000e-08  3.29995595e+00 
 2.98075000e-08  3.29995514e+00 
 2.98175000e-08  3.29995475e+00 
 2.98337500e-08  3.29997069e+00 
 2.98500000e-08  3.29999454e+00 
 2.98525000e-08  3.29999828e+00 
 2.98575000e-08  3.30000696e+00 
 2.98675000e-08  3.30002343e+00 
 2.98837500e-08  3.30003707e+00 
 2.99000000e-08  3.30002395e+00 
 2.99025000e-08  3.30001869e+00 
 2.99075000e-08  3.30000664e+00 
 2.99175000e-08  3.29997624e+00 
 2.99337500e-08  3.29991008e+00 
 2.99500000e-08  3.29983561e+00 
 2.99525000e-08  3.29982518e+00 
 2.99575000e-08  3.29980498e+00 
 2.99675000e-08  3.29976852e+00 
 2.99837500e-08  3.29972154e+00 
 3.00000000e-08  3.29968700e+00 
 3.00025000e-08  3.29968386e+00 
 3.00075000e-08  3.29967868e+00 
 3.00175000e-08  3.29967390e+00 
 3.00337500e-08  3.29967952e+00 
 3.00500000e-08  3.29970324e+00 
 3.00525000e-08  3.29971002e+00 
 3.00575000e-08  3.29972318e+00 
 3.00675000e-08  3.29974715e+00 
 3.00837500e-08  3.29977894e+00 
 3.01000000e-08  3.29979759e+00 
 3.01025000e-08  3.29979938e+00 
 3.01075000e-08  3.29980213e+00 
 3.01175000e-08  3.29981166e+00 
 3.01337500e-08  3.29984295e+00 
 3.01500000e-08  3.29988421e+00 
 3.01525000e-08  3.29989052e+00 
 3.01575000e-08  3.29990237e+00 
 3.01675000e-08  3.29992269e+00 
 3.01837500e-08  3.29994596e+00 
 3.02000000e-08  3.29995713e+00 
 3.02025000e-08  3.29995779e+00 
 3.02075000e-08  3.29995844e+00 
 3.02175000e-08  3.29995670e+00 
 3.02337500e-08  3.29994452e+00 
 3.02500000e-08  3.29991926e+00 
 3.02525000e-08  3.29991397e+00 
 3.02575000e-08  3.29990167e+00 
 3.02675000e-08  3.29987142e+00 
 3.02837500e-08  3.29980837e+00 
 3.03000000e-08  3.29973111e+00 
 3.03025000e-08  3.29971940e+00 
 3.03075000e-08  3.29969563e+00 
 3.03175000e-08  3.29965391e+00 
 3.03337500e-08  3.29960866e+00 
 3.03500000e-08  3.29959454e+00 
 3.03525000e-08  3.29959539e+00 
 3.03575000e-08  3.29959729e+00 
 3.03675000e-08  3.29960621e+00 
 3.03837500e-08  3.29963397e+00 
 3.04000000e-08  3.29967884e+00 
 3.04025000e-08  3.29968788e+00 
 3.04075000e-08  3.29970667e+00 
 3.04175000e-08  3.29975230e+00 
 3.04337500e-08  3.29985331e+00 
 3.04500000e-08  3.29999658e+00 
 3.04525000e-08  3.30002639e+00 
 3.04575000e-08  3.30008899e+00 
 3.04675000e-08  3.30022855e+00 
 3.04837500e-08  3.30049244e+00 
 3.05000000e-08  3.30079380e+00 
 3.05025000e-08  3.30084251e+00 
 3.05075000e-08  3.30094033e+00 
 3.05175000e-08  3.30114020e+00 
 3.05337500e-08  3.30146864e+00 
 3.05500000e-08  3.30179134e+00 
 3.05525000e-08  3.30184058e+00 
 3.05575000e-08  3.30194147e+00 
 3.05675000e-08  3.30215085e+00 
 3.05837500e-08  3.30249486e+00 
 3.06000000e-08  3.30285117e+00 
 3.06025000e-08  3.30290781e+00 
 3.06075000e-08  3.30302091e+00 
 3.06175000e-08  3.30324830e+00 
 3.06337500e-08  3.30362697e+00 
 3.06500000e-08  3.30401835e+00 
 3.06525000e-08  3.30407914e+00 
 3.06575000e-08  3.30420150e+00 
 3.06675000e-08  3.30444436e+00 
 3.06837500e-08  3.30482159e+00 
 3.07000000e-08  3.30517004e+00 
 3.07025000e-08  3.30522050e+00 
 3.07075000e-08  3.30532163e+00 
 3.07175000e-08  3.30552330e+00 
 3.07337500e-08  3.30585738e+00 
 3.07500000e-08  3.30621596e+00 
 3.07525000e-08  3.30627446e+00 
 3.07575000e-08  3.30639462e+00 
 3.07675000e-08  3.30665283e+00 
 3.07837500e-08  3.30713286e+00 
 3.08000000e-08  3.30770508e+00 
 3.08025000e-08  3.30780320e+00 
 3.08075000e-08  3.30800653e+00 
 3.08175000e-08  3.30845172e+00 
 3.08337500e-08  3.30929776e+00 
 3.08500000e-08  3.31032931e+00 
 3.08525000e-08  3.31050865e+00 
 3.08575000e-08  3.31088272e+00 
 3.08675000e-08  3.31171138e+00 
 3.08837500e-08  3.31332491e+00 
 3.09000000e-08  3.31533798e+00 
 3.09025000e-08  3.31568823e+00 
 3.09075000e-08  3.31641578e+00 
 3.09175000e-08  3.31794866e+00 
 3.09337500e-08  3.32029832e+00 
 3.09500000e-08  3.32135396e+00 
 3.09525000e-08  3.32125682e+00 
 3.09575000e-08  3.32086061e+00 
 3.09675000e-08  3.31862422e+00 
 3.09837500e-08  3.30976672e+00 
 3.10000000e-08  3.29356212e+00 
 3.10025000e-08  3.29038462e+00 
 3.10075000e-08  3.28355199e+00 
 3.10175000e-08  3.26695412e+00 
 3.10337500e-08  3.23106082e+00 
 3.10500000e-08  3.18260716e+00 
 3.10525000e-08  3.17372077e+00 
 3.10575000e-08  3.15514276e+00 
 3.10675000e-08  3.11281060e+00 
 3.10837500e-08  3.02583677e+00 
 3.11000000e-08  2.90599647e+00 
 3.11025000e-08  2.88289404e+00 
 3.11075000e-08  2.83267489e+00 
 3.11175000e-08  2.70339517e+00 
 3.11337500e-08  2.39247765e+00 
 3.11500000e-08  1.96185464e+00 
 3.11525000e-08  1.88440892e+00 
 3.11575000e-08  1.72456149e+00 
 3.11675000e-08  1.37907479e+00 
 3.11837500e-08  8.07248508e-01 
 3.12000000e-08  3.77836252e-01 
 3.12025000e-08  3.33516402e-01 
 3.12075000e-08  2.54892655e-01 
 3.12175000e-08  1.47615825e-01 
 3.12337500e-08  6.43317022e-02 
 3.12500000e-08  3.57764902e-02 
 3.12525000e-08  3.36285148e-02 
 3.12575000e-08  2.96654007e-02 
 3.12675000e-08  2.35578242e-02 
 3.12837500e-08  1.68455016e-02 
 3.13000000e-08  1.24416917e-02 
 3.13025000e-08  1.19078542e-02 
 3.13075000e-08  1.08811197e-02 
 3.13175000e-08  9.08048828e-03 
 3.13337500e-08  6.75256326e-03 
 3.13500000e-08  5.01244196e-03 
 3.13525000e-08  4.79342728e-03 
 3.13575000e-08  4.37390266e-03 
 3.13675000e-08  3.63920636e-03 
 3.13837500e-08  2.69413954e-03 
 3.14000000e-08  1.99428431e-03 
 3.14025000e-08  1.90667355e-03 
 3.14075000e-08  1.73920457e-03 
 3.14175000e-08  1.44691578e-03 
 3.14337500e-08  1.07348207e-03 
 3.14500000e-08  7.99847578e-04 
 3.14525000e-08  7.65859152e-04 
 3.14575000e-08  7.01024339e-04 
 3.14675000e-08  5.88427183e-04 
 3.14837500e-08  4.45514043e-04 
 3.15000000e-08  3.41390264e-04 
 3.15025000e-08  3.28485149e-04 
 3.15075000e-08  3.03876348e-04 
 3.15175000e-08  2.61113399e-04 
 3.15337500e-08  2.06552221e-04 
 3.15500000e-08  1.66059275e-04 
 3.15525000e-08  1.60987039e-04 
 3.15575000e-08  1.51407829e-04 
 3.15675000e-08  1.34865717e-04 
 3.15837500e-08  1.13090566e-04 
 3.16000000e-08  9.54945601e-05 
 3.16025000e-08  9.30534617e-05 
 3.16075000e-08  8.81472559e-05 
 3.16175000e-08  7.86279075e-05 
 3.16337500e-08  6.51077086e-05 
 3.16500000e-08  5.35519451e-05 
 3.16525000e-08  5.18728916e-05 
 3.16575000e-08  4.84374047e-05 
 3.16675000e-08  4.19323246e-05 
 3.16837500e-08  3.28129431e-05 
 3.17000000e-08  2.64712157e-05 
 3.17025000e-08  2.57612214e-05 
 3.17075000e-08  2.42922648e-05 
 3.17175000e-08  2.17657698e-05 
 3.17337500e-08  1.90563944e-05 
 3.17500000e-08  1.78910554e-05 
 3.17525000e-08  1.79197094e-05 
 3.17575000e-08  1.80495900e-05 
 3.17675000e-08  1.87958818e-05 
 3.17837500e-08  2.04358328e-05 
 3.18000000e-08  2.17881692e-05 
 3.18025000e-08  2.18618112e-05 
 3.18075000e-08  2.18305556e-05 
 3.18175000e-08  2.10359746e-05 
 3.18337500e-08  1.79734340e-05 
 3.18500000e-08  1.29412259e-05 
 3.18525000e-08  1.20081470e-05 
 3.18575000e-08  1.00685337e-05 
 3.18675000e-08  6.09734302e-06 
 3.18837500e-08  4.35925945e-07 
 3.19000000e-08 -3.37280034e-06 
 3.19025000e-08 -3.64694443e-06 
 3.19075000e-08 -4.20006009e-06 
 3.19175000e-08 -5.09280525e-06 
 3.19337500e-08 -5.48392828e-06 
 3.19500000e-08 -4.51048166e-06 
 3.19525000e-08 -4.15178160e-06 
 3.19575000e-08 -3.29320276e-06 
 3.19675000e-08 -1.06483514e-06 
 3.19837500e-08  4.11192950e-06 
 3.20000000e-08  8.12982169e-06 
 3.20025000e-08  8.48424902e-06 
 3.20075000e-08  9.04898244e-06 
 3.20175000e-08  9.66723286e-06 
 3.20337500e-08  1.02596718e-05 
 3.20500000e-08  1.16176527e-05 
 3.20525000e-08  1.19523707e-05 
 3.20575000e-08  1.25874311e-05 
 3.20675000e-08  1.37149049e-05 
 3.20837500e-08  1.47256222e-05 
 3.21000000e-08  1.44909338e-05 
 3.21025000e-08  1.44150309e-05 
 3.21075000e-08  1.42543837e-05 
 3.21175000e-08  1.38391215e-05 
 3.21337500e-08  1.22197434e-05 
 3.21500000e-08  8.59762221e-06 
 3.21525000e-08  7.64889250e-06 
 3.21575000e-08  5.58934310e-06 
 3.21675000e-08  1.20844478e-06 
 3.21837500e-08 -7.05984110e-06 
 3.22000000e-08 -1.65845202e-05 
 3.22025000e-08 -1.78630489e-05 
 3.22075000e-08 -2.04751036e-05 
 3.22175000e-08 -2.45340699e-05 
 3.22337500e-08 -2.72924808e-05 
 3.22500000e-08 -2.52283675e-05 
 3.22525000e-08 -2.43675277e-05 
 3.22575000e-08 -2.26841066e-05 
 3.22675000e-08 -1.79785387e-05 
 3.22837500e-08 -6.34999502e-06 
 3.23000000e-08  1.12117426e-05 
 3.23025000e-08  1.45430695e-05 
 3.23075000e-08  2.13830109e-05 
 3.23175000e-08  3.68861872e-05 
 3.23337500e-08  6.59833831e-05 
 3.23500000e-08  9.62004566e-05 
 3.23525000e-08  1.00593137e-04 
 3.23575000e-08  1.09774003e-04 
 3.23675000e-08  1.29764020e-04 
 3.23837500e-08  1.49078527e-04 
 3.24000000e-08  1.58998250e-04 
 3.24025000e-08  1.59820148e-04 
 3.24075000e-08  1.61290847e-04 
 3.24175000e-08  1.60207249e-04 
 3.24337500e-08  1.57222014e-04 
 3.24500000e-08  1.51424716e-04 
 3.24525000e-08  1.50181959e-04 
 3.24575000e-08  1.48176058e-04 
 3.24675000e-08  1.44994083e-04 
 3.24837500e-08  1.38474581e-04 
 3.25000000e-08  1.19398557e-04 
 3.25025000e-08  1.14787418e-04 
 3.25075000e-08  1.05708892e-04 
 3.25175000e-08  8.72247305e-05 
 3.25337500e-08  6.00377574e-05 
 3.25500000e-08  4.13670973e-05 
 3.25525000e-08  3.95157147e-05 
 3.25575000e-08  3.67213370e-05 
 3.25675000e-08  3.50770363e-05 
 3.25837500e-08  4.39319224e-05 
 3.26000000e-08  6.88295624e-05 
 3.26025000e-08  7.42405817e-05 
 3.26075000e-08  8.68064494e-05 
 3.26175000e-08  1.16312194e-04 
 3.26337500e-08  1.66963514e-04 
 3.26500000e-08  2.01147025e-04 
 3.26525000e-08  2.03058472e-04 
 3.26575000e-08  2.05126675e-04 
 3.26675000e-08  1.95352039e-04 
 3.26837500e-08  1.32426161e-04 
 3.27000000e-08 -8.33324548e-06 
 3.27025000e-08 -4.13492752e-05 
 3.27075000e-08 -1.12158416e-04 
 3.27175000e-08 -2.85172694e-04 
 3.27337500e-08 -6.50227372e-04 
 3.27500000e-08 -1.09908612e-03 
 3.27525000e-08 -1.17416019e-03 
 3.27575000e-08 -1.28883823e-03 
 3.27675000e-08 -1.55473888e-03 
 3.27837500e-08 -2.04309346e-03 
 3.28000000e-08 -2.53827438e-03 
 3.28025000e-08 -2.61276418e-03 
 3.28075000e-08 -2.76125621e-03 
 3.28175000e-08 -3.05476359e-03 
 3.28337500e-08 -3.52625016e-03 
 3.28500000e-08 -3.99854514e-03 
 3.28525000e-08 -4.07131361e-03 
 3.28575000e-08 -4.21755319e-03 
 3.28675000e-08 -4.51732300e-03 
 3.28837500e-08 -5.02330916e-03 
 3.29000000e-08 -5.55960517e-03 
 3.29025000e-08 -5.64444028e-03 
 3.29075000e-08 -5.82012324e-03 
 3.29175000e-08 -6.19031244e-03 
 3.29337500e-08 -6.84799193e-03 
 3.29500000e-08 -7.59091077e-03 
 3.29525000e-08 -7.71253778e-03 
 3.29575000e-08 -7.96891010e-03 
 3.29675000e-08 -8.51387502e-03 
 3.29837500e-08 -9.51768920e-03 
 3.30000000e-08 -1.07227309e-02 
 3.30025000e-08 -1.09251837e-02 
 3.30075000e-08 -1.13608302e-02 
 3.30175000e-08 -1.22917155e-02 
 3.30337500e-08 -1.39107976e-02 
 3.30500000e-08 -1.53477657e-02 
 3.30525000e-08 -1.54987185e-02 
 3.30575000e-08 -1.57526838e-02 
 3.30675000e-08 -1.57533107e-02 
 3.30837500e-08 -1.35255086e-02 
 3.31000000e-08 -7.25990084e-03 
 3.31025000e-08 -5.79377221e-03 
 3.31075000e-08 -2.58726641e-03 
 3.31175000e-08  5.28793653e-03 
 3.31337500e-08  2.34164735e-02 
 3.31500000e-08  4.95640951e-02 
 3.31525000e-08  5.44944704e-02 
 3.31575000e-08  6.48612667e-02 
 3.31675000e-08  8.88431147e-02 
 3.31837500e-08  1.38877460e-01 
 3.32000000e-08  2.06978693e-01 
 3.32025000e-08  2.19764984e-01 
 3.32075000e-08  2.46813976e-01 
 3.32175000e-08  3.11040973e-01 
 3.32337500e-08  4.58977675e-01 
 3.32500000e-08  6.98385641e-01 
 3.32525000e-08  7.46553868e-01 
 3.32575000e-08  8.48516637e-01 
 3.32675000e-08  1.08434036e+00 
 3.32837500e-08  1.55060889e+00 
 3.33000000e-08  2.09127131e+00 
 3.33025000e-08  2.17644958e+00 
 3.33075000e-08  2.33836089e+00 
 3.33175000e-08  2.60749131e+00 
 3.33337500e-08  2.90836274e+00 
 3.33500000e-08  3.08276600e+00 
 3.33525000e-08  3.10019507e+00 
 3.33575000e-08  3.13195477e+00 
 3.33675000e-08  3.17986975e+00 
 3.33837500e-08  3.22723062e+00 
 3.34000000e-08  3.25205189e+00 
 3.34025000e-08  3.25453670e+00 
 3.34075000e-08  3.25916928e+00 
 3.34175000e-08  3.26672382e+00 
 3.34337500e-08  3.27562212e+00 
 3.34500000e-08  3.28178487e+00 
 3.34525000e-08  3.28253919e+00 
 3.34575000e-08  3.28398106e+00 
 3.34675000e-08  3.28649594e+00 
 3.34837500e-08  3.28972579e+00 
 3.35000000e-08  3.29212505e+00 
 3.35025000e-08  3.29242659e+00 
 3.35075000e-08  3.29300423e+00 
 3.35175000e-08  3.29401855e+00 
 3.35337500e-08  3.29533394e+00 
 3.35500000e-08  3.29632370e+00 
 3.35525000e-08  3.29644903e+00 
 3.35575000e-08  3.29668885e+00 
 3.35675000e-08  3.29711048e+00 
 3.35837500e-08  3.29765853e+00 
 3.36000000e-08  3.29807729e+00 
 3.36025000e-08  3.29813320e+00 
 3.36075000e-08  3.29824127e+00 
 3.36175000e-08  3.29844185e+00 
 3.36337500e-08  3.29872915e+00 
 3.36500000e-08  3.29897182e+00 
 3.36525000e-08  3.29900514e+00 
 3.36575000e-08  3.29906984e+00 
 3.36675000e-08  3.29918973e+00 
 3.36837500e-08  3.29935804e+00 
 3.37000000e-08  3.29949531e+00 
 3.37025000e-08  3.29951357e+00 
 3.37075000e-08  3.29954820e+00 
 3.37175000e-08  3.29960832e+00 
 3.37337500e-08  3.29968579e+00 
 3.37500000e-08  3.29974412e+00 
 3.37525000e-08  3.29975161e+00 
 3.37575000e-08  3.29976586e+00 
 3.37675000e-08  3.29979116e+00 
 3.37837500e-08  3.29982456e+00 
 3.38000000e-08  3.29984983e+00 
 3.38025000e-08  3.29985299e+00 
 3.38075000e-08  3.29985871e+00 
 3.38175000e-08  3.29986815e+00 
 3.38337500e-08  3.29988025e+00 
 3.38500000e-08  3.29989089e+00 
 3.38525000e-08  3.29989296e+00 
 3.38575000e-08  3.29989708e+00 
 3.38675000e-08  3.29990548e+00 
 3.38837500e-08  3.29991944e+00 
 3.39000000e-08  3.29993491e+00 
 3.39025000e-08  3.29993736e+00 
 3.39075000e-08  3.29994243e+00 
 3.39175000e-08  3.29995131e+00 
 3.39337500e-08  3.29995865e+00 
 3.39500000e-08  3.29995670e+00 
 3.39525000e-08  3.29995585e+00 
 3.39575000e-08  3.29995429e+00 
 3.39675000e-08  3.29995134e+00 
 3.39837500e-08  3.29994578e+00 
 3.40000000e-08  3.29993920e+00 
 3.40025000e-08  3.29993804e+00 
 3.40075000e-08  3.29993546e+00 
 3.40175000e-08  3.29992969e+00 
 3.40337500e-08  3.29992059e+00 
 3.40500000e-08  3.29991280e+00 
 3.40525000e-08  3.29991178e+00 
 3.40575000e-08  3.29990975e+00 
 3.40675000e-08  3.29990587e+00 
 3.40837500e-08  3.29990146e+00 
 3.41000000e-08  3.29989957e+00 
 3.41025000e-08  3.29989946e+00 
 3.41075000e-08  3.29989909e+00 
 3.41175000e-08  3.29989877e+00 
 3.41337500e-08  3.29990082e+00 
 3.41500000e-08  3.29990665e+00 
 3.41525000e-08  3.29990808e+00 
 3.41575000e-08  3.29991124e+00 
 3.41675000e-08  3.29991930e+00 
 3.41837500e-08  3.29993547e+00 
 3.42000000e-08  3.29995357e+00 
 3.42025000e-08  3.29995642e+00 
 3.42075000e-08  3.29996207e+00 
 3.42175000e-08  3.29997286e+00 
 3.42337500e-08  3.29998696e+00 
 3.42500000e-08  3.29999620e+00 
 3.42525000e-08  3.29999710e+00 
 3.42575000e-08  3.29999861e+00 
 3.42675000e-08  3.30000011e+00 
 3.42837500e-08  3.29999767e+00 
 3.43000000e-08  3.29999393e+00 
 3.43025000e-08  3.29999321e+00 
 3.43075000e-08  3.29999192e+00 
 3.43175000e-08  3.29999001e+00 
 3.43337500e-08  3.29998771e+00 
 3.43500000e-08  3.29998503e+00 
 3.43525000e-08  3.29998427e+00 
 3.43575000e-08  3.29998249e+00 
 3.43675000e-08  3.29997718e+00 
 3.43837500e-08  3.29996579e+00 
 3.44000000e-08  3.29995459e+00 
 3.44025000e-08  3.29995318e+00 
 3.44075000e-08  3.29995079e+00 
 3.44175000e-08  3.29994818e+00 
 3.44337500e-08  3.29995088e+00 
 3.44500000e-08  3.29997167e+00 
 3.44525000e-08  3.29997539e+00 
 3.44575000e-08  3.29998303e+00 
 3.44675000e-08  3.29999886e+00 
 3.44837500e-08  3.30002624e+00 
 3.45000000e-08  3.30003933e+00 
 3.45025000e-08  3.30003893e+00 
 3.45075000e-08  3.30003672e+00 
 3.45175000e-08  3.30002317e+00 
 3.45337500e-08  3.29997641e+00 
 3.45500000e-08  3.29990956e+00 
 3.45525000e-08  3.29989804e+00 
 3.45575000e-08  3.29987473e+00 
 3.45675000e-08  3.29982846e+00 
 3.45837500e-08  3.29976496e+00 
 3.46000000e-08  3.29971608e+00 
 3.46025000e-08  3.29970937e+00 
 3.46075000e-08  3.29969752e+00 
 3.46175000e-08  3.29968106e+00 
 3.46337500e-08  3.29967238e+00 
 3.46500000e-08  3.29968116e+00 
 3.46525000e-08  3.29968381e+00 
 3.46575000e-08  3.29968948e+00 
 3.46675000e-08  3.29970888e+00 
 3.46837500e-08  3.29974617e+00 
 3.47000000e-08  3.29977268e+00 
 3.47025000e-08  3.29977595e+00 
 3.47075000e-08  3.29978167e+00 
 3.47175000e-08  3.29979130e+00 
 3.47337500e-08  3.29981081e+00 
 3.47500000e-08  3.29984743e+00 
 3.47525000e-08  3.29985471e+00 
 3.47575000e-08  3.29986844e+00 
 3.47675000e-08  3.29989261e+00 
 3.47837500e-08  3.29992302e+00 
 3.48000000e-08  3.29994249e+00 
 3.48025000e-08  3.29994472e+00 
 3.48075000e-08  3.29994872e+00 
 3.48175000e-08  3.29995527e+00 
 3.48337500e-08  3.29995816e+00 
 3.48500000e-08  3.29994883e+00 
 3.48525000e-08  3.29994599e+00 
 3.48575000e-08  3.29993877e+00 
 3.48675000e-08  3.29991859e+00 
 3.48837500e-08  3.29987237e+00 
 3.49000000e-08  3.29980889e+00 
 3.49025000e-08  3.29979791e+00 
 3.49075000e-08  3.29977418e+00 
 3.49175000e-08  3.29972510e+00 
 3.49337500e-08  3.29965160e+00 
 3.49500000e-08  3.29960253e+00 
 3.49525000e-08  3.29959878e+00 
 3.49575000e-08  3.29959244e+00 
 3.49675000e-08  3.29958936e+00 
 3.49837500e-08  3.29960439e+00 
 3.50000000e-08  3.29963782e+00 
 3.50025000e-08  3.29964466e+00 
 3.50075000e-08  3.29965841e+00 
 3.50175000e-08  3.29969065e+00 
 3.50337500e-08  3.29976060e+00 
 3.50500000e-08  3.29986178e+00 
 3.50525000e-08  3.29988140e+00 
 3.50575000e-08  3.29992282e+00 
 3.50675000e-08  3.30002296e+00 
 3.50837500e-08  3.30024008e+00 
 3.51000000e-08  3.30049878e+00 
 3.51025000e-08  3.30054252e+00 
 3.51075000e-08  3.30063136e+00 
 3.51175000e-08  3.30081774e+00 
 3.51337500e-08  3.30113960e+00 
 3.51500000e-08  3.30147008e+00 
 3.51525000e-08  3.30152012e+00 
 3.51575000e-08  3.30162065e+00 
 3.51675000e-08  3.30181049e+00 
 3.51837500e-08  3.30213792e+00 
 3.52000000e-08  3.30247713e+00 
 3.52025000e-08  3.30253038e+00 
 3.52075000e-08  3.30263920e+00 
 3.52175000e-08  3.30286593e+00 
 3.52337500e-08  3.30324615e+00 
 3.52500000e-08  3.30363748e+00 
 3.52525000e-08  3.30369838e+00 
 3.52575000e-08  3.30382125e+00 
 3.52675000e-08  3.30406960e+00 
 3.52837500e-08  3.30446893e+00 
 3.53000000e-08  3.30484609e+00 
 3.53025000e-08  3.30489984e+00 
 3.53075000e-08  3.30500624e+00 
 3.53175000e-08  3.30521053e+00 
 3.53337500e-08  3.30553017e+00 
 3.53500000e-08  3.30585489e+00 
 3.53525000e-08  3.30590671e+00 
 3.53575000e-08  3.30601301e+00 
 3.53675000e-08  3.30623962e+00 
 3.53837500e-08  3.30665267e+00 
 3.54000000e-08  3.30713438e+00 
 3.54025000e-08  3.30721570e+00 
 3.54075000e-08  3.30738342e+00 
 3.54175000e-08  3.30774885e+00 
 3.54337500e-08  3.30844623e+00 
 3.54500000e-08  3.30930290e+00 
 3.54525000e-08  3.30945281e+00 
 3.54575000e-08  3.30976562e+00 
 3.54675000e-08  3.31045788e+00 
 3.54837500e-08  3.31178936e+00 
 3.55000000e-08  3.31343427e+00 
 3.55025000e-08  3.31372192e+00 
 3.55075000e-08  3.31432388e+00 
 3.55175000e-08  3.31564718e+00 
 3.55337500e-08  3.31807242e+00 
 3.55500000e-08  3.32041287e+00 
 3.55525000e-08  3.32069762e+00 
 3.55575000e-08  3.32118235e+00 
 3.55675000e-08  3.32141427e+00 
 3.55837500e-08  3.31842388e+00 
 3.56000000e-08  3.30934396e+00 
 3.56025000e-08  3.30719061e+00 
 3.56075000e-08  3.30247491e+00 
 3.56175000e-08  3.29137044e+00 
 3.56337500e-08  3.26584168e+00 
 3.56500000e-08  3.22944886e+00 
 3.56525000e-08  3.22265895e+00 
 3.56575000e-08  3.20844128e+00 
 3.56675000e-08  3.17596059e+00 
 3.56837500e-08  3.10971756e+00 
 3.57000000e-08  3.02191572e+00 
 3.57025000e-08  3.00565659e+00 
 3.57075000e-08  2.97127698e+00 
 3.57175000e-08  2.88963888e+00 
 3.57337500e-08  2.69228408e+00 
 3.57500000e-08  2.37757040e+00 
 3.57525000e-08  2.31653979e+00 
 3.57575000e-08  2.18895706e+00 
 3.57675000e-08  1.90263970e+00 
 3.57837500e-08  1.35790462e+00 
 3.58000000e-08  7.88766465e-01 
 3.58025000e-08  7.10112482e-01 
 3.58075000e-08  5.64657644e-01 
 3.58175000e-08  3.40689428e-01 
 3.58337500e-08  1.38045292e-01 
 3.58500000e-08  6.15713595e-02 
 3.58525000e-08  5.64178647e-02 
 3.58575000e-08  4.73133680e-02 
 3.58675000e-08  3.47510521e-02 
 3.58837500e-08  2.30778676e-02 
 3.59000000e-08  1.66122761e-02 
 3.59025000e-08  1.58873985e-02 
 3.59075000e-08  1.44943177e-02 
 3.59175000e-08  1.20743003e-02 
 3.59337500e-08  8.97989580e-03 
 3.59500000e-08  6.68229651e-03 
 3.59525000e-08  6.39223304e-03 
 3.59575000e-08  5.83594390e-03 
 3.59675000e-08  4.86028020e-03 
 3.59837500e-08  3.60153429e-03 
 3.60000000e-08  2.66696465e-03 
 3.60025000e-08  2.54965662e-03 
 3.60075000e-08  2.32539939e-03 
 3.60175000e-08  1.93371371e-03 
 3.60337500e-08  1.43223048e-03 
 3.60500000e-08  1.06357135e-03 
 3.60525000e-08  1.01760735e-03 
 3.60575000e-08  9.29788146e-04 
 3.60675000e-08  7.76789915e-04 
 3.60837500e-08  5.82148726e-04 
 3.61000000e-08  4.40312410e-04 
 3.61025000e-08  4.22935134e-04 
 3.61075000e-08  3.90075271e-04 
 3.61175000e-08  3.33927653e-04 
 3.61337500e-08  2.63071840e-04 
 3.61500000e-08  2.10757330e-04 
 3.61525000e-08  2.03991324e-04 
 3.61575000e-08  1.90818674e-04 
 3.61675000e-08  1.66813580e-04 
 3.61837500e-08  1.34769044e-04 
 3.62000000e-08  1.10263113e-04 
 3.62025000e-08  1.07097909e-04 
 3.62075000e-08  1.00897457e-04 
 3.62175000e-08  8.97944148e-05 
 3.62337500e-08  7.49031095e-05 
 3.62500000e-08  6.27476146e-05 
 3.62525000e-08  6.12432691e-05 
 3.62575000e-08  5.83814272e-05 
 3.62675000e-08  5.35040688e-05 
 3.62837500e-08  4.41504418e-05 
 3.63000000e-08  3.49118796e-05 
 3.63025000e-08  3.37101954e-05 
 3.63075000e-08  3.11555409e-05 
 3.63175000e-08  2.63950632e-05 
 3.63337500e-08  2.06822222e-05 
 3.63500000e-08  1.74220088e-05 
 3.63525000e-08  1.71334125e-05 
 3.63575000e-08  1.65455128e-05 
 3.63675000e-08  1.57476906e-05 
 3.63837500e-08  1.53994055e-05 
 3.64000000e-08  1.60785655e-05 
 3.64025000e-08  1.62873903e-05 
 3.64075000e-08  1.66988608e-05 
 3.64175000e-08  1.74713450e-05 
 3.64337500e-08  1.76952993e-05 
 3.64500000e-08  1.58673520e-05 
 3.64525000e-08  1.54318071e-05 
 3.64575000e-08  1.45216211e-05 
 3.64675000e-08  1.23878364e-05 
 3.64837500e-08  7.95132719e-06 
 3.65000000e-08  3.29723845e-06 
 3.65025000e-08  2.63308336e-06 
 3.65075000e-08  1.31837238e-06 
 3.65175000e-08 -7.65232239e-07 
 3.65337500e-08 -2.75793476e-06 
 3.65500000e-08 -3.35608849e-06 
 3.65525000e-08 -3.35669555e-06 
 3.65575000e-08 -3.38923918e-06 
 3.65675000e-08 -3.32840899e-06 
 3.65837500e-08 -2.29871437e-06 
 3.66000000e-08  1.04086494e-06 
 3.66025000e-08  1.71907810e-06 
 3.66075000e-08  3.07726901e-06 
 3.66175000e-08  5.71663158e-06 
 3.66337500e-08  9.34711984e-06 
 3.66500000e-08  1.17641488e-05 
 3.66525000e-08  1.21647015e-05 
 3.66575000e-08  1.29904140e-05 
 3.66675000e-08  1.47776131e-05 
 3.66837500e-08  1.72852612e-05 
 3.67000000e-08  1.86952199e-05 
 3.67025000e-08  1.86784236e-05 
 3.67075000e-08  1.83841482e-05 
 3.67175000e-08  1.69337933e-05 
 3.67337500e-08  1.36086451e-05 
 3.67500000e-08  9.80177132e-06 
 3.67525000e-08  9.22807539e-06 
 3.67575000e-08  7.98577612e-06 
 3.67675000e-08  5.04546823e-06 
 3.67837500e-08 -7.20294718e-07 
 3.68000000e-08 -6.98334591e-06 
 3.68025000e-08 -8.06098829e-06 
 3.68075000e-08 -1.05495639e-05 
 3.68175000e-08 -1.57596034e-05 
 3.68337500e-08 -2.38099306e-05 
 3.68500000e-08 -2.84870451e-05 
 3.68525000e-08 -2.85158624e-05 
 3.68575000e-08 -2.84617872e-05 
 3.68675000e-08 -2.64980222e-05 
 3.68837500e-08 -1.96288515e-05 
 3.69000000e-08 -8.37982052e-06 
 3.69025000e-08 -6.07879566e-06 
 3.69075000e-08 -1.31553279e-06 
 3.69175000e-08  9.81178842e-06 
 3.69337500e-08  3.38838096e-05 
 3.69500000e-08  6.36892559e-05 
 3.69525000e-08  6.84153357e-05 
 3.69575000e-08  7.76199735e-05 
 3.69675000e-08  9.50191430e-05 
 3.69837500e-08  1.23435140e-04 
 3.70000000e-08  1.44466746e-04 
 3.70025000e-08  1.46612853e-04 
 3.70075000e-08  1.50705830e-04 
 3.70175000e-08  1.57321798e-04 
 3.70337500e-08  1.61238453e-04 
 3.70500000e-08  1.57300197e-04 
 3.70525000e-08  1.56501555e-04 
 3.70575000e-08  1.54597786e-04 
 3.70675000e-08  1.50433103e-04 
 3.70837500e-08  1.45588553e-04 
 3.71000000e-08  1.42000070e-04 
 3.71025000e-08  1.40350045e-04 
 3.71075000e-08  1.36348332e-04 
 3.71175000e-08  1.23031916e-04 
 3.71337500e-08  9.33685620e-05 
 3.71500000e-08  6.30333829e-05 
 3.71525000e-08  5.88889998e-05 
 3.71575000e-08  5.14931270e-05 
 3.71675000e-08  4.05543199e-05 
 3.71837500e-08  3.35832415e-05 
 3.72000000e-08  4.06763822e-05 
 3.72025000e-08  4.31057842e-05 
 3.72075000e-08  4.92641596e-05 
 3.72175000e-08  6.63472169e-05 
 3.72337500e-08  1.07005462e-04 
 3.72500000e-08  1.56586231e-04 
 3.72525000e-08  1.63447196e-04 
 3.72575000e-08  1.76831227e-04 
 3.72675000e-08  1.96142098e-04 
 3.72837500e-08  1.97620341e-04 
 3.73000000e-08  1.47904786e-04 
 3.73025000e-08  1.33686666e-04 
 3.73075000e-08  1.01393126e-04 
 3.73175000e-08  9.82467357e-06 
 3.73337500e-08 -2.32132666e-04 
 3.73500000e-08 -5.77617365e-04 
 3.73525000e-08 -6.40575259e-04 
 3.73575000e-08 -7.70200114e-04 
 3.73675000e-08 -1.04959638e-03 
 3.73837500e-08 -1.47469645e-03 
 3.74000000e-08 -1.94229744e-03 
 3.74025000e-08 -2.01838372e-03 
 3.74075000e-08 -2.17039409e-03 
 3.74175000e-08 -2.47228651e-03 
 3.74337500e-08 -2.95402511e-03 
 3.74500000e-08 -3.42669646e-03 
 3.74525000e-08 -3.49842138e-03 
 3.74575000e-08 -3.64255670e-03 
 3.74675000e-08 -3.93141946e-03 
 3.74837500e-08 -4.40494625e-03 
 3.75000000e-08 -4.89707582e-03 
 3.75025000e-08 -4.97428059e-03 
 3.75075000e-08 -5.13189555e-03 
 3.75175000e-08 -5.45580418e-03 
 3.75337500e-08 -6.01912755e-03 
 3.75500000e-08 -6.65253389e-03 
 3.75525000e-08 -6.75585870e-03 
 3.75575000e-08 -6.97152672e-03 
 3.75675000e-08 -7.42668212e-03 
 3.75837500e-08 -8.24844352e-03 
 3.76000000e-08 -9.20972845e-03 
 3.76025000e-08 -9.37022595e-03 
 3.76075000e-08 -9.71457997e-03 
 3.76175000e-08 -1.04595262e-02 
 3.76337500e-08 -1.18509576e-02 
 3.76500000e-08 -1.34454402e-02 
 3.76525000e-08 -1.36913445e-02 
 3.76575000e-08 -1.41973887e-02 
 3.76675000e-08 -1.51002075e-02 
 3.76837500e-08 -1.57767983e-02 
 3.77000000e-08 -1.43863378e-02 
 3.77025000e-08 -1.38593108e-02 
 3.77075000e-08 -1.26087624e-02 
 3.77175000e-08 -8.77752297e-03 
 3.77337500e-08  1.71755236e-03 
 3.77500000e-08  1.78654808e-02 
 3.77525000e-08  2.10769560e-02 
 3.77575000e-08  2.78833074e-02 
 3.77675000e-08  4.39233189e-02 
 3.77837500e-08  7.79003378e-02 
 3.78000000e-08  1.23993988e-01 
 3.78025000e-08  1.32548975e-01 
 3.78075000e-08  1.50532463e-01 
 3.78175000e-08  1.92285150e-01 
 3.78337500e-08  2.81680991e-01 
 3.78500000e-08  4.12781153e-01 
 3.78525000e-08  4.39023138e-01 
 3.78575000e-08  4.96360393e-01 
 3.78675000e-08  6.42285319e-01 
 3.78837500e-08  9.73025258e-01 
 3.79000000e-08  1.41273629e+00 
 3.79025000e-08  1.49050007e+00 
 3.79075000e-08  1.65003232e+00 
 3.79175000e-08  1.98713056e+00 
 3.79337500e-08  2.49165917e+00 
 3.79500000e-08  2.83791029e+00 
 3.79525000e-08  2.87578718e+00 
 3.79575000e-08  2.94529980e+00 
 3.79675000e-08  3.05283398e+00 
 3.79837500e-08  3.16146081e+00 
 3.80000000e-08  3.21748871e+00 
 3.80025000e-08  3.22281508e+00 
 3.80075000e-08  3.23256134e+00 
 3.80175000e-08  3.24757269e+00 
 3.80337500e-08  3.26361052e+00 
 3.80500000e-08  3.27355966e+00 
 3.80525000e-08  3.27471128e+00 
 3.80575000e-08  3.27690131e+00 
 3.80675000e-08  3.28067057e+00 
 3.80837500e-08  3.28543886e+00 
 3.81000000e-08  3.28894158e+00 
 3.81025000e-08  3.28937986e+00 
 3.81075000e-08  3.29021891e+00 
 3.81175000e-08  3.29168897e+00 
 3.81337500e-08  3.29358812e+00 
 3.81500000e-08  3.29500924e+00 
 3.81525000e-08  3.29518888e+00 
 3.81575000e-08  3.29553344e+00 
 3.81675000e-08  3.29614144e+00 
 3.81837500e-08  3.29693612e+00 
 3.82000000e-08  3.29753523e+00 
 3.82025000e-08  3.29761092e+00 
 3.82075000e-08  3.29775492e+00 
 3.82175000e-08  3.29801129e+00 
 3.82337500e-08  3.29836543e+00 
 3.82500000e-08  3.29866583e+00 
 3.82525000e-08  3.29870761e+00 
 3.82575000e-08  3.29878869e+00 
 3.82675000e-08  3.29893845e+00 
 3.82837500e-08  3.29914810e+00 
 3.83000000e-08  3.29932107e+00 
 3.83025000e-08  3.29934451e+00 
 3.83075000e-08  3.29938983e+00 
 3.83175000e-08  3.29947222e+00 
 3.83337500e-08  3.29958472e+00 
 3.83500000e-08  3.29967016e+00 
 3.83525000e-08  3.29968098e+00 
 3.83575000e-08  3.29970150e+00 
 3.83675000e-08  3.29973720e+00 
 3.83837500e-08  3.29978302e+00 
 3.84000000e-08  3.29981742e+00 
 3.84025000e-08  3.29982193e+00 
 3.84075000e-08  3.29983047e+00 
 3.84175000e-08  3.29984567e+00 
 3.84337500e-08  3.29986578e+00 
 3.84500000e-08  3.29988156e+00 
 3.84525000e-08  3.29988371e+00 
 3.84575000e-08  3.29988783e+00 
 3.84675000e-08  3.29989585e+00 
 3.84837500e-08  3.29990945e+00 
 3.85000000e-08  3.29992220e+00 
 3.85025000e-08  3.29992409e+00 
 3.85075000e-08  3.29992786e+00 
 3.85175000e-08  3.29993533e+00 
 3.85337500e-08  3.29994788e+00 
 3.85500000e-08  3.29995639e+00 
 3.85525000e-08  3.29995677e+00 
 3.85575000e-08  3.29995737e+00 
 3.85675000e-08  3.29995698e+00 
 3.85837500e-08  3.29995246e+00 
 3.86000000e-08  3.29994503e+00 
 3.86025000e-08  3.29994376e+00 
 3.86075000e-08  3.29994114e+00 
 3.86175000e-08  3.29993580e+00 
 3.86337500e-08  3.29992758e+00 
 3.86500000e-08  3.29992038e+00 
 3.86525000e-08  3.29991940e+00 
 3.86575000e-08  3.29991737e+00 
 3.86675000e-08  3.29991332e+00 
 3.86837500e-08  3.29990683e+00 
 3.87000000e-08  3.29990127e+00 
 3.87025000e-08  3.29990078e+00 
 3.87075000e-08  3.29989992e+00 
 3.87175000e-08  3.29989944e+00 
 3.87337500e-08  3.29990120e+00 
 3.87500000e-08  3.29990576e+00 
 3.87525000e-08  3.29990672e+00 
 3.87575000e-08  3.29990860e+00 
 3.87675000e-08  3.29991286e+00 
 3.87837500e-08  3.29992210e+00 
 3.88000000e-08  3.29993490e+00 
 3.88025000e-08  3.29993718e+00 
 3.88075000e-08  3.29994173e+00 
 3.88175000e-08  3.29995108e+00 
 3.88337500e-08  3.29996626e+00 
 3.88500000e-08  3.29997934e+00 
 3.88525000e-08  3.29998111e+00 
 3.88575000e-08  3.29998468e+00 
 3.88675000e-08  3.29999144e+00 
 3.88837500e-08  3.29999921e+00 
 3.89000000e-08  3.30000038e+00 
 3.89025000e-08  3.30000032e+00 
 3.89075000e-08  3.29999998e+00 
 3.89175000e-08  3.29999839e+00 
 3.89337500e-08  3.29999519e+00 
 3.89500000e-08  3.29999271e+00 
 3.89525000e-08  3.29999212e+00 
 3.89575000e-08  3.29999064e+00 
 3.89675000e-08  3.29998626e+00 
 3.89837500e-08  3.29997665e+00 
 3.90000000e-08  3.29996482e+00 
 3.90025000e-08  3.29996292e+00 
 3.90075000e-08  3.29995939e+00 
 3.90175000e-08  3.29995357e+00 
 3.90337500e-08  3.29994781e+00 
 3.90500000e-08  3.29994800e+00 
 3.90525000e-08  3.29994881e+00 
 3.90575000e-08  3.29995190e+00 
 3.90675000e-08  3.29996798e+00 
 3.90837500e-08  3.29999524e+00 
 3.91000000e-08  3.30002468e+00 
 3.91025000e-08  3.30002840e+00 
 3.91075000e-08  3.30003519e+00 
 3.91175000e-08  3.30004288e+00 
 3.91337500e-08  3.30003419e+00 
 3.91500000e-08  3.29999478e+00 
 3.91525000e-08  3.29998631e+00 
 3.91575000e-08  3.29996769e+00 
 3.91675000e-08  3.29992268e+00 
 3.91837500e-08  3.29984187e+00 
 3.92000000e-08  3.29977131e+00 
 3.92025000e-08  3.29976252e+00 
 3.92075000e-08  3.29974638e+00 
 3.92175000e-08  3.29972050e+00 
 3.92337500e-08  3.29968903e+00 
 3.92500000e-08  3.29967686e+00 
 3.92525000e-08  3.29967688e+00 
 3.92575000e-08  3.29967735e+00 
 3.92675000e-08  3.29968146e+00 
 3.92837500e-08  3.29969860e+00 
 3.93000000e-08  3.29974040e+00 
 3.93025000e-08  3.29974552e+00 
 3.93075000e-08  3.29975481e+00 
 3.93175000e-08  3.29977027e+00 
 3.93337500e-08  3.29978688e+00 
 3.93500000e-08  3.29979661e+00 
 3.93525000e-08  3.29979990e+00 
 3.93575000e-08  3.29980758e+00 
 3.93675000e-08  3.29983014e+00 
 3.93837500e-08  3.29987428e+00 
 3.94000000e-08  3.29991500e+00 
 3.94025000e-08  3.29992036e+00 
 3.94075000e-08  3.29993021e+00 
 3.94175000e-08  3.29994589e+00 
 3.94337500e-08  3.29996025e+00 
 3.94500000e-08  3.29996181e+00 
 3.94525000e-08  3.29996096e+00 
 3.94575000e-08  3.29995835e+00 
 3.94675000e-08  3.29994961e+00 
 3.94837500e-08  3.29992603e+00 
 3.95000000e-08  3.29988920e+00 
 3.95025000e-08  3.29988225e+00 
 3.95075000e-08  3.29986652e+00 
 3.95175000e-08  3.29982968e+00 
 3.95337500e-08  3.29975668e+00 
 3.95500000e-08  3.29967814e+00 
 3.95525000e-08  3.29966759e+00 
 3.95575000e-08  3.29964699e+00 
 3.95675000e-08  3.29961507e+00 
 3.95837500e-08  3.29959028e+00 
 3.96000000e-08  3.29959471e+00 
 3.96025000e-08  3.29959798e+00 
 3.96075000e-08  3.29960473e+00 
 3.96175000e-08  3.29962332e+00 
 3.96337500e-08  3.29966729e+00 
 3.96500000e-08  3.29973152e+00 
 3.96525000e-08  3.29974402e+00 
 3.96575000e-08  3.29977018e+00 
 3.96675000e-08  3.29983296e+00 
 3.96837500e-08  3.29996863e+00 
 3.97000000e-08  3.30016510e+00 
 3.97025000e-08  3.30020021e+00 
 3.97075000e-08  3.30027232e+00 
 3.97175000e-08  3.30042984e+00 
 3.97337500e-08  3.30071888e+00 
 3.97500000e-08  3.30103862e+00 
 3.97525000e-08  3.30109014e+00 
 3.97575000e-08  3.30119383e+00 
 3.97675000e-08  3.30140102e+00 
 3.97837500e-08  3.30173104e+00 
 3.98000000e-08  3.30205684e+00 
 3.98025000e-08  3.30210955e+00 
 3.98075000e-08  3.30221229e+00 
 3.98175000e-08  3.30241939e+00 
 3.98337500e-08  3.30277162e+00 
 3.98500000e-08  3.30314367e+00 
 3.98525000e-08  3.30320246e+00 
 3.98575000e-08  3.30332138e+00 
 3.98675000e-08  3.30356565e+00 
 3.98837500e-08  3.30397134e+00 
 3.99000000e-08  3.30437756e+00 
 3.99025000e-08  3.30443808e+00 
 3.99075000e-08  3.30455842e+00 
 3.99175000e-08  3.30478971e+00 
 3.99337500e-08  3.30513917e+00 
 3.99500000e-08  3.30546529e+00 
 3.99525000e-08  3.30551390e+00 
 3.99575000e-08  3.30561218e+00 
 3.99675000e-08  3.30581398e+00 
 3.99837500e-08  3.30616637e+00 
 4.00000000e-08  3.30656560e+00 
 4.00025000e-08  3.30663256e+00 
 4.00075000e-08  3.30677078e+00 
 4.00175000e-08  3.30707095e+00 
 4.00337500e-08  3.30763381e+00 
 4.00500000e-08  3.30830820e+00 
 4.00525000e-08  3.30842400e+00 
 4.00575000e-08  3.30866415e+00 
 4.00675000e-08  3.30919127e+00 
 4.00837500e-08  3.31020248e+00 
 4.01000000e-08  3.31145343e+00 
 4.01025000e-08  3.31167316e+00 
 4.01075000e-08  3.31213328e+00 
 4.01175000e-08  3.31315719e+00 
 4.01337500e-08  3.31514604e+00 
 4.01500000e-08  3.31753515e+00 
 4.01525000e-08  3.31792824e+00 
 4.01575000e-08  3.31871999e+00 
 4.01675000e-08  3.32019391e+00 
 4.01837500e-08  3.32146732e+00 
 4.02000000e-08  3.31955420e+00 
 4.02025000e-08  3.31877670e+00 
 4.02075000e-08  3.31691191e+00 
 4.02175000e-08  3.31114912e+00 
 4.02337500e-08  3.29560522e+00 
 4.02500000e-08  3.27236106e+00 
 4.02525000e-08  3.26775851e+00 
 4.02575000e-08  3.25803181e+00 
 4.02675000e-08  3.23532814e+00 
 4.02837500e-08  3.18816206e+00 
 4.03000000e-08  3.12579660e+00 
 4.03025000e-08  3.11440205e+00 
 4.03075000e-08  3.09054337e+00 
 4.03175000e-08  3.03583372e+00 
 4.03337500e-08  2.91990647e+00 
 4.03500000e-08  2.74306062e+00 
 4.03525000e-08  2.70621870e+00 
 4.03575000e-08  2.62558041e+00 
 4.03675000e-08  2.42721241e+00 
 4.03837500e-08  2.00765482e+00 
 4.04000000e-08  1.48162068e+00 
 4.04025000e-08  1.39153834e+00 
 4.04075000e-08  1.20884544e+00 
 4.04175000e-08  8.50730319e-01 
 4.04337500e-08  4.06042440e-01 
 4.04500000e-08  1.66318657e-01 
 4.04522425e-08  1.48911267e-01 
 4.04567274e-08  1.18247374e-01 
 4.04656973e-08  7.66666879e-02 
 4.04836370e-08  3.73488280e-02 
 4.05000000e-08  2.46777157e-02 
 4.05025000e-08  2.34824321e-02 
 4.05075000e-08  2.12106565e-02 
 4.05175000e-08  1.74273635e-02 
 4.05337500e-08  1.28350476e-02 
 4.05500000e-08  9.55476841e-03 
 4.05525000e-08  9.14456312e-03 
 4.05575000e-08  8.35617157e-03 
 4.05675000e-08  6.97053379e-03 
 4.05837500e-08  5.17551018e-03 
 4.06000000e-08  3.83688072e-03 
 4.06025000e-08  3.66851419e-03 
 4.06075000e-08  3.34620693e-03 
 4.06175000e-08  2.78199281e-03 
 4.06337500e-08  2.05703503e-03 
 4.06500000e-08  1.52172530e-03 
 4.06525000e-08  1.45499239e-03 
 4.06575000e-08  1.32768763e-03 
 4.06675000e-08  1.10645036e-03 
 4.06837500e-08  8.24911521e-04 
 4.07000000e-08  6.19081747e-04 
 4.07025000e-08  5.93578922e-04 
 4.07075000e-08  5.45010105e-04 
 4.07175000e-08  4.60917024e-04 
 4.07337500e-08  3.54335969e-04 
 4.07500000e-08  2.76507638e-04 
 4.07525000e-08  2.66797223e-04 
 4.07575000e-08  2.48226899e-04 
 4.07675000e-08  2.15667560e-04 
 4.07837500e-08  1.73464540e-04 
 4.08000000e-08  1.41354063e-04 
 4.08025000e-08  1.37193495e-04 
 4.08075000e-08  1.29154610e-04 
 4.08175000e-08  1.14649832e-04 
 4.08337500e-08  9.49265808e-05 
 4.08500000e-08  7.92960780e-05 
 4.08525000e-08  7.72710164e-05 
 4.08575000e-08  7.33915423e-05 
 4.08675000e-08  6.64088248e-05 
 4.08837500e-08  5.65906691e-05 
 4.09000000e-08  4.55643690e-05 
 4.09025000e-08  4.37627422e-05 
 4.09075000e-08  3.99421756e-05 
 4.09175000e-08  3.27215452e-05 
 4.09337500e-08  2.36679466e-05 
 4.09500000e-08  1.81671125e-05 
 4.09525000e-08  1.77701459e-05 
 4.09575000e-08  1.71656685e-05 
 4.09675000e-08  1.69835413e-05 
 4.09837500e-08  1.78159199e-05 
 4.10000000e-08  1.91297980e-05 
 4.10025000e-08  1.93757446e-05 
 4.10075000e-08  1.98346342e-05 
 4.10175000e-08  2.08052626e-05 
 4.10337500e-08  2.21615398e-05 
 4.10500000e-08  2.23751083e-05 
 4.10525000e-08  2.21680666e-05 
 4.10575000e-08  2.15238067e-05 
 4.10675000e-08  1.93084072e-05 
 4.10837500e-08  1.39558162e-05 
 4.11000000e-08  7.42447699e-06 
 4.11025000e-08  6.41733775e-06 
 4.11075000e-08  4.44460771e-06 
 4.11175000e-08  9.34257444e-07 
 4.11337500e-08 -3.22275614e-06 
 4.11500000e-08 -4.67697892e-06 
 4.11525000e-08 -4.74326234e-06 
 4.11575000e-08 -4.76704625e-06 
 4.11675000e-08 -4.33894710e-06 
 4.11837500e-08 -2.84409936e-06 
 4.12000000e-08 -6.54173748e-07 
 4.12025000e-08 -2.64373854e-07 
 4.12075000e-08  4.89007068e-07 
 4.12175000e-08  3.26053075e-06 
 4.12337500e-08  6.74647308e-06 
 4.12500000e-08  8.97907844e-06 
 4.12525000e-08  9.25220441e-06 
 4.12575000e-08  9.67321307e-06 
 4.12675000e-08  1.01283104e-05 
 4.12837500e-08  1.15295911e-05 
 4.13000000e-08  1.32298203e-05 
 4.13025000e-08  1.34904823e-05 
 4.13075000e-08  1.39670654e-05 
 4.13175000e-08  1.46898267e-05 
 4.13337500e-08  1.48909221e-05 
 4.13500000e-08  1.38342074e-05 
 4.13525000e-08  1.36010026e-05 
 4.13575000e-08  1.30703491e-05 
 4.13675000e-08  1.18125355e-05 
 4.13837500e-08  8.68550683e-06 
 4.14000000e-08  3.68090336e-06 
 4.14025000e-08  2.84221913e-06 
 4.14075000e-08  9.77503038e-07 
 4.14175000e-08 -3.27643912e-06 
 4.14337500e-08 -1.16462367e-05 
 4.14500000e-08 -2.08377639e-05 
 4.14525000e-08 -2.20603164e-05 
 4.14575000e-08 -2.47483278e-05 
 4.14675000e-08 -2.86069739e-05 
 4.14837500e-08 -2.98295849e-05 
 4.15000000e-08 -2.53875817e-05 
 4.15025000e-08 -2.40324006e-05 
 4.15075000e-08 -2.12031544e-05 
 4.15175000e-08 -1.37043069e-05 
 4.15337500e-08  3.37414572e-06 
 4.15500000e-08  2.67362225e-05 
 4.15525000e-08  3.10938577e-05 
 4.15575000e-08  4.00529556e-05 
 4.15675000e-08  5.93817370e-05 
 4.15837500e-08  9.14234594e-05 
 4.16000000e-08  1.22141846e-04 
 4.16025000e-08  1.26842427e-04 
 4.16075000e-08  1.35281776e-04 
 4.16175000e-08  1.47830486e-04 
 4.16337500e-08  1.59724579e-04 
 4.16500000e-08  1.63405495e-04 
 4.16525000e-08  1.62253447e-04 
 4.16575000e-08  1.60366765e-04 
 4.16675000e-08  1.57671709e-04 
 4.16837500e-08  1.50135131e-04 
 4.17000000e-08  1.43085633e-04 
 4.17025000e-08  1.42522175e-04 
 4.17075000e-08  1.41757956e-04 
 4.17175000e-08  1.39910621e-04 
 4.17337500e-08  1.26768330e-04 
 4.17500000e-08  9.95477767e-05 
 4.17525000e-08  9.45385385e-05 
 4.17575000e-08  8.48892647e-05 
 4.17675000e-08  6.70081733e-05 
 4.17837500e-08  4.52184601e-05 
 4.18000000e-08  3.55361095e-05 
 4.18025000e-08  3.53092406e-05 
 4.18075000e-08  3.59272891e-05 
 4.18175000e-08  4.14396938e-05 
 4.18337500e-08  6.23502253e-05 
 4.18500000e-08  9.97414441e-05 
 4.18525000e-08  1.06663643e-04 
 4.18575000e-08  1.21751758e-04 
 4.18675000e-08  1.52239725e-04 
 4.18837500e-08  1.90665924e-04 
 4.19000000e-08  1.98213276e-04 
 4.19025000e-08  1.95053679e-04 
 4.19075000e-08  1.86615789e-04 
 4.19175000e-08  1.52813363e-04 
 4.19337500e-08  3.76481122e-05 
 4.19500000e-08 -1.80115883e-04 
 4.19525000e-08 -2.24614836e-04 
 4.19575000e-08 -3.18908458e-04 
 4.19675000e-08 -5.38568019e-04 
 4.19837500e-08 -9.65316324e-04 
 4.20000000e-08 -1.40191451e-03 
 4.20025000e-08 -1.46744382e-03 
 4.20075000e-08 -1.60368122e-03 
 4.20175000e-08 -1.89632289e-03 
 4.20337500e-08 -2.38605421e-03 
 4.20500000e-08 -2.86814870e-03 
 4.20525000e-08 -2.94056284e-03 
 4.20575000e-08 -3.08514594e-03 
 4.20675000e-08 -3.37169958e-03 
 4.20837500e-08 -3.83525299e-03 
 4.21000000e-08 -4.30435044e-03 
 4.21025000e-08 -4.37733125e-03 
 4.21075000e-08 -4.52566024e-03 
 4.21175000e-08 -4.82950296e-03 
 4.21337500e-08 -5.34851692e-03 
 4.21500000e-08 -5.90939483e-03 
 4.21525000e-08 -6.00154897e-03 
 4.21575000e-08 -6.19260243e-03 
 4.21675000e-08 -6.59428540e-03 
 4.21837500e-08 -7.30853349e-03 
 4.22000000e-08 -8.12096298e-03 
 4.22025000e-08 -8.25458511e-03 
 4.22075000e-08 -8.53807319e-03 
 4.22175000e-08 -9.14438044e-03 
 4.22337500e-08 -1.02708293e-02 
 4.22500000e-08 -1.16217521e-02 
 4.22525000e-08 -1.18456693e-02 
 4.22575000e-08 -1.23242068e-02 
 4.22675000e-08 -1.33171225e-02 
 4.22837500e-08 -1.48675237e-02 
 4.23000000e-08 -1.57672295e-02 
 4.23025000e-08 -1.57685334e-02 
 4.23075000e-08 -1.56733533e-02 
 4.23175000e-08 -1.46824850e-02 
 4.23337500e-08 -1.00036797e-02 
 4.23500000e-08 -3.92652468e-04 
 4.23525000e-08  1.56115632e-03 
 4.23575000e-08  5.74194515e-03 
 4.23675000e-08  1.61241722e-02 
 4.23837500e-08  3.92473928e-02 
 4.24000000e-08  7.14338362e-02 
 4.24025000e-08  7.74382507e-02 
 4.24075000e-08  9.00480975e-02 
 4.24175000e-08  1.19161593e-01 
 4.24337500e-08  1.80092018e-01 
 4.24500000e-08  2.64196187e-01 
 4.24525000e-08  2.80211091e-01 
 4.24575000e-08  3.14314823e-01 
 4.24675000e-08  3.97186469e-01 
 4.24837500e-08  5.99165975e-01 
 4.25000000e-08  9.10193469e-01 
 4.25025000e-08  9.69649703e-01 
 4.25075000e-08  1.09359273e+00 
 4.25175000e-08  1.37090404e+00 
 4.25337500e-08  1.89196426e+00 
 4.25500000e-08  2.41466648e+00 
 4.25525000e-08  2.48316367e+00 
 4.25575000e-08  2.60929291e+00 
 4.25675000e-08  2.81179686e+00 
 4.25837500e-08  3.02893121e+00 
 4.26000000e-08  3.14831985e+00 
 4.26025000e-08  3.15989871e+00 
 4.26075000e-08  3.18096014e+00 
 4.26175000e-08  3.21262706e+00 
 4.26337500e-08  3.24417823e+00 
 4.26500000e-08  3.26151764e+00 
 4.26525000e-08  3.26336583e+00 
 4.26575000e-08  3.26683984e+00 
 4.26675000e-08  3.27263660e+00 
 4.26837500e-08  3.27968915e+00 
 4.27000000e-08  3.28471699e+00 
 4.27025000e-08  3.28533973e+00 
 4.27075000e-08  3.28653084e+00 
 4.27175000e-08  3.28861336e+00 
 4.27337500e-08  3.29129565e+00 
 4.27500000e-08  3.29329401e+00 
 4.27525000e-08  3.29354556e+00 
 4.27575000e-08  3.29402749e+00 
 4.27675000e-08  3.29487466e+00 
 4.27837500e-08  3.29597668e+00 
 4.28000000e-08  3.29680954e+00 
 4.28025000e-08  3.29691543e+00 
 4.28075000e-08  3.29711803e+00 
 4.28175000e-08  3.29747474e+00 
 4.28337500e-08  3.29794111e+00 
 4.28500000e-08  3.29831003e+00 
 4.28525000e-08  3.29836077e+00 
 4.28575000e-08  3.29845936e+00 
 4.28675000e-08  3.29864317e+00 
 4.28837500e-08  3.29890445e+00 
 4.29000000e-08  3.29912133e+00 
 4.29025000e-08  3.29915053e+00 
 4.29075000e-08  3.29920663e+00 
 4.29175000e-08  3.29930817e+00 
 4.29337500e-08  3.29944788e+00 
 4.29500000e-08  3.29956121e+00 
 4.29525000e-08  3.29957603e+00 
 4.29575000e-08  3.29960445e+00 
 4.29675000e-08  3.29965509e+00 
 4.29837500e-08  3.29972171e+00 
 4.30000000e-08  3.29977199e+00 
 4.30025000e-08  3.29977839e+00 
 4.30075000e-08  3.29979050e+00 
 4.30175000e-08  3.29981198e+00 
 4.30337500e-08  3.29984016e+00 
 4.30500000e-08  3.29986145e+00 
 4.30525000e-08  3.29986421e+00 
 4.30575000e-08  3.29986931e+00 
 4.30675000e-08  3.29987827e+00 
 4.30837500e-08  3.29989064e+00 
 4.31000000e-08  3.29990321e+00 
 4.31025000e-08  3.29990526e+00 
 4.31075000e-08  3.29990939e+00 
 4.31175000e-08  3.29991791e+00 
 4.31337500e-08  3.29993263e+00 
 4.31500000e-08  3.29994862e+00 
 4.31525000e-08  3.29995076e+00 
 4.31575000e-08  3.29995478e+00 
 4.31675000e-08  3.29995955e+00 
 4.31837500e-08  3.29995924e+00 
 4.32000000e-08  3.29995218e+00 
 4.32025000e-08  3.29995095e+00 
 4.32075000e-08  3.29994876e+00 
 4.32175000e-08  3.29994536e+00 
 4.32337500e-08  3.29994018e+00 
 4.32500000e-08  3.29993447e+00 
 4.32525000e-08  3.29993332e+00 
 4.32575000e-08  3.29993055e+00 
 4.32675000e-08  3.29992364e+00 
 4.32837500e-08  3.29991262e+00 
 4.33000000e-08  3.29990360e+00 
 4.33025000e-08  3.29990248e+00 
 4.33075000e-08  3.29990055e+00 
 4.33175000e-08  3.29989839e+00 
 4.33337500e-08  3.29989761e+00 
 4.33500000e-08  3.29989921e+00 
 4.33525000e-08  3.29989975e+00 
 4.33575000e-08  3.29990084e+00 
 4.33675000e-08  3.29990372e+00 
 4.33837500e-08  3.29991026e+00 
 4.34000000e-08  3.29991943e+00 
 4.34025000e-08  3.29992112e+00 
 4.34075000e-08  3.29992452e+00 
 4.34175000e-08  3.29993209e+00 
 4.34337500e-08  3.29994680e+00 
 4.34500000e-08  3.29996314e+00 
 4.34525000e-08  3.29996568e+00 
 4.34575000e-08  3.29997064e+00 
 4.34675000e-08  3.29997969e+00 
 4.34837500e-08  3.29999081e+00 
 4.35000000e-08  3.29999740e+00 
 4.35025000e-08  3.29999796e+00 
 4.35075000e-08  3.29999878e+00 
 4.35175000e-08  3.29999777e+00 
 4.35337500e-08  3.29999537e+00 
 4.35500000e-08  3.29999146e+00 
 4.35525000e-08  3.29999082e+00 
 4.35575000e-08  3.29998970e+00 
 4.35675000e-08  3.29998813e+00 
 4.35837500e-08  3.29998595e+00 
 4.36000000e-08  3.29998226e+00 
 4.36025000e-08  3.29998128e+00 
 4.36075000e-08  3.29997919e+00 
 4.36175000e-08  3.29997403e+00 
 4.36337500e-08  3.29996441e+00 
 4.36500000e-08  3.29995649e+00 
 4.36525000e-08  3.29995552e+00 
 4.36575000e-08  3.29995377e+00 
 4.36675000e-08  3.29995174e+00 
 4.36837500e-08  3.29996105e+00 
 4.37000000e-08  3.29998348e+00 
 4.37025000e-08  3.29998716e+00 
 4.37075000e-08  3.29999542e+00 
 4.37175000e-08  3.30001330e+00 
 4.37337500e-08  3.30003452e+00 
 4.37500000e-08  3.30003340e+00 
 4.37525000e-08  3.30003026e+00 
 4.37575000e-08  3.30002252e+00 
 4.37675000e-08  3.29999799e+00 
 4.37837500e-08  3.29994116e+00 
 4.38000000e-08  3.29986780e+00 
 4.38025000e-08  3.29985599e+00 
 4.38075000e-08  3.29983279e+00 
 4.38175000e-08  3.29979153e+00 
 4.38337500e-08  3.29973610e+00 
 4.38500000e-08  3.29969368e+00 
 4.38525000e-08  3.29968884e+00 
 4.38575000e-08  3.29968014e+00 
 4.38675000e-08  3.29967008e+00 
 4.38837500e-08  3.29966961e+00 
 4.39000000e-08  3.29968523e+00 
 4.39025000e-08  3.29968929e+00 
 4.39075000e-08  3.29970447e+00 
 4.39175000e-08  3.29973195e+00 
 4.39337500e-08  3.29976786e+00 
 4.39500000e-08  3.29979248e+00 
 4.39525000e-08  3.29979490e+00 
 4.39575000e-08  3.29979862e+00 
 4.39675000e-08  3.29980595e+00 
 4.39837500e-08  3.29983255e+00 
 4.40000000e-08  3.29987536e+00 
 4.40025000e-08  3.29988214e+00 
 4.40075000e-08  3.29989455e+00 
 4.40175000e-08  3.29991470e+00 
 4.40337500e-08  3.29993709e+00 
 4.40500000e-08  3.29994854e+00 
 4.40525000e-08  3.29994954e+00 
 4.40575000e-08  3.29995116e+00 
 4.40675000e-08  3.29995297e+00 
 4.40837500e-08  3.29994827e+00 
 4.41000000e-08  3.29993153e+00 
 4.41025000e-08  3.29992778e+00 
 4.41075000e-08  3.29991900e+00 
 4.41175000e-08  3.29989699e+00 
 4.41337500e-08  3.29984781e+00 
 4.41500000e-08  3.29978050e+00 
 4.41525000e-08  3.29976898e+00 
 4.41575000e-08  3.29974415e+00 
 4.41675000e-08  3.29969373e+00 
 4.41837500e-08  3.29962455e+00 
 4.42000000e-08  3.29958569e+00 
 4.42025000e-08  3.29958367e+00 
 4.42075000e-08  3.29958082e+00 
 4.42175000e-08  3.29958474e+00 
 4.42337500e-08  3.29961065e+00 
 4.42500000e-08  3.29965472e+00 
 4.42525000e-08  3.29966335e+00 
 4.42575000e-08  3.29968094e+00 
 4.42675000e-08  3.29972218e+00 
 4.42837500e-08  3.29981042e+00 
 4.43000000e-08  3.29993481e+00 
 4.43025000e-08  3.29995828e+00 
 4.43075000e-08  3.30000817e+00 
 4.43175000e-08  3.30013203e+00 
 4.43337500e-08  3.30036837e+00 
 4.43500000e-08  3.30064777e+00 
 4.43525000e-08  3.30069451e+00 
 4.43575000e-08  3.30078915e+00 
 4.43675000e-08  3.30098625e+00 
 4.43837500e-08  3.30132247e+00 
 4.44000000e-08  3.30165171e+00 
 4.44025000e-08  3.30170015e+00 
 4.44075000e-08  3.30179473e+00 
 4.44175000e-08  3.30199663e+00 
 4.44337500e-08  3.30233217e+00 
 4.44500000e-08  3.30267873e+00 
 4.44525000e-08  3.30273446e+00 
 4.44575000e-08  3.30284688e+00 
 4.44675000e-08  3.30307662e+00 
 4.44837500e-08  3.30345995e+00 
 4.45000000e-08  3.30385377e+00 
 4.45025000e-08  3.30391470e+00 
 4.45075000e-08  3.30403725e+00 
 4.45175000e-08  3.30428189e+00 
 4.45337500e-08  3.30466782e+00 
 4.45500000e-08  3.30502768e+00 
 4.45525000e-08  3.30507936e+00 
 4.45575000e-08  3.30518239e+00 
 4.45675000e-08  3.30538452e+00 
 4.45837500e-08  3.30571181e+00 
 4.46000000e-08  3.30605645e+00 
 4.46025000e-08  3.30611225e+00 
 4.46075000e-08  3.30622678e+00 
 4.46175000e-08  3.30647250e+00 
 4.46337500e-08  3.30692817e+00 
 4.46500000e-08  3.30747033e+00 
 4.46525000e-08  3.30756338e+00 
 4.46575000e-08  3.30775633e+00 
 4.46675000e-08  3.30817871e+00 
 4.46837500e-08  3.30897699e+00 
 4.47000000e-08  3.30994168e+00 
 4.47025000e-08  3.31010841e+00 
 4.47075000e-08  3.31045546e+00 
 4.47175000e-08  3.31122170e+00 
 4.47337500e-08  3.31270907e+00 
 4.47500000e-08  3.31457046e+00 
 4.47525000e-08  3.31489722e+00 
 4.47575000e-08  3.31557997e+00 
 4.47675000e-08  3.31705447e+00 
 4.47837500e-08  3.31953605e+00 
 4.48000000e-08  3.32129682e+00 
 4.48025000e-08  3.32139034e+00 
 4.48075000e-08  3.32142307e+00 
 4.48175000e-08  3.32032185e+00 
 4.48337500e-08  3.31399148e+00 
 4.48500000e-08  3.30039052e+00 
 4.48525000e-08  3.29771319e+00 
 4.48575000e-08  3.29198698e+00 
 4.48675000e-08  3.27770933e+00 
 4.48837500e-08  3.24601462e+00 
 4.49000000e-08  3.20257502e+00 
 4.49025000e-08  3.19457238e+00 
 4.49075000e-08  3.17783920e+00 
 4.49175000e-08  3.13971772e+00 
 4.49337500e-08  3.06180118e+00 
 4.49500000e-08  2.95659098e+00 
 4.49525000e-08  2.93676004e+00 
 4.49575000e-08  2.89428645e+00 
 4.49675000e-08  2.78866897e+00 
 4.49837500e-08  2.52421030e+00 
 4.50000000e-08  2.13839312e+00 
 4.50025000e-08  2.06730889e+00 
 4.50075000e-08  1.92009749e+00 
 4.50175000e-08  1.59666677e+00 
 4.50337500e-08  1.01667007e+00 
 4.50500000e-08  5.18119570e-01 
 4.50525000e-08  4.60070489e-01 
 4.50575000e-08  3.55500415e-01 
 4.50675000e-08  2.06706810e-01 
 4.50837500e-08  8.54550153e-02 
 4.51000000e-08  4.34283701e-02 
 4.51025000e-08  4.04812371e-02 
 4.51075000e-08  3.51372973e-02 
 4.51175000e-08  2.72454053e-02 
 4.51337500e-08  1.90657323e-02 
 4.51500000e-08  1.39828894e-02 
 4.51525000e-08  1.33820609e-02 
 4.51575000e-08  1.22264056e-02 
 4.51675000e-08  1.02045632e-02 
 4.51837500e-08  7.59650218e-03 
 4.52000000e-08  5.64909195e-03 
 4.52025000e-08  5.40295577e-03 
 4.52075000e-08  4.93101891e-03 
 4.52175000e-08  4.10328280e-03 
 4.52337500e-08  3.03679429e-03 
 4.52500000e-08  2.24626366e-03 
 4.52525000e-08  2.14730108e-03 
 4.52575000e-08  1.95818629e-03 
 4.52675000e-08  1.62818865e-03 
 4.52837500e-08  1.20637107e-03 
 4.53000000e-08  8.96985954e-04 
 4.53025000e-08  8.58664420e-04 
 4.53075000e-08  7.85747714e-04 
 4.53175000e-08  6.59692651e-04 
 4.53337500e-08  4.99981582e-04 
 4.53500000e-08  3.83374599e-04 
 4.53525000e-08  3.68790685e-04 
 4.53575000e-08  3.40828104e-04 
 4.53675000e-08  2.91757471e-04 
 4.53837500e-08  2.28884124e-04 
 4.54000000e-08  1.82487926e-04 
 4.54025000e-08  1.76764780e-04 
 4.54075000e-08  1.65983090e-04 
 4.54175000e-08  1.47457252e-04 
 4.54337500e-08  1.23346862e-04 
 4.54500000e-08  1.04226692e-04 
 4.54525000e-08  1.01445860e-04 
 4.54575000e-08  9.58673989e-05 
 4.54675000e-08  8.50537829e-05 
 4.54837500e-08  6.97044796e-05 
 4.55000000e-08  5.71224882e-05 
 4.55025000e-08  5.56487611e-05 
 4.55075000e-08  5.26935859e-05 
 4.55175000e-08  4.68167567e-05 
 4.55337500e-08  3.71254056e-05 
 4.55500000e-08  2.93578253e-05 
 4.55525000e-08  2.84188260e-05 
 4.55575000e-08  2.64229723e-05 
 4.55675000e-08  2.27411994e-05 
 4.55837500e-08  1.84062811e-05 
 4.56000000e-08  1.60627517e-05 
 4.56025000e-08  1.59569850e-05 
 4.56075000e-08  1.58337627e-05 
 4.56175000e-08  1.61880045e-05 
 4.56337500e-08  1.74870155e-05 
 4.56500000e-08  1.91203791e-05 
 4.56525000e-08  1.93257007e-05 
 4.56575000e-08  1.96036192e-05 
 4.56675000e-08  1.96518434e-05 
 4.56837500e-08  1.82840571e-05 
 4.57000000e-08  1.49056293e-05 
 4.57025000e-08  1.42194206e-05 
 4.57075000e-08  1.27759766e-05 
 4.57175000e-08  9.60431003e-06 
 4.57337500e-08  4.20303418e-06 
 4.57500000e-08 -4.28417950e-07 
 4.57525000e-08 -9.45438423e-07 
 4.57575000e-08 -1.68507643e-06 
 4.57675000e-08 -2.20919273e-06 
 4.57837500e-08 -2.34828730e-06 
 4.58000000e-08 -1.59772000e-06 
 4.58025000e-08 -1.48364944e-06 
 4.58075000e-08 -1.34980645e-06 
 4.58175000e-08 -1.16370854e-06 
 4.58337500e-08 -1.38653530e-07 
 4.58500000e-08  3.76690804e-06 
 4.58525000e-08  4.08429333e-06 
 4.58575000e-08  4.70260178e-06 
 4.58675000e-08  5.95186455e-06 
 4.58837500e-08  7.86996411e-06 
 4.59000000e-08  9.69362206e-06 
 4.59025000e-08  1.00775312e-05 
 4.59075000e-08  1.08615734e-05 
 4.59175000e-08  1.25100559e-05 
 4.59337500e-08  1.46063545e-05 
 4.59500000e-08  1.54290082e-05 
 4.59525000e-08  1.54306969e-05 
 4.59575000e-08  1.53330252e-05 
 4.59675000e-08  1.47561924e-05 
 4.59837500e-08  1.28584799e-05 
 4.60000000e-08  9.90081004e-06 
 4.60025000e-08  9.29117867e-06 
 4.60075000e-08  7.74514415e-06 
 4.60175000e-08  3.98341583e-06 
 4.60337500e-08 -2.59575743e-06 
 4.60500000e-08 -9.91917795e-06 
 4.60525000e-08 -1.10679438e-05 
 4.60575000e-08 -1.35980705e-05 
 4.60675000e-08 -1.83538429e-05 
 4.60837500e-08 -2.46852589e-05 
 4.61000000e-08 -2.68367730e-05 
 4.61025000e-08 -2.65878555e-05 
 4.61075000e-08 -2.61431590e-05 
 4.61175000e-08 -2.39558751e-05 
 4.61337500e-08 -1.68136576e-05 
 4.61500000e-08 -4.31163480e-06 
 4.61525000e-08 -1.63942146e-06 
 4.61575000e-08  3.80141818e-06 
 4.61675000e-08  1.71934064e-05 
 4.61837500e-08  4.48553330e-05 
 4.62000000e-08  7.63871382e-05 
 4.62025000e-08  8.11526424e-05 
 4.62075000e-08  9.03260405e-05 
 4.62175000e-08  1.07116211e-04 
 4.62337500e-08  1.35779670e-04 
 4.62500000e-08  1.50821651e-04 
 4.62525000e-08  1.52325292e-04 
 4.62575000e-08  1.55051968e-04 
 4.62675000e-08  1.58840202e-04 
 4.62837500e-08  1.57230185e-04 
 4.63000000e-08  1.52528819e-04 
 4.63025000e-08  1.51573705e-04 
 4.63075000e-08  1.49866096e-04 
 4.63175000e-08  1.47272953e-04 
 4.63337500e-08  1.44016981e-04 
 4.63500000e-08  1.38665565e-04 
 4.63525000e-08  1.35676757e-04 
 4.63575000e-08  1.29092800e-04 
 4.63675000e-08  1.11845415e-04 
 4.63837500e-08  8.00655897e-05 
 4.64000000e-08  5.21738186e-05 
 4.64025000e-08  4.88568041e-05 
 4.64075000e-08  4.33513537e-05 
 4.64175000e-08  3.69175423e-05 
 4.64337500e-08  3.73458227e-05 
 4.64500000e-08  5.14087674e-05 
 4.64525000e-08  5.47653720e-05 
 4.64575000e-08  6.27188688e-05 
 4.64675000e-08  8.28494751e-05 
 4.64837500e-08  1.26670063e-04 
 4.65000000e-08  1.72704026e-04 
 4.65025000e-08  1.78252508e-04 
 4.65075000e-08  1.88578810e-04 
 4.65175000e-08  1.99969457e-04 
 4.65337500e-08  1.84239249e-04 
 4.65500000e-08  1.10400196e-04 
 4.65525000e-08  9.14421272e-05 
 4.65575000e-08  4.89180703e-05 
 4.65675000e-08 -6.95773826e-05 
 4.65837500e-08 -3.51254620e-04 
 4.66000000e-08 -7.29354186e-04 
 4.66025000e-08 -7.95581694e-04 
 4.66075000e-08 -9.30596412e-04 
 4.66175000e-08 -1.20723699e-03 
 4.66337500e-08 -1.60974902e-03 
 4.66500000e-08 -2.09803990e-03 
 4.66525000e-08 -2.17348868e-03 
 4.66575000e-08 -2.32419034e-03 
 4.66675000e-08 -2.62327835e-03 
 4.66837500e-08 -3.10117816e-03 
 4.67000000e-08 -3.57193768e-03 
 4.67025000e-08 -3.64359115e-03 
 4.67075000e-08 -3.78768450e-03 
 4.67175000e-08 -4.07710408e-03 
 4.67337500e-08 -4.55655014e-03 
 4.67500000e-08 -5.06269788e-03 
 4.67525000e-08 -5.14279653e-03 
 4.67575000e-08 -5.30697388e-03 
 4.67675000e-08 -5.64528395e-03 
 4.67837500e-08 -6.24078483e-03 
 4.68000000e-08 -6.90699637e-03 
 4.68025000e-08 -7.01550316e-03 
 4.68075000e-08 -7.24241280e-03 
 4.68175000e-08 -7.72110017e-03 
 4.68337500e-08 -8.58669164e-03 
 4.68500000e-08 -9.60433035e-03 
 4.68525000e-08 -9.77450665e-03 
 4.68575000e-08 -1.01403194e-02 
 4.68675000e-08 -1.09312278e-02 
 4.68837500e-08 -1.23954646e-02 
 4.69000000e-08 -1.40084754e-02 
 4.69025000e-08 -1.42447248e-02 
 4.69075000e-08 -1.47193713e-02 
 4.69175000e-08 -1.54773134e-02 
 4.69337500e-08 -1.55836755e-02 
 4.69500000e-08 -1.31024648e-02 
 4.69525000e-08 -1.23530019e-02 
 4.69575000e-08 -1.06336402e-02 
 4.69675000e-08 -5.74448900e-03 
 4.69837500e-08  6.53414842e-03 
 4.70000000e-08  2.50910791e-02 
 4.70025000e-08  2.87067496e-02 
 4.70075000e-08  3.63460891e-02 
 4.70175000e-08  5.42168706e-02 
 4.70337500e-08  9.17989085e-02 
 4.70500000e-08  1.42656344e-01 
 4.70525000e-08  1.52104293e-01 
 4.70575000e-08  1.71983907e-01 
 4.70675000e-08  2.18307852e-01 
 4.70837500e-08  3.18606121e-01 
 4.71000000e-08  4.70007574e-01 
 4.71025000e-08  5.00961341e-01 
 4.71075000e-08  5.68590622e-01 
 4.71175000e-08  7.37262583e-01 
 4.71337500e-08  1.10388737e+00 
 4.71500000e-08  1.57507132e+00 
 4.71525000e-08  1.65683910e+00 
 4.71575000e-08  1.82353376e+00 
 4.71675000e-08  2.16446568e+00 
 4.71837500e-08  2.62237015e+00 
 4.72000000e-08  2.91775534e+00 
 4.72025000e-08  2.94918842e+00 
 4.72075000e-08  3.00676077e+00 
 4.72175000e-08  3.09513174e+00 
 4.72337500e-08  3.18347577e+00 
 4.72500000e-08  3.22881169e+00 
 4.72525000e-08  3.23315646e+00 
 4.72575000e-08  3.24113801e+00 
 4.72675000e-08  3.25359036e+00 
 4.72837500e-08  3.26722966e+00 
 4.73000000e-08  3.27597007e+00 
 4.73025000e-08  3.27699957e+00 
 4.73075000e-08  3.27896042e+00 
 4.73175000e-08  3.28234994e+00 
 4.73337500e-08  3.28666115e+00 
 4.73500000e-08  3.28984242e+00 
 4.73525000e-08  3.29024136e+00 
 4.73575000e-08  3.29100534e+00 
 4.73675000e-08  3.29234516e+00 
 4.73837500e-08  3.29407796e+00 
 4.74000000e-08  3.29537601e+00 
 4.74025000e-08  3.29553995e+00 
 4.74075000e-08  3.29585398e+00 
 4.74175000e-08  3.29640692e+00 
 4.74337500e-08  3.29712909e+00 
 4.74500000e-08  3.29767390e+00 
 4.74525000e-08  3.29774342e+00 
 4.74575000e-08  3.29787642e+00 
 4.74675000e-08  3.29811749e+00 
 4.74837500e-08  3.29845694e+00 
 4.75000000e-08  3.29874601e+00 
 4.75025000e-08  3.29878584e+00 
 4.75075000e-08  3.29886280e+00 
 4.75175000e-08  3.29900362e+00 
 4.75337500e-08  3.29919954e+00 
 4.75500000e-08  3.29936117e+00 
 4.75525000e-08  3.29938305e+00 
 4.75575000e-08  3.29942531e+00 
 4.75675000e-08  3.29950231e+00 
 4.75837500e-08  3.29960606e+00 
 4.76000000e-08  3.29968485e+00 
 4.76025000e-08  3.29969498e+00 
 4.76075000e-08  3.29971439e+00 
 4.76175000e-08  3.29974899e+00 
 4.76337500e-08  3.29979428e+00 
 4.76500000e-08  3.29982860e+00 
 4.76525000e-08  3.29983295e+00 
 4.76575000e-08  3.29984100e+00 
 4.76675000e-08  3.29985459e+00 
 4.76837500e-08  3.29987182e+00 
 4.77000000e-08  3.29988530e+00 
 4.77025000e-08  3.29988719e+00 
 4.77075000e-08  3.29989084e+00 
 4.77175000e-08  3.29989823e+00 
 4.77337500e-08  3.29991104e+00 
 4.77500000e-08  3.29992329e+00 
 4.77525000e-08  3.29992528e+00 
 4.77575000e-08  3.29992951e+00 
 4.77675000e-08  3.29993839e+00 
 4.77837500e-08  3.29995240e+00 
 4.78000000e-08  3.29995975e+00 
 4.78025000e-08  3.29995984e+00 
 4.78075000e-08  3.29995985e+00 
 4.78175000e-08  3.29995838e+00 
 4.78337500e-08  3.29995267e+00 
 4.78500000e-08  3.29994458e+00 
 4.78525000e-08  3.29994314e+00 
 4.78575000e-08  3.29994001e+00 
 4.78675000e-08  3.29993311e+00 
 4.78837500e-08  3.29992248e+00 
 4.79000000e-08  3.29991394e+00 
 4.79025000e-08  3.29991306e+00 
 4.79075000e-08  3.29991161e+00 
 4.79175000e-08  3.29990999e+00 
 4.79337500e-08  3.29990782e+00 
 4.79500000e-08  3.29990569e+00 
 4.79525000e-08  3.29990530e+00 
 4.79575000e-08  3.29990416e+00 
 4.79675000e-08  3.29990138e+00 
 4.79837500e-08  3.29989872e+00 
 4.80000000e-08  3.29990046e+00 
 4.80025000e-08  3.29990134e+00 
 4.80075000e-08  3.29990337e+00 
 4.80175000e-08  3.29990914e+00 
 4.80337500e-08  3.29992152e+00 
 4.80500000e-08  3.29993674e+00 
 4.80525000e-08  3.29993942e+00 
 4.80575000e-08  3.29994494e+00 
 4.80675000e-08  3.29995668e+00 
 4.80837500e-08  3.29997508e+00 
 4.81000000e-08  3.29998953e+00 
 4.81025000e-08  3.29999106e+00 
 4.81075000e-08  3.29999353e+00 
 4.81175000e-08  3.29999600e+00 
 4.81337500e-08  3.29999589e+00 
 4.81500000e-08  3.29999112e+00 
 4.81525000e-08  3.29999066e+00 
 4.81575000e-08  3.29998981e+00 
 4.81675000e-08  3.29998894e+00 
 4.81837500e-08  3.29998882e+00 
 4.82000000e-08  3.29998889e+00 
 4.82025000e-08  3.29998875e+00 
 4.82075000e-08  3.29998840e+00 
 4.82175000e-08  3.29998670e+00 
 4.82337500e-08  3.29998038e+00 
 4.82500000e-08  3.29997016e+00 
 4.82525000e-08  3.29996822e+00 
 4.82575000e-08  3.29996431e+00 
 4.82675000e-08  3.29995680e+00 
 4.82837500e-08  3.29994867e+00 
 4.83000000e-08  3.29994850e+00 
 4.83025000e-08  3.29995004e+00 
 4.83075000e-08  3.29995677e+00 
 4.83175000e-08  3.29997293e+00 
 4.83337500e-08  3.30000016e+00 
 4.83500000e-08  3.30002936e+00 
 4.83525000e-08  3.30003256e+00 
 4.83575000e-08  3.30003803e+00 
 4.83675000e-08  3.30004183e+00 
 4.83837500e-08  3.30002520e+00 
 4.84000000e-08  3.29997856e+00 
 4.84025000e-08  3.29996959e+00 
 4.84075000e-08  3.29995050e+00 
 4.84175000e-08  3.29990701e+00 
 4.84337500e-08  3.29983205e+00 
 4.84500000e-08  3.29976888e+00 
 4.84525000e-08  3.29976060e+00 
 4.84575000e-08  3.29974482e+00 
 4.84675000e-08  3.29971669e+00 
 4.84837500e-08  3.29968103e+00 
 4.85000000e-08  3.29966824e+00 
 4.85025000e-08  3.29966831e+00 
 4.85075000e-08  3.29966933e+00 
 4.85175000e-08  3.29967616e+00 
 4.85337500e-08  3.29970196e+00 
 4.85500000e-08  3.29974393e+00 
 4.85525000e-08  3.29974927e+00 
 4.85575000e-08  3.29975932e+00 
 4.85675000e-08  3.29977687e+00 
 4.85837500e-08  3.29979604e+00 
 4.86000000e-08  3.29981129e+00 
 4.86025000e-08  3.29981558e+00 
 4.86075000e-08  3.29982477e+00 
 4.86175000e-08  3.29984778e+00 
 4.86337500e-08  3.29988885e+00 
 4.86500000e-08  3.29992501e+00 
 4.86525000e-08  3.29992963e+00 
 4.86575000e-08  3.29993798e+00 
 4.86675000e-08  3.29995065e+00 
 4.86837500e-08  3.29996061e+00 
 4.87000000e-08  3.29995860e+00 
 4.87025000e-08  3.29995721e+00 
 4.87075000e-08  3.29995341e+00 
 4.87175000e-08  3.29994208e+00 
 4.87337500e-08  3.29991422e+00 
 4.87500000e-08  3.29987296e+00 
 4.87525000e-08  3.29986546e+00 
 4.87575000e-08  3.29984880e+00 
 4.87675000e-08  3.29981125e+00 
 4.87837500e-08  3.29973988e+00 
 4.88000000e-08  3.29966774e+00 
 4.88025000e-08  3.29965850e+00 
 4.88075000e-08  3.29964048e+00 
 4.88175000e-08  3.29961306e+00 
 4.88337500e-08  3.29959342e+00 
 4.88500000e-08  3.29960070e+00 
 4.88525000e-08  3.29960432e+00 
 4.88575000e-08  3.29961184e+00 
 4.88675000e-08  3.29963234e+00 
 4.88837500e-08  3.29967982e+00 
 4.89000000e-08  3.29974836e+00 
 4.89025000e-08  3.29976169e+00 
 4.89075000e-08  3.29978973e+00 
 4.89175000e-08  3.29985733e+00 
 4.89337500e-08  3.30000290e+00 
 4.89500000e-08  3.30021312e+00 
 4.89525000e-08  3.30024923e+00 
 4.89575000e-08  3.30032306e+00 
 4.89675000e-08  3.30048242e+00 
 4.89837500e-08  3.30077135e+00 
 4.90000000e-08  3.30108929e+00 
 4.90025000e-08  3.30114059e+00 
 4.90075000e-08  3.30124399e+00 
 4.90175000e-08  3.30144756e+00 
 4.90337500e-08  3.30177613e+00 
 4.90500000e-08  3.30210660e+00 
 4.90525000e-08  3.30215828e+00 
 4.90575000e-08  3.30226100e+00 
 4.90675000e-08  3.30247029e+00 
 4.90837500e-08  3.30282607e+00 
 4.91000000e-08  3.30320158e+00 
 4.91025000e-08  3.30326081e+00 
 4.91075000e-08  3.30338075e+00 
 4.91175000e-08  3.30362589e+00 
 4.91337500e-08  3.30403054e+00 
 4.91500000e-08  3.30443276e+00 
 4.91525000e-08  3.30449227e+00 
 4.91575000e-08  3.30461042e+00 
 4.91675000e-08  3.30483696e+00 
 4.91837500e-08  3.30517985e+00 
 4.92000000e-08  3.30550326e+00 
 4.92025000e-08  3.30555203e+00 
 4.92075000e-08  3.30565094e+00 
 4.92175000e-08  3.30585555e+00 
 4.92337500e-08  3.30621524e+00 
 4.92500000e-08  3.30662394e+00 
 4.92525000e-08  3.30669245e+00 
 4.92575000e-08  3.30683375e+00 
 4.92675000e-08  3.30714053e+00 
 4.92837500e-08  3.30771760e+00 
 4.93000000e-08  3.30841232e+00 
 4.93025000e-08  3.30853212e+00 
 4.93075000e-08  3.30878089e+00 
 4.93175000e-08  3.30932746e+00 
 4.93337500e-08  3.31037270e+00 
 4.93500000e-08  3.31165896e+00 
 4.93525000e-08  3.31188407e+00 
 4.93575000e-08  3.31235516e+00 
 4.93675000e-08  3.31340148e+00 
 4.93837500e-08  3.31542693e+00 
 4.94000000e-08  3.31782986e+00 
 4.94025000e-08  3.31821903e+00 
 4.94075000e-08  3.31899665e+00 
 4.94175000e-08  3.32039595e+00 
 4.94337500e-08  3.32135483e+00 
 4.94500000e-08  3.31885440e+00 
 4.94525000e-08  3.31795323e+00 
 4.94575000e-08  3.31583122e+00 
 4.94675000e-08  3.30950466e+00 
 4.94837500e-08  3.29318275e+00 
 4.95000000e-08  3.26882018e+00 
 4.95025000e-08  3.26403816e+00 
 4.95075000e-08  3.25394829e+00 
 4.95175000e-08  3.23048644e+00 
 4.95337500e-08  3.18194057e+00 
 4.95500000e-08  3.11788217e+00 
 4.95525000e-08  3.10618104e+00 
 4.95575000e-08  3.08167313e+00 
 4.95675000e-08  3.02541005e+00 
 4.95837500e-08  2.90555075e+00 
 4.96000000e-08  2.71986583e+00 
 4.96025000e-08  2.68112239e+00 
 4.96075000e-08  2.59676902e+00 
 4.96175000e-08  2.39119297e+00 
 4.96337500e-08  1.96146159e+00 
 4.96500000e-08  1.42723172e+00 
 4.96525000e-08  1.33629453e+00 
 4.96575000e-08  1.15256827e+00 
 4.96675000e-08  8.00124865e-01 
 4.96837500e-08  3.74657317e-01 
 4.97000000e-08  1.52721128e-01 
 4.97022962e-08  1.36615686e-01 
 4.97068885e-08  1.08348895e-01 
 4.97160732e-08  7.04088039e-02 
 4.97330366e-08  3.67123797e-02 
 4.97500000e-08  2.39248303e-02 
 4.97525000e-08  2.27796500e-02 
 4.97575000e-08  2.05999979e-02 
 4.97675000e-08  1.69535222e-02 
 4.97837500e-08  1.25015957e-02 
 4.98000000e-08  9.30667901e-03 
 4.98025000e-08  8.90663818e-03 
 4.98075000e-08  8.13799421e-03 
 4.98175000e-08  6.78746096e-03 
 4.98337500e-08  5.03929854e-03 
 4.98500000e-08  3.73547343e-03 
 4.98525000e-08  3.57137384e-03 
 4.98575000e-08  3.25740307e-03 
 4.98675000e-08  2.70836928e-03 
 4.98837500e-08  2.00358306e-03 
 4.99000000e-08  1.48340797e-03 
 4.99025000e-08  1.41846218e-03 
 4.99075000e-08  1.29441729e-03 
 4.99175000e-08  1.07835448e-03 
 4.99337500e-08  8.03115426e-04 
 4.99500000e-08  6.02029886e-04 
 4.99525000e-08  5.77191099e-04 
 4.99575000e-08  5.29972460e-04 
 4.99675000e-08  4.48504884e-04 
 4.99837500e-08  3.45479561e-04 
 5.00000000e-08  2.70262298e-04 
 5.00025000e-08  2.60855328e-04 
 5.00075000e-08  2.42836510e-04 
 5.00175000e-08  2.11146574e-04 
 5.00337500e-08  1.70005600e-04 
 5.00500000e-08  1.38684182e-04 
 5.00525000e-08  1.34630589e-04 
 5.00575000e-08  1.26809443e-04 
 5.00675000e-08  1.12715220e-04 
 5.00837500e-08  9.34640856e-05 
 5.01000000e-08  7.80500492e-05 
 5.01025000e-08  7.60720944e-05 
 5.01075000e-08  7.23202190e-05 
 5.01175000e-08  6.56838400e-05 
 5.01337500e-08  5.63295797e-05 
 5.01500000e-08  4.59144800e-05 
 5.01525000e-08  4.42188375e-05 
 5.01575000e-08  4.06597387e-05 
 5.01675000e-08  3.40830779e-05 
 5.01837500e-08  2.59585751e-05 
 5.02000000e-08  2.10459037e-05 
 5.02025000e-08  2.05537813e-05 
 5.02075000e-08  1.95407789e-05 
 5.02175000e-08  1.79015717e-05 
 5.02337500e-08  1.63403985e-05 
 5.02500000e-08  1.59849032e-05 
 5.02525000e-08  1.60735159e-05 
 5.02575000e-08  1.62736074e-05 
 5.02675000e-08  1.69772357e-05 
 5.02837500e-08  1.83156757e-05 
 5.03000000e-08  1.88150725e-05 
 5.03025000e-08  1.87783786e-05 
 5.03075000e-08  1.86247559e-05 
 5.03175000e-08  1.77984740e-05 
 5.03337500e-08  1.45612243e-05 
 5.03500000e-08  9.44695380e-06 
 5.03525000e-08  8.56593013e-06 
 5.03575000e-08  6.79124470e-06 
 5.03675000e-08  3.44867486e-06 
 5.03837500e-08 -7.29555609e-07 
 5.04000000e-08 -2.49713566e-06 
 5.04025000e-08 -2.70944566e-06 
 5.04075000e-08 -3.14393292e-06 
 5.04175000e-08 -3.87244848e-06 
 5.04337500e-08 -4.07886445e-06 
 5.04500000e-08 -2.98553896e-06 
 5.04525000e-08 -2.66497467e-06 
 5.04575000e-08 -1.93626765e-06 
 5.04675000e-08  9.11230420e-07 
 5.04837500e-08  5.08886950e-06 
 5.05000000e-08  7.70571513e-06 
 5.05025000e-08  7.97023563e-06 
 5.05075000e-08  8.28523638e-06 
 5.05175000e-08  8.24198254e-06 
 5.05337500e-08  8.68584547e-06 
 5.05500000e-08  9.82527152e-06 
 5.05525000e-08  1.01850975e-05 
 5.05575000e-08  1.10478094e-05 
 5.05675000e-08  1.30709244e-05 
 5.05837500e-08  1.53342642e-05 
 5.06000000e-08  1.56825558e-05 
 5.06025000e-08  1.54933494e-05 
 5.06075000e-08  1.48883813e-05 
 5.06175000e-08  1.29966225e-05 
 5.06337500e-08  8.70548886e-06 
 5.06500000e-08  2.88020662e-06 
 5.06525000e-08  2.06546343e-06 
 5.06575000e-08  3.65955386e-07 
 5.06675000e-08 -3.13149882e-06 
 5.06837500e-08 -1.00213816e-05 
 5.07000000e-08 -1.81440318e-05 
 5.07025000e-08 -1.93428458e-05 
 5.07075000e-08 -2.19400083e-05 
 5.07175000e-08 -2.60835482e-05 
 5.07337500e-08 -2.84743889e-05 
 5.07500000e-08 -2.53207954e-05 
 5.07525000e-08 -2.41148540e-05 
 5.07575000e-08 -2.15192892e-05 
 5.07675000e-08 -1.41870350e-05 
 5.07837500e-08  2.86281990e-06 
 5.08000000e-08  2.59324225e-05 
 5.08025000e-08  3.01807096e-05 
 5.08075000e-08  3.88556066e-05 
 5.08175000e-08  5.74181083e-05 
 5.08337500e-08  8.84234738e-05 
 5.08500000e-08  1.18501015e-04 
 5.08525000e-08  1.23351182e-04 
 5.08575000e-08  1.31740234e-04 
 5.08675000e-08  1.43993087e-04 
 5.08837500e-08  1.55704120e-04 
 5.09000000e-08  1.60142924e-04 
 5.09025000e-08  1.59062477e-04 
 5.09075000e-08  1.57573087e-04 
 5.09175000e-08  1.56387255e-04 
 5.09337500e-08  1.51412422e-04 
 5.09500000e-08  1.45290161e-04 
 5.09525000e-08  1.44572657e-04 
 5.09575000e-08  1.43366458e-04 
 5.09675000e-08  1.40268899e-04 
 5.09837500e-08  1.27308928e-04 
 5.10000000e-08  9.98918069e-05 
 5.10025000e-08  9.49617624e-05 
 5.10075000e-08  8.56941199e-05 
 5.10175000e-08  6.90746923e-05 
 5.10337500e-08  4.86089110e-05 
 5.10500000e-08  3.87582608e-05 
 5.10525000e-08  3.82683552e-05 
 5.10575000e-08  3.81533551e-05 
 5.10675000e-08  4.16231131e-05 
 5.10837500e-08  5.90849484e-05 
 5.11000000e-08  9.36405688e-05 
 5.11025000e-08  1.00266441e-04 
 5.11075000e-08  1.14860215e-04 
 5.11175000e-08  1.45114215e-04 
 5.11337500e-08  1.85775220e-04 
 5.11500000e-08  1.98244859e-04 
 5.11525000e-08  1.95968844e-04 
 5.11575000e-08  1.89311500e-04 
 5.11675000e-08  1.59669913e-04 
 5.11837500e-08  5.49043503e-05 
 5.12000000e-08 -1.45818378e-04 
 5.12025000e-08 -1.87414706e-04 
 5.12075000e-08 -2.75580718e-04 
 5.12175000e-08 -4.82310249e-04 
 5.12337500e-08 -8.90666882e-04 
 5.12500000e-08 -1.32905852e-03 
 5.12525000e-08 -1.39068721e-03 
 5.12575000e-08 -1.52022705e-03 
 5.12675000e-08 -1.80461908e-03 
 5.12837500e-08 -2.29121442e-03 
 5.13000000e-08 -2.77782497e-03 
 5.13025000e-08 -2.85176991e-03 
 5.13075000e-08 -2.99988278e-03 
 5.13175000e-08 -3.29501326e-03 
 5.13337500e-08 -3.77165490e-03 
 5.13500000e-08 -4.24954299e-03 
 5.13525000e-08 -4.32312652e-03 
 5.13575000e-08 -4.47249821e-03 
 5.13675000e-08 -4.77725786e-03 
 5.13837500e-08 -5.29337314e-03 
 5.14000000e-08 -5.84602173e-03 
 5.14025000e-08 -5.93588002e-03 
 5.14075000e-08 -6.12208543e-03 
 5.14175000e-08 -6.51381241e-03 
 5.14337500e-08 -7.21102896e-03 
 5.14500000e-08 -8.00314156e-03 
 5.14525000e-08 -8.13315087e-03 
 5.14575000e-08 -8.40851689e-03 
 5.14675000e-08 -8.99663571e-03 
 5.14837500e-08 -1.00900863e-02 
 5.15000000e-08 -1.14080712e-02 
 5.15025000e-08 -1.16280702e-02 
 5.15075000e-08 -1.20994781e-02 
 5.15175000e-08 -1.30867914e-02 
 5.15337500e-08 -1.46761174e-02 
 5.15500000e-08 -1.57341784e-02 
 5.15525000e-08 -1.57754452e-02 
 5.15575000e-08 -1.57716677e-02 
 5.15675000e-08 -1.50289211e-02 
 5.15837500e-08 -1.09282148e-02 
 5.16000000e-08 -2.07513201e-03 
 5.16025000e-08 -1.57570001e-04 
 5.16075000e-08  3.74711705e-03 
 5.16175000e-08  1.35137379e-02 
 5.16337500e-08  3.54663448e-02 
 5.16500000e-08  6.61713153e-02 
 5.16525000e-08  7.19073616e-02 
 5.16575000e-08  8.39550971e-02 
 5.16675000e-08  1.11774601e-01 
 5.16837500e-08  1.69936233e-01 
 5.17000000e-08  2.49926064e-01 
 5.17025000e-08  2.65102286e-01 
 5.17075000e-08  2.97362192e-01 
 5.17175000e-08  3.75258574e-01 
 5.17337500e-08  5.63199606e-01 
 5.17500000e-08  8.57518986e-01 
 5.17525000e-08  9.14536681e-01 
 5.17575000e-08  1.03373705e+00 
 5.17675000e-08  1.30201913e+00 
 5.17837500e-08  1.81253134e+00 
 5.18000000e-08  2.34673195e+00 
 5.18025000e-08  2.41978547e+00 
 5.18075000e-08  2.55420057e+00 
 5.18175000e-08  2.77096426e+00 
 5.18337500e-08  3.00552188e+00 
 5.18500000e-08  3.13583986e+00 
 5.18525000e-08  3.14855030e+00 
 5.18575000e-08  3.17167297e+00 
 5.18675000e-08  3.20643059e+00 
 5.18837500e-08  3.24099109e+00 
 5.19000000e-08  3.25973400e+00 
 5.19025000e-08  3.26169156e+00 
 5.19075000e-08  3.26536617e+00 
 5.19175000e-08  3.27147483e+00 
 5.19337500e-08  3.27886979e+00 
 5.19500000e-08  3.28411962e+00 
 5.19525000e-08  3.28476893e+00 
 5.19575000e-08  3.28601098e+00 
 5.19675000e-08  3.28818225e+00 
 5.19837500e-08  3.29097775e+00 
 5.20000000e-08  3.29305844e+00 
 5.20025000e-08  3.29332013e+00 
 5.20075000e-08  3.29382141e+00 
 5.20175000e-08  3.29470208e+00 
 5.20337500e-08  3.29584658e+00 
 5.20500000e-08  3.29671084e+00 
 5.20525000e-08  3.29682053e+00 
 5.20575000e-08  3.29703022e+00 
 5.20675000e-08  3.29739850e+00 
 5.20837500e-08  3.29787812e+00 
 5.21000000e-08  3.29825438e+00 
 5.21025000e-08  3.29830601e+00 
 5.21075000e-08  3.29840636e+00 
 5.21175000e-08  3.29859390e+00 
 5.21337500e-08  3.29886176e+00 
 5.21500000e-08  3.29908513e+00 
 5.21525000e-08  3.29911553e+00 
 5.21575000e-08  3.29917446e+00 
 5.21675000e-08  3.29928308e+00 
 5.21837500e-08  3.29943431e+00 
 5.22000000e-08  3.29955672e+00 
 5.22025000e-08  3.29957244e+00 
 5.22075000e-08  3.29960202e+00 
 5.22175000e-08  3.29965258e+00 
 5.22337500e-08  3.29971685e+00 
 5.22500000e-08  3.29976502e+00 
 5.22525000e-08  3.29977118e+00 
 5.22575000e-08  3.29978279e+00 
 5.22675000e-08  3.29980323e+00 
 5.22837500e-08  3.29983035e+00 
 5.23000000e-08  3.29985114e+00 
 5.23025000e-08  3.29985411e+00 
 5.23075000e-08  3.29986008e+00 
 5.23175000e-08  3.29987222e+00 
 5.23337500e-08  3.29989020e+00 
 5.23500000e-08  3.29990637e+00 
 5.23525000e-08  3.29990870e+00 
 5.23575000e-08  3.29991299e+00 
 5.23675000e-08  3.29992034e+00 
 5.23837500e-08  3.29993186e+00 
 5.24000000e-08  3.29994537e+00 
 5.24025000e-08  3.29994741e+00 
 5.24075000e-08  3.29995136e+00 
 5.24175000e-08  3.29995650e+00 
 5.24337500e-08  3.29995723e+00 
 5.24500000e-08  3.29995090e+00 
 5.24525000e-08  3.29994970e+00 
 5.24575000e-08  3.29994755e+00 
 5.24675000e-08  3.29994399e+00 
 5.24837500e-08  3.29993836e+00 
 5.25000000e-08  3.29993220e+00 
 5.25025000e-08  3.29993120e+00 
 5.25075000e-08  3.29992908e+00 
 5.25175000e-08  3.29992462e+00 
 5.25337500e-08  3.29991779e+00 
 5.25500000e-08  3.29991155e+00 
 5.25525000e-08  3.29991054e+00 
 5.25575000e-08  3.29990846e+00 
 5.25675000e-08  3.29990466e+00 
 5.25837500e-08  3.29990021e+00 
 5.26000000e-08  3.29989880e+00 
 5.26025000e-08  3.29989895e+00 
 5.26075000e-08  3.29989925e+00 
 5.26175000e-08  3.29990069e+00 
 5.26337500e-08  3.29990548e+00 
 5.26500000e-08  3.29991352e+00 
 5.26525000e-08  3.29991534e+00 
 5.26575000e-08  3.29991941e+00 
 5.26675000e-08  3.29992971e+00 
 5.26837500e-08  3.29994907e+00 
 5.27000000e-08  3.29996851e+00 
 5.27025000e-08  3.29997118e+00 
 5.27075000e-08  3.29997609e+00 
 5.27175000e-08  3.29998393e+00 
 5.27337500e-08  3.29999244e+00 
 5.27500000e-08  3.29999734e+00 
 5.27525000e-08  3.29999768e+00 
 5.27575000e-08  3.29999807e+00 
 5.27675000e-08  3.29999618e+00 
 5.27837500e-08  3.29999211e+00 
 5.28000000e-08  3.29998718e+00 
 5.28025000e-08  3.29998648e+00 
 5.28075000e-08  3.29998535e+00 
 5.28175000e-08  3.29998408e+00 
 5.28337500e-08  3.29998263e+00 
 5.28500000e-08  3.29997974e+00 
 5.28525000e-08  3.29997875e+00 
 5.28575000e-08  3.29997644e+00 
 5.28675000e-08  3.29997003e+00 
 5.28837500e-08  3.29995794e+00 
 5.29000000e-08  3.29994806e+00 
 5.29025000e-08  3.29994723e+00 
 5.29075000e-08  3.29994634e+00 
 5.29175000e-08  3.29994802e+00 
 5.29337500e-08  3.29996086e+00 
 5.29500000e-08  3.29998817e+00 
 5.29525000e-08  3.29999222e+00 
 5.29575000e-08  3.30000038e+00 
 5.29675000e-08  3.30001777e+00 
 5.29837500e-08  3.30003777e+00 
 5.30000000e-08  3.30003843e+00 
 5.30025000e-08  3.30003585e+00 
 5.30075000e-08  3.30002933e+00 
 5.30175000e-08  3.30000754e+00 
 5.30337500e-08  3.29995410e+00 
 5.30500000e-08  3.29988279e+00 
 5.30525000e-08  3.29987099e+00 
 5.30575000e-08  3.29984760e+00 
 5.30675000e-08  3.29980485e+00 
 5.30837500e-08  3.29974712e+00 
 5.31000000e-08  3.29970278e+00 
 5.31025000e-08  3.29969737e+00 
 5.31075000e-08  3.29968748e+00 
 5.31175000e-08  3.29967435e+00 
 5.31337500e-08  3.29966993e+00 
 5.31500000e-08  3.29968258e+00 
 5.31525000e-08  3.29968606e+00 
 5.31575000e-08  3.29969648e+00 
 5.31675000e-08  3.29972460e+00 
 5.31837500e-08  3.29976113e+00 
 5.32000000e-08  3.29978642e+00 
 5.32025000e-08  3.29978910e+00 
 5.32075000e-08  3.29979306e+00 
 5.32175000e-08  3.29979922e+00 
 5.32337500e-08  3.29982033e+00 
 5.32500000e-08  3.29985933e+00 
 5.32525000e-08  3.29986638e+00 
 5.32575000e-08  3.29987990e+00 
 5.32675000e-08  3.29990459e+00 
 5.32837500e-08  3.29993621e+00 
 5.33000000e-08  3.29995579e+00 
 5.33025000e-08  3.29995752e+00 
 5.33075000e-08  3.29996004e+00 
 5.33175000e-08  3.29996114e+00 
 5.33337500e-08  3.29995290e+00 
 5.33500000e-08  3.29993318e+00 
 5.33525000e-08  3.29992929e+00 
 5.33575000e-08  3.29992059e+00 
 5.33675000e-08  3.29990024e+00 
 5.33837500e-08  3.29985576e+00 
 5.34000000e-08  3.29979330e+00 
 5.34025000e-08  3.29978241e+00 
 5.34075000e-08  3.29975878e+00 
 5.34175000e-08  3.29971009e+00 
 5.34337500e-08  3.29964085e+00 
 5.34500000e-08  3.29959958e+00 
 5.34525000e-08  3.29959700e+00 
 5.34575000e-08  3.29959282e+00 
 5.34675000e-08  3.29959320e+00 
 5.34837500e-08  3.29961254e+00 
 5.35000000e-08  3.29964994e+00 
 5.35025000e-08  3.29965745e+00 
 5.35075000e-08  3.29967267e+00 
 5.35175000e-08  3.29970848e+00 
 5.35337500e-08  3.29978653e+00 
 5.35500000e-08  3.29989924e+00 
 5.35525000e-08  3.29992092e+00 
 5.35575000e-08  3.29996656e+00 
 5.35675000e-08  3.30008075e+00 
 5.35837500e-08  3.30031019e+00 
 5.36000000e-08  3.30058201e+00 
 5.36025000e-08  3.30062765e+00 
 5.36075000e-08  3.30072024e+00 
 5.36175000e-08  3.30091319e+00 
 5.36337500e-08  3.30124406e+00 
 5.36500000e-08  3.30157470e+00 
 5.36525000e-08  3.30162628e+00 
 5.36575000e-08  3.30172303e+00 
 5.36675000e-08  3.30191978e+00 
 5.36837500e-08  3.30225646e+00 
 5.37000000e-08  3.30260088e+00 
 5.37025000e-08  3.30265521e+00 
 5.37075000e-08  3.30276492e+00 
 5.37175000e-08  3.30298938e+00 
 5.37337500e-08  3.30336465e+00 
 5.37500000e-08  3.30375427e+00 
 5.37525000e-08  3.30381517e+00 
 5.37575000e-08  3.30393815e+00 
 5.37675000e-08  3.30418626e+00 
 5.37837500e-08  3.30458194e+00 
 5.38000000e-08  3.30495210e+00 
 5.38025000e-08  3.30500505e+00 
 5.38075000e-08  3.30511034e+00 
 5.38175000e-08  3.30531501e+00 
 5.38337500e-08  3.30564019e+00 
 5.38500000e-08  3.30597503e+00 
 5.38525000e-08  3.30602861e+00 
 5.38575000e-08  3.30613838e+00 
 5.38675000e-08  3.30637273e+00 
 5.38837500e-08  3.30680478e+00 
 5.39000000e-08  3.30731647e+00 
 5.39025000e-08  3.30740395e+00 
 5.39075000e-08  3.30758510e+00 
 5.39175000e-08  3.30798118e+00 
 5.39337500e-08  3.30873136e+00 
 5.39500000e-08  3.30964080e+00 
 5.39525000e-08  3.30979831e+00 
 5.39575000e-08  3.31012620e+00 
 5.39675000e-08  3.31085015e+00 
 5.39837500e-08  3.31225164e+00 
 5.40000000e-08  3.31400135e+00 
 5.40025000e-08  3.31430885e+00 
 5.40075000e-08  3.31495246e+00 
 5.40175000e-08  3.31635744e+00 
 5.40337500e-08  3.31883235e+00 
 5.40500000e-08  3.32091656e+00 
 5.40525000e-08  3.32111150e+00 
 5.40575000e-08  3.32138093e+00 
 5.40675000e-08  3.32095895e+00 
 5.40837500e-08  3.31628068e+00 
 5.41000000e-08  3.30488161e+00 
 5.41025000e-08  3.30232360e+00 
 5.41075000e-08  3.29711394e+00 
 5.41175000e-08  3.28453902e+00 
 5.41337500e-08  3.25586965e+00 
 5.41500000e-08  3.21597511e+00 
 5.41525000e-08  3.20859066e+00 
 5.41575000e-08  3.19314384e+00 
 5.41675000e-08  3.15793174e+00 
 5.41837500e-08  3.08612784e+00 
 5.42000000e-08  2.99036055e+00 
 5.42025000e-08  2.97248154e+00 
 5.42075000e-08  2.93448089e+00 
 5.42175000e-08  2.84244934e+00 
 5.42337500e-08  2.61302257e+00 
 5.42500000e-08  2.26312472e+00 
 5.42525000e-08  2.19704052e+00 
 5.42575000e-08  2.05972871e+00 
 5.42675000e-08  1.75498830e+00 
 5.42837500e-08  1.18858955e+00 
 5.43000000e-08  6.47794894e-01 
 5.43025000e-08  5.78935761e-01 
 5.43075000e-08  4.53246691e-01 
 5.43175000e-08  2.67443182e-01 
 5.43337500e-08  1.08421271e-01 
 5.43500000e-08  5.13860964e-02 
 5.43525000e-08  4.75094684e-02 
 5.43575000e-08  4.05772913e-02 
 5.43675000e-08  3.06947696e-02 
 5.43837500e-08  2.09841938e-02 
 5.44000000e-08  1.52653334e-02 
 5.44025000e-08  1.46053318e-02 
 5.44075000e-08  1.33362094e-02 
 5.44175000e-08  1.11226392e-02 
 5.44337500e-08  8.27806243e-03 
 5.44500000e-08  6.15868737e-03 
 5.44525000e-08  5.89089406e-03 
 5.44575000e-08  5.37735179e-03 
 5.44675000e-08  4.47656137e-03 
 5.44837500e-08  3.31508439e-03 
 5.45000000e-08  2.45360110e-03 
 5.45025000e-08  2.34560100e-03 
 5.45075000e-08  2.13927683e-03 
 5.45175000e-08  1.77940910e-03 
 5.45337500e-08  1.31922233e-03 
 5.45500000e-08  9.81199284e-04 
 5.45525000e-08  9.39157307e-04 
 5.45575000e-08  8.58961082e-04 
 5.45675000e-08  7.19637355e-04 
 5.45837500e-08  5.42525513e-04 
 5.46000000e-08  4.13167291e-04 
 5.46025000e-08  3.97074393e-04 
 5.46075000e-08  3.66325938e-04 
 5.46175000e-08  3.12725859e-04 
 5.46337500e-08  2.44345673e-04 
 5.46500000e-08  1.94006805e-04 
 5.46525000e-08  1.87672552e-04 
 5.46575000e-08  1.75555636e-04 
 5.46675000e-08  1.54141429e-04 
 5.46837500e-08  1.26111455e-04 
 5.47000000e-08  1.04569782e-04 
 5.47025000e-08  1.01759194e-04 
 5.47075000e-08  9.63634001e-05 
 5.47175000e-08  8.70718111e-05 
 5.47337500e-08  7.43459274e-05 
 5.47500000e-08  6.35344678e-05 
 5.47525000e-08  6.20341854e-05 
 5.47575000e-08  5.92404624e-05 
 5.47675000e-08  5.33373793e-05 
 5.47837500e-08  4.25891195e-05 
 5.48000000e-08  3.31446436e-05 
 5.48025000e-08  3.20031218e-05 
 5.48075000e-08  2.96435802e-05 
 5.48175000e-08  2.54438349e-05 
 5.48337500e-08  2.05724926e-05 
 5.48500000e-08  1.78523108e-05 
 5.48525000e-08  1.76632937e-05 
 5.48575000e-08  1.73278219e-05 
 5.48675000e-08  1.71562145e-05 
 5.48837500e-08  1.77164694e-05 
 5.49000000e-08  1.89545495e-05 
 5.49025000e-08  1.91511318e-05 
 5.49075000e-08  1.94442657e-05 
 5.49175000e-08  1.96648158e-05 
 5.49337500e-08  1.87180244e-05 
 5.49500000e-08  1.57379800e-05 
 5.49525000e-08  1.50979625e-05 
 5.49575000e-08  1.37297289e-05 
 5.49675000e-08  1.06210012e-05 
 5.49837500e-08  5.07378366e-06 
 5.50000000e-08  7.02744564e-08 
 5.50025000e-08 -5.50928790e-07 
 5.50075000e-08 -1.66166070e-06 
 5.50175000e-08 -2.78583673e-06 
 5.50337500e-08 -3.40345462e-06 
 5.50500000e-08 -3.00951897e-06 
 5.50525000e-08 -2.89560790e-06 
 5.50575000e-08 -2.70550979e-06 
 5.50675000e-08 -2.26676085e-06 
 5.50837500e-08 -8.62720345e-07 
 5.51000000e-08  2.78582846e-06 
 5.51025000e-08  3.36325168e-06 
 5.51075000e-08  4.50487773e-06 
 5.51175000e-08  6.72702765e-06 
 5.51337500e-08  9.85611614e-06 
 5.51500000e-08  1.21181663e-05 
 5.51525000e-08  1.23845086e-05 
 5.51575000e-08  1.27586229e-05 
 5.51675000e-08  1.31258993e-05 
 5.51837500e-08  1.34100096e-05 
 5.52000000e-08  1.33090370e-05 
 5.52025000e-08  1.32581131e-05 
 5.52075000e-08  1.30901193e-05 
 5.52175000e-08  1.24834511e-05 
 5.52337500e-08  1.06471760e-05 
 5.52500000e-08  7.82554560e-06 
 5.52525000e-08  7.40928466e-06 
 5.52575000e-08  6.55479485e-06 
 5.52675000e-08  4.48086969e-06 
 5.52837500e-08 -1.56669467e-07 
 5.53000000e-08 -5.55326676e-06 
 5.53025000e-08 -6.58353859e-06 
 5.53075000e-08 -9.03380779e-06 
 5.53175000e-08 -1.42706456e-05 
 5.53337500e-08 -2.21827702e-05 
 5.53500000e-08 -2.63823843e-05 
 5.53525000e-08 -2.64806672e-05 
 5.53575000e-08 -2.67828027e-05 
 5.53675000e-08 -2.61443517e-05 
 5.53837500e-08 -2.11578188e-05 
 5.54000000e-08 -1.05096384e-05 
 5.54025000e-08 -8.00173400e-06 
 5.54075000e-08 -2.53873859e-06 
 5.54175000e-08  1.07994409e-05 
 5.54337500e-08  3.84654474e-05 
 5.54500000e-08  7.06200528e-05 
 5.54525000e-08  7.55672950e-05 
 5.54575000e-08  8.51598452e-05 
 5.54675000e-08  1.02959341e-04 
 5.54837500e-08  1.32000972e-04 
 5.55000000e-08  1.50502364e-04 
 5.55025000e-08  1.52161119e-04 
 5.55075000e-08  1.55064550e-04 
 5.55175000e-08  1.58796783e-04 
 5.55337500e-08  1.58104034e-04 
 5.55500000e-08  1.52651864e-04 
 5.55525000e-08  1.51795541e-04 
 5.55575000e-08  1.50117966e-04 
 5.55675000e-08  1.47298849e-04 
 5.55837500e-08  1.44379013e-04 
 5.56000000e-08  1.40744534e-04 
 5.56025000e-08  1.38780431e-04 
 5.56075000e-08  1.34303528e-04 
 5.56175000e-08  1.20821414e-04 
 5.56337500e-08  9.24030888e-05 
 5.56500000e-08  6.46725618e-05 
 5.56525000e-08  6.08394695e-05 
 5.56575000e-08  5.38181005e-05 
 5.56675000e-08  4.28193771e-05 
 5.56837500e-08  3.55374088e-05 
 5.57000000e-08  4.31084945e-05 
 5.57025000e-08  4.57118181e-05 
 5.57075000e-08  5.23129379e-05 
 5.57175000e-08  7.04671187e-05 
 5.57337500e-08  1.12414791e-04 
 5.57500000e-08  1.60103820e-04 
 5.57525000e-08  1.66262493e-04 
 5.57575000e-08  1.77993248e-04 
 5.57675000e-08  1.93105706e-04 
 5.57837500e-08  1.86272283e-04 
 5.58000000e-08  1.26433838e-04 
 5.58025000e-08  1.10501939e-04 
 5.58075000e-08  7.47264444e-05 
 5.58175000e-08 -2.52583958e-05 
 5.58337500e-08 -2.78423815e-04 
 5.58500000e-08 -6.31688148e-04 
 5.58525000e-08 -6.95187181e-04 
 5.58575000e-08 -8.25506055e-04 
 5.58675000e-08 -1.10443621e-03 
 5.58837500e-08 -1.51183709e-03 
 5.59000000e-08 -1.98727561e-03 
 5.59025000e-08 -2.06272292e-03 
 5.59075000e-08 -2.21348313e-03 
 5.59175000e-08 -2.51285410e-03 
 5.59337500e-08 -2.99059412e-03 
 5.59500000e-08 -3.46012048e-03 
 5.59525000e-08 -3.53135462e-03 
 5.59575000e-08 -3.67446703e-03 
 5.59675000e-08 -3.96201362e-03 
 5.59837500e-08 -4.43847727e-03 
 5.60000000e-08 -4.94188187e-03 
 5.60025000e-08 -5.02176315e-03 
 5.60075000e-08 -5.18540634e-03 
 5.60175000e-08 -5.52303691e-03 
 5.60337500e-08 -6.10974083e-03 
 5.60500000e-08 -6.76293896e-03 
 5.60525000e-08 -6.86883161e-03 
 5.60575000e-08 -7.08969806e-03 
 5.60675000e-08 -7.55449091e-03 
 5.60837500e-08 -8.39236331e-03 
 5.61000000e-08 -9.37350261e-03 
 5.61025000e-08 -9.53739571e-03 
 5.61075000e-08 -9.88937698e-03 
 5.61175000e-08 -1.06506556e-02 
 5.61337500e-08 -1.20679099e-02 
 5.61500000e-08 -1.36696736e-02 
 5.61525000e-08 -1.39122046e-02 
 5.61575000e-08 -1.44072908e-02 
 5.61675000e-08 -1.52601588e-02 
 5.61837500e-08 -1.57407965e-02 
 5.62000000e-08 -1.39684271e-02 
 5.62025000e-08 -1.33624772e-02 
 5.62075000e-08 -1.19446247e-02 
 5.62175000e-08 -7.72798725e-03 
 5.62337500e-08  3.44200262e-03 
 5.62500000e-08  2.05126809e-02 
 5.62525000e-08  2.38803826e-02 
 5.62575000e-08  3.10084184e-02 
 5.62675000e-08  4.77492684e-02 
 5.62837500e-08  8.30761594e-02 
 5.63000000e-08  1.30917993e-01 
 5.63025000e-08  1.39798177e-01 
 5.63075000e-08  1.58471922e-01 
 5.63175000e-08  2.01891795e-01 
 5.63337500e-08  2.95273631e-01 
 5.63500000e-08  4.33709642e-01 
 5.63525000e-08  4.61663286e-01 
 5.63575000e-08  5.22831713e-01 
 5.63675000e-08  6.77563848e-01 
 5.63837500e-08  1.02258078e+00 
 5.64000000e-08  1.47503611e+00 
 5.64025000e-08  1.55447413e+00 
 5.64075000e-08  1.71706543e+00 
 5.64175000e-08  2.05707252e+00 
 5.64337500e-08  2.54508300e+00 
 5.64500000e-08  2.87095795e+00 
 5.64525000e-08  2.90620333e+00 
 5.64575000e-08  2.97083381e+00 
 5.64675000e-08  3.07048843e+00 
 5.64837500e-08  3.17070207e+00 
 5.65000000e-08  3.22224497e+00 
 5.65025000e-08  3.22715663e+00 
 5.65075000e-08  3.23615739e+00 
 5.65175000e-08  3.25008604e+00 
 5.65337500e-08  3.26511271e+00 
 5.65500000e-08  3.27455837e+00 
 5.65525000e-08  3.27565952e+00 
 5.65575000e-08  3.27775506e+00 
 5.65675000e-08  3.28136828e+00 
 5.65837500e-08  3.28594814e+00 
 5.66000000e-08  3.28931758e+00 
 5.66025000e-08  3.28973922e+00 
 5.66075000e-08  3.29054596e+00 
 5.66175000e-08  3.29195808e+00 
 5.66337500e-08  3.29378221e+00 
 5.66500000e-08  3.29514908e+00 
 5.66525000e-08  3.29532218e+00 
 5.66575000e-08  3.29565437e+00 
 5.66675000e-08  3.29624143e+00 
 5.66837500e-08  3.29701005e+00 
 5.67000000e-08  3.29758992e+00 
 5.67025000e-08  3.29766340e+00 
 5.67075000e-08  3.29780345e+00 
 5.67175000e-08  3.29805441e+00 
 5.67337500e-08  3.29840345e+00 
 5.67500000e-08  3.29869983e+00 
 5.67525000e-08  3.29874096e+00 
 5.67575000e-08  3.29882070e+00 
 5.67675000e-08  3.29896775e+00 
 5.67837500e-08  3.29917314e+00 
 5.68000000e-08  3.29934230e+00 
 5.68025000e-08  3.29936509e+00 
 5.68075000e-08  3.29940896e+00 
 5.68175000e-08  3.29948814e+00 
 5.68337500e-08  3.29959523e+00 
 5.68500000e-08  3.29967650e+00 
 5.68525000e-08  3.29968678e+00 
 5.68575000e-08  3.29970617e+00 
 5.68675000e-08  3.29973957e+00 
 5.68837500e-08  3.29978223e+00 
 5.69000000e-08  3.29981447e+00 
 5.69025000e-08  3.29981884e+00 
 5.69075000e-08  3.29982728e+00 
 5.69175000e-08  3.29984302e+00 
 5.69337500e-08  3.29986453e+00 
 5.69500000e-08  3.29988143e+00 
 5.69525000e-08  3.29988372e+00 
 5.69575000e-08  3.29988816e+00 
 5.69675000e-08  3.29989687e+00 
 5.69837500e-08  3.29991158e+00 
 5.70000000e-08  3.29992512e+00 
 5.70025000e-08  3.29992703e+00 
 5.70075000e-08  3.29993077e+00 
 5.70175000e-08  3.29993769e+00 
 5.70337500e-08  3.29994880e+00 
 5.70500000e-08  3.29995561e+00 
 5.70525000e-08  3.29995585e+00 
 5.70575000e-08  3.29995637e+00 
 5.70675000e-08  3.29995649e+00 
 5.70837500e-08  3.29995323e+00 
 5.71000000e-08  3.29994658e+00 
 5.71025000e-08  3.29994541e+00 
 5.71075000e-08  3.29994302e+00 
 5.71175000e-08  3.29993821e+00 
 5.71337500e-08  3.29993079e+00 
 5.71500000e-08  3.29992424e+00 
 5.71525000e-08  3.29992330e+00 
 5.71575000e-08  3.29992129e+00 
 5.71675000e-08  3.29991704e+00 
 5.71837500e-08  3.29991001e+00 
 5.72000000e-08  3.29990402e+00 
 5.72025000e-08  3.29990326e+00 
 5.72075000e-08  3.29990160e+00 
 5.72175000e-08  3.29989858e+00 
 5.72337500e-08  3.29989627e+00 
 5.72500000e-08  3.29989830e+00 
 5.72525000e-08  3.29989924e+00 
 5.72575000e-08  3.29990141e+00 
 5.72675000e-08  3.29990756e+00 
 5.72837500e-08  3.29992040e+00 
 5.73000000e-08  3.29993580e+00 
 5.73025000e-08  3.29993832e+00 
 5.73075000e-08  3.29994323e+00 
 5.73175000e-08  3.29995288e+00 
 5.73337500e-08  3.29996816e+00 
 5.73500000e-08  3.29998134e+00 
 5.73525000e-08  3.29998301e+00 
 5.73575000e-08  3.29998621e+00 
 5.73675000e-08  3.29999165e+00 
 5.73837500e-08  3.29999704e+00 
 5.74000000e-08  3.29999632e+00 
 5.74025000e-08  3.29999602e+00 
 5.74075000e-08  3.29999524e+00 
 5.74175000e-08  3.29999278e+00 
 5.74337500e-08  3.29998862e+00 
 5.74500000e-08  3.29998573e+00 
 5.74525000e-08  3.29998537e+00 
 5.74575000e-08  3.29998477e+00 
 5.74675000e-08  3.29998351e+00 
 5.74837500e-08  3.29997922e+00 
 5.75000000e-08  3.29997105e+00 
 5.75025000e-08  3.29996936e+00 
 5.75075000e-08  3.29996595e+00 
 5.75175000e-08  3.29995920e+00 
 5.75337500e-08  3.29995131e+00 
 5.75500000e-08  3.29995007e+00 
 5.75525000e-08  3.29995071e+00 
 5.75575000e-08  3.29995409e+00 
 5.75675000e-08  3.29996906e+00 
 5.75837500e-08  3.29999361e+00 
 5.76000000e-08  3.30002077e+00 
 5.76025000e-08  3.30002431e+00 
 5.76075000e-08  3.30003076e+00 
 5.76175000e-08  3.30003799e+00 
 5.76337500e-08  3.30002943e+00 
 5.76500000e-08  3.29999134e+00 
 5.76525000e-08  3.29998346e+00 
 5.76575000e-08  3.29996653e+00 
 5.76675000e-08  3.29992667e+00 
 5.76837500e-08  3.29985396e+00 
 5.77000000e-08  3.29978762e+00 
 5.77025000e-08  3.29977870e+00 
 5.77075000e-08  3.29976156e+00 
 5.77175000e-08  3.29973121e+00 
 5.77337500e-08  3.29969111e+00 
 5.77500000e-08  3.29967125e+00 
 5.77525000e-08  3.29967075e+00 
 5.77575000e-08  3.29967075e+00 
 5.77675000e-08  3.29967612e+00 
 5.77837500e-08  3.29969671e+00 
 5.78000000e-08  3.29974145e+00 
 5.78025000e-08  3.29974679e+00 
 5.78075000e-08  3.29975630e+00 
 5.78175000e-08  3.29977140e+00 
 5.78337500e-08  3.29978696e+00 
 5.78500000e-08  3.29979525e+00 
 5.78525000e-08  3.29979840e+00 
 5.78575000e-08  3.29980604e+00 
 5.78675000e-08  3.29982957e+00 
 5.78837500e-08  3.29987619e+00 
 5.79000000e-08  3.29991926e+00 
 5.79025000e-08  3.29992485e+00 
 5.79075000e-08  3.29993503e+00 
 5.79175000e-08  3.29995083e+00 
 5.79337500e-08  3.29996518e+00 
 5.79500000e-08  3.29996684e+00 
 5.79525000e-08  3.29996585e+00 
 5.79575000e-08  3.29996266e+00 
 5.79675000e-08  3.29995149e+00 
 5.79837500e-08  3.29992300e+00 
 5.80000000e-08  3.29988186e+00 
 5.80025000e-08  3.29987465e+00 
 5.80075000e-08  3.29985899e+00 
 5.80175000e-08  3.29982483e+00 
 5.80337500e-08  3.29975897e+00 
 5.80500000e-08  3.29968740e+00 
 5.80525000e-08  3.29967739e+00 
 5.80575000e-08  3.29965713e+00 
 5.80675000e-08  3.29962270e+00 
 5.80837500e-08  3.29959048e+00 
 5.81000000e-08  3.29958783e+00 
 5.81025000e-08  3.29959053e+00 
 5.81075000e-08  3.29959679e+00 
 5.81175000e-08  3.29961700e+00 
 5.81337500e-08  3.29966569e+00 
 5.81500000e-08  3.29973324e+00 
 5.81525000e-08  3.29974573e+00 
 5.81575000e-08  3.29977129e+00 
 5.81675000e-08  3.29983050e+00 
 5.81837500e-08  3.29995770e+00 
 5.82000000e-08  3.30014412e+00 
 5.82025000e-08  3.30017838e+00 
 5.82075000e-08  3.30024913e+00 
 5.82175000e-08  3.30040526e+00 
 5.82337500e-08  3.30069333e+00 
 5.82500000e-08  3.30101224e+00 
 5.82525000e-08  3.30106354e+00 
 5.82575000e-08  3.30116668e+00 
 5.82675000e-08  3.30137413e+00 
 5.82837500e-08  3.30170360e+00 
 5.83000000e-08  3.30202698e+00 
 5.83025000e-08  3.30208088e+00 
 5.83075000e-08  3.30218553e+00 
 5.83175000e-08  3.30239560e+00 
 5.83337500e-08  3.30275235e+00 
 5.83500000e-08  3.30312399e+00 
 5.83525000e-08  3.30318174e+00 
 5.83575000e-08  3.30329773e+00 
 5.83675000e-08  3.30353308e+00 
 5.83837500e-08  3.30392299e+00 
 5.84000000e-08  3.30431853e+00 
 5.84025000e-08  3.30437819e+00 
 5.84075000e-08  3.30449714e+00 
 5.84175000e-08  3.30472753e+00 
 5.84337500e-08  3.30507917e+00 
 5.84500000e-08  3.30540971e+00 
 5.84525000e-08  3.30545933e+00 
 5.84575000e-08  3.30555997e+00 
 5.84675000e-08  3.30576704e+00 
 5.84837500e-08  3.30612455e+00 
 5.85000000e-08  3.30652183e+00 
 5.85025000e-08  3.30658753e+00 
 5.85075000e-08  3.30672263e+00 
 5.85175000e-08  3.30701437e+00 
 5.85337500e-08  3.30756198e+00 
 5.85500000e-08  3.30822188e+00 
 5.85525000e-08  3.30833579e+00 
 5.85575000e-08  3.30857235e+00 
 5.85675000e-08  3.30909232e+00 
 5.85837500e-08  3.31008661e+00 
 5.86000000e-08  3.31130917e+00 
 5.86025000e-08  3.31152307e+00 
 5.86075000e-08  3.31197054e+00 
 5.86175000e-08  3.31296460e+00 
 5.86337500e-08  3.31489489e+00 
 5.86500000e-08  3.31722907e+00 
 5.86525000e-08  3.31761684e+00 
 5.86575000e-08  3.31840211e+00 
 5.86675000e-08  3.31989806e+00 
 5.86837500e-08  3.32137668e+00 
 5.87000000e-08  3.31995893e+00 
 5.87025000e-08  3.31929005e+00 
 5.87075000e-08  3.31765627e+00 
 5.87175000e-08  3.31242827e+00 
 5.87337500e-08  3.29772292e+00 
 5.87500000e-08  3.27568333e+00 
 5.87525000e-08  3.27128071e+00 
 5.87575000e-08  3.26196382e+00 
 5.87675000e-08  3.24014999e+00 
 5.87837500e-08  3.19470998e+00 
 5.88000000e-08  3.13459040e+00 
 5.88025000e-08  3.12361286e+00 
 5.88075000e-08  3.10063966e+00 
 5.88175000e-08  3.04805715e+00 
 5.88337500e-08  2.93741090e+00 
 5.88500000e-08  2.77217953e+00 
 5.88525000e-08  2.73800907e+00 
 5.88575000e-08  2.66274142e+00 
 5.88675000e-08  2.47515513e+00 
 5.88837500e-08  2.07155318e+00 
 5.89000000e-08  1.55920704e+00 
 5.89025000e-08  1.47074869e+00 
 5.89075000e-08  1.29060545e+00 
 5.89175000e-08  9.27396686e-01 
 5.89337500e-08  4.56330867e-01 
 5.89500000e-08  1.89151391e-01 
 5.89522391e-08  1.69084756e-01 
 5.89567174e-08  1.33671186e-01 
 5.89656738e-08  8.55344614e-02 
 5.89835868e-08  4.02307492e-02 
 5.90000000e-08  2.59782904e-02 
 5.90025000e-08  2.46888092e-02 
 5.90075000e-08  2.22455686e-02 
 5.90175000e-08  1.82131462e-02 
 5.90337500e-08  1.33734508e-02 
 5.90500000e-08  9.94795882e-03 
 5.90525000e-08  9.52094481e-03 
 5.90575000e-08  8.70021913e-03 
 5.90675000e-08  7.25823579e-03 
 5.90837500e-08  5.39133784e-03 
 5.91000000e-08  3.99799634e-03 
 5.91025000e-08  3.82247615e-03 
 5.91075000e-08  3.48652055e-03 
 5.91175000e-08  2.89869983e-03 
 5.91337500e-08  2.14385875e-03 
 5.91500000e-08  1.58614215e-03 
 5.91525000e-08  1.51658706e-03 
 5.91575000e-08  1.38385297e-03 
 5.91675000e-08  1.15300210e-03 
 5.91837500e-08  8.58996944e-04 
 5.92000000e-08  6.43923651e-04 
 5.92025000e-08  6.17239120e-04 
 5.92075000e-08  5.66373434e-04 
 5.92175000e-08  4.78156142e-04 
 5.92337500e-08  3.66295186e-04 
 5.92500000e-08  2.84744832e-04 
 5.92525000e-08  2.74555039e-04 
 5.92575000e-08  2.55023410e-04 
 5.92675000e-08  2.20662905e-04 
 5.92837500e-08  1.76184792e-04 
 5.93000000e-08  1.42588595e-04 
 5.93025000e-08  1.38375820e-04 
 5.93075000e-08  1.30423101e-04 
 5.93175000e-08  1.16679527e-04 
 5.93337500e-08  9.83930089e-05 
 5.93500000e-08  8.35873702e-05 
 5.93525000e-08  8.16178347e-05 
 5.93575000e-08  7.78054964e-05 
 5.93675000e-08  7.08004889e-05 
 5.93837500e-08  6.06709831e-05 
 5.94000000e-08  4.98302365e-05 
 5.94025000e-08  4.79285489e-05 
 5.94075000e-08  4.38075825e-05 
 5.94175000e-08  3.57050896e-05 
 5.94337500e-08  2.53345950e-05 
 5.94500000e-08  1.90405161e-05 
 5.94525000e-08  1.85883928e-05 
 5.94575000e-08  1.79109697e-05 
 5.94675000e-08  1.76967207e-05 
 5.94837500e-08  1.84565390e-05 
 5.95000000e-08  1.95724480e-05 
 5.95025000e-08  1.96549803e-05 
 5.95075000e-08  1.96104762e-05 
 5.95175000e-08  1.91243888e-05 
 5.95337500e-08  1.84310617e-05 
 5.95500000e-08  1.76157784e-05 
 5.95525000e-08  1.75074070e-05 
 5.95575000e-08  1.73084513e-05 
 5.95675000e-08  1.67442027e-05 
 5.95837500e-08  1.41864756e-05 
 5.96000000e-08  9.57950221e-06 
 5.96025000e-08  8.70036731e-06 
 5.96075000e-08  6.85452365e-06 
 5.96175000e-08  3.12164466e-06 
 5.96337500e-08 -1.86497381e-06 
 5.96500000e-08 -4.17295156e-06 
 5.96525000e-08 -4.35429899e-06 
 5.96575000e-08 -4.63682896e-06 
 5.96675000e-08 -4.77333773e-06 
 5.96837500e-08 -4.05297538e-06 
 5.97000000e-08 -2.36800046e-06 
 5.97025000e-08 -2.06542461e-06 
 5.97075000e-08 -1.48950464e-06 
 5.97175000e-08  2.42961229e-07 
 5.97337500e-08  4.06567800e-06 
 5.97500000e-08  6.11798581e-06 
 5.97525000e-08  6.52973546e-06 
 5.97575000e-08  7.44190398e-06 
 5.97675000e-08  9.43944397e-06 
 5.97837500e-08  1.28917768e-05 
 5.98000000e-08  1.60423105e-05 
 5.98025000e-08  1.63322637e-05 
 5.98075000e-08  1.66269945e-05 
 5.98175000e-08  1.62705834e-05 
 5.98337500e-08  1.45944136e-05 
 5.98500000e-08  1.22719134e-05 
 5.98525000e-08  1.19651371e-05 
 5.98575000e-08  1.13848519e-05 
 5.98675000e-08  1.03397131e-05 
 5.98837500e-08  7.80731998e-06 
 5.99000000e-08  3.29657809e-06 
 5.99025000e-08  2.63507284e-06 
 5.99075000e-08  1.30400069e-06 
 5.99175000e-08 -1.27885224e-06 
 5.99337500e-08 -7.11074619e-06 
 5.99500000e-08 -1.48701935e-05 
 5.99525000e-08 -1.60965268e-05 
 5.99575000e-08 -1.89332023e-05 
 5.99675000e-08 -2.39446154e-05 
 5.99837500e-08 -2.76334517e-05 
 6.00000000e-08 -2.54652379e-05 
 6.00025000e-08 -2.44419933e-05 
 6.00075000e-08 -2.22860713e-05 
 6.00175000e-08 -1.60946300e-05 
 6.00337500e-08 -1.09335739e-06 
 6.00500000e-08  2.00846593e-05 
 6.00525000e-08  2.40600063e-05 
 6.00575000e-08  3.21606809e-05 
 6.00675000e-08  4.96632274e-05 
 6.00837500e-08  7.98556697e-05 
 6.01000000e-08  1.08814869e-04 
 6.01025000e-08  1.14591239e-04 
 6.01075000e-08  1.24843685e-04 
 6.01175000e-08  1.40759011e-04 
 6.01337500e-08  1.57489475e-04 
 6.01500000e-08  1.65127452e-04 
 6.01525000e-08  1.65251661e-04 
 6.01575000e-08  1.62797477e-04 
 6.01675000e-08  1.59483713e-04 
 6.01837500e-08  1.52227742e-04 
 6.02000000e-08  1.44416156e-04 
 6.02025000e-08  1.43601558e-04 
 6.02075000e-08  1.42502924e-04 
 6.02175000e-08  1.40323359e-04 
 6.02337500e-08  1.31694060e-04 
 6.02500000e-08  1.06546073e-04 
 6.02525000e-08  1.01671016e-04 
 6.02575000e-08  9.23424806e-05 
 6.02675000e-08  7.49380076e-05 
 6.02837500e-08  5.25838115e-05 
 6.03000000e-08  4.08206305e-05 
 6.03025000e-08  3.99942188e-05 
 6.03075000e-08  3.91077007e-05 
 6.03175000e-08  4.06747963e-05 
 6.03337500e-08  5.46106668e-05 
 6.03500000e-08  8.54875743e-05 
 6.03525000e-08  9.16876761e-05 
 6.03575000e-08  1.05609778e-04 
 6.03675000e-08  1.35672485e-04 
 6.03837500e-08  1.79186092e-04 
 6.04000000e-08  1.97309059e-04 
 6.04025000e-08  1.96192776e-04 
 6.04075000e-08  1.92101416e-04 
 6.04175000e-08  1.68728695e-04 
 6.04337500e-08  7.64714455e-05 
 6.04500000e-08 -1.08718340e-04 
 6.04525000e-08 -1.48396764e-04 
 6.04575000e-08 -2.32894615e-04 
 6.04675000e-08 -4.33494165e-04 
 6.04837500e-08 -8.35925461e-04 
 6.05000000e-08 -1.28461674e-03 
 6.05025000e-08 -1.34436978e-03 
 6.05075000e-08 -1.47141199e-03 
 6.05175000e-08 -1.75521968e-03 
 6.05337500e-08 -2.24453280e-03 
 6.05500000e-08 -2.73141264e-03 
 6.05525000e-08 -2.80476539e-03 
 6.05575000e-08 -2.95122698e-03 
 6.05675000e-08 -3.24169821e-03 
 6.05837500e-08 -3.71104641e-03 
 6.06000000e-08 -4.18437170e-03 
 6.06025000e-08 -4.25754610e-03 
 6.06075000e-08 -4.40631258e-03 
 6.06175000e-08 -4.71073061e-03 
 6.06337500e-08 -5.22600796e-03 
 6.06500000e-08 -5.77545883e-03 
 6.06525000e-08 -5.86408342e-03 
 6.06575000e-08 -6.04761820e-03 
 6.06675000e-08 -6.43350010e-03 
 6.06837500e-08 -7.11999362e-03 
 6.07000000e-08 -7.90017677e-03 
 6.07025000e-08 -8.02834844e-03 
 6.07075000e-08 -8.29962237e-03 
 6.07175000e-08 -8.87898400e-03 
 6.07337500e-08 -9.95495871e-03 
 6.07500000e-08 -1.12519406e-02 
 6.07525000e-08 -1.14689870e-02 
 6.07575000e-08 -1.19346630e-02 
 6.07675000e-08 -1.29151658e-02 
 6.07837500e-08 -1.45249853e-02 
 6.08000000e-08 -1.56884610e-02 
 6.08025000e-08 -1.57580105e-02 
 6.08075000e-08 -1.58196336e-02 
 6.08175000e-08 -1.52611125e-02 
 6.08337500e-08 -1.16136897e-02 
 6.08500000e-08 -3.37171576e-03 
 6.08525000e-08 -1.56023997e-03 
 6.08575000e-08  2.22011940e-03 
 6.08675000e-08  1.14973389e-02 
 6.08837500e-08  3.25965120e-02 
 6.09000000e-08  6.23025841e-02 
 6.09025000e-08  6.78633686e-02 
 6.09075000e-08  7.95452093e-02 
 6.09175000e-08  1.06524598e-01 
 6.09337500e-08  1.62871609e-01 
 6.09500000e-08  2.40120052e-01 
 6.09525000e-08  2.54732879e-01 
 6.09575000e-08  2.85753791e-01 
 6.09675000e-08  3.60309951e-01 
 6.09837500e-08  5.38360854e-01 
 6.10000000e-08  8.20034296e-01 
 6.10025000e-08  8.75102494e-01 
 6.10075000e-08  9.90504012e-01 
 6.10175000e-08  1.25149125e+00 
 6.10337500e-08  1.75257241e+00 
 6.10500000e-08  2.29208824e+00 
 6.10525000e-08  2.36851729e+00 
 6.10575000e-08  2.50932403e+00 
 6.10675000e-08  2.73729651e+00 
 6.10837500e-08  2.98582339e+00 
 6.11000000e-08  3.12517665e+00 
 6.11025000e-08  3.13884042e+00 
 6.11075000e-08  3.16370459e+00 
 6.11175000e-08  3.20109552e+00 
 6.11337500e-08  3.23818943e+00 
 6.11500000e-08  3.25812890e+00 
 6.11525000e-08  3.26019144e+00 
 6.11575000e-08  3.26405761e+00 
 6.11675000e-08  3.27045927e+00 
 6.11837500e-08  3.27816587e+00 
 6.12000000e-08  3.28360976e+00 
 6.12025000e-08  3.28428151e+00 
 6.12075000e-08  3.28556609e+00 
 6.12175000e-08  3.28780991e+00 
 6.12337500e-08  3.29069733e+00 
 6.12500000e-08  3.29284664e+00 
 6.12525000e-08  3.29311696e+00 
 6.12575000e-08  3.29363462e+00 
 6.12675000e-08  3.29454361e+00 
 6.12837500e-08  3.29572465e+00 
 6.13000000e-08  3.29661676e+00 
 6.13025000e-08  3.29673035e+00 
 6.13075000e-08  3.29694812e+00 
 6.13175000e-08  3.29733263e+00 
 6.13337500e-08  3.29783429e+00 
 6.13500000e-08  3.29822477e+00 
 6.13525000e-08  3.29827778e+00 
 6.13575000e-08  3.29838040e+00 
 6.13675000e-08  3.29857077e+00 
 6.13837500e-08  3.29884143e+00 
 6.14000000e-08  3.29906729e+00 
 6.14025000e-08  3.29909797e+00 
 6.14075000e-08  3.29915726e+00 
 6.14175000e-08  3.29926592e+00 
 6.14337500e-08  3.29941693e+00 
 6.14500000e-08  3.29953954e+00 
 6.14525000e-08  3.29955564e+00 
 6.14575000e-08  3.29958631e+00 
 6.14675000e-08  3.29964013e+00 
 6.14837500e-08  3.29971001e+00 
 6.15000000e-08  3.29976255e+00 
 6.15025000e-08  3.29976929e+00 
 6.15075000e-08  3.29978211e+00 
 6.15175000e-08  3.29980504e+00 
 6.15337500e-08  3.29983566e+00 
 6.15500000e-08  3.29985886e+00 
 6.15525000e-08  3.29986193e+00 
 6.15575000e-08  3.29986780e+00 
 6.15675000e-08  3.29987864e+00 
 6.15837500e-08  3.29989378e+00 
 6.16000000e-08  3.29990752e+00 
 6.16025000e-08  3.29990950e+00 
 6.16075000e-08  3.29991300e+00 
 6.16175000e-08  3.29991847e+00 
 6.16337500e-08  3.29992709e+00 
 6.16500000e-08  3.29993850e+00 
 6.16525000e-08  3.29994047e+00 
 6.16575000e-08  3.29994456e+00 
 6.16675000e-08  3.29995096e+00 
 6.16837500e-08  3.29995434e+00 
 6.17000000e-08  3.29995006e+00 
 6.17025000e-08  3.29994904e+00 
 6.17075000e-08  3.29994710e+00 
 6.17175000e-08  3.29994356e+00 
 6.17337500e-08  3.29993758e+00 
 6.17500000e-08  3.29993117e+00 
 6.17525000e-08  3.29993013e+00 
 6.17575000e-08  3.29992789e+00 
 6.17675000e-08  3.29992310e+00 
 6.17837500e-08  3.29991574e+00 
 6.18000000e-08  3.29990925e+00 
 6.18025000e-08  3.29990841e+00 
 6.18075000e-08  3.29990652e+00 
 6.18175000e-08  3.29990359e+00 
 6.18337500e-08  3.29990071e+00 
 6.18500000e-08  3.29990028e+00 
 6.18525000e-08  3.29990056e+00 
 6.18575000e-08  3.29990117e+00 
 6.18675000e-08  3.29990334e+00 
 6.18837500e-08  3.29990911e+00 
 6.19000000e-08  3.29991758e+00 
 6.19025000e-08  3.29991921e+00 
 6.19075000e-08  3.29992256e+00 
 6.19175000e-08  3.29993028e+00 
 6.19337500e-08  3.29994534e+00 
 6.19500000e-08  3.29996210e+00 
 6.19525000e-08  3.29996466e+00 
 6.19575000e-08  3.29996960e+00 
 6.19675000e-08  3.29997849e+00 
 6.19837500e-08  3.29998934e+00 
 6.20000000e-08  3.29999615e+00 
 6.20025000e-08  3.29999673e+00 
 6.20075000e-08  3.29999759e+00 
 6.20175000e-08  3.29999681e+00 
 6.20337500e-08  3.29999362e+00 
 6.20500000e-08  3.29998912e+00 
 6.20525000e-08  3.29998838e+00 
 6.20575000e-08  3.29998708e+00 
 6.20675000e-08  3.29998519e+00 
 6.20837500e-08  3.29998278e+00 
 6.21000000e-08  3.29997950e+00 
 6.21025000e-08  3.29997863e+00 
 6.21075000e-08  3.29997675e+00 
 6.21175000e-08  3.29997173e+00 
 6.21337500e-08  3.29996163e+00 
 6.21500000e-08  3.29995245e+00 
 6.21525000e-08  3.29995147e+00 
 6.21575000e-08  3.29995006e+00 
 6.21675000e-08  3.29994986e+00 
 6.21837500e-08  3.29995894e+00 
 6.22000000e-08  3.29998360e+00 
 6.22025000e-08  3.29998740e+00 
 6.22075000e-08  3.29999513e+00 
 6.22175000e-08  3.30001195e+00 
 6.22337500e-08  3.30003404e+00 
 6.22500000e-08  3.30003838e+00 
 6.22525000e-08  3.30003639e+00 
 6.22575000e-08  3.30003091e+00 
 6.22675000e-08  3.30001068e+00 
 6.22837500e-08  3.29995818e+00 
 6.23000000e-08  3.29988669e+00 
 6.23025000e-08  3.29987480e+00 
 6.23075000e-08  3.29985133e+00 
 6.23175000e-08  3.29980861e+00 
 6.23337500e-08  3.29975123e+00 
 6.23500000e-08  3.29970732e+00 
 6.23525000e-08  3.29970194e+00 
 6.23575000e-08  3.29969241e+00 
 6.23675000e-08  3.29968006e+00 
 6.23837500e-08  3.29967651e+00 
 6.24000000e-08  3.29968870e+00 
 6.24025000e-08  3.29969172e+00 
 6.24075000e-08  3.29969820e+00 
 6.24175000e-08  3.29972379e+00 
 6.24337500e-08  3.29975581e+00 
 6.24500000e-08  3.29977813e+00 
 6.24525000e-08  3.29978090e+00 
 6.24575000e-08  3.29978540e+00 
 6.24675000e-08  3.29979367e+00 
 6.24837500e-08  3.29981765e+00 
 6.25000000e-08  3.29985899e+00 
 6.25025000e-08  3.29986630e+00 
 6.25075000e-08  3.29988002e+00 
 6.25175000e-08  3.29990377e+00 
 6.25337500e-08  3.29993263e+00 
 6.25500000e-08  3.29994994e+00 
 6.25525000e-08  3.29995158e+00 
 6.25575000e-08  3.29995414e+00 
 6.25675000e-08  3.29995581e+00 
 6.25837500e-08  3.29994953e+00 
 6.26000000e-08  3.29993169e+00 
 6.26025000e-08  3.29992800e+00 
 6.26075000e-08  3.29991964e+00 
 6.26175000e-08  3.29989971e+00 
 6.26337500e-08  3.29985565e+00 
 6.26500000e-08  3.29979340e+00 
 6.26525000e-08  3.29978261e+00 
 6.26575000e-08  3.29975932e+00 
 6.26675000e-08  3.29971188e+00 
 6.26837500e-08  3.29964478e+00 
 6.27000000e-08  3.29960517e+00 
 6.27025000e-08  3.29960270e+00 
 6.27075000e-08  3.29959851e+00 
 6.27175000e-08  3.29959800e+00 
 6.27337500e-08  3.29961505e+00 
 6.27500000e-08  3.29965025e+00 
 6.27525000e-08  3.29965742e+00 
 6.27575000e-08  3.29967184e+00 
 6.27675000e-08  3.29970572e+00 
 6.27837500e-08  3.29978020e+00 
 6.28000000e-08  3.29988929e+00 
 6.28025000e-08  3.29991064e+00 
 6.28075000e-08  3.29995597e+00 
 6.28175000e-08  3.30006990e+00 
 6.28337500e-08  3.30030218e+00 
 6.28500000e-08  3.30057492e+00 
 6.28525000e-08  3.30062022e+00 
 6.28575000e-08  3.30071167e+00 
 6.28675000e-08  3.30090076e+00 
 6.28837500e-08  3.30122543e+00 
 6.29000000e-08  3.30155311e+00 
 6.29025000e-08  3.30160438e+00 
 6.29075000e-08  3.30170278e+00 
 6.29175000e-08  3.30189848e+00 
 6.29337500e-08  3.30223567e+00 
 6.29500000e-08  3.30257934e+00 
 6.29525000e-08  3.30263323e+00 
 6.29575000e-08  3.30274191e+00 
 6.29675000e-08  3.30296407e+00 
 6.29837500e-08  3.30333698e+00 
 6.30000000e-08  3.30372695e+00 
 6.30025000e-08  3.30378847e+00 
 6.30075000e-08  3.30391314e+00 
 6.30175000e-08  3.30416621e+00 
 6.30337500e-08  3.30457016e+00 
 6.30500000e-08  3.30494600e+00 
 6.30525000e-08  3.30499918e+00 
 6.30575000e-08  3.30510442e+00 
 6.30675000e-08  3.30530719e+00 
 6.30837500e-08  3.30562902e+00 
 6.31000000e-08  3.30596318e+00 
 6.31025000e-08  3.30601720e+00 
 6.31075000e-08  3.30612825e+00 
 6.31175000e-08  3.30636643e+00 
 6.31337500e-08  3.30680437e+00 
 6.31500000e-08  3.30731888e+00 
 6.31525000e-08  3.30740635e+00 
 6.31575000e-08  3.30758723e+00 
 6.31675000e-08  3.30798168e+00 
 6.31837500e-08  3.30872749e+00 
 6.32000000e-08  3.30963132e+00 
 6.32025000e-08  3.30978788e+00 
 6.32075000e-08  3.31011381e+00 
 6.32175000e-08  3.31083336e+00 
 6.32337500e-08  3.31222564e+00 
 6.32500000e-08  3.31396303e+00 
 6.32525000e-08  3.31426822e+00 
 6.32575000e-08  3.31490701e+00 
 6.32675000e-08  3.31630381e+00 
 6.32837500e-08  3.31878232e+00 
 6.33000000e-08  3.32091121e+00 
 6.33025000e-08  3.32111863e+00 
 6.33075000e-08  3.32141606e+00 
 6.33175000e-08  3.32106523e+00 
 6.33337500e-08  3.31651399e+00 
 6.33500000e-08  3.30522490e+00 
 6.33525000e-08  3.30268839e+00 
 6.33575000e-08  3.29747633e+00 
 6.33675000e-08  3.28496838e+00 
 6.33837500e-08  3.25634328e+00 
 6.34000000e-08  3.21641396e+00 
 6.34025000e-08  3.20901566e+00 
 6.34075000e-08  3.19353666e+00 
 6.34175000e-08  3.15823139e+00 
 6.34337500e-08  3.08617489e+00 
 6.34500000e-08  2.98996825e+00 
 6.34525000e-08  2.97199338e+00 
 6.34575000e-08  2.93377592e+00 
 6.34675000e-08  2.84110380e+00 
 6.34837500e-08  2.60969406e+00 
 6.35000000e-08  2.25732002e+00 
 6.35025000e-08  2.19084307e+00 
 6.35075000e-08  2.05274998e+00 
 6.35175000e-08  1.74643847e+00 
 6.35337500e-08  1.17811784e+00 
 6.35500000e-08  6.39004460e-01 
 6.35525000e-08  5.70773608e-01 
 6.35575000e-08  4.46349484e-01 
 6.35675000e-08  2.62942821e-01 
 6.35837500e-08  1.06598286e-01 
 6.36000000e-08  5.07312108e-02 
 6.36025000e-08  4.69308270e-02 
 6.36075000e-08  4.01288391e-02 
 6.36175000e-08  3.04093087e-02 
 6.36337500e-08  2.08234604e-02 
 6.36500000e-08  1.51558435e-02 
 6.36525000e-08  1.45004048e-02 
 6.36575000e-08  1.32399278e-02 
 6.36675000e-08  1.10407075e-02 
 6.36837500e-08  8.21402479e-03 
 6.37000000e-08  6.10845820e-03 
 6.37025000e-08  5.84255614e-03 
 6.37075000e-08  5.33277510e-03 
 6.37175000e-08  4.43903852e-03 
 6.37337500e-08  3.28720257e-03 
 6.37500000e-08  2.43305840e-03 
 6.37525000e-08  2.32597077e-03 
 6.37575000e-08  2.12137335e-03 
 6.37675000e-08  1.76448468e-03 
 6.37837500e-08  1.30810199e-03 
 6.38000000e-08  9.72906573e-04 
 6.38025000e-08  9.31141606e-04 
 6.38075000e-08  8.51358434e-04 
 6.38175000e-08  7.12408480e-04 
 6.38337500e-08  5.35705463e-04 
 6.38500000e-08  4.06959321e-04 
 6.38525000e-08  3.91082968e-04 
 6.38575000e-08  3.60910731e-04 
 6.38675000e-08  3.08840318e-04 
 6.38837500e-08  2.42685619e-04 
 6.39000000e-08  1.93742519e-04 
 6.39025000e-08  1.87617844e-04 
 6.39075000e-08  1.75992077e-04 
 6.39175000e-08  1.55687070e-04 
 6.39337500e-08  1.29174452e-04 
 6.39500000e-08  1.08522335e-04 
 6.39525000e-08  1.05552345e-04 
 6.39575000e-08  9.96435105e-05 
 6.39675000e-08  8.84224934e-05 
 6.39837500e-08  7.25213817e-05 
 6.40000000e-08  5.95410355e-05 
 6.40025000e-08  5.78506865e-05 
 6.40075000e-08  5.48389925e-05 
 6.40175000e-08  4.89641224e-05 
 6.40337500e-08  3.87986908e-05 
 6.40500000e-08  3.01200683e-05 
 6.40525000e-08  2.91024341e-05 
 6.40575000e-08  2.70194430e-05 
 6.40675000e-08  2.34160854e-05 
 6.40837500e-08  1.93839733e-05 
 6.41000000e-08  1.72846758e-05 
 6.41025000e-08  1.71411006e-05 
 6.41075000e-08  1.68499897e-05 
 6.41175000e-08  1.66239708e-05 
 6.41337500e-08  1.70704875e-05 
 6.41500000e-08  1.82870146e-05 
 6.41525000e-08  1.85802862e-05 
 6.41575000e-08  1.91930369e-05 
 6.41675000e-08  2.03583312e-05 
 6.41837500e-08  2.07169321e-05 
 6.42000000e-08  1.84219630e-05 
 6.42025000e-08  1.76888061e-05 
 6.42075000e-08  1.59256948e-05 
 6.42175000e-08  1.14412359e-05 
 6.42337500e-08  3.82280541e-06 
 6.42500000e-08 -2.45196669e-06 
 6.42525000e-08 -3.03263395e-06 
 6.42575000e-08 -3.82089304e-06 
 6.42675000e-08 -3.73329348e-06 
 6.42837500e-08 -2.79798392e-06 
 6.43000000e-08 -1.32675826e-06 
 6.43025000e-08 -1.19457577e-06 
 6.43075000e-08 -1.11520472e-06 
 6.43175000e-08 -1.32407647e-06 
 6.43337500e-08 -1.00905384e-06 
 6.43500000e-08  2.42749848e-06 
 6.43525000e-08  2.76705229e-06 
 6.43575000e-08  3.47791153e-06 
 6.43675000e-08  5.06208123e-06 
 6.43837500e-08  7.53955571e-06 
 6.44000000e-08  9.65262972e-06 
 6.44025000e-08  1.00862984e-05 
 6.44075000e-08  1.10116667e-05 
 6.44175000e-08  1.30551928e-05 
 6.44337500e-08  1.57609096e-05 
 6.44500000e-08  1.70184694e-05 
 6.44525000e-08  1.69923619e-05 
 6.44575000e-08  1.67293943e-05 
 6.44675000e-08  1.55129418e-05 
 6.44837500e-08  1.26569951e-05 
 6.45000000e-08  9.19670649e-06 
 6.45025000e-08  8.67595978e-06 
 6.45075000e-08  7.55808476e-06 
 6.45175000e-08  5.29389023e-06 
 6.45337500e-08  1.30694577e-06 
 6.45500000e-08 -4.44843766e-06 
 6.45525000e-08 -5.75629392e-06 
 6.45575000e-08 -9.01766241e-06 
 6.45675000e-08 -1.64666761e-05 
 6.45837500e-08 -2.72755388e-05 
 6.46000000e-08 -3.27295058e-05 
 6.46025000e-08 -3.25457474e-05 
 6.46075000e-08 -3.17855089e-05 
 6.46175000e-08 -2.76185815e-05 
 6.46337500e-08 -1.70644665e-05 
 6.46500000e-08 -2.48023486e-06 
 6.46525000e-08  1.58682996e-07 
 6.46575000e-08  5.13104076e-06 
 6.46675000e-08  1.67956881e-05 
 6.46837500e-08  4.15090710e-05 
 6.47000000e-08  7.15050415e-05 
 6.47025000e-08  7.63713798e-05 
 6.47075000e-08  8.60441828e-05 
 6.47175000e-08  1.04781951e-04 
 6.47337500e-08  1.36275373e-04 
 6.47500000e-08  1.54510063e-04 
 6.47525000e-08  1.56215849e-04 
 6.47575000e-08  1.59242980e-04 
 6.47675000e-08  1.63191414e-04 
 6.47837500e-08  1.61484028e-04 
 6.48000000e-08  1.56050404e-04 
 6.48025000e-08  1.54871987e-04 
 6.48075000e-08  1.52473256e-04 
 6.48175000e-08  1.47912339e-04 
 6.48337500e-08  1.42061626e-04 
 6.48500000e-08  1.35163109e-04 
 6.48525000e-08  1.32449727e-04 
 6.48575000e-08  1.26683490e-04 
 6.48675000e-08  1.11690731e-04 
 6.48837500e-08  8.28207209e-05 
 6.49000000e-08  5.61994997e-05 
 6.49025000e-08  5.27326978e-05 
 6.49075000e-08  4.66085616e-05 
 6.49175000e-08  3.80360635e-05 
 6.49337500e-08  3.52160106e-05 
 6.49500000e-08  4.72570955e-05 
 6.49525000e-08  5.05314913e-05 
 6.49575000e-08  5.85081197e-05 
 6.49675000e-08  7.93324134e-05 
 6.49837500e-08  1.24725528e-04 
 6.50000000e-08  1.72632491e-04 
 6.50025000e-08  1.78501023e-04 
 6.50075000e-08  1.89485739e-04 
 6.50175000e-08  2.02105627e-04 
 6.50337500e-08  1.87788770e-04 
 6.50500000e-08  1.14592396e-04 
 6.50525000e-08  9.56439172e-05 
 6.50575000e-08  5.31048308e-05 
 6.50675000e-08 -6.53475247e-05 
 6.50837500e-08 -3.48045237e-04 
 6.51000000e-08 -7.28526243e-04 
 6.51025000e-08 -7.95373723e-04 
 6.51075000e-08 -9.31820065e-04 
 6.51175000e-08 -1.21277306e-03 
 6.51337500e-08 -1.62133771e-03 
 6.51500000e-08 -2.11656594e-03 
 6.51525000e-08 -2.19301243e-03 
 6.51575000e-08 -2.34564126e-03 
 6.51675000e-08 -2.64807710e-03 
 6.51837500e-08 -3.13018952e-03 
 6.52000000e-08 -3.60435282e-03 
 6.52025000e-08 -3.67656656e-03 
 6.52075000e-08 -3.82187819e-03 
 6.52175000e-08 -4.11371783e-03 
 6.52337500e-08 -4.59676950e-03 
 6.52500000e-08 -5.10475495e-03 
 6.52525000e-08 -5.18490399e-03 
 6.52575000e-08 -5.34913840e-03 
 6.52675000e-08 -5.68695663e-03 
 6.52837500e-08 -6.28365993e-03 
 6.53000000e-08 -6.95012163e-03 
 6.53025000e-08 -7.05830271e-03 
 6.53075000e-08 -7.28438832e-03 
 6.53175000e-08 -7.76175830e-03 
 6.53337500e-08 -8.63298480e-03 
 6.53500000e-08 -9.67116661e-03 
 6.53525000e-08 -9.84658395e-03 
 6.53575000e-08 -1.02243884e-02 
 6.53675000e-08 -1.10424993e-02 
 6.53837500e-08 -1.25458697e-02 
 6.54000000e-08 -1.41713150e-02 
 6.54025000e-08 -1.44044075e-02 
 6.54075000e-08 -1.48690280e-02 
 6.54175000e-08 -1.55855289e-02 
 6.54337500e-08 -1.55562003e-02 
 6.54500000e-08 -1.28334829e-02 
 6.54525000e-08 -1.20354277e-02 
 6.54575000e-08 -1.02139399e-02 
 6.54675000e-08 -5.09147855e-03 
 6.54837500e-08  7.60732763e-03 
 6.55000000e-08  2.67752405e-02 
 6.55025000e-08  3.04993938e-02 
 6.55075000e-08  3.83652681e-02 
 6.55175000e-08  5.67525426e-02 
 6.55337500e-08  9.54096679e-02 
 6.55500000e-08  1.47769277e-01 
 6.55525000e-08  1.57507319e-01 
 6.55575000e-08  1.78007700e-01 
 6.55675000e-08  2.25861072e-01 
 6.55837500e-08  3.29953902e-01 
 6.56000000e-08  4.88810430e-01 
 6.56025000e-08  5.21470234e-01 
 6.56075000e-08  5.92668781e-01 
 6.56175000e-08  7.68894478e-01 
 6.56337500e-08  1.14738435e+00 
 6.56500000e-08  1.62918338e+00 
 6.56525000e-08  1.71227606e+00 
 6.56575000e-08  1.88124461e+00 
 6.56675000e-08  2.22125099e+00 
 6.56837500e-08  2.66195795e+00 
 6.57000000e-08  2.94169222e+00 
 6.57025000e-08  2.97119205e+00 
 6.57075000e-08  3.02518101e+00 
 6.57175000e-08  3.10781465e+00 
 6.57337500e-08  3.19010581e+00 
 6.57500000e-08  3.23227397e+00 
 6.57525000e-08  3.23633021e+00 
 6.57575000e-08  3.24379270e+00 
 6.57675000e-08  3.25549023e+00 
 6.57837500e-08  3.26841464e+00 
 6.58000000e-08  3.27678382e+00 
 6.58025000e-08  3.27777530e+00 
 6.58075000e-08  3.27966486e+00 
 6.58175000e-08  3.28293599e+00 
 6.58337500e-08  3.28710249e+00 
 6.58500000e-08  3.29017866e+00 
 6.58525000e-08  3.29056419e+00 
 6.58575000e-08  3.29130221e+00 
 6.58675000e-08  3.29259543e+00 
 6.58837500e-08  3.29426743e+00 
 6.59000000e-08  3.29552081e+00 
 6.59025000e-08  3.29567946e+00 
 6.59075000e-08  3.29598371e+00 
 6.59175000e-08  3.29652077e+00 
 6.59337500e-08  3.29722236e+00 
 6.59500000e-08  3.29775007e+00 
 6.59525000e-08  3.29781759e+00 
 6.59575000e-08  3.29794696e+00 
 6.59675000e-08  3.29818263e+00 
 6.59837500e-08  3.29851578e+00 
 6.60000000e-08  3.29879869e+00 
 6.60025000e-08  3.29883746e+00 
 6.60075000e-08  3.29891220e+00 
 6.60175000e-08  3.29904833e+00 
 6.60337500e-08  3.29923722e+00 
 6.60500000e-08  3.29939282e+00 
 6.60525000e-08  3.29941377e+00 
 6.60575000e-08  3.29945411e+00 
 6.60675000e-08  3.29952755e+00 
 6.60837500e-08  3.29962440e+00 
 6.61000000e-08  3.29969791e+00 
 6.61025000e-08  3.29970724e+00 
 6.61075000e-08  3.29972486e+00 
 6.61175000e-08  3.29975533e+00 
 6.61337500e-08  3.29979431e+00 
 6.61500000e-08  3.29982395e+00 
 6.61525000e-08  3.29982798e+00 
 6.61575000e-08  3.29983583e+00 
 6.61675000e-08  3.29985085e+00 
 6.61837500e-08  3.29987181e+00 
 6.62000000e-08  3.29988846e+00 
 6.62025000e-08  3.29989063e+00 
 6.62075000e-08  3.29989460e+00 
 6.62175000e-08  3.29990197e+00 
 6.62337500e-08  3.29991315e+00 
 6.62500000e-08  3.29992457e+00 
 6.62525000e-08  3.29992651e+00 
 6.62575000e-08  3.29993063e+00 
 6.62675000e-08  3.29993905e+00 
 6.62837500e-08  3.29995159e+00 
 6.63000000e-08  3.29995650e+00 
 6.63025000e-08  3.29995636e+00 
 6.63075000e-08  3.29995612e+00 
 6.63175000e-08  3.29995501e+00 
 6.63337500e-08  3.29995072e+00 
 6.63500000e-08  3.29994399e+00 
 6.63525000e-08  3.29994284e+00 
 6.63575000e-08  3.29994044e+00 
 6.63675000e-08  3.29993550e+00 
 6.63837500e-08  3.29992785e+00 
 6.64000000e-08  3.29992117e+00 
 6.64025000e-08  3.29992018e+00 
 6.64075000e-08  3.29991799e+00 
 6.64175000e-08  3.29991308e+00 
 6.64337500e-08  3.29990508e+00 
 6.64500000e-08  3.29989938e+00 
 6.64525000e-08  3.29989896e+00 
 6.64575000e-08  3.29989832e+00 
 6.64675000e-08  3.29989849e+00 
 6.64837500e-08  3.29990175e+00 
 6.65000000e-08  3.29990773e+00 
 6.65025000e-08  3.29990886e+00 
 6.65075000e-08  3.29991102e+00 
 6.65175000e-08  3.29991578e+00 
 6.65337500e-08  3.29992604e+00 
 6.65500000e-08  3.29994003e+00 
 6.65525000e-08  3.29994265e+00 
 6.65575000e-08  3.29994813e+00 
 6.65675000e-08  3.29996000e+00 
 6.65837500e-08  3.29997837e+00 
 6.66000000e-08  3.29999209e+00 
 6.66025000e-08  3.29999342e+00 
 6.66075000e-08  3.29999542e+00 
 6.66175000e-08  3.29999659e+00 
 6.66337500e-08  3.29999374e+00 
 6.66500000e-08  3.29998789e+00 
 6.66525000e-08  3.29998733e+00 
 6.66575000e-08  3.29998669e+00 
 6.66675000e-08  3.29998742e+00 
 6.66837500e-08  3.29999019e+00 
 6.67000000e-08  3.29999218e+00 
 6.67025000e-08  3.29999206e+00 
 6.67075000e-08  3.29999144e+00 
 6.67175000e-08  3.29998801e+00 
 6.67337500e-08  3.29997818e+00 
 6.67500000e-08  3.29996574e+00 
 6.67525000e-08  3.29996372e+00 
 6.67575000e-08  3.29995983e+00 
 6.67675000e-08  3.29995306e+00 
 6.67837500e-08  3.29994692e+00 
 6.68000000e-08  3.29995189e+00 
 6.68025000e-08  3.29995497e+00 
 6.68075000e-08  3.29996172e+00 
 6.68175000e-08  3.29997654e+00 
 6.68337500e-08  3.30000377e+00 
 6.68500000e-08  3.30003084e+00 
 6.68525000e-08  3.30003352e+00 
 6.68575000e-08  3.30003786e+00 
 6.68675000e-08  3.30003888e+00 
 6.68837500e-08  3.30001609e+00 
 6.69000000e-08  3.29996574e+00 
 6.69025000e-08  3.29995560e+00 
 6.69075000e-08  3.29993442e+00 
 6.69175000e-08  3.29988839e+00 
 6.69337500e-08  3.29981436e+00 
 6.69500000e-08  3.29975502e+00 
 6.69525000e-08  3.29974742e+00 
 6.69575000e-08  3.29973284e+00 
 6.69675000e-08  3.29970509e+00 
 6.69837500e-08  3.29967439e+00 
 6.70000000e-08  3.29966688e+00 
 6.70025000e-08  3.29966765e+00 
 6.70075000e-08  3.29967037e+00 
 6.70175000e-08  3.29968127e+00 
 6.70337500e-08  3.29971648e+00 
 6.70500000e-08  3.29975715e+00 
 6.70525000e-08  3.29976216e+00 
 6.70575000e-08  3.29977139e+00 
 6.70675000e-08  3.29978624e+00 
 6.70837500e-08  3.29980092e+00 
 6.71000000e-08  3.29981885e+00 
 6.71025000e-08  3.29982403e+00 
 6.71075000e-08  3.29983470e+00 
 6.71175000e-08  3.29985883e+00 
 6.71337500e-08  3.29989853e+00 
 6.71500000e-08  3.29993165e+00 
 6.71525000e-08  3.29993570e+00 
 6.71575000e-08  3.29994284e+00 
 6.71675000e-08  3.29995275e+00 
 6.71837500e-08  3.29995802e+00 
 6.72000000e-08  3.29995184e+00 
 6.72025000e-08  3.29995004e+00 
 6.72075000e-08  3.29994572e+00 
 6.72175000e-08  3.29993444e+00 
 6.72337500e-08  3.29990678e+00 
 6.72500000e-08  3.29986380e+00 
 6.72525000e-08  3.29985566e+00 
 6.72575000e-08  3.29983730e+00 
 6.72675000e-08  3.29979519e+00 
 6.72837500e-08  3.29971762e+00 
 6.73000000e-08  3.29964560e+00 
 6.73025000e-08  3.29963716e+00 
 6.73075000e-08  3.29962123e+00 
 6.73175000e-08  3.29959966e+00 
 6.73337500e-08  3.29959052e+00 
 6.73500000e-08  3.29960684e+00 
 6.73525000e-08  3.29961157e+00 
 6.73575000e-08  3.29962116e+00 
 6.73675000e-08  3.29964520e+00 
 6.73837500e-08  3.29969861e+00 
 6.74000000e-08  3.29977496e+00 
 6.74025000e-08  3.29978957e+00 
 6.74075000e-08  3.29982004e+00 
 6.74175000e-08  3.29989194e+00 
 6.74337500e-08  3.30004882e+00 
 6.74500000e-08  3.30026682e+00 
 6.74525000e-08  3.30030488e+00 
 6.74575000e-08  3.30038336e+00 
 6.74675000e-08  3.30055467e+00 
 6.74837500e-08  3.30086297e+00 
 6.75000000e-08  3.30119554e+00 
 6.75025000e-08  3.30124802e+00 
 6.75075000e-08  3.30135162e+00 
 6.75175000e-08  3.30155088e+00 
 6.75337500e-08  3.30187187e+00 
 6.75500000e-08  3.30220346e+00 
 6.75525000e-08  3.30225505e+00 
 6.75575000e-08  3.30235875e+00 
 6.75675000e-08  3.30257108e+00 
 6.75837500e-08  3.30293164e+00 
 6.76000000e-08  3.30330787e+00 
 6.76025000e-08  3.30336682e+00 
 6.76075000e-08  3.30348562e+00 
 6.76175000e-08  3.30372690e+00 
 6.76337500e-08  3.30412598e+00 
 6.76500000e-08  3.30452343e+00 
 6.76525000e-08  3.30458235e+00 
 6.76575000e-08  3.30469968e+00 
 6.76675000e-08  3.30492590e+00 
 6.76837500e-08  3.30527038e+00 
 6.77000000e-08  3.30559839e+00 
 6.77025000e-08  3.30564814e+00 
 6.77075000e-08  3.30574903e+00 
 6.77175000e-08  3.30595865e+00 
 6.77337500e-08  3.30633189e+00 
 6.77500000e-08  3.30676227e+00 
 6.77525000e-08  3.30683510e+00 
 6.77575000e-08  3.30698569e+00 
 6.77675000e-08  3.30731365e+00 
 6.77837500e-08  3.30792955e+00 
 6.78000000e-08  3.30866807e+00 
 6.78025000e-08  3.30879501e+00 
 6.78075000e-08  3.30905843e+00 
 6.78175000e-08  3.30963724e+00 
 6.78337500e-08  3.31074994e+00 
 6.78500000e-08  3.31213088e+00 
 6.78525000e-08  3.31237385e+00 
 6.78575000e-08  3.31288315e+00 
 6.78675000e-08  3.31401567e+00 
 6.78837500e-08  3.31619406e+00 
 6.79000000e-08  3.31868873e+00 
 6.79025000e-08  3.31907529e+00 
 6.79075000e-08  3.31982983e+00 
 6.79175000e-08  3.32104967e+00 
 6.79337500e-08  3.32116738e+00 
 6.79500000e-08  3.31699653e+00 
 6.79525000e-08  3.31576104e+00 
 6.79575000e-08  3.31293785e+00 
 6.79675000e-08  3.30503720e+00 
 6.79837500e-08  3.28638494e+00 
 6.80000000e-08  3.25858337e+00 
 6.80025000e-08  3.25323443e+00 
 6.80075000e-08  3.24198296e+00 
 6.80175000e-08  3.21600371e+00 
 6.80337500e-08  3.16255896e+00 
 6.80500000e-08  3.09212952e+00 
 6.80525000e-08  3.07924378e+00 
 6.80575000e-08  3.05220529e+00 
 6.80675000e-08  2.98973893e+00 
 6.80837500e-08  2.85320466e+00 
 6.81000000e-08  2.63115971e+00 
 6.81025000e-08  2.58538779e+00 
 6.81075000e-08  2.48739017e+00 
 6.81175000e-08  2.25572220e+00 
 6.81337500e-08  1.78851589e+00 
 6.81500000e-08  1.22581440e+00 
 6.81525000e-08  1.13287197e+00 
 6.81575000e-08  9.50260188e-01 
 6.81675000e-08  6.28024146e-01 
 6.81837500e-08  2.75988587e-01 
 6.82000000e-08  1.12244495e-01 
 6.82024389e-08  1.00570580e-01 
 6.82073168e-08  8.02438450e-02 
 6.82170725e-08  5.35013895e-02 
 6.82335363e-08  3.11596896e-02 
 6.82500000e-08  2.13153019e-02 
 6.82525000e-08  2.03300431e-02 
 6.82575000e-08  1.84485245e-02 
 6.82675000e-08  1.52596063e-02 
 6.82837500e-08  1.12986761e-02 
 6.83000000e-08  8.41588886e-03 
 6.83025000e-08  8.05329139e-03 
 6.83075000e-08  7.35682506e-03 
 6.83175000e-08  6.13301958e-03 
 6.83337500e-08  4.54969604e-03 
 6.83500000e-08  3.37037864e-03 
 6.83525000e-08  3.22204905e-03 
 6.83575000e-08  2.93826061e-03 
 6.83675000e-08  2.44193238e-03 
 6.83837500e-08  1.80508273e-03 
 6.84000000e-08  1.33575979e-03 
 6.84025000e-08  1.27742771e-03 
 6.84075000e-08  1.16630523e-03 
 6.84175000e-08  9.73757399e-04 
 6.84337500e-08  7.29359769e-04 
 6.84500000e-08  5.50881028e-04 
 6.84525000e-08  5.28620088e-04 
 6.84575000e-08  4.86008551e-04 
 6.84675000e-08  4.11482590e-04 
 6.84837500e-08  3.16335812e-04 
 6.85000000e-08  2.46701046e-04 
 6.85025000e-08  2.38033810e-04 
 6.85075000e-08  2.21493816e-04 
 6.85175000e-08  1.92580573e-04 
 6.85337500e-08  1.55106155e-04 
 6.85500000e-08  1.26626288e-04 
 6.85525000e-08  1.23010204e-04 
 6.85575000e-08  1.16134809e-04 
 6.85675000e-08  1.04079048e-04 
 6.85837500e-08  8.76535697e-05 
 6.86000000e-08  7.45543678e-05 
 6.86025000e-08  7.28542826e-05 
 6.86075000e-08  6.96231120e-05 
 6.86175000e-08  6.38388781e-05 
 6.86337500e-08  5.48402803e-05 
 6.86500000e-08  4.40420491e-05 
 6.86525000e-08  4.23865778e-05 
 6.86575000e-08  3.89224293e-05 
 6.86675000e-08  3.25753426e-05 
 6.86837500e-08  2.49366148e-05 
 6.87000000e-08  2.04461041e-05 
 6.87025000e-08  1.99911689e-05 
 6.87075000e-08  1.90328705e-05 
 6.87175000e-08  1.74252586e-05 
 6.87337500e-08  1.58905387e-05 
 6.87500000e-08  1.56725054e-05 
 6.87525000e-08  1.58465242e-05 
 6.87575000e-08  1.62956815e-05 
 6.87675000e-08  1.76231130e-05 
 6.87837500e-08  1.94400766e-05 
 6.88000000e-08  1.94631775e-05 
 6.88025000e-08  1.91992564e-05 
 6.88075000e-08  1.84723872e-05 
 6.88175000e-08  1.61803860e-05 
 6.88337500e-08  1.09083770e-05 
 6.88500000e-08  4.92365269e-06 
 6.88525000e-08  4.10033795e-06 
 6.88575000e-08  2.57565989e-06 
 6.88675000e-08  1.88714260e-07 
 6.88837500e-08 -1.98917717e-06 
 6.89000000e-08 -2.66264151e-06 
 6.89025000e-08 -2.76901926e-06 
 6.89075000e-08 -3.07115064e-06 
 6.89175000e-08 -3.71623303e-06 
 6.89337500e-08 -3.80942188e-06 
 6.89500000e-08 -2.46525939e-06 
 6.89525000e-08 -2.04142067e-06 
 6.89575000e-08 -8.86088444e-08 
 6.89675000e-08  2.98484631e-06 
 6.89837500e-08  6.64346258e-06 
 6.90000000e-08  9.48459448e-06 
 6.90025000e-08  9.80209836e-06 
 6.90075000e-08  1.03051978e-05 
 6.90175000e-08  1.13075894e-05 
 6.90337500e-08  1.31198889e-05 
 6.90500000e-08  1.46574365e-05 
 6.90525000e-08  1.48378482e-05 
 6.90575000e-08  1.51146070e-05 
 6.90675000e-08  1.53431367e-05 
 6.90837500e-08  1.47868246e-05 
 6.91000000e-08  1.31204413e-05 
 6.91025000e-08  1.28033734e-05 
 6.91075000e-08  1.20894291e-05 
 6.91175000e-08  1.04277521e-05 
 6.91337500e-08  6.23603296e-06 
 6.91500000e-08  3.72030484e-07 
 6.91525000e-08 -5.04020198e-07 
 6.91575000e-08 -2.70017004e-06 
 6.91675000e-08 -7.82838866e-06 
 6.91837500e-08 -1.72880899e-05 
 6.92000000e-08 -2.58698113e-05 
 6.92025000e-08 -2.67035325e-05 
 6.92075000e-08 -2.82632957e-05 
 6.92175000e-08 -2.93584619e-05 
 6.92337500e-08 -2.66652342e-05 
 6.92500000e-08 -1.93047654e-05 
 6.92525000e-08 -1.75852250e-05 
 6.92575000e-08 -1.40205890e-05 
 6.92675000e-08 -4.92422518e-06 
 6.92837500e-08  1.48326332e-05 
 6.93000000e-08  4.16830262e-05 
 6.93025000e-08  4.63158500e-05 
 6.93075000e-08  5.55301699e-05 
 6.93175000e-08  7.40724450e-05 
 6.93337500e-08  1.02977367e-04 
 6.93500000e-08  1.32519102e-04 
 6.93525000e-08  1.35904426e-04 
 6.93575000e-08  1.42270961e-04 
 6.93675000e-08  1.52609106e-04 
 6.93837500e-08  1.62494238e-04 
 6.94000000e-08  1.62384604e-04 
 6.94025000e-08  1.61651394e-04 
 6.94075000e-08  1.60322577e-04 
 6.94175000e-08  1.56555486e-04 
 6.94337500e-08  1.48833763e-04 
 6.94500000e-08  1.43892234e-04 
 6.94525000e-08  1.43327157e-04 
 6.94575000e-08  1.43225625e-04 
 6.94675000e-08  1.37862478e-04 
 6.94837500e-08  1.16252417e-04 
 6.95000000e-08  8.63832389e-05 
 6.95025000e-08  8.15138972e-05 
 6.95075000e-08  7.23337935e-05 
 6.95175000e-08  5.63570726e-05 
 6.95337500e-08  3.93352904e-05 
 6.95500000e-08  3.55067177e-05 
 6.95525000e-08  3.62491547e-05 
 6.95575000e-08  3.89375626e-05 
 6.95675000e-08  4.90644221e-05 
 6.95837500e-08  7.88054369e-05 
 6.96000000e-08  1.24595058e-04 
 6.96025000e-08  1.32127504e-04 
 6.96075000e-08  1.47705491e-04 
 6.96175000e-08  1.75264867e-04 
 6.96337500e-08  1.99314217e-04 
 6.96500000e-08  1.83458990e-04 
 6.96525000e-08  1.75852996e-04 
 6.96575000e-08  1.57875141e-04 
 6.96675000e-08  1.01104421e-04 
 6.96837500e-08 -6.46758237e-05 
 6.97000000e-08 -3.40019019e-04 
 6.97025000e-08 -3.92660835e-04 
 6.97075000e-08 -5.02594850e-04 
 6.97175000e-08 -7.49377314e-04 
 6.97337500e-08 -1.20293655e-03 
 6.97500000e-08 -1.61129417e-03 
 6.97525000e-08 -1.68728173e-03 
 6.97575000e-08 -1.84004745e-03 
 6.97675000e-08 -2.14700545e-03 
 6.97837500e-08 -2.64045061e-03 
 6.98000000e-08 -3.12313871e-03 
 6.98025000e-08 -3.19615999e-03 
 6.98075000e-08 -3.34251161e-03 
 6.98175000e-08 -3.63414166e-03 
 6.98337500e-08 -4.10732012e-03 
 6.98500000e-08 -4.58747948e-03 
 6.98525000e-08 -4.66271587e-03 
 6.98575000e-08 -4.81566808e-03 
 6.98675000e-08 -5.12895371e-03 
 6.98837500e-08 -5.66673919e-03 
 6.99000000e-08 -6.26172671e-03 
 6.99025000e-08 -6.35948740e-03 
 6.99075000e-08 -6.56289217e-03 
 6.99175000e-08 -6.99144356e-03 
 6.99337500e-08 -7.75632016e-03 
 6.99500000e-08 -8.63237967e-03 
 6.99525000e-08 -8.77680232e-03 
 6.99575000e-08 -9.08473421e-03 
 6.99675000e-08 -9.74691703e-03 
 6.99837500e-08 -1.09881820e-02 
 7.00000000e-08 -1.24679938e-02 
 7.00025000e-08 -1.27087190e-02 
 7.00075000e-08 -1.32172389e-02 
 7.00175000e-08 -1.42238322e-02 
 7.00337500e-08 -1.55267708e-02 
 7.00500000e-08 -1.55870761e-02 
 7.00525000e-08 -1.53802272e-02 
 7.00575000e-08 -1.48203930e-02 
 7.00675000e-08 -1.26340519e-02 
 7.00837500e-08 -5.35155874e-03 
 7.01000000e-08  7.19748652e-03 
 7.01025000e-08  9.70437444e-03 
 7.01075000e-08  1.50694460e-02 
 7.01175000e-08  2.79955458e-02 
 7.01337500e-08  5.59630758e-02 
 7.01500000e-08  9.42862079e-02 
 7.01525000e-08  1.01406646e-01 
 7.01575000e-08  1.16360631e-01 
 7.01675000e-08  1.50932827e-01 
 7.01837500e-08  2.23879984e-01 
 7.02000000e-08  3.26684425e-01 
 7.02025000e-08  3.46655699e-01 
 7.02075000e-08  3.89620451e-01 
 7.02175000e-08  4.97635755e-01 
 7.02337500e-08  7.59712137e-01 
 7.02500000e-08  1.13491825e+00 
 7.02525000e-08  1.20364531e+00 
 7.02575000e-08  1.34601449e+00 
 7.02675000e-08  1.65710606e+00 
 7.02837500e-08  2.20129214e+00 
 7.03000000e-08  2.64894351e+00 
 7.03025000e-08  2.70110116e+00 
 7.03075000e-08  2.79719388e+00 
 7.03175000e-08  2.94865343e+00 
 7.03337500e-08  3.10576916e+00 
 7.03500000e-08  3.18876266e+00 
 7.03525000e-08  3.19666873e+00 
 7.03575000e-08  3.21106590e+00 
 7.03675000e-08  3.23285683e+00 
 7.03837500e-08  3.25519990e+00 
 7.04000000e-08  3.26819859e+00 
 7.04025000e-08  3.26964130e+00 
 7.04075000e-08  3.27237183e+00 
 7.04175000e-08  3.27701277e+00 
 7.04337500e-08  3.28279389e+00 
 7.04500000e-08  3.28699169e+00 
 7.04525000e-08  3.28751459e+00 
 7.04575000e-08  3.28851511e+00 
 7.04675000e-08  3.29026561e+00 
 7.04837500e-08  3.29252316e+00 
 7.05000000e-08  3.29420913e+00 
 7.05025000e-08  3.29442183e+00 
 7.05075000e-08  3.29482957e+00 
 7.05175000e-08  3.29554774e+00 
 7.05337500e-08  3.29648512e+00 
 7.05500000e-08  3.29719472e+00 
 7.05525000e-08  3.29728471e+00 
 7.05575000e-08  3.29745633e+00 
 7.05675000e-08  3.29775886e+00 
 7.05837500e-08  3.29816350e+00 
 7.06000000e-08  3.29849767e+00 
 7.06025000e-08  3.29854407e+00 
 7.06075000e-08  3.29863403e+00 
 7.06175000e-08  3.29880042e+00 
 7.06337500e-08  3.29903415e+00 
 7.06500000e-08  3.29922692e+00 
 7.06525000e-08  3.29925305e+00 
 7.06575000e-08  3.29930356e+00 
 7.06675000e-08  3.29939559e+00 
 7.06837500e-08  3.29952190e+00 
 7.07000000e-08  3.29962110e+00 
 7.07025000e-08  3.29963381e+00 
 7.07075000e-08  3.29965806e+00 
 7.07175000e-08  3.29970089e+00 
 7.07337500e-08  3.29975665e+00 
 7.07500000e-08  3.29979829e+00 
 7.07525000e-08  3.29980366e+00 
 7.07575000e-08  3.29981397e+00 
 7.07675000e-08  3.29983237e+00 
 7.07837500e-08  3.29985646e+00 
 7.08000000e-08  3.29987473e+00 
 7.08025000e-08  3.29987722e+00 
 7.08075000e-08  3.29988200e+00 
 7.08175000e-08  3.29989103e+00 
 7.08337500e-08  3.29990494e+00 
 7.08500000e-08  3.29991878e+00 
 7.08525000e-08  3.29992059e+00 
 7.08575000e-08  3.29992391e+00 
 7.08675000e-08  3.29992972e+00 
 7.08837500e-08  3.29994002e+00 
 7.09000000e-08  3.29995158e+00 
 7.09025000e-08  3.29995271e+00 
 7.09075000e-08  3.29995464e+00 
 7.09175000e-08  3.29995558e+00 
 7.09337500e-08  3.29995111e+00 
 7.09500000e-08  3.29994251e+00 
 7.09525000e-08  3.29994128e+00 
 7.09575000e-08  3.29993915e+00 
 7.09675000e-08  3.29993622e+00 
 7.09837500e-08  3.29993233e+00 
 7.10000000e-08  3.29992811e+00 
 7.10025000e-08  3.29992732e+00 
 7.10075000e-08  3.29992547e+00 
 7.10175000e-08  3.29992107e+00 
 7.10337500e-08  3.29991362e+00 
 7.10500000e-08  3.29990653e+00 
 7.10525000e-08  3.29990568e+00 
 7.10575000e-08  3.29990407e+00 
 7.10675000e-08  3.29990177e+00 
 7.10837500e-08  3.29990052e+00 
 7.11000000e-08  3.29990236e+00 
 7.11025000e-08  3.29990298e+00 
 7.11075000e-08  3.29990422e+00 
 7.11175000e-08  3.29990730e+00 
 7.11337500e-08  3.29991450e+00 
 7.11500000e-08  3.29992513e+00 
 7.11525000e-08  3.29992721e+00 
 7.11575000e-08  3.29993157e+00 
 7.11675000e-08  3.29994150e+00 
 7.11837500e-08  3.29995918e+00 
 7.12000000e-08  3.29997605e+00 
 7.12025000e-08  3.29997837e+00 
 7.12075000e-08  3.29998279e+00 
 7.12175000e-08  3.29999083e+00 
 7.12337500e-08  3.30000029e+00 
 7.12500000e-08  3.30000431e+00 
 7.12525000e-08  3.30000372e+00 
 7.12575000e-08  3.30000216e+00 
 7.12675000e-08  3.29999764e+00 
 7.12837500e-08  3.29998865e+00 
 7.13000000e-08  3.29998105e+00 
 7.13025000e-08  3.29998047e+00 
 7.13075000e-08  3.29997979e+00 
 7.13175000e-08  3.29998007e+00 
 7.13337500e-08  3.29998036e+00 
 7.13500000e-08  3.29997660e+00 
 7.13525000e-08  3.29997528e+00 
 7.13575000e-08  3.29997231e+00 
 7.13675000e-08  3.29996502e+00 
 7.13837500e-08  3.29995372e+00 
 7.14000000e-08  3.29994734e+00 
 7.14025000e-08  3.29994721e+00 
 7.14075000e-08  3.29994773e+00 
 7.14175000e-08  3.29995401e+00 
 7.14337500e-08  3.29998053e+00 
 7.14500000e-08  3.30000961e+00 
 7.14525000e-08  3.30001401e+00 
 7.14575000e-08  3.30002271e+00 
 7.14675000e-08  3.30003655e+00 
 7.14837500e-08  3.30004272e+00 
 7.15000000e-08  3.30002109e+00 
 7.15025000e-08  3.30001434e+00 
 7.15075000e-08  3.29999902e+00 
 7.15175000e-08  3.29996264e+00 
 7.15337500e-08  3.29988795e+00 
 7.15500000e-08  3.29981067e+00 
 7.15525000e-08  3.29980046e+00 
 7.15575000e-08  3.29978115e+00 
 7.15675000e-08  3.29974813e+00 
 7.15837500e-08  3.29970598e+00 
 7.16000000e-08  3.29967802e+00 
 7.16025000e-08  3.29967602e+00 
 7.16075000e-08  3.29967296e+00 
 7.16175000e-08  3.29967210e+00 
 7.16337500e-08  3.29968370e+00 
 7.16500000e-08  3.29971544e+00 
 7.16525000e-08  3.29972202e+00 
 7.16575000e-08  3.29973437e+00 
 7.16675000e-08  3.29975549e+00 
 7.16837500e-08  3.29978115e+00 
 7.17000000e-08  3.29979415e+00 
 7.17025000e-08  3.29979587e+00 
 7.17075000e-08  3.29979931e+00 
 7.17175000e-08  3.29981401e+00 
 7.17337500e-08  3.29985357e+00 
 7.17500000e-08  3.29989714e+00 
 7.17525000e-08  3.29990330e+00 
 7.17575000e-08  3.29991471e+00 
 7.17675000e-08  3.29993338e+00 
 7.17837500e-08  3.29995289e+00 
 7.18000000e-08  3.29995977e+00 
 7.18025000e-08  3.29995974e+00 
 7.18075000e-08  3.29995875e+00 
 7.18175000e-08  3.29995322e+00 
 7.18337500e-08  3.29993548e+00 
 7.18500000e-08  3.29990607e+00 
 7.18525000e-08  3.29990055e+00 
 7.18575000e-08  3.29988815e+00 
 7.18675000e-08  3.29985902e+00 
 7.18837500e-08  3.29979743e+00 
 7.19000000e-08  3.29972129e+00 
 7.19025000e-08  3.29970971e+00 
 7.19075000e-08  3.29968613e+00 
 7.19175000e-08  3.29964488e+00 
 7.19337500e-08  3.29960247e+00 
 7.19500000e-08  3.29959259e+00 
 7.19525000e-08  3.29959427e+00 
 7.19575000e-08  3.29959808e+00 
 7.19675000e-08  3.29961169e+00 
 7.19837500e-08  3.29964707e+00 
 7.20000000e-08  3.29969912e+00 
 7.20025000e-08  3.29970918e+00 
 7.20075000e-08  3.29972997e+00 
 7.20175000e-08  3.29977977e+00 
 7.20337500e-08  3.29988950e+00 
 7.20500000e-08  3.30004371e+00 
 7.20525000e-08  3.30007561e+00 
 7.20575000e-08  3.30014090e+00 
 7.20675000e-08  3.30028352e+00 
 7.20837500e-08  3.30054977e+00 
 7.21000000e-08  3.30085314e+00 
 7.21025000e-08  3.30090270e+00 
 7.21075000e-08  3.30100284e+00 
 7.21175000e-08  3.30120950e+00 
 7.21337500e-08  3.30154526e+00 
 7.21500000e-08  3.30187350e+00 
 7.21525000e-08  3.30192510e+00 
 7.21575000e-08  3.30202959e+00 
 7.21675000e-08  3.30223900e+00 
 7.21837500e-08  3.30258603e+00 
 7.22000000e-08  3.30295092e+00 
 7.22025000e-08  3.30300854e+00 
 7.22075000e-08  3.30312436e+00 
 7.22175000e-08  3.30335974e+00 
 7.22337500e-08  3.30375264e+00 
 7.22500000e-08  3.30415438e+00 
 7.22525000e-08  3.30421593e+00 
 7.22575000e-08  3.30433924e+00 
 7.22675000e-08  3.30458094e+00 
 7.22837500e-08  3.30495179e+00 
 7.23000000e-08  3.30529417e+00 
 7.23025000e-08  3.30534411e+00 
 7.23075000e-08  3.30544447e+00 
 7.23175000e-08  3.30564653e+00 
 7.23337500e-08  3.30598808e+00 
 7.23500000e-08  3.30636335e+00 
 7.23525000e-08  3.30642549e+00 
 7.23575000e-08  3.30655358e+00 
 7.23675000e-08  3.30683049e+00 
 7.23837500e-08  3.30734570e+00 
 7.24000000e-08  3.30795781e+00 
 7.24025000e-08  3.30806239e+00 
 7.24075000e-08  3.30827893e+00 
 7.24175000e-08  3.30875275e+00 
 7.24337500e-08  3.30965692e+00 
 7.24500000e-08  3.31076785e+00 
 7.24525000e-08  3.31096211e+00 
 7.24575000e-08  3.31136810e+00 
 7.24675000e-08  3.31226977e+00 
 7.24837500e-08  3.31402518e+00 
 7.25000000e-08  3.31619223e+00 
 7.25025000e-08  3.31656305e+00 
 7.25075000e-08  3.31732629e+00 
 7.25175000e-08  3.31887798e+00 
 7.25337500e-08  3.32095188e+00 
 7.25500000e-08  3.32107155e+00 
 7.25525000e-08  3.32074379e+00 
 7.25575000e-08  3.31984174e+00 
 7.25675000e-08  3.31634279e+00 
 7.25837500e-08  3.30484133e+00 
 7.26000000e-08  3.28612802e+00 
 7.26025000e-08  3.28239447e+00 
 7.26075000e-08  3.27443462e+00 
 7.26175000e-08  3.25547238e+00 
 7.26337500e-08  3.21526463e+00 
 7.26500000e-08  3.16152533e+00 
 7.26525000e-08  3.15170827e+00 
 7.26575000e-08  3.13117819e+00 
 7.26675000e-08  3.08432726e+00 
 7.26837500e-08  2.98728325e+00 
 7.27000000e-08  2.84953116e+00 
 7.27025000e-08  2.82210955e+00 
 7.27075000e-08  2.76155126e+00 
 7.27175000e-08  2.60532273e+00 
 7.27337500e-08  2.24976124e+00 
 7.27500000e-08  1.77887323e+00 
 7.27525000e-08  1.69578734e+00 
 7.27575000e-08  1.52524060e+00 
 7.27675000e-08  1.16418025e+00 
 7.27837500e-08  6.28460759e-01 
 7.28000000e-08  2.74867175e-01 
 7.28025000e-08  2.42115043e-01 
 7.28075000e-08  1.84665303e-01 
 7.28175000e-08  1.08549773e-01 
 7.28337500e-08  5.09200572e-02 
 7.28500000e-08  3.05452854e-02 
 7.28525000e-08  2.88777264e-02 
 7.28575000e-08  2.57596885e-02 
 7.28675000e-08  2.07901527e-02 
 7.28837500e-08  1.50818980e-02 
 7.29000000e-08  1.11849097e-02 
 7.29025000e-08  1.07049201e-02 
 7.29075000e-08  9.78186071e-03 
 7.29175000e-08  8.16072474e-03 
 7.29337500e-08  6.06266920e-03 
 7.29500000e-08  4.49623421e-03 
 7.29525000e-08  4.29889462e-03 
 7.29575000e-08  3.92121807e-03 
 7.29675000e-08  3.26078199e-03 
 7.29837500e-08  2.41263556e-03 
 7.30000000e-08  1.78538103e-03 
 7.30025000e-08  1.70693188e-03 
 7.30075000e-08  1.55699691e-03 
 7.30175000e-08  1.29547497e-03 
 7.30337500e-08  9.61860804e-04 
 7.30500000e-08  7.17911129e-04 
 7.30525000e-08  6.87826747e-04 
 7.30575000e-08  6.30715952e-04 
 7.30675000e-08  5.32428024e-04 
 7.30837500e-08  4.08196328e-04 
 7.31000000e-08  3.17344792e-04 
 7.31025000e-08  3.05855479e-04 
 7.31075000e-08  2.83674181e-04 
 7.31175000e-08  2.44157039e-04 
 7.31337500e-08  1.92771426e-04 
 7.31500000e-08  1.54272770e-04 
 7.31525000e-08  1.49456748e-04 
 7.31575000e-08  1.40359120e-04 
 7.31675000e-08  1.24659457e-04 
 7.31837500e-08  1.04070940e-04 
 7.32000000e-08  8.75390129e-05 
 7.32025000e-08  8.53580267e-05 
 7.32075000e-08  8.11206889e-05 
 7.32175000e-08  7.34206758e-05 
 7.32337500e-08  6.23889006e-05 
 7.32500000e-08  5.21409668e-05 
 7.32525000e-08  5.03772825e-05 
 7.32575000e-08  4.65997565e-05 
 7.32675000e-08  3.91658718e-05 
 7.32837500e-08  2.91738460e-05 
 7.33000000e-08  2.26377118e-05 
 7.33025000e-08  2.20363013e-05 
 7.33075000e-08  2.09397105e-05 
 7.33175000e-08  1.95908523e-05 
 7.33337500e-08  1.87183360e-05 
 7.33500000e-08  1.87954997e-05 
 7.33525000e-08  1.87708698e-05 
 7.33575000e-08  1.85229455e-05 
 7.33675000e-08  1.77357133e-05 
 7.33837500e-08  1.69145201e-05 
 7.34000000e-08  1.65040539e-05 
 7.34025000e-08  1.65224218e-05 
 7.34075000e-08  1.66110008e-05 
 7.34175000e-08  1.67210782e-05 
 7.34337500e-08  1.51925243e-05 
 7.34500000e-08  1.12421844e-05 
 7.34525000e-08  1.04481852e-05 
 7.34575000e-08  8.79361495e-06 
 7.34675000e-08  5.41542207e-06 
 7.34837500e-08  6.92207796e-07 
 7.35000000e-08 -2.13613521e-06 
 7.35025000e-08 -2.45481549e-06 
 7.35075000e-08 -3.17472179e-06 
 7.35175000e-08 -4.58597653e-06 
 7.35337500e-08 -5.70613665e-06 
 7.35500000e-08 -5.09710928e-06 
 7.35525000e-08 -4.77702834e-06 
 7.35575000e-08 -4.01381144e-06 
 7.35675000e-08 -1.93205860e-06 
 7.35837500e-08  3.79262194e-06 
 7.36000000e-08  6.82198259e-06 
 7.36025000e-08  7.22715651e-06 
 7.36075000e-08  7.99366020e-06 
 7.36175000e-08  9.26921261e-06 
 7.36337500e-08  1.11524140e-05 
 7.36500000e-08  1.33076960e-05 
 7.36525000e-08  1.36981044e-05 
 7.36575000e-08  1.44327705e-05 
 7.36675000e-08  1.56637268e-05 
 7.36837500e-08  1.65937197e-05 
 7.37000000e-08  1.60843310e-05 
 7.37025000e-08  1.59542739e-05 
 7.37075000e-08  1.56769326e-05 
 7.37175000e-08  1.50079678e-05 
 7.37337500e-08  1.27582057e-05 
 7.37500000e-08  8.58029953e-06 
 7.37525000e-08  7.77414423e-06 
 7.37575000e-08  5.94803782e-06 
 7.37675000e-08  1.83162592e-06 
 7.37837500e-08 -6.50777675e-06 
 7.38000000e-08 -1.62965302e-05 
 7.38025000e-08 -1.77691363e-05 
 7.38075000e-08 -2.09860227e-05 
 7.38175000e-08 -2.67309224e-05 
 7.38337500e-08 -3.13223915e-05 
 7.38500000e-08 -2.96555011e-05 
 7.38525000e-08 -2.86292407e-05 
 7.38575000e-08 -2.64174113e-05 
 7.38675000e-08 -2.00843942e-05 
 7.38837500e-08 -5.55299127e-06 
 7.39000000e-08  1.46846543e-05 
 7.39025000e-08  1.85176615e-05 
 7.39075000e-08  2.64746414e-05 
 7.39175000e-08  4.43548214e-05 
 7.39337500e-08  7.61421458e-05 
 7.39500000e-08  1.06807485e-04 
 7.39525000e-08  1.11041163e-04 
 7.39575000e-08  1.22732170e-04 
 7.39675000e-08  1.38963585e-04 
 7.39837500e-08  1.55244694e-04 
 7.40000000e-08  1.63163990e-04 
 7.40025000e-08  1.63596746e-04 
 7.40075000e-08  1.63301839e-04 
 7.40175000e-08  1.59481818e-04 
 7.40337500e-08  1.53972376e-04 
 7.40500000e-08  1.46245174e-04 
 7.40525000e-08  1.45228785e-04 
 7.40575000e-08  1.43876547e-04 
 7.40675000e-08  1.41992964e-04 
 7.40837500e-08  1.35873583e-04 
 7.41000000e-08  1.13469749e-04 
 7.41025000e-08  1.08546349e-04 
 7.41075000e-08  9.87424047e-05 
 7.41175000e-08  7.90132430e-05 
 7.41337500e-08  5.19045149e-05 
 7.41500000e-08  3.56756011e-05 
 7.41525000e-08  3.44874500e-05 
 7.41575000e-08  3.32425427e-05 
 7.41675000e-08  3.52620682e-05 
 7.41837500e-08  4.98908253e-05 
 7.42000000e-08  7.99522154e-05 
 7.42025000e-08  8.59149010e-05 
 7.42075000e-08  9.93424933e-05 
 7.42175000e-08  1.29030465e-04 
 7.42337500e-08  1.75558037e-04 
 7.42500000e-08  2.00995062e-04 
 7.42525000e-08  2.01353685e-04 
 7.42575000e-08  2.00389320e-04 
 7.42675000e-08  1.84254072e-04 
 7.42837500e-08  1.07047859e-04 
 7.43000000e-08 -5.70718199e-05 
 7.43025000e-08 -9.39538879e-05 
 7.43075000e-08 -1.73056500e-04 
 7.43175000e-08 -3.63747586e-04 
 7.43337500e-08 -7.52334359e-04 
 7.43500000e-08 -1.20847435e-03 
 7.43525000e-08 -1.26361587e-03 
 7.43575000e-08 -1.38287995e-03 
 7.43675000e-08 -1.65723230e-03 
 7.43837500e-08 -2.14110275e-03 
 7.44000000e-08 -2.62737534e-03 
 7.44025000e-08 -2.70078371e-03 
 7.44075000e-08 -2.84727770e-03 
 7.44175000e-08 -3.13771970e-03 
 7.44337500e-08 -3.60722700e-03 
 7.44500000e-08 -4.08186597e-03 
 7.44525000e-08 -4.15518300e-03 
 7.44575000e-08 -4.30450210e-03 
 7.44675000e-08 -4.61068615e-03 
 7.44837500e-08 -5.12613297e-03 
 7.45000000e-08 -5.66983008e-03 
 7.45025000e-08 -5.75623208e-03 
 7.45075000e-08 -5.93490526e-03 
 7.45175000e-08 -6.31021468e-03 
 7.45337500e-08 -6.97739215e-03 
 7.45500000e-08 -7.73380208e-03 
 7.45525000e-08 -7.85791293e-03 
 7.45575000e-08 -8.12008779e-03 
 7.45675000e-08 -8.67846290e-03 
 7.45837500e-08 -9.70985332e-03 
 7.46000000e-08 -1.09493273e-02 
 7.46025000e-08 -1.11569987e-02 
 7.46075000e-08 -1.16033203e-02 
 7.46175000e-08 -1.25511897e-02 
 7.46337500e-08 -1.41624907e-02 
 7.46500000e-08 -1.54840938e-02 
 7.46525000e-08 -1.56011259e-02 
 7.46575000e-08 -1.57747184e-02 
 7.46675000e-08 -1.55407797e-02 
 7.46837500e-08 -1.27117363e-02 
 7.47000000e-08 -5.59914926e-03 
 7.47025000e-08 -3.98623027e-03 
 7.47075000e-08 -4.78284399e-04 
 7.47175000e-08  7.91062444e-03 
 7.47337500e-08  2.73119871e-02 
 7.47500000e-08  5.49645773e-02 
 7.47525000e-08  6.01612696e-02 
 7.47575000e-08  7.10838230e-02 
 7.47675000e-08  9.63355260e-02 
 7.47837500e-08  1.49054863e-01 
 7.48000000e-08  2.21044520e-01 
 7.48025000e-08  2.34604554e-01 
 7.48075000e-08  2.63331555e-01 
 7.48175000e-08  3.31878839e-01 
 7.48337500e-08  4.92276555e-01 
 7.48500000e-08  7.50347702e-01 
 7.48525000e-08  8.01628348e-01 
 7.48575000e-08  9.09665364e-01 
 7.48675000e-08  1.15679498e+00 
 7.48837500e-08  1.63907874e+00 
 7.49000000e-08  2.18252987e+00 
 7.49025000e-08  2.26466052e+00 
 7.49075000e-08  2.41772925e+00 
 7.49175000e-08  2.66807041e+00 
 7.49337500e-08  2.94482124e+00 
 7.49500000e-08  3.10282898e+00 
 7.49525000e-08  3.11848357e+00 
 7.49575000e-08  3.14699099e+00 
 7.49675000e-08  3.18992577e+00 
 7.49837500e-08  3.23240035e+00 
 7.50000000e-08  3.25488742e+00 
 7.50025000e-08  3.25717038e+00 
 7.50075000e-08  3.26143652e+00 
 7.50175000e-08  3.26844015e+00 
 7.50337500e-08  3.27677271e+00 
 7.50500000e-08  3.28260001e+00 
 7.50525000e-08  3.28331654e+00 
 7.50575000e-08  3.28468682e+00 
 7.50675000e-08  3.28707974e+00 
 7.50837500e-08  3.29015764e+00 
 7.51000000e-08  3.29244665e+00 
 7.51025000e-08  3.29273438e+00 
 7.51075000e-08  3.29328544e+00 
 7.51175000e-08  3.29425288e+00 
 7.51337500e-08  3.29550835e+00 
 7.51500000e-08  3.29645463e+00 
 7.51525000e-08  3.29657476e+00 
 7.51575000e-08  3.29680481e+00 
 7.51675000e-08  3.29720998e+00 
 7.51837500e-08  3.29773726e+00 
 7.52000000e-08  3.29814414e+00 
 7.52025000e-08  3.29819907e+00 
 7.52075000e-08  3.29830547e+00 
 7.52175000e-08  3.29850322e+00 
 7.52337500e-08  3.29878537e+00 
 7.52500000e-08  3.29902162e+00 
 7.52525000e-08  3.29905377e+00 
 7.52575000e-08  3.29911598e+00 
 7.52675000e-08  3.29923032e+00 
 7.52837500e-08  3.29938968e+00 
 7.53000000e-08  3.29951921e+00 
 7.53025000e-08  3.29953627e+00 
 7.53075000e-08  3.29956865e+00 
 7.53175000e-08  3.29962496e+00 
 7.53337500e-08  3.29969758e+00 
 7.53500000e-08  3.29975221e+00 
 7.53525000e-08  3.29975918e+00 
 7.53575000e-08  3.29977240e+00 
 7.53675000e-08  3.29979570e+00 
 7.53837500e-08  3.29982661e+00 
 7.54000000e-08  3.29985012e+00 
 7.54025000e-08  3.29985324e+00 
 7.54075000e-08  3.29985922e+00 
 7.54175000e-08  3.29987027e+00 
 7.54337500e-08  3.29988565e+00 
 7.54500000e-08  3.29989923e+00 
 7.54525000e-08  3.29990135e+00 
 7.54575000e-08  3.29990522e+00 
 7.54675000e-08  3.29991177e+00 
 7.54837500e-08  3.29992208e+00 
 7.55000000e-08  3.29993475e+00 
 7.55025000e-08  3.29993695e+00 
 7.55075000e-08  3.29994188e+00 
 7.55175000e-08  3.29995077e+00 
 7.55337500e-08  3.29995824e+00 
 7.55500000e-08  3.29995660e+00 
 7.55525000e-08  3.29995569e+00 
 7.55575000e-08  3.29995376e+00 
 7.55675000e-08  3.29994932e+00 
 7.55837500e-08  3.29994120e+00 
 7.56000000e-08  3.29993296e+00 
 7.56025000e-08  3.29993174e+00 
 7.56075000e-08  3.29992918e+00 
 7.56175000e-08  3.29992406e+00 
 7.56337500e-08  3.29991651e+00 
 7.56500000e-08  3.29990994e+00 
 7.56525000e-08  3.29990908e+00 
 7.56575000e-08  3.29990758e+00 
 7.56675000e-08  3.29990586e+00 
 7.56837500e-08  3.29990471e+00 
 7.57000000e-08  3.29990511e+00 
 7.57025000e-08  3.29990512e+00 
 7.57075000e-08  3.29990474e+00 
 7.57175000e-08  3.29990330e+00 
 7.57337500e-08  3.29990288e+00 
 7.57500000e-08  3.29990707e+00 
 7.57525000e-08  3.29990849e+00 
 7.57575000e-08  3.29991184e+00 
 7.57675000e-08  3.29992113e+00 
 7.57837500e-08  3.29993978e+00 
 7.58000000e-08  3.29995948e+00 
 7.58025000e-08  3.29996246e+00 
 7.58075000e-08  3.29996833e+00 
 7.58175000e-08  3.29997933e+00 
 7.58337500e-08  3.29999301e+00 
 7.58500000e-08  3.30000185e+00 
 7.58525000e-08  3.30000255e+00 
 7.58575000e-08  3.30000338e+00 
 7.58675000e-08  3.30000171e+00 
 7.58837500e-08  3.29999619e+00 
 7.59000000e-08  3.29999016e+00 
 7.59025000e-08  3.29998929e+00 
 7.59075000e-08  3.29998789e+00 
 7.59175000e-08  3.29998631e+00 
 7.59337500e-08  3.29998466e+00 
 7.59500000e-08  3.29998173e+00 
 7.59525000e-08  3.29998084e+00 
 7.59575000e-08  3.29997880e+00 
 7.59675000e-08  3.29997322e+00 
 7.59837500e-08  3.29996219e+00 
 7.60000000e-08  3.29995238e+00 
 7.60025000e-08  3.29995119e+00 
 7.60075000e-08  3.29994910e+00 
 7.60175000e-08  3.29994677e+00 
 7.60337500e-08  3.29995059e+00 
 7.60500000e-08  3.29997335e+00 
 7.60525000e-08  3.29997752e+00 
 7.60575000e-08  3.29998645e+00 
 7.60675000e-08  3.30000619e+00 
 7.60837500e-08  3.30003716e+00 
 7.61000000e-08  3.30004778e+00 
 7.61025000e-08  3.30004632e+00 
 7.61075000e-08  3.30004158e+00 
 7.61175000e-08  3.30002159e+00 
 7.61337500e-08  3.29996741e+00 
 7.61500000e-08  3.29989500e+00 
 7.61525000e-08  3.29988279e+00 
 7.61575000e-08  3.29985855e+00 
 7.61675000e-08  3.29981346e+00 
 7.61837500e-08  3.29975316e+00 
 7.62000000e-08  3.29970784e+00 
 7.62025000e-08  3.29970202e+00 
 7.62075000e-08  3.29969177e+00 
 7.62175000e-08  3.29967712e+00 
 7.62337500e-08  3.29967081e+00 
 7.62500000e-08  3.29968165e+00 
 7.62525000e-08  3.29968463e+00 
 7.62575000e-08  3.29969108e+00 
 7.62675000e-08  3.29971661e+00 
 7.62837500e-08  3.29975148e+00 
 7.63000000e-08  3.29977578e+00 
 7.63025000e-08  3.29977879e+00 
 7.63075000e-08  3.29978381e+00 
 7.63175000e-08  3.29979268e+00 
 7.63337500e-08  3.29981554e+00 
 7.63500000e-08  3.29985553e+00 
 7.63525000e-08  3.29986286e+00 
 7.63575000e-08  3.29987671e+00 
 7.63675000e-08  3.29990123e+00 
 7.63837500e-08  3.29993212e+00 
 7.64000000e-08  3.29995166e+00 
 7.64025000e-08  3.29995368e+00 
 7.64075000e-08  3.29995699e+00 
 7.64175000e-08  3.29996049e+00 
 7.64337500e-08  3.29995724e+00 
 7.64500000e-08  3.29994218e+00 
 7.64525000e-08  3.29993859e+00 
 7.64575000e-08  3.29992996e+00 
 7.64675000e-08  3.29990749e+00 
 7.64837500e-08  3.29985795e+00 
 7.65000000e-08  3.29979126e+00 
 7.65025000e-08  3.29978005e+00 
 7.65075000e-08  3.29975618e+00 
 7.65175000e-08  3.29970849e+00 
 7.65337500e-08  3.29964074e+00 
 7.65500000e-08  3.29959916e+00 
 7.65525000e-08  3.29959639e+00 
 7.65575000e-08  3.29959174e+00 
 7.65675000e-08  3.29959084e+00 
 7.65837500e-08  3.29960773e+00 
 7.66000000e-08  3.29964271e+00 
 7.66025000e-08  3.29964982e+00 
 7.66075000e-08  3.29966413e+00 
 7.66175000e-08  3.29969817e+00 
 7.66337500e-08  3.29977421e+00 
 7.66500000e-08  3.29988557e+00 
 7.66525000e-08  3.29990717e+00 
 7.66575000e-08  3.29995277e+00 
 7.66675000e-08  3.30006566e+00 
 7.66837500e-08  3.30029490e+00 
 7.67000000e-08  3.30056435e+00 
 7.67025000e-08  3.30060951e+00 
 7.67075000e-08  3.30070111e+00 
 7.67175000e-08  3.30089226e+00 
 7.67337500e-08  3.30122086e+00 
 7.67500000e-08  3.30155163e+00 
 7.67525000e-08  3.30160264e+00 
 7.67575000e-08  3.30170114e+00 
 7.67675000e-08  3.30189244e+00 
 7.67837500e-08  3.30222534e+00 
 7.68000000e-08  3.30256829e+00 
 7.68025000e-08  3.30262256e+00 
 7.68075000e-08  3.30273265e+00 
 7.68175000e-08  3.30295941e+00 
 7.68337500e-08  3.30333857e+00 
 7.68500000e-08  3.30373060e+00 
 7.68525000e-08  3.30379176e+00 
 7.68575000e-08  3.30391524e+00 
 7.68675000e-08  3.30416461e+00 
 7.68837500e-08  3.30456368e+00 
 7.69000000e-08  3.30493837e+00 
 7.69025000e-08  3.30499188e+00 
 7.69075000e-08  3.30509812e+00 
 7.69175000e-08  3.30530392e+00 
 7.69337500e-08  3.30563064e+00 
 7.69500000e-08  3.30596789e+00 
 7.69525000e-08  3.30602204e+00 
 7.69575000e-08  3.30613312e+00 
 7.69675000e-08  3.30637059e+00 
 7.69837500e-08  3.30680755e+00 
 7.70000000e-08  3.30732299e+00 
 7.70025000e-08  3.30741099e+00 
 7.70075000e-08  3.30759322e+00 
 7.70175000e-08  3.30799129e+00 
 7.70337500e-08  3.30874298e+00 
 7.70500000e-08  3.30965109e+00 
 7.70525000e-08  3.30980789e+00 
 7.70575000e-08  3.31013400e+00 
 7.70675000e-08  3.31085375e+00 
 7.70837500e-08  3.31225226e+00 
 7.71000000e-08  3.31400912e+00 
 7.71025000e-08  3.31431940e+00 
 7.71075000e-08  3.31496966e+00 
 7.71175000e-08  3.31639215e+00 
 7.71337500e-08  3.31890008e+00 
 7.71500000e-08  3.32101452e+00 
 7.71525000e-08  3.32121298e+00 
 7.71575000e-08  3.32148850e+00 
 7.71675000e-08  3.32107276e+00 
 7.71837500e-08  3.31638485e+00 
 7.72000000e-08  3.30494775e+00 
 7.72025000e-08  3.30238080e+00 
 7.72075000e-08  3.29714800e+00 
 7.72175000e-08  3.28453371e+00 
 7.72337500e-08  3.25578152e+00 
 7.72500000e-08  3.21577583e+00 
 7.72525000e-08  3.20837038e+00 
 7.72575000e-08  3.19287864e+00 
 7.72675000e-08  3.15755442e+00 
 7.72837500e-08  3.08547258e+00 
 7.73000000e-08  2.98922909e+00 
 7.73025000e-08  2.97124523e+00 
 7.73075000e-08  2.93300583e+00 
 7.73175000e-08  2.84025794e+00 
 7.73337500e-08  2.60865313e+00 
 7.73500000e-08  2.25618643e+00 
 7.73525000e-08  2.18970894e+00 
 7.73575000e-08  2.05161955e+00 
 7.73675000e-08  1.74533292e+00 
 7.73837500e-08  1.17712148e+00 
 7.74000000e-08  6.38330966e-01 
 7.74025000e-08  5.70165262e-01 
 7.74075000e-08  4.45865006e-01 
 7.74175000e-08  2.62662041e-01 
 7.74337500e-08  1.06507180e-01 
 7.74500000e-08  5.07058353e-02 
 7.74525000e-08  4.69088908e-02 
 7.74575000e-08  4.01125332e-02 
 7.74675000e-08  3.03992356e-02 
 7.74837500e-08  2.08176219e-02 
 7.75000000e-08  1.51519285e-02 
 7.75025000e-08  1.44968817e-02 
 7.75075000e-08  1.32373852e-02 
 7.75175000e-08  1.10405482e-02 
 7.75337500e-08  8.21692897e-03 
 7.75500000e-08  6.11293239e-03 
 7.75525000e-08  5.84705254e-03 
 7.75575000e-08  5.33714284e-03 
 7.75675000e-08  4.44263006e-03 
 7.75837500e-08  3.28940147e-03 
 7.76000000e-08  2.43427588e-03 
 7.76025000e-08  2.32701207e-03 
 7.76075000e-08  2.12198086e-03 
 7.76175000e-08  1.76400207e-03 
 7.76337500e-08  1.30596225e-03 
 7.76500000e-08  9.69575996e-04 
 7.76525000e-08  9.27863939e-04 
 7.76575000e-08  8.48465063e-04 
 7.76675000e-08  7.11118379e-04 
 7.76837500e-08  5.37117983e-04 
 7.77000000e-08  4.10221719e-04 
 7.77025000e-08  3.94464107e-04 
 7.77075000e-08  3.64394431e-04 
 7.77175000e-08  3.12093173e-04 
 7.77337500e-08  2.45393929e-04 
 7.77500000e-08  1.96151977e-04 
 7.77525000e-08  1.89836633e-04 
 7.77575000e-08  1.77602190e-04 
 7.77675000e-08  1.55442028e-04 
 7.77837500e-08  1.25918799e-04 
 7.78000000e-08  1.03126351e-04 
 7.78025000e-08  1.00136370e-04 
 7.78075000e-08  9.44482836e-05 
 7.78175000e-08  8.46693013e-05 
 7.78337500e-08  7.14746871e-05 
 7.78500000e-08  6.05430653e-05 
 7.78525000e-08  5.90184514e-05 
 7.78575000e-08  5.62350296e-05 
 7.78675000e-08  5.04540206e-05 
 7.78837500e-08  4.00243450e-05 
 7.79000000e-08  3.10087913e-05 
 7.79025000e-08  2.99676329e-05 
 7.79075000e-08  2.78634615e-05 
 7.79175000e-08  2.43036020e-05 
 7.79337500e-08  2.03743248e-05 
 7.79500000e-08  1.83379438e-05 
 7.79525000e-08  1.82222792e-05 
 7.79575000e-08  1.80165111e-05 
 7.79675000e-08  1.80259235e-05 
 7.79837500e-08  1.87442527e-05 
 7.80000000e-08  2.00148033e-05 
 7.80025000e-08  2.02259678e-05 
 7.80075000e-08  2.05705984e-05 
 7.80175000e-08  2.09183884e-05 
 7.80337500e-08  2.00471871e-05 
 7.80500000e-08  1.69716104e-05 
 7.80525000e-08  1.62348310e-05 
 7.80575000e-08  1.45777448e-05 
 7.80675000e-08  1.06532473e-05 
 7.80837500e-08  4.00545650e-06 
 7.81000000e-08 -1.58965626e-06 
 7.81025000e-08 -2.16879916e-06 
 7.81075000e-08 -3.08245762e-06 
 7.81175000e-08 -3.43468302e-06 
 7.81337500e-08 -3.35707080e-06 
 7.81500000e-08 -2.57582078e-06 
 7.81525000e-08 -2.48058088e-06 
 7.81575000e-08 -2.40546819e-06 
 7.81675000e-08 -2.38960906e-06 
 7.81837500e-08 -1.49177850e-06 
 7.82000000e-08  2.36796209e-06 
 7.82025000e-08  2.84683150e-06 
 7.82075000e-08  3.78477410e-06 
 7.82175000e-08  5.60958676e-06 
 7.82337500e-08  8.18304170e-06 
 7.82500000e-08  1.01546254e-05 
 7.82525000e-08  1.05056526e-05 
 7.82575000e-08  1.11932114e-05 
 7.82675000e-08  1.25806569e-05 
 7.82837500e-08  1.43998978e-05 
 7.83000000e-08  1.52226137e-05 
 7.83025000e-08  1.51980340e-05 
 7.83075000e-08  1.49899029e-05 
 7.83175000e-08  1.40420716e-05 
 7.83337500e-08  1.16135753e-05 
 7.83500000e-08  8.38550161e-06 
 7.83525000e-08  7.93320029e-06 
 7.83575000e-08  6.94826429e-06 
 7.83675000e-08  4.95060698e-06 
 7.83837500e-08  1.41354959e-06 
 7.84000000e-08 -4.05304283e-06 
 7.84025000e-08 -5.22120261e-06 
 7.84075000e-08 -8.04191997e-06 
 7.84175000e-08 -1.41603817e-05 
 7.84337500e-08 -2.29071987e-05 
 7.84500000e-08 -2.69892189e-05 
 7.84525000e-08 -2.69747319e-05 
 7.84575000e-08 -2.69942136e-05 
 7.84675000e-08 -2.56651255e-05 
 7.84837500e-08 -1.96760004e-05 
 7.85000000e-08 -8.16621378e-06 
 7.85025000e-08 -5.61035440e-06 
 7.85075000e-08 -1.45593384e-07 
 7.85175000e-08  1.28160183e-05 
 7.85337500e-08  4.00864128e-05 
 7.85500000e-08  7.17358942e-05 
 7.85525000e-08  7.66947637e-05 
 7.85575000e-08  8.64448127e-05 
 7.85675000e-08  1.04941271e-04 
 7.85837500e-08  1.35631198e-04 
 7.86000000e-08  1.53731347e-04 
 7.86025000e-08  1.55416014e-04 
 7.86075000e-08  1.58412849e-04 
 7.86175000e-08  1.62387060e-04 
 7.86337500e-08  1.61077328e-04 
 7.86500000e-08  1.55813345e-04 
 7.86525000e-08  1.54762215e-04 
 7.86575000e-08  1.52688644e-04 
 7.86675000e-08  1.48976925e-04 
 7.86837500e-08  1.44539564e-04 
 7.87000000e-08  1.39419582e-04 
 7.87025000e-08  1.36900730e-04 
 7.87075000e-08  1.31222467e-04 
 7.87175000e-08  1.15357663e-04 
 7.87337500e-08  8.44192646e-05 
 7.87500000e-08  5.59699268e-05 
 7.87525000e-08  5.23442288e-05 
 7.87575000e-08  4.60297460e-05 
 7.87675000e-08  3.73964508e-05 
 7.87837500e-08  3.42981681e-05 
 7.88000000e-08  4.54998719e-05 
 7.88025000e-08  4.85730233e-05 
 7.88075000e-08  5.61066301e-05 
 7.88175000e-08  7.60114618e-05 
 7.88337500e-08  1.20273533e-04 
 7.88500000e-08  1.67918277e-04 
 7.88525000e-08  1.73834220e-04 
 7.88575000e-08  1.84956373e-04 
 7.88675000e-08  1.98103725e-04 
 7.88837500e-08  1.85443199e-04 
 7.89000000e-08  1.15346827e-04 
 7.89025000e-08  9.72462887e-05 
 7.89075000e-08  5.67491371e-05 
 7.89175000e-08 -5.60696097e-05 
 7.89337500e-08 -3.30484663e-04 
 7.89500000e-08 -7.05267030e-04 
 7.89525000e-08 -7.71855745e-04 
 7.89575000e-08 -9.08252973e-04 
 7.89675000e-08 -1.19456394e-03 
 7.89837500e-08 -1.60023608e-03 
 7.90000000e-08 -2.09258820e-03 
 7.90025000e-08 -2.16819292e-03 
 7.90075000e-08 -2.31882565e-03 
 7.90175000e-08 -2.61643879e-03 
 7.90337500e-08 -3.09147782e-03 
 7.90500000e-08 -3.56078926e-03 
 7.90525000e-08 -3.63238051e-03 
 7.90575000e-08 -3.77653821e-03 
 7.90675000e-08 -4.06700104e-03 
 7.90837500e-08 -4.54853792e-03 
 7.91000000e-08 -5.05739954e-03 
 7.91025000e-08 -5.13784419e-03 
 7.91075000e-08 -5.30261872e-03 
 7.91175000e-08 -5.64241732e-03 
 7.91337500e-08 -6.24157847e-03 
 7.91500000e-08 -6.91618576e-03 
 7.91525000e-08 -7.02662136e-03 
 7.91575000e-08 -7.25778405e-03 
 7.91675000e-08 -7.74585057e-03 
 7.91837500e-08 -8.62441330e-03 
 7.92000000e-08 -9.64900495e-03 
 7.92025000e-08 -9.81927495e-03 
 7.92075000e-08 -1.01848894e-02 
 7.92175000e-08 -1.09741623e-02 
 7.92337500e-08 -1.24384707e-02 
 7.92500000e-08 -1.40581848e-02 
 7.92525000e-08 -1.42961038e-02 
 7.92575000e-08 -1.47742422e-02 
 7.92675000e-08 -1.55373595e-02 
 7.92837500e-08 -1.56345296e-02 
 7.93000000e-08 -1.31044264e-02 
 7.93025000e-08 -1.23422494e-02 
 7.93075000e-08 -1.05945941e-02 
 7.93175000e-08 -5.63100431e-03 
 7.93337500e-08  6.80993306e-03 
 7.93500000e-08  2.56124844e-02 
 7.93525000e-08  2.92737611e-02 
 7.93575000e-08  3.70086905e-02 
 7.93675000e-08  5.50974763e-02 
 7.93837500e-08  9.31277500e-02 
 7.94000000e-08  1.44606294e-01 
 7.94025000e-08  1.54174136e-01 
 7.94075000e-08  1.74310841e-01 
 7.94175000e-08  2.21274512e-01 
 7.94337500e-08  3.23182326e-01 
 7.94500000e-08  4.77750623e-01 
 7.94525000e-08  5.09433648e-01 
 7.94575000e-08  5.78599767e-01 
 7.94675000e-08  7.50547657e-01 
 7.94837500e-08  1.12232318e+00 
 7.95000000e-08  1.59809488e+00 
 7.95025000e-08  1.68043564e+00 
 7.95075000e-08  1.84812351e+00 
 7.95175000e-08  2.18884545e+00 
 7.95337500e-08  2.63948286e+00 
 7.95500000e-08  2.92811784e+00 
 7.95525000e-08  2.95871434e+00 
 7.95575000e-08  3.01473633e+00 
 7.95675000e-08  3.10062507e+00 
 7.95837500e-08  3.18634909e+00 
 7.96000000e-08  3.23031062e+00 
 7.96025000e-08  3.23452967e+00 
 7.96075000e-08  3.24228475e+00 
 7.96175000e-08  3.25440659e+00 
 7.96337500e-08  3.26773171e+00 
 7.96500000e-08  3.27630628e+00 
 7.96525000e-08  3.27731904e+00 
 7.96575000e-08  3.27924882e+00 
 7.96675000e-08  3.28258744e+00 
 7.96837500e-08  3.28683714e+00 
 7.97000000e-08  3.28997475e+00 
 7.97025000e-08  3.29036827e+00 
 7.97075000e-08  3.29112180e+00 
 7.97175000e-08  3.29244315e+00 
 7.97337500e-08  3.29415225e+00 
 7.97500000e-08  3.29543307e+00 
 7.97525000e-08  3.29559516e+00 
 7.97575000e-08  3.29590609e+00 
 7.97675000e-08  3.29645514e+00 
 7.97837500e-08  3.29717304e+00 
 7.98000000e-08  3.29771361e+00 
 7.98025000e-08  3.29778231e+00 
 7.98075000e-08  3.29791343e+00 
 7.98175000e-08  3.29814998e+00 
 7.98337500e-08  3.29848208e+00 
 7.98500000e-08  3.29876505e+00 
 7.98525000e-08  3.29880425e+00 
 7.98575000e-08  3.29888020e+00 
 7.98675000e-08  3.29902011e+00 
 7.98837500e-08  3.29921569e+00 
 7.99000000e-08  3.29937704e+00 
 7.99025000e-08  3.29939862e+00 
 7.99075000e-08  3.29943992e+00 
 7.99175000e-08  3.29951400e+00 
 7.99337500e-08  3.29961182e+00 
 7.99500000e-08  3.29968627e+00 
 7.99525000e-08  3.29969589e+00 
 7.99575000e-08  3.29971428e+00 
 7.99675000e-08  3.29974695e+00 
 7.99837500e-08  3.29978957e+00 
 8.00000000e-08  3.29982186e+00 
 8.00025000e-08  3.29982615e+00 
 8.00075000e-08  3.29983440e+00 
 8.00175000e-08  3.29984966e+00 
 8.00337500e-08  3.29987044e+00 
 8.00500000e-08  3.29988676e+00 
 8.00525000e-08  3.29988881e+00 
 8.00575000e-08  3.29989244e+00 
