 0.00000000e+00  3.29748961e+00 
 2.50000000e-13  3.29748961e+00 
 5.00000000e-13  3.29748961e+00 
 1.00000000e-12  3.29748961e+00 
 2.00000000e-12  3.29748961e+00 
 4.00000000e-12  3.29748961e+00 
 8.00000000e-12  3.29748961e+00 
 1.60000000e-11  3.29748961e+00 
 3.20000000e-11  3.29748961e+00 
 5.70000000e-11  3.29748961e+00 
 8.20000000e-11  3.29748961e+00 
 1.07000000e-10  3.29748961e+00 
 1.32000000e-10  3.29748961e+00 
 1.57000000e-10  3.29748961e+00 
 1.82000000e-10  3.29748961e+00 
 2.07000000e-10  3.29748961e+00 
 2.32000000e-10  3.29748961e+00 
 2.57000000e-10  3.29748961e+00 
 2.82000000e-10  3.29748961e+00 
 3.07000000e-10  3.29748961e+00 
 3.32000000e-10  3.29748961e+00 
 3.57000000e-10  3.29748961e+00 
 3.82000000e-10  3.29748961e+00 
 4.07000000e-10  3.29748961e+00 
 4.32000000e-10  3.29748961e+00 
 4.57000000e-10  3.29748961e+00 
 4.82000000e-10  3.29748961e+00 
 5.07000000e-10  3.29748961e+00 
 5.32000000e-10  3.29748961e+00 
 5.57000000e-10  3.29748961e+00 
 5.82000000e-10  3.29748961e+00 
 6.07000000e-10  3.29748961e+00 
 6.32000000e-10  3.29748961e+00 
 6.57000000e-10  3.29748961e+00 
 6.82000000e-10  3.29748961e+00 
 7.07000000e-10  3.29748961e+00 
 7.32000000e-10  3.29748961e+00 
 7.57000000e-10  3.29748961e+00 
 7.82000000e-10  3.29748961e+00 
 8.07000000e-10  3.29748961e+00 
 8.32000000e-10  3.29748961e+00 
 8.57000000e-10  3.29748961e+00 
 8.82000000e-10  3.29748961e+00 
 9.07000000e-10  3.29748961e+00 
 9.32000000e-10  3.29748961e+00 
 9.57000000e-10  3.29748961e+00 
 9.78500000e-10  3.29748961e+00 
 1.00000000e-09  3.29748961e+00 
 1.00250000e-09  3.29748963e+00 
 1.00750000e-09  3.29748968e+00 
 1.01750000e-09  3.29748969e+00 
 1.03375000e-09  3.29748877e+00 
 1.05000000e-09  3.29748617e+00 
 1.05250000e-09  3.29748557e+00 
 1.05750000e-09  3.29748428e+00 
 1.06750000e-09  3.29748133e+00 
 1.08750000e-09  3.29747545e+00 
 1.11250000e-09  3.29746994e+00 
 1.13750000e-09  3.29746664e+00 
 1.16250000e-09  3.29746339e+00 
 1.18750000e-09  3.29745679e+00 
 1.21250000e-09  3.29744338e+00 
 1.23750000e-09  3.29742041e+00 
 1.26250000e-09  3.29738607e+00 
 1.28750000e-09  3.29733948e+00 
 1.31250000e-09  3.29728062e+00 
 1.33750000e-09  3.29721024e+00 
 1.36250000e-09  3.29712973e+00 
 1.38750000e-09  3.29704103e+00 
 1.41250000e-09  3.29694651e+00 
 1.43750000e-09  3.29684879e+00 
 1.46250000e-09  3.29675078e+00 
 1.48750000e-09  3.29665551e+00 
 1.51250000e-09  3.29656640e+00 
 1.53750000e-09  3.29648744e+00 
 1.56250000e-09  3.29642340e+00 
 1.58750000e-09  3.29638003e+00 
 1.61250000e-09  3.29636409e+00 
 1.63750000e-09  3.29638323e+00 
 1.66250000e-09  3.29644551e+00 
 1.68750000e-09  3.29655904e+00 
 1.71250000e-09  3.29673154e+00 
 1.73750000e-09  3.29697021e+00 
 1.76250000e-09  3.29728208e+00 
 1.78750000e-09  3.29767466e+00 
 1.81250000e-09  3.29815720e+00 
 1.83750000e-09  3.29874251e+00 
 1.86250000e-09  3.29944950e+00 
 1.88750000e-09  3.30032944e+00 
 1.91250000e-09  3.30143614e+00 
 1.93750000e-09  3.30278134e+00 
 1.96250000e-09  3.30451240e+00 
 1.98750000e-09  3.30680646e+00 
 2.01250000e-09  3.30992209e+00 
 2.03125000e-09  3.31289989e+00 
 2.05000000e-09  3.31595568e+00 
 2.05250000e-09  3.31630476e+00 
 2.05750000e-09  3.31692812e+00 
 2.06750000e-09  3.31751570e+00 
 2.08375000e-09  3.31544326e+00 
 2.10000000e-09  3.30786983e+00 
 2.10250000e-09  3.30601926e+00 
 2.10750000e-09  3.30195009e+00 
 2.11750000e-09  3.29230776e+00 
 2.13750000e-09  3.26352879e+00 
 2.16250000e-09  3.20661942e+00 
 2.18750000e-09  3.12073979e+00 
 2.21250000e-09  2.99204260e+00 
 2.23750000e-09  2.77752511e+00 
 2.26250000e-09  2.35288194e+00 
 2.28750000e-09  1.68411020e+00 
 2.31250000e-09  8.60592846e-01 
 2.33750000e-09  2.75306363e-01 
 2.36250000e-09  6.73766560e-02 
 2.38750000e-09  2.99069241e-02 
 2.41250000e-09  1.89897442e-02 
 2.43750000e-09  1.24318902e-02 
 2.46250000e-09  8.22662255e-03 
 2.48750000e-09  5.43709130e-03 
 2.51250000e-09  3.58414704e-03 
 2.53750000e-09  2.36939282e-03 
 2.56250000e-09  1.58366911e-03 
 2.58750000e-09  1.07902293e-03 
 2.61250000e-09  7.53264048e-04 
 2.63750000e-09  5.38369428e-04 
 2.66250000e-09  3.80503580e-04 
 2.68750000e-09  1.90214532e-04 
 2.71250000e-09 -1.85104368e-04 
 2.73750000e-09 -6.50279246e-04 
 2.76250000e-09 -1.18879084e-03 
 2.78750000e-09 -1.76567839e-03 
 2.81250000e-09 -2.36877817e-03 
 2.83750000e-09 -3.00963170e-03 
 2.86250000e-09 -3.71109171e-03 
 2.88750000e-09 -4.49208748e-03 
 2.91250000e-09 -5.38089232e-03 
 2.93750000e-09 -6.43260666e-03 
 2.96250000e-09 -7.75414257e-03 
 2.98750000e-09 -9.53227883e-03 
 3.01250000e-09 -1.20496032e-02 
 3.03750000e-09 -1.53076683e-02 
 3.06250000e-09 -1.76379902e-02 
 3.08750000e-09 -1.41840624e-02 
 3.11250000e-09  1.27542356e-03 
 3.13750000e-09  3.25315574e-02 
 3.16250000e-09  8.61636111e-02 
 3.18750000e-09  1.72070414e-01 
 3.21250000e-09  3.13891915e-01 
 3.23750000e-09  5.85418726e-01 
 3.26250000e-09  1.09155260e+00 
 3.28750000e-09  1.83693304e+00 
 3.31250000e-09  2.57856424e+00 
 3.33750000e-09  3.00688363e+00 
 3.36250000e-09  3.18211898e+00 
 3.38750000e-09  3.24391313e+00 
 3.41250000e-09  3.26738203e+00 
 3.43750000e-09  3.27921878e+00 
 3.46250000e-09  3.28641498e+00 
 3.48750000e-09  3.29100445e+00 
 3.51250000e-09  3.29393730e+00 
 3.53750000e-09  3.29581860e+00 
 3.56250000e-09  3.29703455e+00 
 3.58750000e-09  3.29783747e+00 
 3.61250000e-09  3.29836796e+00 
 3.63750000e-09  3.29874642e+00 
 3.66250000e-09  3.29906175e+00 
 3.68750000e-09  3.29931443e+00 
 3.71250000e-09  3.29950739e+00 
 3.73750000e-09  3.29965143e+00 
 3.76250000e-09  3.29975052e+00 
 3.78750000e-09  3.29981441e+00 
 3.81250000e-09  3.29985554e+00 
 3.83750000e-09  3.29988214e+00 
 3.86250000e-09  3.29989945e+00 
 3.88750000e-09  3.29991253e+00 
 3.91250000e-09  3.29992602e+00 
 3.93750000e-09  3.29994260e+00 
 3.96250000e-09  3.29996191e+00 
 3.98750000e-09  3.29996414e+00 
 4.01250000e-09  3.29995218e+00 
 4.03750000e-09  3.29993887e+00 
 4.06250000e-09  3.29992772e+00 
 4.08750000e-09  3.29991915e+00 
 4.11250000e-09  3.29991139e+00 
 4.13750000e-09  3.29990597e+00 
 4.16250000e-09  3.29990704e+00 
 4.18750000e-09  3.29991485e+00 
 4.21250000e-09  3.29992899e+00 
 4.23750000e-09  3.29994980e+00 
 4.26250000e-09  3.29997381e+00 
 4.28750000e-09  3.29999218e+00 
 4.31250000e-09  3.30000066e+00 
 4.33750000e-09  3.29999744e+00 
 4.36250000e-09  3.29999127e+00 
 4.38750000e-09  3.29998539e+00 
 4.41250000e-09  3.29997957e+00 
 4.43750000e-09  3.29996667e+00 
 4.46250000e-09  3.29995315e+00 
 4.48750000e-09  3.29995447e+00 
 4.51250000e-09  3.29998465e+00 
 4.53750000e-09  3.30002410e+00 
 4.56250000e-09  3.30003726e+00 
 4.58750000e-09  3.29999079e+00 
 4.61250000e-09  3.29989246e+00 
 4.63750000e-09  3.29978598e+00 
 4.66250000e-09  3.29971442e+00 
 4.68750000e-09  3.29968132e+00 
 4.71250000e-09  3.29969319e+00 
 4.73750000e-09  3.29974520e+00 
 4.76250000e-09  3.29979415e+00 
 4.78750000e-09  3.29981422e+00 
 4.81250000e-09  3.29985090e+00 
 4.83750000e-09  3.29991428e+00 
 4.86250000e-09  3.29995495e+00 
 4.88750000e-09  3.29996415e+00 
 4.91250000e-09  3.29994683e+00 
 4.93750000e-09  3.29990181e+00 
 4.96250000e-09  3.29982132e+00 
 4.98750000e-09  3.29970705e+00 
 5.01250000e-09  3.29961579e+00 
 5.03750000e-09  3.29959454e+00 
 5.06250000e-09  3.29963153e+00 
 5.08750000e-09  3.29970930e+00 
 5.11250000e-09  3.29984284e+00 
 5.13750000e-09  3.30006779e+00 
 5.16250000e-09  3.30042668e+00 
 5.18750000e-09  3.30088065e+00 
 5.21250000e-09  3.30138519e+00 
 5.23750000e-09  3.30188157e+00 
 5.26250000e-09  3.30239078e+00 
 5.28750000e-09  3.30293202e+00 
 5.31250000e-09  3.30350816e+00 
 5.33750000e-09  3.30410873e+00 
 5.36250000e-09  3.30470239e+00 
 5.38750000e-09  3.30523695e+00 
 5.41250000e-09  3.30572929e+00 
 5.43750000e-09  3.30626723e+00 
 5.46250000e-09  3.30693765e+00 
 5.48750000e-09  3.30781335e+00 
 5.51250000e-09  3.30897824e+00 
 5.53750000e-09  3.31055701e+00 
 5.56250000e-09  3.31273584e+00 
 5.58750000e-09  3.31577861e+00 
 5.61250000e-09  3.31945100e+00 
 5.63750000e-09  3.32082848e+00 
 5.66250000e-09  3.31298278e+00 
 5.68750000e-09  3.28898013e+00 
 5.71250000e-09  3.24453751e+00 
 5.73750000e-09  3.17160179e+00 
 5.76250000e-09  3.05965382e+00 
 5.78750000e-09  2.87876122e+00 
 5.81250000e-09  2.51078942e+00 
 5.83750000e-09  1.87642171e+00 
 5.86250000e-09  1.02293276e+00 
 5.88750000e-09  3.47480863e-01 
 5.91250000e-09  7.84904594e-02 
 5.93750000e-09  3.03807228e-02 
 5.96250000e-09  1.87211527e-02 
 5.98750000e-09  1.18834997e-02 
 6.01250000e-09  7.56228938e-03 
 6.03750000e-09  4.77555816e-03 
 6.06250000e-09  2.99774308e-03 
 6.08750000e-09  1.87879397e-03 
 6.11250000e-09  1.18006148e-03 
 6.13750000e-09  7.48238903e-04 
 6.16250000e-09  4.82912517e-04 
 6.18750000e-09  3.20247377e-04 
 6.21250000e-09  2.20644251e-04 
 6.23750000e-09  1.58481574e-04 
 6.26250000e-09  1.17790714e-04 
 6.28750000e-09  8.99302313e-05 
 6.31250000e-09  6.96739412e-05 
 6.33750000e-09  5.39548036e-05 
 6.36250000e-09  3.75134184e-05 
 6.38750000e-09  2.43855060e-05 
 6.41250000e-09  1.85088697e-05 
 6.43750000e-09  1.66297603e-05 
 6.46250000e-09  1.72257119e-05 
 6.48750000e-09  1.90612759e-05 
 6.51250000e-09  1.88015541e-05 
 6.53750000e-09  1.34985453e-05 
 6.56250000e-09  4.64142881e-06 
 6.58750000e-09 -2.71767379e-06 
 6.61250000e-09 -4.76352264e-06 
 6.63750000e-09 -4.02480876e-06 
 6.66250000e-09 -7.49344905e-07 
 6.68750000e-09  6.01087363e-06 
 6.71250000e-09  9.29222372e-06 
 6.73750000e-09  1.20669674e-05 
 6.76250000e-09  1.46321330e-05 
 6.78750000e-09  1.56205120e-05 
 6.81250000e-09  1.33811965e-05 
 6.83750000e-09  8.29214145e-06 
 6.86250000e-09 -1.89690530e-07 
 6.88750000e-09 -1.18173489e-05 
 6.91250000e-09 -2.47234404e-05 
 6.93750000e-09 -2.86525423e-05 
 6.96250000e-09 -1.97203084e-05 
 6.98750000e-09  1.95184121e-06 
 7.01250000e-09  3.88088866e-05 
 7.03750000e-09  8.71093804e-05 
 7.06250000e-09  1.33182718e-04 
 7.08750000e-09  1.59881512e-04 
 7.11250000e-09  1.62493975e-04 
 7.13750000e-09  1.51614007e-04 
 7.16250000e-09  1.41831761e-04 
 7.18750000e-09  1.28991139e-04 
 7.21250000e-09  8.85657047e-05 
 7.23750000e-09  4.71490207e-05 
 7.26250000e-09  3.32041649e-05 
 7.28750000e-09  5.54426086e-05 
 7.31250000e-09  1.16861320e-04 
 7.33750000e-09  1.86685864e-04 
 7.36250000e-09  1.89278880e-04 
 7.38750000e-09  5.59400585e-05 
 7.41250000e-09 -3.01875494e-04 
 7.43750000e-09 -9.00307996e-04 
 7.46250000e-09 -1.57808675e-03 
 7.48750000e-09 -2.30867968e-03 
 7.51250000e-09 -3.05550441e-03 
 7.53750000e-09 -3.77668255e-03 
 7.56250000e-09 -4.50842842e-03 
 7.58750000e-09 -5.29114008e-03 
 7.61250000e-09 -6.16872166e-03 
 7.63750000e-09 -7.21248640e-03 
 7.66250000e-09 -8.48927026e-03 
 7.68750000e-09 -1.01176631e-02 
 7.71250000e-09 -1.22466106e-02 
 7.73750000e-09 -1.46810260e-02 
 7.76250000e-09 -1.55855228e-02 
 7.78750000e-09 -1.05820970e-02 
 7.81250000e-09  5.41420890e-03 
 7.83750000e-09  3.63562727e-02 
 7.86250000e-09  8.87473484e-02 
 7.88750000e-09  1.72775484e-01 
 7.91250000e-09  3.11890099e-01 
 7.93750000e-09  5.78546401e-01 
 7.96250000e-09  1.07993342e+00 
 7.98750000e-09  1.82409247e+00 
 8.01250000e-09  2.57119725e+00 
 8.03750000e-09  3.00466896e+00 
 8.06250000e-09  3.18180046e+00 
 8.08750000e-09  3.24391526e+00 
 8.11250000e-09  3.26745165e+00 
 8.13750000e-09  3.27933738e+00 
 8.16250000e-09  3.28655104e+00 
 8.18750000e-09  3.29114120e+00 
 8.21250000e-09  3.29406517e+00 
 8.23750000e-09  3.29593816e+00 
 8.26250000e-09  3.29714928e+00 
 8.28750000e-09  3.29793394e+00 
 8.31250000e-09  3.29846807e+00 
 8.33750000e-09  3.29888513e+00 
 8.36250000e-09  3.29920367e+00 
 8.38750000e-09  3.29943962e+00 
 8.41250000e-09  3.29961005e+00 
 8.43750000e-09  3.29972255e+00 
 8.46250000e-09  3.29979426e+00 
 8.48750000e-09  3.29984017e+00 
 8.51250000e-09  3.29987017e+00 
 8.53750000e-09  3.29989100e+00 
 8.56250000e-09  3.29990980e+00 
 8.58750000e-09  3.29992936e+00 
 8.61250000e-09  3.29995157e+00 
 8.63750000e-09  3.29996244e+00 
 8.66250000e-09  3.29995327e+00 
 8.68750000e-09  3.29993852e+00 
 8.71250000e-09  3.29992561e+00 
 8.73750000e-09  3.29991553e+00 
 8.76250000e-09  3.29990703e+00 
 8.78750000e-09  3.29990037e+00 
 8.81250000e-09  3.29990027e+00 
 8.83750000e-09  3.29990766e+00 
 8.86250000e-09  3.29992229e+00 
 8.88750000e-09  3.29994434e+00 
 8.91250000e-09  3.29997014e+00 
 8.93750000e-09  3.29999010e+00 
 8.96250000e-09  3.29999937e+00 
 8.98750000e-09  3.29999626e+00 
 9.01250000e-09  3.29999005e+00 
 9.03750000e-09  3.29998412e+00 
 9.06250000e-09  3.29997773e+00 
 9.08750000e-09  3.29996392e+00 
 9.11250000e-09  3.29995095e+00 
 9.13750000e-09  3.29995653e+00 
 9.16250000e-09  3.29999279e+00 
 9.18750000e-09  3.30003364e+00 
 9.21250000e-09  3.30003035e+00 
 9.23750000e-09  3.29995860e+00 
 9.26250000e-09  3.29984539e+00 
 9.28750000e-09  3.29974849e+00 
 9.31250000e-09  3.29968682e+00 
 9.33750000e-09  3.29966958e+00 
 9.36250000e-09  3.29969651e+00 
 9.38750000e-09  3.29976047e+00 
 9.41250000e-09  3.29979505e+00 
 9.43750000e-09  3.29981652e+00 
 9.46250000e-09  3.29987242e+00 
 9.48750000e-09  3.29993259e+00 
 9.51250000e-09  3.29996097e+00 
 9.53750000e-09  3.29995714e+00 
 9.56250000e-09  3.29992579e+00 
 9.58750000e-09  3.29986161e+00 
 9.61250000e-09  3.29975717e+00 
 9.63750000e-09  3.29964421e+00 
 9.66250000e-09  3.29958997e+00 
 9.68750000e-09  3.29960581e+00 
 9.71250000e-09  3.29966816e+00 
 9.73750000e-09  3.29977842e+00 
 9.76250000e-09  3.29996801e+00 
 9.78750000e-09  3.30028897e+00 
 9.81250000e-09  3.30071552e+00 
 9.83750000e-09  3.30121468e+00 
 9.86250000e-09  3.30172768e+00 
 9.88750000e-09  3.30223096e+00 
 9.91250000e-09  3.30277190e+00 
 9.93750000e-09  3.30334265e+00 
 9.96250000e-09  3.30394812e+00 
 9.98750000e-09  3.30455776e+00 
 1.00125000e-08  3.30512385e+00 
 1.00375000e-08  3.30562976e+00 
 1.00625000e-08  3.30615359e+00 
 1.00875000e-08  3.30678629e+00 
 1.01125000e-08  3.30760653e+00 
 1.01375000e-08  3.30869588e+00 
 1.01625000e-08  3.31016387e+00 
 1.01875000e-08  3.31218887e+00 
 1.02125000e-08  3.31502077e+00 
 1.02375000e-08  3.31868341e+00 
 1.02625000e-08  3.32113297e+00 
 1.02875000e-08  3.31618901e+00 
 1.03125000e-08  3.29607348e+00 
 1.03375000e-08  3.25706432e+00 
 1.03625000e-08  3.19116301e+00 
 1.03875000e-08  3.08924835e+00 
 1.04125000e-08  2.92777197e+00 
 1.04375000e-08  2.61366468e+00 
 1.04625000e-08  2.03684008e+00 
 1.04875000e-08  1.21255267e+00 
 1.05125000e-08  4.63619710e-01 
 1.05375000e-08  1.08163179e-01 
 1.05625000e-08  3.46180290e-02 
 1.05875000e-08  2.06140807e-02 
 1.06125000e-08  1.30481126e-02 
 1.06375000e-08  8.30422340e-03 
 1.06625000e-08  5.24940575e-03 
 1.06875000e-08  3.29639602e-03 
 1.07125000e-08  2.06512075e-03 
 1.07375000e-08  1.29542409e-03 
 1.07625000e-08  8.19068074e-04 
 1.07875000e-08  5.26172754e-04 
 1.08125000e-08  3.46577280e-04 
 1.08375000e-08  2.36770517e-04 
 1.08625000e-08  1.68612323e-04 
 1.08875000e-08  1.24422636e-04 
 1.09125000e-08  9.44463138e-05 
 1.09375000e-08  7.28636623e-05 
 1.09625000e-08  5.64679682e-05 
 1.09875000e-08  4.02627231e-05 
 1.10125000e-08  2.58886209e-05 
 1.10375000e-08  1.91268932e-05 
 1.10625000e-08  1.68285094e-05 
 1.10875000e-08  1.71283403e-05 
 1.11125000e-08  1.88963199e-05 
 1.11375000e-08  1.91374371e-05 
 1.11625000e-08  1.44757975e-05 
 1.11875000e-08  5.77534028e-06 
 1.12125000e-08 -2.07794095e-06 
 1.12375000e-08 -4.69443726e-06 
 1.12625000e-08 -4.25795523e-06 
 1.12875000e-08 -1.23980344e-06 
 1.13125000e-08  5.15289597e-06 
 1.13375000e-08  9.08846472e-06 
 1.13625000e-08  1.17901948e-05 
 1.13875000e-08  1.43685164e-05 
 1.14125000e-08  1.57246761e-05 
 1.14375000e-08  1.38155750e-05 
 1.14625000e-08  9.05979940e-06 
 1.14875000e-08  8.81181387e-07 
 1.15125000e-08 -1.04020363e-05 
 1.15375000e-08 -2.36397144e-05 
 1.15625000e-08 -2.89319555e-05 
 1.15875000e-08 -2.11533437e-05 
 1.16125000e-08 -1.03382478e-06 
 1.16375000e-08  3.41714076e-05 
 1.16625000e-08  8.20280181e-05 
 1.16875000e-08  1.28832418e-04 
 1.17125000e-08  1.58800243e-04 
 1.17375000e-08  1.63286348e-04 
 1.17625000e-08  1.52795822e-04 
 1.17875000e-08  1.43013285e-04 
 1.18125000e-08  1.31502912e-04 
 1.18375000e-08  9.37409132e-05 
 1.18625000e-08  4.95939645e-05 
 1.18875000e-08  3.25441011e-05 
 1.19125000e-08  5.14143988e-05 
 1.19375000e-08  1.09285144e-04 
 1.19625000e-08  1.81873887e-04 
 1.19875000e-08  1.94234235e-04 
 1.20125000e-08  7.81229933e-05 
 1.20375000e-08 -2.53831813e-04 
 1.20625000e-08 -8.31197265e-04 
 1.20875000e-08 -1.51163880e-03 
 1.21125000e-08 -2.23037125e-03 
 1.21375000e-08 -2.98241690e-03 
 1.21625000e-08 -3.70437763e-03 
 1.21875000e-08 -4.43375914e-03 
 1.22125000e-08 -5.20933823e-03 
 1.22375000e-08 -6.07530147e-03 
 1.22625000e-08 -7.09892271e-03 
 1.22875000e-08 -8.34866739e-03 
 1.23125000e-08 -9.93461433e-03 
 1.23375000e-08 -1.20096160e-02 
 1.23625000e-08 -1.44561167e-02 
 1.23875000e-08 -1.56730255e-02 
 1.24125000e-08 -1.15071201e-02 
 1.24375000e-08  3.23756680e-03 
 1.24625000e-08  3.23929984e-02 
 1.24875000e-08  8.23171007e-02 
 1.25125000e-08  1.62455909e-01 
 1.25375000e-08  2.94226366e-01 
 1.25625000e-08  5.41755688e-01 
 1.25875000e-08  1.01769516e+00 
 1.26125000e-08  1.74124933e+00 
 1.26375000e-08  2.50923354e+00 
 1.26625000e-08  2.97561779e+00 
 1.26875000e-08  3.17121359e+00 
 1.27125000e-08  3.24020821e+00 
 1.27375000e-08  3.26583210e+00 
 1.27625000e-08  3.27841100e+00 
 1.27875000e-08  3.28596805e+00 
 1.28125000e-08  3.29076931e+00 
 1.28375000e-08  3.29382815e+00 
 1.28625000e-08  3.29578570e+00 
 1.28875000e-08  3.29705029e+00 
 1.29125000e-08  3.29786990e+00 
 1.29375000e-08  3.29842099e+00 
 1.29625000e-08  3.29884788e+00 
 1.29875000e-08  3.29917602e+00 
 1.30125000e-08  3.29941927e+00 
 1.30375000e-08  3.29959578e+00 
 1.30625000e-08  3.29971348e+00 
 1.30875000e-08  3.29978852e+00 
 1.31125000e-08  3.29983642e+00 
 1.31375000e-08  3.29986771e+00 
 1.31625000e-08  3.29988917e+00 
 1.31875000e-08  3.29990787e+00 
 1.32125000e-08  3.29992734e+00 
 1.32375000e-08  3.29994944e+00 
 1.32625000e-08  3.29996244e+00 
 1.32875000e-08  3.29995466e+00 
 1.33125000e-08  3.29993991e+00 
 1.33375000e-08  3.29992679e+00 
 1.33625000e-08  3.29991640e+00 
 1.33875000e-08  3.29990785e+00 
 1.34125000e-08  3.29990078e+00 
 1.34375000e-08  3.29989994e+00 
 1.34625000e-08  3.29990659e+00 
 1.34875000e-08  3.29992048e+00 
 1.35125000e-08  3.29994185e+00 
 1.35375000e-08  3.29996760e+00 
 1.35625000e-08  3.29998859e+00 
 1.35875000e-08  3.29999899e+00 
 1.36125000e-08  3.29999711e+00 
 1.36375000e-08  3.29999060e+00 
 1.36625000e-08  3.29998451e+00 
 1.36875000e-08  3.29997863e+00 
 1.37125000e-08  3.29996560e+00 
 1.37375000e-08  3.29995201e+00 
 1.37625000e-08  3.29995410e+00 
 1.37875000e-08  3.29998906e+00 
 1.38125000e-08  3.30003085e+00 
 1.38375000e-08  3.30003320e+00 
 1.38625000e-08  3.29996837e+00 
 1.38875000e-08  3.29985764e+00 
 1.39125000e-08  3.29975627e+00 
 1.39375000e-08  3.29969126e+00 
 1.39625000e-08  3.29966904e+00 
 1.39875000e-08  3.29969163e+00 
 1.40125000e-08  3.29975530e+00 
 1.40375000e-08  3.29979275e+00 
 1.40625000e-08  3.29981323e+00 
 1.40875000e-08  3.29986578e+00 
 1.41125000e-08  3.29992815e+00 
 1.41375000e-08  3.29995976e+00 
 1.41625000e-08  3.29995864e+00 
 1.41875000e-08  3.29993007e+00 
 1.42125000e-08  3.29986944e+00 
 1.42375000e-08  3.29976863e+00 
 1.42625000e-08  3.29965320e+00 
 1.42875000e-08  3.29959178e+00 
 1.43125000e-08  3.29960195e+00 
 1.43375000e-08  3.29966037e+00 
 1.43625000e-08  3.29976504e+00 
 1.43875000e-08  3.29994537e+00 
 1.44125000e-08  3.30025255e+00 
 1.44375000e-08  3.30067102e+00 
 1.44625000e-08  3.30116521e+00 
 1.44875000e-08  3.30168150e+00 
 1.45125000e-08  3.30218062e+00 
 1.45375000e-08  3.30271935e+00 
 1.45625000e-08  3.30328636e+00 
 1.45875000e-08  3.30389017e+00 
 1.46125000e-08  3.30450089e+00 
 1.46375000e-08  3.30507412e+00 
 1.46625000e-08  3.30558228e+00 
 1.46875000e-08  3.30609980e+00 
 1.47125000e-08  3.30671934e+00 
 1.47375000e-08  3.30751911e+00 
 1.47625000e-08  3.30857828e+00 
 1.47875000e-08  3.31000673e+00 
 1.48125000e-08  3.31196642e+00 
 1.48375000e-08  3.31471570e+00 
 1.48625000e-08  3.31833944e+00 
 1.48875000e-08  3.32109547e+00 
 1.49125000e-08  3.31719395e+00 
 1.49375000e-08  3.29862700e+00 
 1.49625000e-08  3.26181573e+00 
 1.49875000e-08  3.19844506e+00 
 1.50125000e-08  3.10040496e+00 
 1.50375000e-08  2.94644987e+00 
 1.50625000e-08  2.65433065e+00 
 1.50875000e-08  2.10275452e+00 
 1.51125000e-08  1.29649728e+00 
 1.51375000e-08  5.20082425e-01 
 1.51625000e-08  1.24980580e-01 
 1.51869436e-08  3.81232991e-02 
 1.52119436e-08  2.17336495e-02 
 1.52369436e-08  1.37464519e-02 
 1.52619436e-08  8.74969515e-03 
 1.52869436e-08  5.53610754e-03 
 1.53119436e-08  3.47834300e-03 
 1.53369436e-08  2.17922719e-03 
 1.53619436e-08  1.36646956e-03 
 1.53869436e-08  8.62874729e-04 
 1.54119436e-08  5.53023417e-04 
 1.54369436e-08  3.62964632e-04 
 1.54619436e-08  2.46832662e-04 
 1.54869436e-08  1.74955409e-04 
 1.55119436e-08  1.28641713e-04 
 1.55369436e-08  9.73785360e-05 
 1.55619436e-08  7.49739214e-05 
 1.55869436e-08  5.81403017e-05 
 1.56119436e-08  4.23104173e-05 
 1.56369436e-08  2.70767491e-05 
 1.56619436e-08  1.95832241e-05 
 1.56869436e-08  1.69332207e-05 
 1.57119436e-08  1.70073125e-05 
 1.57369436e-08  1.87067007e-05 
 1.57619436e-08  1.93277452e-05 
 1.57869436e-08  1.52489509e-05 
 1.58119436e-08  6.77257563e-06 
 1.58369436e-08 -1.40527893e-06 
 1.58619436e-08 -4.66648651e-06 
 1.58869436e-08 -4.41540831e-06 
 1.59119436e-08 -1.65368142e-06 
 1.59369436e-08  4.37409096e-06 
 1.59619436e-08  8.85448934e-06 
 1.59869436e-08  1.15129558e-05 
 1.60119436e-08  1.41067132e-05 
 1.60369436e-08  1.57581900e-05 
 1.60619436e-08  1.41635194e-05 
 1.60869436e-08  9.72931126e-06 
 1.61119436e-08  1.82993531e-06 
 1.61369436e-08 -9.09178651e-06 
 1.61619436e-08 -2.22800933e-05 
 1.61869436e-08 -2.89990523e-05 
 1.62119436e-08 -2.25957029e-05 
 1.62369436e-08 -3.82034897e-06 
 1.62619436e-08  2.98479844e-05 
 1.62869436e-08  7.70594538e-05 
 1.63119436e-08  1.24358671e-04 
 1.63369436e-08  1.57344292e-04 
 1.63619436e-08  1.63848141e-04 
 1.63869436e-08  1.53878506e-04 
 1.64119436e-08  1.44132616e-04 
 1.64369436e-08  1.32996919e-04 
 1.64619436e-08  9.88482037e-05 
 1.64869436e-08  5.40216296e-05 
 1.65119436e-08  3.34264659e-05 
 1.65369436e-08  4.81429616e-05 
 1.65619436e-08  1.02196759e-04 
 1.65869436e-08  1.76340932e-04 
 1.66119436e-08  1.97345812e-04 
 1.66369436e-08  9.64490173e-05 
 1.66619436e-08 -2.12084115e-04 
 1.66869436e-08 -7.70144319e-04 
 1.67119436e-08 -1.45249251e-03 
 1.67369436e-08 -2.16059064e-03 
 1.67619436e-08 -2.91758318e-03 
 1.67869436e-08 -3.64079433e-03 
 1.68119436e-08 -4.36869576e-03 
 1.68369436e-08 -5.13865075e-03 
 1.68619436e-08 -5.99519385e-03 
 1.68869436e-08 -7.00202415e-03 
 1.69119436e-08 -8.22934489e-03 
 1.69369436e-08 -9.78012890e-03 
 1.69619436e-08 -1.18085498e-02 
 1.69869436e-08 -1.42547924e-02 
 1.70119436e-08 -1.57100349e-02 
 1.70369436e-08 -1.22263430e-02 
 1.70619436e-08  1.46809979e-03 
 1.70869436e-08  2.91288519e-02 
 1.71119436e-08  7.70128724e-02 
 1.71369436e-08  1.53984910e-01 
 1.71619436e-08  2.79916614e-01 
 1.71869436e-08  5.12388056e-01 
 1.72119436e-08  9.66937932e-01 
 1.72369436e-08  1.67197694e+00 
 1.72619436e-08  2.45461971e+00 
 1.72869436e-08  2.94909970e+00 
 1.73119436e-08  3.16135846e+00 
 1.73369436e-08  3.23677954e+00 
 1.73619436e-08  3.26437874e+00 
 1.73869436e-08  3.27759487e+00 
 1.74119436e-08  3.28545733e+00 
 1.74369436e-08  3.29044402e+00 
 1.74619436e-08  3.29362142e+00 
 1.74869436e-08  3.29565328e+00 
 1.75119436e-08  3.29696472e+00 
 1.75369436e-08  3.29781480e+00 
 1.75619436e-08  3.29838122e+00 
 1.75869436e-08  3.29881698e+00 
 1.76119436e-08  3.29915379e+00 
 1.76369436e-08  3.29940293e+00 
 1.76619436e-08  3.29958422e+00 
 1.76869436e-08  3.29970608e+00 
 1.77119436e-08  3.29978378e+00 
 1.77369436e-08  3.29983331e+00 
 1.77619436e-08  3.29986564e+00 
 1.77869436e-08  3.29988765e+00 
 1.78119436e-08  3.29990633e+00 
 1.78369436e-08  3.29992581e+00 
 1.78619436e-08  3.29994778e+00 
 1.78869436e-08  3.29996225e+00 
 1.79119436e-08  3.29995556e+00 
 1.79369436e-08  3.29994085e+00 
 1.79619436e-08  3.29992755e+00 
 1.79869436e-08  3.29991696e+00 
 1.80119436e-08  3.29990836e+00 
 1.80369436e-08  3.29990102e+00 
 1.80619436e-08  3.29989970e+00 
 1.80869436e-08  3.29990586e+00 
 1.81119436e-08  3.29991929e+00 
 1.81369436e-08  3.29994024e+00 
 1.81619436e-08  3.29996601e+00 
 1.81869436e-08  3.29998755e+00 
 1.82119436e-08  3.29999857e+00 
 1.82369436e-08  3.29999757e+00 
 1.82619436e-08  3.29999094e+00 
 1.82869436e-08  3.29998476e+00 
 1.83119436e-08  3.29997930e+00 
 1.83369436e-08  3.29996645e+00 
 1.83619436e-08  3.29995232e+00 
 1.83869436e-08  3.29995264e+00 
 1.84119436e-08  3.29998706e+00 
 1.84369436e-08  3.30002910e+00 
 1.84619436e-08  3.30003471e+00 
 1.84869436e-08  3.29997408e+00 
 1.85119436e-08  3.29986494e+00 
 1.85369436e-08  3.29976096e+00 
 1.85619436e-08  3.29969377e+00 
 1.85869436e-08  3.29966871e+00 
 1.86119436e-08  3.29968916e+00 
 1.86369436e-08  3.29975106e+00 
 1.86619436e-08  3.29979113e+00 
 1.86869436e-08  3.29981136e+00 
 1.87119436e-08  3.29986184e+00 
 1.87369436e-08  3.29992542e+00 
 1.87619436e-08  3.29995881e+00 
 1.87869436e-08  3.29995921e+00 
 1.88119436e-08  3.29993207e+00 
 1.88369436e-08  3.29987319e+00 
 1.88619436e-08  3.29977419e+00 
 1.88869436e-08  3.29965741e+00 
 1.89119436e-08  3.29959242e+00 
 1.89369436e-08  3.29959998e+00 
 1.89619436e-08  3.29965651e+00 
 1.89869436e-08  3.29975869e+00 
 1.90119436e-08  3.29993489e+00 
 1.90369436e-08  3.30023589e+00 
 1.90619436e-08  3.30065085e+00 
 1.90869436e-08  3.30114304e+00 
 1.91119436e-08  3.30166062e+00 
 1.91369436e-08  3.30215942e+00 
 1.91619436e-08  3.30269728e+00 
 1.91869436e-08  3.30326364e+00 
 1.92119436e-08  3.30386718e+00 
 1.92369436e-08  3.30447847e+00 
 1.92619436e-08  3.30505483e+00 
 1.92869436e-08  3.30556628e+00 
 1.93119436e-08  3.30608296e+00 
 1.93369436e-08  3.30669670e+00 
 1.93619436e-08  3.30748893e+00 
 1.93869436e-08  3.30853777e+00 
 1.94119436e-08  3.30994929e+00 
 1.94369436e-08  3.31189195e+00 
 1.94619436e-08  3.31461363e+00 
 1.94869436e-08  3.31821630e+00 
 1.95119436e-08  3.32107721e+00 
 1.95369436e-08  3.31753744e+00 
 1.95619436e-08  3.29951492e+00 
 1.95869436e-08  3.26346870e+00 
 1.96119436e-08  3.20127044e+00 
 1.96369436e-08  3.10466611e+00 
 1.96619436e-08  2.95295670e+00 
 1.96869436e-08  2.66807895e+00 
 1.97119436e-08  2.12510902e+00 
 1.97369436e-08  1.32536347e+00 
 1.97619436e-08  5.40117354e-01 
 1.97869436e-08  1.31299518e-01 
 1.98111090e-08  3.96851097e-02 
 1.98361090e-08  2.21612540e-02 
 1.98611090e-08  1.40119494e-02 
 1.98861090e-08  8.91754994e-03 
 1.99111090e-08  5.64366495e-03 
 1.99361090e-08  3.54642423e-03 
 1.99611090e-08  2.22181657e-03 
 1.99861090e-08  1.39291165e-03 
 2.00111090e-08  8.79148219e-04 
 2.00361090e-08  5.62982838e-04 
 2.00611090e-08  3.69036182e-04 
 2.00861090e-08  2.50554774e-04 
 2.01111090e-08  1.77283325e-04 
 2.01361090e-08  1.30157542e-04 
 2.01611090e-08  9.84015432e-05 
 2.01861090e-08  7.56841946e-05 
 2.02111090e-08  5.86685528e-05 
 2.02361090e-08  4.28524936e-05 
 2.02611090e-08  2.74069319e-05 
 2.02861090e-08  1.97441675e-05 
 2.03111090e-08  1.70013874e-05 
 2.03361090e-08  1.70236472e-05 
 2.03611090e-08  1.87067713e-05 
 2.03861090e-08  1.93888956e-05 
 2.04111090e-08  1.54028409e-05 
 2.04361090e-08  6.95674814e-06 
 2.04611090e-08 -1.27971264e-06 
 2.04861090e-08 -4.64875133e-06 
 2.05111090e-08 -4.42845744e-06 
 2.05361090e-08 -1.70322668e-06 
 2.05611090e-08  4.27699811e-06 
 2.05861090e-08  8.83347246e-06 
 2.06111090e-08  1.14859633e-05 
 2.06361090e-08  1.40883088e-05 
 2.06611090e-08  1.57775666e-05 
 2.06861090e-08  1.42155083e-05 
 2.07111090e-08  9.80576300e-06 
 2.07361090e-08  1.91266628e-06 
 2.07611090e-08 -9.01034053e-06 
 2.07861090e-08 -2.23401095e-05 
 2.08111090e-08 -2.90572037e-05 
 2.08361090e-08 -2.25634712e-05 
 2.08611090e-08 -3.87818892e-06 
 2.08861090e-08  2.97847025e-05 
 2.09111090e-08  7.71206263e-05 
 2.09361090e-08  1.24407658e-04 
 2.09611090e-08  1.57376551e-04 
 2.09861090e-08  1.64011123e-04 
 2.10111090e-08  1.54064723e-04 
 2.10361090e-08  1.44334141e-04 
 2.10611090e-08  1.33502659e-04 
 2.10861090e-08  9.89599353e-05 
 2.11111090e-08  5.32571423e-05 
 2.11361090e-08  3.29820772e-05 
 2.11611090e-08  4.83422059e-05 
 2.11861090e-08  1.02726550e-04 
 2.12111090e-08  1.77009666e-04 
 2.12361090e-08  1.97623164e-04 
 2.12611090e-08  9.58649659e-05 
 2.12861090e-08 -2.14387945e-04 
 2.13111090e-08 -7.73955244e-04 
 2.13361090e-08 -1.45674999e-03 
 2.13611090e-08 -2.16637034e-03 
 2.13861090e-08 -2.92399200e-03 
 2.14111090e-08 -3.64803551e-03 
 2.14361090e-08 -4.37699563e-03 
 2.14611090e-08 -5.14843391e-03 
 2.14861090e-08 -6.00698526e-03 
 2.15111090e-08 -7.01678954e-03 
 2.15361090e-08 -8.24816921e-03 
 2.15611090e-08 -9.80510947e-03 
 2.15861090e-08 -1.18420974e-02 
 2.16111090e-08 -1.42929589e-02 
 2.16361090e-08 -1.57190958e-02 
 2.16611090e-08 -1.21366744e-02 
 2.16861090e-08  1.72254127e-03 
 2.17111090e-08  2.96295614e-02 
 2.17361090e-08  7.78647992e-02 
 2.17611090e-08  1.55396633e-01 
 2.17861090e-08  2.82374455e-01 
 2.18111090e-08  5.17559830e-01 
 2.18361090e-08  9.76175699e-01 
 2.18611090e-08  1.68496070e+00 
 2.18861090e-08  2.46642494e+00 
 2.19111090e-08  2.95592398e+00 
 2.19361090e-08  3.16396042e+00 
 2.19611090e-08  3.23769518e+00 
 2.19861090e-08  3.26476799e+00 
 2.20111090e-08  3.27781362e+00 
 2.20361090e-08  3.28559517e+00 
 2.20611090e-08  3.29053232e+00 
 2.20861090e-08  3.29367813e+00 
 2.21111090e-08  3.29569010e+00 
 2.21361090e-08  3.29698899e+00 
 2.21611090e-08  3.29783061e+00 
 2.21861090e-08  3.29839353e+00 
 2.22111090e-08  3.29882724e+00 
 2.22361090e-08  3.29916122e+00 
 2.22611090e-08  3.29940873e+00 
 2.22861090e-08  3.29958853e+00 
 2.23111090e-08  3.29970883e+00 
 2.23361090e-08  3.29978551e+00 
 2.23611090e-08  3.29983440e+00 
 2.23861090e-08  3.29986633e+00 
 2.24111090e-08  3.29988815e+00 
 2.24361090e-08  3.29990695e+00 
 2.24611090e-08  3.29992653e+00 
 2.24861090e-08  3.29994867e+00 
 2.25111090e-08  3.29996226e+00 
 2.25361090e-08  3.29995487e+00 
 2.25611090e-08  3.29994011e+00 
 2.25861090e-08  3.29992691e+00 
 2.26111090e-08  3.29991643e+00 
 2.26361090e-08  3.29990784e+00 
 2.26611090e-08  3.29990068e+00 
 2.26861090e-08  3.29989971e+00 
 2.27111090e-08  3.29990626e+00 
 2.27361090e-08  3.29992011e+00 
 2.27611090e-08  3.29994146e+00 
 2.27861090e-08  3.29996732e+00 
 2.28111090e-08  3.29998841e+00 
 2.28361090e-08  3.29999885e+00 
 2.28611090e-08  3.29999712e+00 
 2.28861090e-08  3.29999061e+00 
 2.29111090e-08  3.29998452e+00 
 2.29361090e-08  3.29997865e+00 
 2.29611090e-08  3.29996561e+00 
 2.29861090e-08  3.29995201e+00 
 2.30111090e-08  3.29995407e+00 
 2.30361090e-08  3.29998925e+00 
 2.30611090e-08  3.30003114e+00 
 2.30861090e-08  3.30003303e+00 
 2.31111090e-08  3.29996741e+00 
 2.31361090e-08  3.29985610e+00 
 2.31611090e-08  3.29975487e+00 
 2.31861090e-08  3.29969004e+00 
 2.32111090e-08  3.29966831e+00 
 2.32361090e-08  3.29969134e+00 
 2.32611090e-08  3.29975554e+00 
 2.32861090e-08  3.29979230e+00 
 2.33111090e-08  3.29981299e+00 
 2.33361090e-08  3.29986642e+00 
 2.33611090e-08  3.29992862e+00 
 2.33861090e-08  3.29995970e+00 
 2.34111090e-08  3.29995794e+00 
 2.34361090e-08  3.29992858e+00 
 2.34611090e-08  3.29986671e+00 
 2.34861090e-08  3.29976441e+00 
 2.35111090e-08  3.29964941e+00 
 2.35361090e-08  3.29959028e+00 
 2.35611090e-08  3.29960250e+00 
 2.35861090e-08  3.29966252e+00 
 2.36111090e-08  3.29976964e+00 
 2.36361090e-08  3.29995419e+00 
 2.36611090e-08  3.30026788e+00 
 2.36861090e-08  3.30069098e+00 
 2.37111090e-08  3.30118863e+00 
 2.37361090e-08  3.30170485e+00 
 2.37611090e-08  3.30220705e+00 
 2.37861090e-08  3.30274805e+00 
 2.38111090e-08  3.30331801e+00 
 2.38361090e-08  3.30392427e+00 
 2.38611090e-08  3.30453609e+00 
 2.38861090e-08  3.30510724e+00 
 2.39111090e-08  3.30561501e+00 
 2.39361090e-08  3.30613710e+00 
 2.39611090e-08  3.30676605e+00 
 2.39861090e-08  3.30757985e+00 
 2.40111090e-08  3.30865887e+00 
 2.40361090e-08  3.31011366e+00 
 2.40611090e-08  3.31211614e+00 
 2.40861090e-08  3.31492941e+00 
 2.41111090e-08  3.31859182e+00 
 2.41361090e-08  3.32115354e+00 
 2.41611090e-08  3.31655969e+00 
 2.41861090e-08  3.29692747e+00 
 2.42111090e-08  3.25857997e+00 
 2.42361090e-08  3.19323741e+00 
 2.42611090e-08  3.09232803e+00 
 2.42861090e-08  2.93305618e+00 
 2.43111090e-08  2.62494490e+00 
 2.43361090e-08  2.05467350e+00 
 2.43611090e-08  1.23463597e+00 
 2.43861090e-08  4.78024879e-01 
 2.44111090e-08  1.12249384e-01 
 2.44361090e-08  3.51814024e-02 
 2.44611090e-08  2.08325917e-02 
 2.44861090e-08  1.31803842e-02 
 2.45111090e-08  8.38659776e-03 
 2.45361090e-08  5.30123171e-03 
 2.45611090e-08  3.32871873e-03 
 2.45861090e-08  2.08508889e-03 
 2.46111090e-08  1.30764350e-03 
 2.46361090e-08  8.26515614e-04 
 2.46611090e-08  5.30701845e-04 
 2.46861090e-08  3.49333471e-04 
 2.47111090e-08  2.38460662e-04 
 2.47361090e-08  1.69649216e-04 
 2.47611090e-08  1.25047406e-04 
 2.47861090e-08  9.48152428e-05 
 2.48111090e-08  7.30726249e-05 
 2.48361090e-08  5.65424440e-05 
 2.48611090e-08  4.01298076e-05 
 2.48861090e-08  2.58459249e-05 
 2.49111090e-08  1.91697364e-05 
 2.49361090e-08  1.68888613e-05 
 2.49611090e-08  1.72592050e-05 
 2.49861090e-08  1.90691576e-05 
 2.50111090e-08  1.91641953e-05 
 2.50361090e-08  1.42996736e-05 
 2.50611090e-08  5.50237157e-06 
 2.50861090e-08 -2.25923292e-06 
 2.51111090e-08 -4.66921329e-06 
 2.51361090e-08 -4.17245452e-06 
 2.51611090e-08 -1.05540641e-06 
 2.51861090e-08  5.48828179e-06 
 2.52111090e-08  9.20571241e-06 
 2.52361090e-08  1.19287252e-05 
 2.52611090e-08  1.45190211e-05 
 2.52861090e-08  1.57436744e-05 
 2.53111090e-08  1.36799333e-05 
 2.53361090e-08  8.74042526e-06 
 2.53611090e-08  3.54200627e-07 
 2.53861090e-08 -1.12141308e-05 
 2.54111090e-08 -2.42764348e-05 
 2.54361090e-08 -2.88392367e-05 
 2.54611090e-08 -2.03728892e-05 
 2.54861090e-08  8.41528940e-07 
 2.55111090e-08  3.72719573e-05 
 2.55361090e-08  8.57186919e-05 
 2.55611090e-08  1.32192341e-04 
 2.55861090e-08  1.60036349e-04 
 2.56111090e-08  1.63262805e-04 
 2.56361090e-08  1.52494300e-04 
 2.56611090e-08  1.42728138e-04 
 2.56861090e-08  1.30067079e-04 
 2.57111090e-08  9.02865322e-05 
 2.57361090e-08  4.83232803e-05 
 2.57611090e-08  3.37033901e-05 
 2.57861090e-08  5.54560379e-05 
 2.58111090e-08  1.16723188e-04 
 2.58361090e-08  1.86979977e-04 
 2.58611090e-08  1.90084376e-04 
 2.58861090e-08  5.67808926e-05 
 2.59111090e-08 -3.02005916e-04 
 2.59361090e-08 -9.02608812e-04 
 2.59611090e-08 -1.58283001e-03 
 2.59861090e-08 -2.31574338e-03 
 2.60111090e-08 -3.06485918e-03 
 2.60361090e-08 -3.78835623e-03 
 2.60611090e-08 -4.52267299e-03 
 2.60861090e-08 -5.30851230e-03 
 2.61111090e-08 -6.19011959e-03 
 2.61361090e-08 -7.23949634e-03 
 2.61611090e-08 -8.52407642e-03 
 2.61861090e-08 -1.01643659e-02 
 2.62111090e-08 -1.23092358e-02 
 2.62361090e-08 -1.47469061e-02 
 2.62611090e-08 -1.55860528e-02 
 2.62861090e-08 -1.03877317e-02 
 2.63111090e-08  5.92192996e-03 
 2.63361090e-08  3.73390479e-02 
 2.63611090e-08  9.04280742e-02 
 2.63861090e-08  1.75607740e-01 
 2.64111090e-08  3.16986542e-01 
 2.64361090e-08  5.89613782e-01 
 2.64611090e-08  1.09888357e+00 
 2.64861090e-08  1.84940568e+00 
 2.65111090e-08  2.58974366e+00 
 2.65361090e-08  3.01329020e+00 
 2.65611090e-08  3.18496225e+00 
 2.65861090e-08  3.24503950e+00 
 2.66111090e-08  3.26796015e+00 
 2.66361090e-08  3.27963675e+00 
 2.66611090e-08  3.28674338e+00 
 2.66861090e-08  3.29126634e+00 
 2.67111090e-08  3.29414701e+00 
 2.67361090e-08  3.29599269e+00 
 2.67611090e-08  3.29718604e+00 
 2.67861090e-08  3.29795841e+00 
 2.68111090e-08  3.29848851e+00 
 2.68361090e-08  3.29890315e+00 
 2.68611090e-08  3.29921790e+00 
 2.68861090e-08  3.29945066e+00 
 2.69111090e-08  3.29961795e+00 
 2.69361090e-08  3.29972747e+00 
 2.69611090e-08  3.29979728e+00 
 2.69861090e-08  3.29984209e+00 
 2.70111090e-08  3.29987138e+00 
 2.70361090e-08  3.29989196e+00 
 2.70611090e-08  3.29991112e+00 
 2.70861090e-08  3.29993098e+00 
 2.71111090e-08  3.29995323e+00 
 2.71361090e-08  3.29996201e+00 
 2.71611090e-08  3.29995165e+00 
 2.71861090e-08  3.29993692e+00 
 2.72111090e-08  3.29992424e+00 
 2.72361090e-08  3.29991439e+00 
 2.72611090e-08  3.29990585e+00 
 2.72861090e-08  3.29989970e+00 
 2.73111090e-08  3.29990042e+00 
 2.73361090e-08  3.29990867e+00 
 2.73611090e-08  3.29992423e+00 
 2.73861090e-08  3.29994714e+00 
 2.74111090e-08  3.29997292e+00 
 2.74361090e-08  3.29999167e+00 
 2.74611090e-08  3.29999955e+00 
 2.74861090e-08  3.29999545e+00 
 2.75111090e-08  3.29998923e+00 
 2.75361090e-08  3.29998352e+00 
 2.75611090e-08  3.29997618e+00 
 2.75861090e-08  3.29996190e+00 
 2.76111090e-08  3.29995034e+00 
 2.76361090e-08  3.29996027e+00 
 2.76611090e-08  3.29999849e+00 
 2.76861090e-08  3.30003689e+00 
 2.77111090e-08  3.30002448e+00 
 2.77361090e-08  3.29994633e+00 
 2.77611090e-08  3.29983087e+00 
 2.77861090e-08  3.29973707e+00 
 2.78111090e-08  3.29967982e+00 
 2.78361090e-08  3.29967002e+00 
 2.78611090e-08  3.29970455e+00 
 2.78861090e-08  3.29976620e+00 
 2.79111090e-08  3.29979728e+00 
 2.79361090e-08  3.29982194e+00 
 2.79611090e-08  3.29988281e+00 
 2.79861090e-08  3.29993894e+00 
 2.80111090e-08  3.29996181e+00 
 2.80361090e-08  3.29995332e+00 
 2.80611090e-08  3.29991675e+00 
 2.80861090e-08  3.29984554e+00 
 2.81111090e-08  3.29973462e+00 
 2.81361090e-08  3.29962784e+00 
 2.81611090e-08  3.29958718e+00 
 2.81861090e-08  3.29961316e+00 
 2.82111090e-08  3.29968347e+00 
 2.82361090e-08  3.29980616e+00 
 2.82611090e-08  3.30001594e+00 
 2.82861090e-08  3.30036372e+00 
 2.83111090e-08  3.30080888e+00 
 2.83361090e-08  3.30131960e+00 
 2.83611090e-08  3.30182637e+00 
 2.83861090e-08  3.30234041e+00 
 2.84111090e-08  3.30288841e+00 
 2.84361090e-08  3.30346854e+00 
 2.84611090e-08  3.30407908e+00 
 2.84861090e-08  3.30468731e+00 
 2.85111090e-08  3.30524033e+00 
 2.85361090e-08  3.30574391e+00 
 2.85611090e-08  3.30628558e+00 
 2.85861090e-08  3.30695378e+00 
 2.86111090e-08  3.30782672e+00 
 2.86361090e-08  3.30899080e+00 
 2.86611090e-08  3.31056567e+00 
 2.86861090e-08  3.31275047e+00 
 2.87111090e-08  3.31580841e+00 
 2.87361090e-08  3.31951998e+00 
 2.87611090e-08  3.32099319e+00 
 2.87861090e-08  3.31324476e+00 
 2.88111090e-08  3.28922051e+00 
 2.88361090e-08  3.24447880e+00 
 2.88611090e-08  3.17111862e+00 
 2.88861090e-08  3.05856574e+00 
 2.89111090e-08  2.87600692e+00 
 2.89361090e-08  2.50339535e+00 
 2.89611090e-08  1.86330929e+00 
 2.89861090e-08  1.00692630e+00 
 2.90111090e-08  3.37785261e-01 
 2.90361090e-08  7.60892253e-02 
 2.90611090e-08  2.99602284e-02 
 2.90861090e-08  1.84933892e-02 
 2.91111090e-08  1.17309820e-02 
 2.91361090e-08  7.45619553e-03 
 2.91611090e-08  4.70340921e-03 
 2.91861090e-08  2.95014887e-03 
 2.92111090e-08  1.84783832e-03 
 2.92361090e-08  1.16014416e-03 
 2.92611090e-08  7.35669409e-04 
 2.92861090e-08  4.74952859e-04 
 2.93111090e-08  3.15333481e-04 
 2.93361090e-08  2.17642929e-04 
 2.93611090e-08  1.56371735e-04 
 2.93861090e-08  1.16154801e-04 
 2.94111090e-08  8.85011777e-05 
 2.94361090e-08  6.84286220e-05 
 2.94611090e-08  5.25490015e-05 
 2.94861090e-08  3.55121714e-05 
 2.95111090e-08  2.33835062e-05 
 2.95361090e-08  1.82388104e-05 
 2.95611090e-08  1.69171437e-05 
 2.95861090e-08  1.77863740e-05 
 2.96111090e-08  1.95189654e-05 
 2.96361090e-08  1.84485854e-05 
 2.96611090e-08  1.21864535e-05 
 2.96861090e-08  3.11700374e-06 
 2.97111090e-08 -3.45984887e-06 
 2.97361090e-08 -4.81513004e-06 
 2.97611090e-08 -3.54714339e-06 
 2.97861090e-08  3.35892742e-07 
 2.98111090e-08  7.06892934e-06 
 2.98361090e-08  9.81760253e-06 
 2.98611090e-08  1.26456363e-05 
 2.98861090e-08  1.51883874e-05 
 2.99111090e-08  1.54750649e-05 
 2.99361090e-08  1.26095471e-05 
 2.99611090e-08  6.83970565e-06 
 2.99861090e-08 -2.43592184e-06 
 3.00111090e-08 -1.47702394e-05 
 3.00361090e-08 -2.69605926e-05 
 3.00611090e-08 -2.77435989e-05 
 3.00861090e-08 -1.59059012e-05 
 3.01111090e-08  9.42805727e-06 
 3.01361090e-08  5.02711328e-05 
 3.01611090e-08  9.87357100e-05 
 3.01861090e-08  1.43207209e-04 
 3.02111090e-08  1.62811348e-04 
 3.02361090e-08  1.61069369e-04 
 3.02611090e-08  1.49664752e-04 
 3.02861090e-08  1.39912016e-04 
 3.03111090e-08  1.23216817e-04 
 3.03361090e-08  7.66340601e-05 
 3.03611090e-08  4.01411898e-05 
 3.03861090e-08  3.54713005e-05 
 3.04111090e-08  6.82766014e-05 
 3.04361090e-08  1.38390253e-04 
 3.04611090e-08  1.97606564e-04 
 3.04861090e-08  1.70690251e-04 
 3.05111090e-08 -1.38667819e-05 
 3.05361090e-08 -4.44793635e-04 
 3.05611090e-08 -1.09715914e-03 
 3.05861090e-08 -1.76056216e-03 
 3.06111090e-08 -2.52720184e-03 
 3.06361090e-08 -3.26331608e-03 
 3.06611090e-08 -3.98700991e-03 
 3.06861090e-08 -4.73031758e-03 
 3.07111090e-08 -5.53890577e-03 
 3.07361090e-08 -6.45870412e-03 
 3.07611090e-08 -7.56671032e-03 
 3.07861090e-08 -8.93205631e-03 
 3.08111090e-08 -1.06970154e-02 
 3.08361090e-08 -1.29836521e-02 
 3.08611090e-08 -1.52841095e-02 
 3.08861090e-08 -1.50009707e-02 
 3.09111090e-08 -7.19217561e-03 
 3.09361090e-08  1.27692858e-02 
 3.09611090e-08  4.94339443e-02 
 3.09861090e-08  1.09917268e-01 
 3.10111090e-08  2.07139181e-01 
 3.10361090e-08  3.72685852e-01 
 3.10611090e-08  7.04645019e-01 
 3.10861090e-08  1.28471477e+00 
 3.11111090e-08  2.07859018e+00 
 3.11361090e-08  2.74244665e+00 
 3.11611090e-08  3.07965211e+00 
 3.11861090e-08  3.20842075e+00 
 3.12111090e-08  3.25340054e+00 
 3.12361090e-08  3.27186044e+00 
 3.12611090e-08  3.28193794e+00 
 3.12861090e-08  3.28820198e+00 
 3.13111090e-08  3.29219548e+00 
 3.13361090e-08  3.29474037e+00 
 3.13611090e-08  3.29637514e+00 
 3.13861090e-08  3.29743412e+00 
 3.14111090e-08  3.29812097e+00 
 3.14361090e-08  3.29861262e+00 
 3.14611090e-08  3.29899965e+00 
 3.14861090e-08  3.29928980e+00 
 3.15111090e-08  3.29950324e+00 
 3.15361090e-08  3.29965347e+00 
 3.15611090e-08  3.29975008e+00 
 3.15861090e-08  3.29981160e+00 
 3.16111090e-08  3.29985147e+00 
 3.16361090e-08  3.29987767e+00 
 3.16611090e-08  3.29989697e+00 
 3.16861090e-08  3.29991672e+00 
 3.17111090e-08  3.29993702e+00 
 3.17361090e-08  3.29995799e+00 
 3.17611090e-08  3.29996040e+00 
 3.17861090e-08  3.29994745e+00 
 3.18111090e-08  3.29993313e+00 
 3.18361090e-08  3.29992120e+00 
 3.18611090e-08  3.29991198e+00 
 3.18861090e-08  3.29990365e+00 
 3.19111090e-08  3.29989915e+00 
 3.19361090e-08  3.29990192e+00 
 3.19611090e-08  3.29991224e+00 
 3.19861090e-08  3.29992994e+00 
 3.20111090e-08  3.29995439e+00 
 3.20361090e-08  3.29997925e+00 
 3.20611090e-08  3.29999503e+00 
 3.20861090e-08  3.29999932e+00 
 3.21111090e-08  3.29999379e+00 
 3.21361090e-08  3.29998737e+00 
 3.21611090e-08  3.29998209e+00 
 3.21861090e-08  3.29997275e+00 
 3.22111090e-08  3.29995752e+00 
 3.22361090e-08  3.29994938e+00 
 3.22611090e-08  3.29996951e+00 
 3.22861090e-08  3.30001141e+00 
 3.23111090e-08  3.30003954e+00 
 3.23361090e-08  3.30000872e+00 
 3.23611090e-08  3.29991637e+00 
 3.23861090e-08  3.29980080e+00 
 3.24111090e-08  3.29971763e+00 
 3.24361090e-08  3.29967173e+00 
 3.24611090e-08  3.29967553e+00 
 3.24861090e-08  3.29972201e+00 
 3.25111090e-08  3.29977754e+00 
 3.25361090e-08  3.29980173e+00 
 3.25611090e-08  3.29983581e+00 
 3.25861090e-08  3.29990198e+00 
 3.26111090e-08  3.29994889e+00 
 3.26361090e-08  3.29996215e+00 
 3.26611090e-08  3.29994607e+00 
 3.26861090e-08  3.29990085e+00 
 3.27111090e-08  3.29981799e+00 
 3.27361090e-08  3.29970036e+00 
 3.27611090e-08  3.29960867e+00 
 3.27861090e-08  3.29958934e+00 
 3.28111090e-08  3.29962885e+00 
 3.28361090e-08  3.29971128e+00 
 3.28611090e-08  3.29985409e+00 
 3.28861090e-08  3.30009428e+00 
 3.29111090e-08  3.30047146e+00 
 3.29361090e-08  3.30094502e+00 
 3.29611090e-08  3.30146187e+00 
 3.29861090e-08  3.30196743e+00 
 3.30111090e-08  3.30248938e+00 
 3.30361090e-08  3.30304390e+00 
 3.30611090e-08  3.30363607e+00 
 3.30861090e-08  3.30424911e+00 
 3.31111090e-08  3.30484823e+00 
 3.31361090e-08  3.30538125e+00 
 3.31611090e-08  3.30588530e+00 
 3.31861090e-08  3.30645414e+00 
 3.32111090e-08  3.30717192e+00 
 3.32361090e-08  3.30811523e+00 
 3.32611090e-08  3.30937714e+00 
 3.32861090e-08  3.31109632e+00 
 3.33111090e-08  3.31349738e+00 
 3.33361090e-08  3.31681673e+00 
 3.33611090e-08  3.32038187e+00 
 3.33861090e-08  3.32013466e+00 
 3.34111090e-08  3.30836183e+00 
 3.34361090e-08  3.27944763e+00 
 3.34611090e-08  3.22769757e+00 
 3.34861090e-08  3.14487526e+00 
 3.35111090e-08  3.01692943e+00 
 3.35361090e-08  2.79995490e+00 
 3.35611090e-08  2.35471253e+00 
 3.35861090e-08  1.64155153e+00 
 3.36111090e-08  7.88730857e-01 
 3.36361090e-08  2.27093886e-01 
 3.36611090e-08  5.35273778e-02 
 3.36861090e-08  2.59620544e-02 
 3.37111090e-08  1.62900399e-02 
 3.37361090e-08  1.03563370e-02 
 3.37611090e-08  6.57046835e-03 
 3.37861090e-08  4.13663584e-03 
 3.38111090e-08  2.59266693e-03 
 3.38361090e-08  1.62425467e-03 
 3.38611090e-08  1.02161842e-03 
 3.38861090e-08  6.50512206e-04 
 3.39111090e-08  4.22948111e-04 
 3.39361090e-08  2.83522133e-04 
 3.39611090e-08  1.97849277e-04 
 3.39861090e-08  1.43601298e-04 
 3.40111090e-08  1.07564321e-04 
 3.40361090e-08  8.23198105e-05 
 3.40611090e-08  6.37992064e-05 
 3.40861090e-08  4.81669176e-05 
 3.41111090e-08  3.13766157e-05 
 3.41361090e-08  2.15527834e-05 
 3.41611090e-08  1.75523322e-05 
 3.41861090e-08  1.68445550e-05 
 3.42111090e-08  1.81623984e-05 
 3.42361090e-08  1.96147220e-05 
 3.42611090e-08  1.72239523e-05 
 3.42861090e-08  9.73774153e-06 
 3.43111090e-08  8.80508396e-07 
 3.43361090e-08 -4.24034274e-06 
 3.43611090e-08 -4.72608672e-06 
 3.43861090e-08 -2.72493207e-06 
 3.44111090e-08  2.18102718e-06 
 3.44361090e-08  8.02123021e-06 
 3.44611090e-08  1.06218879e-05 
 3.44861090e-08  1.34037917e-05 
 3.45111090e-08  1.56919188e-05 
 3.45361090e-08  1.49866141e-05 
 3.45611090e-08  1.13492773e-05 
 3.45861090e-08  4.55004512e-06 
 3.46111090e-08 -5.45362166e-06 
 3.46361090e-08 -1.85949850e-05 
 3.46611090e-08 -2.85215300e-05 
 3.46861090e-08 -2.57056185e-05 
 3.47111090e-08 -1.06590891e-05 
 3.47361090e-08  1.85823200e-05 
 3.47611090e-08  6.30911643e-05 
 3.47861090e-08  1.10839995e-04 
 3.48111090e-08  1.52586388e-04 
 3.48361090e-08  1.64104105e-04 
 3.48611090e-08  1.57662315e-04 
 3.48861090e-08  1.46912846e-04 
 3.49111090e-08  1.37138120e-04 
 3.49361090e-08  1.12486739e-04 
 3.49611090e-08  6.44219419e-05 
 3.49861090e-08  3.54784983e-05 
 3.50111090e-08  4.06135266e-05 
 3.50361090e-08  8.39331965e-05 
 3.50611090e-08  1.58838358e-04 
 3.50861090e-08  2.01411426e-04 
 3.51111090e-08  1.39971119e-04 
 3.51361090e-08 -1.04216356e-04 
 3.51611090e-08 -6.00550941e-04 
 3.51861090e-08 -1.27859006e-03 
 3.52111090e-08 -1.95598057e-03 
 3.52361090e-08 -2.72671697e-03 
 3.52611090e-08 -3.45499561e-03 
 3.52861090e-08 -4.18030877e-03 
 3.53111090e-08 -4.93597387e-03 
 3.53361090e-08 -5.76784986e-03 
 3.53611090e-08 -6.73080805e-03 
 3.53861090e-08 -7.89428268e-03 
 3.54111090e-08 -9.34994667e-03 
 3.54361090e-08 -1.12523926e-02 
 3.54611090e-08 -1.36493119e-02 
 3.54861090e-08 -1.56259670e-02 
 3.55111090e-08 -1.38894771e-02 
 3.55361090e-08 -3.20315763e-03 
 3.55611090e-08  2.05286036e-02 
 3.55861090e-08  6.27117818e-02 
 3.56111090e-08  1.31168333e-01 
 3.56361090e-08  2.41940956e-01 
 3.56611090e-08  4.37335855e-01 
 3.56861090e-08  8.30918257e-01 
 3.57111090e-08  1.47748026e+00 
 3.57361090e-08  2.28306648e+00 
 3.57611090e-08  2.86043526e+00 
 3.57861090e-08  3.12731989e+00 
 3.58111090e-08  3.22497129e+00 
 3.58361090e-08  3.25961880e+00 
 3.58611090e-08  3.27501425e+00 
 3.58861090e-08  3.28385679e+00 
 3.59111090e-08  3.28942409e+00 
 3.59361090e-08  3.29297314e+00 
 3.59611090e-08  3.29523817e+00 
 3.59861090e-08  3.29669661e+00 
 3.60111090e-08  3.29764205e+00 
 3.60361090e-08  3.29826114e+00 
 3.60611090e-08  3.29872267e+00 
 3.60861090e-08  3.29908317e+00 
 3.61111090e-08  3.29935133e+00 
 3.61361090e-08  3.29954773e+00 
 3.61611090e-08  3.29968257e+00 
 3.61861090e-08  3.29976876e+00 
 3.62111090e-08  3.29982357e+00 
 3.62361090e-08  3.29985926e+00 
 3.62611090e-08  3.29988311e+00 
 3.62861090e-08  3.29990194e+00 
 3.63111090e-08  3.29992155e+00 
 3.63361090e-08  3.29994283e+00 
 3.63611090e-08  3.29996105e+00 
 3.63861090e-08  3.29995802e+00 
 3.64111090e-08  3.29994369e+00 
 3.64361090e-08  3.29992992e+00 
 3.64611090e-08  3.29991871e+00 
 3.64861090e-08  3.29990993e+00 
 3.65111090e-08  3.29990196e+00 
 3.65361090e-08  3.29989919e+00 
 3.65611090e-08  3.29990386e+00 
 3.65861090e-08  3.29991593e+00 
 3.66111090e-08  3.29993548e+00 
 3.66361090e-08  3.29996090e+00 
 3.66611090e-08  3.29998411e+00 
 3.66861090e-08  3.29999722e+00 
 3.67111090e-08  3.29999856e+00 
 3.67361090e-08  3.29999219e+00 
 3.67611090e-08  3.29998583e+00 
 3.67861090e-08  3.29998068e+00 
 3.68111090e-08  3.29996923e+00 
 3.68361090e-08  3.29995443e+00 
 3.68611090e-08  3.29995034e+00 
 3.68861090e-08  3.29997942e+00 
 3.69111090e-08  3.30002270e+00 
 3.69361090e-08  3.30003782e+00 
 3.69611090e-08  3.29999061e+00 
 3.69861090e-08  3.29988814e+00 
 3.70111090e-08  3.29977689e+00 
 3.70361090e-08  3.29970267e+00 
 3.70611090e-08  3.29966894e+00 
 3.70861090e-08  3.29968255e+00 
 3.71111090e-08  3.29973841e+00 
 3.71361090e-08  3.29978593e+00 
 3.71611090e-08  3.29980646e+00 
 3.71861090e-08  3.29985028e+00 
 3.72111090e-08  3.29991660e+00 
 3.72361090e-08  3.29995540e+00 
 3.72611090e-08  3.29996090e+00 
 3.72861090e-08  3.29993839e+00 
 3.73111090e-08  3.29988534e+00 
 3.73361090e-08  3.29979300e+00 
 3.73611090e-08  3.29967460e+00 
 3.73861090e-08  3.29959771e+00 
 3.74111090e-08  3.29959429e+00 
 3.74361090e-08  3.29964407e+00 
 3.74611090e-08  3.29973775e+00 
 3.74861090e-08  3.29989960e+00 
 3.75111090e-08  3.30017813e+00 
 3.75361090e-08  3.30057861e+00 
 3.75611090e-08  3.30106161e+00 
 3.75861090e-08  3.30157965e+00 
 3.76111090e-08  3.30208286e+00 
 3.76361090e-08  3.30261111e+00 
 3.76611090e-08  3.30317304e+00 
 3.76861090e-08  3.30377395e+00 
 3.77111090e-08  3.30438611e+00 
 3.77361090e-08  3.30497361e+00 
 3.77611090e-08  3.30549192e+00 
 3.77861090e-08  3.30600169e+00 
 3.78111090e-08  3.30659651e+00 
 3.78361090e-08  3.30735762e+00 
 3.78611090e-08  3.30836229e+00 
 3.78861090e-08  3.30971113e+00 
 3.79111090e-08  3.31155733e+00 
 3.79361090e-08  3.31414550e+00 
 3.79611090e-08  3.31765128e+00 
 3.79861090e-08  3.32088002e+00 
 3.80111090e-08  3.31880896e+00 
 3.80361090e-08  3.30339758e+00 
 3.80611090e-08  3.27030886e+00 
 3.80861090e-08  3.21222890e+00 
 3.81111090e-08  3.12145920e+00 
 3.81361090e-08  2.98026570e+00 
 3.81611090e-08  2.72617724e+00 
 3.81861090e-08  2.22274199e+00 
 3.82111090e-08  1.45578478e+00 
 3.82361090e-08  6.35898606e-01 
 3.82611090e-08  1.64448363e-01 
 3.82839829e-08  4.87934020e-02 
 3.83089829e-08  2.43107479e-02 
 3.83339829e-08  1.53324804e-02 
 3.83589829e-08  9.75314326e-03 
 3.83839829e-08  6.18199363e-03 
 3.84089829e-08  3.88892966e-03 
 3.84339829e-08  2.43690641e-03 
 3.84589829e-08  1.52702893e-03 
 3.84839829e-08  9.61966404e-04 
 3.85089829e-08  6.13772434e-04 
 3.85339829e-08  4.00018621e-04 
 3.85589829e-08  2.69554007e-04 
 3.85839829e-08  1.89158278e-04 
 3.86089829e-08  1.37952469e-04 
 3.86339829e-08  1.03752964e-04 
 3.86589829e-08  7.95408587e-05 
 3.86839829e-08  6.17448269e-05 
 3.87089829e-08  4.60758015e-05 
 3.87339829e-08  2.97017064e-05 
 3.87589829e-08  2.07831457e-05 
 3.87839829e-08  1.72914637e-05 
 3.88089829e-08  1.68819245e-05 
 3.88339829e-08  1.83597841e-05 
 3.88589829e-08  1.95633607e-05 
 3.88839829e-08  1.65733482e-05 
 3.89089829e-08  8.67390640e-06 
 3.89339829e-08  2.12596042e-08 
 3.89589829e-08 -4.46805350e-06 
 3.89839829e-08 -4.64001806e-06 
 3.90089829e-08 -2.36089670e-06 
 3.90339829e-08  2.95489006e-06 
 3.90589829e-08  8.34824019e-06 
 3.90839829e-08  1.09633791e-05 
 3.91089829e-08  1.36470095e-05 
 3.91339829e-08  1.57443920e-05 
 3.91589829e-08  1.47261748e-05 
 3.91839829e-08  1.08129634e-05 
 3.92089829e-08  3.58828315e-06 
 3.92339829e-08 -6.75848750e-06 
 3.92589829e-08 -1.98714809e-05 
 3.92839829e-08 -2.87722163e-05 
 3.93089829e-08 -2.47637545e-05 
 3.93339829e-08 -8.38919268e-06 
 3.93589829e-08  2.24301472e-05 
 3.93839829e-08  6.81099995e-05 
 3.94089829e-08  1.14762951e-04 
 3.94339829e-08  1.53699138e-04 
 3.94589829e-08  1.65310956e-04 
 3.94839829e-08  1.56384194e-04 
 3.95089829e-08  1.46283951e-04 
 3.95339829e-08  1.35735011e-04 
 3.95589829e-08  1.07748044e-04 
 3.95839829e-08  6.10499747e-05 
 3.96089829e-08  3.48759655e-05 
 3.96339829e-08  4.29458675e-05 
 3.96589829e-08  9.01219726e-05 
 3.96839829e-08  1.65519853e-04 
 3.97089829e-08  2.00777445e-04 
 3.97339829e-08  1.25982106e-04 
 3.97589829e-08 -1.41144089e-04 
 3.97839829e-08 -6.60604784e-04 
 3.98089829e-08 -1.34123490e-03 
 3.98339829e-08 -2.02969011e-03 
 3.98589829e-08 -2.79542853e-03 
 3.98839829e-08 -3.52148326e-03 
 3.99089829e-08 -4.24725233e-03 
 3.99339829e-08 -5.00750485e-03 
 3.99589829e-08 -5.84754068e-03 
 3.99839829e-08 -6.82429538e-03 
 4.00089829e-08 -8.01152806e-03 
 4.00339829e-08 -9.49969445e-03 
 4.00589829e-08 -1.14445812e-02 
 4.00839829e-08 -1.38635900e-02 
 4.01089829e-08 -1.56803098e-02 
 4.01339829e-08 -1.33688096e-02 
 4.01589829e-08 -1.63652976e-03 
 4.01839829e-08  2.34109090e-02 
 4.02089829e-08  6.75490218e-02 
 4.02339829e-08  1.38869798e-01 
 4.02589829e-08  2.54649947e-01 
 4.02839829e-08  4.61867897e-01 
 4.03089829e-08  8.76446541e-01 
 4.03339829e-08  1.54399128e+00 
 4.03589829e-08  2.34516485e+00 
 4.03839829e-08  2.89344827e+00 
 4.04089829e-08  3.14016688e+00 
 4.04339829e-08  3.22942128e+00 
 4.04589829e-08  3.26137154e+00 
 4.04839829e-08  3.27594672e+00 
 4.05089829e-08  3.28443171e+00 
 4.05339829e-08  3.28979009e+00 
 4.05589829e-08  3.29320546e+00 
 4.05839829e-08  3.29538661e+00 
 4.06089829e-08  3.29679219e+00 
 4.06339829e-08  3.29770354e+00 
 4.06589829e-08  3.29830296e+00 
 4.06839829e-08  3.29875524e+00 
 4.07089829e-08  3.29910776e+00 
 4.07339829e-08  3.29936914e+00 
 4.07589829e-08  3.29956026e+00 
 4.07839829e-08  3.29969067e+00 
 4.08089829e-08  3.29977394e+00 
 4.08339829e-08  3.29982694e+00 
 4.08589829e-08  3.29986147e+00 
 4.08839829e-08  3.29988467e+00 
 4.09089829e-08  3.29990339e+00 
 4.09339829e-08  3.29992290e+00 
 4.09589829e-08  3.29994441e+00 
 4.09839829e-08  3.29996157e+00 
 4.10089829e-08  3.29995736e+00 
 4.10339829e-08  3.29994288e+00 
 4.10589829e-08  3.29992925e+00 
 4.10839829e-08  3.29991823e+00 
 4.11089829e-08  3.29990952e+00 
 4.11339829e-08  3.29990168e+00 
 4.11589829e-08  3.29989941e+00 
 4.11839829e-08  3.29990447e+00 
 4.12089829e-08  3.29991688e+00 
 4.12339829e-08  3.29993681e+00 
 4.12589829e-08  3.29996236e+00 
 4.12839829e-08  3.29998513e+00 
 4.13089829e-08  3.29999764e+00 
 4.13339829e-08  3.29999835e+00 
 4.13589829e-08  3.29999183e+00 
 4.13839829e-08  3.29998551e+00 
 4.14089829e-08  3.29998036e+00 
 4.14339829e-08  3.29996858e+00 
 4.14589829e-08  3.29995375e+00 
 4.14839829e-08  3.29995037e+00 
 4.15089829e-08  3.29998131e+00 
 4.15339829e-08  3.30002458e+00 
 4.15589829e-08  3.30003721e+00 
 4.15839829e-08  3.29998745e+00 
 4.16089829e-08  3.29988358e+00 
 4.16339829e-08  3.29977359e+00 
 4.16589829e-08  3.29970093e+00 
 4.16839829e-08  3.29966914e+00 
 4.17089829e-08  3.29968425e+00 
 4.17339829e-08  3.29974140e+00 
 4.17589829e-08  3.29978744e+00 
 4.17839829e-08  3.29980774e+00 
 4.18089829e-08  3.29985282e+00 
 4.18339829e-08  3.29991859e+00 
 4.18589829e-08  3.29995629e+00 
 4.18839829e-08  3.29996077e+00 
 4.19089829e-08  3.29993743e+00 
 4.19339829e-08  3.29988329e+00 
 4.19589829e-08  3.29978989e+00 
 4.19839829e-08  3.29967163e+00 
 4.20089829e-08  3.29959686e+00 
 4.20339829e-08  3.29959566e+00 
 4.20589829e-08  3.29964648e+00 
 4.20839829e-08  3.29974126e+00 
 4.21089829e-08  3.29990502e+00 
 4.21339829e-08  3.30018658e+00 
 4.21589829e-08  3.30058876e+00 
 4.21839829e-08  3.30107264e+00 
 4.22089829e-08  3.30159009e+00 
 4.22339829e-08  3.30209214e+00 
 4.22589829e-08  3.30262109e+00 
 4.22839829e-08  3.30318323e+00 
 4.23089829e-08  3.30378375e+00 
 4.23339829e-08  3.30439500e+00 
 4.23589829e-08  3.30498025e+00 
 4.23839829e-08  3.30549800e+00 
 4.24089829e-08  3.30600829e+00 
 4.24339829e-08  3.30660337e+00 
 4.24589829e-08  3.30736672e+00 
 4.24839829e-08  3.30837482e+00 
 4.25089829e-08  3.30972832e+00 
 4.25339829e-08  3.31158119e+00 
 4.25589829e-08  3.31417863e+00 
 4.25839829e-08  3.31769066e+00 
 4.26089829e-08  3.32088968e+00 
 4.26339829e-08  3.31870551e+00 
 4.26589829e-08  3.30309544e+00 
 4.26839829e-08  3.26967035e+00 
 4.27089829e-08  3.21146235e+00 
 4.27339829e-08  3.12050811e+00 
 4.27589829e-08  2.97855122e+00 
 4.27839829e-08  2.72263089e+00 
 4.28089829e-08  2.21678333e+00 
 4.28339829e-08  1.44781499e+00 
 4.28589829e-08  6.29374302e-01 
 4.28839829e-08  1.61720120e-01 
 4.29084211e-08  4.40133368e-02 
 4.29334211e-08  2.35206262e-02 
 4.29584211e-08  1.48391780e-02 
 4.29834211e-08  9.44323456e-03 
 4.30084211e-08  5.98260898e-03 
 4.30334211e-08  3.76215413e-03 
 4.30584211e-08  2.35733578e-03 
 4.30834211e-08  1.47746173e-03 
 4.31084211e-08  9.31371082e-04 
 4.31334211e-08  5.95014703e-04 
 4.31584211e-08  3.88575730e-04 
 4.31834211e-08  2.62542050e-04 
 4.32084211e-08  1.84786380e-04 
 4.32334211e-08  1.35106974e-04 
 4.32584211e-08  1.01838010e-04 
 4.32834211e-08  7.81535060e-05 
 4.33084211e-08  6.07156038e-05 
 4.33334211e-08  4.50718758e-05 
 4.33584211e-08  2.89478075e-05 
 4.33834211e-08  2.04187362e-05 
 4.34084211e-08  1.71524406e-05 
 4.34334211e-08  1.68703006e-05 
 4.34584211e-08  1.84103193e-05 
 4.34834211e-08  1.94948370e-05 
 4.35084211e-08  1.62598514e-05 
 4.35334211e-08  8.21902352e-06 
 4.35584211e-08 -3.33785334e-07 
 4.35834211e-08 -4.54021436e-06 
 4.36084211e-08 -4.60690542e-06 
 4.36334211e-08 -2.21956466e-06 
 4.36584211e-08  3.25340133e-06 
 4.36834211e-08  8.45541811e-06 
 4.37084211e-08  1.10790719e-05 
 4.37334211e-08  1.37320919e-05 
 4.37584211e-08  1.57425808e-05 
 4.37834211e-08  1.46067103e-05 
 4.38084211e-08  1.06005659e-05 
 4.38334211e-08  3.23024704e-06 
 4.38584211e-08 -7.19773752e-06 
 4.38834211e-08 -2.03155186e-05 
 4.39084211e-08 -2.88482799e-05 
 4.39334211e-08 -2.43780444e-05 
 4.39584211e-08 -7.60061077e-06 
 4.39834211e-08  2.36910284e-05 
 4.40084211e-08  6.96443636e-05 
 4.40334211e-08  1.17265678e-04 
 4.40584211e-08  1.54677429e-04 
 4.40834211e-08  1.64278181e-04 
 4.41084211e-08  1.55289768e-04 
 4.41334211e-08  1.45689432e-04 
 4.41584211e-08  1.35462913e-04 
 4.41834211e-08  1.05986846e-04 
 4.42084211e-08  5.91753042e-05 
 4.42334211e-08  3.43760149e-05 
 4.42584211e-08  4.35167098e-05 
 4.42834211e-08  9.14918740e-05 
 4.43084211e-08  1.66628572e-04 
 4.43334211e-08  2.00367022e-04 
 4.43584211e-08  1.22935377e-04 
 4.43834211e-08 -1.48393800e-04 
 4.44084211e-08 -6.71548614e-04 
 4.44334211e-08 -1.35184146e-03 
 4.44584211e-08 -2.04173990e-03 
 4.44834211e-08 -2.80584728e-03 
 4.45084211e-08 -3.53085281e-03 
 4.45334211e-08 -4.25602473e-03 
 4.45584211e-08 -5.01632769e-03 
 4.45834211e-08 -5.85687756e-03 
 4.46084211e-08 -6.83513061e-03 
 4.46334211e-08 -8.02430312e-03 
 4.46584211e-08 -9.51563819e-03 
 4.46834211e-08 -1.14611629e-02 
 4.47084211e-08 -1.38837833e-02 
 4.47334211e-08 -1.56810555e-02 
 4.47584211e-08 -1.32943439e-02 
 4.47834211e-08 -1.44070190e-03 
 4.48084211e-08  2.37489560e-02 
 4.48334211e-08  6.80912018e-02 
 4.48584211e-08  1.39699247e-01 
 4.48834211e-08  2.55970978e-01 
 4.49084211e-08  4.64350177e-01 
 4.49334211e-08  8.80839578e-01 
 4.49584211e-08  1.55015421e+00 
 4.49834211e-08  2.35060211e+00 
 4.50084211e-08  2.89623379e+00 
 4.50334211e-08  3.14121873e+00 
 4.50584211e-08  3.22977877e+00 
 4.50834211e-08  3.26151152e+00 
 4.51084211e-08  3.27602006e+00 
 4.51334211e-08  3.28447575e+00 
 4.51584211e-08  3.28981725e+00 
 4.51834211e-08  3.29322200e+00 
 4.52084211e-08  3.29539656e+00 
 4.52334211e-08  3.29679807e+00 
 4.52584211e-08  3.29770709e+00 
 4.52834211e-08  3.29830523e+00 
 4.53084211e-08  3.29875612e+00 
 4.53334211e-08  3.29910757e+00 
 4.53584211e-08  3.29936886e+00 
 4.53834211e-08  3.29956004e+00 
 4.54084211e-08  3.29969054e+00 
 4.54334211e-08  3.29977391e+00 
 4.54584211e-08  3.29982695e+00 
 4.54834211e-08  3.29986151e+00 
 4.55084211e-08  3.29988471e+00 
 4.55334211e-08  3.29990336e+00 
 4.55584211e-08  3.29992281e+00 
 4.55834211e-08  3.29994421e+00 
 4.56084211e-08  3.29996156e+00 
 4.56334211e-08  3.29995759e+00 
 4.56584211e-08  3.29994314e+00 
 4.56834211e-08  3.29992949e+00 
 4.57084211e-08  3.29991845e+00 
 4.57334211e-08  3.29990975e+00 
 4.57584211e-08  3.29990189e+00 
 4.57834211e-08  3.29989947e+00 
 4.58084211e-08  3.29990440e+00 
 4.58334211e-08  3.29991666e+00 
 4.58584211e-08  3.29993642e+00 
 4.58834211e-08  3.29996187e+00 
 4.59084211e-08  3.29998478e+00 
 4.59334211e-08  3.29999750e+00 
 4.59584211e-08  3.29999846e+00 
 4.59834211e-08  3.29999200e+00 
 4.60084211e-08  3.29998567e+00 
 4.60334211e-08  3.29998053e+00 
 4.60584211e-08  3.29996889e+00 
 4.60834211e-08  3.29995417e+00 
 4.61084211e-08  3.29995048e+00 
 4.61334211e-08  3.29998039e+00 
 4.61584211e-08  3.30002351e+00 
 4.61834211e-08  3.30003747e+00 
 4.62084211e-08  3.29998939e+00 
 4.62334211e-08  3.29988661e+00 
 4.62584211e-08  3.29977605e+00 
 4.62834211e-08  3.29970255e+00 
 4.63084211e-08  3.29966957e+00 
 4.63334211e-08  3.29968368e+00 
 4.63584211e-08  3.29973984e+00 
 4.63834211e-08  3.29978695e+00 
 4.64084211e-08  3.29980737e+00 
 4.64334211e-08  3.29985130e+00 
 4.64584211e-08  3.29991731e+00 
 4.64834211e-08  3.29995583e+00 
 4.65084211e-08  3.29996119e+00 
 4.65334211e-08  3.29993872e+00 
 4.65584211e-08  3.29988589e+00 
 4.65834211e-08  3.29979400e+00 
 4.66084211e-08  3.29967586e+00 
 4.66334211e-08  3.29959868e+00 
 4.66584211e-08  3.29959477e+00 
 4.66834211e-08  3.29964407e+00 
 4.67084211e-08  3.29973697e+00 
 4.67334211e-08  3.29989737e+00 
 4.67584211e-08  3.30017343e+00 
 4.67834211e-08  3.30057164e+00 
 4.68084211e-08  3.30105262e+00 
 4.68334211e-08  3.30156944e+00 
 4.68584211e-08  3.30207171e+00 
 4.68834211e-08  3.30259829e+00 
 4.69084211e-08  3.30315838e+00 
 4.69334211e-08  3.30375730e+00 
 4.69584211e-08  3.30436822e+00 
 4.69834211e-08  3.30495571e+00 
 4.70084211e-08  3.30547403e+00 
 4.70334211e-08  3.30598160e+00 
 4.70584211e-08  3.30657181e+00 
 4.70834211e-08  3.30732593e+00 
 4.71084211e-08  3.30832066e+00 
 4.71334211e-08  3.30965517e+00 
 4.71584211e-08  3.31148000e+00 
 4.71834211e-08  3.31403615e+00 
 4.72084211e-08  3.31751028e+00 
 4.72334211e-08  3.32079699e+00 
 4.72584211e-08  3.31902908e+00 
 4.72834211e-08  3.30421682e+00 
 4.73084211e-08  3.27182583e+00 
 4.73334211e-08  3.21480442e+00 
 4.73584211e-08  3.12549408e+00 
 4.73834211e-08  2.98680966e+00 
 4.74084211e-08  2.73996277e+00 
 4.74334211e-08  2.24689927e+00 
 4.74584211e-08  1.48930201e+00 
 4.74834211e-08  6.62107984e-01 
 4.75084211e-08  1.74405648e-01 
 4.75312783e-08  5.08254633e-02 
 4.75562783e-08  2.47901317e-02 
 4.75812783e-08  1.56209593e-02 
 4.76062783e-08  9.93715497e-03 
 4.76312783e-08  6.30188273e-03 
 4.76562783e-08  3.96597563e-03 
 4.76812783e-08  2.48564650e-03 
 4.77062783e-08  1.55766479e-03 
 4.77312783e-08  9.80577075e-04 
 4.77562783e-08  6.25359496e-04 
 4.77812783e-08  4.07581239e-04 
 4.78062783e-08  2.74125624e-04 
 4.78312783e-08  1.92024027e-04 
 4.78562783e-08  1.39864138e-04 
 4.78812783e-08  1.05093052e-04 
 4.79062783e-08  8.05884583e-05 
 4.79312783e-08  6.25757052e-05 
 4.79562783e-08  4.70883790e-05 
 4.79812783e-08  3.05331521e-05 
 4.80062783e-08  2.11182332e-05 
 4.80312783e-08  1.73474041e-05 
 4.80562783e-08  1.67648314e-05 
 4.80812783e-08  1.81400021e-05 
 4.81062783e-08  1.95228913e-05 
 4.81312783e-08  1.69692442e-05 
 4.81562783e-08  9.38785602e-06 
 4.81812783e-08  6.09270817e-07 
 4.82062783e-08 -4.33041708e-06 
 4.82312783e-08 -4.72788373e-06 
 4.82562783e-08 -2.66076366e-06 
 4.82812783e-08  2.32868313e-06 
 4.83062783e-08  8.06256123e-06 
 4.83312783e-08  1.06705200e-05 
 4.83562783e-08  1.34182763e-05 
 4.83812783e-08  1.56609082e-05 
 4.84062783e-08  1.49080253e-05 
 4.84312783e-08  1.12448707e-05 
 4.84562783e-08  4.42913111e-06 
 4.84812783e-08 -5.53392733e-06 
 4.85062783e-08 -1.84853904e-05 
 4.85312783e-08 -2.84382775e-05 
 4.85562783e-08 -2.57714912e-05 
 4.85812783e-08 -1.07079654e-05 
 4.86062783e-08  1.84110359e-05 
 4.86312783e-08  6.27364479e-05 
 4.86562783e-08  1.10324364e-04 
 4.86812783e-08  1.51890818e-04 
 4.87062783e-08  1.63700445e-04 
 4.87312783e-08  1.57640360e-04 
 4.87562783e-08  1.46553347e-04 
 4.87812783e-08  1.36527483e-04 
 4.88062783e-08  1.12794597e-04 
 4.88312783e-08  6.51286323e-05 
 4.88562783e-08  3.52971805e-05 
 4.88812783e-08  3.97120937e-05 
 4.89062783e-08  8.21114554e-05 
 4.89312783e-08  1.56629264e-04 
 4.89562783e-08  2.00796042e-04 
 4.89812783e-08  1.43046525e-04 
 4.90062783e-08 -9.42140669e-05 
 4.90312783e-08 -5.82306444e-04 
 4.90562783e-08 -1.25698252e-03 
 4.90812783e-08 -1.92898088e-03 
 4.91062783e-08 -2.69897232e-03 
 4.91312783e-08 -3.42586354e-03 
 4.91562783e-08 -4.14885347e-03 
 4.91812783e-08 -4.90059757e-03 
 4.92062783e-08 -5.72688312e-03 
 4.92312783e-08 -6.68085285e-03 
 4.92562783e-08 -7.83232488e-03 
 4.92812783e-08 -9.26964709e-03 
 4.93062783e-08 -1.11448231e-02 
 4.93312783e-08 -1.35178886e-02 
 4.93562783e-08 -1.55580490e-02 
 4.93812783e-08 -1.41036244e-02 
 4.94062783e-08 -3.96630851e-03 
 4.94312783e-08  1.90357733e-02 
 4.94562783e-08  6.01155627e-02 
 4.94812783e-08  1.26924100e-01 
 4.95062783e-08  2.34804364e-01 
 4.95312783e-08  4.23503566e-01 
 4.95562783e-08  8.04222571e-01 
 4.95812783e-08  1.43720430e+00 
 4.96062783e-08  2.24299386e+00 
 4.96312783e-08  2.83832352e+00 
 4.96562783e-08  3.11851452e+00 
 4.96812783e-08  3.22189424e+00 
 4.97062783e-08  3.25842080e+00 
 4.97312783e-08  3.27438150e+00 
 4.97562783e-08  3.28346406e+00 
 4.97812783e-08  3.28917110e+00 
 4.98062783e-08  3.29281015e+00 
 4.98312783e-08  3.29513198e+00 
 4.98562783e-08  3.29662643e+00 
 4.98812783e-08  3.29759592e+00 
 4.99062783e-08  3.29822823e+00 
 4.99312783e-08  3.29869456e+00 
 4.99562783e-08  3.29906119e+00 
 4.99812783e-08  3.29933441e+00 
 5.00062783e-08  3.29953508e+00 
 5.00312783e-08  3.29967434e+00 
 5.00562783e-08  3.29976353e+00 
 5.00812783e-08  3.29982028e+00 
 5.01062783e-08  3.29985718e+00 
 5.01312783e-08  3.29988166e+00 
 5.01562783e-08  3.29990038e+00 
 5.01812783e-08  3.29991985e+00 
 5.02062783e-08  3.29994058e+00 
 5.02312783e-08  3.29996012e+00 
 5.02562783e-08  3.29995937e+00 
 5.02812783e-08  3.29994556e+00 
 5.03062783e-08  3.29993156e+00 
 5.03312783e-08  3.29992007e+00 
 5.03562783e-08  3.29991112e+00 
 5.03812783e-08  3.29990300e+00 
 5.04062783e-08  3.29989939e+00 
 5.04312783e-08  3.29990310e+00 
 5.04562783e-08  3.29991424e+00 
 5.04812783e-08  3.29993277e+00 
 5.05062783e-08  3.29995767e+00 
 5.05312783e-08  3.29998171e+00 
 5.05562783e-08  3.29999616e+00 
 5.05812783e-08  3.29999908e+00 
 5.06062783e-08  3.29999315e+00 
 5.06312783e-08  3.29998673e+00 
 5.06562783e-08  3.29998155e+00 
 5.06812783e-08  3.29997135e+00 
 5.07062783e-08  3.29995613e+00 
 5.07312783e-08  3.29994953e+00 
 5.07562783e-08  3.29997334e+00 
 5.07812783e-08  3.30001578e+00 
 5.08062783e-08  3.30003923e+00 
 5.08312783e-08  3.30000241e+00 
 5.08562783e-08  3.29990682e+00 
 5.08812783e-08  3.29979267e+00 
 5.09062783e-08  3.29971293e+00 
 5.09312783e-08  3.29967154e+00 
 5.09562783e-08  3.29967880e+00 
 5.09812783e-08  3.29972843e+00 
 5.10062783e-08  3.29978153e+00 
 5.10312783e-08  3.29980393e+00 
 5.10562783e-08  3.29984106e+00 
 5.10812783e-08  3.29990766e+00 
 5.11062783e-08  3.29995159e+00 
 5.11312783e-08  3.29996234e+00 
 5.11562783e-08  3.29994452e+00 
 5.11812783e-08  3.29989749e+00 
 5.12062783e-08  3.29981291e+00 
 5.12312783e-08  3.29969505e+00 
 5.12562783e-08  3.29960653e+00 
 5.12812783e-08  3.29959108e+00 
 5.13062783e-08  3.29963285e+00 
 5.13312783e-08  3.29971723e+00 
 5.13562783e-08  3.29986315e+00 
 5.13812783e-08  3.30011523e+00 
 5.14062783e-08  3.30049609e+00 
 5.14312783e-08  3.30096474e+00 
 5.14562783e-08  3.30147978e+00 
 5.14812783e-08  3.30198330e+00 
 5.15062783e-08  3.30250478e+00 
 5.15312783e-08  3.30305884e+00 
 5.15562783e-08  3.30365042e+00 
 5.15812783e-08  3.30426125e+00 
 5.16062783e-08  3.30485679e+00 
 5.16312783e-08  3.30538701e+00 
 5.16562783e-08  3.30589009e+00 
 5.16812783e-08  3.30645842e+00 
 5.17062783e-08  3.30717821e+00 
 5.17312783e-08  3.30812462e+00 
 5.17562783e-08  3.30939055e+00 
 5.17812783e-08  3.31111508e+00 
 5.18062783e-08  3.31351675e+00 
 5.18312783e-08  3.31683983e+00 
 5.18562783e-08  3.32038711e+00 
 5.18812783e-08  3.32004601e+00 
 5.19062783e-08  3.30810738e+00 
 5.19312783e-08  3.27903362e+00 
 5.19562783e-08  3.22707979e+00 
 5.19812783e-08  3.14403657e+00 
 5.20062783e-08  3.01647721e+00 
 5.20312783e-08  2.79955771e+00 
 5.20562783e-08  2.35337092e+00 
 5.20812783e-08  1.63960993e+00 
 5.21062783e-08  7.87134195e-01 
 5.21312783e-08  2.26440752e-01 
 5.21562783e-08  5.34289734e-02 
 5.21812783e-08  2.59478576e-02 
 5.22062783e-08  1.62847753e-02 
 5.22312783e-08  1.03557715e-02 
 5.22562783e-08  6.57182304e-03 
 5.22812783e-08  4.13833772e-03 
 5.23062783e-08  2.59413005e-03 
 5.23312783e-08  1.62544649e-03 
 5.23562783e-08  1.02249561e-03 
 5.23812783e-08  6.51107382e-04 
 5.24062783e-08  4.23330154e-04 
 5.24312783e-08  2.83758378e-04 
 5.24562783e-08  1.98010305e-04 
 5.24812783e-08  1.43766490e-04 
 5.25062783e-08  1.07740028e-04 
 5.25312783e-08  8.25368575e-05 
 5.25562783e-08  6.40167940e-05 
 5.25812783e-08  4.85994514e-05 
 5.26062783e-08  3.18120819e-05 
 5.26312783e-08  2.16933667e-05 
 5.26562783e-08  1.75325253e-05 
 5.26812783e-08  1.67171489e-05 
 5.27062783e-08  1.79599069e-05 
 5.27312783e-08  1.95112729e-05 
 5.27562783e-08  1.74285236e-05 
 5.27812783e-08  1.02262107e-05 
 5.28062783e-08  1.30671176e-06 
 5.28312783e-08 -4.13622914e-06 
 5.28562783e-08 -4.78037688e-06 
 5.28812783e-08 -2.95093682e-06 
 5.29062783e-08  1.70417465e-06 
 5.29312783e-08  7.76648582e-06 
 5.29562783e-08  1.03652271e-05 
 5.29812783e-08  1.32169137e-05 
 5.30062783e-08  1.55878148e-05 
 5.30312783e-08  1.50879602e-05 
 5.30562783e-08  1.16676740e-05 
 5.30812783e-08  5.21126107e-06 
 5.31062783e-08 -4.52968739e-06 
 5.31312783e-08 -1.73968592e-05 
 5.31562783e-08 -2.80468813e-05 
 5.31812783e-08 -2.64161620e-05 
 5.32062783e-08 -1.25235413e-05 
 5.32312783e-08  1.51878851e-05 
 5.32562783e-08  5.83789914e-05 
 5.32812783e-08  1.06431436e-04 
 5.33062783e-08  1.48965306e-04 
 5.33312783e-08  1.63388155e-04 
 5.33562783e-08  1.58963834e-04 
 5.33812783e-08  1.47318693e-04 
 5.34062783e-08  1.37681413e-04 
 5.34312783e-08  1.16410927e-04 
 5.34562783e-08  6.84880830e-05 
 5.34812783e-08  3.66389377e-05 
 5.35062783e-08  3.79448916e-05 
 5.35312783e-08  7.67470116e-05 
 5.35562783e-08  1.49994717e-04 
 5.35812783e-08  2.00106960e-04 
 5.36062783e-08  1.54268644e-04 
 5.36312783e-08 -6.28879512e-05 
 5.36562783e-08 -5.28714868e-04 
 5.36812783e-08 -1.19853224e-03 
 5.37062783e-08 -1.85990944e-03 
 5.37312783e-08 -2.63344372e-03 
 5.37562783e-08 -3.36207060e-03 
 5.37812783e-08 -4.08438409e-03 
 5.38062783e-08 -4.83164525e-03 
 5.38312783e-08 -5.65015171e-03 
 5.38562783e-08 -6.58938080e-03 
 5.38812783e-08 -7.72132696e-03 
 5.39062783e-08 -9.12851880e-03 
 5.39312783e-08 -1.09584848e-02 
 5.39562783e-08 -1.32976033e-02 
 5.39812783e-08 -1.54545204e-02 
 5.40062783e-08 -1.45029542e-02 
 5.40312783e-08 -5.34376358e-03 
 5.40562783e-08  1.63910202e-02 
 5.40812783e-08  5.56098602e-02 
 5.41062783e-08  1.19721605e-01 
 5.41312783e-08  2.22995067e-01 
 5.41562783e-08  4.01432617e-01 
 5.41812783e-08  7.61472027e-01 
 5.42062783e-08  1.37242020e+00 
 5.42312783e-08  2.17577471e+00 
 5.42562783e-08  2.80029593e+00 
 5.42812783e-08  3.10328055e+00 
 5.43062783e-08  3.21660817e+00 
 5.43312783e-08  3.25641634e+00 
 5.43562783e-08  3.27335347e+00 
 5.43812783e-08  3.28283624e+00 
 5.44062783e-08  3.28877100e+00 
 5.44312783e-08  3.29255557e+00 
 5.44562783e-08  3.29496898e+00 
 5.44812783e-08  3.29652114e+00 
 5.45062783e-08  3.29752778e+00 
 5.45312783e-08  3.29818254e+00 
 5.45562783e-08  3.29865857e+00 
 5.45812783e-08  3.29903351e+00 
 5.46062783e-08  3.29931409e+00 
 5.46312783e-08  3.29952048e+00 
 5.46562783e-08  3.29966479e+00 
 5.46812783e-08  3.29975741e+00 
 5.47062783e-08  3.29981636e+00 
 5.47312783e-08  3.29985463e+00 
 5.47562783e-08  3.29987988e+00 
 5.47812783e-08  3.29989879e+00 
 5.48062783e-08  3.29991830e+00 
 5.48312783e-08  3.29993872e+00 
 5.48562783e-08  3.29995908e+00 
 5.48812783e-08  3.29996009e+00 
 5.49062783e-08  3.29994675e+00 
 5.49312783e-08  3.29993258e+00 
 5.49562783e-08  3.29992084e+00 
 5.49812783e-08  3.29991176e+00 
 5.50062783e-08  3.29990354e+00 
 5.50312783e-08  3.29989944e+00 
 5.50562783e-08  3.29990253e+00 
 5.50812783e-08  3.29991305e+00 
 5.51062783e-08  3.29993102e+00 
 5.51312783e-08  3.29995559e+00 
 5.51562783e-08  3.29998013e+00 
 5.51812783e-08  3.29999545e+00 
 5.52062783e-08  3.29999930e+00 
 5.52312783e-08  3.29999365e+00 
 5.52562783e-08  3.29998721e+00 
 5.52812783e-08  3.29998197e+00 
 5.53062783e-08  3.29997231e+00 
 5.53312783e-08  3.29995728e+00 
 5.53562783e-08  3.29994975e+00 
 5.53812783e-08  3.29997072e+00 
 5.54062783e-08  3.30001248e+00 
 5.54312783e-08  3.30003932e+00 
 5.54562783e-08  3.30000719e+00 
 5.54812783e-08  3.29991431e+00 
 5.55062783e-08  3.29979930e+00 
 5.55312783e-08  3.29971710e+00 
 5.55562783e-08  3.29967229e+00 
 5.55812783e-08  3.29967684e+00 
 5.56062783e-08  3.29972384e+00 
 5.56312783e-08  3.29977895e+00 
 5.56562783e-08  3.29980281e+00 
 5.56812783e-08  3.29983717e+00 
 5.57062783e-08  3.29990319e+00 
 5.57312783e-08  3.29994957e+00 
 5.57562783e-08  3.29996253e+00 
 5.57812783e-08  3.29994641e+00 
 5.58062783e-08  3.29990138e+00 
 5.58312783e-08  3.29981934e+00 
 5.58562783e-08  3.29970254e+00 
 5.58812783e-08  3.29961012e+00 
 5.59062783e-08  3.29958970e+00 
 5.59312783e-08  3.29962873e+00 
 5.59562783e-08  3.29971043e+00 
 5.59812783e-08  3.29985174e+00 
 5.60062783e-08  3.30008948e+00 
 5.60312783e-08  3.30046386e+00 
 5.60562783e-08  3.30093447e+00 
 5.60812783e-08  3.30144963e+00 
 5.61062783e-08  3.30195395e+00 
 5.61312783e-08  3.30247401e+00 
 5.61562783e-08  3.30302636e+00 
 5.61812783e-08  3.30361610e+00 
 5.62062783e-08  3.30422735e+00 
 5.62312783e-08  3.30482604e+00 
 5.62562783e-08  3.30535938e+00 
 5.62812783e-08  3.30586141e+00 
 5.63062783e-08  3.30642526e+00 
 5.63312783e-08  3.30713514e+00 
 5.63562783e-08  3.30806718e+00 
 5.63812783e-08  3.30931294e+00 
 5.64062783e-08  3.31100821e+00 
 5.64312783e-08  3.31337306e+00 
 5.64562783e-08  3.31664348e+00 
 5.64812783e-08  3.32023863e+00 
 5.65062783e-08  3.32029292e+00 
 5.65312783e-08  3.30919127e+00 
 5.65562783e-08  3.28111055e+00 
 5.65812783e-08  3.23041174e+00 
 5.66062783e-08  3.14918569e+00 
 5.66312783e-08  3.02407864e+00 
 5.66562783e-08  2.81385083e+00 
 5.66812783e-08  2.38131481e+00 
 5.67062783e-08  1.68071881e+00 
 5.67312783e-08  8.24236842e-01 
 5.67562783e-08  2.43483478e-01 
 5.67808047e-08  5.85029164e-02 
 5.68058047e-08  2.68479389e-02 
 5.68308047e-08  1.68088995e-02 
 5.68558047e-08  1.06837460e-02 
 5.68808047e-08  6.78331294e-03 
 5.69058047e-08  4.27344193e-03 
 5.69308047e-08  2.67923530e-03 
 5.69558047e-08  1.67862304e-03 
 5.69808047e-08  1.05540385e-03 
 5.70058047e-08  6.71328628e-04 
 5.70308047e-08  4.35706085e-04 
 5.70558047e-08  2.91330409e-04 
 5.70808047e-08  2.02708628e-04 
 5.71058047e-08  1.46809119e-04 
 5.71308047e-08  1.09788253e-04 
 5.71558047e-08  8.40202224e-05 
 5.71808047e-08  6.51056742e-05 
 5.72058047e-08  4.96284623e-05 
 5.72308047e-08  3.26672630e-05 
 5.72558047e-08  2.21020925e-05 
 5.72808047e-08  1.77772596e-05 
 5.73058047e-08  1.67595005e-05 
 5.73308047e-08  1.78998896e-05 
 5.73558047e-08  1.95177245e-05 
 5.73808047e-08  1.77255180e-05 
 5.74058047e-08  1.07667181e-05 
 5.74308047e-08  1.78385121e-06 
 5.74558047e-08 -3.97950640e-06 
 5.74808047e-08 -4.80822038e-06 
 5.75058047e-08 -3.12962366e-06 
 5.75308047e-08  1.31369663e-06 
 5.75558047e-08  7.57432496e-06 
 5.75808047e-08  1.02098841e-05 
 5.76058047e-08  1.30613613e-05 
 5.76308047e-08  1.54915993e-05 
 5.76558047e-08  1.52029963e-05 
 5.76808047e-08  1.19339764e-05 
 5.77058047e-08  5.67704450e-06 
 5.77308047e-08 -3.95311499e-06 
 5.77558047e-08 -1.66789712e-05 
 5.77808047e-08 -2.78291095e-05 
 5.78058047e-08 -2.68372004e-05 
 5.78308047e-08 -1.35006477e-05 
 5.78558047e-08  1.38562231e-05 
 5.78808047e-08  5.63837423e-05 
 5.79058047e-08  1.04259177e-04 
 5.79308047e-08  1.47342488e-04 
 5.79558047e-08  1.63280865e-04 
 5.79808047e-08  1.59659115e-04 
 5.80058047e-08  1.47980579e-04 
 5.80308047e-08  1.38334539e-04 
 5.80558047e-08  1.18407889e-04 
 5.80808047e-08  7.08353538e-05 
 5.81058047e-08  3.74509588e-05 
 5.81308047e-08  3.69045010e-05 
 5.81558047e-08  7.40838622e-05 
 5.81808047e-08  1.46592308e-04 
 5.82058047e-08  1.99584435e-04 
 5.82308047e-08  1.59541781e-04 
 5.82558047e-08 -4.79248491e-05 
 5.82808047e-08 -5.03662426e-04 
 5.83058047e-08 -1.17058008e-03 
 5.83308047e-08 -1.82627213e-03 
 5.83558047e-08 -2.60226528e-03 
 5.83808047e-08 -3.33235517e-03 
 5.84058047e-08 -4.05500985e-03 
 5.84308047e-08 -4.80079486e-03 
 5.84558047e-08 -5.61636701e-03 
 5.84808047e-08 -6.54952282e-03 
 5.85058047e-08 -7.67341907e-03 
 5.85308047e-08 -9.06812886e-03 
 5.85558047e-08 -1.08791419e-02 
 5.85808047e-08 -1.32031229e-02 
 5.86058047e-08 -1.54065242e-02 
 5.86308047e-08 -1.46655481e-02 
 5.86558047e-08 -5.92351485e-03 
 5.86808047e-08  1.52708458e-02 
 5.87058047e-08  5.37075503e-02 
 5.87308047e-08  1.16702768e-01 
 5.87558047e-08  2.18100092e-01 
 5.87808047e-08  3.92477095e-01 
 5.88058047e-08  7.43942839e-01 
 5.88308047e-08  1.34560363e+00 
 5.88558047e-08  2.14684323e+00 
 5.88808047e-08  2.78346589e+00 
 5.89058047e-08  3.09647313e+00 
 5.89308047e-08  3.21425157e+00 
 5.89558047e-08  3.25553922e+00 
 5.89808047e-08  3.27291337e+00 
 5.90058047e-08  3.28257017e+00 
 5.90308047e-08  3.28860228e+00 
 5.90558047e-08  3.29244878e+00 
 5.90808047e-08  3.29490113e+00 
 5.91058047e-08  3.29647777e+00 
 5.91308047e-08  3.29749995e+00 
 5.91558047e-08  3.29816400e+00 
 5.91808047e-08  3.29864468e+00 
 5.92058047e-08  3.29902355e+00 
 5.92308047e-08  3.29930690e+00 
 5.92558047e-08  3.29951529e+00 
 5.92808047e-08  3.29966138e+00 
 5.93058047e-08  3.29975519e+00 
 5.93308047e-08  3.29981492e+00 
 5.93558047e-08  3.29985366e+00 
 5.93808047e-08  3.29987919e+00 
 5.94058047e-08  3.29989820e+00 
 5.94308047e-08  3.29991778e+00 
 5.94558047e-08  3.29993816e+00 
 5.94808047e-08  3.29995873e+00 
 5.95058047e-08  3.29996021e+00 
 5.95308047e-08  3.29994699e+00 
 5.95558047e-08  3.29993277e+00 
 5.95808047e-08  3.29992098e+00 
 5.96058047e-08  3.29991184e+00 
 5.96308047e-08  3.29990357e+00 
 5.96558047e-08  3.29989938e+00 
 5.96808047e-08  3.29990234e+00 
 5.97058047e-08  3.29991276e+00 
 5.97308047e-08  3.29993065e+00 
 5.97558047e-08  3.29995519e+00 
 5.97808047e-08  3.29997988e+00 
 5.98058047e-08  3.29999536e+00 
 5.98308047e-08  3.29999930e+00 
 5.98558047e-08  3.29999368e+00 
 5.98808047e-08  3.29998726e+00 
 5.99058047e-08  3.29998201e+00 
 5.99308047e-08  3.29997253e+00 
 5.99558047e-08  3.29995730e+00 
 5.99808047e-08  3.29994941e+00 
 6.00058047e-08  3.29997016e+00 
 6.00308047e-08  3.30001201e+00 
 6.00558047e-08  3.30003946e+00 
 6.00808047e-08  3.30000801e+00 
 6.01058047e-08  3.29991545e+00 
 6.01308047e-08  3.29980022e+00 
 6.01558047e-08  3.29971757e+00 
 6.01808047e-08  3.29967221e+00 
 6.02058047e-08  3.29967635e+00 
 6.02308047e-08  3.29972302e+00 
 6.02558047e-08  3.29977835e+00 
 6.02808047e-08  3.29980240e+00 
 6.03058047e-08  3.29983651e+00 
 6.03308047e-08  3.29990252e+00 
 6.03558047e-08  3.29994921e+00 
 6.03808047e-08  3.29996239e+00 
 6.04058047e-08  3.29994637e+00 
 6.04308047e-08  3.29990138e+00 
 6.04558047e-08  3.29981930e+00 
 6.04808047e-08  3.29970197e+00 
 6.05058047e-08  3.29960950e+00 
 6.05308047e-08  3.29958957e+00 
 6.05558047e-08  3.29962864e+00 
 6.05808047e-08  3.29971041e+00 
 6.06058047e-08  3.29985201e+00 
 6.06308047e-08  3.30009680e+00 
 6.06558047e-08  3.30047241e+00 
 6.06808047e-08  3.30093751e+00 
 6.07058047e-08  3.30145281e+00 
 6.07308047e-08  3.30195744e+00 
 6.07558047e-08  3.30247802e+00 
 6.07808047e-08  3.30303125e+00 
 6.08058047e-08  3.30362168e+00 
 6.08308047e-08  3.30423334e+00 
 6.08558047e-08  3.30483194e+00 
 6.08808047e-08  3.30536653e+00 
 6.09058047e-08  3.30586973e+00 
 6.09308047e-08  3.30643384e+00 
 6.09558047e-08  3.30714596e+00 
 6.09808047e-08  3.30808147e+00 
 6.10058047e-08  3.30933211e+00 
 6.10308047e-08  3.31103460e+00 
 6.10558047e-08  3.31340414e+00 
 6.10808047e-08  3.31669271e+00 
 6.11058047e-08  3.32028693e+00 
 6.11308047e-08  3.32025026e+00 
 6.11558047e-08  3.30894823e+00 
 6.11808047e-08  3.28061401e+00 
 6.12058047e-08  3.22971721e+00 
 6.12308047e-08  3.14804720e+00 
 6.12558047e-08  3.02264353e+00 
 6.12808047e-08  2.81110291e+00 
 6.13058047e-08  2.37486842e+00 
 6.13308047e-08  1.67065291e+00 
 6.13558047e-08  8.14772229e-01 
 6.13808047e-08  2.38981018e-01 
 6.14058047e-08  5.57194055e-02 
 6.14308047e-08  2.64188643e-02 
 6.14558047e-08  1.65572721e-02 
 6.14808047e-08  1.05250130e-02 
 6.15058047e-08  6.67999130e-03 
 6.15308047e-08  4.20696207e-03 
 6.15558047e-08  2.63712846e-03 
 6.15808047e-08  1.65216083e-03 
 6.16058047e-08  1.03894527e-03 
 6.16308047e-08  6.61180979e-04 
 6.16558047e-08  4.29482047e-04 
 6.16808047e-08  2.87518488e-04 
 6.17058047e-08  2.00335816e-04 
 6.17308047e-08  1.45243621e-04 
 6.17558047e-08  1.08702878e-04 
 6.17808047e-08  8.31917596e-05 
 6.18058047e-08  6.44660116e-05 
 6.18308047e-08  4.89397566e-05 
 6.18558047e-08  3.20748649e-05 
 6.18808047e-08  2.18439410e-05 
 6.19058047e-08  1.76207940e-05 
 6.19308047e-08  1.67744366e-05 
 6.19558047e-08  1.80078810e-05 
 6.19808047e-08  1.95647458e-05 
 6.20058047e-08  1.74866433e-05 
 6.20308047e-08  1.02723646e-05 
 6.20558047e-08  1.33237804e-06 
 6.20808047e-08 -4.12095412e-06 
 6.21058047e-08 -4.76658499e-06 
 6.21308047e-08 -2.93144496e-06 
 6.21558047e-08  1.73974571e-06 
 6.21808047e-08  7.79965917e-06 
 6.22058047e-08  1.03959331e-05 
 6.22308047e-08  1.32479432e-05 
 6.22558047e-08  1.56204677e-05 
 6.22808047e-08  1.50990915e-05 
 6.23058047e-08  1.16461550e-05 
 6.23308047e-08  5.12684274e-06 
 6.23558047e-08 -4.68406619e-06 
 6.23808047e-08 -1.76318684e-05 
 6.24058047e-08 -2.81651401e-05 
 6.24308047e-08 -2.63057263e-05 
 6.24558047e-08 -1.21586691e-05 
 6.24808047e-08  1.59195090e-05 
 6.25058047e-08  5.94712865e-05 
 6.25308047e-08  1.07522457e-04 
 6.25558047e-08  1.49928492e-04 
 6.25808047e-08  1.63741730e-04 
 6.26058047e-08  1.58956070e-04 
 6.26308047e-08  1.47340078e-04 
 6.26558047e-08  1.37681901e-04 
 6.26808047e-08  1.15642708e-04 
 6.27058047e-08  6.75602804e-05 
 6.27308047e-08  3.64561795e-05 
 6.27558047e-08  3.88143383e-05 
 6.27808047e-08  7.89491559e-05 
 6.28058047e-08  1.52848223e-04 
 6.28308047e-08  2.00820566e-04 
 6.28558047e-08  1.50237501e-04 
 6.28808047e-08 -7.54882966e-05 
 6.29058047e-08 -5.51354340e-04 
 6.29308047e-08 -1.22489100e-03 
 6.29558047e-08 -1.89230147e-03 
 6.29808047e-08 -2.66566527e-03 
 6.30058047e-08 -3.39485019e-03 
 6.30308047e-08 -4.11882343e-03 
 6.30558047e-08 -4.86959645e-03 
 6.30808047e-08 -5.69338849e-03 
 6.31058047e-08 -6.64159727e-03 
 6.31308047e-08 -7.78550423e-03 
 6.31558047e-08 -9.21087027e-03 
 6.31808047e-08 -1.10682402e-02 
 6.32058047e-08 -1.34308293e-02 
 6.32308047e-08 -1.55303617e-02 
 6.32558047e-08 -1.43019521e-02 
 6.32808047e-08 -4.58234177e-03 
 6.33058047e-08  1.79004097e-02 
 6.33308047e-08  5.82329175e-02 
 6.33558047e-08  1.23981992e-01 
 6.33808047e-08  2.30073325e-01 
 6.34058047e-08  4.14786500e-01 
 6.34308047e-08  7.87758936e-01 
 6.34558047e-08  1.41276074e+00 
 6.34808047e-08  2.21840963e+00 
 6.35058047e-08  2.82472315e+00 
 6.35308047e-08  3.11315230e+00 
 6.35558047e-08  3.22005200e+00 
 6.35808047e-08  3.25772316e+00 
 6.36058047e-08  3.27402502e+00 
 6.36308047e-08  3.28324870e+00 
 6.36558047e-08  3.28903569e+00 
 6.36808047e-08  3.29272546e+00 
 6.37058047e-08  3.29507900e+00 
 6.37308047e-08  3.29659333e+00 
 6.37558047e-08  3.29757511e+00 
 6.37808047e-08  3.29821517e+00 
 6.38058047e-08  3.29868581e+00 
 6.38308047e-08  3.29905508e+00 
 6.38558047e-08  3.29933047e+00 
 6.38808047e-08  3.29953263e+00 
 6.39058047e-08  3.29967276e+00 
 6.39308047e-08  3.29976249e+00 
 6.39558047e-08  3.29981955e+00 
 6.39808047e-08  3.29985665e+00 
 6.40058047e-08  3.29988127e+00 
 6.40308047e-08  3.29990016e+00 
 6.40558047e-08  3.29991977e+00 
 6.40808047e-08  3.29994066e+00 
 6.41058047e-08  3.29996010e+00 
 6.41308047e-08  3.29995907e+00 
 6.41558047e-08  3.29994518e+00 
 6.41808047e-08  3.29993119e+00 
 6.42058047e-08  3.29991970e+00 
 6.42308047e-08  3.29991077e+00 
 6.42558047e-08  3.29990265e+00 
 6.42808047e-08  3.29989918e+00 
 6.43058047e-08  3.29990310e+00 
 6.43308047e-08  3.29991447e+00 
 6.43558047e-08  3.29993327e+00 
 6.43808047e-08  3.29995836e+00 
 6.44058047e-08  3.29998226e+00 
 6.44308047e-08  3.29999641e+00 
 6.44558047e-08  3.29999894e+00 
 6.44808047e-08  3.29999288e+00 
 6.45058047e-08  3.29998647e+00 
 6.45308047e-08  3.29998130e+00 
 6.45558047e-08  3.29997068e+00 
 6.45808047e-08  3.29995568e+00 
 6.46058047e-08  3.29994995e+00 
 6.46308047e-08  3.29997529e+00 
 6.46558047e-08  3.30001817e+00 
 6.46808047e-08  3.30003892e+00 
 6.47058047e-08  3.29999820e+00 
 6.47308047e-08  3.29989999e+00 
 6.47558047e-08  3.29978643e+00 
 6.47808047e-08  3.29970854e+00 
 6.48058047e-08  3.29966991e+00 
 6.48308047e-08  3.29967957e+00 
 6.48558047e-08  3.29973168e+00 
 6.48808047e-08  3.29978281e+00 
 6.49058047e-08  3.29980414e+00 
 6.49308047e-08  3.29984423e+00 
 6.49558047e-08  3.29991134e+00 
 6.49808047e-08  3.29995307e+00 
 6.50058047e-08  3.29996158e+00 
 6.50308047e-08  3.29994176e+00 
 6.50558047e-08  3.29989207e+00 
 6.50808047e-08  3.29980389e+00 
 6.51058047e-08  3.29968550e+00 
 6.51308047e-08  3.29960194e+00 
 6.51558047e-08  3.29959176e+00 
 6.51808047e-08  3.29963731e+00 
 6.52058047e-08  3.29972609e+00 
 6.52308047e-08  3.29987957e+00 
 6.52558047e-08  3.30014444e+00 
 6.52808047e-08  3.30053543e+00 
 6.53058047e-08  3.30101183e+00 
 6.53308047e-08  3.30152920e+00 
 6.53558047e-08  3.30203336e+00 
 6.53808047e-08  3.30255863e+00 
 6.54058047e-08  3.30311719e+00 
 6.54308047e-08  3.30371432e+00 
 6.54558047e-08  3.30432702e+00 
 6.54808047e-08  3.30491977e+00 
 6.55058047e-08  3.30544392e+00 
 6.55308047e-08  3.30595050e+00 
 6.55558047e-08  3.30653353e+00 
 6.55808047e-08  3.30727542e+00 
 6.56058047e-08  3.30825294e+00 
 6.56308047e-08  3.30956323e+00 
 6.56558047e-08  3.31135297e+00 
 6.56808047e-08  3.31385828e+00 
 6.57058047e-08  3.31728395e+00 
 6.57308047e-08  3.32068654e+00 
 6.57558047e-08  3.31946442e+00 
 6.57808047e-08  3.30568580e+00 
 6.58058047e-08  3.27443921e+00 
 6.58308047e-08  3.21909281e+00 
 6.58558047e-08  3.13198887e+00 
 6.58808047e-08  2.99696588e+00 
 6.59058047e-08  2.76034737e+00 
 6.59308047e-08  2.28242938e+00 
 6.59558047e-08  1.53841887e+00 
 6.59808047e-08  7.01221101e-01 
 6.60058047e-08  1.89749825e-01 
 6.60287672e-08  5.35584642e-02 
 6.60537672e-08  2.54173001e-02 
 6.60787672e-08  1.59881314e-02 
 6.61037672e-08  1.01659965e-02 
 6.61287672e-08  6.44807668e-03 
 6.61537672e-08  4.05858244e-03 
 6.61787672e-08  2.54359819e-03 
 6.62037672e-08  1.59363056e-03 
 6.62287672e-08  1.00270025e-03 
 6.62537672e-08  6.38899020e-04 
 6.62787672e-08  4.15848010e-04 
 6.63037672e-08  2.79180207e-04 
 6.63287672e-08  1.95154026e-04 
 6.63537672e-08  1.41854460e-04 
 6.63787672e-08  1.06390241e-04 
 6.64037672e-08  8.14697147e-05 
 6.64287672e-08  6.31781305e-05 
 6.64537672e-08  4.75453201e-05 
 6.64787672e-08  3.08660571e-05 
 6.65037672e-08  2.13146488e-05 
 6.65287672e-08  1.74658016e-05 
 6.65537672e-08  1.68472470e-05 
 6.65787672e-08  1.82139307e-05 
 6.66037672e-08  1.96017873e-05 
 6.66287672e-08  1.70417346e-05 
 6.66537672e-08  9.43204573e-06 
 6.66787672e-08  6.27336391e-07 
 6.67037672e-08 -4.31342157e-06 
 6.67287672e-08 -4.70590634e-06 
 6.67537672e-08 -2.62399028e-06 
 6.67787672e-08  2.39804023e-06 
 6.68037672e-08  8.11734905e-06 
 6.68287672e-08  1.07214845e-05 
 6.68537672e-08  1.34704962e-05 
 6.68787672e-08  1.57085754e-05 
 6.69037672e-08  1.49150440e-05 
 6.69287672e-08  1.11973160e-05 
 6.69537672e-08  4.27601987e-06 
 6.69787672e-08 -5.80241601e-06 
 6.70037672e-08 -1.88586765e-05 
 6.70287672e-08 -2.85944750e-05 
 6.70537672e-08 -2.55553174e-05 
 6.70787672e-08 -1.00765841e-05 
 6.71037672e-08  1.96298286e-05 
 6.71287672e-08  6.44802570e-05 
 6.71537672e-08  1.12258914e-04 
 6.71787672e-08  1.52925140e-04 
 6.72037672e-08  1.64273918e-04 
 6.72287672e-08  1.57442101e-04 
 6.72537672e-08  1.46726782e-04 
 6.72787672e-08  1.36561655e-04 
 6.73037672e-08  1.11376241e-04 
 6.73287672e-08  6.37555068e-05 
 6.73537672e-08  3.51318158e-05 
 6.73787672e-08  4.12156254e-05 
 6.74037672e-08  8.57070130e-05 
 6.74287672e-08  1.60870368e-04 
 6.74537672e-08  2.01349573e-04 
 6.74787672e-08  1.35830259e-04 
 6.75037672e-08 -1.15157833e-04 
 6.75287672e-08 -6.18501496e-04 
 6.75537672e-08 -1.29777731e-03 
 6.75787672e-08 -1.97876184e-03 
 6.76037672e-08 -2.74824174e-03 
 6.76287672e-08 -3.47605314e-03 
 6.76537672e-08 -4.20172872e-03 
 6.76787672e-08 -4.95905309e-03 
 6.77037672e-08 -5.79374072e-03 
 6.77287672e-08 -6.76016766e-03 
 6.77537672e-08 -7.93366966e-03 
 6.77787672e-08 -9.40040574e-03 
 6.78037672e-08 -1.13143453e-02 
 6.78287672e-08 -1.37185630e-02 
 6.78537672e-08 -1.56476180e-02 
 6.78787672e-08 -1.37310974e-02 
 6.79037672e-08 -2.70584200e-03 
 6.79287672e-08  2.14582598e-02 
 6.79537672e-08  6.42853340e-02 
 6.79787672e-08  1.33688156e-01 
 6.80037672e-08  2.46112754e-01 
 6.80287672e-08  4.45368990e-01 
 6.80537672e-08  8.46024121e-01 
 6.80787672e-08  1.49979401e+00 
 6.81037672e-08  2.30440605e+00 
 6.81287672e-08  2.87193049e+00 
 6.81537672e-08  3.13182750e+00 
 6.81787672e-08  3.22653575e+00 
 6.82037672e-08  3.26023136e+00 
 6.82287672e-08  3.27533878e+00 
 6.82537672e-08  3.28405710e+00 
 6.82787672e-08  3.28955202e+00 
 6.83037672e-08  3.29305467e+00 
 6.83287672e-08  3.29529055e+00 
 6.83537672e-08  3.29673059e+00 
 6.83787672e-08  3.29766405e+00 
 6.84037672e-08  3.29827610e+00 
 6.84287672e-08  3.29873476e+00 
 6.84537672e-08  3.29909277e+00 
 6.84787672e-08  3.29935836e+00 
 6.85037672e-08  3.29955270e+00 
 6.85287672e-08  3.29968578e+00 
 6.85537672e-08  3.29977079e+00 
 6.85787672e-08  3.29982487e+00 
 6.86037672e-08  3.29986008e+00 
 6.86287672e-08  3.29988368e+00 
 6.86537672e-08  3.29990249e+00 
 6.86787672e-08  3.29992209e+00 
 6.87037672e-08  3.29994351e+00 
 6.87287672e-08  3.29996125e+00 
 6.87537672e-08  3.29995765e+00 
 6.87787672e-08  3.29994323e+00 
 6.88037672e-08  3.29992953e+00 
 6.88287672e-08  3.29991841e+00 
 6.88537672e-08  3.29990965e+00 
 6.88787672e-08  3.29990172e+00 
 6.89037672e-08  3.29989926e+00 
 6.89287672e-08  3.29990414e+00 
 6.89537672e-08  3.29991640e+00 
 6.89787672e-08  3.29993621e+00 
 6.90037672e-08  3.29996174e+00 
 6.90287672e-08  3.29998471e+00 
 6.90537672e-08  3.29999747e+00 
 6.90787672e-08  3.29999842e+00 
 6.91037672e-08  3.29999196e+00 
 6.91287672e-08  3.29998562e+00 
 6.91537672e-08  3.29998046e+00 
 6.91787672e-08  3.29996880e+00 
 6.92037672e-08  3.29995392e+00 
 6.92287672e-08  3.29995025e+00 
 6.92537672e-08  3.29998074e+00 
 6.92787672e-08  3.30002417e+00 
 6.93037672e-08  3.30003742e+00 
 6.93287672e-08  3.29998815e+00 
 6.93537672e-08  3.29988440e+00 
 6.93787672e-08  3.29977397e+00 
 6.94037672e-08  3.29970087e+00 
 6.94287672e-08  3.29966865e+00 
 6.94537672e-08  3.29968350e+00 
 6.94787672e-08  3.29974052e+00 
 6.95037672e-08  3.29978676e+00 
 6.95287672e-08  3.29980712e+00 
 6.95537672e-08  3.29985222e+00 
 6.95787672e-08  3.29991819e+00 
 6.96037672e-08  3.29995601e+00 
 6.96287672e-08  3.29996050e+00 
 6.96537672e-08  3.29993705e+00 
 6.96787672e-08  3.29988275e+00 
 6.97037672e-08  3.29978888e+00 
 6.97287672e-08  3.29967027e+00 
 6.97537672e-08  3.29959591e+00 
 6.97787672e-08  3.29959530e+00 
 6.98037672e-08  3.29964663e+00 
 6.98287672e-08  3.29974221e+00 
 6.98537672e-08  3.29990740e+00 
 6.98787672e-08  3.30019134e+00 
 6.99037672e-08  3.30059561e+00 
 6.99287672e-08  3.30108128e+00 
 6.99537672e-08  3.30159974e+00 
 6.99787672e-08  3.30210236e+00 
 7.00037672e-08  3.30263315e+00 
 7.00287672e-08  3.30319687e+00 
 7.00537672e-08  3.30379892e+00 
 7.00787672e-08  3.30441130e+00 
 7.01037672e-08  3.30499630e+00 
 7.01287672e-08  3.30551403e+00 
 7.01537672e-08  3.30602633e+00 
 7.01787672e-08  3.30662569e+00 
 7.02037672e-08  3.30739547e+00 
 7.02287672e-08  3.30841271e+00 
 7.02537672e-08  3.30977939e+00 
 7.02787672e-08  3.31165599e+00 
 7.03037672e-08  3.31428307e+00 
 7.03287672e-08  3.31781871e+00 
 7.03537672e-08  3.32095753e+00 
 7.03787672e-08  3.31848460e+00 
 7.04037672e-08  3.30231846e+00 
 7.04287672e-08  3.26825342e+00 
 7.04537672e-08  3.20907392e+00 
 7.04787672e-08  3.11677084e+00 
 7.05037672e-08  2.97245747e+00 
 7.05287672e-08  2.70960318e+00 
 7.05537672e-08  2.19430048e+00 
 7.05787672e-08  1.41703735e+00 
 7.06037672e-08  6.06223690e-01 
 7.06287672e-08  1.53464497e-01 
 7.06531936e-08  4.26566725e-02 
 7.06781936e-08  2.31303843e-02 
 7.07031936e-08  1.45998404e-02 
 7.07281936e-08  9.28967237e-03 
 7.07531936e-08  5.88256703e-03 
 7.07781936e-08  3.69795141e-03 
 7.08031936e-08  2.31674989e-03 
 7.08281936e-08  1.45195855e-03 
 7.08531936e-08  9.15534877e-04 
 7.08781936e-08  5.85264899e-04 
 7.09031936e-08  3.82616132e-04 
 7.09281936e-08  2.58869702e-04 
 7.09531936e-08  1.82479397e-04 
 7.09781936e-08  1.33555641e-04 
 7.10031936e-08  1.00715220e-04 
 7.10281936e-08  7.73074611e-05 
 7.10531936e-08  5.99599243e-05 
 7.10781936e-08  4.41376071e-05 
 7.11031936e-08  2.82674067e-05 
 7.11281936e-08  2.01524245e-05 
 7.11531936e-08  1.71314047e-05 
 7.11781936e-08  1.70001069e-05 
 7.12031936e-08  1.86207503e-05 
 7.12281936e-08  1.94965433e-05 
 7.12531936e-08  1.58425462e-05 
 7.12781936e-08  7.54746964e-06 
 7.13031936e-08 -8.56702930e-07 
 7.13281936e-08 -4.60068479e-06 
 7.13531936e-08 -4.49937089e-06 
 7.13781936e-08 -1.91598750e-06 
 7.14031936e-08  3.86020206e-06 
 7.14281936e-08  8.70104679e-06 
 7.14531936e-08  1.13367681e-05 
 7.14781936e-08  1.39616389e-05 
 7.15031936e-08  1.57950516e-05 
 7.15281936e-08  1.43974433e-05 
 7.15531936e-08  1.01532367e-05 
 7.15781936e-08  2.38309422e-06 
 7.16031936e-08 -8.38229379e-06 
 7.16281936e-08 -2.15546300e-05 
 7.16531936e-08 -2.90243081e-05 
 7.16781936e-08 -2.33085090e-05 
 7.17031936e-08 -5.18026394e-06 
 7.17281936e-08  2.77953235e-05 
 7.17531936e-08  7.48176312e-05 
 7.17781936e-08  1.22341798e-04 
 7.18031936e-08  1.56750334e-04 
 7.18281936e-08  1.64342581e-04 
 7.18531936e-08  1.54671834e-04 
 7.18781936e-08  1.44970809e-04 
 7.19031936e-08  1.34358582e-04 
 7.19281936e-08  1.01071582e-04 
 7.19531936e-08  5.52442687e-05 
 7.19781936e-08  3.38994743e-05 
 7.20031936e-08  4.72598859e-05 
 7.20281936e-08  9.99515411e-05 
 7.20531936e-08  1.74634975e-04 
 7.20781936e-08  1.98679273e-04 
 7.21031936e-08  1.02821447e-04 
 7.21281936e-08 -1.98706638e-04 
 7.21531936e-08 -7.50939310e-04 
 7.21781936e-08 -1.43451183e-03 
 7.22031936e-08 -2.14052511e-03 
 7.22281936e-08 -2.90053285e-03 
 7.22531936e-08 -3.62557497e-03 
 7.22781936e-08 -4.35450326e-03 
 7.23031936e-08 -5.12438689e-03 
 7.23281936e-08 -5.98006445e-03 
 7.23531936e-08 -6.98440646e-03 
 7.23781936e-08 -8.20852457e-03 
 7.24031936e-08 -9.75402477e-03 
 7.24281936e-08 -1.17756808e-02 
 7.24531936e-08 -1.42261146e-02 
 7.24781936e-08 -1.57297692e-02 
 7.25031936e-08 -1.23729886e-02 
 7.25281936e-08  1.13680220e-03 
 7.25531936e-08  2.85505015e-02 
 7.25781936e-08  7.61210125e-02 
 7.26031936e-08  1.52633561e-01 
 7.26281936e-08  2.77757983e-01 
 7.26531936e-08  5.08219705e-01 
 7.26781936e-08  9.59932021e-01 
 7.27031936e-08  1.66262620e+00 
 7.27281936e-08  2.44722568e+00 
 7.27531936e-08  2.94553892e+00 
 7.27781936e-08  3.16006104e+00 
 7.28031936e-08  3.23634015e+00 
 7.28281936e-08  3.26420015e+00 
 7.28531936e-08  3.27749913e+00 
 7.28781936e-08  3.28539993e+00 
 7.29031936e-08  3.29040908e+00 
 7.29281936e-08  3.29360052e+00 
 7.29531936e-08  3.29564107e+00 
 7.29781936e-08  3.29695777e+00 
 7.30031936e-08  3.29781074e+00 
 7.30281936e-08  3.29837986e+00 
 7.30531936e-08  3.29881713e+00 
 7.30781936e-08  3.29915400e+00 
 7.31031936e-08  3.29940361e+00 
 7.31281936e-08  3.29958500e+00 
 7.31531936e-08  3.29970655e+00 
 7.31781936e-08  3.29978404e+00 
 7.32031936e-08  3.29983344e+00 
 7.32281936e-08  3.29986570e+00 
 7.32531936e-08  3.29988772e+00 
 7.32781936e-08  3.29990657e+00 
 7.33031936e-08  3.29992620e+00 
 7.33281936e-08  3.29994833e+00 
 7.33531936e-08  3.29996220e+00 
 7.33781936e-08  3.29995500e+00 
 7.34031936e-08  3.29994024e+00 
 7.34281936e-08  3.29992700e+00 
 7.34531936e-08  3.29991648e+00 
 7.34781936e-08  3.29990787e+00 
 7.35031936e-08  3.29990066e+00 
 7.35281936e-08  3.29989961e+00 
 7.35531936e-08  3.29990610e+00 
 7.35781936e-08  3.29991988e+00 
 7.36031936e-08  3.29994118e+00 
 7.36281936e-08  3.29996706e+00 
 7.36531936e-08  3.29998824e+00 
 7.36781936e-08  3.29999878e+00 
 7.37031936e-08  3.29999716e+00 
 7.37281936e-08  3.29999064e+00 
 7.37531936e-08  3.29998453e+00 
 7.37781936e-08  3.29997870e+00 
 7.38031936e-08  3.29996571e+00 
 7.38281936e-08  3.29995205e+00 
 7.38531936e-08  3.29995386e+00 
 7.38781936e-08  3.29998902e+00 
 7.39031936e-08  3.30003097e+00 
 7.39281936e-08  3.30003318e+00 
 7.39531936e-08  3.29996794e+00 
 7.39781936e-08  3.29985672e+00 
 7.40031936e-08  3.29975522e+00 
 7.40281936e-08  3.29969018e+00 
 7.40531936e-08  3.29966816e+00 
 7.40781936e-08  3.29969103e+00 
 7.41031936e-08  3.29975511e+00 
 7.41281936e-08  3.29979209e+00 
 7.41531936e-08  3.29981276e+00 
 7.41781936e-08  3.29986606e+00 
 7.42031936e-08  3.29992839e+00 
 7.42281936e-08  3.29995961e+00 
 7.42531936e-08  3.29995798e+00 
 7.42781936e-08  3.29992871e+00 
 7.43031936e-08  3.29986696e+00 
 7.43281936e-08  3.29976477e+00 
 7.43531936e-08  3.29964967e+00 
 7.43781936e-08  3.29959031e+00 
 7.44031936e-08  3.29960235e+00 
 7.44281936e-08  3.29966226e+00 
 7.44531936e-08  3.29976924e+00 
 7.44781936e-08  3.29995357e+00 
 7.45031936e-08  3.30026695e+00 
 7.45281936e-08  3.30068989e+00 
 7.45531936e-08  3.30118748e+00 
 7.45781936e-08  3.30170385e+00 
 7.46031936e-08  3.30220599e+00 
 7.46281936e-08  3.30274698e+00 
 7.46531936e-08  3.30331692e+00 
 7.46781936e-08  3.30392317e+00 
 7.47031936e-08  3.30453507e+00 
 7.47281936e-08  3.30510644e+00 
 7.47531936e-08  3.30561433e+00 
 7.47781936e-08  3.30613633e+00 
 7.48031936e-08  3.30676502e+00 
 7.48281936e-08  3.30757841e+00 
 7.48531936e-08  3.30865686e+00 
 7.48781936e-08  3.31011086e+00 
 7.49031936e-08  3.31211216e+00 
 7.49281936e-08  3.31492376e+00 
 7.49531936e-08  3.31858531e+00 
 7.49781936e-08  3.32115292e+00 
 7.50031936e-08  3.31657871e+00 
 7.50281936e-08  3.29697577e+00 
 7.50531936e-08  3.25867019e+00 
 7.50781936e-08  3.19338116e+00 
 7.51031936e-08  3.09254989e+00 
 7.51281936e-08  2.93342473e+00 
 7.51531936e-08  2.62575227e+00 
 7.51781936e-08  2.05598463e+00 
 7.52031936e-08  1.23630348e+00 
 7.52281936e-08  4.79137093e-01 
 7.52531936e-08  1.12574788e-01 
 7.52781936e-08  3.52279713e-02 
 7.53031936e-08  2.08508896e-02 
 7.53281936e-08  1.31917782e-02 
 7.53531936e-08  8.39397356e-03 
 7.53781936e-08  5.30602048e-03 
 7.54031936e-08  3.33177355e-03 
 7.54281936e-08  2.08701442e-03 
 7.54531936e-08  1.30885091e-03 
 7.54781936e-08  8.27262296e-04 
 7.55031936e-08  5.31159161e-04 
 7.55281936e-08  3.49610689e-04 
 7.55531936e-08  2.38628881e-04 
 7.55781936e-08  1.69755948e-04 
 7.56031936e-08  1.25122458e-04 
 7.56281936e-08  9.48718489e-05 
 7.56531936e-08  7.31178300e-05 
 7.56781936e-08  5.65883615e-05 
 7.57031936e-08  4.02064116e-05 
 7.57281936e-08  2.58852445e-05 
 7.57531936e-08  1.91793681e-05 
 7.57781936e-08  1.68831169e-05 
 7.58031936e-08  1.72419790e-05 
 7.58281936e-08  1.90485601e-05 
 7.58531936e-08  1.91687860e-05 
 7.58781936e-08  1.43435522e-05 
 7.59031936e-08  5.56204803e-06 
 7.59281936e-08 -2.22047498e-06 
 7.59531936e-08 -4.67280397e-06 
 7.59781936e-08 -4.18785863e-06 
 7.60031936e-08 -1.09002148e-06 
 7.60281936e-08  5.42492566e-06 
 7.60531936e-08  9.18577153e-06 
 7.60781936e-08  1.19040646e-05 
 7.61031936e-08  1.44925450e-05 
 7.61281936e-08  1.57432210e-05 
 7.61531936e-08  1.37084614e-05 
 7.61781936e-08  8.80345469e-06 
 7.62031936e-08  4.56230102e-07 
 7.62281936e-08 -1.10595295e-05 
 7.62531936e-08 -2.41375530e-05 
 7.62781936e-08 -2.88542387e-05 
 7.63031936e-08 -2.05400710e-05 
 7.63281936e-08  4.78398827e-07 
 7.63531936e-08  3.66683200e-05 
 7.63781936e-08  8.50441269e-05 
 7.64031936e-08  1.31564072e-04 
 7.64281936e-08  1.59784969e-04 
 7.64531936e-08  1.63264359e-04 
 7.64781936e-08  1.52546707e-04 
 7.65031936e-08  1.42776516e-04 
 7.65281936e-08  1.30279852e-04 
 7.65531936e-08  9.09411674e-05 
 7.65781936e-08  4.87040055e-05 
 7.66031936e-08  3.35596175e-05 
 7.66281936e-08  5.46738338e-05 
 7.66531936e-08  1.15286121e-04 
 7.66781936e-08  1.86004776e-04 
 7.67031936e-08  1.90890555e-04 
 7.67281936e-08  6.08822325e-05 
 7.67531936e-08 -2.92773177e-04 
 7.67781936e-08 -8.89077153e-04 
 7.68031936e-08 -1.56944183e-03 
 7.68281936e-08 -2.29955466e-03 
 7.68531936e-08 -3.04908169e-03 
 7.68781936e-08 -3.77211201e-03 
 7.69031936e-08 -4.50529770e-03 
 7.69281936e-08 -5.28895128e-03 
 7.69531936e-08 -6.16727962e-03 
 7.69781936e-08 -7.21135846e-03 
 7.70031936e-08 -8.48873334e-03 
 7.70281936e-08 -1.01178076e-02 
 7.70531936e-08 -1.22485155e-02 
 7.70781936e-08 -1.46891017e-02 
 7.71031936e-08 -1.56075993e-02 
 7.71281936e-08 -1.06207958e-02 
 7.71531936e-08  5.37134022e-03 
 7.71781936e-08  3.63273063e-02 
 7.72031936e-08  8.87651637e-02 
 7.72281936e-08  1.72896953e-01 
 7.72531936e-08  3.12248427e-01 
 7.72781936e-08  5.79589492e-01 
 7.73031936e-08  1.08203559e+00 
 7.73281936e-08  1.82725522e+00 
 7.73531936e-08  2.57369793e+00 
 7.73781936e-08  3.00591386e+00 
 7.74031936e-08  3.18228690e+00 
 7.74281936e-08  3.24409658e+00 
 7.74531936e-08  3.26753765e+00 
 7.74781936e-08  3.27939094e+00 
 7.75031936e-08  3.28658733e+00 
 7.75281936e-08  3.29116613e+00 
 7.75531936e-08  3.29408252e+00 
 7.75781936e-08  3.29595064e+00 
 7.76031936e-08  3.29715834e+00 
 7.76281936e-08  3.29794024e+00 
 7.76531936e-08  3.29847427e+00 
 7.76781936e-08  3.29889139e+00 
 7.77031936e-08  3.29920892e+00 
 7.77281936e-08  3.29944389e+00 
 7.77531936e-08  3.29961319e+00 
 7.77781936e-08  3.29972448e+00 
 7.78031936e-08  3.29979542e+00 
 7.78281936e-08  3.29984089e+00 
 7.78531936e-08  3.29987062e+00 
 7.78781936e-08  3.29989137e+00 
 7.79031936e-08  3.29991040e+00 
 7.79281936e-08  3.29993014e+00 
 7.79531936e-08  3.29995241e+00 
 7.79781936e-08  3.29996221e+00 
 7.80031936e-08  3.29995240e+00 
 7.80281936e-08  3.29993765e+00 
 7.80531936e-08  3.29992485e+00 
 7.80781936e-08  3.29991489e+00 
 7.81031936e-08  3.29990637e+00 
 7.81281936e-08  3.29989996e+00 
 7.81531936e-08  3.29990030e+00 
 7.81781936e-08  3.29990815e+00 
 7.82031936e-08  3.29992328e+00 
 7.82281936e-08  3.29994581e+00 
 7.82531936e-08  3.29997162e+00 
 7.82781936e-08  3.29999095e+00 
 7.83031936e-08  3.29999951e+00 
 7.83281936e-08  3.29999574e+00 
 7.83531936e-08  3.29998961e+00 
 7.83781936e-08  3.29998379e+00 
 7.84031936e-08  3.29997685e+00 
 7.84281936e-08  3.29996285e+00 
 7.84531936e-08  3.29995070e+00 
 7.84781936e-08  3.29995853e+00 
 7.85031936e-08  3.29999588e+00 
 7.85281936e-08  3.30003556e+00 
 7.85531936e-08  3.30002724e+00 
 7.85781936e-08  3.29994964e+00 
 7.86031936e-08  3.29983446e+00 
 7.86281936e-08  3.29974154e+00 
 7.86531936e-08  3.29968260e+00 
 7.86781936e-08  3.29966959e+00 
 7.87031936e-08  3.29970088e+00 
 7.87281936e-08  3.29976367e+00 
 7.87531936e-08  3.29979634e+00 
 7.87781936e-08  3.29981942e+00 
 7.88031936e-08  3.29987826e+00 
 7.88281936e-08  3.29993627e+00 
 7.88531936e-08  3.29996155e+00 
 7.88781936e-08  3.29995511e+00 
 7.89031936e-08  3.29992082e+00 
 7.89281936e-08  3.29985270e+00 
 7.89531936e-08  3.29974446e+00 
 7.89781936e-08  3.29963470e+00 
 7.90031936e-08  3.29958812e+00 
 7.90281936e-08  3.29960981e+00 
 7.90531936e-08  3.29967662e+00 
 7.90781936e-08  3.29979375e+00 
 7.91031936e-08  3.29999458e+00 
 7.91281936e-08  3.30033195e+00 
 7.91531936e-08  3.30076805e+00 
 7.91781936e-08  3.30127372e+00 
 7.92031936e-08  3.30178357e+00 
 7.92281936e-08  3.30229292e+00 
 7.92531936e-08  3.30283750e+00 
 7.92781936e-08  3.30341352e+00 
 7.93031936e-08  3.30402204e+00 
 7.93281936e-08  3.30463122e+00 
 7.93531936e-08  3.30518994e+00 
 7.93781936e-08  3.30569401e+00 
 7.94031936e-08  3.30622736e+00 
 7.94281936e-08  3.30687949e+00 
 7.94531936e-08  3.30772901e+00 
 7.94781936e-08  3.30885856e+00 
 7.95031936e-08  3.31038573e+00 
 7.95281936e-08  3.31250041e+00 
 7.95531936e-08  3.31545464e+00 
 7.95781936e-08  3.31915768e+00 
 7.96031936e-08  3.32110455e+00 
 7.96281936e-08  3.31463765e+00 
 7.96531936e-08  3.29235203e+00 
 7.96781936e-08  3.25010090e+00 
 7.97031936e-08  3.17995305e+00 
 7.97281936e-08  3.07221343e+00 
 7.97531936e-08  2.89956363e+00 
 7.97781936e-08  2.55302353e+00 
 7.98031936e-08  1.94056440e+00 
 7.98281936e-08  1.09517528e+00 
 7.98531936e-08  3.89547309e-01 
 7.98781936e-08  8.84139277e-02 
 7.99031936e-08  3.18000854e-02 
 7.99281936e-08  1.93922954e-02 
 7.99531936e-08  1.22903392e-02 
 7.99781936e-08  7.81701477e-03 
 8.00031936e-08  4.93555412e-03 
 8.00281936e-08  3.09723396e-03 
 8.00531936e-08  1.94012065e-03 
 8.00781936e-08  1.21756085e-03 
 8.01031936e-08  7.71050956e-04 
 8.01281936e-08  4.96736016e-04 
 8.01531936e-08  3.28604313e-04 
 8.01781936e-08  2.25715076e-04 
 8.02031936e-08  1.61570815e-04 
 8.02281936e-08  1.19675972e-04 
 8.02531936e-08  9.10735762e-05 
 8.02781936e-08  7.03619479e-05 
 8.03031936e-08  5.43154431e-05 
 8.03281936e-08  3.75800864e-05 
 8.03531936e-08  2.44810629e-05 
 8.03781936e-08  1.86390054e-05 
 8.04031936e-08  1.67867059e-05 
 8.04281936e-08  1.74195231e-05 
 8.04531936e-08  1.92460785e-05 
 8.04781936e-08  1.88034665e-05 
 8.05031936e-08  1.32607312e-05 
 8.05281936e-08  4.28484367e-06 
 8.05531936e-08 -2.92179527e-06 
 8.05781936e-08 -4.77387613e-06 
 8.06031936e-08 -3.89546619e-06 
 8.06281936e-08 -5.00410383e-07 
 8.06531936e-08  6.43881112e-06 
 8.06781936e-08  9.42394307e-06 
 8.07031936e-08  1.22421038e-05 
 8.07281936e-08  1.48273070e-05 
 8.07531936e-08  1.56253885e-05 
 8.07781936e-08  1.31941225e-05 
 8.08031936e-08  7.88670006e-06 
 8.08281936e-08 -8.54698056e-07 
 8.08531936e-08 -1.27617567e-05 
 8.08781936e-08 -2.55939676e-05 
 8.09031936e-08 -2.84622474e-05 
 8.09281936e-08 -1.84903903e-05 
 8.09531936e-08  4.37208103e-06 
 8.09781936e-08  4.26561476e-05 
 8.10031936e-08  9.11955517e-05 
 8.10281936e-08  1.36845320e-04 
 8.10531936e-08  1.61149135e-04 
 8.10781936e-08  1.62222997e-04 
 8.11031936e-08  1.51084124e-04 
 8.11281936e-08  1.41277978e-04 
 8.11531936e-08  1.27660327e-04 
 8.11781936e-08  8.43582545e-05 
 8.12031936e-08  4.39647414e-05 
 8.12281936e-08  3.34639638e-05 
 8.12531936e-08  5.96970038e-05 
 8.12781936e-08  1.24628712e-04 
 8.13031936e-08  1.91473339e-04 
 8.13281936e-08  1.84050658e-04 
 8.13531936e-08  3.30209658e-05 
 8.13781936e-08 -3.51324004e-04 
 8.14031936e-08 -9.69822842e-04 
 8.14281936e-08 -1.64397099e-03 
 8.14531936e-08 -2.38773030e-03 
 8.14781936e-08 -3.13083190e-03 
 8.15031936e-08 -3.85290257e-03 
 8.15281936e-08 -4.58871033e-03 
 8.15531936e-08 -5.38048695e-03 
 8.15781936e-08 -6.27209439e-03 
 8.16031936e-08 -7.33908840e-03 
 8.16281936e-08 -8.64736168e-03 
 8.16531936e-08 -1.03249505e-02 
 8.16781936e-08 -1.25133843e-02 
 8.17031936e-08 -1.49175368e-02 
 8.17281936e-08 -1.54383307e-02 
 8.17531936e-08 -9.46867058e-03 
 8.17781936e-08  7.93886197e-03 
 8.18031936e-08  4.09103403e-02 
 8.18281936e-08  9.61472087e-02 
 8.18531936e-08  1.84748543e-01 
 8.18781936e-08  3.32761076e-01 
 8.19031936e-08  6.22315459e-01 
 8.19281936e-08  1.15246656e+00 
 8.19531936e-08  1.91781419e+00 
 8.19781936e-08  2.63752470e+00 
 8.20031936e-08  3.03464328e+00 
 8.20281936e-08  3.19257244e+00 
 8.20531936e-08  3.24771315e+00 
 8.20781936e-08  3.26916736e+00 
 8.21031936e-08  3.28033701e+00 
 8.21281936e-08  3.28718392e+00 
 8.21531936e-08  3.29154563e+00 
 8.21781936e-08  3.29432398e+00 
 8.22031936e-08  3.29610553e+00 
 8.22281936e-08  3.29725848e+00 
 8.22531936e-08  3.29800506e+00 
 8.22781936e-08  3.29852187e+00 
 8.23031936e-08  3.29892838e+00 
 8.23281936e-08  3.29923664e+00 
 8.23531936e-08  3.29946391e+00 
 8.23781936e-08  3.29962689e+00 
 8.24031936e-08  3.29973315e+00 
 8.24281936e-08  3.29980092e+00 
 8.24531936e-08  3.29984453e+00 
 8.24781936e-08  3.29987302e+00 
 8.25031936e-08  3.29989319e+00 
 8.25281936e-08  3.29991230e+00 
 8.25531936e-08  3.29993209e+00 
 8.25781936e-08  3.29995419e+00 
 8.26031936e-08  3.29996200e+00 
 8.26281936e-08  3.29995119e+00 
 8.26531936e-08  3.29993652e+00 
 8.26781936e-08  3.29992396e+00 
 8.27031936e-08  3.29991424e+00 
 8.27281936e-08  3.29990574e+00 
 8.27531936e-08  3.29989984e+00 
 8.27781936e-08  3.29990076e+00 
 8.28031936e-08  3.29990914e+00 
 8.28281936e-08  3.29992490e+00 
 8.28531936e-08  3.29994792e+00 
 8.28781936e-08  3.29997360e+00 
 8.29031936e-08  3.29999204e+00 
 8.29281936e-08  3.29999960e+00 
 8.29531936e-08  3.29999537e+00 
 8.29781936e-08  3.29998911e+00 
 8.30031936e-08  3.29998345e+00 
 8.30281936e-08  3.29997599e+00 
 8.30531936e-08  3.29996164e+00 
 8.30781936e-08  3.29995027e+00 
 8.31031936e-08  3.29996076e+00 
 8.31281936e-08  3.29999896e+00 
 8.31531936e-08  3.30003697e+00 
 8.31781936e-08  3.30002406e+00 
 8.32031936e-08  3.29994568e+00 
 8.32281936e-08  3.29983047e+00 
 8.32531936e-08  3.29973719e+00 
 8.32781936e-08  3.29968031e+00 
 8.33031936e-08  3.29967084e+00 
 8.33281936e-08  3.29970550e+00 
 8.33531936e-08  3.29976703e+00 
 8.33781936e-08  3.29979808e+00 
 8.34031936e-08  3.29982262e+00 
 8.34281936e-08  3.29988325e+00 
 8.34531936e-08  3.29993923e+00 
 8.34781936e-08  3.29996213e+00 
 8.35031936e-08  3.29995385e+00 
 8.35281936e-08  3.29991765e+00 
 8.35531936e-08  3.29984710e+00 
 8.35781936e-08  3.29973693e+00 
 8.36031936e-08  3.29962979e+00 
 8.36281936e-08  3.29958803e+00 
 8.36531936e-08  3.29961306e+00 
 8.36781936e-08  3.29968238e+00 
 8.37031936e-08  3.29980336e+00 
 8.37281936e-08  3.30001027e+00 
 8.37531936e-08  3.30035465e+00 
 8.37781936e-08  3.30079619e+00 
 8.38031936e-08  3.30130449e+00 
 8.38281936e-08  3.30181110e+00 
 8.38531936e-08  3.30232271e+00 
 8.38781936e-08  3.30286867e+00 
 8.39031936e-08  3.30344605e+00 
 8.39281936e-08  3.30405473e+00 
 8.39531936e-08  3.30466255e+00 
 8.39781936e-08  3.30521683e+00 
 8.40031936e-08  3.30571841e+00 
 8.40281936e-08  3.30625512e+00 
 8.40531936e-08  3.30691605e+00 
 8.40781936e-08  3.30777817e+00 
 8.41031936e-08  3.30892454e+00 
 8.41281936e-08  3.31047787e+00 
 8.41531936e-08  3.31262320e+00 
 8.41781936e-08  3.31562908e+00 
 8.42031936e-08  3.31933955e+00 
 8.42281936e-08  3.32103835e+00 
 8.42531936e-08  3.31391592e+00 
 8.42781936e-08  3.29075121e+00 
 8.43031936e-08  3.24740930e+00 
 8.43281936e-08  3.17573851e+00 
 8.43531936e-08  3.06555447e+00 
 8.43781936e-08  2.88819448e+00 
 8.44031936e-08  2.52910045e+00 
 8.44281936e-08  1.90337053e+00 
 8.44531936e-08  1.05213627e+00 
 8.44781936e-08  3.63939944e-01 
 8.45031936e-08  8.21987182e-02 
 8.45281936e-08  3.08945119e-02 
 8.45531936e-08  1.89623730e-02 
 8.45781936e-08  1.20246369e-02 
 8.46031936e-08  7.64692703e-03 
 8.46281936e-08  4.82668669e-03 
 8.46531936e-08  3.02851030e-03 
 8.46781936e-08  1.89716760e-03 
 8.47031936e-08  1.19093399e-03 
 8.47281936e-08  7.54682186e-04 
 8.47531936e-08  4.86721923e-04 
 8.47781936e-08  3.22493196e-04 
 8.48031936e-08  2.21954168e-04 
 8.48281936e-08  1.59186793e-04 
 8.48531936e-08  1.18099679e-04 
 8.48781936e-08  8.99716667e-05 
 8.49031936e-08  6.95726277e-05 
 8.49281936e-08  5.36715653e-05 
 8.49531936e-08  3.68981245e-05 
 8.49781936e-08  2.41244654e-05 
 8.50031936e-08  1.84915677e-05 
 8.50281936e-08  1.67491849e-05 
 8.50531936e-08  1.74460933e-05 
 8.50781936e-08  1.92665671e-05 
 8.51031936e-08  1.86864294e-05 
 8.51281936e-08  1.29837053e-05 
 8.51531936e-08  3.99280506e-06 
 8.51781936e-08 -3.06413112e-06 
 8.52031936e-08 -4.79582882e-06 
 8.52281936e-08 -3.82890600e-06 
 8.52531936e-08 -3.72419135e-07 
 8.52781936e-08  6.65203004e-06 
 8.53031936e-08  9.46058049e-06 
 8.53281936e-08  1.23067179e-05 
 8.53531936e-08  1.48883684e-05 
 8.53781936e-08  1.55834396e-05 
 8.54031936e-08  1.30746118e-05 
 8.54281936e-08  7.69295369e-06 
 8.54531936e-08 -1.11848273e-06 
 8.54781936e-08 -1.30741666e-05 
 8.55031936e-08 -2.57198755e-05 
 8.55281936e-08 -2.83345385e-05 
 8.55531936e-08 -1.81872357e-05 
 8.55781936e-08  5.05283762e-06 
 8.56031936e-08  4.36597198e-05 
 8.56281936e-08  9.21735166e-05 
 8.56531936e-08  1.37628484e-04 
 8.56781936e-08  1.61256348e-04 
 8.57031936e-08  1.61939249e-04 
 8.57281936e-08  1.50751402e-04 
 8.57531936e-08  1.40941168e-04 
 8.57781936e-08  1.27052322e-04 
 8.58031936e-08  8.32718906e-05 
 8.58281936e-08  4.33380433e-05 
 8.58531936e-08  3.34947926e-05 
 8.58781936e-08  6.03974930e-05 
 8.59031936e-08  1.25728008e-04 
 8.59281936e-08  1.91771772e-04 
 8.59531936e-08  1.82823410e-04 
 8.59781936e-08  2.92853909e-05 
 8.60031936e-08 -3.58336210e-04 
 8.60281936e-08 -9.79378862e-04 
 8.60531936e-08 -1.65269057e-03 
 8.60781936e-08 -2.39761632e-03 
 8.61031936e-08 -3.13951117e-03 
 8.61281936e-08 -3.86106118e-03 
 8.61531936e-08 -4.59676101e-03 
 8.61781936e-08 -5.38901784e-03 
 8.62031936e-08 -6.28164522e-03 
 8.62281936e-08 -7.35043752e-03 
 8.62531936e-08 -8.66122005e-03 
 8.62781936e-08 -1.03428068e-02 
 8.63031936e-08 -1.25354899e-02 
 8.63281936e-08 -1.49360677e-02 
 8.63531936e-08 -1.54158254e-02 
 8.63781936e-08 -9.35150925e-03 
 8.64031936e-08  8.18038667e-03 
 8.64281936e-08  4.13246179e-02 
 8.64531936e-08  9.67955034e-02 
 8.64781936e-08  1.85765957e-01 
 8.65031936e-08  3.34494705e-01 
 8.65281936e-08  6.25833955e-01 
 8.65531936e-08  1.15810156e+00 
 8.65781936e-08  1.92481383e+00 
 8.66031936e-08  2.64226166e+00 
 8.66281936e-08  3.03670780e+00 
 8.66531936e-08  3.19329658e+00 
 8.66781936e-08  3.24796662e+00 
 8.67031936e-08  3.26928225e+00 
 8.67281936e-08  3.28040326e+00 
 8.67531936e-08  3.28722514e+00 
 8.67781936e-08  3.29157138e+00 
 8.68031936e-08  3.29433999e+00 
 8.68281936e-08  3.29611546e+00 
 8.68531936e-08  3.29726466e+00 
 8.68781936e-08  3.29800894e+00 
 8.69031936e-08  3.29852433e+00 
 8.69281936e-08  3.29892993e+00 
 8.69531936e-08  3.29923761e+00 
 8.69781936e-08  3.29946450e+00 
 8.70031936e-08  3.29962727e+00 
 8.70281936e-08  3.29973340e+00 
 8.70531936e-08  3.29980110e+00 
 8.70781936e-08  3.29984466e+00 
 8.71031936e-08  3.29987312e+00 
 8.71281936e-08  3.29989325e+00 
 8.71531936e-08  3.29991231e+00 
 8.71781936e-08  3.29993205e+00 
 8.72031936e-08  3.29995415e+00 
 8.72281936e-08  3.29996206e+00 
 8.72531936e-08  3.29995131e+00 
 8.72781936e-08  3.29993664e+00 
 8.73031936e-08  3.29992407e+00 
 8.73281936e-08  3.29991435e+00 
 8.73531936e-08  3.29990586e+00 
 8.73781936e-08  3.29989992e+00 
 8.74031936e-08  3.29990080e+00 
 8.74281936e-08  3.29990910e+00 
 8.74531936e-08  3.29992477e+00 
 8.74781936e-08  3.29994772e+00 
 8.75031936e-08  3.29997340e+00 
 8.75281936e-08  3.29999193e+00 
 8.75531936e-08  3.29999960e+00 
 8.75781936e-08  3.29999543e+00 
 8.76031936e-08  3.29998919e+00 
 8.76281936e-08  3.29998351e+00 
 8.76531936e-08  3.29997613e+00 
 8.76781936e-08  3.29996184e+00 
 8.77031936e-08  3.29995034e+00 
 8.77281936e-08  3.29996042e+00 
 8.77531936e-08  3.29999841e+00 
 8.77781936e-08  3.30003669e+00 
 8.78031936e-08  3.30002469e+00 
 8.78281936e-08  3.29994717e+00 
 8.78531936e-08  3.29983216e+00 
 8.78781936e-08  3.29973841e+00 
 8.79031936e-08  3.29968104e+00 
 8.79281936e-08  3.29967084e+00 
 8.79531936e-08  3.29970477e+00 
 8.79781936e-08  3.29976655e+00 
 8.80031936e-08  3.29979796e+00 
 8.80281936e-08  3.29982209e+00 
 8.80531936e-08  3.29988224e+00 
 8.80781936e-08  3.29993865e+00 
 8.81031936e-08  3.29996210e+00 
 8.81281936e-08  3.29995427e+00 
 8.81531936e-08  3.29991864e+00 
 8.81781936e-08  3.29984891e+00 
 8.82031936e-08  3.29973939e+00 
 8.82281936e-08  3.29963149e+00 
 8.82531936e-08  3.29958827e+00 
 8.82781936e-08  3.29961225e+00 
 8.83031936e-08  3.29968070e+00 
 8.83281936e-08  3.29980025e+00 
 8.83531936e-08  3.30000488e+00 
 8.83781936e-08  3.30034679e+00 
 8.84031936e-08  3.30078582e+00 
 8.84281936e-08  3.30129281e+00 
 8.84531936e-08  3.30180007e+00 
 8.84781936e-08  3.30231039e+00 
 8.85031936e-08  3.30285528e+00 
 8.85281936e-08  3.30343183e+00 
 8.85531936e-08  3.30404001e+00 
 8.85781936e-08  3.30464773e+00 
 8.86031936e-08  3.30520316e+00 
 8.86281936e-08  3.30570565e+00 
 8.86531936e-08  3.30624112e+00 
 8.86781936e-08  3.30689794e+00 
 8.87031936e-08  3.30775339e+00 
 8.87281936e-08  3.30889122e+00 
 8.87531936e-08  3.31043030e+00 
 8.87781936e-08  3.31256251e+00 
 8.88031936e-08  3.31553967e+00 
 8.88281936e-08  3.31924152e+00 
 8.88531936e-08  3.32106502e+00 
 8.88781936e-08  3.31426984e+00 
 8.89031936e-08  3.29155136e+00 
 8.89281936e-08  3.24869643e+00 
 8.89531936e-08  3.17779728e+00 
 8.89781936e-08  3.06848130e+00 
 8.90031936e-08  2.89324103e+00 
 8.90281936e-08  2.54071910e+00 
 8.90531936e-08  1.92187135e+00 
 8.90781936e-08  1.07367052e+00 
 8.91031936e-08  3.76747259e-01 
 8.91281936e-08  8.52998295e-02 
 8.91531936e-08  3.13571136e-02 
 8.91781936e-08  1.91862935e-02 
 8.92031936e-08  1.21642007e-02 
 8.92281936e-08  7.73714153e-03 
 8.92531936e-08  4.88485202e-03 
 8.92781936e-08  3.06542723e-03 
 8.93031936e-08  1.92035967e-03 
 8.93281936e-08  1.20538565e-03 
 8.93531936e-08  7.63598646e-04 
 8.93781936e-08  4.92192313e-04 
 8.94031936e-08  3.25838222e-04 
 8.94281936e-08  2.24018763e-04 
 8.94531936e-08  1.60512344e-04 
 8.94781936e-08  1.19000101e-04 
 8.95031936e-08  9.06296355e-05 
 8.95281936e-08  7.00658438e-05 
 8.95531936e-08  5.41139161e-05 
 8.95781936e-08  3.74306184e-05 
 8.96031936e-08  2.43861736e-05 
 8.96281936e-08  1.85779569e-05 
 8.96531936e-08  1.67414175e-05 
 8.96781936e-08  1.73785321e-05 
 8.97031936e-08  1.92055232e-05 
 8.97281936e-08  1.87744067e-05 
 8.97531936e-08  1.32550578e-05 
 8.97781936e-08  4.29556508e-06 
 8.98031936e-08 -2.91773200e-06 
 8.98281936e-08 -4.78079364e-06 
 8.98531936e-08 -3.91543185e-06 
 8.98781936e-08 -5.33812611e-07 
 8.99031936e-08  6.38294182e-06 
 8.99281936e-08  9.40077259e-06 
 8.99531936e-08  1.22137353e-05 
 8.99781936e-08  1.47935038e-05 
 9.00031936e-08  1.56156278e-05 
 9.00281936e-08  1.32138736e-05 
 9.00531936e-08  7.94611025e-06 
 9.00781936e-08 -7.41731471e-07 
 9.01031936e-08 -1.25868632e-05 
 9.01281936e-08 -2.54488344e-05 
 9.01531936e-08 -2.84966972e-05 
 9.01781936e-08 -1.87074856e-05 
 9.02031936e-08  3.89479312e-06 
 9.02281936e-08  4.18742742e-05 
 9.02531936e-08  9.03423074e-05 
 9.02781936e-08  1.36055899e-04 
 9.03031936e-08  1.60827161e-04 
 9.03281936e-08  1.62210246e-04 
 9.03531936e-08  1.51117088e-04 
 9.03781936e-08  1.41313816e-04 
 9.04031936e-08  1.27968975e-04 
 9.04281936e-08  8.51891074e-05 
 9.04531936e-08  4.43820416e-05 
 9.04781936e-08  3.31746905e-05 
 9.05031936e-08  5.85528363e-05 
 9.05281936e-08  1.22541539e-04 
 9.05531936e-08  1.90092878e-04 
 9.05781936e-08  1.85441450e-04 
 9.06031936e-08  3.93424048e-05 
 9.06281936e-08 -3.37840130e-04 
 9.06531936e-08 -9.50771100e-04 
 9.06781936e-08 -1.62564125e-03 
 9.07031936e-08 -2.36561081e-03 
 9.07281936e-08 -3.10940245e-03 
 9.07531936e-08 -3.83088600e-03 
 9.07781936e-08 -4.56520367e-03 
 9.08031936e-08 -5.35404815e-03 
 9.08281936e-08 -6.24123780e-03 
 9.08531936e-08 -7.30110137e-03 
 9.08781936e-08 -8.59964916e-03 
 9.09031936e-08 -1.02620986e-02 
 9.09281936e-08 -1.24324546e-02 
 9.09531936e-08 -1.48463866e-02 
 9.09781936e-08 -1.54854462e-02 
 9.10031936e-08 -9.81003459e-03 
 9.10281936e-08  7.16953334e-03 
 9.10531936e-08  3.95211457e-02 
 9.10781936e-08  9.38806378e-02 
 9.11031936e-08  1.81058706e-01 
 9.11281936e-08  3.26266176e-01 
 9.11531936e-08  6.08659525e-01 
 9.11781936e-08  1.12995096e+00 
 9.12031936e-08  1.88901496e+00 
 9.12281936e-08  2.61752198e+00 
 9.12531936e-08  3.02571875e+00 
 9.12781936e-08  3.18937993e+00 
 9.13031936e-08  3.24658208e+00 
 9.13281936e-08  3.26864914e+00 
 9.13531936e-08  3.28003264e+00 
 9.13781936e-08  3.28699053e+00 
 9.14031936e-08  3.29142178e+00 
 9.14281936e-08  3.29424444e+00 
 9.14531936e-08  3.29605384e+00 
 9.14781936e-08  3.29722459e+00 
 9.15031936e-08  3.29798286e+00 
 9.15281936e-08  3.29850452e+00 
 9.15531936e-08  3.29891432e+00 
 9.15781936e-08  3.29922602e+00 
 9.16031936e-08  3.29945599e+00 
 9.16281936e-08  3.29962137e+00 
 9.16531936e-08  3.29972969e+00 
 9.16781936e-08  3.29979875e+00 
 9.17031936e-08  3.29984311e+00 
 9.17281936e-08  3.29987210e+00 
 9.17531936e-08  3.29989246e+00 
 9.17781936e-08  3.29991142e+00 
 9.18031936e-08  3.29993110e+00 
 9.18281936e-08  3.29995327e+00 
 9.18531936e-08  3.29996223e+00 
 9.18781936e-08  3.29995199e+00 
 9.19031936e-08  3.29993728e+00 
 9.19281936e-08  3.29992459e+00 
 9.19531936e-08  3.29991475e+00 
 9.19781936e-08  3.29990625e+00 
 9.20031936e-08  3.29990002e+00 
 9.20281936e-08  3.29990058e+00 
 9.20531936e-08  3.29990862e+00 
 9.20781936e-08  3.29992393e+00 
 9.21031936e-08  3.29994657e+00 
 9.21281936e-08  3.29997231e+00 
 9.21531936e-08  3.29999133e+00 
 9.21781936e-08  3.29999957e+00 
 9.22031936e-08  3.29999566e+00 
 9.22281936e-08  3.29998949e+00 
 9.22531936e-08  3.29998372e+00 
 9.22781936e-08  3.29997665e+00 
 9.23031936e-08  3.29996257e+00 
 9.23281936e-08  3.29995059e+00 
 9.23531936e-08  3.29995908e+00 
 9.23781936e-08  3.29999650e+00 
 9.24031936e-08  3.30003576e+00 
 9.24281936e-08  3.30002669e+00 
 9.24531936e-08  3.29994844e+00 
 9.24781936e-08  3.29983330e+00 
 9.25031936e-08  3.29974110e+00 
 9.25281936e-08  3.29968266e+00 
 9.25531936e-08  3.29967022e+00 
 9.25781936e-08  3.29970194e+00 
 9.26031936e-08  3.29976453e+00 
 9.26281936e-08  3.29979701e+00 
 9.26531936e-08  3.29982014e+00 
 9.26781936e-08  3.29987902e+00 
 9.27031936e-08  3.29993673e+00 
 9.27281936e-08  3.29996177e+00 
 9.27531936e-08  3.29995524e+00 
 9.27781936e-08  3.29992096e+00 
 9.28031936e-08  3.29985296e+00 
 9.28281936e-08  3.29974494e+00 
 9.28531936e-08  3.29963527e+00 
 9.28781936e-08  3.29958857e+00 
 9.29031936e-08  3.29961008e+00 
 9.29281936e-08  3.29967662e+00 
 9.29531936e-08  3.29979323e+00 
 9.29781936e-08  3.29999315e+00 
 9.30031936e-08  3.30032911e+00 
 9.30281936e-08  3.30076404e+00 
 9.30531936e-08  3.30126866e+00 
 9.30781936e-08  3.30177813e+00 
 9.31031936e-08  3.30228644e+00 
 9.31281936e-08  3.30283009e+00 
 9.31531936e-08  3.30340477e+00 
 9.31781936e-08  3.30401238e+00 
 9.32031936e-08  3.30462124e+00 
 9.32281936e-08  3.30518031e+00 
 9.32531936e-08  3.30568284e+00 
 9.32781936e-08  3.30621390e+00 
 9.33031936e-08  3.30686348e+00 
 9.33281936e-08  3.30770821e+00 
 9.33531936e-08  3.30883130e+00 
 9.33781936e-08  3.31035154e+00 
 9.34031936e-08  3.31244664e+00 
 9.34281936e-08  3.31538488e+00 
 9.34531936e-08  3.31908666e+00 
 9.34781936e-08  3.32110600e+00 
 9.35031936e-08  3.31487899e+00 
 9.35281936e-08  3.29293787e+00 
 9.35531936e-08  3.25133508e+00 
 9.35781936e-08  3.18189283e+00 
 9.36031936e-08  3.07502359e+00 
 9.36281936e-08  2.90434046e+00 
 9.36531936e-08  2.56332371e+00 
 9.36781936e-08  1.95688489e+00 
 9.37031936e-08  1.11466982e+00 
 9.37281936e-08  4.01495916e-01 
 9.37531936e-08  9.14415129e-02 
 9.37781936e-08  3.22419901e-02 
 9.38031936e-08  1.95972520e-02 
 9.38281936e-08  1.24184834e-02 
 9.38531936e-08  7.90018038e-03 
 9.38781936e-08  4.98942439e-03 
 9.39031936e-08  3.13154883e-03 
 9.39281936e-08  1.96174229e-03 
 9.39531936e-08  1.23107888e-03 
 9.39781936e-08  7.79408256e-04 
 9.40031936e-08  5.01869484e-04 
 9.40281936e-08  3.31743472e-04 
 9.40531936e-08  2.27651625e-04 
 9.40781936e-08  1.62825250e-04 
 9.41031936e-08  1.20535211e-04 
 9.41281936e-08  9.17061591e-05 
 9.41531936e-08  7.08533922e-05 
 9.41781936e-08  5.47755845e-05 
 9.42031936e-08  3.81816426e-05 
 9.42281936e-08  2.47767032e-05 
 9.42531936e-08  1.87268222e-05 
 9.42781936e-08  1.67635911e-05 
 9.43031936e-08  1.73229123e-05 
 9.43281936e-08  1.91511588e-05 
 9.43531936e-08  1.88909757e-05 
 9.43781936e-08  1.35667398e-05 
 9.44031936e-08  4.67190919e-06 
 9.44281936e-08 -2.70946760e-06 
 9.44531936e-08 -4.75730493e-06 
 9.44781936e-08 -4.00633804e-06 
 9.45031936e-08 -7.11226641e-07 
 9.45281936e-08  6.08373411e-06 
 9.45531936e-08  9.33512554e-06 
 9.45781936e-08  1.21145506e-05 
 9.46031936e-08  1.46948565e-05 
 9.46281936e-08  1.56547353e-05 
 9.46531936e-08  1.33684856e-05 
 9.46781936e-08  8.21821877e-06 
 9.47031936e-08 -3.51752619e-07 
 9.47281936e-08 -1.20934604e-05 
 9.47531936e-08 -2.49675178e-05 
 9.47781936e-08 -2.86157076e-05 
 9.48031936e-08 -1.93805237e-05 
 9.48281936e-08  2.71310125e-06 
 9.48531936e-08  4.00844664e-05 
 9.48781936e-08  8.85367250e-05 
 9.49031936e-08  1.34519005e-04 
 9.49281936e-08  1.60450843e-04 
 9.49531936e-08  1.62536201e-04 
 9.49781936e-08  1.51558770e-04 
 9.50031936e-08  1.41769496e-04 
 9.50281936e-08  1.28524981e-04 
 9.50531936e-08  8.71993677e-05 
 9.50781936e-08  4.63796680e-05 
 9.51031936e-08  3.35612899e-05 
 9.51281936e-08  5.72003442e-05 
 9.51531936e-08  1.20032205e-04 
 9.51781936e-08  1.88701779e-04 
 9.52031936e-08  1.87261100e-04 
 9.52281936e-08  4.65933425e-05 
 9.52531936e-08 -3.22425937e-04 
 9.52781936e-08 -9.29919366e-04 
 9.53031936e-08 -1.60689865e-03 
 9.53281936e-08 -2.34329128e-03 
 9.53531936e-08 -3.08882557e-03 
 9.53781936e-08 -3.81062058e-03 
 9.54031936e-08 -4.54434857e-03 
 9.54281936e-08 -5.33120428e-03 
 9.54531936e-08 -6.21511287e-03 
 9.54781936e-08 -7.26927523e-03 
 9.55031936e-08 -8.56015005e-03 
 9.55281936e-08 -1.02105600e-02 
 9.55531936e-08 -1.23667806e-02 
 9.55781936e-08 -1.47920050e-02 
 9.56031936e-08 -1.55314815e-02 
 9.56281936e-08 -1.01000496e-02 
 9.56531936e-08  6.52867376e-03 
 9.56781936e-08  3.83825783e-02 
 9.57031936e-08  9.20528654e-02 
 9.57281936e-08  1.78131992e-01 
 9.57531936e-08  3.21210192e-01 
 9.57781936e-08  5.98153796e-01 
 9.58031936e-08  1.11269093e+00 
 9.58281936e-08  1.86689908e+00 
 9.58531936e-08  2.60200545e+00 
 9.58781936e-08  3.01876026e+00 
 9.59031936e-08  3.18689440e+00 
 9.59281936e-08  3.24570856e+00 
 9.59531936e-08  3.26825518e+00 
 9.59781936e-08  3.27980406e+00 
 9.60031936e-08  3.28684657e+00 
 9.60281936e-08  3.29133036e+00 
 9.60531936e-08  3.29418640e+00 
 9.60781936e-08  3.29601673e+00 
 9.61031936e-08  3.29720069e+00 
 9.61281936e-08  3.29796744e+00 
 9.61531936e-08  3.29849371e+00 
 9.61781936e-08  3.29890591e+00 
 9.62031936e-08  3.29921932e+00 
 9.62281936e-08  3.29945129e+00 
 9.62531936e-08  3.29961824e+00 
 9.62781936e-08  3.29972771e+00 
 9.63031936e-08  3.29979750e+00 
 9.63281936e-08  3.29984228e+00 
 9.63531936e-08  3.29987155e+00 
 9.63781936e-08  3.29989205e+00 
 9.64031936e-08  3.29991104e+00 
 9.64281936e-08  3.29993073e+00 
 9.64531936e-08  3.29995293e+00 
 9.64781936e-08  3.29996224e+00 
 9.65031936e-08  3.29995218e+00 
 9.65281936e-08  3.29993745e+00 
 9.65531936e-08  3.29992472e+00 
 9.65781936e-08  3.29991482e+00 
 9.66031936e-08  3.29990632e+00 
 9.66281936e-08  3.29990001e+00 
 9.66531936e-08  3.29990047e+00 
 9.66781936e-08  3.29990843e+00 
 9.67031936e-08  3.29992365e+00 
 9.67281936e-08  3.29994624e+00 
 9.67531936e-08  3.29997200e+00 
 9.67781936e-08  3.29999116e+00 
 9.68031936e-08  3.29999951e+00 
 9.68281936e-08  3.29999569e+00 
 9.68531936e-08  3.29998959e+00 
 9.68781936e-08  3.29998375e+00 
 9.69031936e-08  3.29997673e+00 
 9.69281936e-08  3.29996270e+00 
 9.69531936e-08  3.29995066e+00 
 9.69781936e-08  3.29995883e+00 
 9.70031936e-08  3.29999617e+00 
 9.70281936e-08  3.30003565e+00 
 9.70531936e-08  3.30002699e+00 
 9.70781936e-08  3.29994910e+00 
 9.71031936e-08  3.29983396e+00 
 9.71281936e-08  3.29974141e+00 
 9.71531936e-08  3.29968270e+00 
 9.71781936e-08  3.29966995e+00 
 9.72031936e-08  3.29970142e+00 
 9.72281936e-08  3.29976411e+00 
 9.72531936e-08  3.29979671e+00 
 9.72781936e-08  3.29981978e+00 
 9.73031936e-08  3.29987859e+00 
 9.73281936e-08  3.29993647e+00 
 9.73531936e-08  3.29996166e+00 
 9.73781936e-08  3.29995520e+00 
 9.74031936e-08  3.29992096e+00 
 9.74281936e-08  3.29985296e+00 
 9.74531936e-08  3.29974489e+00 
 9.74781936e-08  3.29963513e+00 
 9.75031936e-08  3.29958837e+00 
 9.75281936e-08  3.29960989e+00 
 9.75531936e-08  3.29967649e+00 
 9.75781936e-08  3.29979324e+00 
 9.76031936e-08  3.29999343e+00 
 9.76281936e-08  3.30032982e+00 
 9.76531936e-08  3.30076517e+00 
 9.76781936e-08  3.30127020e+00 
 9.77031936e-08  3.30177990e+00 
 9.77281936e-08  3.30228863e+00 
 9.77531936e-08  3.30283268e+00 
 9.77781936e-08  3.30340806e+00 
 9.78031936e-08  3.30401603e+00 
 9.78281936e-08  3.30462494e+00 
 9.78531936e-08  3.30518382e+00 
 9.78781936e-08  3.30568765e+00 
 9.79031936e-08  3.30621994e+00 
 9.79281936e-08  3.30687019e+00 
 9.79531936e-08  3.30771699e+00 
 9.79781936e-08  3.30884266e+00 
 9.80031936e-08  3.31036418e+00 
 9.80281936e-08  3.31247030e+00 
 9.80531936e-08  3.31541261e+00 
 9.80781936e-08  3.31911201e+00 
 9.81031936e-08  3.32110777e+00 
 9.81281936e-08  3.31478646e+00 
 9.81531936e-08  3.29270768e+00 
 9.81781936e-08  3.25075604e+00 
 9.82031936e-08  3.18099822e+00 
 9.82281936e-08  3.07384242e+00 
 9.82531936e-08  2.90236422e+00 
 9.82781936e-08  2.55905929e+00 
 9.83031936e-08  1.95010857e+00 
 9.83281936e-08  1.10653127e+00 
 9.83531936e-08  3.96480918e-01 
 9.83781936e-08  9.01605829e-02 
 9.84031936e-08  3.20548298e-02 
 9.84281936e-08  1.95108119e-02 
 9.84531936e-08  1.23643023e-02 
 9.84781936e-08  7.86490461e-03 
 9.85031936e-08  4.96651435e-03 
 9.85281936e-08  3.11692820e-03 
 9.85531936e-08  1.95251451e-03 
 9.85781936e-08  1.22529857e-03 
 9.86031936e-08  7.75830879e-04 
 9.86281936e-08  4.99671154e-04 
 9.86531936e-08  3.30399865e-04 
 9.86781936e-08  2.26823626e-04 
 9.87031936e-08  1.62283925e-04 
 9.87281936e-08  1.20163415e-04 
 9.87531936e-08  9.14333657e-05 
 9.87781936e-08  7.06338047e-05 
 9.88031936e-08  5.45608644e-05 
 9.88281936e-08  3.78874993e-05 
 9.88531936e-08  2.46329100e-05 
 9.88781936e-08  1.86870066e-05 
 9.89031936e-08  1.67794022e-05 
 9.89281936e-08  1.73768214e-05 
 9.89531936e-08  1.92057252e-05 
 9.89781936e-08  1.88509992e-05 
 9.90031936e-08  1.34010722e-05 
 9.90281936e-08  4.47342058e-06 
 9.90531936e-08 -2.81078727e-06 
 9.90781936e-08 -4.76814735e-06 
 9.91031936e-08 -3.94650323e-06 
 9.91281936e-08 -5.97899613e-07 
 9.91531936e-08  6.27620718e-06 
 9.91781936e-08  9.38531728e-06 
 9.92031936e-08  1.21848014e-05 
 9.92281936e-08  1.47688412e-05 
 9.92531936e-08  1.56417653e-05 
 9.92781936e-08  1.32746803e-05 
 9.93031936e-08  8.03467887e-06 
 9.93281936e-08 -6.35239008e-07 
 9.93531936e-08 -1.24778741e-05 
 9.93781936e-08 -2.53789300e-05 
 9.94031936e-08 -2.85459477e-05 
 9.94281936e-08 -1.88373177e-05 
 9.94531936e-08  3.68648831e-06 
 9.94781936e-08  4.16060409e-05 
 9.95031936e-08  9.01265827e-05 
 9.95281936e-08  1.35930611e-04 
 9.95531936e-08  1.60909255e-04 
 9.95781936e-08  1.62394898e-04 
 9.96031936e-08  1.51317550e-04 
 9.96281936e-08  1.41522187e-04 
 9.96531936e-08  1.28197748e-04 
 9.96781936e-08  8.54895955e-05 
 9.97031936e-08  4.45983518e-05 
 9.97281936e-08  3.33229288e-05 
 9.97531936e-08  5.86985843e-05 
 9.97781936e-08  1.22883952e-04 
 9.98031936e-08  1.90565546e-04 
 9.98281936e-08  1.85513653e-04 
 9.98531936e-08  3.85424283e-05 
 9.98781936e-08 -3.39956776e-04 
 9.99031936e-08 -9.54261503e-04 
 9.99281936e-08 -1.62965072e-03 
 9.99531936e-08 -2.37080011e-03 
 9.99781936e-08 -3.11512173e-03 
 1.00003194e-07 -3.83735194e-03 
 1.00028194e-07 -4.57264257e-03 
 1.00053194e-07 -5.36285791e-03 
 1.00078194e-07 -6.25192315e-03 
 1.00103194e-07 -7.31454697e-03 
 1.00128194e-07 -8.61692029e-03 
 1.00153194e-07 -1.02852380e-02 
 1.00178194e-07 -1.24630111e-02 
 1.00203194e-07 -1.48759419e-02 
 1.00228194e-07 -1.54769399e-02 
 1.00253194e-07 -9.69906573e-03 
 1.00278194e-07  7.43734206e-03 
 1.00303194e-07  4.00230843e-02 
 1.00328194e-07  9.47234457e-02 
 1.00353194e-07  1.82464135e-01 
 1.00378194e-07  3.28791364e-01 
 1.00403194e-07  6.14079651e-01 
 1.00428194e-07  1.13903302e+00 
 1.00453194e-07  1.90081285e+00 
 1.00478194e-07  2.62582539e+00 
 1.00503194e-07  3.02946752e+00 
 1.00528194e-07  3.19073431e+00 
 1.00553194e-07  3.24706484e+00 
 1.00578194e-07  3.26887149e+00 
 1.00603194e-07  3.28016437e+00 
 1.00628194e-07  3.28707504e+00 
 1.00653194e-07  3.29147651e+00 
 1.00678194e-07  3.29428008e+00 
 1.00703194e-07  3.29607746e+00 
 1.00728194e-07  3.29724041e+00 
 1.00753194e-07  3.29799340e+00 
 1.00778194e-07  3.29851329e+00 
 1.00803194e-07  3.29892186e+00 
 1.00828194e-07  3.29923192e+00 
 1.00853194e-07  3.29946052e+00 
 1.00878194e-07  3.29962458e+00 
 1.00903194e-07  3.29973169e+00 
 1.00928194e-07  3.29979998e+00 
 1.00953194e-07  3.29984389e+00 
 1.00978194e-07  3.29987259e+00 
 1.01003194e-07  3.29989285e+00 
 1.01028194e-07  3.29991195e+00 
 1.01053194e-07  3.29993175e+00 
 1.01078194e-07  3.29995390e+00 
 1.01103194e-07  3.29996201e+00 
 1.01128194e-07  3.29995135e+00 
 1.01153194e-07  3.29993667e+00 
 1.01178194e-07  3.29992406e+00 
 1.01203194e-07  3.29991431e+00 
 1.01228194e-07  3.29990580e+00 
 1.01253194e-07  3.29989983e+00 
 1.01278194e-07  3.29990069e+00 
 1.01303194e-07  3.29990900e+00 
 1.01328194e-07  3.29992468e+00 
 1.01353194e-07  3.29994767e+00 
 1.01378194e-07  3.29997338e+00 
 1.01403194e-07  3.29999192e+00 
 1.01428194e-07  3.29999959e+00 
 1.01453194e-07  3.29999541e+00 
 1.01478194e-07  3.29998916e+00 
 1.01503194e-07  3.29998348e+00 
 1.01528194e-07  3.29997606e+00 
 1.01553194e-07  3.29996174e+00 
 1.01578194e-07  3.29995031e+00 
 1.01603194e-07  3.29996060e+00 
 1.01628194e-07  3.29999880e+00 
 1.01653194e-07  3.30003694e+00 
 1.01678194e-07  3.30002422e+00 
 1.01703194e-07  3.29994594e+00 
 1.01728194e-07  3.29983065e+00 
 1.01753194e-07  3.29973718e+00 
 1.01778194e-07  3.29968016e+00 
 1.01803194e-07  3.29967057e+00 
 1.01828194e-07  3.29970517e+00 
 1.01853194e-07  3.29976674e+00 
 1.01878194e-07  3.29979780e+00 
 1.01903194e-07  3.29982237e+00 
 1.01928194e-07  3.29988307e+00 
 1.01953194e-07  3.29993911e+00 
 1.01978194e-07  3.29996200e+00 
 1.02003194e-07  3.29995367e+00 
 1.02028194e-07  3.29991733e+00 
 1.02053194e-07  3.29984653e+00 
 1.02078194e-07  3.29973610e+00 
 1.02103194e-07  3.29962908e+00 
 1.02128194e-07  3.29958770e+00 
 1.02153194e-07  3.29961307e+00 
 1.02178194e-07  3.29968274e+00 
 1.02203194e-07  3.29980434e+00 
 1.02228194e-07  3.30001228e+00 
 1.02253194e-07  3.30035790e+00 
 1.02278194e-07  3.30080078e+00 
 1.02303194e-07  3.30130998e+00 
 1.02328194e-07  3.30181669e+00 
 1.02353194e-07  3.30232921e+00 
 1.02378194e-07  3.30287596e+00 
 1.02403194e-07  3.30345430e+00 
 1.02428194e-07  3.30406374e+00 
 1.02453194e-07  3.30467186e+00 
 1.02478194e-07  3.30522579e+00 
 1.02503194e-07  3.30572777e+00 
 1.02528194e-07  3.30626619e+00 
 1.02553194e-07  3.30693008e+00 
 1.02578194e-07  3.30779649e+00 
 1.02603194e-07  3.30894895e+00 
 1.02628194e-07  3.31051119e+00 
 1.02653194e-07  3.31266993e+00 
 1.02678194e-07  3.31569424e+00 
 1.02703194e-07  3.31940813e+00 
 1.02728194e-07  3.32102505e+00 
 1.02753194e-07  3.31367094e+00 
 1.02778194e-07  3.29018455e+00 
 1.02803194e-07  3.24637612e+00 
 1.02828194e-07  3.17409071e+00 
 1.02853194e-07  3.06297171e+00 
 1.02878194e-07  2.88367032e+00 
 1.02903194e-07  2.51947689e+00 
 1.02928194e-07  1.88829874e+00 
 1.02953194e-07  1.03490173e+00 
 1.02978194e-07  3.53846077e-01 
 1.03003194e-07  7.98037238e-02 
 1.03028194e-07  3.05316430e-02 
 1.03053194e-07  1.87824898e-02 
 1.03078194e-07  1.19118872e-02 
 1.03103194e-07  7.57358170e-03 
 1.03128194e-07  4.77920257e-03 
 1.03153194e-07  2.99829014e-03 
 1.03178194e-07  1.87812495e-03 
 1.03203194e-07  1.17903335e-03 
 1.03228194e-07  7.47328368e-04 
 1.03253194e-07  4.82208223e-04 
 1.03278194e-07  3.19735696e-04 
 1.03303194e-07  2.20253322e-04 
 1.03328194e-07  1.58084435e-04 
 1.03353194e-07  1.17334210e-04 
 1.03378194e-07  8.93905856e-05 
 1.03403194e-07  6.91185379e-05 
 1.03428194e-07  5.32230134e-05 
 1.03453194e-07  3.63220303e-05 
 1.03478194e-07  2.38588188e-05 
 1.03503194e-07  1.84207092e-05 
 1.03528194e-07  1.67866000e-05 
 1.03553194e-07  1.75565512e-05 
 1.03578194e-07  1.93636166e-05 
 1.03603194e-07  1.85846463e-05 
 1.03628194e-07  1.26392959e-05 
 1.03653194e-07  3.60781401e-06 
 1.03678194e-07 -3.24150291e-06 
 1.03703194e-07 -4.80380218e-06 
 1.03728194e-07 -3.70187414e-06 
 1.03753194e-07 -5.33225368e-08 
 1.03778194e-07  6.84615976e-06 
 1.03803194e-07  9.62719145e-06 
 1.03828194e-07  1.24616098e-05 
 1.03853194e-07  1.50290392e-05 
 1.03878194e-07  1.55451362e-05 
 1.03903194e-07  1.28740094e-05 
 1.03928194e-07  7.31585168e-06 
 1.03953194e-07 -1.70512549e-06 
 1.03978194e-07 -1.38462910e-05 
 1.04003194e-07 -2.62778296e-05 
 1.04028194e-07 -2.80906080e-05 
 1.04053194e-07 -1.72076752e-05 
 1.04078194e-07  7.01841092e-06 
 1.04103194e-07  4.66704540e-05 
 1.04128194e-07  9.52347407e-05 
 1.04153194e-07  1.40285736e-04 
 1.04178194e-07  1.62048615e-04 
 1.04203194e-07  1.61593893e-04 
 1.04228194e-07  1.50281246e-04 
 1.04253194e-07  1.40484065e-04 
 1.04278194e-07  1.25453742e-04 
 1.04303194e-07  8.01679065e-05 
 1.04328194e-07  4.17935076e-05 
 1.04353194e-07  3.43577871e-05 
 1.04378194e-07  6.40203279e-05 
 1.04403194e-07  1.31695845e-04 
 1.04428194e-07  1.94709148e-04 
 1.04453194e-07  1.77558552e-04 
 1.04478194e-07  9.68249292e-06 
 1.04503194e-07 -3.98699800e-04 
 1.04528194e-07 -1.03481298e-03 
 1.04553194e-07 -1.70447778e-03 
 1.04578194e-07 -2.45971166e-03 
 1.04603194e-07 -3.19905728e-03 
 1.04628194e-07 -3.92172148e-03 
 1.04653194e-07 -4.66114527e-03 
 1.04678194e-07 -5.46126636e-03 
 1.04703194e-07 -6.36693691e-03 
 1.04728194e-07 -7.45355913e-03 
 1.04753194e-07 -8.79117111e-03 
 1.04778194e-07 -1.05143342e-02 
 1.04803194e-07 -1.27539143e-02 
 1.04828194e-07 -1.51152715e-02 
 1.04853194e-07 -1.52440341e-02 
 1.04878194e-07 -8.35085472e-03 
 1.04903194e-07  1.03532828e-02 
 1.04928194e-07  4.51943930e-02 
 1.04953194e-07  1.03074533e-01 
 1.04978194e-07  1.95986299e-01 
 1.05003194e-07  3.52633205e-01 
 1.05028194e-07  6.63600038e-01 
 1.05053194e-07  1.21939670e+00 
 1.05078194e-07  2.00099185e+00 
 1.05103194e-07  2.69318404e+00 
 1.05128194e-07  3.05885589e+00 
 1.05153194e-07  3.20113601e+00 
 1.05178194e-07  3.25076455e+00 
 1.05203194e-07  3.27059171e+00 
 1.05228194e-07  3.28117889e+00 
 1.05253194e-07  3.28771841e+00 
 1.05278194e-07  3.29188679e+00 
 1.05303194e-07  3.29454242e+00 
 1.05328194e-07  3.29624686e+00 
 1.05353194e-07  3.29735058e+00 
 1.05378194e-07  3.29806548e+00 
 1.05403194e-07  3.29856879e+00 
 1.05428194e-07  3.29896550e+00 
 1.05453194e-07  3.29926432e+00 
 1.05478194e-07  3.29948433e+00 
 1.05503194e-07  3.29964093e+00 
 1.05528194e-07  3.29974199e+00 
 1.05553194e-07  3.29980647e+00 
 1.05578194e-07  3.29984818e+00 
 1.05603194e-07  3.29987543e+00 
 1.05628194e-07  3.29989509e+00 
 1.05653194e-07  3.29991452e+00 
 1.05678194e-07  3.29993455e+00 
 1.05703194e-07  3.29995625e+00 
 1.05728194e-07  3.29996130e+00 
 1.05753194e-07  3.29994930e+00 
 1.05778194e-07  3.29993479e+00 
 1.05803194e-07  3.29992254e+00 
 1.05828194e-07  3.29991310e+00 
 1.05853194e-07  3.29990465e+00 
 1.05878194e-07  3.29989945e+00 
 1.05903194e-07  3.29990131e+00 
 1.05928194e-07  3.29991065e+00 
 1.05953194e-07  3.29992740e+00 
 1.05978194e-07  3.29995120e+00 
 1.06003194e-07  3.29997657e+00 
 1.06028194e-07  3.29999359e+00 
 1.06053194e-07  3.29999954e+00 
 1.06078194e-07  3.29999463e+00 
 1.06103194e-07  3.29998823e+00 
 1.06128194e-07  3.29998278e+00 
 1.06153194e-07  3.29997435e+00 
 1.06178194e-07  3.29995953e+00 
 1.06203194e-07  3.29994986e+00 
 1.06228194e-07  3.29996524e+00 
 1.06253194e-07  3.30000538e+00 
 1.06278194e-07  3.30003878e+00 
 1.06303194e-07  3.30001662e+00 
 1.06328194e-07  3.29993042e+00 
 1.06353194e-07  3.29981441e+00 
 1.06378194e-07  3.29972638e+00 
 1.06403194e-07  3.29967520e+00 
 1.06428194e-07  3.29967285e+00 
 1.06453194e-07  3.29971401e+00 
 1.06478194e-07  3.29977272e+00 
 1.06503194e-07  3.29980010e+00 
 1.06528194e-07  3.29982914e+00 
 1.06553194e-07  3.29989323e+00 
 1.06578194e-07  3.29994465e+00 
 1.06603194e-07  3.29996241e+00 
 1.06628194e-07  3.29994995e+00 
 1.06653194e-07  3.29990901e+00 
 1.06678194e-07  3.29983215e+00 
 1.06703194e-07  3.29971753e+00 
 1.06728194e-07  3.29961768e+00 
 1.06753194e-07  3.29958774e+00 
 1.06778194e-07  3.29962084e+00 
 1.06803194e-07  3.29969711e+00 
 1.06828194e-07  3.29982943e+00 
 1.06853194e-07  3.30005399e+00 
 1.06878194e-07  3.30041640e+00 
 1.06903194e-07  3.30087571e+00 
 1.06928194e-07  3.30138952e+00 
 1.06953194e-07  3.30189521e+00 
 1.06978194e-07  3.30241290e+00 
 1.07003194e-07  3.30296325e+00 
 1.07028194e-07  3.30354886e+00 
 1.07053194e-07  3.30416053e+00 
 1.07078194e-07  3.30476447e+00 
 1.07103194e-07  3.30530704e+00 
 1.07128194e-07  3.30580931e+00 
 1.07153194e-07  3.30636302e+00 
 1.07178194e-07  3.30705417e+00 
 1.07203194e-07  3.30795937e+00 
 1.07228194e-07  3.30916740e+00 
 1.07253194e-07  3.31080815e+00 
 1.07278194e-07  3.31309233e+00 
 1.07303194e-07  3.31626731e+00 
 1.07328194e-07  3.31993839e+00 
 1.07353194e-07  3.32068142e+00 
 1.07378194e-07  3.31112352e+00 
 1.07403194e-07  3.28478838e+00 
 1.07428194e-07  3.23674515e+00 
 1.07453194e-07  3.15912578e+00 
 1.07478194e-07  3.03951374e+00 
 1.07503194e-07  2.84217639e+00 
 1.07528194e-07  2.43601427e+00 
 1.07553194e-07  1.76151956e+00 
 1.07578194e-07  9.00946912e-01 
 1.07603194e-07  2.80855001e-01 
 1.07628194e-07  6.38489065e-02 
 1.07653194e-07  2.79648375e-02 
 1.07678194e-07  1.74330500e-02 
 1.07703194e-07  1.10721624e-02 
 1.07728194e-07  7.03262238e-03 
 1.07753194e-07  4.43241185e-03 
 1.07778194e-07  2.77922142e-03 
 1.07803194e-07  1.74098449e-03 
 1.07828194e-07  1.09394175e-03 
 1.07853194e-07  6.94980540e-04 
 1.07878194e-07  4.50164539e-04 
 1.07903194e-07  3.00163767e-04 
 1.07928194e-07  2.08169470e-04 
 1.07953194e-07  1.50307620e-04 
 1.07978194e-07  1.12109611e-04 
 1.08003194e-07  8.56464947e-05 
 1.08028194e-07  6.62987905e-05 
 1.08053194e-07  5.06544208e-05 
 1.08078194e-07  3.36038548e-05 
 1.08103194e-07  2.25675149e-05 
 1.08128194e-07  1.79722186e-05 
 1.08153194e-07  1.68073468e-05 
 1.08178194e-07  1.78666137e-05 
 1.08203194e-07  1.95428585e-05 
 1.08228194e-07  1.79692562e-05 
 1.08253194e-07  1.11964562e-05 
 1.08278194e-07  2.16679122e-06 
 1.08303194e-07 -3.83551442e-06 
 1.08328194e-07 -4.80719096e-06 
 1.08353194e-07 -3.23849285e-06 
 1.08378194e-07  1.05671103e-06 
 1.08403194e-07  7.45676667e-06 
 1.08428194e-07  1.01239484e-05 
 1.08453194e-07  1.29638455e-05 
 1.08478194e-07  1.54321973e-05 
 1.08503194e-07  1.52956112e-05 
 1.08528194e-07  1.21203666e-05 
 1.08553194e-07  5.97346556e-06 
 1.08578194e-07 -3.61915423e-06 
 1.08603194e-07 -1.62807697e-05 
 1.08628194e-07 -2.76735821e-05 
 1.08653194e-07 -2.70672561e-05 
 1.08678194e-07 -1.40319377e-05 
 1.08703194e-07  1.29487654e-05 
 1.08728194e-07  5.52049615e-05 
 1.08753194e-07  1.03287509e-04 
 1.08778194e-07  1.46666168e-04 
 1.08803194e-07  1.63377465e-04 
 1.08828194e-07  1.60143835e-04 
 1.08853194e-07  1.48463498e-04 
 1.08878194e-07  1.38797831e-04 
 1.08903194e-07  1.19428807e-04 
 1.08928194e-07  7.19491342e-05 
 1.08953194e-07  3.80155033e-05 
 1.08978194e-07  3.68297974e-05 
 1.09003194e-07  7.34259708e-05 
 1.09028194e-07  1.45675687e-04 
 1.09053194e-07  1.99390299e-04 
 1.09078194e-07  1.61027877e-04 
 1.09103194e-07 -4.38815860e-05 
 1.09128194e-07 -4.97472066e-04 
 1.09153194e-07 -1.16459955e-03 
 1.09178194e-07 -1.81984710e-03 
 1.09203194e-07 -2.59732068e-03 
 1.09228194e-07 -3.32863203e-03 
 1.09253194e-07 -4.05226603e-03 
 1.09278194e-07 -4.79870528e-03 
 1.09303194e-07 -5.61478269e-03 
 1.09328194e-07 -6.54810641e-03 
 1.09353194e-07 -7.67224158e-03 
 1.09378194e-07 -9.06713156e-03 
 1.09403194e-07 -1.08784192e-02 
 1.09428194e-07 -1.32039082e-02 
 1.09453194e-07 -1.54132047e-02 
 1.09478194e-07 -1.46844256e-02 
 1.09503194e-07 -5.95598708e-03 
 1.09528194e-07  1.52332652e-02 
 1.09553194e-07  5.36743060e-02 
 1.09578194e-07  1.16693202e-01 
 1.09603194e-07  2.18149583e-01 
 1.09628194e-07  3.92681172e-01 
 1.09653194e-07  7.44543875e-01 
 1.09678194e-07  1.34676098e+00 
 1.09703194e-07  2.14831813e+00 
 1.09728194e-07  2.78442268e+00 
 1.09753194e-07  3.09690285e+00 
 1.09778194e-07  3.21441433e+00 
 1.09803194e-07  3.25560420e+00 
 1.09828194e-07  3.27294887e+00 
 1.09853194e-07  3.28259371e+00 
 1.09878194e-07  3.28861856e+00 
 1.09903194e-07  3.29246012e+00 
 1.09928194e-07  3.29490922e+00 
 1.09953194e-07  3.29648374e+00 
 1.09978194e-07  3.29750423e+00 
 1.10003194e-07  3.29816747e+00 
 1.10028194e-07  3.29864843e+00 
 1.10053194e-07  3.29902673e+00 
 1.10078194e-07  3.29930960e+00 
 1.10103194e-07  3.29951754e+00 
 1.10128194e-07  3.29966288e+00 
 1.10153194e-07  3.29975614e+00 
 1.10178194e-07  3.29981549e+00 
 1.10203194e-07  3.29985401e+00 
 1.10228194e-07  3.29987944e+00 
 1.10253194e-07  3.29989850e+00 
 1.10278194e-07  3.29991816e+00 
 1.10303194e-07  3.29993872e+00 
 1.10328194e-07  3.29995905e+00 
 1.10353194e-07  3.29995985e+00 
 1.10378194e-07  3.29994643e+00 
 1.10403194e-07  3.29993226e+00 
 1.10428194e-07  3.29992054e+00 
 1.10453194e-07  3.29991144e+00 
 1.10478194e-07  3.29990320e+00 
 1.10503194e-07  3.29989917e+00 
 1.10528194e-07  3.29990245e+00 
 1.10553194e-07  3.29991324e+00 
 1.10578194e-07  3.29993142e+00 
 1.10603194e-07  3.29995616e+00 
 1.10628194e-07  3.29998061e+00 
 1.10653194e-07  3.29999568e+00 
 1.10678194e-07  3.29999920e+00 
 1.10703194e-07  3.29999343e+00 
 1.10728194e-07  3.29998698e+00 
 1.10753194e-07  3.29998176e+00 
 1.10778194e-07  3.29997190e+00 
 1.10803194e-07  3.29995666e+00 
 1.10828194e-07  3.29994943e+00 
 1.10853194e-07  3.29997182e+00 
 1.10878194e-07  3.30001422e+00 
 1.10903194e-07  3.30003946e+00 
 1.10928194e-07  3.30000462e+00 
 1.10953194e-07  3.29990990e+00 
 1.10978194e-07  3.29979502e+00 
 1.11003194e-07  3.29971400e+00 
 1.11028194e-07  3.29967107e+00 
 1.11053194e-07  3.29967723e+00 
 1.11078194e-07  3.29972597e+00 
 1.11103194e-07  3.29977986e+00 
 1.11128194e-07  3.29980277e+00 
 1.11153194e-07  3.29983917e+00 
 1.11178194e-07  3.29990585e+00 
 1.11203194e-07  3.29995067e+00 
 1.11228194e-07  3.29996205e+00 
 1.11253194e-07  3.29994454e+00 
 1.11278194e-07  3.29989767e+00 
 1.11303194e-07  3.29981310e+00 
 1.11328194e-07  3.29969493e+00 
 1.11353194e-07  3.29960593e+00 
 1.11378194e-07  3.29959020e+00 
 1.11403194e-07  3.29963200e+00 
 1.11428194e-07  3.29971665e+00 
 1.11453194e-07  3.29986318e+00 
 1.11478194e-07  3.30011643e+00 
 1.11503194e-07  3.30049881e+00 
 1.11528194e-07  3.30096908e+00 
 1.11553194e-07  3.30148554e+00 
 1.11578194e-07  3.30199032e+00 
 1.11603194e-07  3.30251331e+00 
 1.11628194e-07  3.30306909e+00 
 1.11653194e-07  3.30366255e+00 
 1.11678194e-07  3.30427502e+00 
 1.11703194e-07  3.30487140e+00 
 1.11728194e-07  3.30540214e+00 
 1.11753194e-07  3.30590709e+00 
 1.11778194e-07  3.30647906e+00 
 1.11803194e-07  3.30720439e+00 
 1.11828194e-07  3.30815869e+00 
 1.11853194e-07  3.30943602e+00 
 1.11878194e-07  3.31117754e+00 
 1.11903194e-07  3.31360501e+00 
 1.11928194e-07  3.31695890e+00 
 1.11953194e-07  3.32048339e+00 
 1.11978194e-07  3.31993386e+00 
 1.12003194e-07  3.30752903e+00 
 1.12028194e-07  3.27787543e+00 
 1.12053194e-07  3.22505657e+00 
 1.12078194e-07  3.14082437e+00 
 1.12103194e-07  3.01060201e+00 
 1.12128194e-07  2.78781071e+00 
 1.12153194e-07  2.33229983e+00 
 1.12178194e-07  1.60932495e+00 
 1.12203194e-07  7.60659705e-01 
 1.12228194e-07  2.14703895e-01 
 1.12253194e-07  5.13119843e-02 
 1.12278194e-07  2.54821380e-02 
 1.12303194e-07  1.60083871e-02 
 1.12328194e-07  1.01800715e-02 
 1.12353194e-07  6.45714655e-03 
 1.12378194e-07  4.06445471e-03 
 1.12403194e-07  2.54730892e-03 
 1.12428194e-07  1.59597258e-03 
 1.12453194e-07  1.00415542e-03 
 1.12478194e-07  6.39797880e-04 
 1.12503194e-07  4.16398532e-04 
 1.12528194e-07  2.79517432e-04 
 1.12553194e-07  1.95364547e-04 
 1.12578194e-07  1.41995753e-04 
 1.12603194e-07  1.06490009e-04 
 1.12628194e-07  8.15488354e-05 
 1.12653194e-07  6.32410582e-05 
 1.12678194e-07  4.76254921e-05 
 1.12703194e-07  3.09357044e-05 
 1.12728194e-07  2.13423506e-05 
 1.12753194e-07  1.74703807e-05 
 1.12778194e-07  1.68370817e-05 
 1.12803194e-07  1.81943984e-05 
 1.12828194e-07  1.95958437e-05 
 1.12853194e-07  1.70729298e-05 
 1.12878194e-07  9.49270877e-06 
 1.12903194e-07  6.79380120e-07 
 1.12928194e-07 -4.30003615e-06 
 1.12953194e-07 -4.71297980e-06 
 1.12978194e-07 -2.65012725e-06 
 1.13003194e-07  2.34296471e-06 
 1.13028194e-07  8.09037639e-06 
 1.13053194e-07  1.06941977e-05 
 1.13078194e-07  1.34498585e-05 
 1.13103194e-07  1.56995113e-05 
 1.13128194e-07  1.49300703e-05 
 1.13153194e-07  1.12364264e-05 
 1.13178194e-07  4.35504901e-06 
 1.13203194e-07 -5.69204857e-06 
 1.13228194e-07 -1.87232941e-05 
 1.13253194e-07 -2.85482687e-05 
 1.13278194e-07 -2.56448189e-05 
 1.13303194e-07 -1.02992835e-05 
 1.13328194e-07  1.92316461e-05 
 1.13353194e-07  6.39414127e-05 
 1.13378194e-07  1.11690016e-04 
 1.13403194e-07  1.52669368e-04 
 1.13428194e-07  1.64169609e-04 
 1.13453194e-07  1.57574430e-04 
 1.13478194e-07  1.46745528e-04 
 1.13503194e-07  1.36898029e-04 
 1.13528194e-07  1.11641003e-04 
 1.13553194e-07  6.36491442e-05 
 1.13578194e-07  3.51882830e-05 
 1.13603194e-07  4.08893252e-05 
 1.13628194e-07  8.47985953e-05 
 1.13653194e-07  1.59800536e-04 
 1.13678194e-07  2.01340421e-04 
 1.13703194e-07  1.37989088e-04 
 1.13728194e-07 -1.09258486e-04 
 1.13753194e-07 -6.08603064e-04 
 1.13778194e-07 -1.28691418e-03 
 1.13803194e-07 -1.96566729e-03 
 1.13828194e-07 -2.73552236e-03 
 1.13853194e-07 -3.46328728e-03 
 1.13878194e-07 -4.18844186e-03 
 1.13903194e-07 -4.94448527e-03 
 1.13928194e-07 -5.77717300e-03 
 1.13953194e-07 -6.74014448e-03 
 1.13978194e-07 -7.90901214e-03 
 1.14003194e-07 -9.36864444e-03 
 1.14028194e-07 -1.12721589e-02 
 1.14053194e-07 -1.36694986e-02 
 1.14078194e-07 -1.56284881e-02 
 1.14103194e-07 -1.38300455e-02 
 1.14128194e-07 -3.02697313e-03 
 1.14153194e-07  2.08496149e-02 
 1.14178194e-07  6.32446260e-02 
 1.14203194e-07  1.32006387e-01 
 1.14228194e-07  2.43304477e-01 
 1.14253194e-07  4.39912916e-01 
 1.14278194e-07  8.35713757e-01 
 1.14303194e-07  1.48450665e+00 
 1.14328194e-07  2.28978108e+00 
 1.14353194e-07  2.86404255e+00 
 1.14378194e-07  3.12872651e+00 
 1.14403194e-07  3.22545612e+00 
 1.14428194e-07  3.25980685e+00 
 1.14453194e-07  3.27511274e+00 
 1.14478194e-07  3.28391696e+00 
 1.14503194e-07  3.28946214e+00 
 1.14528194e-07  3.29299709e+00 
 1.14553194e-07  3.29525329e+00 
 1.14578194e-07  3.29670619e+00 
 1.14603194e-07  3.29764814e+00 
 1.14628194e-07  3.29826517e+00 
 1.14653194e-07  3.29872558e+00 
 1.14678194e-07  3.29908523e+00 
 1.14703194e-07  3.29935276e+00 
 1.14728194e-07  3.29954871e+00 
 1.14753194e-07  3.29968321e+00 
 1.14778194e-07  3.29976918e+00 
 1.14803194e-07  3.29982385e+00 
 1.14828194e-07  3.29985944e+00 
 1.14853194e-07  3.29988324e+00 
 1.14878194e-07  3.29990204e+00 
 1.14903194e-07  3.29992162e+00 
 1.14928194e-07  3.29994290e+00 
 1.14953194e-07  3.29996108e+00 
 1.14978194e-07  3.29995803e+00 
 1.15003194e-07  3.29994370e+00 
 1.15028194e-07  3.29992993e+00 
 1.15053194e-07  3.29991873e+00 
 1.15078194e-07  3.29990995e+00 
 1.15103194e-07  3.29990199e+00 
 1.15128194e-07  3.29989923e+00 
 1.15153194e-07  3.29990389e+00 
 1.15178194e-07  3.29991595e+00 
 1.15203194e-07  3.29993548e+00 
 1.15228194e-07  3.29996089e+00 
 1.15253194e-07  3.29998411e+00 
 1.15278194e-07  3.29999722e+00 
 1.15303194e-07  3.29999857e+00 
 1.15328194e-07  3.29999220e+00 
 1.15353194e-07  3.29998584e+00 
 1.15378194e-07  3.29998069e+00 
 1.15403194e-07  3.29996927e+00 
 1.15428194e-07  3.29995447e+00 
 1.15453194e-07  3.29995033e+00 
 1.15478194e-07  3.29997931e+00 
 1.15503194e-07  3.30002257e+00 
 1.15528194e-07  3.30003785e+00 
 1.15553194e-07  3.29999089e+00 
 1.15578194e-07  3.29988859e+00 
 1.15603194e-07  3.29977729e+00 
 1.15628194e-07  3.29970296e+00 
 1.15653194e-07  3.29966906e+00 
 1.15678194e-07  3.29968252e+00 
 1.15703194e-07  3.29973822e+00 
 1.15728194e-07  3.29978590e+00 
 1.15753194e-07  3.29980644e+00 
 1.15778194e-07  3.29985007e+00 
 1.15803194e-07  3.29991641e+00 
 1.15828194e-07  3.29995533e+00 
 1.15853194e-07  3.29996097e+00 
 1.15878194e-07  3.29993861e+00 
 1.15903194e-07  3.29988576e+00 
 1.15928194e-07  3.29979369e+00 
 1.15953194e-07  3.29967529e+00 
 1.15978194e-07  3.29959801e+00 
 1.16003194e-07  3.29959419e+00 
 1.16028194e-07  3.29964370e+00 
 1.16053194e-07  3.29973703e+00 
 1.16078194e-07  3.29989828e+00 
 1.16103194e-07  3.30017581e+00 
 1.16128194e-07  3.30057556e+00 
 1.16153194e-07  3.30105801e+00 
 1.16178194e-07  3.30157590e+00 
 1.16203194e-07  3.30207909e+00 
 1.16228194e-07  3.30260696e+00 
 1.16253194e-07  3.30316853e+00 
 1.16278194e-07  3.30376907e+00 
 1.16303194e-07  3.30438113e+00 
 1.16328194e-07  3.30496894e+00 
 1.16353194e-07  3.30548754e+00 
 1.16378194e-07  3.30599691e+00 
 1.16403194e-07  3.30659062e+00 
 1.16428194e-07  3.30734999e+00 
 1.16453194e-07  3.30835220e+00 
 1.16478194e-07  3.30969752e+00 
 1.16503194e-07  3.31153854e+00 
 1.16528194e-07  3.31411905e+00 
 1.16553194e-07  3.31761667e+00 
 1.16578194e-07  3.32086312e+00 
 1.16603194e-07  3.31887635e+00 
 1.16628194e-07  3.30362452e+00 
 1.16653194e-07  3.27071654e+00 
 1.16678194e-07  3.21290743e+00 
 1.16703194e-07  3.12250549e+00 
 1.16728194e-07  2.98194089e+00 
 1.16753194e-07  2.72967531e+00 
 1.16778194e-07  2.22878441e+00 
 1.16803194e-07  1.46407336e+00 
 1.16828194e-07  6.42290510e-01 
 1.16853194e-07  1.66832277e-01 
 1.16876010e-07  4.94295219e-02 
 1.16901010e-07  2.44489555e-02 
 1.16926010e-07  1.54158613e-02 
 1.16951010e-07  9.80586868e-03 
 1.16976010e-07  6.21607206e-03 
 1.17001010e-07  3.91069126e-03 
 1.17026010e-07  2.45060853e-03 
 1.17051010e-07  1.53559613e-03 
 1.17076010e-07  9.66847592e-04 
 1.17101010e-07  6.16890568e-04 
 1.17126010e-07  4.02387578e-04 
 1.17151010e-07  2.70942966e-04 
 1.17176010e-07  1.90027699e-04 
 1.17201010e-07  1.38514950e-04 
 1.17226010e-07  1.04133605e-04 
 1.17251010e-07  7.98206213e-05 
 1.17276010e-07  6.19554175e-05 
 1.17301010e-07  4.63002466e-05 
 1.17326010e-07  2.98758290e-05 
 1.17351010e-07  2.08590090e-05 
 1.17376010e-07  1.73114254e-05 
 1.17401010e-07  1.68687803e-05 
 1.17426010e-07  1.83288925e-05 
 1.17451010e-07  1.95664500e-05 
 1.17476010e-07  1.66520159e-05 
 1.17501010e-07  8.80240608e-06 
 1.17526010e-07  1.22671029e-07 
 1.17551010e-07 -4.44501555e-06 
 1.17576010e-07 -4.65423297e-06 
 1.17601010e-07 -2.40975863e-06 
 1.17626010e-07  2.85324657e-06 
 1.17651010e-07  8.30602573e-06 
 1.17676010e-07  1.09192678e-05 
 1.17701010e-07  1.36125084e-05 
 1.17726010e-07  1.57362889e-05 
 1.17751010e-07  1.47597779e-05 
 1.17776010e-07  1.08830382e-05 
 1.17801010e-07  3.71706608e-06 
 1.17826010e-07 -6.50983031e-06 
 1.17851010e-07 -1.96424453e-05 
 1.17876010e-07 -2.87952995e-05 
 1.17901010e-07 -2.49539324e-05 
 1.17926010e-07 -8.75480549e-06 
 1.17951010e-07  2.18352823e-05 
 1.17976010e-07  6.73581594e-05 
 1.18001010e-07  1.14141357e-04 
 1.18026010e-07  1.53490205e-04 
 1.18051010e-07  1.65164057e-04 
 1.18076010e-07  1.56616483e-04 
 1.18101010e-07  1.46367445e-04 
 1.18126010e-07  1.35903053e-04 
 1.18151010e-07  1.08444844e-04 
 1.18176010e-07  6.16567394e-05 
 1.18201010e-07  3.50353194e-05 
 1.18226010e-07  4.25541494e-05 
 1.18251010e-07  8.91259513e-05 
 1.18276010e-07  1.64495388e-04 
 1.18301010e-07  2.00907814e-04 
 1.18326010e-07  1.27802563e-04 
 1.18351010e-07 -1.35469363e-04 
 1.18376010e-07 -6.50871380e-04 
 1.18401010e-07 -1.33138861e-03 
 1.18426010e-07 -2.01814699e-03 
 1.18451010e-07 -2.78465422e-03 
 1.18476010e-07 -3.51100018e-03 
 1.18501010e-07 -4.23663957e-03 
 1.18526010e-07 -4.99610702e-03 
 1.18551010e-07 -5.83478534e-03 
 1.18576010e-07 -6.80901659e-03 
 1.18601010e-07 -7.99288821e-03 
 1.18626010e-07 -9.47582760e-03 
 1.18651010e-07 -1.14132097e-02 
 1.18676010e-07 -1.38287159e-02 
 1.18701010e-07 -1.56727013e-02 
 1.18726010e-07 -1.34562325e-02 
 1.18751010e-07 -1.89355294e-03 
 1.18776010e-07  2.29412258e-02 
 1.18801010e-07  6.67615815e-02 
 1.18826010e-07  1.37614399e-01 
 1.18851010e-07  2.52570177e-01 
 1.18876010e-07  4.57810506e-01 
 1.18901010e-07  8.68991525e-01 
 1.18926010e-07  1.53319690e+00 
 1.18951010e-07  2.33535073e+00 
 1.18976010e-07  2.88830164e+00 
 1.19001010e-07  3.13817679e+00 
 1.19026010e-07  3.22873144e+00 
 1.19051010e-07  3.26109681e+00 
 1.19076010e-07  3.27579916e+00 
 1.19101010e-07  3.28434045e+00 
 1.19126010e-07  3.28973196e+00 
 1.19151010e-07  3.29316854e+00 
 1.19176010e-07  3.29536299e+00 
 1.19201010e-07  3.29677697e+00 
 1.19226010e-07  3.29769375e+00 
 1.19251010e-07  3.29829621e+00 
 1.19276010e-07  3.29874997e+00 
 1.19301010e-07  3.29910385e+00 
 1.19326010e-07  3.29936629e+00 
 1.19351010e-07  3.29955825e+00 
 1.19376010e-07  3.29968937e+00 
 1.19401010e-07  3.29977311e+00 
 1.19426010e-07  3.29982639e+00 
 1.19451010e-07  3.29986111e+00 
 1.19476010e-07  3.29988441e+00 
 1.19501010e-07  3.29990314e+00 
 1.19526010e-07  3.29992267e+00 
 1.19551010e-07  3.29994413e+00 
 1.19576010e-07  3.29996148e+00 
 1.19601010e-07  3.29995748e+00 
 1.19626010e-07  3.29994301e+00 
 1.19651010e-07  3.29992936e+00 
 1.19676010e-07  3.29991831e+00 
 1.19701010e-07  3.29990960e+00 
 1.19726010e-07  3.29990173e+00 
 1.19751010e-07  3.29989937e+00 
 1.19776010e-07  3.29990437e+00 
 1.19801010e-07  3.29991671e+00 
 1.19826010e-07  3.29993658e+00 
 1.19851010e-07  3.29996211e+00 
 1.19876010e-07  3.29998497e+00 
 1.19901010e-07  3.29999758e+00 
 1.19926010e-07  3.29999839e+00 
 1.19951010e-07  3.29999189e+00 
 1.19976010e-07  3.29998557e+00 
 1.20001010e-07  3.29998041e+00 
 1.20026010e-07  3.29996870e+00 
 1.20051010e-07  3.29995386e+00 
 1.20076010e-07  3.29995032e+00 
 1.20101010e-07  3.29998107e+00 
 1.20126010e-07  3.30002438e+00 
 1.20151010e-07  3.30003730e+00 
 1.20176010e-07  3.29998789e+00 
 1.20201010e-07  3.29988419e+00 
 1.20226010e-07  3.29977400e+00 
 1.20251010e-07  3.29970111e+00 
 1.20276010e-07  3.29966905e+00 
 1.20301010e-07  3.29968396e+00 
 1.20326010e-07  3.29974094e+00 
 1.20351010e-07  3.29978719e+00 
 1.20376010e-07  3.29980752e+00 
 1.20401010e-07  3.29985246e+00 
 1.20426010e-07  3.29991832e+00 
 1.20451010e-07  3.29995616e+00 
 1.20476010e-07  3.29996076e+00 
 1.20501010e-07  3.29993751e+00 
 1.20526010e-07  3.29988358e+00 
 1.20551010e-07  3.29979026e+00 
 1.20576010e-07  3.29967209e+00 
 1.20601010e-07  3.29959702e+00 
 1.20626010e-07  3.29959527e+00 
 1.20651010e-07  3.29964604e+00 
 1.20676010e-07  3.29974083e+00 
 1.20701010e-07  3.29990453e+00 
 1.20726010e-07  3.30018597e+00 
 1.20751010e-07  3.30058820e+00 
 1.20776010e-07  3.30107218e+00 
 1.20801010e-07  3.30158985e+00 
 1.20826010e-07  3.30209212e+00 
 1.20851010e-07  3.30262120e+00 
 1.20876010e-07  3.30318354e+00 
 1.20901010e-07  3.30378430e+00 
 1.20926010e-07  3.30439578e+00 
 1.20951010e-07  3.30498125e+00 
 1.20976010e-07  3.30549922e+00 
 1.21001010e-07  3.30600976e+00 
 1.21026010e-07  3.30660518e+00 
 1.21051010e-07  3.30736900e+00 
 1.21076010e-07  3.30837777e+00 
 1.21101010e-07  3.30973227e+00 
 1.21126010e-07  3.31159063e+00 
 1.21151010e-07  3.31418364e+00 
 1.21176010e-07  3.31769358e+00 
 1.21201010e-07  3.32089685e+00 
 1.21226010e-07  3.31869614e+00 
 1.21251010e-07  3.30305039e+00 
 1.21276010e-07  3.26957985e+00 
 1.21301010e-07  3.21130080e+00 
 1.21326010e-07  3.12024353e+00 
 1.21351010e-07  2.97810329e+00 
 1.21376010e-07  2.72164340e+00 
 1.21401010e-07  2.21502950e+00 
 1.21426010e-07  1.44535981e+00 
 1.21451010e-07  6.27492955e-01 
 1.21476010e-07  1.61034284e-01 
 1.21500751e-07  4.30973947e-02 
 1.21525751e-07  2.33595765e-02 
 1.21550751e-07  1.47367454e-02 
 1.21575751e-07  9.37815277e-03 
 1.21600751e-07  5.94038945e-03 
 1.21625751e-07  3.73515340e-03 
 1.21650751e-07  2.34031246e-03 
 1.21675751e-07  1.46679843e-03 
 1.21700751e-07  9.24763840e-04 
 1.21725751e-07  5.90953169e-04 
 1.21750751e-07  3.86095097e-04 
 1.21775751e-07  2.61003575e-04 
 1.21800751e-07  1.83828224e-04 
 1.21825751e-07  1.34481113e-04 
 1.21850751e-07  1.01393154e-04 
 1.21875751e-07  7.78217196e-05 
 1.21900751e-07  6.04359668e-05 
 1.21925751e-07  4.47457067e-05 
 1.21950751e-07  2.87038474e-05 
 1.21975751e-07  2.03186815e-05 
 1.22000751e-07  1.71363848e-05 
 1.22025751e-07  1.69050945e-05 
 1.22050751e-07  1.84724775e-05 
 1.22075751e-07  1.94926590e-05 
 1.22100751e-07  1.61249764e-05 
 1.22125751e-07  8.00174929e-06 
 1.22150751e-07 -5.05277736e-07 
 1.22175751e-07 -4.56385594e-06 
 1.22200751e-07 -4.57582348e-06 
 1.22225751e-07 -2.12644526e-06 
 1.22250751e-07  3.44185468e-06 
 1.22275751e-07  8.53240643e-06 
 1.22300751e-07  1.11595022e-05 
 1.22325751e-07  1.38010891e-05 
 1.22350751e-07  1.57587089e-05 
 1.22375751e-07  1.45425472e-05 
 1.22400751e-07  1.04654838e-05 
 1.22425751e-07  2.97122424e-06 
 1.22450751e-07 -7.55362168e-06 
 1.22475751e-07 -2.06943239e-05 
 1.22500751e-07 -2.89189832e-05 
 1.22525751e-07 -2.40613328e-05 
 1.22550751e-07 -6.88710964e-06 
 1.22575751e-07  2.49039383e-05 
 1.22600751e-07  7.11881583e-05 
 1.22625751e-07  1.18813916e-04 
 1.22650751e-07  1.55061384e-04 
 1.22675751e-07  1.64349929e-04 
 1.22700751e-07  1.55361082e-04 
 1.22725751e-07  1.45472680e-04 
 1.22750751e-07  1.35136496e-04 
 1.22775751e-07  1.04504011e-04 
 1.22800751e-07  5.79466001e-05 
 1.22825751e-07  3.41617192e-05 
 1.22850751e-07  4.45479785e-05 
 1.22875751e-07  9.39258144e-05 
 1.22900751e-07  1.69043877e-04 
 1.22925751e-07  2.00013826e-04 
 1.22950751e-07  1.17290831e-04 
 1.22975751e-07 -1.62778752e-04 
 1.23000751e-07 -6.94546991e-04 
 1.23025751e-07 -1.37603185e-03 
 1.23050751e-07 -2.07064576e-03 
 1.23075751e-07 -2.83353735e-03 
 1.23100751e-07 -3.55847155e-03 
 1.23125751e-07 -4.28464803e-03 
 1.23150751e-07 -5.04764509e-03 
 1.23175751e-07 -5.89247793e-03 
 1.23200751e-07 -6.87818514e-03 
 1.23225751e-07 -8.07733061e-03 
 1.23250751e-07 -9.58408561e-03 
 1.23275751e-07 -1.15515911e-02 
 1.23300751e-07 -1.39841748e-02 
 1.23325751e-07 -1.57029841e-02 
 1.23350751e-07 -1.30445152e-02 
 1.23375751e-07 -7.05471907e-04 
 1.23400751e-07  2.50992723e-02 
 1.23425751e-07  7.03732057e-02 
 1.23450751e-07  1.43372289e-01 
 1.23475751e-07  2.62127357e-01 
 1.23500751e-07  4.76578314e-01 
 1.23525751e-07  9.03216567e-01 
 1.23550751e-07  1.58242042e+00 
 1.23575751e-07  2.37931141e+00 
 1.23600751e-07  2.91114886e+00 
 1.23625751e-07  3.14697179e+00 
 1.23650751e-07  3.23178093e+00 
 1.23675751e-07  3.26231987e+00 
 1.23700751e-07  3.27645981e+00 
 1.23725751e-07  3.28474969e+00 
 1.23750751e-07  3.28999266e+00 
 1.23775751e-07  3.29333414e+00 
 1.23800751e-07  3.29546895e+00 
 1.23825751e-07  3.29684532e+00 
 1.23850751e-07  3.29773776e+00 
 1.23875751e-07  3.29832703e+00 
 1.23900751e-07  3.29877394e+00 
 1.23925751e-07  3.29912118e+00 
 1.23950751e-07  3.29937904e+00 
 1.23975751e-07  3.29956739e+00 
 1.24000751e-07  3.29969528e+00 
 1.24025751e-07  3.29977692e+00 
 1.24050751e-07  3.29982887e+00 
 1.24075751e-07  3.29986275e+00 
 1.24100751e-07  3.29988558e+00 
 1.24125751e-07  3.29990427e+00 
 1.24150751e-07  3.29992376e+00 
 1.24175751e-07  3.29994541e+00 
 1.24200751e-07  3.29996183e+00 
 1.24225751e-07  3.29995688e+00 
 1.24250751e-07  3.29994231e+00 
 1.24275751e-07  3.29992877e+00 
 1.24300751e-07  3.29991788e+00 
 1.24325751e-07  3.29990922e+00 
 1.24350751e-07  3.29990152e+00 
 1.24375751e-07  3.29989948e+00 
 1.24400751e-07  3.29990485e+00 
 1.24425751e-07  3.29991755e+00 
 1.24450751e-07  3.29993775e+00 
 1.24475751e-07  3.29996336e+00 
 1.24500751e-07  3.29998581e+00 
 1.24525751e-07  3.29999791e+00 
 1.24550751e-07  3.29999817e+00 
 1.24575751e-07  3.29999157e+00 
 1.24600751e-07  3.29998528e+00 
 1.24625751e-07  3.29998011e+00 
 1.24650751e-07  3.29996796e+00 
 1.24675751e-07  3.29995347e+00 
 1.24700751e-07  3.29995119e+00 
 1.24725751e-07  3.29998298e+00 
 1.24750751e-07  3.30002585e+00 
 1.24775751e-07  3.30003654e+00 
 1.24800751e-07  3.29998416e+00 
 1.24825751e-07  3.29987882e+00 
 1.24850751e-07  3.29977002e+00 
 1.24875751e-07  3.29969882e+00 
 1.24900751e-07  3.29966896e+00 
 1.24925751e-07  3.29968562e+00 
 1.24950751e-07  3.29974416e+00 
 1.24975751e-07  3.29978860e+00 
 1.25000751e-07  3.29980878e+00 
 1.25025751e-07  3.29985537e+00 
 1.25050751e-07  3.29992060e+00 
 1.25075751e-07  3.29995711e+00 
 1.25100751e-07  3.29996043e+00 
 1.25125751e-07  3.29993606e+00 
 1.25150751e-07  3.29988076e+00 
 1.25175751e-07  3.29978585e+00 
 1.25200751e-07  3.29966805e+00 
 1.25225751e-07  3.29959579e+00 
 1.25250751e-07  3.29959662e+00 
 1.25275751e-07  3.29964898e+00 
 1.25300751e-07  3.29974570e+00 
 1.25325751e-07  3.29991266e+00 
 1.25350751e-07  3.30019924e+00 
 1.25375751e-07  3.30060484e+00 
 1.25400751e-07  3.30109087e+00 
 1.25425751e-07  3.30160826e+00 
 1.25450751e-07  3.30210940e+00 
 1.25475751e-07  3.30264048e+00 
 1.25500751e-07  3.30320341e+00 
 1.25525751e-07  3.30380465e+00 
 1.25550751e-07  3.30441612e+00 
 1.25575751e-07  3.30499937e+00 
 1.25600751e-07  3.30551414e+00 
 1.25625751e-07  3.30602514e+00 
 1.25650751e-07  3.30662576e+00 
 1.25675751e-07  3.30739625e+00 
 1.25700751e-07  3.30841414e+00 
 1.25725751e-07  3.30978161e+00 
 1.25750751e-07  3.31165496e+00 
 1.25775751e-07  3.31428225e+00 
 1.25800751e-07  3.31781903e+00 
 1.25825751e-07  3.32094374e+00 
 1.25850751e-07  3.31844122e+00 
 1.25875751e-07  3.30224214e+00 
 1.25900751e-07  3.26829623e+00 
 1.25925751e-07  3.20894187e+00 
 1.25950751e-07  3.11646736e+00 
 1.25975751e-07  2.97236382e+00 
 1.26000751e-07  2.70977127e+00 
 1.26025751e-07  2.19492064e+00 
 1.26050751e-07  1.41820512e+00 
 1.26075751e-07  6.07520997e-01 
 1.26100751e-07  1.54171408e-01 
 1.26123917e-07  4.60376991e-02 
 1.26148917e-07  2.37016629e-02 
 1.26173917e-07  1.49642502e-02 
 1.26198917e-07  9.52181975e-03 
 1.26223917e-07  6.03348936e-03 
 1.26248917e-07  3.79464382e-03 
 1.26273917e-07  2.37779878e-03 
 1.26298917e-07  1.49025482e-03 
 1.26323917e-07  9.39289792e-04 
 1.26348917e-07  5.99881820e-04 
 1.26373917e-07  3.91552117e-04 
 1.26398917e-07  2.64371382e-04 
 1.26423917e-07  1.85934516e-04 
 1.26448917e-07  1.35866399e-04 
 1.26473917e-07  1.02359946e-04 
 1.26498917e-07  7.85452177e-05 
 1.26523917e-07  6.10181214e-05 
 1.26548917e-07  4.53916600e-05 
 1.26573917e-07  2.91903879e-05 
 1.26598917e-07  2.05310658e-05 
 1.26623917e-07  1.71884751e-05 
 1.26648917e-07  1.68615075e-05 
 1.26673917e-07  1.83781478e-05 
 1.26698917e-07  1.95111468e-05 
 1.26723917e-07  1.63771380e-05 
 1.26748917e-07  8.39762846e-06 
 1.26773917e-07 -1.92296171e-07 
 1.26798917e-07 -4.51405792e-06 
 1.26823917e-07 -4.62376902e-06 
 1.26848917e-07 -2.28318633e-06 
 1.26873917e-07  3.12002468e-06 
 1.26898917e-07  8.40352318e-06 
 1.26923917e-07  1.10242015e-05 
 1.26948917e-07  1.36878750e-05 
 1.26973917e-07  1.57359134e-05 
 1.26998917e-07  1.46553959e-05 
 1.27023917e-07  1.06960334e-05 
 1.27048917e-07  3.40311368e-06 
 1.27073917e-07 -6.97112119e-06 
 1.27098917e-07 -2.00770603e-05 
 1.27123917e-07 -2.88010246e-05 
 1.27148917e-07 -2.45795216e-05 
 1.27173917e-07 -8.03616244e-06 
 1.27198917e-07  2.29675805e-05 
 1.27223917e-07  6.87352897e-05 
 1.27248917e-07  1.16369188e-04 
 1.27273917e-07  1.54163373e-04 
 1.27298917e-07  1.64350054e-04 
 1.27323917e-07  1.55722917e-04 
 1.27348917e-07  1.45897026e-04 
 1.27373917e-07  1.35380084e-04 
 1.27398917e-07  1.07060243e-04 
 1.27423917e-07  6.04825524e-05 
 1.27448917e-07  3.46212375e-05 
 1.27473917e-07  4.30026751e-05 
 1.27498917e-07  9.04263155e-05 
 1.27523917e-07  1.65765659e-04 
 1.27548917e-07  2.00557018e-04 
 1.27573917e-07  1.25109110e-04 
 1.27598917e-07 -1.42792162e-04 
 1.27623917e-07 -6.62647470e-04 
 1.27648917e-07 -1.34267047e-03 
 1.27673917e-07 -2.03093327e-03 
 1.27698917e-07 -2.79581135e-03 
 1.27723917e-07 -3.52114777e-03 
 1.27748917e-07 -4.24625827e-03 
 1.27773917e-07 -5.00589781e-03 
 1.27798917e-07 -5.84526540e-03 
 1.27823917e-07 -6.82126800e-03 
 1.27848917e-07 -8.00745622e-03 
 1.27873917e-07 -9.49412710e-03 
 1.27898917e-07 -1.14367662e-02 
 1.27923917e-07 -1.38533134e-02 
 1.27948917e-07 -1.56719907e-02 
 1.27973917e-07 -1.33761235e-02 
 1.27998917e-07 -1.67939936e-03 
 1.28023917e-07  2.33143686e-02 
 1.28048917e-07  6.73644092e-02 
 1.28073917e-07  1.38542900e-01 
 1.28098917e-07  2.54058154e-01 
 1.28123917e-07  4.60618329e-01 
 1.28148917e-07  8.74014713e-01 
 1.28173917e-07  1.54031176e+00 
 1.28198917e-07  2.34171923e+00 
 1.28223917e-07  2.89159463e+00 
 1.28248917e-07  3.13942949e+00 
 1.28273917e-07  3.22915905e+00 
 1.28298917e-07  3.26126439e+00 
 1.28323917e-07  3.27588726e+00 
 1.28348917e-07  3.28439371e+00 
 1.28373917e-07  3.28976508e+00 
 1.28398917e-07  3.29318893e+00 
 1.28423917e-07  3.29537547e+00 
 1.28448917e-07  3.29678453e+00 
 1.28473917e-07  3.29769840e+00 
 1.28498917e-07  3.29829897e+00 
 1.28523917e-07  3.29875143e+00 
 1.28548917e-07  3.29910459e+00 
 1.28573917e-07  3.29936661e+00 
 1.28598917e-07  3.29955836e+00 
 1.28623917e-07  3.29968946e+00 
 1.28648917e-07  3.29977319e+00 
 1.28673917e-07  3.29982647e+00 
 1.28698917e-07  3.29986118e+00 
 1.28723917e-07  3.29988446e+00 
 1.28748917e-07  3.29990312e+00 
 1.28773917e-07  3.29992258e+00 
 1.28798917e-07  3.29994396e+00 
 1.28823917e-07  3.29996147e+00 
 1.28848917e-07  3.29995768e+00 
 1.28873917e-07  3.29994326e+00 
 1.28898917e-07  3.29992959e+00 
 1.28923917e-07  3.29991851e+00 
 1.28948917e-07  3.29990980e+00 
 1.28973917e-07  3.29990192e+00 
 1.28998917e-07  3.29989944e+00 
 1.29023917e-07  3.29990431e+00 
 1.29048917e-07  3.29991652e+00 
 1.29073917e-07  3.29993623e+00 
 1.29098917e-07  3.29996169e+00 
 1.29123917e-07  3.29998466e+00 
 1.29148917e-07  3.29999746e+00 
 1.29173917e-07  3.29999849e+00 
 1.29198917e-07  3.29999205e+00 
 1.29223917e-07  3.29998571e+00 
 1.29248917e-07  3.29998057e+00 
 1.29273917e-07  3.29996904e+00 
 1.29298917e-07  3.29995413e+00 
 1.29323917e-07  3.29995020e+00 
 1.29348917e-07  3.29998006e+00 
 1.29373917e-07  3.30002328e+00 
 1.29398917e-07  3.30003766e+00 
 1.29423917e-07  3.29999000e+00 
 1.29448917e-07  3.29988743e+00 
 1.29473917e-07  3.29977664e+00 
 1.29498917e-07  3.29970285e+00 
 1.29523917e-07  3.29966953e+00 
 1.29548917e-07  3.29968337e+00 
 1.29573917e-07  3.29973931e+00 
 1.29598917e-07  3.29978665e+00 
 1.29623917e-07  3.29980711e+00 
 1.29648917e-07  3.29985085e+00 
 1.29673917e-07  3.29991695e+00 
 1.29698917e-07  3.29995565e+00 
 1.29723917e-07  3.29996116e+00 
 1.29748917e-07  3.29993879e+00 
 1.29773917e-07  3.29988605e+00 
 1.29798917e-07  3.29979423e+00 
 1.29823917e-07  3.29967602e+00 
 1.29848917e-07  3.29959863e+00 
 1.29873917e-07  3.29959456e+00 
 1.29898917e-07  3.29964379e+00 
 1.29923917e-07  3.29973664e+00 
 1.29948917e-07  3.29989700e+00 
 1.29973917e-07  3.30017302e+00 
 1.29986958e-07  3.30036925e+00 
 1.30000000e-07  3.30059298e+00 
