 0.00000000e+00  3.28128854e+00 
 2.50000000e-13  3.28128854e+00 
 5.00000000e-13  3.28128854e+00 
 1.00000000e-12  3.28128854e+00 
 2.00000000e-12  3.28128854e+00 
 4.00000000e-12  3.28128853e+00 
 8.00000000e-12  3.28128852e+00 
 1.60000000e-11  3.28128865e+00 
 3.20000000e-11  3.28128951e+00 
 5.00000000e-11  3.28129040e+00 
 5.25000000e-11  3.28129042e+00 
 5.75000000e-11  3.28129035e+00 
 6.75000000e-11  3.28128919e+00 
 8.37500000e-11  3.28128355e+00 
 1.00000000e-10  3.28127401e+00 
 1.02500000e-10  3.28127233e+00 
 1.07500000e-10  3.28126901e+00 
 1.17500000e-10  3.28126318e+00 
 1.33750000e-10  3.28126039e+00 
 1.50000000e-10  3.28127187e+00 
 1.52500000e-10  3.28127547e+00 
 1.57500000e-10  3.28128362e+00 
 1.67500000e-10  3.28130522e+00 
 1.83750000e-10  3.28135328e+00 
 2.00000000e-10  3.28141421e+00 
 2.02500000e-10  3.28142459e+00 
 2.07500000e-10  3.28144575e+00 
 2.17500000e-10  3.28149054e+00 
 2.33750000e-10  3.28156850e+00 
 2.50000000e-10  3.28164739e+00 
 2.52500000e-10  3.28165913e+00 
 2.57500000e-10  3.28168214e+00 
 2.67500000e-10  3.28172390e+00 
 2.83750000e-10  3.28177551e+00 
 3.00000000e-10  3.28180598e+00 
 3.02500000e-10  3.28180861e+00 
 3.07500000e-10  3.28181316e+00 
 3.17500000e-10  3.28181979e+00 
 3.33750000e-10  3.28182941e+00 
 3.50000000e-10  3.28183992e+00 
 3.52500000e-10  3.28184154e+00 
 3.57500000e-10  3.28184464e+00 
 3.67500000e-10  3.28184950e+00 
 3.83750000e-10  3.28184948e+00 
 4.00000000e-10  3.28183171e+00 
 4.02500000e-10  3.28182650e+00 
 4.07500000e-10  3.28181448e+00 
 4.17500000e-10  3.28177848e+00 
 4.33750000e-10  3.28167713e+00 
 4.50000000e-10  3.28151571e+00 
 4.52500000e-10  3.28148452e+00 
 4.57500000e-10  3.28141916e+00 
 4.67500000e-10  3.28127124e+00 
 4.83750000e-10  3.28098472e+00 
 5.00000000e-10  3.28064313e+00 
 5.02500000e-10  3.28058513e+00 
 5.07500000e-10  3.28046648e+00 
 5.17500000e-10  3.28021237e+00 
 5.33750000e-10  3.27974733e+00 
 5.50000000e-10  3.27921412e+00 
 5.52500000e-10  3.27912509e+00 
 5.57500000e-10  3.27894386e+00 
 5.67500000e-10  3.27856418e+00 
 5.83750000e-10  3.27790685e+00 
 6.00000000e-10  3.27720924e+00 
 6.02500000e-10  3.27709853e+00 
 6.07500000e-10  3.27687552e+00 
 6.17500000e-10  3.27641895e+00 
 6.33750000e-10  3.27564482e+00 
 6.50000000e-10  3.27483234e+00 
 6.52500000e-10  3.27470373e+00 
 6.57500000e-10  3.27444508e+00 
 6.67500000e-10  3.27392117e+00 
 6.83750000e-10  3.27305369e+00 
 7.00000000e-10  3.27216188e+00 
 7.02500000e-10  3.27202174e+00 
 7.07500000e-10  3.27173962e+00 
 7.17500000e-10  3.27116249e+00 
 7.33750000e-10  3.27018768e+00 
 7.50000000e-10  3.26917905e+00 
 7.52500000e-10  3.26902184e+00 
 7.57500000e-10  3.26870743e+00 
 7.67500000e-10  3.26808255e+00 
 7.83750000e-10  3.26708879e+00 
 8.00000000e-10  3.26612437e+00 
 8.02500000e-10  3.26597881e+00 
 8.07500000e-10  3.26568869e+00 
 8.17500000e-10  3.26511287e+00 
 8.33750000e-10  3.26419218e+00 
 8.50000000e-10  3.26330501e+00 
 8.52500000e-10  3.26317342e+00 
 8.57500000e-10  3.26291341e+00 
 8.67500000e-10  3.26241499e+00 
 8.83750000e-10  3.26167643e+00 
 9.00000000e-10  3.26103697e+00 
 9.02500000e-10  3.26094943e+00 
 9.07500000e-10  3.26077974e+00 
 9.17500000e-10  3.26047268e+00 
 9.33750000e-10  3.26007890e+00 
 9.50000000e-10  3.25984809e+00 
 9.52500000e-10  3.25983181e+00 
 9.57500000e-10  3.25980993e+00 
 9.67500000e-10  3.25983523e+00 
 9.83750000e-10  3.26008607e+00 
 1.00000000e-09  3.26059591e+00 
 1.00250000e-09  3.26069958e+00 
 1.00750000e-09  3.26091802e+00 
 1.01750000e-09  3.26141826e+00 
 1.03375000e-09  3.26240174e+00 
 1.05000000e-09  3.26359121e+00 
 1.05250000e-09  3.26379467e+00 
 1.05750000e-09  3.26421124e+00 
 1.06750000e-09  3.26510266e+00 
 1.08375000e-09  3.26671050e+00 
 1.10000000e-09  3.26849517e+00 
 1.10250000e-09  3.26878558e+00 
 1.10750000e-09  3.26937272e+00 
 1.11750000e-09  3.27058176e+00 
 1.13375000e-09  3.27262961e+00 
 1.15000000e-09  3.27475489e+00 
 1.15250000e-09  3.27508752e+00 
 1.15750000e-09  3.27575424e+00 
 1.16750000e-09  3.27709222e+00 
 1.18375000e-09  3.27925931e+00 
 1.20000000e-09  3.28138532e+00 
 1.20250000e-09  3.28170581e+00 
 1.20750000e-09  3.28234252e+00 
 1.21750000e-09  3.28358509e+00 
 1.23375000e-09  3.28550001e+00 
 1.25000000e-09  3.28726433e+00 
 1.25250000e-09  3.28751920e+00 
 1.25750000e-09  3.28802101e+00 
 1.26750000e-09  3.28897286e+00 
 1.28375000e-09  3.29037018e+00 
 1.30000000e-09  3.29158492e+00 
 1.30250000e-09  3.29175386e+00 
 1.30750000e-09  3.29208447e+00 
 1.31750000e-09  3.29270133e+00 
 1.33375000e-09  3.29359259e+00 
 1.35000000e-09  3.29436567e+00 
 1.35250000e-09  3.29447416e+00 
 1.35750000e-09  3.29468737e+00 
 1.36750000e-09  3.29508791e+00 
 1.38375000e-09  3.29566882e+00 
 1.40000000e-09  3.29617548e+00 
 1.40250000e-09  3.29624703e+00 
 1.40750000e-09  3.29638802e+00 
 1.41750000e-09  3.29665715e+00 
 1.43375000e-09  3.29706319e+00 
 1.45000000e-09  3.29743599e+00 
 1.45250000e-09  3.29749033e+00 
 1.45750000e-09  3.29759789e+00 
 1.46750000e-09  3.29780665e+00 
 1.48375000e-09  3.29813251e+00 
 1.50000000e-09  3.29844775e+00 
 1.50250000e-09  3.29849561e+00 
 1.50750000e-09  3.29859123e+00 
 1.51750000e-09  3.29878220e+00 
 1.53375000e-09  3.29909389e+00 
 1.55000000e-09  3.29940918e+00 
 1.55250000e-09  3.29945830e+00 
 1.55750000e-09  3.29955689e+00 
 1.56750000e-09  3.29975521e+00 
 1.58375000e-09  3.30008553e+00 
 1.60000000e-09  3.30043514e+00 
 1.60250000e-09  3.30048729e+00 
 1.60750000e-09  3.30059200e+00 
 1.61750000e-09  3.30080561e+00 
 1.63375000e-09  3.30117344e+00 
 1.65000000e-09  3.30157754e+00 
 1.65250000e-09  3.30164415e+00 
 1.65750000e-09  3.30178003e+00 
 1.66750000e-09  3.30206691e+00 
 1.68375000e-09  3.30258181e+00 
 1.70000000e-09  3.30316804e+00 
 1.70250000e-09  3.30326615e+00 
 1.70750000e-09  3.30346747e+00 
 1.71750000e-09  3.30389399e+00 
 1.73375000e-09  3.30464544e+00 
 1.75000000e-09  3.30542550e+00 
 1.75250000e-09  3.30554076e+00 
 1.75750000e-09  3.30576500e+00 
 1.76750000e-09  3.30612188e+00 
 1.78375000e-09  3.30613362e+00 
 1.80000000e-09  3.30467046e+00 
 1.80250000e-09  3.30421612e+00 
 1.80750000e-09  3.30314442e+00 
 1.81750000e-09  3.29986628e+00 
 1.83375000e-09  3.29112796e+00 
 1.85000000e-09  3.27583919e+00 
 1.85250000e-09  3.27271583e+00 
 1.85750000e-09  3.26605241e+00 
 1.86750000e-09  3.25009051e+00 
 1.88375000e-09  3.21574894e+00 
 1.90000000e-09  3.16916579e+00 
 1.90250000e-09  3.16057906e+00 
 1.90750000e-09  3.14260588e+00 
 1.91750000e-09  3.10152657e+00 
 1.93375000e-09  3.01687469e+00 
 1.95000000e-09  2.90036072e+00 
 1.95250000e-09  2.87802891e+00 
 1.95750000e-09  2.82976678e+00 
 1.96750000e-09  2.70576137e+00 
 1.98375000e-09  2.37998812e+00 
 2.00000000e-09  1.89191772e+00 
 2.00250000e-09  1.80130991e+00 
 2.00750000e-09  1.61334444e+00 
 2.01750000e-09  1.20244081e+00 
 2.03375000e-09  5.70982978e-01 
 2.05000000e-09  1.95033826e-01 
 2.05247086e-09  1.68752250e-01 
 2.05741259e-09  1.24376208e-01 
 2.06729604e-09  7.07763091e-02 
 2.08364802e-09  3.30647320e-02 
 2.10000000e-09  1.99751650e-02 
 2.10250000e-09  1.88089516e-02 
 2.10750000e-09  1.65625367e-02 
 2.11750000e-09  1.27219714e-02 
 2.13375000e-09  7.87452688e-03 
 2.15000000e-09  4.37955310e-03 
 2.15250000e-09  3.94663371e-03 
 2.15750000e-09  3.11253516e-03 
 2.16750000e-09  1.62661934e-03 
 2.18375000e-09 -4.04286383e-04 
 2.20000000e-09 -2.13757358e-03 
 2.20250000e-09 -2.37368658e-03 
 2.20750000e-09 -2.84493150e-03 
 2.21750000e-09 -3.77903325e-03 
 2.23375000e-09 -5.39628369e-03 
 2.25000000e-09 -7.36467441e-03 
 2.25250000e-09 -7.71443494e-03 
 2.25750000e-09 -8.46771783e-03 
 2.26750000e-09 -1.01305628e-02 
 2.28375000e-09 -1.29269459e-02 
 2.30000000e-09 -1.37170519e-02 
 2.30250000e-09 -1.33510731e-02 
 2.30750000e-09 -1.21886685e-02 
 2.31750000e-09 -6.82626592e-03 
 2.33375000e-09  1.23177092e-02 
 2.35000000e-09  4.88059097e-02 
 2.35250000e-09  5.66139278e-02 
 2.35750000e-09  7.35817070e-02 
 2.36750000e-09  1.16510885e-01 
 2.38375000e-09  2.21371056e-01 
 2.40000000e-09  4.05589322e-01 
 2.40250000e-09  4.47468843e-01 
 2.40750000e-09  5.44469481e-01 
 2.41750000e-09  8.15461546e-01 
 2.43375000e-09  1.45404388e+00 
 2.45000000e-09  2.24033289e+00 
 2.45250000e-09  2.35413695e+00 
 2.45750000e-09  2.55573629e+00 
 2.46750000e-09  2.85129985e+00 
 2.48375000e-09  3.11344223e+00 
 2.50000000e-09  3.21653900e+00 
 2.50250000e-09  3.22402365e+00 
 2.50750000e-09  3.23727162e+00 
 2.51750000e-09  3.25586227e+00 
 2.53375000e-09  3.27326587e+00 
 2.55000000e-09  3.28271810e+00 
 2.55250000e-09  3.28374010e+00 
 2.55750000e-09  3.28565459e+00 
 2.56750000e-09  3.28879250e+00 
 2.58375000e-09  3.29239495e+00 
 2.60000000e-09  3.29470461e+00 
 2.60250000e-09  3.29496788e+00 
 2.60750000e-09  3.29546234e+00 
 2.61750000e-09  3.29628334e+00 
 2.63375000e-09  3.29724927e+00 
 2.65000000e-09  3.29788868e+00 
 2.65250000e-09  3.29796293e+00 
 2.65750000e-09  3.29810326e+00 
 2.66750000e-09  3.29834096e+00 
 2.68375000e-09  3.29863431e+00 
 2.70000000e-09  3.29884800e+00 
 2.70250000e-09  3.29887502e+00 
 2.70750000e-09  3.29892701e+00 
 2.71750000e-09  3.29902123e+00 
 2.73375000e-09  3.29915498e+00 
 2.75000000e-09  3.29927278e+00 
 2.75250000e-09  3.29928988e+00 
 2.75750000e-09  3.29932392e+00 
 2.76750000e-09  3.29939071e+00 
 2.78375000e-09  3.29949501e+00 
 2.80000000e-09  3.29959779e+00 
 2.80250000e-09  3.29961253e+00 
 2.80750000e-09  3.29964129e+00 
 2.81750000e-09  3.29969317e+00 
 2.83375000e-09  3.29976473e+00 
 2.85000000e-09  3.29982385e+00 
 2.85250000e-09  3.29983189e+00 
 2.85750000e-09  3.29984718e+00 
 2.86750000e-09  3.29987418e+00 
 2.88375000e-09  3.29990799e+00 
 2.90000000e-09  3.29992962e+00 
 2.90250000e-09  3.29993184e+00 
 2.90750000e-09  3.29993528e+00 
 2.91750000e-09  3.29993929e+00 
 2.93375000e-09  3.29994041e+00 
 2.95000000e-09  3.29993835e+00 
 2.95250000e-09  3.29993819e+00 
 2.95750000e-09  3.29993734e+00 
 2.96750000e-09  3.29993532e+00 
 2.98375000e-09  3.29993418e+00 
 3.00000000e-09  3.29993772e+00 
 3.00250000e-09  3.29993884e+00 
 3.00750000e-09  3.29994112e+00 
 3.01750000e-09  3.29994695e+00 
 3.03375000e-09  3.29995743e+00 
 3.05000000e-09  3.29996503e+00 
 3.05250000e-09  3.29996554e+00 
 3.05750000e-09  3.29996593e+00 
 3.06750000e-09  3.29996579e+00 
 3.08375000e-09  3.29996163e+00 
 3.10000000e-09  3.29995578e+00 
 3.10250000e-09  3.29995486e+00 
 3.10750000e-09  3.29995274e+00 
 3.11750000e-09  3.29994789e+00 
 3.13375000e-09  3.29994043e+00 
 3.15000000e-09  3.29993440e+00 
 3.15250000e-09  3.29993341e+00 
 3.15750000e-09  3.29993132e+00 
 3.16750000e-09  3.29992548e+00 
 3.18375000e-09  3.29991377e+00 
 3.20000000e-09  3.29990639e+00 
 3.20250000e-09  3.29990629e+00 
 3.20750000e-09  3.29990690e+00 
 3.21750000e-09  3.29991192e+00 
 3.23375000e-09  3.29992830e+00 
 3.25000000e-09  3.29995501e+00 
 3.25250000e-09  3.29995997e+00 
 3.25750000e-09  3.29997049e+00 
 3.26750000e-09  3.29999078e+00 
 3.28375000e-09  3.30000907e+00 
 3.30000000e-09  3.29999130e+00 
 3.30250000e-09  3.29998589e+00 
 3.30750000e-09  3.29997721e+00 
 3.31750000e-09  3.29994612e+00 
 3.33375000e-09  3.29986484e+00 
 3.35000000e-09  3.29978728e+00 
 3.35250000e-09  3.29977829e+00 
 3.35750000e-09  3.29976212e+00 
 3.36750000e-09  3.29973887e+00 
 3.38375000e-09  3.29972109e+00 
 3.40000000e-09  3.29974553e+00 
 3.40250000e-09  3.29975072e+00 
 3.40750000e-09  3.29976185e+00 
 3.41750000e-09  3.29978910e+00 
 3.43375000e-09  3.29984088e+00 
 3.45000000e-09  3.29989142e+00 
 3.45250000e-09  3.29989701e+00 
 3.45750000e-09  3.29990454e+00 
 3.46750000e-09  3.29991026e+00 
 3.48375000e-09  3.29992148e+00 
 3.50000000e-09  3.29994807e+00 
 3.50250000e-09  3.29995293e+00 
 3.50750000e-09  3.29996187e+00 
 3.51750000e-09  3.29997651e+00 
 3.53375000e-09  3.29999026e+00 
 3.55000000e-09  3.29999354e+00 
 3.55250000e-09  3.29999337e+00 
 3.55750000e-09  3.29999241e+00 
 3.56750000e-09  3.29998774e+00 
 3.58375000e-09  3.29997298e+00 
 3.60000000e-09  3.29994824e+00 
 3.60250000e-09  3.29994338e+00 
 3.60750000e-09  3.29993211e+00 
 3.61750000e-09  3.29990479e+00 
 3.63375000e-09  3.29984568e+00 
 3.65000000e-09  3.29976747e+00 
 3.65250000e-09  3.29975543e+00 
 3.65750000e-09  3.29973048e+00 
 3.66750000e-09  3.29968903e+00 
 3.68375000e-09  3.29965622e+00 
 3.70000000e-09  3.29966241e+00 
 3.70250000e-09  3.29966687e+00 
 3.70750000e-09  3.29967613e+00 
 3.71750000e-09  3.29970168e+00 
 3.73375000e-09  3.29975956e+00 
 3.75000000e-09  3.29984985e+00 
 3.75250000e-09  3.29986855e+00 
 3.75750000e-09  3.29990927e+00 
 3.76750000e-09  3.30001396e+00 
 3.78375000e-09  3.30026753e+00 
 3.80000000e-09  3.30058530e+00 
 3.80250000e-09  3.30063851e+00 
 3.80750000e-09  3.30074582e+00 
 3.81750000e-09  3.30096556e+00 
 3.83375000e-09  3.30131834e+00 
 3.85000000e-09  3.30165439e+00 
 3.85250000e-09  3.30170826e+00 
 3.85750000e-09  3.30181485e+00 
 3.86750000e-09  3.30203415e+00 
 3.88375000e-09  3.30240384e+00 
 3.90000000e-09  3.30278140e+00 
 3.90250000e-09  3.30283938e+00 
 3.90750000e-09  3.30295599e+00 
 3.91750000e-09  3.30319424e+00 
 3.93375000e-09  3.30359309e+00 
 3.95000000e-09  3.30398207e+00 
 3.95250000e-09  3.30403547e+00 
 3.95750000e-09  3.30413975e+00 
 3.96750000e-09  3.30432764e+00 
 3.98375000e-09  3.30459381e+00 
 4.00000000e-09  3.30485720e+00 
 4.00250000e-09  3.30490078e+00 
 4.00750000e-09  3.30499220e+00 
 4.01750000e-09  3.30519948e+00 
 4.03375000e-09  3.30561353e+00 
 4.05000000e-09  3.30614441e+00 
 4.05250000e-09  3.30623886e+00 
 4.05750000e-09  3.30643711e+00 
 4.06750000e-09  3.30688567e+00 
 4.08375000e-09  3.30778603e+00 
 4.10000000e-09  3.30896641e+00 
 4.10250000e-09  3.30918170e+00 
 4.10750000e-09  3.30963929e+00 
 4.11750000e-09  3.31069858e+00 
 4.13375000e-09  3.31292665e+00 
 4.15000000e-09  3.31588594e+00 
 4.15250000e-09  3.31639320e+00 
 4.15750000e-09  3.31740655e+00 
 4.16750000e-09  3.31903395e+00 
 4.18375000e-09  3.31796641e+00 
 4.20000000e-09  3.30730297e+00 
 4.20250000e-09  3.30431364e+00 
 4.20750000e-09  3.29781063e+00 
 4.21750000e-09  3.28100526e+00 
 4.23375000e-09  3.23875899e+00 
 4.25000000e-09  3.17578393e+00 
 4.25250000e-09  3.16368705e+00 
 4.25750000e-09  3.13809759e+00 
 4.26750000e-09  3.07768003e+00 
 4.28375000e-09  2.94308952e+00 
 4.30000000e-09  2.71823171e+00 
 4.30250000e-09  2.66712318e+00 
 4.30750000e-09  2.55159455e+00 
 4.31750000e-09  2.25094716e+00 
 4.33375000e-09  1.58608048e+00 
 4.35000000e-09  7.96767209e-01 
 4.35250000e-09  6.84698990e-01 
 4.35750000e-09  4.85821530e-01 
 4.36750000e-09  2.23233568e-01 
 4.38375000e-09  5.83569928e-02 
 4.40000000e-09  2.88173766e-02 
 4.40193608e-09  2.74613029e-02 
 4.40580824e-09  2.47779306e-02 
 4.41355256e-09  2.01246463e-02 
 4.42904119e-09  1.33748924e-02 
 4.45000000e-09  7.94680522e-03 
 4.45250000e-09  7.50037704e-03 
 4.45750000e-09  6.65105497e-03 
 4.46750000e-09  5.20569915e-03 
 4.48375000e-09  3.45164015e-03 
 4.50000000e-09  2.26050752e-03 
 4.50250000e-09  2.12198302e-03 
 4.50750000e-09  1.86195515e-03 
 4.51750000e-09  1.43135280e-03 
 4.53375000e-09  9.31489271e-04 
 4.55000000e-09  6.12539332e-04 
 4.55250000e-09  5.76951668e-04 
 4.55750000e-09  5.10896950e-04 
 4.56750000e-09  4.03466976e-04 
 4.58375000e-09  2.81100851e-04 
 4.60000000e-09  2.02481719e-04 
 4.60250000e-09  1.93537773e-04 
 4.60750000e-09  1.76927264e-04 
 4.61750000e-09  1.49620067e-04 
 4.63375000e-09  1.17162070e-04 
 4.65000000e-09  9.49217963e-05 
 4.65250000e-09  9.21424963e-05 
 4.65750000e-09  8.67461508e-05 
 4.66750000e-09  7.71754928e-05 
 4.68375000e-09  6.48823430e-05 
 4.70000000e-09  5.53637825e-05 
 4.70250000e-09  5.41303234e-05 
 4.70750000e-09  5.18487228e-05 
 4.71750000e-09  4.78377491e-05 
 4.73375000e-09  4.16006680e-05 
 4.75000000e-09  3.56584587e-05 
 4.75250000e-09  3.48068826e-05 
 4.75750000e-09  3.32004391e-05 
 4.76750000e-09  3.00625362e-05 
 4.78375000e-09  2.27654673e-05 
 4.80000000e-09  1.21413825e-05 
 4.80250000e-09  1.10510696e-05 
 4.80750000e-09  8.97427292e-06 
 4.81750000e-09  6.50416647e-06 
 4.83375000e-09  5.76530633e-06 
 4.85000000e-09  6.95720768e-06 
 4.85250000e-09  7.26478875e-06 
 4.85750000e-09  7.82196186e-06 
 4.86750000e-09  8.98060491e-06 
 4.88375000e-09  1.05044858e-05 
 4.90000000e-09  1.18660548e-05 
 4.90250000e-09  1.20297107e-05 
 4.90750000e-09  1.21534868e-05 
 4.91750000e-09  1.17229045e-05 
 4.93375000e-09  8.95566050e-06 
 4.95000000e-09  3.48857380e-06 
 4.95250000e-09  2.49029695e-06 
 4.95750000e-09  4.63467949e-07 
 4.96750000e-09 -3.45130201e-06 
 4.98375000e-09 -7.62641428e-06 
 5.00000000e-09 -8.21611004e-06 
 5.00250000e-09 -8.20468565e-06 
 5.00750000e-09 -8.18391057e-06 
 5.01750000e-09 -7.67065998e-06 
 5.03375000e-09 -5.22615544e-06 
 5.05000000e-09 -8.37756475e-10 
 5.05250000e-09  7.25008565e-07 
 5.05750000e-09  2.12149008e-06 
 5.06750000e-09  4.82113049e-06 
 5.08375000e-09  8.87440705e-06 
 5.10000000e-09  1.14050216e-05 
 5.10250000e-09  1.16556688e-05 
 5.10750000e-09  1.20852603e-05 
 5.11750000e-09  1.26631875e-05 
 5.13375000e-09  1.26032828e-05 
 5.15000000e-09  1.12843228e-05 
 5.15250000e-09  1.09754625e-05 
 5.15750000e-09  1.02611784e-05 
 5.16750000e-09  8.57506138e-06 
 5.18375000e-09  5.23550063e-06 
 5.20000000e-09  1.60905645e-06 
 5.20250000e-09  1.15869295e-06 
 5.20750000e-09  8.04704045e-08 
 5.21750000e-09 -2.47544055e-06 
 5.23375000e-09 -7.54138987e-06 
 5.25000000e-09 -1.52075931e-05 
 5.25250000e-09 -1.65481463e-05 
 5.25750000e-09 -1.95563053e-05 
 5.26750000e-09 -2.40838765e-05 
 5.28375000e-09 -2.58251928e-05 
 5.30000000e-09 -2.07748070e-05 
 5.30250000e-09 -1.92886166e-05 
 5.30750000e-09 -1.64362166e-05 
 5.31750000e-09 -8.56384548e-06 
 5.33375000e-09  1.24092295e-05 
 5.35000000e-09  4.47729040e-05 
 5.35250000e-09  5.06411299e-05 
 5.35750000e-09  6.24216445e-05 
 5.36750000e-09  8.48403787e-05 
 5.38375000e-09  1.18186816e-04 
 5.40000000e-09  1.29823150e-04 
 5.40250000e-09  1.30213928e-04 
 5.40750000e-09  1.30410982e-04 
 5.41750000e-09  1.25268582e-04 
 5.43375000e-09  1.13752319e-04 
 5.45000000e-09  1.02296663e-04 
 5.45250000e-09  1.01206930e-04 
 5.45750000e-09  9.93459083e-05 
 5.46750000e-09  9.39233419e-05 
 5.48375000e-09  7.25361194e-05 
 5.50000000e-09  3.42009061e-05 
 5.50250000e-09  2.76677427e-05 
 5.50750000e-09  1.58460870e-05 
 5.51750000e-09 -1.78207300e-06 
 5.53375000e-09 -1.34431731e-05 
 5.55000000e-09 -4.25428471e-06 
 5.55250000e-09 -1.23285723e-06 
 5.55750000e-09  5.86743286e-06 
 5.56750000e-09  2.54405417e-05 
 5.58375000e-09  7.40958753e-05 
 5.60000000e-09  1.39424238e-04 
 5.60250000e-09  1.48272258e-04 
 5.60750000e-09  1.65047848e-04 
 5.61750000e-09  1.85738211e-04 
 5.63375000e-09  1.72996331e-04 
 5.65000000e-09  6.96808853e-05 
 5.65250000e-09  4.09001111e-05 
 5.65750000e-09 -2.68742323e-05 
 5.66750000e-09 -2.22233233e-04 
 5.68375000e-09 -6.75155375e-04 
 5.70000000e-09 -1.21039046e-03 
 5.70250000e-09 -1.28903391e-03 
 5.70750000e-09 -1.45444423e-03 
 5.71750000e-09 -1.80937754e-03 
 5.73375000e-09 -2.37699014e-03 
 5.75000000e-09 -2.90565520e-03 
 5.75250000e-09 -2.98271323e-03 
 5.75750000e-09 -3.13658045e-03 
 5.76750000e-09 -3.44070406e-03 
 5.78375000e-09 -3.93846015e-03 
 5.80000000e-09 -4.45920887e-03 
 5.80250000e-09 -4.54075270e-03 
 5.80750000e-09 -4.71024544e-03 
 5.81750000e-09 -5.06718782e-03 
 5.83375000e-09 -5.70246972e-03 
 5.85000000e-09 -6.43853756e-03 
 5.85250000e-09 -6.56142732e-03 
 5.85750000e-09 -6.82887594e-03 
 5.86750000e-09 -7.41525397e-03 
 5.88375000e-09 -8.58786601e-03 
 5.90000000e-09 -1.01422191e-02 
 5.90250000e-09 -1.04043800e-02 
 5.90750000e-09 -1.09754704e-02 
 5.91750000e-09 -1.20999394e-02 
 5.93375000e-09 -1.31779396e-02 
 5.95000000e-09 -1.11830079e-02 
 5.95250000e-09 -1.03605994e-02 
 5.95750000e-09 -8.37250274e-03 
 5.96750000e-09 -2.16246344e-03 
 5.98375000e-09  1.45257154e-02 
 6.00000000e-09  4.19272242e-02 
 6.00250000e-09  4.73818687e-02 
 6.00750000e-09  5.90267697e-02 
 6.01750000e-09  8.71049126e-02 
 6.03375000e-09  1.49886433e-01 
 6.05000000e-09  2.44535393e-01 
 6.05250000e-09  2.63526285e-01 
 6.05750000e-09  3.04882794e-01 
 6.06750000e-09  4.13740137e-01 
 6.08375000e-09  7.28058309e-01 
 6.10000000e-09  1.24811427e+00 
 6.10250000e-09  1.34869814e+00 
 6.10750000e-09  1.55835451e+00 
 6.11750000e-09  2.01558993e+00 
 6.13375000e-09  2.65001401e+00 
 6.15000000e-09  3.01100428e+00 
 6.15250000e-09  3.04270942e+00 
 6.15750000e-09  3.09874919e+00 
 6.16750000e-09  3.17567565e+00 
 6.18375000e-09  3.23858020e+00 
 6.20000000e-09  3.26378077e+00 
 6.20250000e-09  3.26605558e+00 
 6.20750000e-09  3.27027487e+00 
 6.21750000e-09  3.27703324e+00 
 6.23375000e-09  3.28468602e+00 
 6.25000000e-09  3.28958901e+00 
 6.25250000e-09  3.29014496e+00 
 6.25750000e-09  3.29118963e+00 
 6.26750000e-09  3.29291826e+00 
 6.28375000e-09  3.29493729e+00 
 6.30000000e-09  3.29625857e+00 
 6.30250000e-09  3.29641057e+00 
 6.30750000e-09  3.29669738e+00 
 6.31750000e-09  3.29718001e+00 
 6.33375000e-09  3.29776933e+00 
 6.35000000e-09  3.29819139e+00 
 6.35250000e-09  3.29824414e+00 
 6.35750000e-09  3.29834552e+00 
 6.36750000e-09  3.29852692e+00 
 6.38375000e-09  3.29876849e+00 
 6.40000000e-09  3.29895055e+00 
 6.40250000e-09  3.29897736e+00 
 6.40750000e-09  3.29903069e+00 
 6.41750000e-09  3.29914340e+00 
 6.43375000e-09  3.29932898e+00 
 6.45000000e-09  3.29949517e+00 
 6.45250000e-09  3.29951737e+00 
 6.45750000e-09  3.29955951e+00 
 6.46750000e-09  3.29963475e+00 
 6.48375000e-09  3.29973565e+00 
 6.50000000e-09  3.29980978e+00 
 6.50250000e-09  3.29981875e+00 
 6.50750000e-09  3.29983524e+00 
 6.51750000e-09  3.29986178e+00 
 6.53375000e-09  3.29989121e+00 
 6.55000000e-09  3.29990907e+00 
 6.55250000e-09  3.29991136e+00 
 6.55750000e-09  3.29991552e+00 
 6.56750000e-09  3.29992290e+00 
 6.58375000e-09  3.29993174e+00 
 6.60000000e-09  3.29993762e+00 
 6.60250000e-09  3.29993848e+00 
 6.60750000e-09  3.29994030e+00 
 6.61750000e-09  3.29994334e+00 
 6.63375000e-09  3.29994916e+00 
 6.65000000e-09  3.29996174e+00 
 6.65250000e-09  3.29996464e+00 
 6.65750000e-09  3.29997092e+00 
 6.66750000e-09  3.29998061e+00 
 6.68375000e-09  3.29998339e+00 
 6.70000000e-09  3.29997370e+00 
 6.70250000e-09  3.29997164e+00 
 6.70750000e-09  3.29996745e+00 
 6.71750000e-09  3.29995911e+00 
 6.73375000e-09  3.29994707e+00 
 6.75000000e-09  3.29993787e+00 
 6.75250000e-09  3.29993670e+00 
 6.75750000e-09  3.29993424e+00 
 6.76750000e-09  3.29992960e+00 
 6.78375000e-09  3.29992408e+00 
 6.80000000e-09  3.29992055e+00 
 6.80250000e-09  3.29992019e+00 
 6.80750000e-09  3.29991955e+00 
 6.81750000e-09  3.29991939e+00 
 6.83375000e-09  3.29992091e+00 
 6.85000000e-09  3.29992500e+00 
 6.85250000e-09  3.29992594e+00 
 6.85750000e-09  3.29992764e+00 
 6.86750000e-09  3.29993156e+00 
 6.88375000e-09  3.29994130e+00 
 6.90000000e-09  3.29995700e+00 
 6.90250000e-09  3.29996013e+00 
 6.90750000e-09  3.29996669e+00 
 6.91750000e-09  3.29998032e+00 
 6.93375000e-09  3.29999804e+00 
 6.95000000e-09  3.30000729e+00 
 6.95250000e-09  3.30000773e+00 
 6.95750000e-09  3.30000825e+00 
 6.96750000e-09  3.30000583e+00 
 6.98375000e-09  3.29999982e+00 
 7.00000000e-09  3.29999418e+00 
 7.00250000e-09  3.29999334e+00 
 7.00750000e-09  3.29999156e+00 
 7.01750000e-09  3.29998762e+00 
 7.03375000e-09  3.29998035e+00 
 7.05000000e-09  3.29996913e+00 
 7.05250000e-09  3.29996669e+00 
 7.05750000e-09  3.29996198e+00 
 7.06750000e-09  3.29995389e+00 
 7.08375000e-09  3.29995500e+00 
 7.10000000e-09  3.29996117e+00 
 7.10250000e-09  3.29996222e+00 
 7.10750000e-09  3.29996523e+00 
 7.11750000e-09  3.29997552e+00 
 7.13375000e-09  3.30000465e+00 
 7.15000000e-09  3.30004239e+00 
 7.15250000e-09  3.30004634e+00 
 7.15750000e-09  3.30005249e+00 
 7.16750000e-09  3.30005190e+00 
 7.18375000e-09  3.30001141e+00 
 7.20000000e-09  3.29993382e+00 
 7.20250000e-09  3.29991915e+00 
 7.20750000e-09  3.29988965e+00 
 7.21750000e-09  3.29983401e+00 
 7.23375000e-09  3.29976727e+00 
 7.25000000e-09  3.29972724e+00 
 7.25250000e-09  3.29972546e+00 
 7.25750000e-09  3.29972404e+00 
 7.26750000e-09  3.29973113e+00 
 7.28375000e-09  3.29976419e+00 
 7.30000000e-09  3.29982862e+00 
 7.30250000e-09  3.29983626e+00 
 7.30750000e-09  3.29985040e+00 
 7.31750000e-09  3.29987441e+00 
 7.33375000e-09  3.29989812e+00 
 7.35000000e-09  3.29991977e+00 
 7.35250000e-09  3.29992590e+00 
 7.35750000e-09  3.29993753e+00 
 7.36750000e-09  3.29995910e+00 
 7.38375000e-09  3.29998624e+00 
 7.40000000e-09  3.30000153e+00 
 7.40250000e-09  3.30000293e+00 
 7.40750000e-09  3.30000500e+00 
 7.41750000e-09  3.30000609e+00 
 7.43375000e-09  3.29999895e+00 
 7.45000000e-09  3.29998292e+00 
 7.45250000e-09  3.29997945e+00 
 7.45750000e-09  3.29997125e+00 
 7.46750000e-09  3.29995075e+00 
 7.48375000e-09  3.29990687e+00 
 7.50000000e-09  3.29984335e+00 
 7.50250000e-09  3.29983185e+00 
 7.50750000e-09  3.29980615e+00 
 7.51750000e-09  3.29975217e+00 
 7.53375000e-09  3.29967731e+00 
 7.55000000e-09  3.29964487e+00 
 7.55250000e-09  3.29964526e+00 
 7.55750000e-09  3.29964661e+00 
 7.56750000e-09  3.29965816e+00 
 7.58375000e-09  3.29969480e+00 
 7.60000000e-09  3.29975548e+00 
 7.60250000e-09  3.29976813e+00 
 7.60750000e-09  3.29979532e+00 
 7.61750000e-09  3.29986745e+00 
 7.63375000e-09  3.30004771e+00 
 7.65000000e-09  3.30033369e+00 
 7.65250000e-09  3.30038523e+00 
 7.65750000e-09  3.30049071e+00 
 7.66750000e-09  3.30071525e+00 
 7.68375000e-09  3.30110045e+00 
 7.70000000e-09  3.30147199e+00 
 7.70250000e-09  3.30152608e+00 
 7.70750000e-09  3.30163760e+00 
 7.71750000e-09  3.30186492e+00 
 7.73375000e-09  3.30223910e+00 
 7.75000000e-09  3.30262967e+00 
 7.75250000e-09  3.30268992e+00 
 7.75750000e-09  3.30281051e+00 
 7.76750000e-09  3.30305504e+00 
 7.78375000e-09  3.30346522e+00 
 7.80000000e-09  3.30388397e+00 
 7.80250000e-09  3.30394518e+00 
 7.80750000e-09  3.30406588e+00 
 7.81750000e-09  3.30428517e+00 
 7.83375000e-09  3.30458242e+00 
 7.85000000e-09  3.30484691e+00 
 7.85250000e-09  3.30488792e+00 
 7.85750000e-09  3.30497337e+00 
 7.86750000e-09  3.30516543e+00 
 7.88375000e-09  3.30555195e+00 
 7.90000000e-09  3.30605529e+00 
 7.90250000e-09  3.30614581e+00 
 7.90750000e-09  3.30633626e+00 
 7.91750000e-09  3.30676835e+00 
 7.93375000e-09  3.30763241e+00 
 7.95000000e-09  3.30875916e+00 
 7.95250000e-09  3.30896327e+00 
 7.95750000e-09  3.30939679e+00 
 7.96750000e-09  3.31039893e+00 
 7.98375000e-09  3.31250463e+00 
 8.00000000e-09  3.31536116e+00 
 8.00250000e-09  3.31586846e+00 
 8.00750000e-09  3.31690807e+00 
 8.01750000e-09  3.31880374e+00 
 8.03375000e-09  3.31904584e+00 
 8.05000000e-09  3.31086234e+00 
 8.05250000e-09  3.30834916e+00 
 8.05750000e-09  3.30255645e+00 
 8.06750000e-09  3.28743565e+00 
 8.08375000e-09  3.24860791e+00 
 8.10000000e-09  3.18934051e+00 
 8.10250000e-09  3.17788540e+00 
 8.10750000e-09  3.15364465e+00 
 8.11750000e-09  3.09640632e+00 
 8.13375000e-09  2.96971124e+00 
 8.15000000e-09  2.76519870e+00 
 8.15250000e-09  2.71954944e+00 
 8.15750000e-09  2.61483523e+00 
 8.16750000e-09  2.33471379e+00 
 8.18375000e-09  1.69702107e+00 
 8.20000000e-09  8.99921545e-01 
 8.20250000e-09  7.79336032e-01 
 8.20750000e-09  5.62514620e-01 
 8.21750000e-09  2.64313743e-01 
 8.23375000e-09  6.70047303e-02 
 8.25000000e-09  3.05995910e-02 
 8.25216622e-09  2.89640367e-02 
 8.25649865e-09  2.57476538e-02 
 8.26516352e-09  2.03115565e-02 
 8.28249326e-09  1.27838542e-02 
 8.30000000e-09  8.32581126e-03 
 8.30250000e-09  7.85226990e-03 
 8.30750000e-09  6.95277789e-03 
 8.31750000e-09  5.42795989e-03 
 8.33375000e-09  3.58572076e-03 
 8.35000000e-09  2.34103068e-03 
 8.35250000e-09  2.19678360e-03 
 8.35750000e-09  1.92616082e-03 
 8.36750000e-09  1.47880059e-03 
 8.38375000e-09  9.60633629e-04 
 8.40000000e-09  6.30716504e-04 
 8.40250000e-09  5.94071552e-04 
 8.40750000e-09  5.26218093e-04 
 8.41750000e-09  4.16237846e-04 
 8.43375000e-09  2.90726923e-04 
 8.45000000e-09  2.09681989e-04 
 8.45250000e-09  2.00282105e-04 
 8.45750000e-09  1.82582846e-04 
 8.46750000e-09  1.52914025e-04 
 8.48375000e-09  1.17729944e-04 
 8.50000000e-09  9.41473143e-05 
 8.50250000e-09  9.13524159e-05 
 8.50750000e-09  8.60566203e-05 
 8.51750000e-09  7.69658826e-05 
 8.53375000e-09  6.51684050e-05 
 8.55000000e-09  5.56576451e-05 
 8.55250000e-09  5.44164512e-05 
 8.55750000e-09  5.21133427e-05 
 8.56750000e-09  4.80527575e-05 
 8.58375000e-09  4.16494730e-05 
 8.60000000e-09  3.59811446e-05 
 8.60250000e-09  3.52727972e-05 
 8.60750000e-09  3.36900199e-05 
 8.61750000e-09  2.97325232e-05 
 8.63375000e-09  2.04751941e-05 
 8.65000000e-09  1.00735375e-05 
 8.65250000e-09  9.18067153e-06 
 8.65750000e-09  7.45424558e-06 
 8.66750000e-09  5.37099908e-06 
 8.68375000e-09  4.84275097e-06 
 8.70000000e-09  5.99598577e-06 
 8.70250000e-09  6.32994328e-06 
 8.70750000e-09  6.98409684e-06 
 8.71750000e-09  8.45713856e-06 
 8.73375000e-09  1.05110385e-05 
 8.75000000e-09  1.21492064e-05 
 8.75250000e-09  1.23511483e-05 
 8.75750000e-09  1.25782316e-05 
 8.76750000e-09  1.22583246e-05 
 8.78375000e-09  9.07939723e-06 
 8.80000000e-09  2.95536191e-06 
 8.80250000e-09  1.83296671e-06 
 8.80750000e-09 -4.82059421e-07 
 8.81750000e-09 -4.72466584e-06 
 8.83375000e-09 -8.29206825e-06 
 8.85000000e-09 -8.49450233e-06 
 8.85250000e-09 -8.36798035e-06 
 8.85750000e-09 -8.11274381e-06 
 8.86750000e-09 -7.16812574e-06 
 8.88375000e-09 -4.13205068e-06 
 8.90000000e-09  1.84670156e-06 
 8.90250000e-09  2.32586396e-06 
 8.90750000e-09  3.38261305e-06 
 8.91750000e-09  5.87097707e-06 
 8.93375000e-09  9.85692211e-06 
 8.95000000e-09  1.18295265e-05 
 8.95250000e-09  1.20398386e-05 
 8.95750000e-09  1.24194762e-05 
 8.96750000e-09  1.28610478e-05 
 8.98375000e-09  1.23442224e-05 
 9.00000000e-09  1.05550452e-05 
 9.00250000e-09  1.02113755e-05 
 9.00750000e-09  9.45616352e-06 
 9.01750000e-09  7.79495128e-06 
 9.03375000e-09  4.46059669e-06 
 9.05000000e-09  8.28278105e-07 
 9.05250000e-09  3.24450072e-07 
 9.05750000e-09 -1.06525991e-06 
 9.06750000e-09 -4.46045300e-06 
 9.08375000e-09 -1.11390123e-05 
 9.10000000e-09 -2.02200386e-05 
 9.10250000e-09 -2.14292394e-05 
 9.10750000e-09 -2.39450037e-05 
 9.11750000e-09 -2.65334513e-05 
 9.13375000e-09 -2.47408766e-05 
 9.15000000e-09 -1.67301835e-05 
 9.15250000e-09 -1.47099847e-05 
 9.15750000e-09 -1.05290811e-05 
 9.16750000e-09  8.24852599e-07 
 9.18375000e-09  2.76330298e-05 
 9.20000000e-09  6.35298158e-05 
 9.20250000e-09  6.91053389e-05 
 9.20750000e-09  7.98263165e-05 
 9.21750000e-09  1.01867591e-04 
 9.23375000e-09  1.23658494e-04 
 9.25000000e-09  1.29418158e-04 
 9.25250000e-09  1.29079619e-04 
 9.25750000e-09  1.25594579e-04 
 9.26750000e-09  1.20326254e-04 
 9.28375000e-09  1.07978705e-04 
 9.30000000e-09  9.90385658e-05 
 9.30250000e-09  9.77639384e-05 
 9.30750000e-09  9.57049865e-05 
 9.31750000e-09  8.75249989e-05 
 9.33375000e-09  5.72627705e-05 
 9.35000000e-09  1.73464648e-05 
 9.35250000e-09  1.18045090e-05 
 9.35750000e-09  2.13977877e-06 
 9.36750000e-09 -1.07342286e-05 
 9.38375000e-09 -1.29039305e-05 
 9.40000000e-09  4.38523520e-06 
 9.40250000e-09  8.58195751e-06 
 9.40750000e-09  1.87538335e-05 
 9.41750000e-09  4.55589650e-05 
 9.43375000e-09  1.06134108e-04 
 9.45000000e-09  1.69002365e-04 
 9.45250000e-09  1.75458430e-04 
 9.45750000e-09  1.86533894e-04 
 9.46750000e-09  1.92088123e-04 
 9.48375000e-09  1.41174454e-04 
 9.50000000e-09 -3.10544453e-05 
 9.50250000e-09 -7.59015869e-05 
 9.50750000e-09 -1.74755345e-04 
 9.51750000e-09 -4.26541648e-04 
 9.53375000e-09 -9.51846462e-04 
 9.55000000e-09 -1.46304971e-03 
 9.55250000e-09 -1.55498730e-03 
 9.55750000e-09 -1.73790961e-03 
 9.56750000e-09 -2.09549119e-03 
 9.58375000e-09 -2.64432565e-03 
 9.60000000e-09 -3.15875116e-03 
 9.60250000e-09 -3.23459134e-03 
 9.60750000e-09 -3.38695123e-03 
 9.61750000e-09 -3.69073670e-03 
 9.63375000e-09 -4.19956762e-03 
 9.65000000e-09 -4.73573593e-03 
 9.65250000e-09 -4.82253353e-03 
 9.65750000e-09 -5.00304987e-03 
 9.66750000e-09 -5.38222175e-03 
 9.68375000e-09 -6.06122731e-03 
 9.70000000e-09 -6.86272228e-03 
 9.70250000e-09 -6.99800911e-03 
 9.70750000e-09 -7.29646791e-03 
 9.71750000e-09 -7.96114487e-03 
 9.73375000e-09 -9.31157097e-03 
 9.75000000e-09 -1.10409417e-02 
 9.75250000e-09 -1.13154862e-02 
 9.75750000e-09 -1.18931165e-02 
 9.76750000e-09 -1.28663258e-02 
 9.78375000e-09 -1.27768863e-02 
 9.80000000e-09 -8.08348585e-03 
 9.80250000e-09 -6.69877931e-03 
 9.80750000e-09 -3.53501804e-03 
 9.81750000e-09  5.04809635e-03 
 9.83375000e-09  2.68198574e-02 
 9.85000000e-09  6.09163777e-02 
 9.85250000e-09  6.75924901e-02 
 9.85750000e-09  8.18240954e-02 
 9.86750000e-09  1.16084525e-01 
 9.88375000e-09  1.93546365e-01 
 9.90000000e-09  3.14025472e-01 
 9.90250000e-09  3.38908797e-01 
 9.90750000e-09  3.94113466e-01 
 9.91750000e-09  5.48885417e-01 
 9.93375000e-09  9.69205979e-01 
 9.95000000e-09  1.59336243e+00 
 9.95250000e-09  1.70734099e+00 
 9.95750000e-09  1.94025995e+00 
 9.96750000e-09  2.38818505e+00 
 9.98375000e-09  2.87498137e+00 
 1.00000000e-08  3.11402909e+00 
 1.00025000e-08  3.13363836e+00 
 1.00075000e-08  3.16817799e+00 
 1.00175000e-08  3.21510601e+00 
 1.00337500e-08  3.25406905e+00 
 1.00500000e-08  3.27131101e+00 
 1.00525000e-08  3.27302326e+00 
 1.00575000e-08  3.27622539e+00 
 1.00675000e-08  3.28145944e+00 
 1.00837500e-08  3.28750752e+00 
 1.01000000e-08  3.29142222e+00 
 1.01025000e-08  3.29186797e+00 
 1.01075000e-08  3.29270504e+00 
 1.01175000e-08  3.29408959e+00 
 1.01337500e-08  3.29570781e+00 
 1.01500000e-08  3.29677285e+00 
 1.01525000e-08  3.29689621e+00 
 1.01575000e-08  3.29712937e+00 
 1.01675000e-08  3.29752438e+00 
 1.01837500e-08  3.29801498e+00 
 1.02000000e-08  3.29837616e+00 
 1.02025000e-08  3.29842209e+00 
 1.02075000e-08  3.29851030e+00 
 1.02175000e-08  3.29866790e+00 
 1.02337500e-08  3.29887382e+00 
 1.02500000e-08  3.29904525e+00 
 1.02525000e-08  3.29907420e+00 
 1.02575000e-08  3.29913211e+00 
 1.02675000e-08  3.29924948e+00 
 1.02837500e-08  3.29942778e+00 
 1.03000000e-08  3.29957601e+00 
 1.03025000e-08  3.29959519e+00 
 1.03075000e-08  3.29963168e+00 
 1.03175000e-08  3.29969614e+00 
 1.03337500e-08  3.29977845e+00 
 1.03500000e-08  3.29983774e+00 
 1.03525000e-08  3.29984494e+00 
 1.03575000e-08  3.29985846e+00 
 1.03675000e-08  3.29988127e+00 
 1.03837500e-08  3.29990715e+00 
 1.04000000e-08  3.29992291e+00 
 1.04025000e-08  3.29992461e+00 
 1.04075000e-08  3.29992723e+00 
 1.04175000e-08  3.29993076e+00 
 1.04337500e-08  3.29993442e+00 
 1.04500000e-08  3.29993798e+00 
 1.04525000e-08  3.29993892e+00 
 1.04575000e-08  3.29994058e+00 
 1.04675000e-08  3.29994412e+00 
 1.04837500e-08  3.29995328e+00 
 1.05000000e-08  3.29997056e+00 
 1.05025000e-08  3.29997300e+00 
 1.05075000e-08  3.29997754e+00 
 1.05175000e-08  3.29998146e+00 
 1.05337500e-08  3.29997624e+00 
 1.05500000e-08  3.29996392e+00 
 1.05525000e-08  3.29996203e+00 
 1.05575000e-08  3.29995842e+00 
 1.05675000e-08  3.29995206e+00 
 1.05837500e-08  3.29994338e+00 
 1.06000000e-08  3.29993672e+00 
 1.06025000e-08  3.29993580e+00 
 1.06075000e-08  3.29993374e+00 
 1.06175000e-08  3.29992952e+00 
 1.06337500e-08  3.29992423e+00 
 1.06500000e-08  3.29992010e+00 
 1.06525000e-08  3.29991981e+00 
 1.06575000e-08  3.29991950e+00 
 1.06675000e-08  3.29992047e+00 
 1.06837500e-08  3.29992425e+00 
 1.07000000e-08  3.29993073e+00 
 1.07025000e-08  3.29993200e+00 
 1.07075000e-08  3.29993435e+00 
 1.07175000e-08  3.29993963e+00 
 1.07337500e-08  3.29995218e+00 
 1.07500000e-08  3.29997010e+00 
 1.07525000e-08  3.29997319e+00 
 1.07575000e-08  3.29997926e+00 
 1.07675000e-08  3.29999029e+00 
 1.07837500e-08  3.30000188e+00 
 1.08000000e-08  3.30000599e+00 
 1.08025000e-08  3.30000518e+00 
 1.08075000e-08  3.30000376e+00 
 1.08175000e-08  3.30000050e+00 
 1.08337500e-08  3.29999474e+00 
 1.08500000e-08  3.29998984e+00 
 1.08525000e-08  3.29998901e+00 
 1.08575000e-08  3.29998723e+00 
 1.08675000e-08  3.29998291e+00 
 1.08837500e-08  3.29997318e+00 
 1.09000000e-08  3.29995902e+00 
 1.09025000e-08  3.29995674e+00 
 1.09075000e-08  3.29995287e+00 
 1.09175000e-08  3.29995272e+00 
 1.09337500e-08  3.29995899e+00 
 1.09500000e-08  3.29996798e+00 
 1.09525000e-08  3.29997016e+00 
 1.09575000e-08  3.29997556e+00 
 1.09675000e-08  3.29999094e+00 
 1.09837500e-08  3.30002780e+00 
 1.10000000e-08  3.30005455e+00 
 1.10025000e-08  3.30005500e+00 
 1.10075000e-08  3.30005336e+00 
 1.10175000e-08  3.30003475e+00 
 1.10337500e-08  3.29996730e+00 
 1.10500000e-08  3.29987757e+00 
 1.10525000e-08  3.29986382e+00 
 1.10575000e-08  3.29983773e+00 
 1.10675000e-08  3.29979586e+00 
 1.10837500e-08  3.29974316e+00 
 1.11000000e-08  3.29972503e+00 
 1.11025000e-08  3.29972637e+00 
 1.11075000e-08  3.29973021e+00 
 1.11175000e-08  3.29974551e+00 
 1.11337500e-08  3.29979595e+00 
 1.11500000e-08  3.29985234e+00 
 1.11525000e-08  3.29985913e+00 
 1.11575000e-08  3.29987100e+00 
 1.11675000e-08  3.29988692e+00 
 1.11837500e-08  3.29990741e+00 
 1.12000000e-08  3.29994057e+00 
 1.12025000e-08  3.29994694e+00 
 1.12075000e-08  3.29995874e+00 
 1.12175000e-08  3.29997856e+00 
 1.12337500e-08  3.29999946e+00 
 1.12500000e-08  3.30000772e+00 
 1.12525000e-08  3.30000769e+00 
 1.12575000e-08  3.30000694e+00 
 1.12675000e-08  3.30000276e+00 
 1.12837500e-08  3.29998975e+00 
 1.13000000e-08  3.29996801e+00 
 1.13025000e-08  3.29996367e+00 
 1.13075000e-08  3.29995354e+00 
 1.13175000e-08  3.29992876e+00 
 1.13337500e-08  3.29987555e+00 
 1.13500000e-08  3.29979958e+00 
 1.13525000e-08  3.29978661e+00 
 1.13575000e-08  3.29975873e+00 
 1.13675000e-08  3.29970679e+00 
 1.13837500e-08  3.29965235e+00 
 1.14000000e-08  3.29964410e+00 
 1.14025000e-08  3.29964722e+00 
 1.14075000e-08  3.29965353e+00 
 1.14175000e-08  3.29967300e+00 
 1.14337500e-08  3.29972135e+00 
 1.14500000e-08  3.29980091e+00 
 1.14525000e-08  3.29981786e+00 
 1.14575000e-08  3.29985506e+00 
 1.14675000e-08  3.29995361e+00 
 1.14837500e-08  3.30020105e+00 
 1.15000000e-08  3.30052914e+00 
 1.15025000e-08  3.30058517e+00 
 1.15075000e-08  3.30069881e+00 
 1.15175000e-08  3.30093405e+00 
 1.15337500e-08  3.30131713e+00 
 1.15500000e-08  3.30167840e+00 
 1.15525000e-08  3.30173521e+00 
 1.15575000e-08  3.30184552e+00 
 1.15675000e-08  3.30207023e+00 
 1.15837500e-08  3.30245438e+00 
 1.16000000e-08  3.30285095e+00 
 1.16025000e-08  3.30291237e+00 
 1.16075000e-08  3.30303623e+00 
 1.16175000e-08  3.30328975e+00 
 1.16337500e-08  3.30371165e+00 
 1.16500000e-08  3.30411872e+00 
 1.16525000e-08  3.30417401e+00 
 1.16575000e-08  3.30428168e+00 
 1.16675000e-08  3.30447499e+00 
 1.16837500e-08  3.30475080e+00 
 1.17000000e-08  3.30502899e+00 
 1.17025000e-08  3.30507542e+00 
 1.17075000e-08  3.30517294e+00 
 1.17175000e-08  3.30539541e+00 
 1.17337500e-08  3.30584584e+00 
 1.17500000e-08  3.30643137e+00 
 1.17525000e-08  3.30653645e+00 
 1.17575000e-08  3.30675755e+00 
 1.17675000e-08  3.30725958e+00 
 1.17837500e-08  3.30827125e+00 
 1.18000000e-08  3.30960986e+00 
 1.18025000e-08  3.30985487e+00 
 1.18075000e-08  3.31037752e+00 
 1.18175000e-08  3.31159426e+00 
 1.18337500e-08  3.31415532e+00 
 1.18500000e-08  3.31737276e+00 
 1.18525000e-08  3.31787463e+00 
 1.18575000e-08  3.31881104e+00 
 1.18675000e-08  3.31977088e+00 
 1.18837500e-08  3.31557402e+00 
 1.19000000e-08  3.29940884e+00 
 1.19025000e-08  3.29578843e+00 
 1.19075000e-08  3.28767371e+00 
 1.19175000e-08  3.26614485e+00 
 1.19337500e-08  3.21520388e+00 
 1.19500000e-08  3.14118359e+00 
 1.19525000e-08  3.12701251e+00 
 1.19575000e-08  3.09697771e+00 
 1.19675000e-08  3.02547722e+00 
 1.19837500e-08  2.85963182e+00 
 1.20000000e-08  2.54804206e+00 
 1.20025000e-08  2.47831843e+00 
 1.20075000e-08  2.32692149e+00 
 1.20175000e-08  1.95882384e+00 
 1.20337500e-08  1.20201913e+00 
 1.20500000e-08  4.93024104e-01 
 1.20525000e-08  4.14071919e-01 
 1.20575000e-08  2.79891233e-01 
 1.20675000e-08  1.23263353e-01 
 1.20837500e-08  3.87579711e-02 
 1.21000000e-08  2.30245103e-02 
 1.21017634e-08  2.20391363e-02 
 1.21052902e-08  2.01054281e-02 
 1.21123439e-08  1.67319799e-02 
 1.21264512e-08  1.16611131e-02 
 1.21500000e-08  6.43723135e-03 
 1.21525000e-08  6.06980781e-03 
 1.21575000e-08  5.37130186e-03 
 1.21675000e-08  4.18171446e-03 
 1.21837500e-08  2.74548678e-03 
 1.22000000e-08  1.78466742e-03 
 1.22025000e-08  1.67434488e-03 
 1.22075000e-08  1.46777929e-03 
 1.22175000e-08  1.12785503e-03 
 1.22337500e-08  7.37030318e-04 
 1.22500000e-08  4.90598355e-04 
 1.22525000e-08  4.63188741e-04 
 1.22575000e-08  4.12314778e-04 
 1.22675000e-08  3.29138460e-04 
 1.22837500e-08  2.33225259e-04 
 1.23000000e-08  1.70946831e-04 
 1.23025000e-08  1.63837696e-04 
 1.23075000e-08  1.50593462e-04 
 1.23175000e-08  1.28742730e-04 
 1.23337500e-08  1.02731020e-04 
 1.23500000e-08  8.48222343e-05 
 1.23525000e-08  8.25705050e-05 
 1.23575000e-08  7.81761604e-05 
 1.23675000e-08  7.02002931e-05 
 1.23837500e-08  5.93676355e-05 
 1.24000000e-08  5.03451846e-05 
 1.24025000e-08  4.91531307e-05 
 1.24075000e-08  4.69003975e-05 
 1.24175000e-08  4.26318093e-05 
 1.24337500e-08  3.65099847e-05 
 1.24500000e-08  3.16074386e-05 
 1.24525000e-08  3.08659969e-05 
 1.24575000e-08  2.93280613e-05 
 1.24675000e-08  2.45722214e-05 
 1.24837500e-08  1.43472048e-05 
 1.25000000e-08  7.34954903e-06 
 1.25025000e-08  7.02545999e-06 
 1.25075000e-08  6.46634995e-06 
 1.25175000e-08  6.30397889e-06 
 1.25337500e-08  7.36720918e-06 
 1.25500000e-08  8.77870525e-06 
 1.25525000e-08  9.00716633e-06 
 1.25575000e-08  9.36182713e-06 
 1.25675000e-08  1.01127454e-05 
 1.25837500e-08  1.13985097e-05 
 1.26000000e-08  1.20708906e-05 
 1.26025000e-08  1.20075705e-05 
 1.26075000e-08  1.16384664e-05 
 1.26175000e-08  9.93499047e-06 
 1.26337500e-08  4.70993749e-06 
 1.26500000e-08 -2.22386176e-06 
 1.26525000e-08 -3.30354244e-06 
 1.26575000e-08 -5.41567030e-06 
 1.26675000e-08 -8.68088790e-06 
 1.26837500e-08 -1.02157240e-05 
 1.27000000e-08 -9.57743931e-06 
 1.27025000e-08 -9.14055913e-06 
 1.27075000e-08 -8.13276261e-06 
 1.27175000e-08 -5.51722021e-06 
 1.27337500e-08  5.19135575e-07 
 1.27500000e-08  5.50003741e-06 
 1.27525000e-08  6.08208294e-06 
 1.27575000e-08  7.16085805e-06 
 1.27675000e-08  9.17984192e-06 
 1.27837500e-08  1.15001509e-05 
 1.28000000e-08  1.23425953e-05 
 1.28025000e-08  1.24532575e-05 
 1.28075000e-08  1.26323198e-05 
 1.28175000e-08  1.26434998e-05 
 1.28337500e-08  1.14693364e-05 
 1.28500000e-08  9.22232347e-06 
 1.28525000e-08  8.81775228e-06 
 1.28575000e-08  7.86778861e-06 
 1.28675000e-08  5.65072686e-06 
 1.28837500e-08  2.02283210e-06 
 1.29000000e-08 -1.53766129e-06 
 1.29025000e-08 -2.23165179e-06 
 1.29075000e-08 -3.91178897e-06 
 1.29175000e-08 -7.75216114e-06 
 1.29337500e-08 -1.56430499e-05 
 1.29500000e-08 -2.43206894e-05 
 1.29525000e-08 -2.50163325e-05 
 1.29575000e-08 -2.63427495e-05 
 1.29675000e-08 -2.63017061e-05 
 1.29837500e-08 -2.10235515e-05 
 1.30000000e-08 -9.37699476e-06 
 1.30025000e-08 -6.67502052e-06 
 1.30075000e-08 -8.29135644e-07 
 1.30175000e-08  1.42261543e-05 
 1.30337500e-08  4.79474361e-05 
 1.30500000e-08  8.44530806e-05 
 1.30525000e-08  8.95018266e-05 
 1.30575000e-08  1.02449391e-04 
 1.30675000e-08  1.18177603e-04 
 1.30837500e-08  1.29343292e-04 
 1.31000000e-08  1.27683665e-04 
 1.31025000e-08  1.26109208e-04 
 1.31075000e-08  1.22723405e-04 
 1.31175000e-08  1.14043747e-04 
 1.31337500e-08  1.02440423e-04 
 1.31500000e-08  9.35920808e-05 
 1.31525000e-08  9.10517989e-05 
 1.31575000e-08  8.59205293e-05 
 1.31675000e-08  6.93588973e-05 
 1.31837500e-08  3.13925424e-05 
 1.32000000e-08 -1.56067326e-06 
 1.32025000e-08 -4.97355074e-06 
 1.32075000e-08 -1.00879312e-05 
 1.32175000e-08 -1.30668846e-05 
 1.32337500e-08 -2.34234224e-06 
 1.32500000e-08  2.56282399e-05 
 1.32525000e-08  3.16786461e-05 
 1.32575000e-08  4.58474207e-05 
 1.32675000e-08  8.06981536e-05 
 1.32837500e-08  1.46356109e-04 
 1.33000000e-08  1.89599909e-04 
 1.33025000e-08  1.91268685e-04 
 1.33075000e-08  1.92171412e-04 
 1.33175000e-08  1.72524091e-04 
 1.33337500e-08  5.50859967e-05 
 1.33500000e-08 -2.27657281e-04 
 1.33525000e-08 -2.90066869e-04 
 1.33575000e-08 -4.23559463e-04 
 1.33675000e-08 -7.36216539e-04 
 1.33837500e-08 -1.27289101e-03 
 1.34000000e-08 -1.82839690e-03 
 1.34025000e-08 -1.91936748e-03 
 1.34075000e-08 -2.09897223e-03 
 1.34175000e-08 -2.44453003e-03 
 1.34337500e-08 -2.97324923e-03 
 1.34500000e-08 -3.47736839e-03 
 1.34525000e-08 -3.55261783e-03 
 1.34575000e-08 -3.70545835e-03 
 1.34675000e-08 -4.01654159e-03 
 1.34837500e-08 -4.54151410e-03 
 1.35000000e-08 -5.11452478e-03 
 1.35025000e-08 -5.20816322e-03 
 1.35075000e-08 -5.40431949e-03 
 1.35175000e-08 -5.81866604e-03 
 1.35337500e-08 -6.57273554e-03 
 1.35500000e-08 -7.49566841e-03 
 1.35525000e-08 -7.65490044e-03 
 1.35575000e-08 -8.01141251e-03 
 1.35675000e-08 -8.81383553e-03 
 1.35837500e-08 -1.04195624e-02 
 1.36000000e-08 -1.22410314e-02 
 1.36025000e-08 -1.24840039e-02 
 1.36075000e-08 -1.29403588e-02 
 1.36175000e-08 -1.32517067e-02 
 1.36337500e-08 -1.04553957e-02 
 1.36500000e-08 -1.16313417e-03 
 1.36525000e-08  1.01123294e-03 
 1.36575000e-08  5.68286998e-03 
 1.36675000e-08  1.80244732e-02 
 1.36837500e-08  4.75695747e-02 
 1.37000000e-08  9.17773536e-02 
 1.37025000e-08  1.00352808e-01 
 1.37075000e-08  1.18636515e-01 
 1.37175000e-08  1.62826841e-01 
 1.37337500e-08  2.65250941e-01 
 1.37500000e-08  4.37120057e-01 
 1.37525000e-08  4.75184233e-01 
 1.37575000e-08  5.62010224e-01 
 1.37675000e-08  7.99106198e-01 
 1.37837500e-08  1.35479786e+00 
 1.38000000e-08  2.07610534e+00 
 1.38025000e-08  2.19343825e+00 
 1.38075000e-08  2.40966732e+00 
 1.38175000e-08  2.73951605e+00 
 1.38337500e-08  3.05224496e+00 
 1.38500000e-08  3.18846626e+00 
 1.38523679e-08  3.19854619e+00 
 1.38571036e-08  3.21643109e+00 
 1.38665750e-08  3.24150449e+00 
 1.38832875e-08  3.26592388e+00 
 1.39000000e-08  3.27811297e+00 
 1.39025000e-08  3.27937173e+00 
 1.39075000e-08  3.28173716e+00 
 1.39175000e-08  3.28564812e+00 
 1.39337500e-08  3.29021060e+00 
 1.39500000e-08  3.29318047e+00 
 1.39525000e-08  3.29351834e+00 
 1.39575000e-08  3.29415316e+00 
 1.39675000e-08  3.29520512e+00 
 1.39837500e-08  3.29644101e+00 
 1.40000000e-08  3.29726425e+00 
 1.40025000e-08  3.29736068e+00 
 1.40075000e-08  3.29754349e+00 
 1.40175000e-08  3.29785671e+00 
 1.40337500e-08  3.29825529e+00 
 1.40500000e-08  3.29855832e+00 
 1.40525000e-08  3.29859739e+00 
 1.40575000e-08  3.29867159e+00 
 1.40675000e-08  3.29880153e+00 
 1.40837500e-08  3.29897914e+00 
 1.41000000e-08  3.29916156e+00 
 1.41025000e-08  3.29919159e+00 
 1.41075000e-08  3.29925027e+00 
 1.41175000e-08  3.29936135e+00 
 1.41337500e-08  3.29951844e+00 
 1.41500000e-08  3.29964427e+00 
 1.41525000e-08  3.29966123e+00 
 1.41575000e-08  3.29969354e+00 
 1.41675000e-08  3.29975041e+00 
 1.41837500e-08  3.29982177e+00 
 1.42000000e-08  3.29986946e+00 
 1.42025000e-08  3.29987468e+00 
 1.42075000e-08  3.29988394e+00 
 1.42175000e-08  3.29989812e+00 
 1.42337500e-08  3.29991372e+00 
 1.42500000e-08  3.29992382e+00 
 1.42525000e-08  3.29992523e+00 
 1.42575000e-08  3.29992775e+00 
 1.42675000e-08  3.29993252e+00 
 1.42837500e-08  3.29993874e+00 
 1.43000000e-08  3.29994562e+00 
 1.43025000e-08  3.29994660e+00 
 1.43075000e-08  3.29994851e+00 
 1.43175000e-08  3.29995348e+00 
 1.43337500e-08  3.29996787e+00 
 1.43500000e-08  3.29998167e+00 
 1.43525000e-08  3.29998196e+00 
 1.43575000e-08  3.29998212e+00 
 1.43675000e-08  3.29997914e+00 
 1.43837500e-08  3.29996880e+00 
 1.44000000e-08  3.29995654e+00 
 1.44025000e-08  3.29995481e+00 
 1.44075000e-08  3.29995139e+00 
 1.44175000e-08  3.29994513e+00 
 1.44337500e-08  3.29993693e+00 
 1.44500000e-08  3.29993113e+00 
 1.44525000e-08  3.29993041e+00 
 1.44575000e-08  3.29992886e+00 
 1.44675000e-08  3.29992583e+00 
 1.44837500e-08  3.29992166e+00 
 1.45000000e-08  3.29991803e+00 
 1.45025000e-08  3.29991797e+00 
 1.45075000e-08  3.29991803e+00 
 1.45175000e-08  3.29991974e+00 
 1.45337500e-08  3.29992567e+00 
 1.45500000e-08  3.29993481e+00 
 1.45525000e-08  3.29993653e+00 
 1.45575000e-08  3.29993996e+00 
 1.45675000e-08  3.29994802e+00 
 1.45837500e-08  3.29996508e+00 
 1.46000000e-08  3.29998398e+00 
 1.46025000e-08  3.29998658e+00 
 1.46075000e-08  3.29999135e+00 
 1.46175000e-08  3.29999820e+00 
 1.46337500e-08  3.30000408e+00 
 1.46500000e-08  3.30000147e+00 
 1.46525000e-08  3.30000051e+00 
 1.46575000e-08  3.29999873e+00 
 1.46675000e-08  3.29999572e+00 
 1.46837500e-08  3.29999160e+00 
 1.47000000e-08  3.29998721e+00 
 1.47025000e-08  3.29998631e+00 
 1.47075000e-08  3.29998446e+00 
 1.47175000e-08  3.29997888e+00 
 1.47337500e-08  3.29996495e+00 
 1.47500000e-08  3.29995216e+00 
 1.47525000e-08  3.29995243e+00 
 1.47575000e-08  3.29995344e+00 
 1.47675000e-08  3.29995622e+00 
 1.47837500e-08  3.29996449e+00 
 1.48000000e-08  3.29998231e+00 
 1.48025000e-08  3.29998631e+00 
 1.48075000e-08  3.29999549e+00 
 1.48175000e-08  3.30001865e+00 
 1.48337500e-08  3.30004939e+00 
 1.48500000e-08  3.30004541e+00 
 1.48525000e-08  3.30003990e+00 
 1.48575000e-08  3.30002632e+00 
 1.48675000e-08  3.29998635e+00 
 1.48837500e-08  3.29990151e+00 
 1.49000000e-08  3.29981478e+00 
 1.49025000e-08  3.29980449e+00 
 1.49075000e-08  3.29978488e+00 
 1.49175000e-08  3.29975095e+00 
 1.49337500e-08  3.29972571e+00 
 1.49500000e-08  3.29973612e+00 
 1.49525000e-08  3.29974060e+00 
 1.49575000e-08  3.29975073e+00 
 1.49675000e-08  3.29978263e+00 
 1.49837500e-08  3.29984081e+00 
 1.50000000e-08  3.29988041e+00 
 1.50025000e-08  3.29988430e+00 
 1.50075000e-08  3.29988984e+00 
 1.50175000e-08  3.29990261e+00 
 1.50337500e-08  3.29993364e+00 
 1.50500000e-08  3.29996929e+00 
 1.50525000e-08  3.29997416e+00 
 1.50575000e-08  3.29998268e+00 
 1.50675000e-08  3.29999468e+00 
 1.50837500e-08  3.30000361e+00 
 1.51000000e-08  3.30000127e+00 
 1.51025000e-08  3.30000030e+00 
 1.51075000e-08  3.29999818e+00 
 1.51175000e-08  3.29999215e+00 
 1.51337500e-08  3.29997456e+00 
 1.51500000e-08  3.29994495e+00 
 1.51525000e-08  3.29993908e+00 
 1.51575000e-08  3.29992545e+00 
 1.51675000e-08  3.29989243e+00 
 1.51837500e-08  3.29982205e+00 
 1.52000000e-08  3.29973454e+00 
 1.52025000e-08  3.29972221e+00 
 1.52075000e-08  3.29969788e+00 
 1.52175000e-08  3.29966261e+00 
 1.52337500e-08  3.29964388e+00 
 1.52500000e-08  3.29966201e+00 
 1.52525000e-08  3.29966789e+00 
 1.52575000e-08  3.29967968e+00 
 1.52675000e-08  3.29971024e+00 
 1.52837500e-08  3.29978297e+00 
 1.53000000e-08  3.29990516e+00 
 1.53025000e-08  3.29993068e+00 
 1.53075000e-08  3.29998589e+00 
 1.53175000e-08  3.30013532e+00 
 1.53337500e-08  3.30044212e+00 
 1.53500000e-08  3.30080732e+00 
 1.53525000e-08  3.30086653e+00 
 1.53575000e-08  3.30098561e+00 
 1.53675000e-08  3.30122243e+00 
 1.53837500e-08  3.30158974e+00 
 1.54000000e-08  3.30195504e+00 
 1.54025000e-08  3.30201243e+00 
 1.54075000e-08  3.30212687e+00 
 1.54175000e-08  3.30236407e+00 
 1.54337500e-08  3.30276002e+00 
 1.54500000e-08  3.30316416e+00 
 1.54525000e-08  3.30322741e+00 
 1.54575000e-08  3.30335576e+00 
 1.54675000e-08  3.30361751e+00 
 1.54837500e-08  3.30402964e+00 
 1.55000000e-08  3.30438185e+00 
 1.55025000e-08  3.30442600e+00 
 1.55075000e-08  3.30451224e+00 
 1.55175000e-08  3.30467471e+00 
 1.55337500e-08  3.30494331e+00 
 1.55500000e-08  3.30526156e+00 
 1.55525000e-08  3.30531782e+00 
 1.55575000e-08  3.30543630e+00 
 1.55675000e-08  3.30570781e+00 
 1.55837500e-08  3.30625791e+00 
 1.56000000e-08  3.30697319e+00 
 1.56025000e-08  3.30710206e+00 
 1.56075000e-08  3.30737379e+00 
 1.56175000e-08  3.30799159e+00 
 1.56337500e-08  3.30924019e+00 
 1.56500000e-08  3.31090642e+00 
 1.56525000e-08  3.31121503e+00 
 1.56575000e-08  3.31187534e+00 
 1.56675000e-08  3.31341295e+00 
 1.56837500e-08  3.31650199e+00 
 1.57000000e-08  3.31929719e+00 
 1.57025000e-08  3.31951235e+00 
 1.57075000e-08  3.31966332e+00 
 1.57175000e-08  3.31769417e+00 
 1.57337500e-08  3.30501954e+00 
 1.57500000e-08  3.27873681e+00 
 1.57525000e-08  3.27303135e+00 
 1.57575000e-08  3.26069610e+00 
 1.57675000e-08  3.23031007e+00 
 1.57837500e-08  3.16273108e+00 
 1.58000000e-08  3.06649310e+00 
 1.58025000e-08  3.04797555e+00 
 1.58075000e-08  3.00844129e+00 
 1.58175000e-08  2.91155725e+00 
 1.58337500e-08  2.65129531e+00 
 1.58500000e-08  2.17597777e+00 
 1.58525000e-08  2.07929322e+00 
 1.58575000e-08  1.87599618e+00 
 1.58675000e-08  1.41302424e+00 
 1.58837500e-08  6.48259402e-01 
 1.59000000e-08  1.84468194e-01 
 1.59025000e-08  1.54672914e-01 
 1.59075000e-08  1.05916744e-01 
 1.59175000e-08  5.41037982e-02 
 1.59337500e-08  2.58943763e-02 
 1.59500000e-08  1.66986641e-02 
 1.59524920e-08  1.57428554e-02 
 1.59574761e-08  1.39125562e-02 
 1.59674442e-08  1.08654339e-02 
 1.59837221e-08  7.25436373e-03 
 1.60000000e-08  4.83262569e-03 
 1.60025000e-08  4.54350764e-03 
 1.60075000e-08  3.99910984e-03 
 1.60175000e-08  3.08968585e-03 
 1.60337500e-08  2.01290864e-03 
 1.60500000e-08  1.30578968e-03 
 1.60525000e-08  1.22516866e-03 
 1.60575000e-08  1.07466982e-03 
 1.60675000e-08  8.28576744e-04 
 1.60837500e-08  5.48331544e-04 
 1.61000000e-08  3.72750810e-04 
 1.61025000e-08  3.53092669e-04 
 1.61075000e-08  3.16600426e-04 
 1.61175000e-08  2.56773333e-04 
 1.61337500e-08  1.87180779e-04 
 1.61500000e-08  1.41452269e-04 
 1.61525000e-08  1.36100848e-04 
 1.61575000e-08  1.26005157e-04 
 1.61675000e-08  1.08983434e-04 
 1.61837500e-08  8.83625729e-05 
 1.62000000e-08  7.38311523e-05 
 1.62025000e-08  7.20610058e-05 
 1.62075000e-08  6.87164147e-05 
 1.62175000e-08  6.28131038e-05 
 1.62337500e-08  5.42961295e-05 
 1.62500000e-08  4.67605324e-05 
 1.62525000e-08  4.55785768e-05 
 1.62575000e-08  4.32533974e-05 
 1.62675000e-08  3.86921396e-05 
 1.62837500e-08  3.26687241e-05 
 1.63000000e-08  2.69944982e-05 
 1.63025000e-08  2.56733067e-05 
 1.63075000e-08  2.26023958e-05 
 1.63175000e-08  1.60390188e-05 
 1.63337500e-08  8.25374472e-06 
 1.63500000e-08  6.04881517e-06 
 1.63525000e-08  6.13510213e-06 
 1.63575000e-08  6.31105309e-06 
 1.63675000e-08  7.03165106e-06 
 1.63837500e-08  8.39848642e-06 
 1.64000000e-08  9.64229842e-06 
 1.64025000e-08  9.86494017e-06 
 1.64075000e-08  1.02322168e-05 
 1.64175000e-08  1.10305670e-05 
 1.64337500e-08  1.17564229e-05 
 1.64500000e-08  1.02523321e-05 
 1.64525000e-08  9.69968991e-06 
 1.64575000e-08  8.31667021e-06 
 1.64675000e-08  4.64100539e-06 
 1.64837500e-08 -2.28289083e-06 
 1.65000000e-08 -7.93877226e-06 
 1.65025000e-08 -8.42554157e-06 
 1.65075000e-08 -8.85087863e-06 
 1.65175000e-08 -9.45648839e-06 
 1.65337500e-08 -8.87834975e-06 
 1.65500000e-08 -6.26815419e-06 
 1.65525000e-08 -5.64937882e-06 
 1.65575000e-08 -4.34006663e-06 
 1.65675000e-08 -1.49949304e-07 
 1.65837500e-08  4.60205632e-06 
 1.66000000e-08  8.40209522e-06 
 1.66025000e-08  9.11846674e-06 
 1.66075000e-08  1.04422786e-05 
 1.66175000e-08  1.24102569e-05 
 1.66337500e-08  1.39863373e-05 
 1.66500000e-08  1.42070593e-05 
 1.66525000e-08  1.39942427e-05 
 1.66575000e-08  1.33124228e-05 
 1.66675000e-08  1.12628757e-05 
 1.66837500e-08  7.67808406e-06 
 1.67000000e-08  4.11528992e-06 
 1.67025000e-08  3.68355642e-06 
 1.67075000e-08  2.76380419e-06 
 1.67175000e-08  1.38618536e-06 
 1.67337500e-08 -9.95366711e-07 
 1.67500000e-08 -5.29204334e-06 
 1.67525000e-08 -6.18296766e-06 
 1.67575000e-08 -8.45174215e-06 
 1.67675000e-08 -1.36846319e-05 
 1.67837500e-08 -2.23560775e-05 
 1.68000000e-08 -2.58601472e-05 
 1.68025000e-08 -2.54740138e-05 
 1.68075000e-08 -2.48295775e-05 
 1.68175000e-08 -2.15481153e-05 
 1.68337500e-08 -1.09761254e-05 
 1.68500000e-08  9.52333818e-06 
 1.68525000e-08  1.37652930e-05 
 1.68575000e-08  2.30196443e-05 
 1.68675000e-08  4.49945876e-05 
 1.68837500e-08  8.16618215e-05 
 1.69000000e-08  1.14977428e-04 
 1.69025000e-08  1.17610807e-04 
 1.69075000e-08  1.22079463e-04 
 1.69175000e-08  1.27283392e-04 
 1.69337500e-08  1.26326609e-04 
 1.69500000e-08  1.15225439e-04 
 1.69525000e-08  1.13528578e-04 
 1.69575000e-08  1.10373214e-04 
 1.69675000e-08  1.05292431e-04 
 1.69837500e-08  9.65364097e-05 
 1.70000000e-08  7.67721618e-05 
 1.70025000e-08  7.10985465e-05 
 1.70075000e-08  5.95007637e-05 
 1.70175000e-08  3.45870151e-05 
 1.70337500e-08  1.44817019e-06 
 1.70500000e-08 -1.32091147e-05 
 1.70525000e-08 -1.33056922e-05 
 1.70575000e-08 -1.22939207e-05 
 1.70675000e-08 -5.08972341e-06 
 1.70837500e-08  2.00307904e-05 
 1.71000000e-08  6.65836041e-05 
 1.71025000e-08  7.59152711e-05 
 1.71075000e-08  9.68846293e-05 
 1.71175000e-08  1.39712170e-04 
 1.71337500e-08  1.87729344e-04 
 1.71500000e-08  1.82696343e-04 
 1.71525000e-08  1.74475657e-04 
 1.71575000e-08  1.53161835e-04 
 1.71675000e-08  7.32325576e-05 
 1.71837500e-08 -1.93490659e-04 
 1.72000000e-08 -6.38616802e-04 
 1.72025000e-08 -7.21973108e-04 
 1.72075000e-08 -8.93516585e-04 
 1.72175000e-08 -1.20737960e-03 
 1.72337500e-08 -1.76783882e-03 
 1.72500000e-08 -2.34690135e-03 
 1.72525000e-08 -2.43003046e-03 
 1.72575000e-08 -2.59501323e-03 
 1.72675000e-08 -2.91620569e-03 
 1.72837500e-08 -3.42161134e-03 
 1.73000000e-08 -3.92332075e-03 
 1.73025000e-08 -4.00129162e-03 
 1.73075000e-08 -4.16022360e-03 
 1.73175000e-08 -4.48407058e-03 
 1.73337500e-08 -5.04880952e-03 
 1.73500000e-08 -5.68443340e-03 
 1.73525000e-08 -5.78831054e-03 
 1.73575000e-08 -6.00913211e-03 
 1.73675000e-08 -6.48063391e-03 
 1.73837500e-08 -7.37108926e-03 
 1.74000000e-08 -8.52818033e-03 
 1.74025000e-08 -8.73203827e-03 
 1.74075000e-08 -9.18978679e-03 
 1.74175000e-08 -1.01993033e-02 
 1.74337500e-08 -1.20011837e-02 
 1.74500000e-08 -1.31855429e-02 
 1.74525000e-08 -1.31705657e-02 
 1.74575000e-08 -1.29649075e-02 
 1.74675000e-08 -1.11229157e-02 
 1.74837500e-08 -2.71058650e-03 
 1.75000000e-08  1.36210705e-02 
 1.75025000e-08  1.70962639e-02 
 1.75075000e-08  2.46062803e-02 
 1.75175000e-08  4.31768634e-02 
 1.75337500e-08  8.52741871e-02 
 1.75500000e-08  1.47318828e-01 
 1.75525000e-08  1.59411865e-01 
 1.75575000e-08  1.85317891e-01 
 1.75675000e-08  2.49209685e-01 
 1.75837500e-08  4.09140095e-01 
 1.76000000e-08  7.16953926e-01 
 1.76025000e-08  7.85040572e-01 
 1.76075000e-08  9.31644934e-01 
 1.76175000e-08  1.28315557e+00 
 1.76337500e-08  1.98966933e+00 
 1.76500000e-08  2.63264385e+00 
 1.76525000e-08  2.70467173e+00 
 1.76575000e-08  2.83321125e+00 
 1.76675000e-08  3.01710943e+00 
 1.76837500e-08  3.17538708e+00 
 1.77000000e-08  3.23780853e+00 
 1.77025000e-08  3.24258586e+00 
 1.77075000e-08  3.25118260e+00 
 1.77175000e-08  3.26387002e+00 
 1.77337500e-08  3.27682479e+00 
 1.77500000e-08  3.28454552e+00 
 1.77525000e-08  3.28541065e+00 
 1.77575000e-08  3.28703770e+00 
 1.77675000e-08  3.28973256e+00 
 1.77837500e-08  3.29287586e+00 
 1.78000000e-08  3.29491755e+00 
 1.78025000e-08  3.29514942e+00 
 1.78075000e-08  3.29558537e+00 
 1.78175000e-08  3.29631087e+00 
 1.78337500e-08  3.29717449e+00 
 1.78500000e-08  3.29776623e+00 
 1.78525000e-08  3.29783734e+00 
 1.78575000e-08  3.29797289e+00 
 1.78675000e-08  3.29820986e+00 
 1.78837500e-08  3.29852291e+00 
 1.79000000e-08  3.29876479e+00 
 1.79025000e-08  3.29879541e+00 
 1.79075000e-08  3.29885263e+00 
 1.79175000e-08  3.29896216e+00 
 1.79337500e-08  3.29914751e+00 
 1.79500000e-08  3.29933764e+00 
 1.79525000e-08  3.29936502e+00 
 1.79575000e-08  3.29941730e+00 
 1.79675000e-08  3.29951083e+00 
 1.79837500e-08  3.29963675e+00 
 1.80000000e-08  3.29973689e+00 
 1.80025000e-08  3.29974962e+00 
 1.80075000e-08  3.29977367e+00 
 1.80175000e-08  3.29981489e+00 
 1.80337500e-08  3.29986370e+00 
 1.80500000e-08  3.29989421e+00 
 1.80525000e-08  3.29989756e+00 
 1.80575000e-08  3.29990346e+00 
 1.80675000e-08  3.29991310e+00 
 1.80837500e-08  3.29992392e+00 
 1.81000000e-08  3.29993051e+00 
 1.81025000e-08  3.29993142e+00 
 1.81075000e-08  3.29993281e+00 
 1.81175000e-08  3.29993557e+00 
 1.81337500e-08  3.29994163e+00 
 1.81500000e-08  3.29994887e+00 
 1.81525000e-08  3.29995054e+00 
 1.81575000e-08  3.29995447e+00 
 1.81675000e-08  3.29996485e+00 
 1.81837500e-08  3.29997954e+00 
 1.82000000e-08  3.29997955e+00 
 1.82025000e-08  3.29997812e+00 
 1.82075000e-08  3.29997533e+00 
 1.82175000e-08  3.29996937e+00 
 1.82337500e-08  3.29995869e+00 
 1.82500000e-08  3.29994846e+00 
 1.82525000e-08  3.29994705e+00 
 1.82575000e-08  3.29994415e+00 
 1.82675000e-08  3.29993865e+00 
 1.82837500e-08  3.29993173e+00 
 1.83000000e-08  3.29992726e+00 
 1.83025000e-08  3.29992675e+00 
 1.83075000e-08  3.29992562e+00 
 1.83175000e-08  3.29992307e+00 
 1.83337500e-08  3.29991945e+00 
 1.83500000e-08  3.29991918e+00 
 1.83525000e-08  3.29991953e+00 
 1.83575000e-08  3.29992027e+00 
 1.83675000e-08  3.29992303e+00 
 1.83837500e-08  3.29993066e+00 
 1.84000000e-08  3.29994270e+00 
 1.84025000e-08  3.29994522e+00 
 1.84075000e-08  3.29995064e+00 
 1.84175000e-08  3.29996334e+00 
 1.84337500e-08  3.29998430e+00 
 1.84500000e-08  3.29999965e+00 
 1.84525000e-08  3.30000120e+00 
 1.84575000e-08  3.30000393e+00 
 1.84675000e-08  3.30000697e+00 
 1.84837500e-08  3.30000492e+00 
 1.85000000e-08  3.29999813e+00 
 1.85025000e-08  3.29999699e+00 
 1.85075000e-08  3.29999481e+00 
 1.85175000e-08  3.29999066e+00 
 1.85337500e-08  3.29998430e+00 
 1.85500000e-08  3.29997773e+00 
 1.85525000e-08  3.29997626e+00 
 1.85575000e-08  3.29997317e+00 
 1.85675000e-08  3.29996555e+00 
 1.85837500e-08  3.29995375e+00 
 1.86000000e-08  3.29995652e+00 
 1.86025000e-08  3.29995731e+00 
 1.86075000e-08  3.29995897e+00 
 1.86175000e-08  3.29996431e+00 
 1.86337500e-08  3.29998103e+00 
 1.86500000e-08  3.30001347e+00 
 1.86525000e-08  3.30001968e+00 
 1.86575000e-08  3.30003200e+00 
 1.86675000e-08  3.30005017e+00 
 1.86837500e-08  3.30004850e+00 
 1.87000000e-08  3.29999817e+00 
 1.87025000e-08  3.29998682e+00 
 1.87075000e-08  3.29996210e+00 
 1.87175000e-08  3.29990513e+00 
 1.87337500e-08  3.29981653e+00 
 1.87500000e-08  3.29975470e+00 
 1.87525000e-08  3.29974791e+00 
 1.87575000e-08  3.29973619e+00 
 1.87675000e-08  3.29972505e+00 
 1.87837500e-08  3.29973399e+00 
 1.88000000e-08  3.29977218e+00 
 1.88025000e-08  3.29978276e+00 
 1.88075000e-08  3.29980269e+00 
 1.88175000e-08  3.29983686e+00 
 1.88337500e-08  3.29987997e+00 
 1.88500000e-08  3.29990267e+00 
 1.88525000e-08  3.29990629e+00 
 1.88575000e-08  3.29991355e+00 
 1.88675000e-08  3.29993278e+00 
 1.88837500e-08  3.29996751e+00 
 1.89000000e-08  3.29999504e+00 
 1.89025000e-08  3.29999793e+00 
 1.89075000e-08  3.30000288e+00 
 1.89175000e-08  3.30000773e+00 
 1.89337500e-08  3.30000468e+00 
 1.89500000e-08  3.29999236e+00 
 1.89525000e-08  3.29999006e+00 
 1.89575000e-08  3.29998466e+00 
 1.89675000e-08  3.29997118e+00 
 1.89837500e-08  3.29994152e+00 
 1.90000000e-08  3.29989761e+00 
 1.90025000e-08  3.29988932e+00 
 1.90075000e-08  3.29987019e+00 
 1.90175000e-08  3.29982514e+00 
 1.90337500e-08  3.29973923e+00 
 1.90500000e-08  3.29966778e+00 
 1.90525000e-08  3.29966172e+00 
 1.90575000e-08  3.29965104e+00 
 1.90675000e-08  3.29964360e+00 
 1.90837500e-08  3.29965930e+00 
 1.91000000e-08  3.29969966e+00 
 1.91025000e-08  3.29970858e+00 
 1.91075000e-08  3.29972725e+00 
 1.91175000e-08  3.29977609e+00 
 1.91337500e-08  3.29989855e+00 
 1.91500000e-08  3.30010523e+00 
 1.91525000e-08  3.30014741e+00 
 1.91575000e-08  3.30023519e+00 
 1.91675000e-08  3.30043143e+00 
 1.91837500e-08  3.30079290e+00 
 1.92000000e-08  3.30117749e+00 
 1.92025000e-08  3.30123354e+00 
 1.92075000e-08  3.30134672e+00 
 1.92175000e-08  3.30156561e+00 
 1.92337500e-08  3.30193103e+00 
 1.92500000e-08  3.30230730e+00 
 1.92525000e-08  3.30236745e+00 
 1.92575000e-08  3.30248854e+00 
 1.92675000e-08  3.30273355e+00 
 1.92837500e-08  3.30313929e+00 
 1.93000000e-08  3.30355959e+00 
 1.93025000e-08  3.30362487e+00 
 1.93075000e-08  3.30375642e+00 
 1.93175000e-08  3.30401051e+00 
 1.93337500e-08  3.30436846e+00 
 1.93500000e-08  3.30465859e+00 
 1.93525000e-08  3.30469861e+00 
 1.93575000e-08  3.30478033e+00 
 1.93675000e-08  3.30495393e+00 
 1.93837500e-08  3.30528163e+00 
 1.94000000e-08  3.30569437e+00 
 1.94025000e-08  3.30576779e+00 
 1.94075000e-08  3.30592199e+00 
 1.94175000e-08  3.30627253e+00 
 1.94337500e-08  3.30697783e+00 
 1.94500000e-08  3.30789723e+00 
 1.94525000e-08  3.30806304e+00 
 1.94575000e-08  3.30841400e+00 
 1.94675000e-08  3.30922015e+00 
 1.94837500e-08  3.31089247e+00 
 1.95000000e-08  3.31319759e+00 
 1.95025000e-08  3.31362665e+00 
 1.95075000e-08  3.31454117e+00 
 1.95175000e-08  3.31656016e+00 
 1.95337500e-08  3.31938008e+00 
 1.95500000e-08  3.31806872e+00 
 1.95525000e-08  3.31706718e+00 
 1.95575000e-08  3.31445047e+00 
 1.95675000e-08  3.30515423e+00 
 1.95837500e-08  3.27873530e+00 
 1.96000000e-08  3.23457982e+00 
 1.96025000e-08  3.22573324e+00 
 1.96075000e-08  3.20695324e+00 
 1.96175000e-08  3.16241895e+00 
 1.96337500e-08  3.06562752e+00 
 1.96500000e-08  2.92328122e+00 
 1.96525000e-08  2.89469121e+00 
 1.96575000e-08  2.83135865e+00 
 1.96675000e-08  2.65360973e+00 
 1.96837500e-08  2.17525519e+00 
 1.97000000e-08  1.47709939e+00 
 1.97025000e-08  1.35042288e+00 
 1.97075000e-08  1.09266102e+00 
 1.97175000e-08  6.23347117e-01 
 1.97337500e-08  1.76620869e-01 
 1.97418750e-08  9.50744957e-02 
 1.97500000e-08  5.66435218e-02 
 1.97516250e-08  5.23847676e-02 
 1.97548750e-08  4.48207757e-02 
 1.97613750e-08  3.41592791e-02 
 1.97743750e-08  2.17571261e-02 
 1.97871875e-08  1.52840941e-02 
 1.98000000e-08  1.10856524e-02 
 1.98025000e-08  1.04532262e-02 
 1.98075000e-08  9.25173649e-03 
 1.98175000e-08  7.23202260e-03 
 1.98337500e-08  4.80888332e-03 
 1.98500000e-08  3.16264935e-03 
 1.98525000e-08  2.96972270e-03 
 1.98575000e-08  2.60712756e-03 
 1.98675000e-08  2.00485304e-03 
 1.98837500e-08  1.30089870e-03 
 1.99000000e-08  8.47289907e-04 
 1.99025000e-08  7.96295149e-04 
 1.99075000e-08  7.01475019e-04 
 1.99175000e-08  5.47339223e-04 
 1.99337500e-08  3.72640610e-04 
 1.99500000e-08  2.61774968e-04 
 1.99525000e-08  2.49036107e-04 
 1.99575000e-08  2.25136021e-04 
 1.99675000e-08  1.85330800e-04 
 1.99837500e-08  1.38560803e-04 
 2.00000000e-08  1.07639349e-04 
 2.00025000e-08  1.04202888e-04 
 2.00075000e-08  9.79656162e-05 
 2.00175000e-08  8.80483506e-05 
 2.00337500e-08  7.56300712e-05 
 2.00500000e-08  6.56502450e-05 
 2.00525000e-08  6.41385953e-05 
 2.00575000e-08  6.10370214e-05 
 2.00675000e-08  5.49761638e-05 
 2.00837500e-08  4.61964290e-05 
 2.01000000e-08  3.85196469e-05 
 2.01025000e-08  3.74763662e-05 
 2.01075000e-08  3.54062925e-05 
 2.01175000e-08  3.17728789e-05 
 2.01337500e-08  2.57863555e-05 
 2.01500000e-08  1.59740511e-05 
 2.01525000e-08  1.44989116e-05 
 2.01575000e-08  1.16504935e-05 
 2.01675000e-08  7.96565275e-06 
 2.01837500e-08  6.07426988e-06 
 2.02000000e-08  6.99803872e-06 
 2.02025000e-08  7.25659412e-06 
 2.02075000e-08  7.66071219e-06 
 2.02175000e-08  8.42217627e-06 
 2.02337500e-08  9.49805867e-06 
 2.02500000e-08  1.06727366e-05 
 2.02525000e-08  1.09257538e-05 
 2.02575000e-08  1.13497243e-05 
 2.02675000e-08  1.18658163e-05 
 2.02837500e-08  1.06260725e-05 
 2.03000000e-08  6.20359721e-06 
 2.03025000e-08  5.19235736e-06 
 2.03075000e-08  2.96462470e-06 
 2.03175000e-08 -1.82099001e-06 
 2.03337500e-08 -8.04786341e-06 
 2.03500000e-08 -1.00053489e-05 
 2.03525000e-08 -9.99188665e-06 
 2.03575000e-08 -9.82836675e-06 
 2.03675000e-08 -8.76417709e-06 
 2.03837500e-08 -5.60166565e-06 
 2.04000000e-08 -4.69295926e-07 
 2.04025000e-08  5.42767673e-07 
 2.04075000e-08  2.28904521e-06 
 2.04175000e-08  5.17354614e-06 
 2.04337500e-08  9.16369869e-06 
 2.04500000e-08  1.21836578e-05 
 2.04525000e-08  1.23850864e-05 
 2.04575000e-08  1.25678101e-05 
 2.04675000e-08  1.24135967e-05 
 2.04837500e-08  1.16456015e-05 
 2.05000000e-08  1.01743267e-05 
 2.05025000e-08  9.91767310e-06 
 2.05075000e-08  9.37212495e-06 
 2.05175000e-08  8.16862074e-06 
 2.05337500e-08  5.64828768e-06 
 2.05500000e-08  2.35689647e-06 
 2.05525000e-08  1.86657484e-06 
 2.05575000e-08  8.20945933e-07 
 2.05675000e-08 -1.42518166e-06 
 2.05837500e-08 -6.13118901e-06 
 2.06000000e-08 -1.33990501e-05 
 2.06025000e-08 -1.47897843e-05 
 2.06075000e-08 -1.80090970e-05 
 2.06175000e-08 -2.34209846e-05 
 2.06337500e-08 -2.68250475e-05 
 2.06500000e-08 -2.29229674e-05 
 2.06525000e-08 -2.14422461e-05 
 2.06575000e-08 -1.84974821e-05 
 2.06675000e-08 -1.02884785e-05 
 2.06837500e-08  1.05165193e-05 
 2.07000000e-08  4.25276678e-05 
 2.07025000e-08  4.83699959e-05 
 2.07075000e-08  6.00632660e-05 
 2.07175000e-08  8.24403652e-05 
 2.07337500e-08  1.15774665e-04 
 2.07500000e-08  1.29088749e-04 
 2.07525000e-08  1.29622206e-04 
 2.07575000e-08  1.30207277e-04 
 2.07675000e-08  1.26745682e-04 
 2.07837500e-08  1.15898601e-04 
 2.08000000e-08  1.05161337e-04 
 2.08025000e-08  1.03902105e-04 
 2.08075000e-08  1.01624142e-04 
 2.08175000e-08  9.57023651e-05 
 2.08337500e-08  7.51948634e-05 
 2.08500000e-08  3.70794524e-05 
 2.08525000e-08  3.03574227e-05 
 2.08575000e-08  1.81918661e-05 
 2.08675000e-08 -4.69146661e-08 
 2.08837500e-08 -1.29349139e-05 
 2.09000000e-08 -4.59868700e-06 
 2.09025000e-08 -1.71312892e-06 
 2.09075000e-08  5.10649014e-06 
 2.09175000e-08  2.39301111e-05 
 2.09337500e-08  7.15598633e-05 
 2.09500000e-08  1.37534319e-04 
 2.09525000e-08  1.46788427e-04 
 2.09575000e-08  1.64551427e-04 
 2.09675000e-08  1.87466441e-04 
 2.09837500e-08  1.78016399e-04 
 2.10000000e-08  7.80300348e-05 
 2.10025000e-08  4.96735484e-05 
 2.10075000e-08 -1.68699833e-05 
 2.10175000e-08 -2.11910249e-04 
 2.10337500e-08 -6.64643368e-04 
 2.10500000e-08 -1.20294185e-03 
 2.10525000e-08 -1.28069949e-03 
 2.10575000e-08 -1.44464699e-03 
 2.10675000e-08 -1.79826650e-03 
 2.10837500e-08 -2.36690740e-03 
 2.11000000e-08 -2.89910628e-03 
 2.11025000e-08 -2.97698377e-03 
 2.11075000e-08 -3.13261376e-03 
 2.11175000e-08 -3.43999836e-03 
 2.11337500e-08 -3.93989846e-03 
 2.11500000e-08 -4.46012837e-03 
 2.11525000e-08 -4.54118660e-03 
 2.11575000e-08 -4.70967469e-03 
 2.11675000e-08 -5.06495424e-03 
 2.11837500e-08 -5.69915194e-03 
 2.12000000e-08 -6.43535560e-03 
 2.12025000e-08 -6.55824502e-03 
 2.12075000e-08 -6.82560978e-03 
 2.12175000e-08 -7.41216999e-03 
 2.12337500e-08 -8.58782425e-03 
 2.12500000e-08 -1.01518954e-02 
 2.12525000e-08 -1.04166590e-02 
 2.12575000e-08 -1.09936922e-02 
 2.12675000e-08 -1.21315719e-02 
 2.12837500e-08 -1.32281580e-02 
 2.13000000e-08 -1.12278847e-02 
 2.13025000e-08 -1.04004482e-02 
 2.13075000e-08 -8.39962359e-03 
 2.13175000e-08 -2.14825082e-03 
 2.13337500e-08  1.46488118e-02 
 2.13500000e-08  4.22290195e-02 
 2.13525000e-08  4.77189107e-02 
 2.13575000e-08  5.94392556e-02 
 2.13675000e-08  8.77012494e-02 
 2.13837500e-08  1.50911604e-01 
 2.14000000e-08  2.46285203e-01 
 2.14025000e-08  2.65435662e-01 
 2.14075000e-08  3.07156642e-01 
 2.14175000e-08  4.17157425e-01 
 2.14337500e-08  7.34786494e-01 
 2.14500000e-08  1.25855371e+00 
 2.14525000e-08  1.35967559e+00 
 2.14575000e-08  1.57034716e+00 
 2.14675000e-08  2.02878304e+00 
 2.14837500e-08  2.65911432e+00 
 2.15000000e-08  3.01550260e+00 
 2.15025000e-08  3.04670458e+00 
 2.15075000e-08  3.10184347e+00 
 2.15175000e-08  3.17747452e+00 
 2.15337500e-08  3.23929182e+00 
 2.15500000e-08  3.26411531e+00 
 2.15525000e-08  3.26636447e+00 
 2.15575000e-08  3.27053763e+00 
 2.15675000e-08  3.27722799e+00 
 2.15837500e-08  3.28481074e+00 
 2.16000000e-08  3.28967132e+00 
 2.16025000e-08  3.29022251e+00 
 2.16075000e-08  3.29125828e+00 
 2.16175000e-08  3.29297228e+00 
 2.16337500e-08  3.29497434e+00 
 2.16500000e-08  3.29628468e+00 
 2.16525000e-08  3.29643543e+00 
 2.16575000e-08  3.29671988e+00 
 2.16675000e-08  3.29719861e+00 
 2.16837500e-08  3.29778377e+00 
 2.17000000e-08  3.29820366e+00 
 2.17025000e-08  3.29825628e+00 
 2.17075000e-08  3.29835752e+00 
 2.17175000e-08  3.29853896e+00 
 2.17337500e-08  3.29878013e+00 
 2.17500000e-08  3.29896184e+00 
 2.17525000e-08  3.29898865e+00 
 2.17575000e-08  3.29904181e+00 
 2.17675000e-08  3.29915341e+00 
 2.17837500e-08  3.29933650e+00 
 2.18000000e-08  3.29950024e+00 
 2.18025000e-08  3.29952219e+00 
 2.18075000e-08  3.29956393e+00 
 2.18175000e-08  3.29963892e+00 
 2.18337500e-08  3.29973889e+00 
 2.18500000e-08  3.29981210e+00 
 2.18525000e-08  3.29982108e+00 
 2.18575000e-08  3.29983781e+00 
 2.18675000e-08  3.29986550e+00 
 2.18837500e-08  3.29989666e+00 
 2.19000000e-08  3.29991546e+00 
 2.19025000e-08  3.29991773e+00 
 2.19075000e-08  3.29992171e+00 
 2.19175000e-08  3.29992826e+00 
 2.19337500e-08  3.29993562e+00 
 2.19500000e-08  3.29994031e+00 
 2.19525000e-08  3.29994092e+00 
 2.19575000e-08  3.29994224e+00 
 2.19675000e-08  3.29994389e+00 
 2.19837500e-08  3.29994815e+00 
 2.20000000e-08  3.29996044e+00 
 2.20025000e-08  3.29996318e+00 
 2.20075000e-08  3.29996903e+00 
 2.20175000e-08  3.29997746e+00 
 2.20337500e-08  3.29997853e+00 
 2.20500000e-08  3.29996822e+00 
 2.20525000e-08  3.29996630e+00 
 2.20575000e-08  3.29996263e+00 
 2.20675000e-08  3.29995593e+00 
 2.20837500e-08  3.29994631e+00 
 2.21000000e-08  3.29993856e+00 
 2.21025000e-08  3.29993762e+00 
 2.21075000e-08  3.29993576e+00 
 2.21175000e-08  3.29993250e+00 
 2.21337500e-08  3.29992848e+00 
 2.21500000e-08  3.29992530e+00 
 2.21525000e-08  3.29992474e+00 
 2.21575000e-08  3.29992344e+00 
 2.21675000e-08  3.29992136e+00 
 2.21837500e-08  3.29992060e+00 
 2.22000000e-08  3.29992394e+00 
 2.22025000e-08  3.29992499e+00 
 2.22075000e-08  3.29992710e+00 
 2.22175000e-08  3.29993238e+00 
 2.22337500e-08  3.29994428e+00 
 2.22500000e-08  3.29996136e+00 
 2.22525000e-08  3.29996450e+00 
 2.22575000e-08  3.29997086e+00 
 2.22675000e-08  3.29998337e+00 
 2.22837500e-08  3.29999886e+00 
 2.23000000e-08  3.30000649e+00 
 2.23025000e-08  3.30000664e+00 
 2.23075000e-08  3.30000632e+00 
 2.23175000e-08  3.30000218e+00 
 2.23337500e-08  3.29999480e+00 
 2.23500000e-08  3.29998821e+00 
 2.23525000e-08  3.29998757e+00 
 2.23575000e-08  3.29998651e+00 
 2.23675000e-08  3.29998465e+00 
 2.23837500e-08  3.29997984e+00 
 2.24000000e-08  3.29996924e+00 
 2.24025000e-08  3.29996680e+00 
 2.24075000e-08  3.29996203e+00 
 2.24175000e-08  3.29995428e+00 
 2.24337500e-08  3.29995658e+00 
 2.24500000e-08  3.29996258e+00 
 2.24525000e-08  3.29996387e+00 
 2.24575000e-08  3.29996757e+00 
 2.24675000e-08  3.29998000e+00 
 2.24837500e-08  3.30001333e+00 
 2.25000000e-08  3.30004996e+00 
 2.25025000e-08  3.30005293e+00 
 2.25075000e-08  3.30005655e+00 
 2.25175000e-08  3.30004913e+00 
 2.25337500e-08  3.29999751e+00 
 2.25500000e-08  3.29991450e+00 
 2.25525000e-08  3.29989963e+00 
 2.25575000e-08  3.29987049e+00 
 2.25675000e-08  3.29981939e+00 
 2.25837500e-08  3.29975867e+00 
 2.26000000e-08  3.29972631e+00 
 2.26025000e-08  3.29972553e+00 
 2.26075000e-08  3.29972557e+00 
 2.26175000e-08  3.29973411e+00 
 2.26337500e-08  3.29977082e+00 
 2.26500000e-08  3.29983280e+00 
 2.26525000e-08  3.29984044e+00 
 2.26575000e-08  3.29985473e+00 
 2.26675000e-08  3.29987838e+00 
 2.26837500e-08  3.29990241e+00 
 2.27000000e-08  3.29992939e+00 
 2.27025000e-08  3.29993582e+00 
 2.27075000e-08  3.29994762e+00 
 2.27175000e-08  3.29996762e+00 
 2.27337500e-08  3.29999076e+00 
 2.27500000e-08  3.30000265e+00 
 2.27525000e-08  3.30000362e+00 
 2.27575000e-08  3.30000488e+00 
 2.27675000e-08  3.30000478e+00 
 2.27837500e-08  3.29999599e+00 
 2.28000000e-08  3.29997804e+00 
 2.28025000e-08  3.29997428e+00 
 2.28075000e-08  3.29996535e+00 
 2.28175000e-08  3.29994303e+00 
 2.28337500e-08  3.29989536e+00 
 2.28500000e-08  3.29982670e+00 
 2.28525000e-08  3.29981456e+00 
 2.28575000e-08  3.29978786e+00 
 2.28675000e-08  3.29973438e+00 
 2.28837500e-08  3.29966712e+00 
 2.29000000e-08  3.29964470e+00 
 2.29025000e-08  3.29964611e+00 
 2.29075000e-08  3.29964899e+00 
 2.29175000e-08  3.29966193e+00 
 2.29337500e-08  3.29970042e+00 
 2.29500000e-08  3.29976641e+00 
 2.29525000e-08  3.29978067e+00 
 2.29575000e-08  3.29981188e+00 
 2.29675000e-08  3.29989528e+00 
 2.29837500e-08  3.30010519e+00 
 2.30000000e-08  3.30040935e+00 
 2.30025000e-08  3.30046222e+00 
 2.30075000e-08  3.30057017e+00 
 2.30175000e-08  3.30079824e+00 
 2.30337500e-08  3.30118326e+00 
 2.30500000e-08  3.30154953e+00 
 2.30525000e-08  3.30160493e+00 
 2.30575000e-08  3.30171777e+00 
 2.30675000e-08  3.30194071e+00 
 2.30837500e-08  3.30231609e+00 
 2.31000000e-08  3.30271340e+00 
 2.31025000e-08  3.30277393e+00 
 2.31075000e-08  3.30289625e+00 
 2.31175000e-08  3.30314686e+00 
 2.31337500e-08  3.30356594e+00 
 2.31500000e-08  3.30398528e+00 
 2.31525000e-08  3.30404478e+00 
 2.31575000e-08  3.30416126e+00 
 2.31675000e-08  3.30437093e+00 
 2.31837500e-08  3.30466065e+00 
 2.32000000e-08  3.30493379e+00 
 2.32025000e-08  3.30497798e+00 
 2.32075000e-08  3.30507068e+00 
 2.32175000e-08  3.30528029e+00 
 2.32337500e-08  3.30569759e+00 
 2.32500000e-08  3.30623275e+00 
 2.32525000e-08  3.30632810e+00 
 2.32575000e-08  3.30652838e+00 
 2.32675000e-08  3.30698256e+00 
 2.32837500e-08  3.30789774e+00 
 2.33000000e-08  3.30910478e+00 
 2.33025000e-08  3.30932492e+00 
 2.33075000e-08  3.30979354e+00 
 2.33175000e-08  3.31088125e+00 
 2.33337500e-08  3.31317494e+00 
 2.33500000e-08  3.31622311e+00 
 2.33525000e-08  3.31674376e+00 
 2.33575000e-08  3.31777992e+00 
 2.33675000e-08  3.31940829e+00 
 2.33837500e-08  3.31803516e+00 
 2.34000000e-08  3.30662281e+00 
 2.34025000e-08  3.30347455e+00 
 2.34075000e-08  3.29674907e+00 
 2.34175000e-08  3.27911358e+00 
 2.34337500e-08  3.23508905e+00 
 2.34500000e-08  3.16959648e+00 
 2.34525000e-08  3.15700676e+00 
 2.34575000e-08  3.13035530e+00 
 2.34675000e-08  3.06726117e+00 
 2.34837500e-08  2.92534850e+00 
 2.35000000e-08  2.68004117e+00 
 2.35025000e-08  2.62387842e+00 
 2.35075000e-08  2.49839587e+00 
 2.35175000e-08  2.17782839e+00 
 2.35337500e-08  1.48322976e+00 
 2.35500000e-08  7.04551383e-01 
 2.35525000e-08  6.00738319e-01 
 2.35575000e-08  4.18902836e-01 
 2.35675000e-08  1.88130494e-01 
 2.35837500e-08  5.07925184e-02 
 2.36000000e-08  2.68376308e-02 
 2.36018097e-08  2.56554521e-02 
 2.36054292e-08  2.33159062e-02 
 2.36126680e-08  1.92225598e-02 
 2.36271458e-08  1.31500943e-02 
 2.36500000e-08  7.38784826e-03 
 2.36525000e-08  6.97096240e-03 
 2.36575000e-08  6.17686027e-03 
 2.36675000e-08  4.82080580e-03 
 2.36837500e-08  3.17662759e-03 
 2.37000000e-08  2.06931743e-03 
 2.37025000e-08  1.94159569e-03 
 2.37075000e-08  1.70226290e-03 
 2.37175000e-08  1.30764822e-03 
 2.37337500e-08  8.52244448e-04 
 2.37500000e-08  5.63470814e-04 
 2.37525000e-08  5.31282677e-04 
 2.37575000e-08  4.71508752e-04 
 2.37675000e-08  3.73942890e-04 
 2.37837500e-08  2.61976032e-04 
 2.38000000e-08  1.89615490e-04 
 2.38025000e-08  1.81300452e-04 
 2.38075000e-08  1.65719357e-04 
 2.38175000e-08  1.39796374e-04 
 2.38337500e-08  1.09040907e-04 
 2.38500000e-08  8.82607986e-05 
 2.38525000e-08  8.58426162e-05 
 2.38575000e-08  8.13281263e-05 
 2.38675000e-08  7.37049136e-05 
 2.38837500e-08  6.35537175e-05 
 2.39000000e-08  5.48196615e-05 
 2.39025000e-08  5.35290722e-05 
 2.39075000e-08  5.09574585e-05 
 2.39175000e-08  4.58949857e-05 
 2.39337500e-08  3.83530028e-05 
 2.39500000e-08  3.23820186e-05 
 2.39525000e-08  3.18173240e-05 
 2.39575000e-08  3.06747014e-05 
 2.39675000e-08  2.79225831e-05 
 2.39837500e-08  1.94165647e-05 
 2.40000000e-08  1.10359022e-05 
 2.40025000e-08  1.03574054e-05 
 2.40075000e-08  8.91727523e-06 
 2.40175000e-08  6.87939387e-06 
 2.40337500e-08  6.00968179e-06 
 2.40500000e-08  6.74670389e-06 
 2.40525000e-08  7.01424357e-06 
 2.40575000e-08  7.52935408e-06 
 2.40675000e-08  8.76629223e-06 
 2.40837500e-08  1.06440736e-05 
 2.41000000e-08  1.20115671e-05 
 2.41025000e-08  1.20150239e-05 
 2.41075000e-08  1.16965834e-05 
 2.41175000e-08  9.98632679e-06 
 2.41337500e-08  4.98276850e-06 
 2.41500000e-08 -1.95104508e-06 
 2.41525000e-08 -2.98015514e-06 
 2.41575000e-08 -4.87349391e-06 
 2.41675000e-08 -7.59297840e-06 
 2.41837500e-08 -8.83287725e-06 
 2.42000000e-08 -8.02292790e-06 
 2.42025000e-08 -7.72062762e-06 
 2.42075000e-08 -7.08251528e-06 
 2.42175000e-08 -5.40080244e-06 
 2.42337500e-08 -1.11662378e-06 
 2.42500000e-08  4.10033922e-06 
 2.42525000e-08  4.61765941e-06 
 2.42575000e-08  5.65150357e-06 
 2.42675000e-08  7.68615439e-06 
 2.42837500e-08  1.08885200e-05 
 2.43000000e-08  1.22025574e-05 
 2.43025000e-08  1.22899410e-05 
 2.43075000e-08  1.23935854e-05 
 2.43175000e-08  1.22576101e-05 
 2.43337500e-08  1.10836969e-05 
 2.43500000e-08  9.00911732e-06 
 2.43525000e-08  8.70405039e-06 
 2.43575000e-08  8.08534329e-06 
 2.43675000e-08  6.56378158e-06 
 2.43837500e-08  3.67926197e-06 
 2.44000000e-08  6.30786445e-07 
 2.44025000e-08 -1.61657824e-08 
 2.44075000e-08 -1.72221990e-06 
 2.44175000e-08 -5.64970747e-06 
 2.44337500e-08 -1.33771679e-05 
 2.44500000e-08 -2.27706600e-05 
 2.44525000e-08 -2.36869271e-05 
 2.44575000e-08 -2.54532580e-05 
 2.44675000e-08 -2.62494972e-05 
 2.44837500e-08 -2.21287310e-05 
 2.45000000e-08 -1.20927490e-05 
 2.45025000e-08 -9.84564338e-06 
 2.45075000e-08 -5.18207612e-06 
 2.45175000e-08  7.20243805e-06 
 2.45337500e-08  3.69898468e-05 
 2.45500000e-08  7.32721571e-05 
 2.45525000e-08  7.85944155e-05 
 2.45575000e-08  8.93128042e-05 
 2.45675000e-08  1.11661770e-04 
 2.45837500e-08  1.27180927e-04 
 2.46000000e-08  1.29936647e-04 
 2.46025000e-08  1.28269591e-04 
 2.46075000e-08  1.25489117e-04 
 2.46175000e-08  1.18617747e-04 
 2.46337500e-08  1.06470545e-04 
 2.46500000e-08  9.77790314e-05 
 2.46525000e-08  9.56835765e-05 
 2.46575000e-08  9.17042050e-05 
 2.46675000e-08  7.80295936e-05 
 2.46837500e-08  4.14938198e-05 
 2.47000000e-08  4.24250699e-06 
 2.47025000e-08 -8.30272384e-09 
 2.47075000e-08 -7.31691600e-06 
 2.47175000e-08 -1.39881071e-05 
 2.47337500e-08 -8.16836113e-06 
 2.47500000e-08  1.51991103e-05 
 2.47525000e-08  2.04601940e-05 
 2.47575000e-08  3.29809025e-05 
 2.47675000e-08  6.47269651e-05 
 2.47837500e-08  1.29946773e-04 
 2.48000000e-08  1.83648595e-04 
 2.48025000e-08  1.87448600e-04 
 2.48075000e-08  1.92715932e-04 
 2.48175000e-08  1.84270107e-04 
 2.48337500e-08  9.98406663e-05 
 2.48500000e-08 -1.27654533e-04 
 2.48525000e-08 -1.81472819e-04 
 2.48575000e-08 -2.98179222e-04 
 2.48675000e-08 -5.82206597e-04 
 2.48837500e-08 -1.12053989e-03 
 2.49000000e-08 -1.64594412e-03 
 2.49025000e-08 -1.73889291e-03 
 2.49075000e-08 -1.92212823e-03 
 2.49175000e-08 -2.27427064e-03 
 2.49337500e-08 -2.81167038e-03 
 2.49500000e-08 -3.31974156e-03 
 2.49525000e-08 -3.39522895e-03 
 2.49575000e-08 -3.54646477e-03 
 2.49675000e-08 -3.85430244e-03 
 2.49837500e-08 -4.36968163e-03 
 2.50000000e-08 -4.92006902e-03 
 2.50025000e-08 -5.01021510e-03 
 2.50075000e-08 -5.19809809e-03 
 2.50175000e-08 -5.59273125e-03 
 2.50337500e-08 -6.30264584e-03 
 2.50500000e-08 -7.15320386e-03 
 2.50525000e-08 -7.29815609e-03 
 2.50575000e-08 -7.62061393e-03 
 2.50675000e-08 -8.34445834e-03 
 2.50837500e-08 -9.81486336e-03 
 2.51000000e-08 -1.16165100e-02 
 2.51025000e-08 -1.18855631e-02 
 2.51075000e-08 -1.24298354e-02 
 2.51175000e-08 -1.31639883e-02 
 2.51337500e-08 -1.19385578e-02 
 2.51500000e-08 -5.15141570e-03 
 2.51525000e-08 -3.36831680e-03 
 2.51575000e-08  5.82399710e-04 
 2.51675000e-08  1.07485410e-02 
 2.51837500e-08  3.61562281e-02 
 2.52000000e-08  7.48472783e-02 
 2.52025000e-08  8.23788974e-02 
 2.52075000e-08  9.84298278e-02 
 2.52175000e-08  1.37102121e-01 
 2.52337500e-08  2.25381407e-01 
 2.52500000e-08  3.66887671e-01 
 2.52525000e-08  3.96958999e-01 
 2.52575000e-08  4.64846298e-01 
 2.52675000e-08  6.57215610e-01 
 2.52837500e-08  1.14378707e+00 
 2.53000000e-08  1.82291007e+00 
 2.53025000e-08  1.94215338e+00 
 2.53075000e-08  2.17860711e+00 
 2.53175000e-08  2.57661695e+00 
 2.53337500e-08  2.97336875e+00 
 2.53500000e-08  3.15603491e+00 
 2.53521884e-08  3.16894380e+00 
 2.53565652e-08  3.19201404e+00 
 2.53653187e-08  3.22487634e+00 
 2.53828258e-08  3.25990695e+00 
 2.54000000e-08  3.27500535e+00 
 2.54025000e-08  3.27645919e+00 
 2.54075000e-08  3.27918888e+00 
 2.54175000e-08  3.28369291e+00 
 2.54337500e-08  3.28894118e+00 
 2.54500000e-08  3.29235606e+00 
 2.54525000e-08  3.29274559e+00 
 2.54575000e-08  3.29347695e+00 
 2.54675000e-08  3.29468624e+00 
 2.54837500e-08  3.29610185e+00 
 2.55000000e-08  3.29703797e+00 
 2.55025000e-08  3.29714678e+00 
 2.55075000e-08  3.29735250e+00 
 2.55175000e-08  3.29770241e+00 
 2.55337500e-08  3.29814258e+00 
 2.55500000e-08  3.29847322e+00 
 2.55525000e-08  3.29851590e+00 
 2.55575000e-08  3.29859782e+00 
 2.55675000e-08  3.29874355e+00 
 2.55837500e-08  3.29893425e+00 
 2.56000000e-08  3.29910990e+00 
 2.56025000e-08  3.29913961e+00 
 2.56075000e-08  3.29919839e+00 
 2.56175000e-08  3.29931330e+00 
 2.56337500e-08  3.29948093e+00 
 2.56500000e-08  3.29961630e+00 
 2.56525000e-08  3.29963444e+00 
 2.56575000e-08  3.29966887e+00 
 2.56675000e-08  3.29972888e+00 
 2.56837500e-08  3.29980539e+00 
 2.57000000e-08  3.29985848e+00 
 2.57025000e-08  3.29986451e+00 
 2.57075000e-08  3.29987538e+00 
 2.57175000e-08  3.29989254e+00 
 2.57337500e-08  3.29991140e+00 
 2.57500000e-08  3.29992351e+00 
 2.57525000e-08  3.29992501e+00 
 2.57575000e-08  3.29992754e+00 
 2.57675000e-08  3.29993183e+00 
 2.57837500e-08  3.29993694e+00 
 2.58000000e-08  3.29994213e+00 
 2.58025000e-08  3.29994300e+00 
 2.58075000e-08  3.29994453e+00 
 2.58175000e-08  3.29994808e+00 
 2.58337500e-08  3.29995906e+00 
 2.58500000e-08  3.29997589e+00 
 2.58525000e-08  3.29997743e+00 
 2.58575000e-08  3.29997998e+00 
 2.58675000e-08  3.29998039e+00 
 2.58837500e-08  3.29997220e+00 
 2.59000000e-08  3.29995962e+00 
 2.59025000e-08  3.29995770e+00 
 2.59075000e-08  3.29995387e+00 
 2.59175000e-08  3.29994669e+00 
 2.59337500e-08  3.29993725e+00 
 2.59500000e-08  3.29993080e+00 
 2.59525000e-08  3.29993013e+00 
 2.59575000e-08  3.29992884e+00 
 2.59675000e-08  3.29992674e+00 
 2.59837500e-08  3.29992399e+00 
 2.60000000e-08  3.29992091e+00 
 2.60025000e-08  3.29992066e+00 
 2.60075000e-08  3.29992018e+00 
 2.60175000e-08  3.29992032e+00 
 2.60337500e-08  3.29992375e+00 
 2.60500000e-08  3.29993105e+00 
 2.60525000e-08  3.29993264e+00 
 2.60575000e-08  3.29993592e+00 
 2.60675000e-08  3.29994381e+00 
 2.60837500e-08  3.29996032e+00 
 2.61000000e-08  3.29997980e+00 
 2.61025000e-08  3.29998277e+00 
 2.61075000e-08  3.29998841e+00 
 2.61175000e-08  3.29999761e+00 
 2.61337500e-08  3.30000631e+00 
 2.61500000e-08  3.30000650e+00 
 2.61525000e-08  3.30000553e+00 
 2.61575000e-08  3.30000325e+00 
 2.61675000e-08  3.29999779e+00 
 2.61837500e-08  3.29999078e+00 
 2.62000000e-08  3.29998565e+00 
 2.62025000e-08  3.29998492e+00 
 2.62075000e-08  3.29998373e+00 
 2.62175000e-08  3.29998102e+00 
 2.62337500e-08  3.29997172e+00 
 2.62500000e-08  3.29995810e+00 
 2.62525000e-08  3.29995613e+00 
 2.62575000e-08  3.29995416e+00 
 2.62675000e-08  3.29995734e+00 
 2.62837500e-08  3.29996254e+00 
 2.63000000e-08  3.29997432e+00 
 2.63025000e-08  3.29997732e+00 
 2.63075000e-08  3.29998437e+00 
 2.63175000e-08  3.30000281e+00 
 2.63337500e-08  3.30003941e+00 
 2.63500000e-08  3.30005180e+00 
 2.63525000e-08  3.30004922e+00 
 2.63575000e-08  3.30004148e+00 
 2.63675000e-08  3.30001061e+00 
 2.63837500e-08  3.29993363e+00 
 2.64000000e-08  3.29984203e+00 
 2.64025000e-08  3.29983016e+00 
 2.64075000e-08  3.29980839e+00 
 2.64175000e-08  3.29977087e+00 
 2.64337500e-08  3.29973229e+00 
 2.64500000e-08  3.29973141e+00 
 2.64525000e-08  3.29973428e+00 
 2.64575000e-08  3.29974120e+00 
 2.64675000e-08  3.29976162e+00 
 2.64837500e-08  3.29982169e+00 
 2.65000000e-08  3.29986681e+00 
 2.65025000e-08  3.29987196e+00 
 2.65075000e-08  3.29988023e+00 
 2.65175000e-08  3.29989234e+00 
 2.65337500e-08  3.29991727e+00 
 2.65500000e-08  3.29995490e+00 
 2.65525000e-08  3.29996087e+00 
 2.65575000e-08  3.29997187e+00 
 2.65675000e-08  3.29998971e+00 
 2.65837500e-08  3.30000729e+00 
 2.66000000e-08  3.30001063e+00 
 2.66025000e-08  3.30000991e+00 
 2.66075000e-08  3.30000745e+00 
 2.66175000e-08  3.29999917e+00 
 2.66337500e-08  3.29998070e+00 
 2.66500000e-08  3.29995358e+00 
 2.66525000e-08  3.29994866e+00 
 2.66575000e-08  3.29993755e+00 
 2.66675000e-08  3.29991126e+00 
 2.66837500e-08  3.29985282e+00 
 2.67000000e-08  3.29977009e+00 
 2.67025000e-08  3.29975676e+00 
 2.67075000e-08  3.29972899e+00 
 2.67175000e-08  3.29968212e+00 
 2.67337500e-08  3.29964382e+00 
 2.67500000e-08  3.29964957e+00 
 2.67525000e-08  3.29965410e+00 
 2.67575000e-08  3.29966307e+00 
 2.67675000e-08  3.29968721e+00 
 2.67837500e-08  3.29974518e+00 
 2.68000000e-08  3.29984300e+00 
 2.68025000e-08  3.29986397e+00 
 2.68075000e-08  3.29991001e+00 
 2.68175000e-08  3.30003206e+00 
 2.68337500e-08  3.30031802e+00 
 2.68500000e-08  3.30066818e+00 
 2.68525000e-08  3.30072674e+00 
 2.68575000e-08  3.30084490e+00 
 2.68675000e-08  3.30108658e+00 
 2.68837500e-08  3.30146342e+00 
 2.69000000e-08  3.30182107e+00 
 2.69025000e-08  3.30187737e+00 
 2.69075000e-08  3.30198901e+00 
 2.69175000e-08  3.30221455e+00 
 2.69337500e-08  3.30259886e+00 
 2.69500000e-08  3.30299683e+00 
 2.69525000e-08  3.30305946e+00 
 2.69575000e-08  3.30318655e+00 
 2.69675000e-08  3.30344802e+00 
 2.69837500e-08  3.30387394e+00 
 2.70000000e-08  3.30425974e+00 
 2.70025000e-08  3.30430958e+00 
 2.70075000e-08  3.30440652e+00 
 2.70175000e-08  3.30458324e+00 
 2.70337500e-08  3.30485208e+00 
 2.70500000e-08  3.30514649e+00 
 2.70525000e-08  3.30519721e+00 
 2.70575000e-08  3.30530391e+00 
 2.70675000e-08  3.30554802e+00 
 2.70837500e-08  3.30604246e+00 
 2.71000000e-08  3.30668456e+00 
 2.71025000e-08  3.30679978e+00 
 2.71075000e-08  3.30704233e+00 
 2.71175000e-08  3.30759347e+00 
 2.71337500e-08  3.30870930e+00 
 2.71500000e-08  3.31019336e+00 
 2.71525000e-08  3.31046723e+00 
 2.71575000e-08  3.31105254e+00 
 2.71675000e-08  3.31241878e+00 
 2.71837500e-08  3.31526577e+00 
 2.72000000e-08  3.31847252e+00 
 2.72025000e-08  3.31888878e+00 
 2.72075000e-08  3.31956101e+00 
 2.72175000e-08  3.31936098e+00 
 2.72337500e-08  3.31134392e+00 
 2.72500000e-08  3.29027287e+00 
 2.72525000e-08  3.28565133e+00 
 2.72575000e-08  3.27550591e+00 
 2.72675000e-08  3.24971232e+00 
 2.72837500e-08  3.19086471e+00 
 2.73000000e-08  3.10658452e+00 
 2.73025000e-08  3.09044979e+00 
 2.73075000e-08  3.05616476e+00 
 2.73175000e-08  2.97369012e+00 
 2.73337500e-08  2.77124039e+00 
 2.73500000e-08  2.38031812e+00 
 2.73525000e-08  2.29677907e+00 
 2.73575000e-08  2.11889163e+00 
 2.73675000e-08  1.70248291e+00 
 2.73837500e-08  9.07921294e-01 
 2.74000000e-08  3.09601307e-01 
 2.74025000e-08  2.58277051e-01 
 2.74075000e-08  1.73070712e-01 
 2.74175000e-08  7.95658246e-02 
 2.74337500e-08  3.11503621e-02 
 2.74500000e-08  1.96457048e-02 
 2.74519971e-08  1.87127662e-02 
 2.74559913e-08  1.69037363e-02 
 2.74639798e-08  1.38067909e-02 
 2.74799566e-08  9.24080318e-03 
 2.75000000e-08  5.60557579e-03 
 2.75025000e-08  5.27906633e-03 
 2.75075000e-08  4.66064000e-03 
 2.75175000e-08  3.61504438e-03 
 2.75337500e-08  2.36291604e-03 
 2.75500000e-08  1.53322480e-03 
 2.75525000e-08  1.43818932e-03 
 2.75575000e-08  1.26065692e-03 
 2.75675000e-08  9.69879856e-04 
 2.75837500e-08  6.37469349e-04 
 2.76000000e-08  4.28661816e-04 
 2.76025000e-08  4.05353619e-04 
 2.76075000e-08  3.62081174e-04 
 2.76175000e-08  2.91170141e-04 
 2.76337500e-08  2.09025974e-04 
 2.76500000e-08  1.55442240e-04 
 2.76525000e-08  1.49272514e-04 
 2.76575000e-08  1.37728135e-04 
 2.76675000e-08  1.18531099e-04 
 2.76837500e-08  9.55049038e-05 
 2.77000000e-08  7.94656123e-05 
 2.77025000e-08  7.75042281e-05 
 2.77075000e-08  7.37562058e-05 
 2.77175000e-08  6.70794548e-05 
 2.77337500e-08  5.76370137e-05 
 2.77500000e-08  4.93758076e-05 
 2.77525000e-08  4.81676354e-05 
 2.77575000e-08  4.56148661e-05 
 2.77675000e-08  4.08864619e-05 
 2.77837500e-08  3.42262694e-05 
 2.78000000e-08  2.92669051e-05 
 2.78025000e-08  2.83451892e-05 
 2.78075000e-08  2.60835799e-05 
 2.78175000e-08  2.02331180e-05 
 2.78337500e-08  1.07189511e-05 
 2.78500000e-08  6.39942896e-06 
 2.78525000e-08  6.27908521e-06 
 2.78575000e-08  6.04712444e-06 
 2.78675000e-08  6.14668696e-06 
 2.78837500e-08  7.12615092e-06 
 2.79000000e-08  8.33622948e-06 
 2.79025000e-08  8.58026294e-06 
 2.79075000e-08  9.00787881e-06 
 2.79175000e-08  1.00110944e-05 
 2.79337500e-08  1.14957678e-05 
 2.79500000e-08  1.14226220e-05 
 2.79525000e-08  1.11002359e-05 
 2.79575000e-08  1.01385733e-05 
 2.79675000e-08  7.12347107e-06 
 2.79837500e-08  5.26753283e-07 
 2.80000000e-08 -6.23686964e-06 
 2.80025000e-08 -6.85619367e-06 
 2.80075000e-08 -7.82158405e-06 
 2.80175000e-08 -8.02966691e-06 
 2.80337500e-08 -7.21839316e-06 
 2.80500000e-08 -5.09240151e-06 
 2.80525000e-08 -4.64904716e-06 
 2.80575000e-08 -3.81688260e-06 
 2.80675000e-08 -1.77908778e-06 
 2.80837500e-08  3.68131765e-06 
 2.81000000e-08  6.67114187e-06 
 2.81025000e-08  7.21120617e-06 
 2.81075000e-08  8.28695580e-06 
 2.81175000e-08  1.02775772e-05 
 2.81337500e-08  1.18057771e-05 
 2.81500000e-08  1.21400853e-05 
 2.81525000e-08  1.21080646e-05 
 2.81575000e-08  1.18926603e-05 
 2.81675000e-08  1.09464596e-05 
 2.81837500e-08  8.72117712e-06 
 2.82000000e-08  6.05007999e-06 
 2.82025000e-08  5.60844066e-06 
 2.82075000e-08  4.69329443e-06 
 2.82175000e-08  2.88335300e-06 
 2.82337500e-08  2.42423670e-07 
 2.82500000e-08 -3.45035657e-06 
 2.82525000e-08 -4.18010029e-06 
 2.82575000e-08 -6.02944694e-06 
 2.82675000e-08 -1.04338659e-05 
 2.82837500e-08 -1.93207678e-05 
 2.83000000e-08 -2.59938962e-05 
 2.83025000e-08 -2.60840628e-05 
 2.83075000e-08 -2.61333581e-05 
 2.83175000e-08 -2.35516517e-05 
 2.83337500e-08 -1.47699456e-05 
 2.83500000e-08  1.08004289e-06 
 2.83525000e-08  4.26243558e-06 
 2.83575000e-08  1.11657756e-05 
 2.83675000e-08  2.88470586e-05 
 2.83837500e-08  6.37712774e-05 
 2.84000000e-08  9.85359494e-05 
 2.84025000e-08  1.03794627e-04 
 2.84075000e-08  1.12320713e-04 
 2.84175000e-08  1.23518992e-04 
 2.84337500e-08  1.30599802e-04 
 2.84500000e-08  1.23427860e-04 
 2.84525000e-08  1.21634719e-04 
 2.84575000e-08  1.17629728e-04 
 2.84675000e-08  1.09698721e-04 
 2.84837500e-08  1.00741095e-04 
 2.85000000e-08  8.68597455e-05 
 2.85025000e-08  8.29102184e-05 
 2.85075000e-08  7.43787771e-05 
 2.85175000e-08  5.17291580e-05 
 2.85337500e-08  1.31311510e-05 
 2.85500000e-08 -1.18117232e-05 
 2.85525000e-08 -1.33289692e-05 
 2.85575000e-08 -1.47213810e-05 
 2.85675000e-08 -1.09475677e-05 
 2.85837500e-08  8.86986084e-06 
 2.86000000e-08  4.68948090e-05 
 2.86025000e-08  5.46811802e-05 
 2.86075000e-08  7.25037685e-05 
 2.86175000e-08  1.12523059e-04 
 2.86337500e-08  1.71255912e-04 
 2.86500000e-08  1.90384337e-04 
 2.86525000e-08  1.87317973e-04 
 2.86575000e-08  1.77996933e-04 
 2.86675000e-08  1.32092193e-04 
 2.86837500e-08 -5.14163688e-05 
 2.87000000e-08 -4.16674267e-04 
 2.87025000e-08 -4.89949357e-04 
 2.87075000e-08 -6.43537446e-04 
 2.87175000e-08 -9.85458539e-04 
 2.87337500e-08 -1.49053469e-03 
 2.87500000e-08 -2.08829626e-03 
 2.87525000e-08 -2.17483971e-03 
 2.87575000e-08 -2.34655535e-03 
 2.87675000e-08 -2.67972986e-03 
 2.87837500e-08 -3.19495503e-03 
 2.88000000e-08 -3.69310691e-03 
 2.88025000e-08 -3.76878134e-03 
 2.88075000e-08 -3.92255943e-03 
 2.88175000e-08 -4.23581467e-03 
 2.88337500e-08 -4.77025008e-03 
 2.88500000e-08 -5.37131885e-03 
 2.88525000e-08 -5.46928915e-03 
 2.88575000e-08 -5.67605086e-03 
 2.88675000e-08 -6.11637635e-03 
 2.88837500e-08 -6.93503441e-03 
 2.89000000e-08 -7.97314437e-03 
 2.89025000e-08 -8.15532133e-03 
 2.89075000e-08 -8.56506277e-03 
 2.89175000e-08 -9.48282405e-03 
 2.89337500e-08 -1.12408900e-02 
 2.89500000e-08 -1.29071590e-02 
 2.89525000e-08 -1.30615991e-02 
 2.89575000e-08 -1.32747063e-02 
 2.89675000e-08 -1.27017378e-02 
 2.89837500e-08 -7.35704175e-03 
 2.90000000e-08  5.30563708e-03 
 2.90025000e-08  8.05186387e-03 
 2.90075000e-08  1.40645487e-02 
 2.90175000e-08  2.93307162e-02 
 2.90337500e-08  6.46705720e-02 
 2.90500000e-08  1.16992231e-01 
 2.90525000e-08  1.27153612e-01 
 2.90575000e-08  1.48851742e-01 
 2.90675000e-08  2.01691178e-01 
 2.90837500e-08  3.27898150e-01 
 2.91000000e-08  5.58164182e-01 
 2.91025000e-08  6.10780646e-01 
 2.91075000e-08  7.27324361e-01 
 2.91175000e-08  1.02345156e+00 
 2.91337500e-08  1.66309335e+00 
 2.91500000e-08  2.38230699e+00 
 2.91525000e-08  2.47814986e+00 
 2.91575000e-08  2.64889215e+00 
 2.91675000e-08  2.89998281e+00 
 2.91837500e-08  3.12558855e+00 
 2.92000000e-08  3.21812837e+00 
 2.92025000e-08  3.22514740e+00 
 2.92075000e-08  3.23761834e+00 
 2.92175000e-08  3.25530354e+00 
 2.92337500e-08  3.27219181e+00 
 2.92500000e-08  3.28164403e+00 
 2.92525000e-08  3.28268649e+00 
 2.92575000e-08  3.28464669e+00 
 2.92675000e-08  3.28789198e+00 
 2.92837500e-08  3.29167707e+00 
 2.93000000e-08  3.29413702e+00 
 2.93025000e-08  3.29441643e+00 
 2.93075000e-08  3.29494146e+00 
 2.93175000e-08  3.29581204e+00 
 2.93337500e-08  3.29684050e+00 
 2.93500000e-08  3.29753429e+00 
 2.93525000e-08  3.29761653e+00 
 2.93575000e-08  3.29777278e+00 
 2.93675000e-08  3.29804301e+00 
 2.93837500e-08  3.29839387e+00 
 2.94000000e-08  3.29866557e+00 
 2.94025000e-08  3.29870053e+00 
 2.94075000e-08  3.29876606e+00 
 2.94175000e-08  3.29888206e+00 
 2.94337500e-08  3.29905831e+00 
 2.94500000e-08  3.29924652e+00 
 2.94525000e-08  3.29927570e+00 
 2.94575000e-08  3.29933223e+00 
 2.94675000e-08  3.29943657e+00 
 2.94837500e-08  3.29957960e+00 
 2.95000000e-08  3.29969336e+00 
 2.95025000e-08  3.29970821e+00 
 2.95075000e-08  3.29973638e+00 
 2.95175000e-08  3.29978533e+00 
 2.95337500e-08  3.29984515e+00 
 2.95500000e-08  3.29988396e+00 
 2.95525000e-08  3.29988830e+00 
 2.95575000e-08  3.29989612e+00 
 2.95675000e-08  3.29990870e+00 
 2.95837500e-08  3.29992321e+00 
 2.96000000e-08  3.29993203e+00 
 2.96025000e-08  3.29993299e+00 
 2.96075000e-08  3.29993430e+00 
 2.96175000e-08  3.29993576e+00 
 2.96337500e-08  3.29993853e+00 
 2.96500000e-08  3.29994352e+00 
 2.96525000e-08  3.29994481e+00 
 2.96575000e-08  3.29994794e+00 
 2.96675000e-08  3.29995706e+00 
 2.96837500e-08  3.29997637e+00 
 2.97000000e-08  3.29998617e+00 
 2.97025000e-08  3.29998533e+00 
 2.97075000e-08  3.29998309e+00 
 2.97175000e-08  3.29997579e+00 
 2.97337500e-08  3.29996142e+00 
 2.97500000e-08  3.29994834e+00 
 2.97525000e-08  3.29994679e+00 
 2.97575000e-08  3.29994392e+00 
 2.97675000e-08  3.29993932e+00 
 2.97837500e-08  3.29993367e+00 
 2.98000000e-08  3.29992961e+00 
 2.98025000e-08  3.29992898e+00 
 2.98075000e-08  3.29992744e+00 
 2.98175000e-08  3.29992398e+00 
 2.98337500e-08  3.29991870e+00 
 2.98500000e-08  3.29991573e+00 
 2.98525000e-08  3.29991605e+00 
 2.98575000e-08  3.29991694e+00 
 2.98675000e-08  3.29992090e+00 
 2.98837500e-08  3.29992993e+00 
 2.99000000e-08  3.29994096e+00 
 2.99025000e-08  3.29994282e+00 
 2.99075000e-08  3.29994647e+00 
 2.99175000e-08  3.29995477e+00 
 2.99337500e-08  3.29997168e+00 
 2.99500000e-08  3.29998887e+00 
 2.99525000e-08  3.29999104e+00 
 2.99575000e-08  3.29999503e+00 
 2.99675000e-08  3.30000154e+00 
 2.99837500e-08  3.30000604e+00 
 3.00000000e-08  3.30000094e+00 
 3.00025000e-08  3.29999991e+00 
 3.00075000e-08  3.29999792e+00 
 3.00175000e-08  3.29999373e+00 
 3.00337500e-08  3.29998767e+00 
 3.00500000e-08  3.29998251e+00 
 3.00525000e-08  3.29998164e+00 
 3.00575000e-08  3.29997994e+00 
 3.00675000e-08  3.29997468e+00 
 3.00837500e-08  3.29996190e+00 
 3.01000000e-08  3.29995485e+00 
 3.01025000e-08  3.29995531e+00 
 3.01075000e-08  3.29995642e+00 
 3.01175000e-08  3.29995960e+00 
 3.01337500e-08  3.29997026e+00 
 3.01500000e-08  3.29999270e+00 
 3.01525000e-08  3.29999744e+00 
 3.01575000e-08  3.30000879e+00 
 3.01675000e-08  3.30003174e+00 
 3.01837500e-08  3.30005162e+00 
 3.02000000e-08  3.30003023e+00 
 3.02025000e-08  3.30002206e+00 
 3.02075000e-08  3.30000350e+00 
 3.02175000e-08  3.29995890e+00 
 3.02337500e-08  3.29987033e+00 
 3.02500000e-08  3.29979386e+00 
 3.02525000e-08  3.29978458e+00 
 3.02575000e-08  3.29976585e+00 
 3.02675000e-08  3.29973893e+00 
 3.02837500e-08  3.29972594e+00 
 3.03000000e-08  3.29974529e+00 
 3.03025000e-08  3.29975110e+00 
 3.03075000e-08  3.29976510e+00 
 3.03175000e-08  3.29980575e+00 
 3.03337500e-08  3.29985713e+00 
 3.03500000e-08  3.29988946e+00 
 3.03525000e-08  3.29989294e+00 
 3.03575000e-08  3.29989922e+00 
 3.03675000e-08  3.29991530e+00 
 3.03837500e-08  3.29994899e+00 
 3.04000000e-08  3.29998236e+00 
 3.04025000e-08  3.29998649e+00 
 3.04075000e-08  3.29999354e+00 
 3.04175000e-08  3.30000281e+00 
 3.04337500e-08  3.30000716e+00 
 3.04500000e-08  3.30000053e+00 
 3.04525000e-08  3.29999885e+00 
 3.04575000e-08  3.29999474e+00 
 3.04675000e-08  3.29998364e+00 
 3.04837500e-08  3.29995899e+00 
 3.05000000e-08  3.29992372e+00 
 3.05025000e-08  3.29991716e+00 
 3.05075000e-08  3.29990216e+00 
 3.05175000e-08  3.29986646e+00 
 3.05337500e-08  3.29979060e+00 
 3.05500000e-08  3.29970500e+00 
 3.05525000e-08  3.29969454e+00 
 3.05575000e-08  3.29967486e+00 
 3.05675000e-08  3.29965084e+00 
 3.05837500e-08  3.29964734e+00 
 3.06000000e-08  3.29967439e+00 
 3.06025000e-08  3.29968115e+00 
 3.06075000e-08  3.29969467e+00 
 3.06175000e-08  3.29972934e+00 
 3.06337500e-08  3.29981538e+00 
 3.06500000e-08  3.29996266e+00 
 3.06525000e-08  3.29999328e+00 
 3.06575000e-08  3.30006596e+00 
 3.06675000e-08  3.30023652e+00 
 3.06837500e-08  3.30056970e+00 
 3.07000000e-08  3.30094762e+00 
 3.07025000e-08  3.30100745e+00 
 3.07075000e-08  3.30112726e+00 
 3.07175000e-08  3.30135410e+00 
 3.07337500e-08  3.30171441e+00 
 3.07500000e-08  3.30208032e+00 
 3.07525000e-08  3.30213647e+00 
 3.07575000e-08  3.30225175e+00 
 3.07675000e-08  3.30249068e+00 
 3.07837500e-08  3.30288441e+00 
 3.08000000e-08  3.30328924e+00 
 3.08025000e-08  3.30335272e+00 
 3.08075000e-08  3.30348160e+00 
 3.08175000e-08  3.30374167e+00 
 3.08337500e-08  3.30413786e+00 
 3.08500000e-08  3.30446616e+00 
 3.08525000e-08  3.30450821e+00 
 3.08575000e-08  3.30459154e+00 
 3.08675000e-08  3.30475567e+00 
 3.08837500e-08  3.30504373e+00 
 3.09000000e-08  3.30539679e+00 
 3.09025000e-08  3.30545971e+00 
 3.09075000e-08  3.30559221e+00 
 3.09175000e-08  3.30589435e+00 
 3.09337500e-08  3.30649933e+00 
 3.09500000e-08  3.30727875e+00 
 3.09525000e-08  3.30741856e+00 
 3.09575000e-08  3.30771336e+00 
 3.09675000e-08  3.30838544e+00 
 3.09837500e-08  3.30976004e+00 
 3.10000000e-08  3.31162774e+00 
 3.10025000e-08  3.31197522e+00 
 3.10075000e-08  3.31272039e+00 
 3.10175000e-08  3.31444615e+00 
 3.10337500e-08  3.31768061e+00 
 3.10500000e-08  3.31962729e+00 
 3.10525000e-08  3.31953628e+00 
 3.10575000e-08  3.31895245e+00 
 3.10675000e-08  3.31482274e+00 
 3.10837500e-08  3.29731960e+00 
 3.11000000e-08  3.26568629e+00 
 3.11025000e-08  3.25893282e+00 
 3.11075000e-08  3.24447078e+00 
 3.11175000e-08  3.20955947e+00 
 3.11337500e-08  3.13311694e+00 
 3.11500000e-08  3.02382505e+00 
 3.11525000e-08  3.00270314e+00 
 3.11575000e-08  2.95728992e+00 
 3.11675000e-08  2.84257178e+00 
 3.11837500e-08  2.51320006e+00 
 3.12000000e-08  1.96081910e+00 
 3.12025000e-08  1.85332440e+00 
 3.12075000e-08  1.62862584e+00 
 3.12175000e-08  1.13255911e+00 
 3.12337500e-08  4.46920537e-01 
 3.12500000e-08  1.13469295e-01 
 3.12517557e-08  1.01129762e-01 
 3.12552670e-08  7.98620066e-02 
 3.12622896e-08  5.26961983e-02 
 3.12763348e-08  2.81952984e-02 
 3.13000000e-08  1.39883236e-02 
 3.13025000e-08  1.32915631e-02 
 3.13075000e-08  1.19086086e-02 
 3.13175000e-08  9.42298458e-03 
 3.13337500e-08  6.32284861e-03 
 3.13500000e-08  4.19756953e-03 
 3.13525000e-08  3.94582850e-03 
 3.13575000e-08  3.47160831e-03 
 3.13675000e-08  2.67894690e-03 
 3.13837500e-08  1.74239500e-03 
 3.14000000e-08  1.13051966e-03 
 3.14025000e-08  1.06112665e-03 
 3.14075000e-08  9.31814381e-04 
 3.14175000e-08  7.20994095e-04 
 3.14337500e-08  4.81623545e-04 
 3.14500000e-08  3.31444952e-04 
 3.14525000e-08  3.14443870e-04 
 3.14575000e-08  2.82740941e-04 
 3.14675000e-08  2.30365472e-04 
 3.14837500e-08  1.69162218e-04 
 3.15000000e-08  1.28858594e-04 
 3.15025000e-08  1.24158783e-04 
 3.15075000e-08  1.15323447e-04 
 3.15175000e-08  1.00515105e-04 
 3.15337500e-08  8.25402567e-05 
 3.15500000e-08  6.96706901e-05 
 3.15525000e-08  6.80796096e-05 
 3.15575000e-08  6.50675880e-05 
 3.15675000e-08  5.96323606e-05 
 3.15837500e-08  5.16258402e-05 
 3.16000000e-08  4.43179769e-05 
 3.16025000e-08  4.32585864e-05 
 3.16075000e-08  4.11305382e-05 
 3.16175000e-08  3.73237330e-05 
 3.16337500e-08  3.24003810e-05 
 3.16500000e-08  2.64091156e-05 
 3.16525000e-08  2.48880735e-05 
 3.16575000e-08  2.13724085e-05 
 3.16675000e-08  1.43413395e-05 
 3.16837500e-08  6.91366965e-06 
 3.17000000e-08  5.13176845e-06 
 3.17025000e-08  5.29108766e-06 
 3.17075000e-08  5.64883770e-06 
 3.17175000e-08  6.77549912e-06 
 3.17337500e-08  8.58443905e-06 
 3.17500000e-08  1.00284913e-05 
 3.17525000e-08  1.02589138e-05 
 3.17575000e-08  1.06273863e-05 
 3.17675000e-08  1.13443629e-05 
 3.17837500e-08  1.16843342e-05 
 3.18000000e-08  9.64988563e-06 
 3.18025000e-08  8.97998672e-06 
 3.18075000e-08  7.32532732e-06 
 3.18175000e-08  3.07996748e-06 
 3.18337500e-08 -4.35739302e-06 
 3.18500000e-08 -9.71692453e-06 
 3.18525000e-08 -9.79921149e-06 
 3.18575000e-08 -9.82054855e-06 
 3.18675000e-08 -9.21925106e-06 
 3.18837500e-08 -7.12266387e-06 
 3.19000000e-08 -3.79228021e-06 
 3.19025000e-08 -3.21252352e-06 
 3.19075000e-08 -2.11401880e-06 
 3.19175000e-08  1.68448518e-06 
 3.19337500e-08  4.99819386e-06 
 3.19500000e-08  8.53797763e-06 
 3.19525000e-08  9.10145467e-06 
 3.19575000e-08  1.00217366e-05 
 3.19675000e-08  1.11284362e-05 
 3.19837500e-08  1.18661241e-05 
 3.20000000e-08  1.16935634e-05 
 3.20025000e-08  1.16167154e-05 
 3.20075000e-08  1.14157766e-05 
 3.20175000e-08  1.07577624e-05 
 3.20337500e-08  8.91335945e-06 
 3.20500000e-08  6.18919766e-06 
 3.20525000e-08  5.66113508e-06 
 3.20575000e-08  4.43053398e-06 
 3.20675000e-08  1.66715499e-06 
 3.20837500e-08 -2.55525042e-06 
 3.21000000e-08 -7.88254823e-06 
 3.21025000e-08 -8.84682048e-06 
 3.21075000e-08 -1.12263745e-05 
 3.21175000e-08 -1.64668807e-05 
 3.21337500e-08 -2.44333878e-05 
 3.21500000e-08 -2.67098569e-05 
 3.21525000e-08 -2.60145420e-05 
 3.21575000e-08 -2.46264751e-05 
 3.21675000e-08 -1.97381230e-05 
 3.21837500e-08 -7.22521043e-06 
 3.22000000e-08  1.40356793e-05 
 3.22025000e-08  1.83881049e-05 
 3.22075000e-08  2.75916738e-05 
 3.22175000e-08  4.86165005e-05 
 3.22337500e-08  8.33956071e-05 
 3.22500000e-08  1.15781370e-04 
 3.22525000e-08  1.18196253e-04 
 3.22575000e-08  1.22534751e-04 
 3.22675000e-08  1.28225713e-04 
 3.22837500e-08  1.27460147e-04 
 3.23000000e-08  1.16291476e-04 
 3.23025000e-08  1.14390377e-04 
 3.23075000e-08  1.10796793e-04 
 3.23175000e-08  1.05468716e-04 
 3.23337500e-08  9.42353318e-05 
 3.23500000e-08  7.30562629e-05 
 3.23525000e-08  6.70488792e-05 
 3.23575000e-08  5.48318879e-05 
 3.23675000e-08  2.93171887e-05 
 3.23837500e-08 -3.32381530e-06 
 3.24000000e-08 -1.64226804e-05 
 3.24025000e-08 -1.60217793e-05 
 3.24075000e-08 -1.36994752e-05 
 3.24175000e-08 -3.23792305e-06 
 3.24337500e-08  2.63713453e-05 
 3.24500000e-08  7.72879958e-05 
 3.24525000e-08  8.69374557e-05 
 3.24575000e-08  1.08067128e-04 
 3.24675000e-08  1.48928135e-04 
 3.24837500e-08  1.90279287e-04 
 3.25000000e-08  1.76312214e-04 
 3.25025000e-08  1.66485220e-04 
 3.25075000e-08  1.41673940e-04 
 3.25175000e-08  5.28360865e-05 
 3.25337500e-08 -2.33220636e-04 
 3.25500000e-08 -6.92188124e-04 
 3.25525000e-08 -7.76791793e-04 
 3.25575000e-08 -9.50145674e-04 
 3.25675000e-08 -1.25084769e-03 
 3.25837500e-08 -1.81948217e-03 
 3.26000000e-08 -2.38762418e-03 
 3.26025000e-08 -2.46936525e-03 
 3.26075000e-08 -2.63166326e-03 
 3.26175000e-08 -2.94860830e-03 
 3.26337500e-08 -3.45143889e-03 
 3.26500000e-08 -3.95570648e-03 
 3.26525000e-08 -4.03433872e-03 
 3.26575000e-08 -4.19481292e-03 
 3.26675000e-08 -4.52181799e-03 
 3.26837500e-08 -5.09374953e-03 
 3.27000000e-08 -5.73735773e-03 
 3.27025000e-08 -5.84284090e-03 
 3.27075000e-08 -6.06736048e-03 
 3.27175000e-08 -6.54773309e-03 
 3.27337500e-08 -7.46062051e-03 
 3.27500000e-08 -8.65457924e-03 
 3.27525000e-08 -8.86522581e-03 
 3.27575000e-08 -9.33772399e-03 
 3.27675000e-08 -1.03742528e-02 
 3.27837500e-08 -1.21804142e-02 
 3.28000000e-08 -1.32142419e-02 
 3.28025000e-08 -1.31507532e-02 
 3.28075000e-08 -1.28307523e-02 
 3.28175000e-08 -1.06735411e-02 
 3.28337500e-08 -1.57445452e-03 
 3.28500000e-08  1.55281077e-02 
 3.28525000e-08  1.91571233e-02 
 3.28575000e-08  2.69815414e-02 
 3.28675000e-08  4.62385283e-02 
 3.28837500e-08  8.97343738e-02 
 3.29000000e-08  1.53829007e-01 
 3.29025000e-08  1.66337077e-01 
 3.29075000e-08  1.93155189e-01 
 3.29175000e-08  2.59513047e-01 
 3.29337500e-08  4.27685222e-01 
 3.29500000e-08  7.51951698e-01 
 3.29525000e-08  8.23016967e-01 
 3.29575000e-08  9.75390658e-01 
 3.29675000e-08  1.33768400e+00 
 3.29837500e-08  2.05420918e+00 
 3.30000000e-08  2.67653130e+00 
 3.30025000e-08  2.74420222e+00 
 3.30075000e-08  2.86489042e+00 
 3.30175000e-08  3.03668815e+00 
 3.30337500e-08  3.18345757e+00 
 3.30500000e-08  3.24101668e+00 
 3.30525000e-08  3.24545177e+00 
 3.30575000e-08  3.25345608e+00 
 3.30675000e-08  3.26536984e+00 
 3.30837500e-08  3.27768408e+00 
 3.31000000e-08  3.28509340e+00 
 3.31025000e-08  3.28592471e+00 
 3.31075000e-08  3.28748755e+00 
 3.31175000e-08  3.29007460e+00 
 3.31337500e-08  3.29309295e+00 
 3.31500000e-08  3.29505687e+00 
 3.31525000e-08  3.29528034e+00 
 3.31575000e-08  3.29570092e+00 
 3.31675000e-08  3.29640196e+00 
 3.31837500e-08  3.29723848e+00 
 3.32000000e-08  3.29781348e+00 
 3.32025000e-08  3.29788303e+00 
 3.32075000e-08  3.29801604e+00 
 3.32175000e-08  3.29824983e+00 
 3.32337500e-08  3.29855814e+00 
 3.32500000e-08  3.29879366e+00 
 3.32525000e-08  3.29882292e+00 
 3.32575000e-08  3.29887714e+00 
 3.32675000e-08  3.29898093e+00 
 3.32837500e-08  3.29915977e+00 
 3.33000000e-08  3.29934510e+00 
 3.33025000e-08  3.29937212e+00 
 3.33075000e-08  3.29942416e+00 
 3.33175000e-08  3.29951862e+00 
 3.33337500e-08  3.29964620e+00 
 3.33500000e-08  3.29974659e+00 
 3.33525000e-08  3.29975906e+00 
 3.33575000e-08  3.29978231e+00 
 3.33675000e-08  3.29982111e+00 
 3.33837500e-08  3.29986632e+00 
 3.34000000e-08  3.29989478e+00 
 3.34025000e-08  3.29989800e+00 
 3.34075000e-08  3.29990376e+00 
 3.34175000e-08  3.29991352e+00 
 3.34337500e-08  3.29992483e+00 
 3.34500000e-08  3.29993188e+00 
 3.34525000e-08  3.29993280e+00 
 3.34575000e-08  3.29993416e+00 
 3.34675000e-08  3.29993671e+00 
 3.34837500e-08  3.29994237e+00 
 3.35000000e-08  3.29994912e+00 
 3.35025000e-08  3.29995088e+00 
 3.35075000e-08  3.29995526e+00 
 3.35175000e-08  3.29996686e+00 
 3.35337500e-08  3.29998262e+00 
 3.35500000e-08  3.29998265e+00 
 3.35525000e-08  3.29998095e+00 
 3.35575000e-08  3.29997725e+00 
 3.35675000e-08  3.29996859e+00 
 3.35837500e-08  3.29995447e+00 
 3.36000000e-08  3.29994283e+00 
 3.36025000e-08  3.29994156e+00 
 3.36075000e-08  3.29993927e+00 
 3.36175000e-08  3.29993591e+00 
 3.36337500e-08  3.29993198e+00 
 3.36500000e-08  3.29992905e+00 
 3.36525000e-08  3.29992864e+00 
 3.36575000e-08  3.29992761e+00 
 3.36675000e-08  3.29992510e+00 
 3.36837500e-08  3.29992109e+00 
 3.37000000e-08  3.29992052e+00 
 3.37025000e-08  3.29992093e+00 
 3.37075000e-08  3.29992183e+00 
 3.37175000e-08  3.29992512e+00 
 3.37337500e-08  3.29993336e+00 
 3.37500000e-08  3.29994542e+00 
 3.37525000e-08  3.29994764e+00 
 3.37575000e-08  3.29995213e+00 
 3.37675000e-08  3.29996218e+00 
 3.37837500e-08  3.29997997e+00 
 3.38000000e-08  3.29999444e+00 
 3.38025000e-08  3.29999606e+00 
 3.38075000e-08  3.29999919e+00 
 3.38175000e-08  3.30000447e+00 
 3.38337500e-08  3.30000513e+00 
 3.38500000e-08  3.29999897e+00 
 3.38525000e-08  3.29999789e+00 
 3.38575000e-08  3.29999584e+00 
 3.38675000e-08  3.29999195e+00 
 3.38837500e-08  3.29998591e+00 
 3.39000000e-08  3.29997947e+00 
 3.39025000e-08  3.29997796e+00 
 3.39075000e-08  3.29997473e+00 
 3.39175000e-08  3.29996664e+00 
 3.39337500e-08  3.29995440e+00 
 3.39500000e-08  3.29995683e+00 
 3.39525000e-08  3.29995728e+00 
 3.39575000e-08  3.29995838e+00 
 3.39675000e-08  3.29996202e+00 
 3.39837500e-08  3.29997678e+00 
 3.40000000e-08  3.30000762e+00 
 3.40025000e-08  3.30001401e+00 
 3.40075000e-08  3.30002699e+00 
 3.40175000e-08  3.30004748e+00 
 3.40337500e-08  3.30004998e+00 
 3.40500000e-08  3.30000359e+00 
 3.40525000e-08  3.29999241e+00 
 3.40575000e-08  3.29996892e+00 
 3.40675000e-08  3.29991391e+00 
 3.40837500e-08  3.29982579e+00 
 3.41000000e-08  3.29976294e+00 
 3.41025000e-08  3.29975574e+00 
 3.41075000e-08  3.29974235e+00 
 3.41175000e-08  3.29972723e+00 
 3.41337500e-08  3.29973129e+00 
 3.41500000e-08  3.29976595e+00 
 3.41525000e-08  3.29977675e+00 
 3.41575000e-08  3.29979718e+00 
 3.41675000e-08  3.29983237e+00 
 3.41837500e-08  3.29987749e+00 
 3.42000000e-08  3.29990164e+00 
 3.42025000e-08  3.29990513e+00 
 3.42075000e-08  3.29991201e+00 
 3.42175000e-08  3.29993030e+00 
 3.42337500e-08  3.29996393e+00 
 3.42500000e-08  3.29999111e+00 
 3.42525000e-08  3.29999410e+00 
 3.42575000e-08  3.29999904e+00 
 3.42675000e-08  3.30000549e+00 
 3.42837500e-08  3.30000570e+00 
 3.43000000e-08  3.29999569e+00 
 3.43025000e-08  3.29999375e+00 
 3.43075000e-08  3.29998918e+00 
 3.43175000e-08  3.29997734e+00 
 3.43337500e-08  3.29994934e+00 
 3.43500000e-08  3.29990642e+00 
 3.43525000e-08  3.29989808e+00 
 3.43575000e-08  3.29987875e+00 
 3.43675000e-08  3.29983300e+00 
 3.43837500e-08  3.29974597e+00 
 3.44000000e-08  3.29967201e+00 
 3.44025000e-08  3.29966543e+00 
 3.44075000e-08  3.29965364e+00 
 3.44175000e-08  3.29964397e+00 
 3.44337500e-08  3.29965650e+00 
 3.44500000e-08  3.29969383e+00 
 3.44525000e-08  3.29970224e+00 
 3.44575000e-08  3.29971974e+00 
 3.44675000e-08  3.29976553e+00 
 3.44837500e-08  3.29988080e+00 
 3.45000000e-08  3.30007099e+00 
 3.45025000e-08  3.30011343e+00 
 3.45075000e-08  3.30020170e+00 
 3.45175000e-08  3.30039880e+00 
 3.45337500e-08  3.30076139e+00 
 3.45500000e-08  3.30114777e+00 
 3.45525000e-08  3.30120305e+00 
 3.45575000e-08  3.30131431e+00 
 3.45675000e-08  3.30153164e+00 
 3.45837500e-08  3.30188983e+00 
 3.46000000e-08  3.30226324e+00 
 3.46025000e-08  3.30232306e+00 
 3.46075000e-08  3.30244414e+00 
 3.46175000e-08  3.30269078e+00 
 3.46337500e-08  3.30309909e+00 
 3.46500000e-08  3.30352094e+00 
 3.46525000e-08  3.30358673e+00 
 3.46575000e-08  3.30371971e+00 
 3.46675000e-08  3.30397815e+00 
 3.46837500e-08  3.30434170e+00 
 3.47000000e-08  3.30462944e+00 
 3.47025000e-08  3.30466771e+00 
 3.47075000e-08  3.30474515e+00 
 3.47175000e-08  3.30490775e+00 
 3.47337500e-08  3.30521738e+00 
 3.47500000e-08  3.30561423e+00 
 3.47525000e-08  3.30568550e+00 
 3.47575000e-08  3.30583550e+00 
 3.47675000e-08  3.30617708e+00 
 3.47837500e-08  3.30686214e+00 
 3.48000000e-08  3.30775041e+00 
 3.48025000e-08  3.30791018e+00 
 3.48075000e-08  3.30824805e+00 
 3.48175000e-08  3.30902220e+00 
 3.48337500e-08  3.31061973e+00 
 3.48500000e-08  3.31281041e+00 
 3.48525000e-08  3.31321795e+00 
 3.48575000e-08  3.31408841e+00 
 3.48675000e-08  3.31603833e+00 
 3.48837500e-08  3.31902003e+00 
 3.49000000e-08  3.31862322e+00 
 3.49025000e-08  3.31786378e+00 
 3.49075000e-08  3.31577888e+00 
 3.49175000e-08  3.30779288e+00 
 3.49337500e-08  3.28359716e+00 
 3.49500000e-08  3.24264007e+00 
 3.49525000e-08  3.23433569e+00 
 3.49575000e-08  3.21668191e+00 
 3.49675000e-08  3.17470331e+00 
 3.49837500e-08  3.08347736e+00 
 3.50000000e-08  2.95069137e+00 
 3.50025000e-08  2.92437078e+00 
 3.50075000e-08  2.86667603e+00 
 3.50175000e-08  2.70915188e+00 
 3.50337500e-08  2.26855384e+00 
 3.50500000e-08  1.60490553e+00 
 3.50525000e-08  1.48237653e+00 
 3.50575000e-08  1.23046671e+00 
 3.50675000e-08  7.38044899e-01 
 3.50818337e-08  2.63120694e-01 
 3.50909168e-08  1.26890039e-01 
 3.51000000e-08  6.66458768e-02 
 3.51018166e-08  6.05493231e-02 
 3.51054499e-08  4.99724485e-02 
 3.51127164e-08  3.60379589e-02 
 3.51272495e-08  2.14706494e-02 
 3.51500000e-08  1.15475206e-02 
 3.51525000e-08  1.09403607e-02 
 3.51575000e-08  9.75928135e-03 
 3.51675000e-08  7.68890302e-03 
 3.51837500e-08  5.13547245e-03 
 3.52000000e-08  3.38528927e-03 
 3.52025000e-08  3.17966296e-03 
 3.52075000e-08  2.79299552e-03 
 3.52175000e-08  2.14977451e-03 
 3.52337500e-08  1.39589916e-03 
 3.52500000e-08  9.08163412e-04 
 3.52525000e-08  8.53293602e-04 
 3.52575000e-08  7.51110037e-04 
 3.52675000e-08  5.84573764e-04 
 3.52837500e-08  3.95578408e-04 
 3.53000000e-08  2.75948759e-04 
 3.53025000e-08  2.62334752e-04 
 3.53075000e-08  2.36937739e-04 
 3.53175000e-08  1.95033113e-04 
 3.53337500e-08  1.45991868e-04 
 3.53500000e-08  1.13500102e-04 
 3.53525000e-08  1.09780076e-04 
 3.53575000e-08  1.02895205e-04 
 3.53675000e-08  9.15997513e-05 
 3.53837500e-08  7.75643427e-05 
 3.54000000e-08  6.67375485e-05 
 3.54025000e-08  6.51387305e-05 
 3.54075000e-08  6.18284043e-05 
 3.54175000e-08  5.53259952e-05 
 3.54337500e-08  4.61245983e-05 
 3.54500000e-08  3.82144508e-05 
 3.54525000e-08  3.72884881e-05 
 3.54575000e-08  3.56190493e-05 
 3.54675000e-08  3.28948172e-05 
 3.54837500e-08  2.88979579e-05 
 3.55000000e-08  2.02660212e-05 
 3.55025000e-08  1.86376515e-05 
 3.55075000e-08  1.53233276e-05 
 3.55175000e-08  1.04121322e-05 
 3.55337500e-08  6.94684412e-06 
 3.55500000e-08  7.06624730e-06 
 3.55525000e-08  7.23676698e-06 
 3.55575000e-08  7.45557547e-06 
 3.55675000e-08  7.89764497e-06 
 3.55837500e-08  8.75275406e-06 
 3.56000000e-08  9.94829669e-06 
 3.56025000e-08  1.02574729e-05 
 3.56075000e-08  1.08501896e-05 
 3.56175000e-08  1.18465627e-05 
 3.56337500e-08  1.13239199e-05 
 3.56500000e-08  7.40130755e-06 
 3.56525000e-08  6.47667116e-06 
 3.56575000e-08  4.44192958e-06 
 3.56675000e-08  5.64411203e-08 
 3.56837500e-08 -6.17170630e-06 
 3.57000000e-08 -8.61181544e-06 
 3.57025000e-08 -8.68836837e-06 
 3.57075000e-08 -8.81195165e-06 
 3.57175000e-08 -8.60004506e-06 
 3.57337500e-08 -6.69116745e-06 
 3.57500000e-08 -2.70158633e-06 
 3.57525000e-08 -1.57068959e-06 
 3.57575000e-08  3.18485997e-07 
 3.57675000e-08  3.05041444e-06 
 3.57837500e-08  7.07769144e-06 
 3.58000000e-08  1.06249428e-05 
 3.58025000e-08  1.09921017e-05 
 3.58075000e-08  1.15743611e-05 
 3.58175000e-08  1.23262162e-05 
 3.58337500e-08  1.26727857e-05 
 3.58500000e-08  1.17940667e-05 
 3.58525000e-08  1.15044210e-05 
 3.58575000e-08  1.07844283e-05 
 3.58675000e-08  8.97800905e-06 
 3.58837500e-08  5.76032582e-06 
 3.59000000e-08  2.08732723e-06 
 3.59025000e-08  1.59455175e-06 
 3.59075000e-08  7.01727295e-07 
 3.59175000e-08 -8.40446769e-07 
 3.59337500e-08 -4.43676048e-06 
 3.59500000e-08 -1.08001191e-05 
 3.59525000e-08 -1.20659296e-05 
 3.59575000e-08 -1.52003079e-05 
 3.59675000e-08 -2.09575517e-05 
 3.59837500e-08 -2.57771897e-05 
 3.60000000e-08 -2.33380882e-05 
 3.60025000e-08 -2.21682740e-05 
 3.60075000e-08 -2.00017132e-05 
 3.60175000e-08 -1.37655853e-05 
 3.60337500e-08  3.82251221e-06 
 3.60500000e-08  3.29159331e-05 
 3.60525000e-08  3.85584428e-05 
 3.60575000e-08  5.00714427e-05 
 3.60675000e-08  7.31736174e-05 
 3.60837500e-08  1.07921053e-04 
 3.61000000e-08  1.26970770e-04 
 3.61025000e-08  1.28089157e-04 
 3.61075000e-08  1.29990285e-04 
 3.61175000e-08  1.30563948e-04 
 3.61337500e-08  1.20919195e-04 
 3.61500000e-08  1.09745269e-04 
 3.61525000e-08  1.08244808e-04 
 3.61575000e-08  1.05306904e-04 
 3.61675000e-08  9.84139936e-05 
 3.61837500e-08  8.02072328e-05 
 3.62000000e-08  4.49152278e-05 
 3.62025000e-08  3.79520425e-05 
 3.62075000e-08  2.49887305e-05 
 3.62175000e-08  3.96031820e-06 
 3.62337500e-08 -1.41978425e-05 
 3.62500000e-08 -1.06967609e-05 
 3.62525000e-08 -8.29496437e-06 
 3.62575000e-08 -2.02611659e-06 
 3.62675000e-08  1.52016470e-05 
 3.62837500e-08  5.85889323e-05 
 3.63000000e-08  1.22639180e-04 
 3.63025000e-08  1.32510847e-04 
 3.63075000e-08  1.52132959e-04 
 3.63175000e-08  1.81122314e-04 
 3.63337500e-08  1.87253328e-04 
 3.63500000e-08  1.15426819e-04 
 3.63525000e-08  9.31001060e-05 
 3.63575000e-08  4.03670251e-05 
 3.63675000e-08 -1.23538619e-04 
 3.63837500e-08 -5.34801653e-04 
 3.64000000e-08 -1.07165480e-03 
 3.64025000e-08 -1.14262449e-03 
 3.64075000e-08 -1.29675216e-03 
 3.64175000e-08 -1.64519470e-03 
 3.64337500e-08 -2.22027084e-03 
 3.64500000e-08 -2.75932358e-03 
 3.64525000e-08 -2.83774170e-03 
 3.64575000e-08 -2.99397951e-03 
 3.64675000e-08 -3.30144342e-03 
 3.64837500e-08 -3.79839893e-03 
 3.65000000e-08 -4.31362998e-03 
 3.65025000e-08 -4.39308088e-03 
 3.65075000e-08 -4.55835332e-03 
 3.65175000e-08 -4.90671590e-03 
 3.65337500e-08 -5.52077401e-03 
 3.65500000e-08 -6.22153966e-03 
 3.65525000e-08 -6.33745208e-03 
 3.65575000e-08 -6.58770942e-03 
 3.65675000e-08 -7.13160068e-03 
 3.65837500e-08 -8.20842940e-03 
 3.66000000e-08 -9.65092920e-03 
 3.66025000e-08 -9.90013473e-03 
 3.66075000e-08 -1.04498905e-02 
 3.66175000e-08 -1.15851014e-02 
 3.66337500e-08 -1.30502855e-02 
 3.66500000e-08 -1.22436831e-02 
 3.66525000e-08 -1.16950163e-02 
 3.66575000e-08 -1.02910155e-02 
 3.66675000e-08 -5.42218841e-03 
 3.66837500e-08  8.87105537e-03 
 3.67000000e-08  3.28906293e-02 
 3.67025000e-08  3.77528943e-02 
 3.67075000e-08  4.81516519e-02 
 3.67175000e-08  7.33120952e-02 
 3.67337500e-08  1.29552673e-01 
 3.67500000e-08  2.13411327e-01 
 3.67525000e-08  2.30048773e-01 
 3.67575000e-08  2.66057007e-01 
 3.67675000e-08  3.58364758e-01 
 3.67837500e-08  6.20242821e-01 
 3.68000000e-08  1.08113754e+00 
 3.68025000e-08  1.17338019e+00 
 3.68075000e-08  1.36710462e+00 
 3.68175000e-08  1.80260734e+00 
 3.68337500e-08  2.49571826e+00 
 3.68500000e-08  2.93380101e+00 
 3.68525000e-08  2.97426936e+00 
 3.68575000e-08  3.04594985e+00 
 3.68675000e-08  3.14523988e+00 
 3.68837500e-08  3.22687541e+00 
 3.69000000e-08  3.25859808e+00 
 3.69025000e-08  3.26130724e+00 
 3.69075000e-08  3.26629883e+00 
 3.69175000e-08  3.27416002e+00 
 3.69337500e-08  3.28289726e+00 
 3.69500000e-08  3.28843373e+00 
 3.69525000e-08  3.28906078e+00 
 3.69575000e-08  3.29023932e+00 
 3.69675000e-08  3.29218983e+00 
 3.69837500e-08  3.29446644e+00 
 3.70000000e-08  3.29595181e+00 
 3.70025000e-08  3.29612202e+00 
 3.70075000e-08  3.29644281e+00 
 3.70175000e-08  3.29698056e+00 
 3.70337500e-08  3.29763178e+00 
 3.70500000e-08  3.29809181e+00 
 3.70525000e-08  3.29814871e+00 
 3.70575000e-08  3.29825793e+00 
 3.70675000e-08  3.29845252e+00 
 3.70837500e-08  3.29871229e+00 
 3.71000000e-08  3.29890617e+00 
 3.71025000e-08  3.29893266e+00 
 3.71075000e-08  3.29898458e+00 
 3.71175000e-08  3.29909450e+00 
 3.71337500e-08  3.29928139e+00 
 3.71500000e-08  3.29945523e+00 
 3.71525000e-08  3.29947873e+00 
 3.71575000e-08  3.29952320e+00 
 3.71675000e-08  3.29960169e+00 
 3.71837500e-08  3.29970811e+00 
 3.72000000e-08  3.29978823e+00 
 3.72025000e-08  3.29979841e+00 
 3.72075000e-08  3.29981772e+00 
 3.72175000e-08  3.29985078e+00 
 3.72337500e-08  3.29988902e+00 
 3.72500000e-08  3.29991221e+00 
 3.72525000e-08  3.29991469e+00 
 3.72575000e-08  3.29991878e+00 
 3.72675000e-08  3.29992434e+00 
 3.72837500e-08  3.29992992e+00 
 3.73000000e-08  3.29993385e+00 
 3.73025000e-08  3.29993469e+00 
 3.73075000e-08  3.29993634e+00 
 3.73175000e-08  3.29994120e+00 
 3.73337500e-08  3.29994882e+00 
 3.73500000e-08  3.29996087e+00 
 3.73525000e-08  3.29996359e+00 
 3.73575000e-08  3.29996946e+00 
 3.73675000e-08  3.29997893e+00 
 3.73837500e-08  3.29998254e+00 
 3.74000000e-08  3.29997290e+00 
 3.74025000e-08  3.29997077e+00 
 3.74075000e-08  3.29996650e+00 
 3.74175000e-08  3.29995815e+00 
 3.74337500e-08  3.29994611e+00 
 3.74500000e-08  3.29993691e+00 
 3.74525000e-08  3.29993589e+00 
 3.74575000e-08  3.29993396e+00 
 3.74675000e-08  3.29993088e+00 
 3.74837500e-08  3.29992733e+00 
 3.75000000e-08  3.29992482e+00 
 3.75025000e-08  3.29992439e+00 
 3.75075000e-08  3.29992323e+00 
 3.75175000e-08  3.29992058e+00 
 3.75337500e-08  3.29991880e+00 
 3.75500000e-08  3.29992081e+00 
 3.75525000e-08  3.29992181e+00 
 3.75575000e-08  3.29992401e+00 
 3.75675000e-08  3.29992997e+00 
 3.75837500e-08  3.29994223e+00 
 3.76000000e-08  3.29995852e+00 
 3.76025000e-08  3.29996144e+00 
 3.76075000e-08  3.29996731e+00 
 3.76175000e-08  3.29997914e+00 
 3.76337500e-08  3.29999544e+00 
 3.76500000e-08  3.30000462e+00 
 3.76525000e-08  3.30000516e+00 
 3.76575000e-08  3.30000577e+00 
 3.76675000e-08  3.30000388e+00 
 3.76837500e-08  3.29999726e+00 
 3.77000000e-08  3.29999102e+00 
 3.77025000e-08  3.29999017e+00 
 3.77075000e-08  3.29998859e+00 
 3.77175000e-08  3.29998577e+00 
 3.77337500e-08  3.29998051e+00 
 3.77500000e-08  3.29997113e+00 
 3.77525000e-08  3.29996893e+00 
 3.77575000e-08  3.29996467e+00 
 3.77675000e-08  3.29995702e+00 
 3.77837500e-08  3.29995594e+00 
 3.78000000e-08  3.29996219e+00 
 3.78025000e-08  3.29996317e+00 
 3.78075000e-08  3.29996561e+00 
 3.78175000e-08  3.29997357e+00 
 3.78337500e-08  3.29999848e+00 
 3.78500000e-08  3.30003652e+00 
 3.78525000e-08  3.30004123e+00 
 3.78575000e-08  3.30004927e+00 
 3.78675000e-08  3.30005359e+00 
 3.78837500e-08  3.30002140e+00 
 3.79000000e-08  3.29994756e+00 
 3.79025000e-08  3.29993317e+00 
 3.79075000e-08  3.29990387e+00 
 3.79175000e-08  3.29984628e+00 
 3.79337500e-08  3.29977591e+00 
 3.79500000e-08  3.29973085e+00 
 3.79525000e-08  3.29972824e+00 
 3.79575000e-08  3.29972524e+00 
 3.79675000e-08  3.29972929e+00 
 3.79837500e-08  3.29975770e+00 
 3.80000000e-08  3.29981749e+00 
 3.80025000e-08  3.29982586e+00 
 3.80075000e-08  3.29984139e+00 
 3.80175000e-08  3.29986786e+00 
 3.80337500e-08  3.29989408e+00 
 3.80500000e-08  3.29991539e+00 
 3.80525000e-08  3.29992155e+00 
 3.80575000e-08  3.29993325e+00 
 3.80675000e-08  3.29995521e+00 
 3.80837500e-08  3.29998355e+00 
 3.81000000e-08  3.30000034e+00 
 3.81025000e-08  3.30000195e+00 
 3.81075000e-08  3.30000426e+00 
 3.81175000e-08  3.30000491e+00 
 3.81337500e-08  3.29999730e+00 
 3.81500000e-08  3.29998119e+00 
 3.81525000e-08  3.29997803e+00 
 3.81575000e-08  3.29997090e+00 
 3.81675000e-08  3.29995396e+00 
 3.81837500e-08  3.29991668e+00 
 3.82000000e-08  3.29986000e+00 
 3.82025000e-08  3.29984922e+00 
 3.82075000e-08  3.29982463e+00 
 3.82175000e-08  3.29977054e+00 
 3.82337500e-08  3.29968892e+00 
 3.82500000e-08  3.29964661e+00 
 3.82525000e-08  3.29964560e+00 
 3.82575000e-08  3.29964423e+00 
 3.82675000e-08  3.29965097e+00 
 3.82837500e-08  3.29968177e+00 
 3.83000000e-08  3.29973698e+00 
 3.83025000e-08  3.29974878e+00 
 3.83075000e-08  3.29977414e+00 
 3.83175000e-08  3.29984172e+00 
 3.83337500e-08  3.30001152e+00 
 3.83500000e-08  3.30028887e+00 
 3.83525000e-08  3.30033874e+00 
 3.83575000e-08  3.30044164e+00 
 3.83675000e-08  3.30066440e+00 
 3.83837500e-08  3.30105157e+00 
 3.84000000e-08  3.30143263e+00 
 3.84025000e-08  3.30148528e+00 
 3.84075000e-08  3.30159414e+00 
 3.84175000e-08  3.30182057e+00 
 3.84337500e-08  3.30219228e+00 
 3.84500000e-08  3.30258251e+00 
 3.84525000e-08  3.30264412e+00 
 3.84575000e-08  3.30276732e+00 
 3.84675000e-08  3.30301644e+00 
 3.84837500e-08  3.30343136e+00 
 3.85000000e-08  3.30385425e+00 
 3.85025000e-08  3.30391680e+00 
 3.85075000e-08  3.30404035e+00 
 3.85175000e-08  3.30426559e+00 
 3.85337500e-08  3.30456937e+00 
 3.85500000e-08  3.30483342e+00 
 3.85525000e-08  3.30487365e+00 
 3.85575000e-08  3.30495729e+00 
 3.85675000e-08  3.30514473e+00 
 3.85837500e-08  3.30552210e+00 
 3.86000000e-08  3.30601490e+00 
 3.86025000e-08  3.30610367e+00 
 3.86075000e-08  3.30629047e+00 
 3.86175000e-08  3.30671467e+00 
 3.86337500e-08  3.30756347e+00 
 3.86500000e-08  3.30866945e+00 
 3.86525000e-08  3.30886961e+00 
 3.86575000e-08  3.30929453e+00 
 3.86675000e-08  3.31027575e+00 
 3.86837500e-08  3.31233497e+00 
 3.87000000e-08  3.31514174e+00 
 3.87025000e-08  3.31564486e+00 
 3.87075000e-08  3.31668326e+00 
 3.87175000e-08  3.31864131e+00 
 3.87337500e-08  3.31929693e+00 
 3.87500000e-08  3.31196218e+00 
 3.87525000e-08  3.30961628e+00 
 3.87575000e-08  3.30416625e+00 
 3.87675000e-08  3.28955196e+00 
 3.87837500e-08  3.25200574e+00 
 3.88000000e-08  3.19400859e+00 
 3.88025000e-08  3.18281481e+00 
 3.88075000e-08  3.15911739e+00 
 3.88175000e-08  3.10313578e+00 
 3.88337500e-08  2.97987307e+00 
 3.88500000e-08  2.78334755e+00 
 3.88525000e-08  2.73989873e+00 
 3.88575000e-08  2.63988951e+00 
 3.88675000e-08  2.36923907e+00 
 3.88837500e-08  1.74532323e+00 
 3.89000000e-08  9.50091814e-01 
 3.89025000e-08  8.26228727e-01 
 3.89075000e-08  6.01828143e-01 
 3.89175000e-08  2.86593983e-01 
 3.89340840e-08  6.97870264e-02 
 3.89500000e-08  3.17913078e-02 
 3.89523302e-08  2.99219801e-02 
 3.89569907e-08  2.62806911e-02 
 3.89663115e-08  2.02851613e-02 
 3.89831558e-08  1.29256595e-02 
 3.90000000e-08  8.55115975e-03 
 3.90025000e-08  8.06513484e-03 
 3.90075000e-08  7.14186681e-03 
 3.90175000e-08  5.57734700e-03 
 3.90337500e-08  3.68708632e-03 
 3.90500000e-08  2.40865149e-03 
 3.90525000e-08  2.26046339e-03 
 3.90575000e-08  1.98255627e-03 
 3.90675000e-08  1.52339896e-03 
 3.90837500e-08  9.91298423e-04 
 3.91000000e-08  6.51930898e-04 
 3.91025000e-08  6.13944156e-04 
 3.91075000e-08  5.43252406e-04 
 3.91175000e-08  4.27709748e-04 
 3.91337500e-08  2.95521818e-04 
 3.91500000e-08  2.10612702e-04 
 3.91525000e-08  2.00973840e-04 
 3.91575000e-08  1.83042482e-04 
 3.91675000e-08  1.53615749e-04 
 3.91837500e-08  1.19066229e-04 
 3.92000000e-08  9.58331002e-05 
 3.92025000e-08  9.31244419e-05 
 3.92075000e-08  8.80656307e-05 
 3.92175000e-08  7.95248632e-05 
 3.92337500e-08  6.82274962e-05 
 3.92500000e-08  5.87470497e-05 
 3.92525000e-08  5.73009650e-05 
 3.92575000e-08  5.43813409e-05 
 3.92675000e-08  4.86951197e-05 
 3.92837500e-08  4.03462278e-05 
 3.93000000e-08  3.36217257e-05 
 3.93025000e-08  3.28378555e-05 
 3.93075000e-08  3.17699554e-05 
 3.93175000e-08  2.93376897e-05 
 3.93337500e-08  2.19968532e-05 
 3.93500000e-08  1.21313660e-05 
 3.93525000e-08  1.11494043e-05 
 3.93575000e-08  9.12110678e-06 
 3.93675000e-08  6.21771242e-06 
 3.93837500e-08  4.81858648e-06 
 3.94000000e-08  5.67580330e-06 
 3.94025000e-08  5.98668303e-06 
 3.94075000e-08  6.59315577e-06 
 3.94175000e-08  7.97729502e-06 
 3.94337500e-08  9.91917016e-06 
 3.94500000e-08  1.15189181e-05 
 3.94525000e-08  1.17183073e-05 
 3.94575000e-08  1.19356293e-05 
 3.94675000e-08  1.16259557e-05 
 3.94837500e-08  8.58647400e-06 
 3.95000000e-08  2.63590694e-06 
 3.95025000e-08  1.54093438e-06 
 3.95075000e-08 -7.31932984e-07 
 3.95175000e-08 -4.89617153e-06 
 3.95337500e-08 -8.52457776e-06 
 3.95500000e-08 -8.81402899e-06 
 3.95525000e-08 -8.62742767e-06 
 3.95575000e-08 -8.17027187e-06 
 3.95675000e-08 -6.68160518e-06 
 3.95837500e-08 -3.11166803e-06 
 3.96000000e-08  3.09741486e-06 
 3.96025000e-08  3.56890157e-06 
 3.96075000e-08  4.57706801e-06 
 3.96175000e-08  6.88976329e-06 
 3.96337500e-08  1.05839699e-05 
 3.96500000e-08  1.23638849e-05 
 3.96525000e-08  1.24981407e-05 
 3.96575000e-08  1.26713141e-05 
 3.96675000e-08  1.26583641e-05 
 3.96837500e-08  1.17724673e-05 
 3.97000000e-08  9.97143043e-06 
 3.97025000e-08  9.62501107e-06 
 3.97075000e-08  8.84666729e-06 
 3.97175000e-08  7.08979466e-06 
 3.97337500e-08  3.64066089e-06 
 3.97500000e-08 -1.45462879e-07 
 3.97525000e-08 -5.57805770e-07 
 3.97575000e-08 -1.54260472e-06 
 3.97675000e-08 -3.78478852e-06 
 3.97837500e-08 -9.09368721e-06 
 3.98000000e-08 -1.74329459e-05 
 3.98025000e-08 -1.88421139e-05 
 3.98075000e-08 -2.19719635e-05 
 3.98175000e-08 -2.62539954e-05 
 3.98337500e-08 -2.65705753e-05 
 3.98500000e-08 -1.96085588e-05 
 3.98525000e-08 -1.76623071e-05 
 3.98575000e-08 -1.36133299e-05 
 3.98675000e-08 -2.43198687e-06 
 3.98837500e-08  2.43747789e-05 
 3.99000000e-08  6.07773284e-05 
 3.99025000e-08  6.66460742e-05 
 3.99075000e-08  7.81285886e-05 
 3.99175000e-08  1.01136332e-04 
 3.99337500e-08  1.26540972e-04 
 3.99500000e-08  1.32592993e-04 
 3.99525000e-08  1.32348088e-04 
 3.99575000e-08  1.29202664e-04 
 3.99675000e-08  1.23239386e-04 
 3.99837500e-08  1.09912959e-04 
 4.00000000e-08  9.98361842e-05 
 4.00025000e-08  9.85116161e-05 
 4.00075000e-08  9.61815180e-05 
 4.00175000e-08  8.73616127e-05 
 4.00337500e-08  5.68866977e-05 
 4.00500000e-08  1.70288793e-05 
 4.00525000e-08  1.15572995e-05 
 4.00575000e-08  2.13446362e-06 
 4.00675000e-08 -1.00700183e-05 
 4.00837500e-08 -1.16018806e-05 
 4.01000000e-08  5.81008068e-06 
 4.01025000e-08  9.98442452e-06 
 4.01075000e-08  2.00479344e-05 
 4.01175000e-08  4.64659117e-05 
 4.01337500e-08  1.06540770e-04 
 4.01500000e-08  1.69532307e-04 
 4.01525000e-08  1.75960700e-04 
 4.01575000e-08  1.86880874e-04 
 4.01675000e-08  1.91812002e-04 
 4.01837500e-08  1.39695042e-04 
 4.02000000e-08 -3.40552141e-05 
 4.02025000e-08 -7.91088303e-05 
 4.02075000e-08 -1.78358901e-04 
 4.02175000e-08 -4.30877067e-04 
 4.02337500e-08 -9.57246925e-04 
 4.02500000e-08 -1.46834263e-03 
 4.02525000e-08 -1.56052754e-03 
 4.02575000e-08 -1.74376113e-03 
 4.02675000e-08 -2.10161378e-03 
 4.02837500e-08 -2.65175346e-03 
 4.03000000e-08 -3.16913827e-03 
 4.03025000e-08 -3.24567716e-03 
 4.03075000e-08 -3.39950773e-03 
 4.03175000e-08 -3.70643808e-03 
 4.03337500e-08 -4.21856687e-03 
 4.03500000e-08 -4.75593146e-03 
 4.03525000e-08 -4.84270701e-03 
 4.03575000e-08 -5.02308204e-03 
 4.03675000e-08 -5.40216446e-03 
 4.03837500e-08 -6.08406192e-03 
 4.04000000e-08 -6.89336480e-03 
 4.04025000e-08 -7.03035983e-03 
 4.04075000e-08 -7.33283823e-03 
 4.04175000e-08 -8.00749502e-03 
 4.04337500e-08 -9.38035072e-03 
 4.04500000e-08 -1.11360733e-02 
 4.04525000e-08 -1.14140522e-02 
 4.04575000e-08 -1.19970408e-02 
 4.04675000e-08 -1.29621431e-02 
 4.04837500e-08 -1.27568437e-02 
 4.05000000e-08 -7.79092963e-03 
 4.05025000e-08 -6.35006429e-03 
 4.05075000e-08 -3.06959451e-03 
 4.05175000e-08  5.73643082e-03 
 4.05337500e-08  2.80051484e-02 
 4.05500000e-08  6.26989396e-02 
 4.05525000e-08  6.94826018e-02 
 4.05575000e-08  8.39407478e-02 
 4.05675000e-08  1.18735879e-01 
 4.05837500e-08  1.97453959e-01 
 4.06000000e-08  3.20251884e-01 
 4.06025000e-08  3.45688979e-01 
 4.06075000e-08  4.02229686e-01 
 4.06175000e-08  5.61333597e-01 
 4.06337500e-08  9.89740828e-01 
 4.06500000e-08  1.62082225e+00 
 4.06525000e-08  1.73555641e+00 
 4.06575000e-08  1.96950501e+00 
 4.06675000e-08  2.41289985e+00 
 4.06837500e-08  2.88838835e+00 
 4.07000000e-08  3.11980141e+00 
 4.07025000e-08  3.13871330e+00 
 4.07075000e-08  3.17201971e+00 
 4.07175000e-08  3.21726827e+00 
 4.07337500e-08  3.25494249e+00 
 4.07500000e-08  3.27176299e+00 
 4.07525000e-08  3.27344354e+00 
 4.07575000e-08  3.27658788e+00 
 4.07675000e-08  3.28173329e+00 
 4.07837500e-08  3.28768509e+00 
 4.08000000e-08  3.29153931e+00 
 4.08025000e-08  3.29197829e+00 
 4.08075000e-08  3.29280285e+00 
 4.08175000e-08  3.29416701e+00 
 4.08337500e-08  3.29576097e+00 
 4.08500000e-08  3.29680894e+00 
 4.08525000e-08  3.29693003e+00 
 4.08575000e-08  3.29715861e+00 
 4.08675000e-08  3.29754522e+00 
 4.08837500e-08  3.29802604e+00 
 4.09000000e-08  3.29838167e+00 
 4.09025000e-08  3.29842721e+00 
 4.09075000e-08  3.29851489e+00 
 4.09175000e-08  3.29867202e+00 
 4.09337500e-08  3.29887677e+00 
 4.09500000e-08  3.29904945e+00 
 4.09525000e-08  3.29907846e+00 
 4.09575000e-08  3.29913608e+00 
 4.09675000e-08  3.29925130e+00 
 4.09837500e-08  3.29942552e+00 
 4.10000000e-08  3.29957092e+00 
 4.10025000e-08  3.29959028e+00 
 4.10075000e-08  3.29962773e+00 
 4.10175000e-08  3.29969638e+00 
 4.10337500e-08  3.29978455e+00 
 4.10500000e-08  3.29984677e+00 
 4.10525000e-08  3.29985378e+00 
 4.10575000e-08  3.29986627e+00 
 4.10675000e-08  3.29988523e+00 
 4.10837500e-08  3.29990551e+00 
 4.11000000e-08  3.29991842e+00 
 4.11025000e-08  3.29992015e+00 
 4.11075000e-08  3.29992327e+00 
 4.11175000e-08  3.29992904e+00 
 4.11337500e-08  3.29993618e+00 
 4.11500000e-08  3.29994195e+00 
 4.11525000e-08  3.29994294e+00 
 4.11575000e-08  3.29994453e+00 
 4.11675000e-08  3.29994752e+00 
 4.11837500e-08  3.29995615e+00 
 4.12000000e-08  3.29997271e+00 
 4.12025000e-08  3.29997483e+00 
 4.12075000e-08  3.29997866e+00 
 4.12175000e-08  3.29998127e+00 
 4.12337500e-08  3.29997494e+00 
 4.12500000e-08  3.29996253e+00 
 4.12525000e-08  3.29996055e+00 
 4.12575000e-08  3.29995660e+00 
 4.12675000e-08  3.29994918e+00 
 4.12837500e-08  3.29993920e+00 
 4.13000000e-08  3.29993209e+00 
 4.13025000e-08  3.29993132e+00 
 4.13075000e-08  3.29992981e+00 
 4.13175000e-08  3.29992728e+00 
 4.13337500e-08  3.29992423e+00 
 4.13500000e-08  3.29992108e+00 
 4.13525000e-08  3.29992077e+00 
 4.13575000e-08  3.29992026e+00 
 4.13675000e-08  3.29992046e+00 
 4.13837500e-08  3.29992341e+00 
 4.14000000e-08  3.29992987e+00 
 4.14025000e-08  3.29993118e+00 
 4.14075000e-08  3.29993364e+00 
 4.14175000e-08  3.29993927e+00 
 4.14337500e-08  3.29995254e+00 
 4.14500000e-08  3.29997095e+00 
 4.14525000e-08  3.29997411e+00 
 4.14575000e-08  3.29998037e+00 
 4.14675000e-08  3.29999174e+00 
 4.14837500e-08  3.30000343e+00 
 4.15000000e-08  3.30000692e+00 
 4.15025000e-08  3.30000604e+00 
 4.15075000e-08  3.30000435e+00 
 4.15175000e-08  3.30000006e+00 
 4.15337500e-08  3.29999344e+00 
 4.15500000e-08  3.29998821e+00 
 4.15525000e-08  3.29998746e+00 
 4.15575000e-08  3.29998609e+00 
 4.15675000e-08  3.29998307e+00 
 4.15837500e-08  3.29997447e+00 
 4.16000000e-08  3.29996069e+00 
 4.16025000e-08  3.29995837e+00 
 4.16075000e-08  3.29995419e+00 
 4.16175000e-08  3.29995417e+00 
 4.16337500e-08  3.29995872e+00 
 4.16500000e-08  3.29996719e+00 
 4.16525000e-08  3.29996959e+00 
 4.16575000e-08  3.29997546e+00 
 4.16675000e-08  3.29999201e+00 
 4.16837500e-08  3.30002980e+00 
 4.17000000e-08  3.30005303e+00 
 4.17025000e-08  3.30005282e+00 
 4.17075000e-08  3.30005006e+00 
 4.17175000e-08  3.30002959e+00 
 4.17337500e-08  3.29996222e+00 
 4.17500000e-08  3.29987205e+00 
 4.17525000e-08  3.29985801e+00 
 4.17575000e-08  3.29983226e+00 
 4.17675000e-08  3.29978996e+00 
 4.17837500e-08  3.29973891e+00 
 4.18000000e-08  3.29972558e+00 
 4.18025000e-08  3.29972737e+00 
 4.18075000e-08  3.29973202e+00 
 4.18175000e-08  3.29974842e+00 
 4.18337500e-08  3.29980129e+00 
 4.18500000e-08  3.29985482e+00 
 4.18525000e-08  3.29986122e+00 
 4.18575000e-08  3.29987223e+00 
 4.18675000e-08  3.29988639e+00 
 4.18837500e-08  3.29990824e+00 
 4.19000000e-08  3.29994408e+00 
 4.19025000e-08  3.29995046e+00 
 4.19075000e-08  3.29996250e+00 
 4.19175000e-08  3.29998345e+00 
 4.19337500e-08  3.30000643e+00 
 4.19500000e-08  3.30001474e+00 
 4.19525000e-08  3.30001440e+00 
 4.19575000e-08  3.30001254e+00 
 4.19675000e-08  3.30000459e+00 
 4.19837500e-08  3.29998594e+00 
 4.20000000e-08  3.29995995e+00 
 4.20025000e-08  3.29995523e+00 
 4.20075000e-08  3.29994458e+00 
 4.20175000e-08  3.29991962e+00 
 4.20337500e-08  3.29986570e+00 
 4.20500000e-08  3.29978795e+00 
 4.20525000e-08  3.29977483e+00 
 4.20575000e-08  3.29974680e+00 
 4.20675000e-08  3.29969622e+00 
 4.20837500e-08  3.29964764e+00 
 4.21000000e-08  3.29964497e+00 
 4.21025000e-08  3.29964873e+00 
 4.21075000e-08  3.29965638e+00 
 4.21175000e-08  3.29967858e+00 
 4.21337500e-08  3.29973188e+00 
 4.21500000e-08  3.29981873e+00 
 4.21525000e-08  3.29983715e+00 
 4.21575000e-08  3.29987755e+00 
 4.21675000e-08  3.29998333e+00 
 4.21837500e-08  3.30024514e+00 
 4.22000000e-08  3.30057774e+00 
 4.22025000e-08  3.30063399e+00 
 4.22075000e-08  3.30074767e+00 
 4.22175000e-08  3.30098115e+00 
 4.22337500e-08  3.30135798e+00 
 4.22500000e-08  3.30171406e+00 
 4.22525000e-08  3.30176973e+00 
 4.22575000e-08  3.30187970e+00 
 4.22675000e-08  3.30210582e+00 
 4.22837500e-08  3.30249072e+00 
 4.23000000e-08  3.30288971e+00 
 4.23025000e-08  3.30295212e+00 
 4.23075000e-08  3.30307854e+00 
 4.23175000e-08  3.30333825e+00 
 4.23337500e-08  3.30376488e+00 
 4.23500000e-08  3.30416246e+00 
 4.23525000e-08  3.30421458e+00 
 4.23575000e-08  3.30431540e+00 
 4.23675000e-08  3.30449554e+00 
 4.23837500e-08  3.30475966e+00 
 4.24000000e-08  3.30503958e+00 
 4.24025000e-08  3.30508754e+00 
 4.24075000e-08  3.30518862e+00 
 4.24175000e-08  3.30541978e+00 
 4.24337500e-08  3.30588483e+00 
 4.24500000e-08  3.30648423e+00 
 4.24525000e-08  3.30659133e+00 
 4.24575000e-08  3.30681651e+00 
 4.24675000e-08  3.30732725e+00 
 4.24837500e-08  3.30835734e+00 
 4.25000000e-08  3.30972340e+00 
 4.25025000e-08  3.30997377e+00 
 4.25075000e-08  3.31050814e+00 
 4.25175000e-08  3.31175347e+00 
 4.25337500e-08  3.31437304e+00 
 4.25500000e-08  3.31760459e+00 
 4.25525000e-08  3.31809398e+00 
 4.25575000e-08  3.31898760e+00 
 4.25675000e-08  3.31973563e+00 
 4.25837500e-08  3.31478097e+00 
 4.26000000e-08  3.29759793e+00 
 4.26025000e-08  3.29377042e+00 
 4.26075000e-08  3.28523626e+00 
 4.26175000e-08  3.26283397e+00 
 4.26337500e-08  3.21031865e+00 
 4.26500000e-08  3.13435679e+00 
 4.26525000e-08  3.11982752e+00 
 4.26575000e-08  3.08902681e+00 
 4.26675000e-08  3.01558791e+00 
 4.26837500e-08  2.84397394e+00 
 4.27000000e-08  2.51837012e+00 
 4.27025000e-08  2.44615510e+00 
 4.27075000e-08  2.29001946e+00 
 4.27175000e-08  1.91362836e+00 
 4.27337500e-08  1.14808331e+00 
 4.27500000e-08  4.57318899e-01 
 4.27525000e-08  3.83361482e-01 
 4.27575000e-08  2.58293668e-01 
 4.27675000e-08  1.14150959e-01 
 4.27837500e-08  3.72470443e-02 
 4.28000000e-08  2.24564897e-02 
 4.28017855e-08  2.14867315e-02 
 4.28053566e-08  1.95867364e-02 
 4.28124987e-08  1.62795020e-02 
 4.28267830e-08  1.13163537e-02 
 4.28500000e-08  6.31298805e-03 
 4.28525000e-08  5.95211433e-03 
 4.28575000e-08  5.26665495e-03 
 4.28675000e-08  4.10076488e-03 
 4.28837500e-08  2.69375380e-03 
 4.29000000e-08  1.75232904e-03 
 4.29025000e-08  1.64418456e-03 
 4.29075000e-08  1.44166328e-03 
 4.29175000e-08  1.10829490e-03 
 4.29337500e-08  7.25139535e-04 
 4.29500000e-08  4.83553201e-04 
 4.29525000e-08  4.56622095e-04 
 4.29575000e-08  4.06609758e-04 
 4.29675000e-08  3.24728108e-04 
 4.29837500e-08  2.30208267e-04 
 4.30000000e-08  1.68872850e-04 
 4.30025000e-08  1.61875850e-04 
 4.30075000e-08  1.48838626e-04 
 4.30175000e-08  1.27313776e-04 
 4.30337500e-08  1.01641387e-04 
 4.30500000e-08  8.39206052e-05 
 4.30525000e-08  8.17898900e-05 
 4.30575000e-08  7.77520695e-05 
 4.30675000e-08  7.07029547e-05 
 4.30837500e-08  6.09852734e-05 
 4.31000000e-08  5.24927719e-05 
 4.31025000e-08  5.12128532e-05 
 4.31075000e-08  4.86276111e-05 
 4.31175000e-08  4.33078712e-05 
 4.31337500e-08  3.58832296e-05 
 4.31500000e-08  3.04345117e-05 
 4.31525000e-08  2.96362096e-05 
 4.31575000e-08  2.79477276e-05 
 4.31675000e-08  2.31386826e-05 
 4.31837500e-08  1.35191683e-05 
 4.32000000e-08  7.67382820e-06 
 4.32025000e-08  7.44694611e-06 
 4.32075000e-08  7.04852695e-06 
 4.32175000e-08  7.02290152e-06 
 4.32337500e-08  8.01938496e-06 
 4.32500000e-08  9.26267778e-06 
 4.32525000e-08  9.49395722e-06 
 4.32575000e-08  9.88056127e-06 
 4.32675000e-08  1.07566636e-05 
 4.32837500e-08  1.21761881e-05 
 4.33000000e-08  1.25972220e-05 
 4.33025000e-08  1.23249492e-05 
 4.33075000e-08  1.13793599e-05 
 4.33175000e-08  8.22494247e-06 
 4.33337500e-08  1.28956758e-06 
 4.33500000e-08 -6.23821673e-06 
 4.33525000e-08 -7.02867053e-06 
 4.33575000e-08 -8.32672644e-06 
 4.33675000e-08 -9.41689235e-06 
 4.33837500e-08 -8.76691381e-06 
 4.34000000e-08 -7.00125208e-06 
 4.34025000e-08 -6.60428940e-06 
 4.34075000e-08 -5.83894944e-06 
 4.34175000e-08 -4.03674326e-06 
 4.34337500e-08  1.24909538e-06 
 4.34500000e-08  5.21912331e-06 
 4.34525000e-08  5.84969837e-06 
 4.34575000e-08  7.10638967e-06 
 4.34675000e-08  9.75276918e-06 
 4.34837500e-08  1.25004035e-05 
 4.35000000e-08  1.34618754e-05 
 4.35025000e-08  1.34654255e-05 
 4.35075000e-08  1.32857685e-05 
 4.35175000e-08  1.22910264e-05 
 4.35337500e-08  9.91722230e-06 
 4.35500000e-08  7.16140993e-06 
 4.35525000e-08  6.81736635e-06 
 4.35575000e-08  6.03485004e-06 
 4.35675000e-08  4.52654305e-06 
 4.35837500e-08  1.89823636e-06 
 4.36000000e-08 -1.27492959e-06 
 4.36025000e-08 -2.00486968e-06 
 4.36075000e-08 -3.82448124e-06 
 4.36175000e-08 -8.10297623e-06 
 4.36337500e-08 -1.67504091e-05 
 4.36500000e-08 -2.50729046e-05 
 4.36525000e-08 -2.56095460e-05 
 4.36575000e-08 -2.66075590e-05 
 4.36675000e-08 -2.58824229e-05 
 4.36837500e-08 -1.95143543e-05 
 4.37000000e-08 -6.42361141e-06 
 4.37025000e-08 -3.41947557e-06 
 4.37075000e-08  2.95708327e-06 
 4.37175000e-08  1.94722979e-05 
 4.37337500e-08  5.42930567e-05 
 4.37500000e-08  8.97449397e-05 
 4.37525000e-08  9.61372506e-05 
 4.37575000e-08  1.07062772e-04 
 4.37675000e-08  1.19879559e-04 
 4.37837500e-08  1.29038827e-04 
 4.38000000e-08  1.25344041e-04 
 4.38025000e-08  1.23921676e-04 
 4.38075000e-08  1.20004186e-04 
 4.38175000e-08  1.11306226e-04 
 4.38337500e-08  1.01347764e-04 
 4.38500000e-08  9.19449376e-05 
 4.38525000e-08  8.90916315e-05 
 4.38575000e-08  8.30478656e-05 
 4.38675000e-08  6.43540401e-05 
 4.38837500e-08  2.52998958e-05 
 4.39000000e-08 -5.87879495e-06 
 4.39025000e-08 -8.68126642e-06 
 4.39075000e-08 -1.24974772e-05 
 4.39175000e-08 -1.28502391e-05 
 4.39337500e-08  1.43932514e-06 
 4.39500000e-08  3.25210823e-05 
 4.39525000e-08  3.90704569e-05 
 4.39575000e-08  5.42684980e-05 
 4.39675000e-08  9.06835871e-05 
 4.39837500e-08  1.54954813e-04 
 4.40000000e-08  1.91475894e-04 
 4.40025000e-08  1.91697160e-04 
 4.40075000e-08  1.89395483e-04 
 4.40175000e-08  1.61534729e-04 
 4.40337500e-08  2.47438806e-05 
 4.40500000e-08 -2.83877819e-04 
 4.40525000e-08 -3.49368428e-04 
 4.40575000e-08 -4.88504049e-04 
 4.40675000e-08 -8.09048919e-04 
 4.40837500e-08 -1.33550143e-03 
 4.41000000e-08 -1.90197694e-03 
 4.41025000e-08 -1.99146059e-03 
 4.41075000e-08 -2.16837028e-03 
 4.41175000e-08 -2.50995997e-03 
 4.41337500e-08 -3.03599122e-03 
 4.41500000e-08 -3.54154454e-03 
 4.41525000e-08 -3.61761420e-03 
 4.41575000e-08 -3.77222222e-03 
 4.41675000e-08 -4.08685278e-03 
 4.41837500e-08 -4.61720704e-03 
 4.42000000e-08 -5.19796370e-03 
 4.42025000e-08 -5.29257878e-03 
 4.42075000e-08 -5.49114041e-03 
 4.42175000e-08 -5.91093952e-03 
 4.42337500e-08 -6.67791266e-03 
 4.42500000e-08 -7.62490223e-03 
 4.42525000e-08 -7.78891188e-03 
 4.42575000e-08 -8.15685400e-03 
 4.42675000e-08 -8.98476710e-03 
 4.42837500e-08 -1.06262550e-02 
 4.43000000e-08 -1.24157645e-02 
 4.43025000e-08 -1.26391336e-02 
 4.43075000e-08 -1.30400069e-02 
 4.43175000e-08 -1.31401802e-02 
 4.43337500e-08 -9.70428116e-03 
 4.43500000e-08  4.81279394e-04 
 4.43525000e-08  2.74487382e-03 
 4.43575000e-08  7.76545135e-03 
 4.43675000e-08  2.08479828e-02 
 4.43837500e-08  5.18410292e-02 
 4.44000000e-08  9.80142717e-02 
 4.44025000e-08  1.06965574e-01 
 4.44075000e-08  1.26056296e-01 
 4.44175000e-08  1.72266953e-01 
 4.44337500e-08  2.80057325e-01 
 4.44500000e-08  4.64472160e-01 
 4.44525000e-08  5.05886036e-01 
 4.44575000e-08  5.99965178e-01 
 4.44675000e-08  8.52181096e-01 
 4.44837500e-08  1.43003773e+00 
 4.45000000e-08  2.15859622e+00 
 4.45025000e-08  2.27210714e+00 
 4.45075000e-08  2.47699168e+00 
 4.45175000e-08  2.78542544e+00 
 4.45337500e-08  3.07370304e+00 
 4.45500000e-08  3.19720428e+00 
 4.45525000e-08  3.20672275e+00 
 4.45575000e-08  3.22352862e+00 
 4.45675000e-08  3.24681087e+00 
 4.45837500e-08  3.26793411e+00 
 4.46000000e-08  3.27905464e+00 
 4.46025000e-08  3.28025733e+00 
 4.46075000e-08  3.28251745e+00 
 4.46175000e-08  3.28625407e+00 
 4.46337500e-08  3.29060970e+00 
 4.46500000e-08  3.29344095e+00 
 4.46525000e-08  3.29376250e+00 
 4.46575000e-08  3.29436619e+00 
 4.46675000e-08  3.29536582e+00 
 4.46837500e-08  3.29654266e+00 
 4.47000000e-08  3.29733153e+00 
 4.47025000e-08  3.29742469e+00 
 4.47075000e-08  3.29760176e+00 
 4.47175000e-08  3.29790693e+00 
 4.47337500e-08  3.29829707e+00 
 4.47500000e-08  3.29859385e+00 
 4.47525000e-08  3.29863189e+00 
 4.47575000e-08  3.29870374e+00 
 4.47675000e-08  3.29882884e+00 
 4.47837500e-08  3.29900356e+00 
 4.48000000e-08  3.29918682e+00 
 4.48025000e-08  3.29921679e+00 
 4.48075000e-08  3.29927549e+00 
 4.48175000e-08  3.29938653e+00 
 4.48337500e-08  3.29954202e+00 
 4.48500000e-08  3.29966534e+00 
 4.48525000e-08  3.29968152e+00 
 4.48575000e-08  3.29971198e+00 
 4.48675000e-08  3.29976445e+00 
 4.48837500e-08  3.29982936e+00 
 4.49000000e-08  3.29987252e+00 
 4.49025000e-08  3.29987745e+00 
 4.49075000e-08  3.29988646e+00 
 4.49175000e-08  3.29990132e+00 
 4.49337500e-08  3.29991826e+00 
 4.49500000e-08  3.29992883e+00 
 4.49525000e-08  3.29993000e+00 
 4.49575000e-08  3.29993173e+00 
 4.49675000e-08  3.29993401e+00 
 4.49837500e-08  3.29993678e+00 
 4.50000000e-08  3.29994186e+00 
 4.50025000e-08  3.29994282e+00 
 4.50075000e-08  3.29994492e+00 
 4.50175000e-08  3.29995089e+00 
 4.50337500e-08  3.29996709e+00 
 4.50500000e-08  3.29998155e+00 
 4.50525000e-08  3.29998183e+00 
 4.50575000e-08  3.29998194e+00 
 4.50675000e-08  3.29997882e+00 
 4.50837500e-08  3.29996828e+00 
 4.51000000e-08  3.29995579e+00 
 4.51025000e-08  3.29995402e+00 
 4.51075000e-08  3.29995054e+00 
 4.51175000e-08  3.29994424e+00 
 4.51337500e-08  3.29993610e+00 
 4.51500000e-08  3.29993049e+00 
 4.51525000e-08  3.29992977e+00 
 4.51575000e-08  3.29992814e+00 
 4.51675000e-08  3.29992482e+00 
 4.51837500e-08  3.29992023e+00 
 4.52000000e-08  3.29991679e+00 
 4.52025000e-08  3.29991685e+00 
 4.52075000e-08  3.29991725e+00 
 4.52175000e-08  3.29991979e+00 
 4.52337500e-08  3.29992696e+00 
 4.52500000e-08  3.29993671e+00 
 4.52525000e-08  3.29993848e+00 
 4.52575000e-08  3.29994201e+00 
 4.52675000e-08  3.29995031e+00 
 4.52837500e-08  3.29996765e+00 
 4.53000000e-08  3.29998650e+00 
 4.53025000e-08  3.29998910e+00 
 4.53075000e-08  3.29999385e+00 
 4.53175000e-08  3.30000102e+00 
 4.53337500e-08  3.30000687e+00 
 4.53500000e-08  3.30000292e+00 
 4.53525000e-08  3.30000182e+00 
 4.53575000e-08  3.29999955e+00 
 4.53675000e-08  3.29999560e+00 
 4.53837500e-08  3.29999016e+00 
 4.54000000e-08  3.29998533e+00 
 4.54025000e-08  3.29998433e+00 
 4.54075000e-08  3.29998214e+00 
 4.54175000e-08  3.29997555e+00 
 4.54337500e-08  3.29996064e+00 
 4.54500000e-08  3.29994910e+00 
 4.54525000e-08  3.29994961e+00 
 4.54575000e-08  3.29995132e+00 
 4.54675000e-08  3.29995632e+00 
 4.54837500e-08  3.29996813e+00 
 4.55000000e-08  3.29998848e+00 
 4.55025000e-08  3.29999273e+00 
 4.55075000e-08  3.30000257e+00 
 4.55175000e-08  3.30002608e+00 
 4.55337500e-08  3.30005366e+00 
 4.55500000e-08  3.30004463e+00 
 4.55525000e-08  3.30003812e+00 
 4.55575000e-08  3.30002237e+00 
 4.55675000e-08  3.29997889e+00 
 4.55837500e-08  3.29989043e+00 
 4.56000000e-08  3.29980531e+00 
 4.56025000e-08  3.29979550e+00 
 4.56075000e-08  3.29977643e+00 
 4.56175000e-08  3.29974432e+00 
 4.56337500e-08  3.29972373e+00 
 4.56500000e-08  3.29973679e+00 
 4.56525000e-08  3.29974179e+00 
 4.56575000e-08  3.29975296e+00 
 4.56675000e-08  3.29978855e+00 
 4.56837500e-08  3.29984603e+00 
 4.57000000e-08  3.29988436e+00 
 4.57025000e-08  3.29988791e+00 
 4.57075000e-08  3.29989327e+00 
 4.57175000e-08  3.29990616e+00 
 4.57337500e-08  3.29993739e+00 
 4.57500000e-08  3.29997261e+00 
 4.57525000e-08  3.29997740e+00 
 4.57575000e-08  3.29998584e+00 
 4.57675000e-08  3.29999766e+00 
 4.57837500e-08  3.30000626e+00 
 4.58000000e-08  3.30000312e+00 
 4.58025000e-08  3.30000177e+00 
 4.58075000e-08  3.29999853e+00 
 4.58175000e-08  3.29998988e+00 
 4.58337500e-08  3.29996867e+00 
 4.58500000e-08  3.29993680e+00 
 4.58525000e-08  3.29993087e+00 
 4.58575000e-08  3.29991737e+00 
 4.58675000e-08  3.29988535e+00 
 4.58837500e-08  3.29981577e+00 
 4.59000000e-08  3.29972952e+00 
 4.59025000e-08  3.29971763e+00 
 4.59075000e-08  3.29969433e+00 
 4.59175000e-08  3.29966142e+00 
 4.59337500e-08  3.29964604e+00 
 4.59500000e-08  3.29966634e+00 
 4.59525000e-08  3.29967237e+00 
 4.59575000e-08  3.29968436e+00 
 4.59675000e-08  3.29971512e+00 
 4.59837500e-08  3.29978959e+00 
 4.60000000e-08  3.29991673e+00 
 4.60025000e-08  3.29994337e+00 
 4.60075000e-08  3.30000099e+00 
 4.60175000e-08  3.30015731e+00 
 4.60337500e-08  3.30047083e+00 
 4.60500000e-08  3.30084040e+00 
 4.60525000e-08  3.30090012e+00 
 4.60575000e-08  3.30102036e+00 
 4.60675000e-08  3.30125700e+00 
 4.60837500e-08  3.30162516e+00 
 4.61000000e-08  3.30199163e+00 
 4.61025000e-08  3.30204872e+00 
 4.61075000e-08  3.30216301e+00 
 4.61175000e-08  3.30240063e+00 
 4.61337500e-08  3.30279633e+00 
 4.61500000e-08  3.30320122e+00 
 4.61525000e-08  3.30326456e+00 
 4.61575000e-08  3.30339304e+00 
 4.61675000e-08  3.30365414e+00 
 4.61837500e-08  3.30406129e+00 
 4.62000000e-08  3.30440592e+00 
 4.62025000e-08  3.30444932e+00 
 4.62075000e-08  3.30453455e+00 
 4.62175000e-08  3.30469781e+00 
 4.62337500e-08  3.30497453e+00 
 4.62500000e-08  3.30530759e+00 
 4.62525000e-08  3.30536688e+00 
 4.62575000e-08  3.30549190e+00 
 4.62675000e-08  3.30577737e+00 
 4.62837500e-08  3.30634792e+00 
 4.63000000e-08  3.30707978e+00 
 4.63025000e-08  3.30721048e+00 
 4.63075000e-08  3.30748563e+00 
 4.63175000e-08  3.30811185e+00 
 4.63337500e-08  3.30939115e+00 
 4.63500000e-08  3.31112203e+00 
 4.63525000e-08  3.31144539e+00 
 4.63575000e-08  3.31213840e+00 
 4.63675000e-08  3.31375113e+00 
 4.63837500e-08  3.31692220e+00 
 4.64000000e-08  3.31949952e+00 
 4.64025000e-08  3.31962590e+00 
 4.64075000e-08  3.31955853e+00 
 4.64175000e-08  3.31692048e+00 
 4.64337500e-08  3.30264968e+00 
 4.64500000e-08  3.27475092e+00 
 4.64525000e-08  3.26871015e+00 
 4.64575000e-08  3.25569969e+00 
 4.64675000e-08  3.22390776e+00 
 4.64837500e-08  3.15366413e+00 
 4.65000000e-08  3.05345138e+00 
 4.65025000e-08  3.03421015e+00 
 4.65075000e-08  2.99304932e+00 
 4.65175000e-08  2.89128574e+00 
 4.65337500e-08  2.61087963e+00 
 4.65500000e-08  2.11203629e+00 
 4.65525000e-08  2.01203267e+00 
 4.65575000e-08  1.80208562e+00 
 4.65675000e-08  1.32787557e+00 
 4.65837500e-08  5.82836033e-01 
 4.66000000e-08  1.58740016e-01 
 4.66022545e-08  1.35736826e-01 
 4.66067636e-08  9.74482163e-02 
 4.66157817e-08  5.42742026e-02 
 4.66328909e-08  2.49297448e-02 
 4.66500000e-08  1.59668321e-02 
 4.66525000e-08  1.50564346e-02 
 4.66575000e-08  1.33133904e-02 
 4.66675000e-08  1.04010548e-02 
 4.66837500e-08  6.94991061e-03 
 4.67000000e-08  4.62149393e-03 
 4.67025000e-08  4.34552157e-03 
 4.67075000e-08  3.82518664e-03 
 4.67175000e-08  2.95394369e-03 
 4.67337500e-08  1.92213252e-03 
 4.67500000e-08  1.24608150e-03 
 4.67525000e-08  1.16919188e-03 
 4.67575000e-08  1.02575274e-03 
 4.67675000e-08  7.91494299e-04 
 4.67837500e-08  5.25080260e-04 
 4.68000000e-08  3.58143245e-04 
 4.68025000e-08  3.39379367e-04 
 4.68075000e-08  3.04484301e-04 
 4.68175000e-08  2.47135678e-04 
 4.68337500e-08  1.80409812e-04 
 4.68500000e-08  1.36611156e-04 
 4.68525000e-08  1.31572543e-04 
 4.68575000e-08  1.22176584e-04 
 4.68675000e-08  1.06620728e-04 
 4.68837500e-08  8.77604565e-05 
 4.69000000e-08  7.41646169e-05 
 4.69025000e-08  7.23812803e-05 
 4.69075000e-08  6.88775209e-05 
 4.69175000e-08  6.23038084e-05 
 4.69337500e-08  5.28189839e-05 
 4.69500000e-08  4.47234382e-05 
 4.69525000e-08  4.35172853e-05 
 4.69575000e-08  4.11271153e-05 
 4.69675000e-08  3.66286805e-05 
 4.69837500e-08  3.09969061e-05 
 4.70000000e-08  2.51642187e-05 
 4.70025000e-08  2.38250381e-05 
 4.70075000e-08  2.07700435e-05 
 4.70175000e-08  1.45488518e-05 
 4.70337500e-08  7.55171789e-06 
 4.70500000e-08  5.79582077e-06 
 4.70525000e-08  5.91008779e-06 
 4.70575000e-08  6.13120825e-06 
 4.70675000e-08  6.91861607e-06 
 4.70837500e-08  8.40109791e-06 
 4.71000000e-08  9.73940813e-06 
 4.71025000e-08  9.98477447e-06 
 4.71075000e-08  1.04103987e-05 
 4.71175000e-08  1.13174229e-05 
 4.71337500e-08  1.20123807e-05 
 4.71500000e-08  1.03195650e-05 
 4.71525000e-08  9.70893673e-06 
 4.71575000e-08  8.18089090e-06 
 4.71675000e-08  4.17833253e-06 
 4.71837500e-08 -3.04197453e-06 
 4.72000000e-08 -8.59712409e-06 
 4.72025000e-08 -8.87011071e-06 
 4.72075000e-08 -9.02104160e-06 
 4.72175000e-08 -8.85597901e-06 
 4.72337500e-08 -7.42191376e-06 
 4.72500000e-08 -4.53840153e-06 
 4.72525000e-08 -3.99076303e-06 
 4.72575000e-08 -2.92110285e-06 
 4.72675000e-08  6.78765797e-07 
 4.72837500e-08  4.57608212e-06 
 4.73000000e-08  8.12735507e-06 
 4.73025000e-08  8.74761303e-06 
 4.73075000e-08  9.80499554e-06 
 4.73175000e-08  1.11395417e-05 
 4.73337500e-08  1.20307354e-05 
 4.73500000e-08  1.19981762e-05 
 4.73525000e-08  1.19325721e-05 
 4.73575000e-08  1.17330473e-05 
 4.73675000e-08  1.10206774e-05 
 4.73837500e-08  9.09171106e-06 
 4.74000000e-08  6.38084442e-06 
 4.74025000e-08  5.88017523e-06 
 4.74075000e-08  4.77310120e-06 
 4.74175000e-08  2.26227704e-06 
 4.74337500e-08 -1.49843816e-06 
 4.74500000e-08 -6.44814909e-06 
 4.74525000e-08 -7.38381075e-06 
 4.74575000e-08 -9.71879310e-06 
 4.74675000e-08 -1.49383312e-05 
 4.74837500e-08 -2.36074522e-05 
 4.75000000e-08 -2.70120821e-05 
 4.75025000e-08 -2.65376102e-05 
 4.75075000e-08 -2.56453010e-05 
 4.75175000e-08 -2.17656804e-05 
 4.75337500e-08 -1.05937339e-05 
 4.75500000e-08  9.65960228e-06 
 4.75525000e-08  1.39953641e-05 
 4.75575000e-08  2.34111333e-05 
 4.75675000e-08  4.56120179e-05 
 4.75837500e-08  8.25765405e-05 
 4.76000000e-08  1.16205286e-04 
 4.76025000e-08  1.18912752e-04 
 4.76075000e-08  1.23537342e-04 
 4.76175000e-08  1.28990697e-04 
 4.76337500e-08  1.28010640e-04 
 4.76500000e-08  1.16532518e-04 
 4.76525000e-08  1.14594396e-04 
 4.76575000e-08  1.10759170e-04 
 4.76675000e-08  1.04565350e-04 
 4.76837500e-08  9.33663537e-05 
 4.77000000e-08  7.38825597e-05 
 4.77025000e-08  6.83535525e-05 
 4.77075000e-08  5.71129142e-05 
 4.77175000e-08  3.28946647e-05 
 4.77337500e-08  1.50952782e-07 
 4.77500000e-08 -1.48095294e-05 
 4.77525000e-08 -1.47591853e-05 
 4.77575000e-08 -1.32266573e-05 
 4.77675000e-08 -4.51080661e-06 
 4.77837500e-08  2.23591394e-05 
 4.78000000e-08  6.99173916e-05 
 4.78025000e-08  7.91350350e-05 
 4.78075000e-08  9.95929653e-05 
 4.78175000e-08  1.40720489e-04 
 4.78337500e-08  1.86512925e-04 
 4.78500000e-08  1.80532723e-04 
 4.78525000e-08  1.72406122e-04 
 4.78575000e-08  1.51492817e-04 
 4.78675000e-08  7.31296073e-05 
 4.78837500e-08 -1.89873785e-04 
 4.79000000e-08 -6.30457552e-04 
 4.79025000e-08 -7.12977104e-04 
 4.79075000e-08 -8.82746012e-04 
 4.79175000e-08 -1.19505009e-03 
 4.79337500e-08 -1.75015742e-03 
 4.79500000e-08 -2.32925339e-03 
 4.79525000e-08 -2.41278903e-03 
 4.79575000e-08 -2.57880267e-03 
 4.79675000e-08 -2.90253433e-03 
 4.79837500e-08 -3.41106791e-03 
 4.80000000e-08 -3.91363684e-03 
 4.80025000e-08 -3.99159035e-03 
 4.80075000e-08 -4.15037151e-03 
 4.80175000e-08 -4.47382652e-03 
 4.80337500e-08 -5.03802421e-03 
 4.80500000e-08 -5.67513136e-03 
 4.80525000e-08 -5.77941091e-03 
 4.80575000e-08 -6.00106245e-03 
 4.80675000e-08 -6.47465057e-03 
 4.80837500e-08 -7.36907445e-03 
 4.81000000e-08 -8.53086572e-03 
 4.81025000e-08 -8.73577420e-03 
 4.81075000e-08 -9.19585766e-03 
 4.81175000e-08 -1.02099873e-02 
 4.81337500e-08 -1.20175024e-02 
 4.81500000e-08 -1.32067245e-02 
 4.81525000e-08 -1.31925683e-02 
 4.81575000e-08 -1.29892322e-02 
 4.81675000e-08 -1.11581206e-02 
 4.81837500e-08 -2.78578345e-03 
 4.82000000e-08  1.34888777e-02 
 4.82025000e-08  1.69525680e-02 
 4.82075000e-08  2.44399266e-02 
 4.82175000e-08  4.29698940e-02 
 4.82337500e-08  8.50167851e-02 
 4.82500000e-08  1.47017198e-01 
 4.82525000e-08  1.59102135e-01 
 4.82575000e-08  1.84989339e-01 
 4.82675000e-08  2.48819417e-01 
 4.82837500e-08  4.08494459e-01 
 4.83000000e-08  7.15746558e-01 
 4.83025000e-08  7.83729905e-01 
 4.83075000e-08  9.30135786e-01 
 4.83175000e-08  1.28129146e+00 
 4.83337500e-08  1.98748915e+00 
 4.83500000e-08  2.63116388e+00 
 4.83525000e-08  2.70334154e+00 
 4.83575000e-08  2.83214977e+00 
 4.83675000e-08  3.01645890e+00 
 4.83837500e-08  3.17512344e+00 
 4.84000000e-08  3.23770643e+00 
 4.84025000e-08  3.24249478e+00 
 4.84075000e-08  3.25111028e+00 
 4.84175000e-08  3.26382058e+00 
 4.84337500e-08  3.27679151e+00 
 4.84500000e-08  3.28451840e+00 
 4.84525000e-08  3.28538390e+00 
 4.84575000e-08  3.28701133e+00 
 4.84675000e-08  3.28970637e+00 
 4.84837500e-08  3.29285202e+00 
 4.85000000e-08  3.29489899e+00 
 4.85025000e-08  3.29513191e+00 
 4.85075000e-08  3.29557010e+00 
 4.85175000e-08  3.29630014e+00 
 4.85337500e-08  3.29716975e+00 
 4.85500000e-08  3.29776536e+00 
 4.85525000e-08  3.29783706e+00 
 4.85575000e-08  3.29797396e+00 
 4.85675000e-08  3.29821375e+00 
 4.85837500e-08  3.29852950e+00 
 4.86000000e-08  3.29877191e+00 
 4.86025000e-08  3.29880222e+00 
 4.86075000e-08  3.29885841e+00 
 4.86175000e-08  3.29896472e+00 
 4.86337500e-08  3.29914545e+00 
 4.86500000e-08  3.29933326e+00 
 4.86525000e-08  3.29936067e+00 
 4.86575000e-08  3.29941333e+00 
 4.86675000e-08  3.29950855e+00 
 4.86837500e-08  3.29963687e+00 
 4.87000000e-08  3.29973822e+00 
 4.87025000e-08  3.29975103e+00 
 4.87075000e-08  3.29977524e+00 
 4.87175000e-08  3.29981672e+00 
 4.87337500e-08  3.29986579e+00 
 4.87500000e-08  3.29989641e+00 
 4.87525000e-08  3.29989970e+00 
 4.87575000e-08  3.29990540e+00 
 4.87675000e-08  3.29991436e+00 
 4.87837500e-08  3.29992437e+00 
 4.88000000e-08  3.29993069e+00 
 4.88025000e-08  3.29993166e+00 
 4.88075000e-08  3.29993330e+00 
 4.88175000e-08  3.29993678e+00 
 4.88337500e-08  3.29994372e+00 
 4.88500000e-08  3.29995111e+00 
 4.88525000e-08  3.29995270e+00 
 4.88575000e-08  3.29995638e+00 
 4.88675000e-08  3.29996612e+00 
 4.88837500e-08  3.29998022e+00 
 4.89000000e-08  3.29998014e+00 
 4.89025000e-08  3.29997858e+00 
 4.89075000e-08  3.29997536e+00 
 4.89175000e-08  3.29996815e+00 
 4.89337500e-08  3.29995587e+00 
 4.89500000e-08  3.29994496e+00 
 4.89525000e-08  3.29994365e+00 
 4.89575000e-08  3.29994118e+00 
 4.89675000e-08  3.29993711e+00 
 4.89837500e-08  3.29993217e+00 
 4.90000000e-08  3.29992873e+00 
 4.90025000e-08  3.29992825e+00 
 4.90075000e-08  3.29992699e+00 
 4.90175000e-08  3.29992382e+00 
 4.90337500e-08  3.29991960e+00 
 4.90500000e-08  3.29991868e+00 
 4.90525000e-08  3.29991904e+00 
 4.90575000e-08  3.29991992e+00 
 4.90675000e-08  3.29992332e+00 
 4.90837500e-08  3.29993170e+00 
 4.91000000e-08  3.29994376e+00 
 4.91025000e-08  3.29994622e+00 
 4.91075000e-08  3.29995150e+00 
 4.91175000e-08  3.29996389e+00 
 4.91337500e-08  3.29998468e+00 
 4.91500000e-08  3.30000041e+00 
 4.91525000e-08  3.30000186e+00 
 4.91575000e-08  3.30000396e+00 
 4.91675000e-08  3.30000509e+00 
 4.91837500e-08  3.30000108e+00 
 4.92000000e-08  3.29999387e+00 
 4.92025000e-08  3.29999289e+00 
 4.92075000e-08  3.29999134e+00 
 4.92175000e-08  3.29998931e+00 
 4.92337500e-08  3.29998592e+00 
 4.92500000e-08  3.29998096e+00 
 4.92525000e-08  3.29997959e+00 
 4.92575000e-08  3.29997653e+00 
 4.92675000e-08  3.29996841e+00 
 4.92837500e-08  3.29995534e+00 
 4.93000000e-08  3.29995677e+00 
 4.93025000e-08  3.29995717e+00 
 4.93075000e-08  3.29995811e+00 
 4.93175000e-08  3.29996143e+00 
 4.93337500e-08  3.29997540e+00 
 4.93500000e-08  3.30000513e+00 
 4.93525000e-08  3.30001150e+00 
 4.93575000e-08  3.30002466e+00 
 4.93675000e-08  3.30004648e+00 
 4.93837500e-08  3.30005265e+00 
 4.94000000e-08  3.30000968e+00 
 4.94025000e-08  3.29999788e+00 
 4.94075000e-08  3.29997464e+00 
 4.94175000e-08  3.29991925e+00 
 4.94337500e-08  3.29982830e+00 
 4.94500000e-08  3.29976349e+00 
 4.94525000e-08  3.29975590e+00 
 4.94575000e-08  3.29974176e+00 
 4.94675000e-08  3.29972485e+00 
 4.94837500e-08  3.29972672e+00 
 4.95000000e-08  3.29975958e+00 
 4.95025000e-08  3.29977073e+00 
 4.95075000e-08  3.29979226e+00 
 4.95175000e-08  3.29983059e+00 
 4.95337500e-08  3.29988021e+00 
 4.95500000e-08  3.29990669e+00 
 4.95525000e-08  3.29991004e+00 
 4.95575000e-08  3.29991626e+00 
 4.95675000e-08  3.29993238e+00 
 4.95837500e-08  3.29996346e+00 
 4.96000000e-08  3.29999003e+00 
 4.96025000e-08  3.29999308e+00 
 4.96075000e-08  3.29999829e+00 
 4.96175000e-08  3.30000521e+00 
 4.96337500e-08  3.30000547e+00 
 4.96500000e-08  3.29999527e+00 
 4.96525000e-08  3.29999321e+00 
 4.96575000e-08  3.29998829e+00 
 4.96675000e-08  3.29997558e+00 
 4.96837500e-08  3.29994677e+00 
 4.97000000e-08  3.29990390e+00 
 4.97025000e-08  3.29989575e+00 
 4.97075000e-08  3.29987699e+00 
 4.97175000e-08  3.29983287e+00 
 4.97337500e-08  3.29974731e+00 
 4.97500000e-08  3.29967219e+00 
 4.97525000e-08  3.29966540e+00 
 4.97575000e-08  3.29965343e+00 
 4.97675000e-08  3.29964444e+00 
 4.97837500e-08  3.29965940e+00 
 4.98000000e-08  3.29969925e+00 
 4.98025000e-08  3.29970763e+00 
 4.98075000e-08  3.29972448e+00 
 4.98175000e-08  3.29976682e+00 
 4.98337500e-08  3.29987505e+00 
 4.98500000e-08  3.30005936e+00 
 4.98525000e-08  3.30010108e+00 
 4.98575000e-08  3.30018810e+00 
 4.98675000e-08  3.30038386e+00 
 4.98837500e-08  3.30074737e+00 
 4.99000000e-08  3.30113874e+00 
 4.99025000e-08  3.30119547e+00 
 4.99075000e-08  3.30131018e+00 
 4.99175000e-08  3.30153690e+00 
 4.99337500e-08  3.30190444e+00 
 4.99500000e-08  3.30227968e+00 
 4.99525000e-08  3.30233875e+00 
 4.99575000e-08  3.30245788e+00 
 4.99675000e-08  3.30269938e+00 
 4.99837500e-08  3.30309886e+00 
 5.00000000e-08  3.30351253e+00 
 5.00025000e-08  3.30357696e+00 
 5.00075000e-08  3.30370710e+00 
 5.00175000e-08  3.30396036e+00 
 5.00337500e-08  3.30431995e+00 
 5.00500000e-08  3.30460827e+00 
 5.00525000e-08  3.30464687e+00 
 5.00575000e-08  3.30472500e+00 
 5.00675000e-08  3.30488897e+00 
 5.00837500e-08  3.30520042e+00 
 5.01000000e-08  3.30559893e+00 
 5.01025000e-08  3.30567053e+00 
 5.01075000e-08  3.30582126e+00 
 5.01175000e-08  3.30616482e+00 
 5.01337500e-08  3.30685448e+00 
 5.01500000e-08  3.30774785e+00 
 5.01525000e-08  3.30790897e+00 
 5.01575000e-08  3.30824946e+00 
 5.01675000e-08  3.30902824e+00 
 5.01837500e-08  3.31063112e+00 
 5.02000000e-08  3.31282615e+00 
 5.02025000e-08  3.31323448e+00 
 5.02075000e-08  3.31410686e+00 
 5.02175000e-08  3.31606323e+00 
 5.02337500e-08  3.31906485e+00 
 5.02500000e-08  3.31868678e+00 
 5.02525000e-08  3.31792812e+00 
 5.02575000e-08  3.31584209e+00 
 5.02675000e-08  3.30783399e+00 
 5.02837500e-08  3.28354180e+00 
 5.03000000e-08  3.24241189e+00 
 5.03025000e-08  3.23407229e+00 
 5.03075000e-08  3.21634392e+00 
 5.03175000e-08  3.17419030e+00 
 5.03337500e-08  3.08258062e+00 
 5.03500000e-08  2.94916039e+00 
 5.03525000e-08  2.92269471e+00 
 5.03575000e-08  2.86464751e+00 
 5.03675000e-08  2.70585067e+00 
 5.03837500e-08  2.26264198e+00 
 5.04000000e-08  1.59643421e+00 
 5.04025000e-08  1.47357061e+00 
 5.04075000e-08  1.22110827e+00 
 5.04175000e-08  7.29834840e-01 
 5.04318944e-08  2.57648368e-01 
 5.04409472e-08  1.24647180e-01 
 5.04500000e-08  6.58387075e-02 
 5.04518106e-08  5.98738711e-02 
 5.04554317e-08  4.95140878e-02 
 5.04626739e-08  3.58184705e-02 
 5.04771584e-08  2.14098121e-02 
 5.05000000e-08  1.14804064e-02 
 5.05025000e-08  1.08769334e-02 
 5.05075000e-08  9.70285250e-03 
 5.05175000e-08  7.64358980e-03 
 5.05337500e-08  5.10303102e-03 
 5.05500000e-08  3.36216931e-03 
 5.05525000e-08  3.15764955e-03 
 5.05575000e-08  2.77294011e-03 
 5.05675000e-08  2.13279430e-03 
 5.05837500e-08  1.38294145e-03 
 5.06000000e-08  8.98640401e-04 
 5.06025000e-08  8.44162220e-04 
 5.06075000e-08  7.42875563e-04 
 5.06175000e-08  5.78316010e-04 
 5.06337500e-08  3.91930604e-04 
 5.06500000e-08  2.73964268e-04 
 5.06525000e-08  2.60541231e-04 
 5.06575000e-08  2.35519743e-04 
 5.06675000e-08  1.94277275e-04 
 5.06837500e-08  1.45993271e-04 
 5.07000000e-08  1.13915003e-04 
 5.07025000e-08  1.10134324e-04 
 5.07075000e-08  1.03003170e-04 
 5.07175000e-08  9.09405757e-05 
 5.07337500e-08  7.59011089e-05 
 5.07500000e-08  6.45917258e-05 
 5.07525000e-08  6.31157858e-05 
 5.07575000e-08  6.02445818e-05 
 5.07675000e-08  5.50021696e-05 
 5.07837500e-08  4.73732069e-05 
 5.08000000e-08  4.01838031e-05 
 5.08025000e-08  3.91791307e-05 
 5.08075000e-08  3.71929038e-05 
 5.08175000e-08  3.35988726e-05 
 5.08337500e-08  2.82689924e-05 
 5.08500000e-08  1.91365023e-05 
 5.08525000e-08  1.75039635e-05 
 5.08575000e-08  1.42123751e-05 
 5.08675000e-08  9.41274221e-06 
 5.08837500e-08  6.11056592e-06 
 5.09000000e-08  6.35656484e-06 
 5.09025000e-08  6.59217486e-06 
 5.09075000e-08  6.99407683e-06 
 5.09175000e-08  7.88078763e-06 
 5.09337500e-08  9.20088402e-06 
 5.09500000e-08  1.05226331e-05 
 5.09525000e-08  1.07616076e-05 
 5.09575000e-08  1.11309830e-05 
 5.09675000e-08  1.15413303e-05 
 5.09837500e-08  1.03700413e-05 
 5.10000000e-08  6.22117690e-06 
 5.10025000e-08  5.32034917e-06 
 5.10075000e-08  3.37346112e-06 
 5.10175000e-08 -7.98500707e-07 
 5.10337500e-08 -6.71042555e-06 
 5.10500000e-08 -9.08370217e-06 
 5.10525000e-08 -9.14740696e-06 
 5.10575000e-08 -9.26397395e-06 
 5.10675000e-08 -9.03124228e-06 
 5.10837500e-08 -6.96751221e-06 
 5.11000000e-08 -2.79803096e-06 
 5.11025000e-08 -1.56054979e-06 
 5.11075000e-08  5.41570129e-07 
 5.11175000e-08  3.65131902e-06 
 5.11337500e-08  7.98862539e-06 
 5.11500000e-08  1.15567397e-05 
 5.11525000e-08  1.19077379e-05 
 5.11575000e-08  1.24469666e-05 
 5.11675000e-08  1.30770184e-05 
 5.11837500e-08  1.31908316e-05 
 5.12000000e-08  1.20882511e-05 
 5.12025000e-08  1.17406705e-05 
 5.12075000e-08  1.08775026e-05 
 5.12175000e-08  8.77543775e-06 
 5.12337500e-08  5.29864263e-06 
 5.12500000e-08  1.62803882e-06 
 5.12525000e-08  1.17616633e-06 
 5.12575000e-08  3.70748691e-07 
 5.12675000e-08 -1.02652742e-06 
 5.12837500e-08 -4.51125626e-06 
 5.13000000e-08 -1.08716866e-05 
 5.13025000e-08 -1.21898528e-05 
 5.13075000e-08 -1.53693062e-05 
 5.13175000e-08 -2.12675785e-05 
 5.13337500e-08 -2.63228482e-05 
 5.13500000e-08 -2.39831813e-05 
 5.13525000e-08 -2.27131958e-05 
 5.13575000e-08 -2.02265481e-05 
 5.13675000e-08 -1.31555708e-05 
 5.13837500e-08  5.19709526e-06 
 5.14000000e-08  3.42652486e-05 
 5.14025000e-08  3.97655301e-05 
 5.14075000e-08  5.09185981e-05 
 5.14175000e-08  7.32450524e-05 
 5.14337500e-08  1.07465399e-04 
 5.14500000e-08  1.26556397e-04 
 5.14525000e-08  1.27728346e-04 
 5.14575000e-08  1.29705144e-04 
 5.14675000e-08  1.30384669e-04 
 5.14837500e-08  1.20603289e-04 
 5.15000000e-08  1.09041291e-04 
 5.15025000e-08  1.07565627e-04 
 5.15075000e-08  1.04708230e-04 
 5.15175000e-08  9.78872776e-05 
 5.15337500e-08  8.02371221e-05 
 5.15500000e-08  4.58125571e-05 
 5.15525000e-08  3.89267235e-05 
 5.15575000e-08  2.60764835e-05 
 5.15675000e-08  5.01156633e-06 
 5.15837500e-08 -1.36236393e-05 
 5.16000000e-08 -1.07702859e-05 
 5.16025000e-08 -8.45691506e-06 
 5.16075000e-08 -2.35822726e-06 
 5.16175000e-08  1.46880813e-05 
 5.16337500e-08  5.81666402e-05 
 5.16500000e-08  1.22949124e-04 
 5.16525000e-08  1.32992500e-04 
 5.16575000e-08  1.52958470e-04 
 5.16675000e-08  1.82434574e-04 
 5.16837500e-08  1.88595670e-04 
 5.17000000e-08  1.15823194e-04 
 5.17025000e-08  9.33364477e-05 
 5.17075000e-08  4.03225964e-05 
 5.17175000e-08 -1.24493458e-04 
 5.17337500e-08 -5.39203223e-04 
 5.17500000e-08 -1.08087148e-03 
 5.17525000e-08 -1.15289410e-03 
 5.17575000e-08 -1.30918815e-03 
 5.17675000e-08 -1.66172335e-03 
 5.17837500e-08 -2.24152561e-03 
 5.18000000e-08 -2.78372014e-03 
 5.18025000e-08 -2.86257980e-03 
 5.18075000e-08 -3.01974572e-03 
 5.18175000e-08 -3.32889993e-03 
 5.18337500e-08 -3.82743326e-03 
 5.18500000e-08 -4.34312514e-03 
 5.18525000e-08 -4.42252346e-03 
 5.18575000e-08 -4.58760614e-03 
 5.18675000e-08 -4.93577499e-03 
 5.18837500e-08 -5.55278457e-03 
 5.19000000e-08 -6.26213135e-03 
 5.19025000e-08 -6.37997974e-03 
 5.19075000e-08 -6.63475855e-03 
 5.19175000e-08 -7.18953998e-03 
 5.19337500e-08 -8.29001249e-03 
 5.19500000e-08 -9.76270093e-03 
 5.19525000e-08 -1.00163155e-02 
 5.19575000e-08 -1.05747060e-02 
 5.19675000e-08 -1.17192253e-02 
 5.19837500e-08 -1.31345114e-02 
 5.20000000e-08 -1.21110735e-02 
 5.20025000e-08 -1.15079202e-02 
 5.20075000e-08 -9.98504936e-03 
 5.20175000e-08 -4.82928468e-03 
 5.20337500e-08  1.00086377e-02 
 5.20500000e-08  3.48131486e-02 
 5.20525000e-08  3.98164227e-02 
 5.20575000e-08  5.05131667e-02 
 5.20675000e-08  7.63797884e-02 
 5.20837500e-08  1.34223379e-01 
 5.21000000e-08  2.20724100e-01 
 5.21025000e-08  2.37933850e-01 
 5.21075000e-08  2.75235457e-01 
 5.21175000e-08  3.71397037e-01 
 5.21337500e-08  6.46496291e-01 
 5.21500000e-08  1.12327248e+00 
 5.21525000e-08  1.21780803e+00 
 5.21575000e-08  1.41603031e+00 
 5.21675000e-08  1.85849823e+00 
 5.21837500e-08  2.53865174e+00 
 5.22000000e-08  2.95610321e+00 
 5.22025000e-08  2.99409712e+00 
 5.22075000e-08  3.06134699e+00 
 5.22175000e-08  3.15422167e+00 
 5.22337500e-08  3.23036404e+00 
 5.22500000e-08  3.26012316e+00 
 5.22525000e-08  3.26270245e+00 
 5.22575000e-08  3.26746388e+00 
 5.22675000e-08  3.27499977e+00 
 5.22837500e-08  3.28342182e+00 
 5.23000000e-08  3.28877595e+00 
 5.23025000e-08  3.28938254e+00 
 5.23075000e-08  3.29052258e+00 
 5.23175000e-08  3.29240919e+00 
 5.23337500e-08  3.29461116e+00 
 5.23500000e-08  3.29604842e+00 
 5.23525000e-08  3.29621328e+00 
 5.23575000e-08  3.29652410e+00 
 5.23675000e-08  3.29704571e+00 
 5.23837500e-08  3.29767862e+00 
 5.24000000e-08  3.29812715e+00 
 5.24025000e-08  3.29818276e+00 
 5.24075000e-08  3.29828950e+00 
 5.24175000e-08  3.29847982e+00 
 5.24337500e-08  3.29873367e+00 
 5.24500000e-08  3.29892318e+00 
 5.24525000e-08  3.29894970e+00 
 5.24575000e-08  3.29900189e+00 
 5.24675000e-08  3.29911218e+00 
 5.24837500e-08  3.29929787e+00 
 5.25000000e-08  3.29946856e+00 
 5.25025000e-08  3.29949179e+00 
 5.25075000e-08  3.29953611e+00 
 5.25175000e-08  3.29961554e+00 
 5.25337500e-08  3.29972345e+00 
 5.25500000e-08  3.29980270e+00 
 5.25525000e-08  3.29981226e+00 
 5.25575000e-08  3.29982970e+00 
 5.25675000e-08  3.29985742e+00 
 5.25837500e-08  3.29988796e+00 
 5.26000000e-08  3.29990653e+00 
 5.26025000e-08  3.29990894e+00 
 5.26075000e-08  3.29991338e+00 
 5.26175000e-08  3.29992134e+00 
 5.26337500e-08  3.29993081e+00 
 5.26500000e-08  3.29993686e+00 
 5.26525000e-08  3.29993762e+00 
 5.26575000e-08  3.29993890e+00 
 5.26675000e-08  3.29994140e+00 
 5.26837500e-08  3.29994592e+00 
 5.27000000e-08  3.29995692e+00 
 5.27025000e-08  3.29995978e+00 
 5.27075000e-08  3.29996623e+00 
 5.27175000e-08  3.29997739e+00 
 5.27337500e-08  3.29998313e+00 
 5.27500000e-08  3.29997488e+00 
 5.27525000e-08  3.29997281e+00 
 5.27575000e-08  3.29996850e+00 
 5.27675000e-08  3.29995959e+00 
 5.27837500e-08  3.29994670e+00 
 5.28000000e-08  3.29993713e+00 
 5.28025000e-08  3.29993614e+00 
 5.28075000e-08  3.29993434e+00 
 5.28175000e-08  3.29993172e+00 
 5.28337500e-08  3.29992870e+00 
 5.28500000e-08  3.29992613e+00 
 5.28525000e-08  3.29992569e+00 
 5.28575000e-08  3.29992438e+00 
 5.28675000e-08  3.29992191e+00 
 5.28837500e-08  3.29992022e+00 
 5.29000000e-08  3.29992254e+00 
 5.29025000e-08  3.29992346e+00 
 5.29075000e-08  3.29992529e+00 
 5.29175000e-08  3.29992999e+00 
 5.29337500e-08  3.29994062e+00 
 5.29500000e-08  3.29995620e+00 
 5.29525000e-08  3.29995928e+00 
 5.29575000e-08  3.29996578e+00 
 5.29675000e-08  3.29997951e+00 
 5.29837500e-08  3.29999799e+00 
 5.30000000e-08  3.30000813e+00 
 5.30025000e-08  3.30000845e+00 
 5.30075000e-08  3.30000841e+00 
 5.30175000e-08  3.30000448e+00 
 5.30337500e-08  3.29999593e+00 
 5.30500000e-08  3.29998893e+00 
 5.30525000e-08  3.29998817e+00 
 5.30575000e-08  3.29998692e+00 
 5.30675000e-08  3.29998514e+00 
 5.30837500e-08  3.29998135e+00 
 5.31000000e-08  3.29997274e+00 
 5.31025000e-08  3.29997048e+00 
 5.31075000e-08  3.29996592e+00 
 5.31175000e-08  3.29995718e+00 
 5.31337500e-08  3.29995539e+00 
 5.31500000e-08  3.29996020e+00 
 5.31525000e-08  3.29996114e+00 
 5.31575000e-08  3.29996385e+00 
 5.31675000e-08  3.29997346e+00 
 5.31837500e-08  3.30000126e+00 
 5.32000000e-08  3.30004068e+00 
 5.32025000e-08  3.30004513e+00 
 5.32075000e-08  3.30005228e+00 
 5.32175000e-08  3.30005373e+00 
 5.32337500e-08  3.30001703e+00 
 5.32500000e-08  3.29994120e+00 
 5.32525000e-08  3.29992679e+00 
 5.32575000e-08  3.29989786e+00 
 5.32675000e-08  3.29984224e+00 
 5.32837500e-08  3.29977521e+00 
 5.33000000e-08  3.29973236e+00 
 5.33025000e-08  3.29972989e+00 
 5.33075000e-08  3.29972689e+00 
 5.33175000e-08  3.29973023e+00 
 5.33337500e-08  3.29975783e+00 
 5.33500000e-08  3.29981825e+00 
 5.33525000e-08  3.29982642e+00 
 5.33575000e-08  3.29984164e+00 
 5.33675000e-08  3.29986783e+00 
 5.33837500e-08  3.29989390e+00 
 5.34000000e-08  3.29991549e+00 
 5.34025000e-08  3.29992174e+00 
 5.34075000e-08  3.29993378e+00 
 5.34175000e-08  3.29995674e+00 
 5.34337500e-08  3.29998633e+00 
 5.34500000e-08  3.30000377e+00 
 5.34525000e-08  3.30000529e+00 
 5.34575000e-08  3.30000736e+00 
 5.34675000e-08  3.30000791e+00 
 5.34837500e-08  3.30000007e+00 
 5.35000000e-08  3.29998423e+00 
 5.35025000e-08  3.29998084e+00 
 5.35075000e-08  3.29997288e+00 
 5.35175000e-08  3.29995308e+00 
 5.35337500e-08  3.29991079e+00 
 5.35500000e-08  3.29984969e+00 
 5.35525000e-08  3.29983863e+00 
 5.35575000e-08  3.29981386e+00 
 5.35675000e-08  3.29976107e+00 
 5.35837500e-08  3.29968394e+00 
 5.36000000e-08  3.29964646e+00 
 5.36025000e-08  3.29964612e+00 
 5.36075000e-08  3.29964607e+00 
 5.36175000e-08  3.29965539e+00 
 5.36337500e-08  3.29968963e+00 
 5.36500000e-08  3.29974760e+00 
 5.36525000e-08  3.29975966e+00 
 5.36575000e-08  3.29978543e+00 
 5.36675000e-08  3.29985349e+00 
 5.36837500e-08  3.30002461e+00 
 5.37000000e-08  3.30030233e+00 
 5.37025000e-08  3.30035255e+00 
 5.37075000e-08  3.30045605e+00 
 5.37175000e-08  3.30067917e+00 
 5.37337500e-08  3.30106407e+00 
 5.37500000e-08  3.30143816e+00 
 5.37525000e-08  3.30149015e+00 
 5.37575000e-08  3.30159712e+00 
 5.37675000e-08  3.30181723e+00 
 5.37837500e-08  3.30218044e+00 
 5.38000000e-08  3.30256549e+00 
 5.38025000e-08  3.30262646e+00 
 5.38075000e-08  3.30274880e+00 
 5.38175000e-08  3.30299757e+00 
 5.38337500e-08  3.30341281e+00 
 5.38500000e-08  3.30383531e+00 
 5.38525000e-08  3.30389773e+00 
 5.38575000e-08  3.30402105e+00 
 5.38675000e-08  3.30424591e+00 
 5.38837500e-08  3.30454929e+00 
 5.39000000e-08  3.30481269e+00 
 5.39025000e-08  3.30485271e+00 
 5.39075000e-08  3.30493587e+00 
 5.39175000e-08  3.30512175e+00 
 5.39337500e-08  3.30549455e+00 
 5.39500000e-08  3.30597989e+00 
 5.39525000e-08  3.30606717e+00 
 5.39575000e-08  3.30625078e+00 
 5.39675000e-08  3.30666763e+00 
 5.39837500e-08  3.30750215e+00 
 5.40000000e-08  3.30858988e+00 
 5.40025000e-08  3.30878664e+00 
 5.40075000e-08  3.30920421e+00 
 5.40175000e-08  3.31016880e+00 
 5.40337500e-08  3.31219320e+00 
 5.40500000e-08  3.31496977e+00 
 5.40525000e-08  3.31547158e+00 
 5.40575000e-08  3.31651116e+00 
 5.40675000e-08  3.31850619e+00 
 5.40837500e-08  3.31939884e+00 
 5.41000000e-08  3.31257433e+00 
 5.41025000e-08  3.31033276e+00 
 5.41075000e-08  3.30509964e+00 
 5.41175000e-08  3.29083533e+00 
 5.41337500e-08  3.25420055e+00 
 5.41500000e-08  3.19740276e+00 
 5.41525000e-08  3.18638297e+00 
 5.41575000e-08  3.16305831e+00 
 5.41675000e-08  3.10798223e+00 
 5.41837500e-08  2.98691347e+00 
 5.42000000e-08  2.79550042e+00 
 5.42025000e-08  2.75352472e+00 
 5.42075000e-08  2.65676952e+00 
 5.42175000e-08  2.39265349e+00 
 5.42337500e-08  1.77801319e+00 
 5.42500000e-08  9.84898936e-01 
 5.42525000e-08  8.58995830e-01 
 5.42575000e-08  6.29587939e-01 
 5.42675000e-08  3.02559371e-01 
 5.42837754e-08  7.57356119e-02 
 5.43000000e-08  3.23439589e-02 
 5.43025000e-08  3.03184803e-02 
 5.43075000e-08  2.63799640e-02 
 5.43175000e-08  1.99801489e-02 
 5.43337500e-08  1.29647005e-02 
 5.43500000e-08  8.69337846e-03 
 5.43525000e-08  8.19905881e-03 
 5.43575000e-08  7.26006042e-03 
 5.43675000e-08  5.66967755e-03 
 5.43837500e-08  3.74893222e-03 
 5.44000000e-08  2.44963968e-03 
 5.44025000e-08  2.29887165e-03 
 5.44075000e-08  2.01596933e-03 
 5.44175000e-08  1.54809286e-03 
 5.44337500e-08  1.00552124e-03 
 5.44500000e-08  6.59421701e-04 
 5.44525000e-08  6.20859850e-04 
 5.44575000e-08  5.49328623e-04 
 5.44675000e-08  4.33119145e-04 
 5.44837500e-08  3.00638181e-04 
 5.45000000e-08  2.15419845e-04 
 5.45025000e-08  2.05677274e-04 
 5.45075000e-08  1.87498655e-04 
 5.45175000e-08  1.57458648e-04 
 5.45337500e-08  1.21920772e-04 
 5.45500000e-08  9.78824941e-05 
 5.45525000e-08  9.49275314e-05 
 5.45575000e-08  8.92172343e-05 
 5.45675000e-08  7.91422935e-05 
 5.45837500e-08  6.61532536e-05 
 5.46000000e-08  5.60486116e-05 
 5.46025000e-08  5.47209026e-05 
 5.46075000e-08  5.22291826e-05 
 5.46175000e-08  4.77985583e-05 
 5.46337500e-08  4.10732439e-05 
 5.46500000e-08  3.50413209e-05 
 5.46525000e-08  3.42192054e-05 
 5.46575000e-08  3.28255435e-05 
 5.46675000e-08  2.98081873e-05 
 5.46837500e-08  2.18897919e-05 
 5.47000000e-08  1.14422231e-05 
 5.47025000e-08  1.05174550e-05 
 5.47075000e-08  8.79765695e-06 
 5.47175000e-08  6.93754597e-06 
 5.47337500e-08  6.77950231e-06 
 5.47500000e-08  8.11385893e-06 
 5.47525000e-08  8.37494010e-06 
 5.47575000e-08  8.78040455e-06 
 5.47675000e-08  9.54496463e-06 
 5.47837500e-08  1.06532010e-05 
 5.48000000e-08  1.18389643e-05 
 5.48025000e-08  1.19451744e-05 
 5.48075000e-08  1.19097826e-05 
 5.48175000e-08  1.10340522e-05 
 5.48337500e-08  7.54079854e-06 
 5.48500000e-08  1.59362171e-06 
 5.48525000e-08  5.32832202e-07 
 5.48575000e-08 -1.70922043e-06 
 5.48675000e-08 -5.68306505e-06 
 5.48837500e-08 -9.39780248e-06 
 5.49000000e-08 -9.74736427e-06 
 5.49025000e-08 -9.50863314e-06 
 5.49075000e-08 -8.86074090e-06 
 5.49175000e-08 -6.83087922e-06 
 5.49337500e-08 -2.63713112e-06 
 5.49500000e-08  3.68230677e-06 
 5.49525000e-08  4.17601922e-06 
 5.49575000e-08  5.09298460e-06 
 5.49675000e-08  6.91113237e-06 
 5.49837500e-08  9.97649039e-06 
 5.50000000e-08  1.15818007e-05 
 5.50025000e-08  1.17406363e-05 
 5.50075000e-08  1.20049265e-05 
 5.50175000e-08  1.22728061e-05 
 5.50337500e-08  1.17486538e-05 
 5.50500000e-08  1.01176621e-05 
 5.50525000e-08  9.80135935e-06 
 5.50575000e-08  9.10253715e-06 
 5.50675000e-08  7.54244175e-06 
 5.50837500e-08  4.40045082e-06 
 5.51000000e-08  8.17950414e-07 
 5.51025000e-08  2.92779090e-07 
 5.51075000e-08 -1.10953849e-06 
 5.51175000e-08 -4.43278503e-06 
 5.51337500e-08 -1.08021231e-05 
 5.51500000e-08 -1.95092506e-05 
 5.51525000e-08 -2.06880623e-05 
 5.51575000e-08 -2.30783491e-05 
 5.51675000e-08 -2.54565592e-05 
 5.51837500e-08 -2.38312567e-05 
 5.52000000e-08 -1.64109905e-05 
 5.52025000e-08 -1.46531625e-05 
 5.52075000e-08 -1.12087038e-05 
 5.52175000e-08 -1.76795778e-06 
 5.52337500e-08  2.25866887e-05 
 5.52500000e-08  5.77476438e-05 
 5.52525000e-08  6.35075057e-05 
 5.52575000e-08  7.47514677e-05 
 5.52675000e-08  9.70197591e-05 
 5.52837500e-08  1.23186560e-04 
 5.53000000e-08  1.30161054e-04 
 5.53025000e-08  1.30162089e-04 
 5.53075000e-08  1.28182969e-04 
 5.53175000e-08  1.23077394e-04 
 5.53337500e-08  1.10828131e-04 
 5.53500000e-08  1.00632789e-04 
 5.53525000e-08  9.93951372e-05 
 5.53575000e-08  9.71971058e-05 
 5.53675000e-08  8.89918720e-05 
 5.53837500e-08  5.98737799e-05 
 5.54000000e-08  1.99467532e-05 
 5.54025000e-08  1.42980251e-05 
 5.54075000e-08  4.51282848e-06 
 5.54175000e-08 -8.43851119e-06 
 5.54337500e-08 -1.15625090e-05 
 5.54500000e-08  4.39387817e-06 
 5.54525000e-08  8.32607168e-06 
 5.54575000e-08  1.78634202e-05 
 5.54675000e-08  4.31543578e-05 
 5.54837500e-08  1.01685657e-04 
 5.55000000e-08  1.65987095e-04 
 5.55025000e-08  1.72890434e-04 
 5.55075000e-08  1.84836224e-04 
 5.55175000e-08  1.92258082e-04 
 5.55337500e-08  1.46558355e-04 
 5.55500000e-08 -1.43389302e-05 
 5.55525000e-08 -5.73584013e-05 
 5.55575000e-08 -1.52357023e-04 
 5.55675000e-08 -3.96344832e-04 
 5.55837500e-08 -9.12672342e-04 
 5.56000000e-08 -1.42926145e-03 
 5.56025000e-08 -1.51920110e-03 
 5.56075000e-08 -1.69941911e-03 
 5.56175000e-08 -2.05641463e-03 
 5.56337500e-08 -2.60912333e-03 
 5.56500000e-08 -3.12863105e-03 
 5.56525000e-08 -3.20529393e-03 
 5.56575000e-08 -3.35932939e-03 
 5.56675000e-08 -3.66620135e-03 
 5.56837500e-08 -4.17836335e-03 
 5.57000000e-08 -4.71646249e-03 
 5.57025000e-08 -4.80303153e-03 
 5.57075000e-08 -4.98301678e-03 
 5.57175000e-08 -5.36152480e-03 
 5.57337500e-08 -6.04108485e-03 
 5.57500000e-08 -6.84437461e-03 
 5.57525000e-08 -6.98012997e-03 
 5.57575000e-08 -7.27926838e-03 
 5.57675000e-08 -7.94460886e-03 
 5.57837500e-08 -9.29414192e-03 
 5.58000000e-08 -1.10283863e-02 
 5.58025000e-08 -1.13051165e-02 
 5.58075000e-08 -1.18890779e-02 
 5.58175000e-08 -1.28857466e-02 
 5.58337500e-08 -1.28777309e-02 
 5.58500000e-08 -8.31540660e-03 
 5.58525000e-08 -6.95424992e-03 
 5.58575000e-08 -3.83882965e-03 
 5.58675000e-08  4.65594201e-03 
 5.58837500e-08  2.61930029e-02 
 5.59000000e-08  5.99691062e-02 
 5.59025000e-08  6.65829960e-02 
 5.59075000e-08  8.06811077e-02 
 5.59175000e-08  1.14611373e-01 
 5.59337500e-08  1.91259797e-01 
 5.59500000e-08  3.10224164e-01 
 5.59525000e-08  3.34748951e-01 
 5.59575000e-08  3.89095018e-01 
 5.59675000e-08  5.41069402e-01 
 5.59837500e-08  9.56043417e-01 
 5.60000000e-08  1.57549512e+00 
 5.60025000e-08  1.68893583e+00 
 5.60075000e-08  1.92106104e+00 
 5.60175000e-08  2.37162197e+00 
 5.60337500e-08  2.86585744e+00 
 5.60500000e-08  3.11003466e+00 
 5.60525000e-08  3.13012046e+00 
 5.60575000e-08  3.16550482e+00 
 5.60675000e-08  3.21359200e+00 
 5.60837500e-08  3.25345350e+00 
 5.61000000e-08  3.27099234e+00 
 5.61025000e-08  3.27272748e+00 
 5.61075000e-08  3.27597193e+00 
 5.61175000e-08  3.28127237e+00 
 5.61337500e-08  3.28739106e+00 
 5.61500000e-08  3.29134608e+00 
 5.61525000e-08  3.29179554e+00 
 5.61575000e-08  3.29263886e+00 
 5.61675000e-08  3.29403193e+00 
 5.61837500e-08  3.29566107e+00 
 5.62000000e-08  3.29673666e+00 
 5.62025000e-08  3.29686179e+00 
 5.62075000e-08  3.29709863e+00 
 5.62175000e-08  3.29750094e+00 
 5.62337500e-08  3.29800036e+00 
 5.62500000e-08  3.29836635e+00 
 5.62525000e-08  3.29841288e+00 
 5.62575000e-08  3.29850241e+00 
 5.62675000e-08  3.29866280e+00 
 5.62837500e-08  3.29887203e+00 
 5.63000000e-08  3.29904286e+00 
 5.63025000e-08  3.29907122e+00 
 5.63075000e-08  3.29912764e+00 
 5.63175000e-08  3.29924172e+00 
 5.63337500e-08  3.29941685e+00 
 5.63500000e-08  3.29956473e+00 
 5.63525000e-08  3.29958427e+00 
 5.63575000e-08  3.29962169e+00 
 5.63675000e-08  3.29968968e+00 
 5.63837500e-08  3.29977712e+00 
 5.64000000e-08  3.29983984e+00 
 5.64025000e-08  3.29984723e+00 
 5.64075000e-08  3.29986074e+00 
 5.64175000e-08  3.29988246e+00 
 5.64337500e-08  3.29990643e+00 
 5.64500000e-08  3.29992113e+00 
 5.64525000e-08  3.29992274e+00 
 5.64575000e-08  3.29992519e+00 
 5.64675000e-08  3.29992845e+00 
 5.64837500e-08  3.29993178e+00 
 5.65000000e-08  3.29993510e+00 
 5.65025000e-08  3.29993616e+00 
 5.65075000e-08  3.29993824e+00 
 5.65175000e-08  3.29994308e+00 
 5.65337500e-08  3.29995406e+00 
 5.65500000e-08  3.29997227e+00 
 5.65525000e-08  3.29997476e+00 
 5.65575000e-08  3.29997932e+00 
 5.65675000e-08  3.29998294e+00 
 5.65837500e-08  3.29997708e+00 
 5.66000000e-08  3.29996432e+00 
 5.66025000e-08  3.29996228e+00 
 5.66075000e-08  3.29995827e+00 
 5.66175000e-08  3.29995078e+00 
 5.66337500e-08  3.29994065e+00 
 5.66500000e-08  3.29993328e+00 
 5.66525000e-08  3.29993254e+00 
 5.66575000e-08  3.29993119e+00 
 5.66675000e-08  3.29992924e+00 
 5.66837500e-08  3.29992692e+00 
 5.67000000e-08  3.29992417e+00 
 5.67025000e-08  3.29992366e+00 
 5.67075000e-08  3.29992255e+00 
 5.67175000e-08  3.29992099e+00 
 5.67337500e-08  3.29992162e+00 
 5.67500000e-08  3.29992685e+00 
 5.67525000e-08  3.29992816e+00 
 5.67575000e-08  3.29993075e+00 
 5.67675000e-08  3.29993696e+00 
 5.67837500e-08  3.29995095e+00 
 5.68000000e-08  3.29996986e+00 
 5.68025000e-08  3.29997307e+00 
 5.68075000e-08  3.29997938e+00 
 5.68175000e-08  3.29999079e+00 
 5.68337500e-08  3.30000276e+00 
 5.68500000e-08  3.30000670e+00 
 5.68525000e-08  3.30000599e+00 
 5.68575000e-08  3.30000458e+00 
 5.68675000e-08  3.30000164e+00 
 5.68837500e-08  3.29999602e+00 
 5.69000000e-08  3.29999110e+00 
 5.69025000e-08  3.29999027e+00 
 5.69075000e-08  3.29998848e+00 
 5.69175000e-08  3.29998408e+00 
 5.69337500e-08  3.29997401e+00 
 5.69500000e-08  3.29995945e+00 
 5.69525000e-08  3.29995707e+00 
 5.69575000e-08  3.29995292e+00 
 5.69675000e-08  3.29995205e+00 
 5.69837500e-08  3.29995769e+00 
 5.70000000e-08  3.29996665e+00 
 5.70025000e-08  3.29996899e+00 
 5.70075000e-08  3.29997490e+00 
 5.70175000e-08  3.29999183e+00 
 5.70337500e-08  3.30003086e+00 
 5.70500000e-08  3.30005737e+00 
 5.70525000e-08  3.30005755e+00 
 5.70575000e-08  3.30005523e+00 
 5.70675000e-08  3.30003476e+00 
 5.70837500e-08  3.29996451e+00 
 5.71000000e-08  3.29987383e+00 
 5.71025000e-08  3.29986004e+00 
 5.71075000e-08  3.29983362e+00 
 5.71175000e-08  3.29979095e+00 
 5.71337500e-08  3.29973779e+00 
 5.71500000e-08  3.29972074e+00 
 5.71525000e-08  3.29972242e+00 
 5.71575000e-08  3.29972718e+00 
 5.71675000e-08  3.29974477e+00 
 5.71837500e-08  3.29979830e+00 
 5.72000000e-08  3.29985452e+00 
 5.72025000e-08  3.29986134e+00 
 5.72075000e-08  3.29987344e+00 
 5.72175000e-08  3.29989017e+00 
 5.72337500e-08  3.29991216e+00 
 5.72500000e-08  3.29994578e+00 
 5.72525000e-08  3.29995189e+00 
 5.72575000e-08  3.29996297e+00 
 5.72675000e-08  3.29998092e+00 
 5.72837500e-08  3.29999962e+00 
 5.73000000e-08  3.30000690e+00 
 5.73025000e-08  3.30000678e+00 
 5.73075000e-08  3.30000571e+00 
 5.73175000e-08  3.30000049e+00 
 5.73337500e-08  3.29998626e+00 
 5.73500000e-08  3.29996337e+00 
 5.73525000e-08  3.29995913e+00 
 5.73575000e-08  3.29994956e+00 
 5.73675000e-08  3.29992684e+00 
 5.73837500e-08  3.29987643e+00 
 5.74000000e-08  3.29980159e+00 
 5.74025000e-08  3.29978862e+00 
 5.74075000e-08  3.29976059e+00 
 5.74175000e-08  3.29970835e+00 
 5.74337500e-08  3.29965449e+00 
 5.74500000e-08  3.29964750e+00 
 5.74525000e-08  3.29965071e+00 
 5.74575000e-08  3.29965708e+00 
 5.74675000e-08  3.29967594e+00 
 5.74837500e-08  3.29972264e+00 
 5.75000000e-08  3.29980077e+00 
 5.75025000e-08  3.29981763e+00 
 5.75075000e-08  3.29985479e+00 
 5.75175000e-08  3.29995370e+00 
 5.75337500e-08  3.30020159e+00 
 5.75500000e-08  3.30052899e+00 
 5.75525000e-08  3.30058469e+00 
 5.75575000e-08  3.30069748e+00 
 5.75675000e-08  3.30093056e+00 
 5.75837500e-08  3.30131116e+00 
 5.76000000e-08  3.30167182e+00 
 5.76025000e-08  3.30172874e+00 
 5.76075000e-08  3.30183912e+00 
 5.76175000e-08  3.30206428e+00 
 5.76337500e-08  3.30245024e+00 
 5.76500000e-08  3.30284938e+00 
 5.76525000e-08  3.30291154e+00 
 5.76575000e-08  3.30303717e+00 
 5.76675000e-08  3.30329482e+00 
 5.76837500e-08  3.30372104e+00 
 5.77000000e-08  3.30412712e+00 
 5.77025000e-08  3.30418148e+00 
 5.77075000e-08  3.30428686e+00 
 5.77175000e-08  3.30447501e+00 
 5.77337500e-08  3.30474635e+00 
 5.77500000e-08  3.30502647e+00 
 5.77525000e-08  3.30507402e+00 
 5.77575000e-08  3.30517421e+00 
 5.77675000e-08  3.30540268e+00 
 5.77837500e-08  3.30585920e+00 
 5.78000000e-08  3.30644435e+00 
 5.78025000e-08  3.30654862e+00 
 5.78075000e-08  3.30676773e+00 
 5.78175000e-08  3.30726458e+00 
 5.78337500e-08  3.30826769e+00 
 5.78500000e-08  3.30959593e+00 
 5.78525000e-08  3.30983887e+00 
 5.78575000e-08  3.31035723e+00 
 5.78675000e-08  3.31156564e+00 
 5.78837500e-08  3.31411759e+00 
 5.79000000e-08  3.31733932e+00 
 5.79025000e-08  3.31784430e+00 
 5.79075000e-08  3.31878868e+00 
 5.79175000e-08  3.31977282e+00 
 5.79337500e-08  3.31562772e+00 
 5.79500000e-08  3.29950172e+00 
 5.79525000e-08  3.29588722e+00 
 5.79575000e-08  3.28778308e+00 
 5.79675000e-08  3.26626894e+00 
 5.79837500e-08  3.21534527e+00 
 5.80000000e-08  3.14136362e+00 
 5.80025000e-08  3.12720430e+00 
 5.80075000e-08  3.09719840e+00 
 5.80175000e-08  3.02579966e+00 
 5.80337500e-08  2.86039338e+00 
 5.80500000e-08  2.55022761e+00 
 5.80525000e-08  2.48081140e+00 
 5.80575000e-08  2.33004098e+00 
 5.80675000e-08  1.96326543e+00 
 5.80837500e-08  1.20852636e+00 
 5.81000000e-08  4.97976818e-01 
 5.81025000e-08  4.18420446e-01 
 5.81075000e-08  2.83097653e-01 
 5.81175000e-08  1.24758721e-01 
 5.81337500e-08  3.90745278e-02 
 5.81500000e-08  2.31596262e-02 
 5.81517632e-08  2.21688581e-02 
 5.81552897e-08  2.02235106e-02 
 5.81623427e-08  1.68282880e-02 
 5.81764486e-08  1.17260000e-02 
 5.82000000e-08  6.47440143e-03 
 5.82025000e-08  6.10538246e-03 
 5.82075000e-08  5.40375852e-03 
 5.82175000e-08  4.20858704e-03 
 5.82337500e-08  2.76495140e-03 
 5.82500000e-08  1.79845443e-03 
 5.82525000e-08  1.68745829e-03 
 5.82575000e-08  1.47967349e-03 
 5.82675000e-08  1.13776129e-03 
 5.82837500e-08  7.44400115e-04 
 5.83000000e-08  4.95884612e-04 
 5.83025000e-08  4.68194497e-04 
 5.83075000e-08  4.16804862e-04 
 5.83175000e-08  3.32801907e-04 
 5.83337500e-08  2.35954632e-04 
 5.83500000e-08  1.73089125e-04 
 5.83525000e-08  1.65779160e-04 
 5.83575000e-08  1.51984500e-04 
 5.83675000e-08  1.28774126e-04 
 5.83837500e-08  1.01128444e-04 
 5.84000000e-08  8.24506101e-05 
 5.84025000e-08  8.03117936e-05 
 5.84075000e-08  7.63577759e-05 
 5.84175000e-08  6.97129310e-05 
 5.84337500e-08  6.05675307e-05 
 5.84500000e-08  5.23749801e-05 
 5.84525000e-08  5.11915343e-05 
 5.84575000e-08  4.88746355e-05 
 5.84675000e-08  4.42544505e-05 
 5.84837500e-08  3.76128249e-05 
 5.85000000e-08  3.24192860e-05 
 5.85025000e-08  3.15975137e-05 
 5.85075000e-08  2.98756743e-05 
 5.85175000e-08  2.48236839e-05 
 5.85337500e-08  1.43683430e-05 
 5.85500000e-08  7.37417044e-06 
 5.85525000e-08  6.97702804e-06 
 5.85575000e-08  6.18724734e-06 
 5.85675000e-08  5.39800041e-06 
 5.85837500e-08  5.70932342e-06 
 5.86000000e-08  6.84006758e-06 
 5.86025000e-08  7.20027573e-06 
 5.86075000e-08  7.97812667e-06 
 5.86175000e-08  9.87894929e-06 
 5.86337500e-08  1.25445302e-05 
 5.86500000e-08  1.37454910e-05 
 5.86525000e-08  1.35870455e-05 
 5.86575000e-08  1.28817283e-05 
 5.86675000e-08  1.02165618e-05 
 5.86837500e-08  3.83756171e-06 
 5.87000000e-08 -3.56195260e-06 
 5.87025000e-08 -4.49432400e-06 
 5.87075000e-08 -6.14860907e-06 
 5.87175000e-08 -8.17491661e-06 
 5.87337500e-08 -8.59275863e-06 
 5.87500000e-08 -7.54388462e-06 
 5.87525000e-08 -7.21190929e-06 
 5.87575000e-08 -6.56108062e-06 
 5.87675000e-08 -4.90078432e-06 
 5.87837500e-08  1.78159786e-07 
 5.88000000e-08  4.69259703e-06 
 5.88025000e-08  5.28978968e-06 
 5.88075000e-08  6.44089756e-06 
 5.88175000e-08  8.72065694e-06 
 5.88337500e-08  1.12057832e-05 
 5.88500000e-08  1.20385391e-05 
 5.88525000e-08  1.21099753e-05 
 5.88575000e-08  1.21641293e-05 
 5.88675000e-08  1.18571808e-05 
 5.88837500e-08  1.04192942e-05 
 5.89000000e-08  8.19494592e-06 
 5.89025000e-08  7.82691312e-06 
 5.89075000e-08  6.87995096e-06 
 5.89175000e-08  4.84531638e-06 
 5.89337500e-08  1.63791946e-06 
 5.89500000e-08 -1.83159723e-06 
 5.89525000e-08 -2.42866492e-06 
 5.89575000e-08 -3.81886474e-06 
 5.89675000e-08 -6.93156851e-06 
 5.89837500e-08 -1.41819612e-05 
 5.90000000e-08 -2.23606931e-05 
 5.90025000e-08 -2.30535148e-05 
 5.90075000e-08 -2.44491913e-05 
 5.90175000e-08 -2.46989616e-05 
 5.90337500e-08 -1.97197683e-05 
 5.90500000e-08 -7.94341163e-06 
 5.90525000e-08 -5.29340111e-06 
 5.90575000e-08  3.36579051e-07 
 5.90675000e-08  1.48333823e-05 
 5.90837500e-08  4.79222313e-05 
 5.91000000e-08  8.37908837e-05 
 5.91025000e-08  8.93654590e-05 
 5.91075000e-08  1.02099473e-04 
 5.91175000e-08  1.18111612e-04 
 5.91337500e-08  1.29978749e-04 
 5.91500000e-08  1.28220067e-04 
 5.91525000e-08  1.26735674e-04 
 5.91575000e-08  1.23337130e-04 
 5.91675000e-08  1.14934303e-04 
 5.91837500e-08  1.04069781e-04 
 5.92000000e-08  9.50636054e-05 
 5.92025000e-08  9.23000336e-05 
 5.92075000e-08  8.64980433e-05 
 5.92175000e-08  6.82239519e-05 
 5.92337500e-08  2.88109500e-05 
 5.92500000e-08 -3.73724050e-06 
 5.92525000e-08 -6.93156354e-06 
 5.92575000e-08 -1.16161321e-05 
 5.92675000e-08 -1.38029523e-05 
 5.92837500e-08 -1.90719809e-06 
 5.93000000e-08  2.73247699e-05 
 5.93025000e-08  3.36796165e-05 
 5.93075000e-08  4.85982228e-05 
 5.93175000e-08  8.49839702e-05 
 5.93337500e-08  1.50657590e-04 
 5.93500000e-08  1.90329712e-04 
 5.93525000e-08  1.91156775e-04 
 5.93575000e-08  1.90167961e-04 
 5.93675000e-08  1.65762781e-04 
 5.93837500e-08  3.77841093e-05 
 5.94000000e-08 -2.58471861e-04 
 5.94025000e-08 -3.22407531e-04 
 5.94075000e-08 -4.58668595e-04 
 5.94175000e-08 -7.75038388e-04 
 5.94337500e-08 -1.30493837e-03 
 5.94500000e-08 -1.86446173e-03 
 5.94525000e-08 -1.95412639e-03 
 5.94575000e-08 -2.13116464e-03 
 5.94675000e-08 -2.47219568e-03 
 5.94837500e-08 -2.99648199e-03 
 5.95000000e-08 -3.49998200e-03 
 5.95025000e-08 -3.57562463e-03 
 5.95075000e-08 -3.72938697e-03 
 5.95175000e-08 -4.04257278e-03 
 5.95337500e-08 -4.57116969e-03 
 5.95500000e-08 -5.14952098e-03 
 5.95525000e-08 -5.24392876e-03 
 5.95575000e-08 -5.44187359e-03 
 5.95675000e-08 -5.86055309e-03 
 5.95837500e-08 -6.62513686e-03 
 5.96000000e-08 -7.56638543e-03 
 5.96025000e-08 -7.72938534e-03 
 5.96075000e-08 -8.09467891e-03 
 5.96175000e-08 -8.91682945e-03 
 5.96337500e-08 -1.05534461e-02 
 5.96500000e-08 -1.23722715e-02 
 5.96525000e-08 -1.26068911e-02 
 5.96575000e-08 -1.30376310e-02 
 5.96675000e-08 -1.32392890e-02 
 5.96837500e-08 -1.00793356e-02 
 5.97000000e-08 -2.37673886e-04 
 5.97025000e-08  1.97768895e-03 
 5.97075000e-08  6.86639677e-03 
 5.97175000e-08  1.96686076e-02 
 5.97337500e-08  5.01117146e-02 
 5.97500000e-08  9.55369865e-02 
 5.97525000e-08  1.04345330e-01 
 5.97575000e-08  1.23129282e-01 
 5.97675000e-08  1.68573493e-01 
 5.97837500e-08  2.74336291e-01 
 5.98000000e-08  4.54008239e-01 
 5.98025000e-08  4.94170119e-01 
 5.98075000e-08  5.85599525e-01 
 5.98175000e-08  8.32461620e-01 
 5.98337500e-08  1.40281367e+00 
 5.98500000e-08  2.12985195e+00 
 5.98525000e-08  2.24497823e+00 
 5.98575000e-08  2.45405581e+00 
 5.98675000e-08  2.76999346e+00 
 5.98837500e-08  3.06665606e+00 
 5.99000000e-08  3.19439042e+00 
 5.99025000e-08  3.20425362e+00 
 5.99075000e-08  3.22165875e+00 
 5.99175000e-08  3.24571726e+00 
 5.99337500e-08  3.26741946e+00 
 5.99500000e-08  3.27875426e+00 
 5.99525000e-08  3.27997660e+00 
 5.99575000e-08  3.28227342e+00 
 5.99675000e-08  3.28606952e+00 
 5.99837500e-08  3.29049225e+00 
 6.00000000e-08  3.29336503e+00 
 6.00025000e-08  3.29369106e+00 
 6.00075000e-08  3.29430301e+00 
 6.00175000e-08  3.29531569e+00 
 6.00337500e-08  3.29650715e+00 
 6.00500000e-08  3.29730551e+00 
 6.00525000e-08  3.29739967e+00 
 6.00575000e-08  3.29757851e+00 
 6.00675000e-08  3.29788637e+00 
 6.00837500e-08  3.29828014e+00 
 6.01000000e-08  3.29858029e+00 
 6.01025000e-08  3.29861897e+00 
 6.01075000e-08  3.29869229e+00 
 6.01175000e-08  3.29882054e+00 
 6.01337500e-08  3.29899844e+00 
 6.01500000e-08  3.29918298e+00 
 6.01525000e-08  3.29921304e+00 
 6.01575000e-08  3.29927174e+00 
 6.01675000e-08  3.29938243e+00 
 6.01837500e-08  3.29953750e+00 
 6.02000000e-08  3.29966080e+00 
 6.02025000e-08  3.29967709e+00 
 6.02075000e-08  3.29970790e+00 
 6.02175000e-08  3.29976145e+00 
 6.02337500e-08  3.29982808e+00 
 6.02500000e-08  3.29987244e+00 
 6.02525000e-08  3.29987740e+00 
 6.02575000e-08  3.29988632e+00 
 6.02675000e-08  3.29990048e+00 
 6.02837500e-08  3.29991640e+00 
 6.03000000e-08  3.29992656e+00 
 6.03025000e-08  3.29992787e+00 
 6.03075000e-08  3.29993010e+00 
 6.03175000e-08  3.29993396e+00 
 6.03337500e-08  3.29993886e+00 
 6.03500000e-08  3.29994489e+00 
 6.03525000e-08  3.29994579e+00 
 6.03575000e-08  3.29994757e+00 
 6.03675000e-08  3.29995238e+00 
 6.03837500e-08  3.29996683e+00 
 6.04000000e-08  3.29998039e+00 
 6.04025000e-08  3.29998048e+00 
 6.04075000e-08  3.29998007e+00 
 6.04175000e-08  3.29997562e+00 
 6.04337500e-08  3.29996352e+00 
 6.04500000e-08  3.29995058e+00 
 6.04525000e-08  3.29994895e+00 
 6.04575000e-08  3.29994593e+00 
 6.04675000e-08  3.29994108e+00 
 6.04837500e-08  3.29993503e+00 
 6.05000000e-08  3.29993067e+00 
 6.05025000e-08  3.29993012e+00 
 6.05075000e-08  3.29992890e+00 
 6.05175000e-08  3.29992644e+00 
 6.05337500e-08  3.29992263e+00 
 6.05500000e-08  3.29991968e+00 
 6.05525000e-08  3.29991972e+00 
 6.05575000e-08  3.29991996e+00 
 6.05675000e-08  3.29992197e+00 
 6.05837500e-08  3.29992824e+00 
 6.06000000e-08  3.29993729e+00 
 6.06025000e-08  3.29993894e+00 
 6.06075000e-08  3.29994222e+00 
 6.06175000e-08  3.29994995e+00 
 6.06337500e-08  3.29996662e+00 
 6.06500000e-08  3.29998523e+00 
 6.06525000e-08  3.29998782e+00 
 6.06575000e-08  3.29999259e+00 
 6.06675000e-08  3.29999962e+00 
 6.06837500e-08  3.30000570e+00 
 6.07000000e-08  3.30000240e+00 
 6.07025000e-08  3.30000131e+00 
 6.07075000e-08  3.29999908e+00 
 6.07175000e-08  3.29999502e+00 
 6.07337500e-08  3.29998946e+00 
 6.07500000e-08  3.29998449e+00 
 6.07525000e-08  3.29998373e+00 
 6.07575000e-08  3.29998241e+00 
 6.07675000e-08  3.29997846e+00 
 6.07837500e-08  3.29996677e+00 
 6.08000000e-08  3.29995580e+00 
 6.08025000e-08  3.29995595e+00 
 6.08075000e-08  3.29995630e+00 
 6.08175000e-08  3.29995680e+00 
 6.08337500e-08  3.29996218e+00 
 6.08500000e-08  3.29997902e+00 
 6.08525000e-08  3.29998325e+00 
 6.08575000e-08  3.29999319e+00 
 6.08675000e-08  3.30001853e+00 
 6.08837500e-08  3.30005120e+00 
 6.09000000e-08  3.30004620e+00 
 6.09025000e-08  3.30004034e+00 
 6.09075000e-08  3.30002601e+00 
 6.09175000e-08  3.29998481e+00 
 6.09337500e-08  3.29989924e+00 
 6.09500000e-08  3.29981399e+00 
 6.09525000e-08  3.29980386e+00 
 6.09575000e-08  3.29978443e+00 
 6.09675000e-08  3.29975076e+00 
 6.09837500e-08  3.29972663e+00 
 6.10000000e-08  3.29973744e+00 
 6.10025000e-08  3.29974206e+00 
 6.10075000e-08  3.29975247e+00 
 6.10175000e-08  3.29978619e+00 
 6.10337500e-08  3.29984324e+00 
 6.10500000e-08  3.29988214e+00 
 6.10525000e-08  3.29988573e+00 
 6.10575000e-08  3.29989078e+00 
 6.10675000e-08  3.29990249e+00 
 6.10837500e-08  3.29993242e+00 
 6.11000000e-08  3.29996740e+00 
 6.11025000e-08  3.29997234e+00 
 6.11075000e-08  3.29998128e+00 
 6.11175000e-08  3.29999479e+00 
 6.11337500e-08  3.30000569e+00 
 6.11500000e-08  3.30000333e+00 
 6.11525000e-08  3.30000219e+00 
 6.11575000e-08  3.29999937e+00 
 6.11675000e-08  3.29999227e+00 
 6.11837500e-08  3.29997365e+00 
 6.12000000e-08  3.29994384e+00 
 6.12025000e-08  3.29993789e+00 
 6.12075000e-08  3.29992387e+00 
 6.12175000e-08  3.29988928e+00 
 6.12337500e-08  3.29981532e+00 
 6.12500000e-08  3.29972558e+00 
 6.12525000e-08  3.29971340e+00 
 6.12575000e-08  3.29968985e+00 
 6.12675000e-08  3.29965773e+00 
 6.12837500e-08  3.29964455e+00 
 6.13000000e-08  3.29966662e+00 
 6.13025000e-08  3.29967268e+00 
 6.13075000e-08  3.29968443e+00 
 6.13175000e-08  3.29971355e+00 
 6.13337500e-08  3.29978442e+00 
 6.13500000e-08  3.29990842e+00 
 6.13525000e-08  3.29993516e+00 
 6.13575000e-08  3.29999376e+00 
 6.13675000e-08  3.30015458e+00 
 6.13837500e-08  3.30047546e+00 
 6.14000000e-08  3.30084655e+00 
 6.14025000e-08  3.30090537e+00 
 6.14075000e-08  3.30102284e+00 
 6.14175000e-08  3.30125166e+00 
 6.14337500e-08  3.30160857e+00 
 6.14500000e-08  3.30196906e+00 
 6.14525000e-08  3.30202585e+00 
 6.14575000e-08  3.30213994e+00 
 6.14675000e-08  3.30237782e+00 
 6.14837500e-08  3.30277387e+00 
 6.15000000e-08  3.30317732e+00 
 6.15025000e-08  3.30324024e+00 
 6.15075000e-08  3.30336777e+00 
 6.15175000e-08  3.30362698e+00 
 6.15337500e-08  3.30403290e+00 
 6.15500000e-08  3.30437880e+00 
 6.15525000e-08  3.30442251e+00 
 6.15575000e-08  3.30450833e+00 
 6.15675000e-08  3.30467228e+00 
 6.15837500e-08  3.30494804e+00 
 6.16000000e-08  3.30527758e+00 
 6.16025000e-08  3.30533604e+00 
 6.16075000e-08  3.30545923e+00 
 6.16175000e-08  3.30574057e+00 
 6.16337500e-08  3.30630446e+00 
 6.16500000e-08  3.30703018e+00 
 6.16525000e-08  3.30716013e+00 
 6.16575000e-08  3.30743385e+00 
 6.16675000e-08  3.30805653e+00 
 6.16837500e-08  3.30932345e+00 
 6.17000000e-08  3.31102830e+00 
 6.17025000e-08  3.31134572e+00 
 6.17075000e-08  3.31202554e+00 
 6.17175000e-08  3.31360714e+00 
 6.17337500e-08  3.31674548e+00 
 6.17500000e-08  3.31942772e+00 
 6.17525000e-08  3.31959545e+00 
 6.17575000e-08  3.31962935e+00 
 6.17675000e-08  3.31729984e+00 
 6.17837500e-08  3.30376689e+00 
 6.18000000e-08  3.27662838e+00 
 6.18025000e-08  3.27074802e+00 
 6.18075000e-08  3.25806257e+00 
 6.18175000e-08  3.22696135e+00 
 6.18337500e-08  3.15807398e+00 
 6.18500000e-08  3.06008890e+00 
 6.18525000e-08  3.04122355e+00 
 6.18575000e-08  3.00091702e+00 
 6.18675000e-08  2.90172089e+00 
 6.18837500e-08  2.63205386e+00 
 6.19000000e-08  2.14589546e+00 
 6.19025000e-08  2.04769637e+00 
 6.19075000e-08  1.84137998e+00 
 6.19175000e-08  1.37328618e+00 
 6.19337500e-08  6.17585832e-01 
 6.19500000e-08  1.72279168e-01 
 6.19524119e-08  1.45521717e-01 
 6.19572357e-08  1.01481041e-01 
 6.19668832e-08  5.36887564e-02 
 6.19834416e-08  2.54326976e-02 
 6.20000000e-08  1.63629319e-02 
 6.20025000e-08  1.54269664e-02 
 6.20075000e-08  1.36348209e-02 
 6.20175000e-08  1.06468690e-02 
 6.20337500e-08  7.11531112e-03 
 6.20500000e-08  4.74216447e-03 
 6.20525000e-08  4.45829101e-03 
 6.20575000e-08  3.92372908e-03 
 6.20675000e-08  3.03066021e-03 
 6.20837500e-08  1.97367273e-03 
 6.21000000e-08  1.28006413e-03 
 6.21025000e-08  1.20100647e-03 
 6.21075000e-08  1.05341275e-03 
 6.21175000e-08  8.12001726e-04 
 6.21337500e-08  5.37026480e-04 
 6.21500000e-08  3.64755119e-04 
 6.21525000e-08  3.45495927e-04 
 6.21575000e-08  3.09786150e-04 
 6.21675000e-08  2.51376098e-04 
 6.21837500e-08  1.83597127e-04 
 6.22000000e-08  1.39128799e-04 
 6.22025000e-08  1.34008880e-04 
 6.22075000e-08  1.24459303e-04 
 6.22175000e-08  1.08618905e-04 
 6.22337500e-08  8.93421065e-05 
 6.22500000e-08  7.54197237e-05 
 6.22525000e-08  7.35492328e-05 
 6.22575000e-08  6.98203885e-05 
 6.22675000e-08  6.27538044e-05 
 6.22837500e-08  5.27498414e-05 
 6.23000000e-08  4.45158493e-05 
 6.23025000e-08  4.34020996e-05 
 6.23075000e-08  4.13906938e-05 
 6.23175000e-08  3.78091265e-05 
 6.23337500e-08  3.30937099e-05 
 6.23500000e-08  2.80959267e-05 
 6.23525000e-08  2.67426610e-05 
 6.23575000e-08  2.34746791e-05 
 6.23675000e-08  1.61687794e-05 
 6.23837500e-08  7.30345393e-06 
 6.24000000e-08  4.54504254e-06 
 6.24025000e-08  4.66646583e-06 
 6.24075000e-08  5.01376110e-06 
 6.24175000e-08  6.32203694e-06 
 6.24337500e-08  8.52172822e-06 
 6.24500000e-08  1.02009314e-05 
 6.24525000e-08  1.04353025e-05 
 6.24575000e-08  1.07912910e-05 
 6.24675000e-08  1.14773014e-05 
 6.24837500e-08  1.20490897e-05 
 6.25000000e-08  1.05711041e-05 
 6.25025000e-08  1.00602953e-05 
 6.25075000e-08  8.78669890e-06 
 6.25175000e-08  5.34351243e-06 
 6.25337500e-08 -1.45069396e-06 
 6.25500000e-08 -7.40561671e-06 
 6.25525000e-08 -7.96309913e-06 
 6.25575000e-08 -8.60762828e-06 
 6.25675000e-08 -9.36492924e-06 
 6.25837500e-08 -8.92480093e-06 
 6.26000000e-08 -6.32032889e-06 
 6.26025000e-08 -5.68167889e-06 
 6.26075000e-08 -4.31749682e-06 
 6.26175000e-08 -1.17038653e-07 
 6.26337500e-08  4.85648026e-06 
 6.26500000e-08  8.58229166e-06 
 6.26525000e-08  9.19045306e-06 
 6.26575000e-08  1.01667625e-05 
 6.26675000e-08  1.11739934e-05 
 6.26837500e-08  1.16520749e-05 
 6.27000000e-08  1.15964496e-05 
 6.27025000e-08  1.15725639e-05 
 6.27075000e-08  1.14770249e-05 
 6.27175000e-08  1.09977993e-05 
 6.27337500e-08  9.30530348e-06 
 6.27500000e-08  6.68676824e-06 
 6.27525000e-08  6.22497947e-06 
 6.27575000e-08  5.23486817e-06 
 6.27675000e-08  3.06050567e-06 
 6.27837500e-08 -3.09859465e-07 
 6.28000000e-08 -5.03798812e-06 
 6.28025000e-08 -5.98871529e-06 
 6.28075000e-08 -8.39863711e-06 
 6.28175000e-08 -1.39171973e-05 
 6.28337500e-08 -2.32381273e-05 
 6.28500000e-08 -2.75534353e-05 
 6.28525000e-08 -2.72320582e-05 
 6.28575000e-08 -2.66460522e-05 
 6.28675000e-08 -2.33079815e-05 
 6.28837500e-08 -1.28586771e-05 
 6.29000000e-08  6.87625099e-06 
 6.29025000e-08  1.10153812e-05 
 6.29075000e-08  2.01257173e-05 
 6.29175000e-08  4.21370049e-05 
 6.29337500e-08  7.96536604e-05 
 6.29500000e-08  1.13840017e-04 
 6.29525000e-08  1.17017123e-04 
 6.29575000e-08  1.22459011e-04 
 6.29675000e-08  1.29028803e-04 
 6.29837500e-08  1.29438832e-04 
 6.30000000e-08  1.17982265e-04 
 6.30025000e-08  1.16120115e-04 
 6.30075000e-08  1.12338051e-04 
 6.30175000e-08  1.05297371e-04 
 6.30337500e-08  9.58555397e-05 
 6.30500000e-08  7.74123258e-05 
 6.30525000e-08  7.21377358e-05 
 6.30575000e-08  6.11868353e-05 
 6.30675000e-08  3.65835345e-05 
 6.30837500e-08  2.18411877e-06 
 6.31000000e-08 -1.44613151e-05 
 6.31025000e-08 -1.46117596e-05 
 6.31075000e-08 -1.34326933e-05 
 6.31175000e-08 -5.31910060e-06 
 6.31337500e-08  2.04794424e-05 
 6.31500000e-08  6.65377437e-05 
 6.31525000e-08  7.55618772e-05 
 6.31575000e-08  9.57244116e-05 
 6.31675000e-08  1.37035445e-04 
 6.31837500e-08  1.85070153e-04 
 6.32000000e-08  1.82745450e-04 
 6.32025000e-08  1.75357055e-04 
 6.32075000e-08  1.56147905e-04 
 6.32175000e-08  8.24189735e-05 
 6.32337500e-08 -1.70563392e-04 
 6.32500000e-08 -6.04271351e-04 
 6.32525000e-08 -6.86376001e-04 
 6.32575000e-08 -8.55817348e-04 
 6.32675000e-08 -1.17589725e-03 
 6.32837500e-08 -1.72679448e-03 
 6.33000000e-08 -2.30769465e-03 
 6.33025000e-08 -2.39088676e-03 
 6.33075000e-08 -2.55589866e-03 
 6.33175000e-08 -2.87680565e-03 
 6.33337500e-08 -3.38075783e-03 
 6.33500000e-08 -3.87903558e-03 
 6.33525000e-08 -3.95644170e-03 
 6.33575000e-08 -4.11408817e-03 
 6.33675000e-08 -4.43481438e-03 
 6.33837500e-08 -4.98987171e-03 
 6.34000000e-08 -5.61370171e-03 
 6.34025000e-08 -5.71527889e-03 
 6.34075000e-08 -5.93089138e-03 
 6.34175000e-08 -6.39217067e-03 
 6.34337500e-08 -7.26738072e-03 
 6.34500000e-08 -8.40841449e-03 
 6.34525000e-08 -8.61076767e-03 
 6.34575000e-08 -9.06535348e-03 
 6.34675000e-08 -1.00708691e-02 
 6.34837500e-08 -1.18870572e-02 
 6.35000000e-08 -1.31889542e-02 
 6.35025000e-08 -1.32100230e-02 
 6.35075000e-08 -1.30905654e-02 
 6.35175000e-08 -1.14962752e-02 
 6.35337500e-08 -3.66047492e-03 
 6.35500000e-08  1.19822191e-02 
 6.35525000e-08  1.53173409e-02 
 6.35575000e-08  2.25388230e-02 
 6.35675000e-08  4.04670485e-02 
 6.35837500e-08  8.12299809e-02 
 6.36000000e-08  1.41313602e-01 
 6.36025000e-08  1.53011929e-01 
 6.36075000e-08  1.78053699e-01 
 6.36175000e-08  2.39638243e-01 
 6.36337500e-08  3.92172218e-01 
 6.36500000e-08  6.84532805e-01 
 6.36525000e-08  7.49764245e-01 
 6.36575000e-08  8.90852792e-01 
 6.36675000e-08  1.23228258e+00 
 6.36837500e-08  1.92851387e+00 
 6.37000000e-08  2.58987838e+00 
 6.37025000e-08  2.66614552e+00 
 6.37075000e-08  2.80229579e+00 
 6.37175000e-08  2.99798704e+00 
 6.37337500e-08  3.16753390e+00 
 6.37500000e-08  3.23473636e+00 
 6.37525000e-08  3.23985363e+00 
 6.37575000e-08  3.24903810e+00 
 6.37675000e-08  3.26248739e+00 
 6.37837500e-08  3.27605517e+00 
 6.38000000e-08  3.28405645e+00 
 6.38025000e-08  3.28495035e+00 
 6.38075000e-08  3.28663098e+00 
 6.38175000e-08  3.28941344e+00 
 6.38337500e-08  3.29265984e+00 
 6.38500000e-08  3.29477315e+00 
 6.38525000e-08  3.29501377e+00 
 6.38575000e-08  3.29546612e+00 
 6.38675000e-08  3.29621889e+00 
 6.38837500e-08  3.29711402e+00 
 6.39000000e-08  3.29772531e+00 
 6.39025000e-08  3.29779861e+00 
 6.39075000e-08  3.29793833e+00 
 6.39175000e-08  3.29818226e+00 
 6.39337500e-08  3.29850299e+00 
 6.39500000e-08  3.29875059e+00 
 6.39525000e-08  3.29878196e+00 
 6.39575000e-08  3.29884042e+00 
 6.39675000e-08  3.29894985e+00 
 6.39837500e-08  3.29913181e+00 
 6.40000000e-08  3.29932093e+00 
 6.40025000e-08  3.29934855e+00 
 6.40075000e-08  3.29940143e+00 
 6.40175000e-08  3.29949658e+00 
 6.40337500e-08  3.29962497e+00 
 6.40500000e-08  3.29972785e+00 
 6.40525000e-08  3.29974086e+00 
 6.40575000e-08  3.29976538e+00 
 6.40675000e-08  3.29980730e+00 
 6.40837500e-08  3.29985724e+00 
 6.41000000e-08  3.29988871e+00 
 6.41025000e-08  3.29989246e+00 
 6.41075000e-08  3.29989957e+00 
 6.41175000e-08  3.29991253e+00 
 6.41337500e-08  3.29992831e+00 
 6.41500000e-08  3.29993773e+00 
 6.41525000e-08  3.29993865e+00 
 6.41575000e-08  3.29993972e+00 
 6.41675000e-08  3.29994048e+00 
 6.41837500e-08  3.29994304e+00 
 6.42000000e-08  3.29994795e+00 
 6.42025000e-08  3.29994931e+00 
 6.42075000e-08  3.29995256e+00 
 6.42175000e-08  3.29996188e+00 
 6.42337500e-08  3.29997739e+00 
 6.42500000e-08  3.29997965e+00 
 6.42525000e-08  3.29997832e+00 
 6.42575000e-08  3.29997556e+00 
 6.42675000e-08  3.29996910e+00 
 6.42837500e-08  3.29995742e+00 
 6.43000000e-08  3.29994651e+00 
 6.43025000e-08  3.29994514e+00 
 6.43075000e-08  3.29994247e+00 
 6.43175000e-08  3.29993786e+00 
 6.43337500e-08  3.29993217e+00 
 6.43500000e-08  3.29992831e+00 
 6.43525000e-08  3.29992789e+00 
 6.43575000e-08  3.29992699e+00 
 6.43675000e-08  3.29992508e+00 
 6.43837500e-08  3.29992183e+00 
 6.44000000e-08  3.29992100e+00 
 6.44025000e-08  3.29992116e+00 
 6.44075000e-08  3.29992142e+00 
 6.44175000e-08  3.29992306e+00 
 6.44337500e-08  3.29992926e+00 
 6.44500000e-08  3.29994018e+00 
 6.44525000e-08  3.29994247e+00 
 6.44575000e-08  3.29994736e+00 
 6.44675000e-08  3.29995897e+00 
 6.44837500e-08  3.29997930e+00 
 6.45000000e-08  3.29999576e+00 
 6.45025000e-08  3.29999747e+00 
 6.45075000e-08  3.30000062e+00 
 6.45175000e-08  3.30000527e+00 
 6.45337500e-08  3.30000546e+00 
 6.45500000e-08  3.29999915e+00 
 6.45525000e-08  3.29999813e+00 
 6.45575000e-08  3.29999612e+00 
 6.45675000e-08  3.29999225e+00 
 6.45837500e-08  3.29998634e+00 
 6.46000000e-08  3.29998043e+00 
 6.46025000e-08  3.29997916e+00 
 6.46075000e-08  3.29997644e+00 
 6.46175000e-08  3.29996919e+00 
 6.46337500e-08  3.29995617e+00 
 6.46500000e-08  3.29995619e+00 
 6.46525000e-08  3.29995690e+00 
 6.46575000e-08  3.29995823e+00 
 6.46675000e-08  3.29996241e+00 
 6.46837500e-08  3.29997654e+00 
 6.47000000e-08  3.30000556e+00 
 6.47025000e-08  3.30001167e+00 
 6.47075000e-08  3.30002413e+00 
 6.47175000e-08  3.30004458e+00 
 6.47337500e-08  3.30005055e+00 
 6.47500000e-08  3.30000936e+00 
 6.47525000e-08  3.29999806e+00 
 6.47575000e-08  3.29997591e+00 
 6.47675000e-08  3.29992282e+00 
 6.47837500e-08  3.29983340e+00 
 6.48000000e-08  3.29976831e+00 
 6.48025000e-08  3.29976057e+00 
 6.48075000e-08  3.29974652e+00 
 6.48175000e-08  3.29972971e+00 
 6.48337500e-08  3.29973103e+00 
 6.48500000e-08  3.29976129e+00 
 6.48525000e-08  3.29977187e+00 
 6.48575000e-08  3.29979238e+00 
 6.48675000e-08  3.29982701e+00 
 6.48837500e-08  3.29987224e+00 
 6.49000000e-08  3.29989701e+00 
 6.49025000e-08  3.29990020e+00 
 6.49075000e-08  3.29990636e+00 
 6.49175000e-08  3.29992357e+00 
 6.49337500e-08  3.29995722e+00 
 6.49500000e-08  3.29998583e+00 
 6.49525000e-08  3.29998931e+00 
 6.49575000e-08  3.29999564e+00 
 6.49675000e-08  3.30000547e+00 
 6.49837500e-08  3.30000990e+00 
 6.50000000e-08  3.30000173e+00 
 6.50025000e-08  3.29999942e+00 
 6.50075000e-08  3.29999423e+00 
 6.50175000e-08  3.29998030e+00 
 6.50337500e-08  3.29994979e+00 
 6.50500000e-08  3.29990674e+00 
 6.50525000e-08  3.29989860e+00 
 6.50575000e-08  3.29987974e+00 
 6.50675000e-08  3.29983496e+00 
 6.50837500e-08  3.29974788e+00 
 6.51000000e-08  3.29967032e+00 
 6.51025000e-08  3.29966317e+00 
 6.51075000e-08  3.29965060e+00 
 6.51175000e-08  3.29964087e+00 
 6.51337500e-08  3.29965495e+00 
 6.51500000e-08  3.29969376e+00 
 6.51525000e-08  3.29970218e+00 
 6.51575000e-08  3.29971940e+00 
 6.51675000e-08  3.29976346e+00 
 6.51837500e-08  3.29987415e+00 
 6.52000000e-08  3.30005901e+00 
 6.52025000e-08  3.30010043e+00 
 6.52075000e-08  3.30018657e+00 
 6.52175000e-08  3.30037975e+00 
 6.52337500e-08  3.30073969e+00 
 6.52500000e-08  3.30112946e+00 
 6.52525000e-08  3.30118674e+00 
 6.52575000e-08  3.30130102e+00 
 6.52675000e-08  3.30152801e+00 
 6.52837500e-08  3.30189599e+00 
 6.53000000e-08  3.30227331e+00 
 6.53025000e-08  3.30233277e+00 
 6.53075000e-08  3.30245296e+00 
 6.53175000e-08  3.30269715e+00 
 6.53337500e-08  3.30309914e+00 
 6.53500000e-08  3.30351337e+00 
 6.53525000e-08  3.30357765e+00 
 6.53575000e-08  3.30370732e+00 
 6.53675000e-08  3.30395962e+00 
 6.53837500e-08  3.30431958e+00 
 6.54000000e-08  3.30461074e+00 
 6.54025000e-08  3.30465016e+00 
 6.54075000e-08  3.30473021e+00 
 6.54175000e-08  3.30489830e+00 
 6.54337500e-08  3.30521343e+00 
 6.54500000e-08  3.30561060e+00 
 6.54525000e-08  3.30568154e+00 
 6.54575000e-08  3.30583075e+00 
 6.54675000e-08  3.30616970e+00 
 6.54837500e-08  3.30684622e+00 
 6.55000000e-08  3.30771894e+00 
 6.55025000e-08  3.30787521e+00 
 6.55075000e-08  3.30820532e+00 
 6.55175000e-08  3.30896216e+00 
 6.55337500e-08  3.31053291e+00 
 6.55500000e-08  3.31270192e+00 
 6.55525000e-08  3.31310720e+00 
 6.55575000e-08  3.31397403e+00 
 6.55675000e-08  3.31592605e+00 
 6.55837500e-08  3.31897757e+00 
 6.56000000e-08  3.31879580e+00 
 6.56025000e-08  3.31808643e+00 
 6.56075000e-08  3.31610705e+00 
 6.56175000e-08  3.30834945e+00 
 6.56337500e-08  3.28439317e+00 
 6.56500000e-08  3.24376686e+00 
 6.56525000e-08  3.23551975e+00 
 6.56575000e-08  3.21797840e+00 
 6.56675000e-08  3.17622618e+00 
 6.56837500e-08  3.08545826e+00 
 6.57000000e-08  2.95346342e+00 
 6.57025000e-08  2.92733206e+00 
 6.57075000e-08  2.87010512e+00 
 6.57175000e-08  2.71432956e+00 
 6.57337500e-08  2.27724348e+00 
 6.57500000e-08  1.61692074e+00 
 6.57525000e-08  1.49481420e+00 
 6.57575000e-08  1.24359419e+00 
 6.57675000e-08  7.49503002e-01 
 6.57817564e-08  2.70630137e-01 
 6.57908782e-08  1.29977287e-01 
 6.58000000e-08  6.77589611e-02 
 6.58018244e-08  6.14815013e-02 
 6.58054731e-08  5.06063510e-02 
 6.58127705e-08  3.63430989e-02 
 6.58273655e-08  2.15560482e-02 
 6.58500000e-08  1.16343764e-02 
 6.58525000e-08  1.10219122e-02 
 6.58575000e-08  9.83091024e-03 
 6.58675000e-08  7.74506271e-03 
 6.58837500e-08  5.17433376e-03 
 6.59000000e-08  3.41235305e-03 
 6.59025000e-08  3.20521450e-03 
 6.59075000e-08  2.81564365e-03 
 6.59175000e-08  2.16738124e-03 
 6.59337500e-08  1.40730338e-03 
 6.59500000e-08  9.15594965e-04 
 6.59525000e-08  8.60146632e-04 
 6.59575000e-08  7.56936180e-04 
 6.59675000e-08  5.88889329e-04 
 6.59837500e-08  3.98301912e-04 
 6.60000000e-08  2.77717166e-04 
 6.60025000e-08  2.64026384e-04 
 6.60075000e-08  2.38530898e-04 
 6.60175000e-08  1.96572906e-04 
 6.60337500e-08  1.47473160e-04 
 6.60500000e-08  1.14860910e-04 
 6.60525000e-08  1.10984953e-04 
 6.60575000e-08  1.03631979e-04 
 6.60675000e-08  9.11090771e-05 
 6.60837500e-08  7.56124240e-05 
 6.61000000e-08  6.41601973e-05 
 6.61025000e-08  6.27647578e-05 
 6.61075000e-08  6.01673152e-05 
 6.61175000e-08  5.56160611e-05 
 6.61337500e-08  4.87787007e-05 
 6.61500000e-08  4.18468554e-05 
 6.61525000e-08  4.07395532e-05 
 6.61575000e-08  3.84154392e-05 
 6.61675000e-08  3.39304784e-05 
 6.61837500e-08  2.74969712e-05 
 6.62000000e-08  1.79855775e-05 
 6.62025000e-08  1.63832394e-05 
 6.62075000e-08  1.32381745e-05 
 6.62175000e-08  8.92099988e-06 
 6.62337500e-08  6.27656629e-06 
 6.62500000e-08  6.89934199e-06 
 6.62525000e-08  7.14620509e-06 
 6.62575000e-08  7.54275305e-06 
 6.62675000e-08  8.34896935e-06 
 6.62837500e-08  9.56215505e-06 
 6.63000000e-08  1.08290465e-05 
 6.63025000e-08  1.10982892e-05 
 6.63075000e-08  1.15711954e-05 
 6.63175000e-08  1.22736507e-05 
 6.63337500e-08  1.14399676e-05 
 6.63500000e-08  7.40883514e-06 
 6.63525000e-08  6.44907147e-06 
 6.63575000e-08  4.30947304e-06 
 6.63675000e-08 -3.57544319e-07 
 6.63837500e-08 -6.96201843e-06 
 6.64000000e-08 -9.63537109e-06 
 6.64025000e-08 -9.67308868e-06 
 6.64075000e-08 -9.66547247e-06 
 6.64175000e-08 -9.06306998e-06 
 6.64337500e-08 -6.59793395e-06 
 6.64500000e-08 -2.27377657e-06 
 6.64525000e-08 -1.08583814e-06 
 6.64575000e-08  8.75795553e-07 
 6.64675000e-08  3.75102625e-06 
 6.64837500e-08  7.79656227e-06 
 6.65000000e-08  1.12541903e-05 
 6.65025000e-08  1.15899658e-05 
 6.65075000e-08  1.20920703e-05 
 6.65175000e-08  1.26470877e-05 
 6.65337500e-08  1.27350353e-05 
 6.65500000e-08  1.17013624e-05 
 6.65525000e-08  1.13895133e-05 
 6.65575000e-08  1.06242062e-05 
 6.65675000e-08  8.76301153e-06 
 6.65837500e-08  5.59435780e-06 
 6.66000000e-08  2.01123953e-06 
 6.66025000e-08  1.55043560e-06 
 6.66075000e-08  7.72728656e-07 
 6.66175000e-08 -4.43427178e-07 
 6.66337500e-08 -3.70974393e-06 
 6.66500000e-08 -9.91422810e-06 
 6.66525000e-08 -1.12952172e-05 
 6.66575000e-08 -1.47661724e-05 
 6.66675000e-08 -2.16645510e-05 
 6.66837500e-08 -2.79352452e-05 
 6.67000000e-08 -2.61292369e-05 
 6.67025000e-08 -2.48099689e-05 
 6.67075000e-08 -2.21233087e-05 
 6.67175000e-08 -1.44129079e-05 
 6.67337500e-08  4.86940412e-06 
 6.67500000e-08  3.46956702e-05 
 6.67525000e-08  4.03014370e-05 
 6.67575000e-08  5.16364033e-05 
 6.67675000e-08  7.41685392e-05 
 6.67837500e-08  1.08139912e-04 
 6.68000000e-08  1.26546875e-04 
 6.68025000e-08  1.27544359e-04 
 6.68075000e-08  1.29182650e-04 
 6.68175000e-08  1.29419059e-04 
 6.68337500e-08  1.19583578e-04 
 6.68500000e-08  1.08633917e-04 
 6.68525000e-08  1.07245910e-04 
 6.68575000e-08  1.05020755e-04 
 6.68675000e-08  9.92774052e-05 
 6.68837500e-08  8.22275252e-05 
 6.69000000e-08  4.73872491e-05 
 6.69025000e-08  4.03878992e-05 
 6.69075000e-08  2.73027401e-05 
 6.69175000e-08  5.86616966e-06 
 6.69337500e-08 -1.28937138e-05 
 6.69500000e-08 -9.86081004e-06 
 6.69525000e-08 -7.54899253e-06 
 6.69575000e-08 -1.50643688e-06 
 6.69675000e-08  1.52632606e-05 
 6.69837500e-08  5.85028449e-05 
 6.70000000e-08  1.23090727e-04 
 6.70025000e-08  1.33051033e-04 
 6.70075000e-08  1.52804579e-04 
 6.70175000e-08  1.81771851e-04 
 6.70337500e-08  1.87096996e-04 
 6.70500000e-08  1.13060188e-04 
 6.70525000e-08  9.03339929e-05 
 6.70575000e-08  3.68217663e-05 
 6.70675000e-08 -1.29423479e-04 
 6.70837500e-08 -5.46124963e-04 
 6.71000000e-08 -1.08768439e-03 
 6.71025000e-08 -1.15996413e-03 
 6.71075000e-08 -1.31648171e-03 
 6.71175000e-08 -1.66850566e-03 
 6.71337500e-08 -2.24751121e-03 
 6.71500000e-08 -2.79046671e-03 
 6.71525000e-08 -2.86972738e-03 
 6.71575000e-08 -3.02785631e-03 
 6.71675000e-08 -3.33922801e-03 
 6.71837500e-08 -3.84066565e-03 
 6.72000000e-08 -4.35811364e-03 
 6.72025000e-08 -4.43763510e-03 
 6.72075000e-08 -4.60298426e-03 
 6.72175000e-08 -4.95199992e-03 
 6.72337500e-08 -5.57188656e-03 
 6.72500000e-08 -6.28614652e-03 
 6.72525000e-08 -6.40497776e-03 
 6.72575000e-08 -6.66202561e-03 
 6.72675000e-08 -7.22186781e-03 
 6.72837500e-08 -8.33188902e-03 
 6.73000000e-08 -9.81458014e-03 
 6.73025000e-08 -1.00691742e-02 
 6.73075000e-08 -1.06291513e-02 
 6.73175000e-08 -1.17728159e-02 
 6.73337500e-08 -1.31572894e-02 
 6.73500000e-08 -1.20320779e-02 
 6.73525000e-08 -1.14046884e-02 
 6.73575000e-08 -9.82931423e-03 
 6.73675000e-08 -4.54740057e-03 
 6.73837500e-08  1.05308128e-02 
 6.74000000e-08  3.56802647e-02 
 6.74025000e-08  4.07443453e-02 
 6.74075000e-08  5.15684264e-02 
 6.74175000e-08  7.77277330e-02 
 6.74337500e-08  1.36202192e-01 
 6.74500000e-08  2.23694680e-01 
 6.74525000e-08  2.41115506e-01 
 6.74575000e-08  2.78892693e-01 
 6.74675000e-08  3.76466315e-01 
 6.74837500e-08  6.56176984e-01 
 6.75000000e-08  1.13817945e+00 
 6.75025000e-08  1.23344338e+00 
 6.75075000e-08  1.43307008e+00 
 6.75175000e-08  1.87756689e+00 
 6.75337500e-08  2.55275184e+00 
 6.75500000e-08  2.96324214e+00 
 6.75525000e-08  3.00043035e+00 
 6.75575000e-08  3.06624185e+00 
 6.75675000e-08  3.15705502e+00 
 6.75837500e-08  3.23146012e+00 
 6.76000000e-08  3.26060607e+00 
 6.76025000e-08  3.26314375e+00 
 6.76075000e-08  3.26783081e+00 
 6.76175000e-08  3.27525942e+00 
 6.76337500e-08  3.28357671e+00 
 6.76500000e-08  3.28887217e+00 
 6.76525000e-08  3.28947250e+00 
 6.76575000e-08  3.29060094e+00 
 6.76675000e-08  3.29246895e+00 
 6.76837500e-08  3.29464983e+00 
 6.77000000e-08  3.29607378e+00 
 6.77025000e-08  3.29623709e+00 
 6.77075000e-08  3.29654495e+00 
 6.77175000e-08  3.29706154e+00 
 6.77337500e-08  3.29768893e+00 
 6.77500000e-08  3.29813443e+00 
 6.77525000e-08  3.29818975e+00 
 6.77575000e-08  3.29829597e+00 
 6.77675000e-08  3.29848553e+00 
 6.77837500e-08  3.29873870e+00 
 6.78000000e-08  3.29892777e+00 
 6.78025000e-08  3.29895420e+00 
 6.78075000e-08  3.29900628e+00 
 6.78175000e-08  3.29911659e+00 
 6.78337500e-08  3.29930222e+00 
 6.78500000e-08  3.29947262e+00 
 6.78525000e-08  3.29949562e+00 
 6.78575000e-08  3.29953930e+00 
 6.78675000e-08  3.29961679e+00 
 6.78837500e-08  3.29972185e+00 
 6.79000000e-08  3.29979963e+00 
 6.79025000e-08  3.29980933e+00 
 6.79075000e-08  3.29982748e+00 
 6.79175000e-08  3.29985774e+00 
 6.79337500e-08  3.29989208e+00 
 6.79500000e-08  3.29991279e+00 
 6.79525000e-08  3.29991516e+00 
 6.79575000e-08  3.29991916e+00 
 6.79675000e-08  3.29992515e+00 
 6.79837500e-08  3.29993155e+00 
 6.80000000e-08  3.29993577e+00 
 6.80025000e-08  3.29993648e+00 
 6.80075000e-08  3.29993784e+00 
 6.80175000e-08  3.29994129e+00 
 6.80337500e-08  3.29994719e+00 
 6.80500000e-08  3.29995875e+00 
 6.80525000e-08  3.29996152e+00 
 6.80575000e-08  3.29996763e+00 
 6.80675000e-08  3.29997778e+00 
 6.80837500e-08  3.29998228e+00 
 6.81000000e-08  3.29997334e+00 
 6.81025000e-08  3.29997128e+00 
 6.81075000e-08  3.29996715e+00 
 6.81175000e-08  3.29995895e+00 
 6.81337500e-08  3.29994701e+00 
 6.81500000e-08  3.29993776e+00 
 6.81525000e-08  3.29993673e+00 
 6.81575000e-08  3.29993478e+00 
 6.81675000e-08  3.29993164e+00 
 6.81837500e-08  3.29992797e+00 
 6.82000000e-08  3.29992518e+00 
 6.82025000e-08  3.29992477e+00 
 6.82075000e-08  3.29992355e+00 
 6.82175000e-08  3.29992152e+00 
 6.82337500e-08  3.29992038e+00 
 6.82500000e-08  3.29992289e+00 
 6.82525000e-08  3.29992383e+00 
 6.82575000e-08  3.29992570e+00 
 6.82675000e-08  3.29993048e+00 
 6.82837500e-08  3.29994103e+00 
 6.83000000e-08  3.29995640e+00 
 6.83025000e-08  3.29995930e+00 
 6.83075000e-08  3.29996527e+00 
 6.83175000e-08  3.29997760e+00 
 6.83337500e-08  3.29999463e+00 
 6.83500000e-08  3.30000421e+00 
 6.83525000e-08  3.30000491e+00 
 6.83575000e-08  3.30000597e+00 
 6.83675000e-08  3.30000514e+00 
 6.83837500e-08  3.29999969e+00 
 6.84000000e-08  3.29999406e+00 
 6.84025000e-08  3.29999326e+00 
 6.84075000e-08  3.29999178e+00 
 6.84175000e-08  3.29998905e+00 
 6.84337500e-08  3.29998372e+00 
 6.84500000e-08  3.29997409e+00 
 6.84525000e-08  3.29997160e+00 
 6.84575000e-08  3.29996642e+00 
 6.84675000e-08  3.29995614e+00 
 6.84837500e-08  3.29995233e+00 
 6.85000000e-08  3.29995641e+00 
 6.85025000e-08  3.29995738e+00 
 6.85075000e-08  3.29996022e+00 
 6.85175000e-08  3.29997017e+00 
 6.85337500e-08  3.29999819e+00 
 6.85500000e-08  3.30003834e+00 
 6.85525000e-08  3.30004317e+00 
 6.85575000e-08  3.30005126e+00 
 6.85675000e-08  3.30005509e+00 
 6.85837500e-08  3.30002181e+00 
 6.86000000e-08  3.29994713e+00 
 6.86025000e-08  3.29993271e+00 
 6.86075000e-08  3.29990349e+00 
 6.86175000e-08  3.29984643e+00 
 6.86337500e-08  3.29977690e+00 
 6.86500000e-08  3.29973203e+00 
 6.86525000e-08  3.29972936e+00 
 6.86575000e-08  3.29972617e+00 
 6.86675000e-08  3.29972960e+00 
 6.86837500e-08  3.29975721e+00 
 6.87000000e-08  3.29981700e+00 
 6.87025000e-08  3.29982525e+00 
 6.87075000e-08  3.29984053e+00 
 6.87175000e-08  3.29986662e+00 
 6.87337500e-08  3.29989270e+00 
 6.87500000e-08  3.29991414e+00 
 6.87525000e-08  3.29992037e+00 
 6.87575000e-08  3.29993230e+00 
 6.87675000e-08  3.29995483e+00 
 6.87837500e-08  3.29998371e+00 
 6.88000000e-08  3.30000048e+00 
 6.88025000e-08  3.30000202e+00 
 6.88075000e-08  3.30000420e+00 
 6.88175000e-08  3.30000514e+00 
 6.88337500e-08  3.29999808e+00 
 6.88500000e-08  3.29998264e+00 
 6.88525000e-08  3.29997951e+00 
 6.88575000e-08  3.29997230e+00 
 6.88675000e-08  3.29995465e+00 
 6.88837500e-08  3.29991555e+00 
 6.89000000e-08  3.29985695e+00 
 6.89025000e-08  3.29984593e+00 
 6.89075000e-08  3.29982096e+00 
 6.89175000e-08  3.29976687e+00 
 6.89337500e-08  3.29968720e+00 
 6.89500000e-08  3.29964773e+00 
 6.89525000e-08  3.29964711e+00 
 6.89575000e-08  3.29964643e+00 
 6.89675000e-08  3.29965406e+00 
 6.89837500e-08  3.29968512e+00 
 6.90000000e-08  3.29974016e+00 
 6.90025000e-08  3.29975200e+00 
 6.90075000e-08  3.29977759e+00 
 6.90175000e-08  3.29984629e+00 
 6.90337500e-08  3.30001900e+00 
 6.90500000e-08  3.30029861e+00 
 6.90525000e-08  3.30034882e+00 
 6.90575000e-08  3.30045222e+00 
 6.90675000e-08  3.30067509e+00 
 6.90837500e-08  3.30106112e+00 
 6.91000000e-08  3.30143905e+00 
 6.91025000e-08  3.30149180e+00 
 6.91075000e-08  3.30160073e+00 
 6.91175000e-08  3.30182608e+00 
 6.91337500e-08  3.30219607e+00 
 6.91500000e-08  3.30258434e+00 
 6.91525000e-08  3.30264546e+00 
 6.91575000e-08  3.30276774e+00 
 6.91675000e-08  3.30301537e+00 
 6.91837500e-08  3.30342807e+00 
 6.92000000e-08  3.30384838e+00 
 6.92025000e-08  3.30391027e+00 
 6.92075000e-08  3.30403225e+00 
 6.92175000e-08  3.30425431e+00 
 6.92337500e-08  3.30455666e+00 
 6.92500000e-08  3.30482497e+00 
 6.92525000e-08  3.30486664e+00 
 6.92575000e-08  3.30495365e+00 
 6.92675000e-08  3.30514852e+00 
 6.92837500e-08  3.30553402e+00 
 6.93000000e-08  3.30602818e+00 
 6.93025000e-08  3.30611642e+00 
 6.93075000e-08  3.30630186e+00 
 6.93175000e-08  3.30672208e+00 
 6.93337500e-08  3.30756315e+00 
 6.93500000e-08  3.30866038e+00 
 6.93525000e-08  3.30885895e+00 
 6.93575000e-08  3.30928048e+00 
 6.93675000e-08  3.31025477e+00 
 6.93837500e-08  3.31230490e+00 
 6.94000000e-08  3.31510750e+00 
 6.94025000e-08  3.31561090e+00 
 6.94075000e-08  3.31665052e+00 
 6.94175000e-08  3.31861520e+00 
 6.94337500e-08  3.31929695e+00 
 6.94500000e-08  3.31201014e+00 
 6.94525000e-08  3.30967361e+00 
 6.94575000e-08  3.30424293e+00 
 6.94675000e-08  3.28966036e+00 
 6.94837500e-08  3.25219434e+00 
 6.95000000e-08  3.19441650e+00 
 6.95025000e-08  3.18322138e+00 
 6.95075000e-08  3.15952780e+00 
 6.95175000e-08  3.10358489e+00 
 6.95337500e-08  2.98045469e+00 
 6.95500000e-08  2.78424017e+00 
 6.95525000e-08  2.74087655e+00 
 6.95575000e-08  2.64104260e+00 
 6.95675000e-08  2.37067754e+00 
 6.95837500e-08  1.74697160e+00 
 6.96000000e-08  9.51466645e-01 
 6.96025000e-08  8.27471187e-01 
 6.96075000e-08  6.02795328e-01 
 6.96175000e-08  2.87053547e-01 
 6.96340639e-08  6.99806835e-02 
 6.96500000e-08  3.17779846e-02 
 6.96523365e-08  2.99046998e-02 
 6.96570096e-08  2.62552479e-02 
 6.96663557e-08  2.02487440e-02 
 6.96831779e-08  1.29087098e-02 
 6.97000000e-08  8.54181906e-03 
 6.97025000e-08  8.05601536e-03 
 6.97075000e-08  7.13327626e-03 
 6.97175000e-08  5.57009551e-03 
 6.97337500e-08  3.68193230e-03 
 6.97500000e-08  2.40502070e-03 
 6.97525000e-08  2.25692685e-03 
 6.97575000e-08  1.97909333e-03 
 6.97675000e-08  1.51977760e-03 
 6.97837500e-08  9.87447831e-04 
 6.98000000e-08  6.48108009e-04 
 6.98025000e-08  6.10331863e-04 
 6.98075000e-08  5.40287973e-04 
 6.98175000e-08  4.26569379e-04 
 6.98337500e-08  2.96913410e-04 
 6.98500000e-08  2.13419419e-04 
 6.98525000e-08  2.03815036e-04 
 6.98575000e-08  1.85824565e-04 
 6.98675000e-08  1.55893388e-04 
 6.98837500e-08  1.20382407e-04 
 6.99000000e-08  9.64173027e-05 
 6.99025000e-08  9.35186985e-05 
 6.99075000e-08  8.79678297e-05 
 6.99175000e-08  7.83175769e-05 
 6.99337500e-08  6.59180818e-05 
 6.99500000e-08  5.61647245e-05 
 6.99525000e-08  5.48952945e-05 
 6.99575000e-08  5.25368140e-05 
 6.99675000e-08  4.83605463e-05 
 6.99837500e-08  4.17958569e-05 
 7.00000000e-08  3.57799575e-05 
 7.00025000e-08  3.48607126e-05 
 7.00075000e-08  3.33076029e-05 
 7.00175000e-08  2.94622027e-05 
 7.00337500e-08  2.07063900e-05 
 7.00500000e-08  1.00331064e-05 
 7.00525000e-08  9.17516373e-06 
 7.00575000e-08  7.66525282e-06 
 7.00675000e-08  6.36186281e-06 
 7.00837500e-08  6.83493634e-06 
 7.01000000e-08  8.42380028e-06 
 7.01025000e-08  8.65205279e-06 
 7.01075000e-08  8.93406061e-06 
 7.01175000e-08  9.33954715e-06 
 7.01337500e-08  1.00560384e-05 
 7.01500000e-08  1.10917390e-05 
 7.01525000e-08  1.12207030e-05 
 7.01575000e-08  1.12712534e-05 
 7.01675000e-08  1.06191304e-05 
 7.01837500e-08  7.28840047e-06 
 7.02000000e-08  1.34358535e-06 
 7.02025000e-08  2.94765806e-07 
 7.02075000e-08 -1.91693680e-06 
 7.02175000e-08 -5.70298043e-06 
 7.02337500e-08 -9.05971552e-06 
 7.02500000e-08 -9.16022227e-06 
 7.02525000e-08 -9.00201382e-06 
 7.02575000e-08 -8.63609621e-06 
 7.02675000e-08 -7.38126119e-06 
 7.02837500e-08 -4.02640273e-06 
 7.03000000e-08  2.13751164e-06 
 7.03025000e-08  2.69731124e-06 
 7.03075000e-08  3.88478560e-06 
 7.03175000e-08  6.51649244e-06 
 7.03337500e-08  1.05155466e-05 
 7.03500000e-08  1.24725522e-05 
 7.03525000e-08  1.26334018e-05 
 7.03575000e-08  1.28677394e-05 
 7.03675000e-08  1.29816995e-05 
 7.03837500e-08  1.22015861e-05 
 7.04000000e-08  1.03901004e-05 
 7.04025000e-08  1.00300100e-05 
 7.04075000e-08  9.21791880e-06 
 7.04175000e-08  7.28046851e-06 
 7.04337500e-08  3.72722631e-06 
 7.04500000e-08  3.26877760e-07 
 7.04525000e-08 -1.56586773e-07 
 7.04575000e-08 -1.38360991e-06 
 7.04675000e-08 -4.17464699e-06 
 7.04837500e-08 -1.00695090e-05 
 7.05000000e-08 -1.88507578e-05 
 7.05025000e-08 -2.00036021e-05 
 7.05075000e-08 -2.24224104e-05 
 7.05175000e-08 -2.49765989e-05 
 7.05337500e-08 -2.34643350e-05 
 7.05500000e-08 -1.58951992e-05 
 7.05525000e-08 -1.40530454e-05 
 7.05575000e-08 -1.03587649e-05 
 7.05675000e-08 -1.80749799e-07 
 7.05837500e-08  2.53602222e-05 
 7.06000000e-08  6.11324242e-05 
 7.06025000e-08  6.68243640e-05 
 7.06075000e-08  7.78498661e-05 
 7.06175000e-08  1.00359466e-04 
 7.06337500e-08  1.23879680e-04 
 7.06500000e-08  1.30095486e-04 
 7.06525000e-08  1.29980786e-04 
 7.06575000e-08  1.27108389e-04 
 7.06675000e-08  1.22036872e-04 
 7.06837500e-08  1.09567147e-04 
 7.07000000e-08  9.98978436e-05 
 7.07025000e-08  9.85244943e-05 
 7.07075000e-08  9.61544562e-05 
 7.07175000e-08  8.72574881e-05 
 7.07337500e-08  5.64051387e-05 
 7.07500000e-08  1.63183427e-05 
 7.07525000e-08  1.08707662e-05 
 7.07575000e-08  1.52738498e-06 
 7.07675000e-08 -1.03983200e-05 
 7.07837500e-08 -1.13172754e-05 
 7.08000000e-08  6.60598493e-06 
 7.08025000e-08  1.07700627e-05 
 7.08075000e-08  2.06872808e-05 
 7.08175000e-08  4.64333083e-05 
 7.08337500e-08  1.05234320e-04 
 7.08500000e-08  1.66871450e-04 
 7.08525000e-08  1.73213827e-04 
 7.08575000e-08  1.84141729e-04 
 7.08675000e-08  1.89884200e-04 
 7.08837500e-08  1.40481838e-04 
 7.09000000e-08 -2.82131047e-05 
 7.09025000e-08 -7.22959271e-05 
 7.09075000e-08 -1.69591147e-04 
 7.09175000e-08 -4.18402701e-04 
 7.09337500e-08 -9.40317587e-04 
 7.09500000e-08 -1.45238412e-03 
 7.09525000e-08 -1.54372166e-03 
 7.09575000e-08 -1.72574081e-03 
 7.09675000e-08 -2.08303062e-03 
 7.09837500e-08 -2.63439956e-03 
 7.10000000e-08 -3.15389652e-03 
 7.10025000e-08 -3.23084897e-03 
 7.10075000e-08 -3.38559913e-03 
 7.10175000e-08 -3.69370725e-03 
 7.10337500e-08 -4.20570712e-03 
 7.10500000e-08 -4.73994941e-03 
 7.10525000e-08 -4.82579394e-03 
 7.10575000e-08 -5.00413568e-03 
 7.10675000e-08 -5.37932486e-03 
 7.10837500e-08 -6.05752045e-03 
 7.11000000e-08 -6.86672337e-03 
 7.11025000e-08 -7.00428494e-03 
 7.11075000e-08 -7.30784696e-03 
 7.11175000e-08 -7.98397125e-03 
 7.11337500e-08 -9.35299567e-03 
 7.11500000e-08 -1.11000963e-02 
 7.11525000e-08 -1.13767366e-02 
 7.11575000e-08 -1.19581301e-02 
 7.11675000e-08 -1.29317543e-02 
 7.11837500e-08 -1.28028888e-02 
 7.12000000e-08 -8.00175191e-03 
 7.12025000e-08 -6.59364846e-03 
 7.12075000e-08 -3.38072490e-03 
 7.12175000e-08  5.30065107e-03 
 7.12337500e-08  2.72879226e-02 
 7.12500000e-08  6.16448076e-02 
 7.12525000e-08  6.83673536e-02 
 7.12575000e-08  8.26962575e-02 
 7.12675000e-08  1.17182565e-01 
 7.12837500e-08  1.95169310e-01 
 7.13000000e-08  3.16636712e-01 
 7.13025000e-08  3.41759927e-01 
 7.13075000e-08  3.97547064e-01 
 7.13175000e-08  5.54261178e-01 
 7.13337500e-08  9.78438499e-01 
 7.13500000e-08  1.60623048e+00 
 7.13525000e-08  1.72065330e+00 
 7.13575000e-08  1.95424360e+00 
 7.13675000e-08  2.40029291e+00 
 7.13837500e-08  2.88175746e+00 
 7.14000000e-08  3.11705064e+00 
 7.14025000e-08  3.13630440e+00 
 7.14075000e-08  3.17021168e+00 
 7.14175000e-08  3.21626609e+00 
 7.14337500e-08  3.25455026e+00 
 7.14500000e-08  3.27157054e+00 
 7.14525000e-08  3.27326656e+00 
 7.14575000e-08  3.27643935e+00 
 7.14675000e-08  3.28162867e+00 
 7.14837500e-08  3.28762333e+00 
 7.15000000e-08  3.29150371e+00 
 7.15025000e-08  3.29194553e+00 
 7.15075000e-08  3.29277436e+00 
 7.15175000e-08  3.29414296e+00 
 7.15337500e-08  3.29574163e+00 
 7.15500000e-08  3.29679463e+00 
 7.15525000e-08  3.29691678e+00 
 7.15575000e-08  3.29714778e+00 
 7.15675000e-08  3.29753961e+00 
 7.15837500e-08  3.29802656e+00 
 7.16000000e-08  3.29838499e+00 
 7.16025000e-08  3.29843062e+00 
 7.16075000e-08  3.29851830e+00 
 7.16175000e-08  3.29867499e+00 
 7.16337500e-08  3.29887921e+00 
 7.16500000e-08  3.29905073e+00 
 7.16525000e-08  3.29907967e+00 
 7.16575000e-08  3.29913736e+00 
 7.16675000e-08  3.29925352e+00 
 7.16837500e-08  3.29942959e+00 
 7.17000000e-08  3.29957625e+00 
 7.17025000e-08  3.29959550e+00 
 7.17075000e-08  3.29963256e+00 
 7.17175000e-08  3.29969876e+00 
 7.17337500e-08  3.29978356e+00 
 7.17500000e-08  3.29984396e+00 
 7.17525000e-08  3.29985098e+00 
 7.17575000e-08  3.29986371e+00 
 7.17675000e-08  3.29988393e+00 
 7.17837500e-08  3.29990609e+00 
 7.18000000e-08  3.29991979e+00 
 7.18025000e-08  3.29992135e+00 
 7.18075000e-08  3.29992382e+00 
 7.18175000e-08  3.29992743e+00 
 7.18337500e-08  3.29993141e+00 
 7.18500000e-08  3.29993540e+00 
 7.18525000e-08  3.29993645e+00 
 7.18575000e-08  3.29993849e+00 
 7.18675000e-08  3.29994323e+00 
 7.18837500e-08  3.29995444e+00 
 7.19000000e-08  3.29997265e+00 
 7.19025000e-08  3.29997501e+00 
 7.19075000e-08  3.29997933e+00 
 7.19175000e-08  3.29998279e+00 
 7.19337500e-08  3.29997719e+00 
 7.19500000e-08  3.29996500e+00 
 7.19525000e-08  3.29996295e+00 
 7.19575000e-08  3.29995873e+00 
 7.19675000e-08  3.29995042e+00 
 7.19837500e-08  3.29993915e+00 
 7.20000000e-08  3.29993130e+00 
 7.20025000e-08  3.29993055e+00 
 7.20075000e-08  3.29992921e+00 
 7.20175000e-08  3.29992742e+00 
 7.20337500e-08  3.29992538e+00 
 7.20500000e-08  3.29992279e+00 
 7.20525000e-08  3.29992230e+00 
 7.20575000e-08  3.29992121e+00 
 7.20675000e-08  3.29991987e+00 
 7.20837500e-08  3.29992112e+00 
 7.21000000e-08  3.29992704e+00 
 7.21025000e-08  3.29992847e+00 
 7.21075000e-08  3.29993139e+00 
 7.21175000e-08  3.29993841e+00 
 7.21337500e-08  3.29995339e+00 
 7.21500000e-08  3.29997241e+00 
 7.21525000e-08  3.29997552e+00 
 7.21575000e-08  3.29998159e+00 
 7.21675000e-08  3.29999235e+00 
 7.21837500e-08  3.30000340e+00 
 7.22000000e-08  3.30000694e+00 
 7.22025000e-08  3.30000614e+00 
 7.22075000e-08  3.30000468e+00 
 7.22175000e-08  3.30000087e+00 
 7.22337500e-08  3.29999451e+00 
 7.22500000e-08  3.29998916e+00 
 7.22525000e-08  3.29998838e+00 
 7.22575000e-08  3.29998692e+00 
 7.22675000e-08  3.29998379e+00 
 7.22837500e-08  3.29997518e+00 
 7.23000000e-08  3.29996143e+00 
 7.23025000e-08  3.29995911e+00 
 7.23075000e-08  3.29995495e+00 
 7.23175000e-08  3.29995475e+00 
 7.23337500e-08  3.29995939e+00 
 7.23500000e-08  3.29996788e+00 
 7.23525000e-08  3.29997028e+00 
 7.23575000e-08  3.29997622e+00 
 7.23675000e-08  3.29999310e+00 
 7.23837500e-08  3.30003170e+00 
 7.24000000e-08  3.30005550e+00 
 7.24025000e-08  3.30005517e+00 
 7.24075000e-08  3.30005188e+00 
 7.24175000e-08  3.30002948e+00 
 7.24337500e-08  3.29995951e+00 
 7.24500000e-08  3.29986803e+00 
 7.24525000e-08  3.29985412e+00 
 7.24575000e-08  3.29982889e+00 
 7.24675000e-08  3.29978855e+00 
 7.24837500e-08  3.29974043e+00 
 7.25000000e-08  3.29972863e+00 
 7.25025000e-08  3.29973026e+00 
 7.25075000e-08  3.29973420e+00 
 7.25175000e-08  3.29974817e+00 
 7.25337500e-08  3.29979754e+00 
 7.25500000e-08  3.29984999e+00 
 7.25525000e-08  3.29985663e+00 
 7.25575000e-08  3.29986864e+00 
 7.25675000e-08  3.29988622e+00 
 7.25837500e-08  3.29991265e+00 
 7.26000000e-08  3.29995010e+00 
 7.26025000e-08  3.29995624e+00 
 7.26075000e-08  3.29996734e+00 
 7.26175000e-08  3.29998508e+00 
 7.26337500e-08  3.30000320e+00 
 7.26500000e-08  3.30000898e+00 
 7.26525000e-08  3.30000873e+00 
 7.26575000e-08  3.30000745e+00 
 7.26675000e-08  3.30000204e+00 
 7.26837500e-08  3.29998742e+00 
 7.27000000e-08  3.29996396e+00 
 7.27025000e-08  3.29995951e+00 
 7.27075000e-08  3.29994937e+00 
 7.27175000e-08  3.29992506e+00 
 7.27337500e-08  3.29987166e+00 
 7.27500000e-08  3.29979452e+00 
 7.27525000e-08  3.29978144e+00 
 7.27575000e-08  3.29975338e+00 
 7.27675000e-08  3.29970195e+00 
 7.27837500e-08  3.29965074e+00 
 7.28000000e-08  3.29964576e+00 
 7.28025000e-08  3.29964924e+00 
 7.28075000e-08  3.29965627e+00 
 7.28175000e-08  3.29967716e+00 
 7.28337500e-08  3.29972829e+00 
 7.28500000e-08  3.29981223e+00 
 7.28525000e-08  3.29982990e+00 
 7.28575000e-08  3.29986845e+00 
 7.28675000e-08  3.29996941e+00 
 7.28837500e-08  3.30022222e+00 
 7.29000000e-08  3.30055225e+00 
 7.29025000e-08  3.30060882e+00 
 7.29075000e-08  3.30072381e+00 
 7.29175000e-08  3.30096198e+00 
 7.29337500e-08  3.30134647e+00 
 7.29500000e-08  3.30170612e+00 
 7.29525000e-08  3.30176177e+00 
 7.29575000e-08  3.30187094e+00 
 7.29675000e-08  3.30209474e+00 
 7.29837500e-08  3.30247650e+00 
 7.30000000e-08  3.30287129e+00 
 7.30025000e-08  3.30293267e+00 
 7.30075000e-08  3.30305660e+00 
 7.30175000e-08  3.30331077e+00 
 7.30337500e-08  3.30373230e+00 
 7.30500000e-08  3.30413326e+00 
 7.30525000e-08  3.30418691e+00 
 7.30575000e-08  3.30429115e+00 
 7.30675000e-08  3.30447837e+00 
 7.30837500e-08  3.30474984e+00 
 7.31000000e-08  3.30503089e+00 
 7.31025000e-08  3.30507852e+00 
 7.31075000e-08  3.30517879e+00 
 7.31175000e-08  3.30540744e+00 
 7.31337500e-08  3.30586588e+00 
 7.31500000e-08  3.30645550e+00 
 7.31525000e-08  3.30656069e+00 
 7.31575000e-08  3.30678179e+00 
 7.31675000e-08  3.30728349e+00 
 7.31837500e-08  3.30829729e+00 
 7.32000000e-08  3.30964350e+00 
 7.32025000e-08  3.30989024e+00 
 7.32075000e-08  3.31041677e+00 
 7.32175000e-08  3.31164400e+00 
 7.32337500e-08  3.31423148e+00 
 7.32500000e-08  3.31746732e+00 
 7.32525000e-08  3.31796742e+00 
 7.32575000e-08  3.31889348e+00 
 7.32675000e-08  3.31977994e+00 
 7.32837500e-08  3.31527060e+00 
 7.33000000e-08  3.29863651e+00 
 7.33025000e-08  3.29491771e+00 
 7.33075000e-08  3.28660113e+00 
 7.33175000e-08  3.26463757e+00 
 7.33337500e-08  3.21287683e+00 
 7.33500000e-08  3.13780474e+00 
 7.33525000e-08  3.12343607e+00 
 7.33575000e-08  3.09297744e+00 
 7.33675000e-08  3.02038196e+00 
 7.33837500e-08  2.85130042e+00 
 7.34000000e-08  2.53171982e+00 
 7.34025000e-08  2.46054283e+00 
 7.34075000e-08  2.30636182e+00 
 7.34175000e-08  1.93328906e+00 
 7.34337500e-08  1.17085425e+00 
 7.34500000e-08  4.71985736e-01 
 7.34525000e-08  3.95918037e-01 
 7.34575000e-08  2.67029241e-01 
 7.34675000e-08  1.17756157e-01 
 7.34837500e-08  3.78171299e-02 
 7.35000000e-08  2.26639449e-02 
 7.35017742e-08  2.16890437e-02 
 7.35053227e-08  1.97780640e-02 
 7.35124197e-08  1.64487381e-02 
 7.35266135e-08  1.14477452e-02 
 7.35500000e-08  6.34806457e-03 
 7.35525000e-08  5.98469469e-03 
 7.35575000e-08  5.29421223e-03 
 7.35675000e-08  4.11938248e-03 
 7.35837500e-08  2.70256708e-03 
 7.36000000e-08  1.75598050e-03 
 7.36025000e-08  1.64737101e-03 
 7.36075000e-08  1.44403495e-03 
 7.36175000e-08  1.10954364e-03 
 7.36337500e-08  7.25360717e-04 
 7.36500000e-08  4.83257612e-04 
 7.36525000e-08  4.56425499e-04 
 7.36575000e-08  4.06797345e-04 
 7.36675000e-08  3.26094225e-04 
 7.36837500e-08  2.33047378e-04 
 7.37000000e-08  1.72316512e-04 
 7.37025000e-08  1.65140001e-04 
 7.37075000e-08  1.51478663e-04 
 7.37175000e-08  1.28142948e-04 
 7.37337500e-08  1.00139507e-04 
 7.37500000e-08  8.12580508e-05 
 7.37525000e-08  7.91192106e-05 
 7.37575000e-08  7.51857048e-05 
 7.37675000e-08  6.86538696e-05 
 7.37837500e-08  5.97334992e-05 
 7.38000000e-08  5.17454023e-05 
 7.38025000e-08  5.05935326e-05 
 7.38075000e-08  4.83441944e-05 
 7.38175000e-08  4.38189770e-05 
 7.38337500e-08  3.72856810e-05 
 7.38500000e-08  3.21479594e-05 
 7.38525000e-08  3.12787901e-05 
 7.38575000e-08  2.93257482e-05 
 7.38675000e-08  2.36724428e-05 
 7.38837500e-08  1.29252032e-05 
 7.39000000e-08  6.50053536e-06 
 7.39025000e-08  6.24755313e-06 
 7.39075000e-08  5.82831746e-06 
 7.39175000e-08  5.86549073e-06 
 7.39337500e-08  7.03983748e-06 
 7.39500000e-08  8.46853554e-06 
 7.39525000e-08  8.73616543e-06 
 7.39575000e-08  9.20249023e-06 
 7.39675000e-08  1.02278849e-05 
 7.39837500e-08  1.17765532e-05 
 7.40000000e-08  1.22401993e-05 
 7.40025000e-08  1.20678490e-05 
 7.40075000e-08  1.14323074e-05 
 7.40175000e-08  9.12334115e-06 
 7.40337500e-08  3.25127922e-06 
 7.40500000e-08 -3.69565783e-06 
 7.40525000e-08 -4.60860798e-06 
 7.40575000e-08 -6.29925732e-06 
 7.40675000e-08 -8.42714770e-06 
 7.40837500e-08 -9.16791754e-06 
 7.41000000e-08 -8.07990042e-06 
 7.41025000e-08 -7.62570355e-06 
 7.41075000e-08 -6.60713945e-06 
 7.41175000e-08 -4.04084177e-06 
 7.41337500e-08  2.11340304e-06 
 7.41500000e-08  6.37194201e-06 
 7.41525000e-08  6.90429853e-06 
 7.41575000e-08  7.81411428e-06 
 7.41675000e-08  9.48473773e-06 
 7.41837500e-08  1.10600290e-05 
 7.42000000e-08  1.15474290e-05 
 7.42025000e-08  1.16536096e-05 
 7.42075000e-08  1.18355872e-05 
 7.42175000e-08  1.18819047e-05 
 7.42337500e-08  1.07760351e-05 
 7.42500000e-08  8.59447170e-06 
 7.42525000e-08  8.15242113e-06 
 7.42575000e-08  7.10695190e-06 
 7.42675000e-08  4.54404096e-06 
 7.42837500e-08  4.63202742e-07 
 7.43000000e-08 -3.33846341e-06 
 7.43025000e-08 -3.97252201e-06 
 7.43075000e-08 -5.47831279e-06 
 7.43175000e-08 -8.90359851e-06 
 7.43337500e-08 -1.65658235e-05 
 7.43500000e-08 -2.44830706e-05 
 7.43525000e-08 -2.49698873e-05 
 7.43575000e-08 -2.58507313e-05 
 7.43675000e-08 -2.48744152e-05 
 7.43837500e-08 -1.82707117e-05 
 7.44000000e-08 -5.11772718e-06 
 7.44025000e-08 -2.25769013e-06 
 7.44075000e-08  3.63280781e-06 
 7.44175000e-08  1.90985726e-05 
 7.44337500e-08  5.27116763e-05 
 7.44500000e-08  8.75199435e-05 
 7.44525000e-08  9.40394856e-05 
 7.44575000e-08  1.05405490e-04 
 7.44675000e-08  1.19458861e-04 
 7.44837500e-08  1.29977331e-04 
 7.45000000e-08  1.27028173e-04 
 7.45025000e-08  1.25635755e-04 
 7.45075000e-08  1.21765516e-04 
 7.45175000e-08  1.12972759e-04 
 7.45337500e-08  1.03014109e-04 
 7.45500000e-08  9.25247438e-05 
 7.45525000e-08  8.95485885e-05 
 7.45575000e-08  8.31889625e-05 
 7.45675000e-08  6.38614939e-05 
 7.45837500e-08  2.44995142e-05 
 7.46000000e-08 -6.31845702e-06 
 7.46025000e-08 -9.13686257e-06 
 7.46075000e-08 -1.31175656e-05 
 7.46175000e-08 -1.40770521e-05 
 7.46337500e-08 -4.40046905e-07 
 7.46500000e-08  3.05331104e-05 
 7.46525000e-08  3.72897597e-05 
 7.46575000e-08  5.31128819e-05 
 7.46675000e-08  9.11310614e-05 
 7.46837500e-08  1.56918273e-04 
 7.47000000e-08  1.93376966e-04 
 7.47025000e-08  1.93482406e-04 
 7.47075000e-08  1.90930570e-04 
 7.47175000e-08  1.62507278e-04 
 7.47337500e-08  2.42062997e-05 
 7.47500000e-08 -2.87765517e-04 
 7.47525000e-08 -3.54136154e-04 
 7.47575000e-08 -4.95303648e-04 
 7.47675000e-08 -8.20331776e-04 
 7.47837500e-08 -1.34961920e-03 
 7.48000000e-08 -1.91723103e-03 
 7.48025000e-08 -2.00602289e-03 
 7.48075000e-08 -2.18130133e-03 
 7.48175000e-08 -2.51902841e-03 
 7.48337500e-08 -3.03961318e-03 
 7.48500000e-08 -3.54156680e-03 
 7.48525000e-08 -3.61729411e-03 
 7.48575000e-08 -3.77127917e-03 
 7.48675000e-08 -4.08477249e-03 
 7.48837500e-08 -4.61304098e-03 
 7.49000000e-08 -5.19130020e-03 
 7.49025000e-08 -5.28535453e-03 
 7.49075000e-08 -5.48272619e-03 
 7.49175000e-08 -5.90107691e-03 
 7.49337500e-08 -6.67150802e-03 
 7.49500000e-08 -7.63097981e-03 
 7.49525000e-08 -7.79821267e-03 
 7.49575000e-08 -8.17335264e-03 
 7.49675000e-08 -9.01680233e-03 
 7.49837500e-08 -1.06797028e-02 
 7.50000000e-08 -1.24747741e-02 
 7.50025000e-08 -1.26957102e-02 
 7.50075000e-08 -1.30890063e-02 
 7.50175000e-08 -1.31570398e-02 
 7.50337500e-08 -9.61955141e-03 
 7.50500000e-08  7.07408358e-04 
 7.50525000e-08  2.99813268e-03 
 7.50575000e-08  8.07454247e-03 
 7.50675000e-08  2.12795710e-02 
 7.50837500e-08  5.25154232e-02 
 7.51000000e-08  9.90180307e-02 
 7.51025000e-08  1.08032237e-01 
 7.51075000e-08  1.27258099e-01 
 7.51175000e-08  1.73808046e-01 
 7.51337500e-08  2.82507883e-01 
 7.51500000e-08  4.69093991e-01 
 7.51525000e-08  5.11079700e-01 
 7.51575000e-08  6.06358409e-01 
 7.51675000e-08  8.61012424e-01 
 7.51837500e-08  1.44238129e+00 
 7.52000000e-08  2.17161644e+00 
 7.52025000e-08  2.28434739e+00 
 7.52075000e-08  2.48733160e+00 
 7.52175000e-08  2.79241173e+00 
 7.52337500e-08  3.07691996e+00 
 7.52500000e-08  3.19850349e+00 
 7.52525000e-08  3.20786473e+00 
 7.52575000e-08  3.22439725e+00 
 7.52675000e-08  3.24732503e+00 
 7.52837500e-08  3.26818234e+00 
 7.53000000e-08  3.27920249e+00 
 7.53025000e-08  3.28039580e+00 
 7.53075000e-08  3.28263833e+00 
 7.53175000e-08  3.28634618e+00 
 7.53337500e-08  3.29066913e+00 
 7.53500000e-08  3.29348008e+00 
 7.53525000e-08  3.29379952e+00 
 7.53575000e-08  3.29439948e+00 
 7.53675000e-08  3.29539350e+00 
 7.53837500e-08  3.29656335e+00 
 7.54000000e-08  3.29734637e+00 
 7.54025000e-08  3.29743863e+00 
 7.54075000e-08  3.29761384e+00 
 7.54175000e-08  3.29791539e+00 
 7.54337500e-08  3.29830104e+00 
 7.54500000e-08  3.29859511e+00 
 7.54525000e-08  3.29863305e+00 
 7.54575000e-08  3.29870497e+00 
 7.54675000e-08  3.29883095e+00 
 7.54837500e-08  3.29900664e+00 
 7.55000000e-08  3.29918978e+00 
 7.55025000e-08  3.29921944e+00 
 7.55075000e-08  3.29927716e+00 
 7.55175000e-08  3.29938542e+00 
 7.55337500e-08  3.29953732e+00 
 7.55500000e-08  3.29965908e+00 
 7.55525000e-08  3.29967531e+00 
 7.55575000e-08  3.29970612e+00 
 7.55675000e-08  3.29975996e+00 
 7.55837500e-08  3.29982708e+00 
 7.56000000e-08  3.29987165e+00 
 7.56025000e-08  3.29987662e+00 
 7.56075000e-08  3.29988558e+00 
 7.56175000e-08  3.29989986e+00 
 7.56337500e-08  3.29991595e+00 
 7.56500000e-08  3.29992612e+00 
 7.56525000e-08  3.29992743e+00 
 7.56575000e-08  3.29992963e+00 
 7.56675000e-08  3.29993346e+00 
 7.56837500e-08  3.29993859e+00 
 7.57000000e-08  3.29994501e+00 
 7.57025000e-08  3.29994608e+00 
 7.57075000e-08  3.29994830e+00 
 7.57175000e-08  3.29995425e+00 
 7.57337500e-08  3.29997009e+00 
 7.57500000e-08  3.29998346e+00 
 7.57525000e-08  3.29998340e+00 
 7.57575000e-08  3.29998263e+00 
 7.57675000e-08  3.29997740e+00 
 7.57837500e-08  3.29996435e+00 
 7.58000000e-08  3.29995089e+00 
 7.58025000e-08  3.29994930e+00 
 7.58075000e-08  3.29994649e+00 
 7.58175000e-08  3.29994236e+00 
 7.58337500e-08  3.29993721e+00 
 7.58500000e-08  3.29993308e+00 
 7.58525000e-08  3.29993245e+00 
 7.58575000e-08  3.29993096e+00 
 7.58675000e-08  3.29992773e+00 
 7.58837500e-08  3.29992289e+00 
 7.59000000e-08  3.29991939e+00 
 7.59025000e-08  3.29991931e+00 
 7.59075000e-08  3.29991923e+00 
 7.59175000e-08  3.29992034e+00 
 7.59337500e-08  3.29992564e+00 
 7.59500000e-08  3.29993449e+00 
 7.59525000e-08  3.29993620e+00 
 7.59575000e-08  3.29993966e+00 
 7.59675000e-08  3.29994796e+00 
 7.59837500e-08  3.29996542e+00 
 7.60000000e-08  3.29998442e+00 
 7.60025000e-08  3.29998709e+00 
 7.60075000e-08  3.29999202e+00 
 7.60175000e-08  3.29999960e+00 
 7.60337500e-08  3.30000640e+00 
 7.60500000e-08  3.30000328e+00 
 7.60525000e-08  3.30000230e+00 
 7.60575000e-08  3.30000027e+00 
 7.60675000e-08  3.29999688e+00 
 7.60837500e-08  3.29999198e+00 
 7.61000000e-08  3.29998710e+00 
 7.61025000e-08  3.29998616e+00 
 7.61075000e-08  3.29998424e+00 
 7.61175000e-08  3.29997851e+00 
 7.61337500e-08  3.29996457e+00 
 7.61500000e-08  3.29995320e+00 
 7.61525000e-08  3.29995337e+00 
 7.61575000e-08  3.29995387e+00 
 7.61675000e-08  3.29995510e+00 
 7.61837500e-08  3.29996194e+00 
 7.62000000e-08  3.29997988e+00 
 7.62025000e-08  3.29998425e+00 
 7.62075000e-08  3.29999450e+00 
 7.62175000e-08  3.30002042e+00 
 7.62337500e-08  3.30005245e+00 
 7.62500000e-08  3.30004585e+00 
 7.62525000e-08  3.30003961e+00 
 7.62575000e-08  3.30002437e+00 
 7.62675000e-08  3.29998145e+00 
 7.62837500e-08  3.29989388e+00 
 7.63000000e-08  3.29980903e+00 
 7.63025000e-08  3.29979916e+00 
 7.63075000e-08  3.29978008e+00 
 7.63175000e-08  3.29974795e+00 
 7.63337500e-08  3.29972688e+00 
 7.63500000e-08  3.29973909e+00 
 7.63525000e-08  3.29974387e+00 
 7.63575000e-08  3.29975450e+00 
 7.63675000e-08  3.29978905e+00 
 7.63837500e-08  3.29984498e+00 
 7.64000000e-08  3.29988306e+00 
 7.64025000e-08  3.29988661e+00 
 7.64075000e-08  3.29989200e+00 
 7.64175000e-08  3.29990485e+00 
 7.64337500e-08  3.29993594e+00 
 7.64500000e-08  3.29997101e+00 
 7.64525000e-08  3.29997577e+00 
 7.64575000e-08  3.29998418e+00 
 7.64675000e-08  3.29999616e+00 
 7.64837500e-08  3.30000491e+00 
 7.65000000e-08  3.30000150e+00 
 7.65025000e-08  3.30000018e+00 
 7.65075000e-08  3.29999717e+00 
 7.65175000e-08  3.29998882e+00 
 7.65337500e-08  3.29996840e+00 
 7.65500000e-08  3.29993728e+00 
 7.65525000e-08  3.29993146e+00 
 7.65575000e-08  3.29991815e+00 
 7.65675000e-08  3.29988633e+00 
 7.65837500e-08  3.29981654e+00 
 7.66000000e-08  3.29972976e+00 
 7.66025000e-08  3.29971791e+00 
 7.66075000e-08  3.29969486e+00 
 7.66175000e-08  3.29966317e+00 
 7.66337500e-08  3.29965015e+00 
 7.66500000e-08  3.29967225e+00 
 7.66525000e-08  3.29967818e+00 
 7.66575000e-08  3.29968947e+00 
 7.66675000e-08  3.29971705e+00 
 7.66837500e-08  3.29978561e+00 
 7.67000000e-08  3.29990851e+00 
 7.67025000e-08  3.29993507e+00 
 7.67075000e-08  3.29999320e+00 
 7.67175000e-08  3.30015276e+00 
 7.67337500e-08  3.30047316e+00 
 7.67500000e-08  3.30084571e+00 
 7.67525000e-08  3.30090519e+00 
 7.67575000e-08  3.30102436e+00 
 7.67675000e-08  3.30125702e+00 
 7.67837500e-08  3.30161874e+00 
 7.68000000e-08  3.30198158e+00 
 7.68025000e-08  3.30203833e+00 
 7.68075000e-08  3.30215249e+00 
 7.68175000e-08  3.30239019e+00 
 7.68337500e-08  3.30278685e+00 
 7.68500000e-08  3.30319323e+00 
 7.68525000e-08  3.30325693e+00 
 7.68575000e-08  3.30338626e+00 
 7.68675000e-08  3.30364935e+00 
 7.68837500e-08  3.30405912e+00 
 7.69000000e-08  3.30440488e+00 
 7.69025000e-08  3.30444828e+00 
 7.69075000e-08  3.30453342e+00 
 7.69175000e-08  3.30469612e+00 
 7.69337500e-08  3.30497117e+00 
 7.69500000e-08  3.30530177e+00 
 7.69525000e-08  3.30536060e+00 
 7.69575000e-08  3.30548463e+00 
 7.69675000e-08  3.30576785e+00 
 7.69837500e-08  3.30633423e+00 
 7.70000000e-08  3.30706142e+00 
 7.70025000e-08  3.30719140e+00 
 7.70075000e-08  3.30746510e+00 
 7.70175000e-08  3.30808811e+00 
 7.70337500e-08  3.30936107e+00 
 7.70500000e-08  3.31107839e+00 
 7.70525000e-08  3.31139827e+00 
 7.70575000e-08  3.31208375e+00 
 7.70675000e-08  3.31368064e+00 
 7.70837500e-08  3.31684457e+00 
 7.71000000e-08  3.31948655e+00 
 7.71025000e-08  3.31963400e+00 
 7.71075000e-08  3.31961513e+00 
 7.71175000e-08  3.31710195e+00 
 7.71337500e-08  3.30300859e+00 
 7.71500000e-08  3.27524073e+00 
 7.71525000e-08  3.26923256e+00 
 7.71575000e-08  3.25628020e+00 
 7.71675000e-08  3.22457120e+00 
 7.71837500e-08  3.15440756e+00 
 7.72000000e-08  3.05453404e+00 
 7.72025000e-08  3.03527799e+00 
 7.72075000e-08  2.99409858e+00 
 7.72175000e-08  2.89236867e+00 
 7.72337500e-08  2.61234825e+00 
 7.72500000e-08  2.11378353e+00 
 7.72525000e-08  2.01379533e+00 
 7.72575000e-08  1.80387344e+00 
 7.72675000e-08  1.32964014e+00 
 7.72837500e-08  5.83944547e-01 
 7.73000000e-08  1.59081383e-01 
 7.73022586e-08  1.35978451e-01 
 7.73067758e-08  9.75375880e-02 
 7.73158102e-08  5.42429406e-02 
 7.73329051e-08  2.49283217e-02 
 7.73500000e-08  1.59665015e-02 
 7.73525000e-08  1.50558371e-02 
 7.73575000e-08  1.33122237e-02 
 7.73675000e-08  1.03990188e-02 
 7.73837500e-08  6.94771346e-03 
 7.74000000e-08  4.62021524e-03 
 7.74025000e-08  4.34447697e-03 
 7.74075000e-08  3.82469643e-03 
 7.74175000e-08  2.95457675e-03 
 7.74337500e-08  1.92387336e-03 
 7.74500000e-08  1.24814560e-03 
 7.74525000e-08  1.17119297e-03 
 7.74575000e-08  1.02753685e-03 
 7.74675000e-08  7.92633976e-04 
 7.74837500e-08  5.25289037e-04 
 7.75000000e-08  3.57835469e-04 
 7.75025000e-08  3.39035406e-04 
 7.75075000e-08  3.04087218e-04 
 7.75175000e-08  2.46673416e-04 
 7.75337500e-08  1.79894147e-04 
 7.75500000e-08  1.36087256e-04 
 7.75525000e-08  1.31046667e-04 
 7.75575000e-08  1.21642736e-04 
 7.75675000e-08  1.06054289e-04 
 7.75837500e-08  8.71507567e-05 
 7.76000000e-08  7.35671801e-05 
 7.76025000e-08  7.17833153e-05 
 7.76075000e-08  6.82717060e-05 
 7.76175000e-08  6.16955350e-05 
 7.76337500e-08  5.22709290e-05 
 7.76500000e-08  4.43124787e-05 
 7.76525000e-08  4.32023323e-05 
 7.76575000e-08  4.11257710e-05 
 7.76675000e-08  3.73661740e-05 
 7.76837500e-08  3.25026242e-05 
 7.77000000e-08  2.73225062e-05 
 7.77025000e-08  2.60160744e-05 
 7.77075000e-08  2.29518285e-05 
 7.77175000e-08  1.63701253e-05 
 7.77337500e-08  8.55899696e-06 
 7.77500000e-08  6.27837489e-06 
 7.77525000e-08  6.33590752e-06 
 7.77575000e-08  6.44163505e-06 
 7.77675000e-08  7.01584045e-06 
 7.77837500e-08  8.22230573e-06 
 7.78000000e-08  9.35169105e-06 
 7.78025000e-08  9.55708744e-06 
 7.78075000e-08  9.88728379e-06 
 7.78175000e-08  1.06245249e-05 
 7.78337500e-08  1.13180214e-05 
 7.78500000e-08  9.88756508e-06 
 7.78525000e-08  9.40062617e-06 
 7.78575000e-08  8.19960355e-06 
 7.78675000e-08  4.93839202e-06 
 7.78837500e-08 -1.56613754e-06 
 7.79000000e-08 -7.14413210e-06 
 7.79025000e-08 -7.66459440e-06 
 7.79075000e-08 -8.24851435e-06 
 7.79175000e-08 -9.23958281e-06 
 7.79337500e-08 -9.09154894e-06 
 7.79500000e-08 -6.68320296e-06 
 7.79525000e-08 -6.06339118e-06 
 7.79575000e-08 -4.72825517e-06 
 7.79675000e-08 -4.00943982e-07 
 7.79837500e-08  4.50814533e-06 
 7.80000000e-08  8.46169280e-06 
 7.80025000e-08  9.08901324e-06 
 7.80075000e-08  1.01103584e-05 
 7.80175000e-08  1.12453637e-05 
 7.80337500e-08  1.18929990e-05 
 7.80500000e-08  1.18198265e-05 
 7.80525000e-08  1.17308130e-05 
 7.80575000e-08  1.14521452e-05 
 7.80675000e-08  1.05198038e-05 
 7.80837500e-08  8.30469703e-06 
 7.81000000e-08  5.37440309e-06 
 7.81025000e-08  4.93272076e-06 
 7.81075000e-08  3.88144977e-06 
 7.81175000e-08  2.11275586e-06 
 7.81337500e-08 -9.01174932e-07 
 7.81500000e-08 -5.54702403e-06 
 7.81525000e-08 -6.38709837e-06 
 7.81575000e-08 -8.45607104e-06 
 7.81675000e-08 -1.31296403e-05 
 7.81837500e-08 -2.10250735e-05 
 7.82000000e-08 -2.43391593e-05 
 7.82025000e-08 -2.39918600e-05 
 7.82075000e-08 -2.34560074e-05 
 7.82175000e-08 -2.05162243e-05 
 7.82337500e-08 -1.06077145e-05 
 7.82500000e-08  9.05395104e-06 
 7.82525000e-08  1.31563836e-05 
 7.82575000e-08  2.21254775e-05 
 7.82675000e-08  4.36243925e-05 
 7.82837500e-08  8.01144395e-05 
 7.83000000e-08  1.13856112e-04 
 7.83025000e-08  1.16616020e-04 
 7.83075000e-08  1.21302755e-04 
 7.83175000e-08  1.26792702e-04 
 7.83337500e-08  1.26058276e-04 
 7.83500000e-08  1.14845906e-04 
 7.83525000e-08  1.13067619e-04 
 7.83575000e-08  1.09674594e-04 
 7.83675000e-08  1.04267044e-04 
 7.83837500e-08  9.47486715e-05 
 7.84000000e-08  7.61812086e-05 
 7.84025000e-08  7.07508669e-05 
 7.84075000e-08  5.95571954e-05 
 7.84175000e-08  3.49203600e-05 
 7.84337500e-08  1.19986750e-06 
 7.84500000e-08 -1.46149882e-05 
 7.84525000e-08 -1.46463051e-05 
 7.84575000e-08 -1.32265293e-05 
 7.84675000e-08 -4.61062834e-06 
 7.84837500e-08  2.20549854e-05 
 7.85000000e-08  6.93891972e-05 
 7.85025000e-08  7.86300359e-05 
 7.85075000e-08  9.91929510e-05 
 7.85175000e-08  1.40774000e-04 
 7.85337500e-08  1.87593970e-04 
 7.85500000e-08  1.82677734e-04 
 7.85525000e-08  1.74728000e-04 
 7.85575000e-08  1.54245007e-04 
 7.85675000e-08  7.73100972e-05 
 7.85837500e-08 -1.82048263e-04 
 7.86000000e-08 -6.20287676e-04 
 7.86025000e-08 -7.02704850e-04 
 7.86075000e-08 -8.72467967e-04 
 7.86175000e-08 -1.18852334e-03 
 7.86337500e-08 -1.74260039e-03 
 7.86500000e-08 -2.32373984e-03 
 7.86525000e-08 -2.40728061e-03 
 7.86575000e-08 -2.57316176e-03 
 7.86675000e-08 -2.89627856e-03 
 7.86837500e-08 -3.40412424e-03 
 7.87000000e-08 -3.90657580e-03 
 7.87025000e-08 -3.98468295e-03 
 7.87075000e-08 -4.14381993e-03 
 7.87175000e-08 -4.46785381e-03 
 7.87337500e-08 -5.02906200e-03 
 7.87500000e-08 -5.66080814e-03 
 7.87525000e-08 -5.76380629e-03 
 7.87575000e-08 -5.98260107e-03 
 7.87675000e-08 -6.45029551e-03 
 7.87837500e-08 -7.33660242e-03 
 7.88000000e-08 -8.49211672e-03 
 7.88025000e-08 -8.69656343e-03 
 7.88075000e-08 -9.15574700e-03 
 7.88175000e-08 -1.01689344e-02 
 7.88337500e-08 -1.19800690e-02 
 7.88500000e-08 -1.32002422e-02 
 7.88525000e-08 -1.31957439e-02 
 7.88575000e-08 -1.30155819e-02 
 7.88675000e-08 -1.12517018e-02 
 7.88837500e-08 -3.04026840e-03 
 7.89000000e-08  1.30294830e-02 
 7.89025000e-08  1.64502662e-02 
 7.89075000e-08  2.38476951e-02 
 7.89175000e-08  4.21664900e-02 
 7.89337500e-08  8.37464895e-02 
 7.89500000e-08  1.45050346e-01 
 7.89525000e-08  1.56996702e-01 
 7.89575000e-08  1.82583102e-01 
 7.89675000e-08  2.45632895e-01 
 7.89837500e-08  4.02906242e-01 
 7.90000000e-08  7.05429314e-01 
 7.90025000e-08  7.72571941e-01 
 7.90075000e-08  9.17373860e-01 
 7.90175000e-08  1.26569889e+00 
 7.90337500e-08  1.96940253e+00 
 7.90500000e-08  2.61891413e+00 
 7.90525000e-08  2.69234322e+00 
 7.90575000e-08  2.82339385e+00 
 7.90675000e-08  3.01112862e+00 
 7.90837500e-08  3.17299044e+00 
 7.91000000e-08  3.23688892e+00 
 7.91025000e-08  3.24176846e+00 
 7.91075000e-08  3.25054085e+00 
 7.91175000e-08  3.26345225e+00 
 7.91337500e-08  3.27658478e+00 
 7.91500000e-08  3.28438882e+00 
 7.91525000e-08  3.28526307e+00 
 7.91575000e-08  3.28690746e+00 
 7.91675000e-08  3.28963176e+00 
 7.91837500e-08  3.29280996e+00 
 7.92000000e-08  3.29487414e+00 
 7.92025000e-08  3.29510845e+00 
 7.92075000e-08  3.29554880e+00 
 7.92175000e-08  3.29628116e+00 
 7.92337500e-08  3.29715257e+00 
 7.92500000e-08  3.29774949e+00 
 7.92525000e-08  3.29782134e+00 
 7.92575000e-08  3.29795852e+00 
 7.92675000e-08  3.29819874e+00 
 7.92837500e-08  3.29851550e+00 
 7.93000000e-08  3.29876022e+00 
 7.93025000e-08  3.29879085e+00 
 7.93075000e-08  3.29884743e+00 
 7.93175000e-08  3.29895286e+00 
 7.93337500e-08  3.29913109e+00 
 7.93500000e-08  3.29931878e+00 
 7.93525000e-08  3.29934675e+00 
 7.93575000e-08  3.29940101e+00 
 7.93675000e-08  3.29950068e+00 
 7.93837500e-08  3.29963515e+00 
 7.94000000e-08  3.29974042e+00 
 7.94025000e-08  3.29975324e+00 
 7.94075000e-08  3.29977685e+00 
 7.94175000e-08  3.29981547e+00 
 7.94337500e-08  3.29986027e+00 
 7.94500000e-08  3.29988870e+00 
 7.94525000e-08  3.29989207e+00 
 7.94575000e-08  3.29989833e+00 
 7.94675000e-08  3.29990949e+00 
 7.94837500e-08  3.29992304e+00 
 7.95000000e-08  3.29993146e+00 
 7.95025000e-08  3.29993259e+00 
 7.95075000e-08  3.29993451e+00 
 7.95175000e-08  3.29993805e+00 
 7.95337500e-08  3.29994464e+00 
 7.95500000e-08  3.29995149e+00 
 7.95525000e-08  3.29995288e+00 
 7.95575000e-08  3.29995601e+00 
 7.95675000e-08  3.29996455e+00 
 7.95837500e-08  3.29997845e+00 
 7.96000000e-08  3.29997950e+00 
 7.96025000e-08  3.29997811e+00 
 7.96075000e-08  3.29997533e+00 
 7.96175000e-08  3.29996910e+00 
 7.96337500e-08  3.29995794e+00 
 7.96500000e-08  3.29994744e+00 
 7.96525000e-08  3.29994609e+00 
 7.96575000e-08  3.29994341e+00 
 7.96675000e-08  3.29993864e+00 
 7.96837500e-08  3.29993265e+00 
 7.97000000e-08  3.29992857e+00 
 7.97025000e-08  3.29992805e+00 
 7.97075000e-08  3.29992683e+00 
 7.97175000e-08  3.29992412e+00 
 7.97337500e-08  3.29991993e+00 
 7.97500000e-08  3.29991892e+00 
 7.97525000e-08  3.29991933e+00 
 7.97575000e-08  3.29992035e+00 
 7.97675000e-08  3.29992411e+00 
 7.97837500e-08  3.29993283e+00 
 7.98000000e-08  3.29994459e+00 
 7.98025000e-08  3.29994682e+00 
 7.98075000e-08  3.29995147e+00 
 7.98175000e-08  3.29996227e+00 
 7.98337500e-08  3.29998144e+00 
 7.98500000e-08  3.29999727e+00 
 7.98525000e-08  3.29999877e+00 
 7.98575000e-08  3.30000142e+00 
 7.98675000e-08  3.30000426e+00 
 7.98837500e-08  3.30000236e+00 
 7.99000000e-08  3.29999552e+00 
 7.99025000e-08  3.29999455e+00 
 7.99075000e-08  3.29999290e+00 
 7.99175000e-08  3.29999042e+00 
 7.99337500e-08  3.29998643e+00 
 7.99500000e-08  3.29998138e+00 
 7.99525000e-08  3.29998017e+00 
 7.99575000e-08  3.29997761e+00 
 7.99675000e-08  3.29997069e+00 
 7.99837500e-08  3.29995808e+00 
 8.00000000e-08  3.29995883e+00 
 8.00025000e-08  3.29995935e+00 
 8.00075000e-08  3.29996026e+00 
 8.00175000e-08  3.29996259e+00 
 8.00337500e-08  3.29997443e+00 
 8.00500000e-08  3.30000265e+00 
 8.00525000e-08  3.30000889e+00 
 8.00575000e-08  3.30002172e+00 
