 0.00000000e+00  3.29748961e+00 
 2.50000000e-13  3.29748961e+00 
 5.00000000e-13  3.29748961e+00 
 1.00000000e-12  3.29748962e+00 
 2.00000000e-12  3.29748964e+00 
 4.00000000e-12  3.29748971e+00 
 8.00000000e-12  3.29748990e+00 
 1.60000000e-11  3.29748998e+00 
 3.20000000e-11  3.29748746e+00 
 5.00000000e-11  3.29747971e+00 
 5.25000000e-11  3.29747812e+00 
 5.75000000e-11  3.29747475e+00 
 6.75000000e-11  3.29746803e+00 
 8.37500000e-11  3.29746152e+00 
 1.00000000e-10  3.29746316e+00 
 1.02500000e-10  3.29746433e+00 
 1.07500000e-10  3.29746711e+00 
 1.17500000e-10  3.29747454e+00 
 1.33750000e-10  3.29748914e+00 
 1.50000000e-10  3.29750381e+00 
 1.52500000e-10  3.29750581e+00 
 1.57500000e-10  3.29750960e+00 
 1.67500000e-10  3.29751661e+00 
 1.83750000e-10  3.29752862e+00 
 2.00000000e-10  3.29754215e+00 
 2.02500000e-10  3.29754445e+00 
 2.07500000e-10  3.29754912e+00 
 2.17500000e-10  3.29755754e+00 
 2.33750000e-10  3.29756484e+00 
 2.50000000e-10  3.29756364e+00 
 2.52500000e-10  3.29756278e+00 
 2.57500000e-10  3.29756093e+00 
 2.67500000e-10  3.29755637e+00 
 2.83750000e-10  3.29754567e+00 
 3.00000000e-10  3.29752886e+00 
 3.02500000e-10  3.29752532e+00 
 3.07500000e-10  3.29751764e+00 
 3.17500000e-10  3.29750060e+00 
 3.33750000e-10  3.29747566e+00 
 3.50000000e-10  3.29746055e+00 
 3.52500000e-10  3.29745965e+00 
 3.57500000e-10  3.29745861e+00 
 3.67500000e-10  3.29745925e+00 
 3.83750000e-10  3.29746102e+00 
 4.00000000e-10  3.29745752e+00 
 4.02500000e-10  3.29745612e+00 
 4.07500000e-10  3.29745284e+00 
 4.17500000e-10  3.29744366e+00 
 4.33750000e-10  3.29742177e+00 
 4.50000000e-10  3.29739140e+00 
 4.52500000e-10  3.29738586e+00 
 4.57500000e-10  3.29737438e+00 
 4.67500000e-10  3.29734933e+00 
 4.83750000e-10  3.29730496e+00 
 5.00000000e-10  3.29725939e+00 
 5.02500000e-10  3.29725245e+00 
 5.07500000e-10  3.29723866e+00 
 5.17500000e-10  3.29721239e+00 
 5.33750000e-10  3.29717648e+00 
 5.50000000e-10  3.29715192e+00 
 5.52500000e-10  3.29714954e+00 
 5.57500000e-10  3.29714554e+00 
 5.67500000e-10  3.29714117e+00 
 5.83750000e-10  3.29713947e+00 
 6.00000000e-10  3.29713862e+00 
 6.02500000e-10  3.29713812e+00 
 6.07500000e-10  3.29713679e+00 
 6.17500000e-10  3.29713294e+00 
 6.33750000e-10  3.29712708e+00 
 6.50000000e-10  3.29712601e+00 
 6.52500000e-10  3.29712662e+00 
 6.57500000e-10  3.29712831e+00 
 6.67500000e-10  3.29713407e+00 
 6.83750000e-10  3.29714968e+00 
 7.00000000e-10  3.29717403e+00 
 7.02500000e-10  3.29717886e+00 
 7.07500000e-10  3.29718915e+00 
 7.17500000e-10  3.29721296e+00 
 7.33750000e-10  3.29725797e+00 
 7.50000000e-10  3.29730784e+00 
 7.52500000e-10  3.29731563e+00 
 7.57500000e-10  3.29733117e+00 
 7.67500000e-10  3.29736374e+00 
 7.83750000e-10  3.29742823e+00 
 8.00000000e-10  3.29751301e+00 
 8.02500000e-10  3.29752854e+00 
 8.07500000e-10  3.29756091e+00 
 8.17500000e-10  3.29763171e+00 
 8.33750000e-10  3.29775812e+00 
 8.50000000e-10  3.29789466e+00 
 8.52500000e-10  3.29791654e+00 
 8.57500000e-10  3.29796072e+00 
 8.67500000e-10  3.29805171e+00 
 8.83750000e-10  3.29820765e+00 
 9.00000000e-10  3.29837415e+00 
 9.02500000e-10  3.29840075e+00 
 9.07500000e-10  3.29845440e+00 
 9.17500000e-10  3.29856579e+00 
 9.33750000e-10  3.29876397e+00 
 9.50000000e-10  3.29898772e+00 
 9.52500000e-10  3.29902510e+00 
 9.57500000e-10  3.29910137e+00 
 9.67500000e-10  3.29926062e+00 
 9.83750000e-10  3.29953093e+00 
 1.00000000e-09  3.29981161e+00 
 1.00250000e-09  3.29985563e+00 
 1.00750000e-09  3.29994419e+00 
 1.01750000e-09  3.30013861e+00 
 1.03375000e-09  3.30047260e+00 
 1.05000000e-09  3.30082284e+00 
 1.05250000e-09  3.30087884e+00 
 1.05750000e-09  3.30099201e+00 
 1.06750000e-09  3.30122153e+00 
 1.08375000e-09  3.30159339e+00 
 1.10000000e-09  3.30194798e+00 
 1.10250000e-09  3.30199895e+00 
 1.10750000e-09  3.30209881e+00 
 1.11750000e-09  3.30227830e+00 
 1.13375000e-09  3.30248068e+00 
 1.15000000e-09  3.30249737e+00 
 1.15250000e-09  3.30247270e+00 
 1.15750000e-09  3.30240617e+00 
 1.16750000e-09  3.30214639e+00 
 1.18375000e-09  3.30123686e+00 
 1.20000000e-09  3.29951514e+00 
 1.20250000e-09  3.29916897e+00 
 1.20750000e-09  3.29841130e+00 
 1.21750000e-09  3.29646773e+00 
 1.23375000e-09  3.29189124e+00 
 1.25000000e-09  3.28522715e+00 
 1.25250000e-09  3.28396430e+00 
 1.25750000e-09  3.28131312e+00 
 1.26750000e-09  3.27522529e+00 
 1.28375000e-09  3.26291015e+00 
 1.30000000e-09  3.24727937e+00 
 1.30250000e-09  3.24451564e+00 
 1.30750000e-09  3.23880349e+00 
 1.31750000e-09  3.22624052e+00 
 1.33375000e-09  3.20238092e+00 
 1.35000000e-09  3.17390736e+00 
 1.35250000e-09  3.16903569e+00 
 1.35750000e-09  3.15903883e+00 
 1.36750000e-09  3.13750486e+00 
 1.38375000e-09  3.09786351e+00 
 1.40000000e-09  3.05195061e+00 
 1.40250000e-09  3.04421655e+00 
 1.40750000e-09  3.02838594e+00 
 1.41750000e-09  2.99455984e+00 
 1.43375000e-09  2.93289453e+00 
 1.45000000e-09  2.86166839e+00 
 1.45250000e-09  2.84964617e+00 
 1.45750000e-09  2.82492101e+00 
 1.46750000e-09  2.77152395e+00 
 1.48375000e-09  2.67144798e+00 
 1.50000000e-09  2.55322820e+00 
 1.50250000e-09  2.53336085e+00 
 1.50750000e-09  2.49287950e+00 
 1.51750000e-09  2.40861736e+00 
 1.53375000e-09  2.26856793e+00 
 1.55000000e-09  2.13538275e+00 
 1.55250000e-09  2.11648555e+00 
 1.55750000e-09  2.07984640e+00 
 1.56750000e-09  2.01458238e+00 
 1.58375000e-09  1.93731622e+00 
 1.60000000e-09  1.90402501e+00 
 1.60250000e-09  1.90395751e+00 
 1.60750000e-09  1.90646642e+00 
 1.61750000e-09  1.92797567e+00 
 1.63375000e-09  2.01305246e+00 
 1.65000000e-09  2.16317431e+00 
 1.65250000e-09  2.19276004e+00 
 1.65750000e-09  2.25458815e+00 
 1.66750000e-09  2.39042635e+00 
 1.68375000e-09  2.61094244e+00 
 1.70000000e-09  2.79858923e+00 
 1.70250000e-09  2.82353319e+00 
 1.70750000e-09  2.87130144e+00 
 1.71750000e-09  2.95560351e+00 
 1.73375000e-09  3.06419105e+00 
 1.75000000e-09  3.14255490e+00 
 1.75250000e-09  3.15195455e+00 
 1.75750000e-09  3.16965861e+00 
 1.76750000e-09  3.19889091e+00 
 1.78375000e-09  3.23184020e+00 
 1.80000000e-09  3.25185714e+00 
 1.80250000e-09  3.25403107e+00 
 1.80750000e-09  3.25812604e+00 
 1.81750000e-09  3.26499574e+00 
 1.83375000e-09  3.27345386e+00 
 1.85000000e-09  3.27961256e+00 
 1.85250000e-09  3.28038930e+00 
 1.85750000e-09  3.28188139e+00 
 1.86750000e-09  3.28452129e+00 
 1.88375000e-09  3.28798957e+00 
 1.90000000e-09  3.29063792e+00 
 1.90250000e-09  3.29097704e+00 
 1.90750000e-09  3.29162821e+00 
 1.91750000e-09  3.29278049e+00 
 1.93375000e-09  3.29429065e+00 
 1.95000000e-09  3.29543606e+00 
 1.95250000e-09  3.29558150e+00 
 1.95750000e-09  3.29586017e+00 
 1.96750000e-09  3.29635106e+00 
 1.98375000e-09  3.29699331e+00 
 2.00000000e-09  3.29748437e+00 
 2.00250000e-09  3.29754763e+00 
 2.00750000e-09  3.29766955e+00 
 2.01750000e-09  3.29788798e+00 
 2.03375000e-09  3.29818216e+00 
 2.05000000e-09  3.29841734e+00 
 2.05250000e-09  3.29844880e+00 
 2.05750000e-09  3.29851014e+00 
 2.06750000e-09  3.29862366e+00 
 2.08375000e-09  3.29878527e+00 
 2.10000000e-09  3.29892190e+00 
 2.10250000e-09  3.29894069e+00 
 2.10750000e-09  3.29897756e+00 
 2.11750000e-09  3.29904786e+00 
 2.13375000e-09  3.29915528e+00 
 2.15000000e-09  3.29925693e+00 
 2.15250000e-09  3.29927228e+00 
 2.15750000e-09  3.29930295e+00 
 2.16750000e-09  3.29936421e+00 
 2.18375000e-09  3.29946145e+00 
 2.20000000e-09  3.29955417e+00 
 2.20250000e-09  3.29956785e+00 
 2.20750000e-09  3.29959477e+00 
 2.21750000e-09  3.29964653e+00 
 2.23375000e-09  3.29972374e+00 
 2.25000000e-09  3.29979136e+00 
 2.25250000e-09  3.29980081e+00 
 2.25750000e-09  3.29981890e+00 
 2.26750000e-09  3.29985140e+00 
 2.28375000e-09  3.29989430e+00 
 2.30000000e-09  3.29992558e+00 
 2.30250000e-09  3.29992927e+00 
 2.30750000e-09  3.29993576e+00 
 2.31750000e-09  3.29994532e+00 
 2.33375000e-09  3.29995285e+00 
 2.35000000e-09  3.29995231e+00 
 2.35250000e-09  3.29995163e+00 
 2.35750000e-09  3.29994975e+00 
 2.36750000e-09  3.29994449e+00 
 2.38375000e-09  3.29993314e+00 
 2.40000000e-09  3.29991933e+00 
 2.40250000e-09  3.29991706e+00 
 2.40750000e-09  3.29991251e+00 
 2.41750000e-09  3.29990355e+00 
 2.43375000e-09  3.29989016e+00 
 2.45000000e-09  3.29988151e+00 
 2.45250000e-09  3.29988088e+00 
 2.45750000e-09  3.29988014e+00 
 2.46750000e-09  3.29988158e+00 
 2.48375000e-09  3.29989241e+00 
 2.50000000e-09  3.29990654e+00 
 2.50250000e-09  3.29990789e+00 
 2.50750000e-09  3.29990960e+00 
 2.51750000e-09  3.29990626e+00 
 2.53375000e-09  3.29988017e+00 
 2.55000000e-09  3.29983102e+00 
 2.55250000e-09  3.29982193e+00 
 2.55750000e-09  3.29980361e+00 
 2.56750000e-09  3.29976702e+00 
 2.58375000e-09  3.29971216e+00 
 2.60000000e-09  3.29966903e+00 
 2.60250000e-09  3.29966395e+00 
 2.60750000e-09  3.29965453e+00 
 2.61750000e-09  3.29963990e+00 
 2.63375000e-09  3.29962751e+00 
 2.65000000e-09  3.29962809e+00 
 2.65250000e-09  3.29962922e+00 
 2.65750000e-09  3.29963182e+00 
 2.66750000e-09  3.29963869e+00 
 2.68375000e-09  3.29965280e+00 
 2.70000000e-09  3.29967900e+00 
 2.70250000e-09  3.29968424e+00 
 2.70750000e-09  3.29969478e+00 
 2.71750000e-09  3.29971571e+00 
 2.73375000e-09  3.29974216e+00 
 2.75000000e-09  3.29975573e+00 
 2.75250000e-09  3.29975803e+00 
 2.75750000e-09  3.29976265e+00 
 2.76750000e-09  3.29977607e+00 
 2.78375000e-09  3.29980678e+00 
 2.80000000e-09  3.29984066e+00 
 2.80250000e-09  3.29984553e+00 
 2.80750000e-09  3.29985442e+00 
 2.81750000e-09  3.29986856e+00 
 2.83375000e-09  3.29988140e+00 
 2.85000000e-09  3.29988110e+00 
 2.85250000e-09  3.29987992e+00 
 2.85750000e-09  3.29987646e+00 
 2.86750000e-09  3.29986550e+00 
 2.88375000e-09  3.29983464e+00 
 2.90000000e-09  3.29978651e+00 
 2.90250000e-09  3.29977796e+00 
 2.90750000e-09  3.29975929e+00 
 2.91750000e-09  3.29971991e+00 
 2.93375000e-09  3.29966294e+00 
 2.95000000e-09  3.29962808e+00 
 2.95250000e-09  3.29962580e+00 
 2.95750000e-09  3.29962211e+00 
 2.96750000e-09  3.29962241e+00 
 2.98375000e-09  3.29963918e+00 
 3.00000000e-09  3.29967153e+00 
 3.00250000e-09  3.29967803e+00 
 3.00750000e-09  3.29969123e+00 
 3.01750000e-09  3.29972225e+00 
 3.03375000e-09  3.29978910e+00 
 3.05000000e-09  3.29988422e+00 
 3.05250000e-09  3.29990234e+00 
 3.05750000e-09  3.29994033e+00 
 3.06750000e-09  3.30003189e+00 
 3.08375000e-09  3.30022598e+00 
 3.10000000e-09  3.30045795e+00 
 3.10250000e-09  3.30049741e+00 
 3.10750000e-09  3.30057783e+00 
 3.11750000e-09  3.30074788e+00 
 3.13375000e-09  3.30104321e+00 
 3.15000000e-09  3.30134574e+00 
 3.15250000e-09  3.30139205e+00 
 3.15750000e-09  3.30148556e+00 
 3.16750000e-09  3.30166339e+00 
 3.18375000e-09  3.30197003e+00 
 3.20000000e-09  3.30228289e+00 
 3.20250000e-09  3.30233139e+00 
 3.20750000e-09  3.30242991e+00 
 3.21750000e-09  3.30263273e+00 
 3.23375000e-09  3.30297032e+00 
 3.25000000e-09  3.30331768e+00 
 3.25250000e-09  3.30337208e+00 
 3.25750000e-09  3.30348180e+00 
 3.26750000e-09  3.30370588e+00 
 3.28375000e-09  3.30407938e+00 
 3.30000000e-09  3.30445456e+00 
 3.30250000e-09  3.30451033e+00 
 3.30750000e-09  3.30462132e+00 
 3.31750000e-09  3.30483510e+00 
 3.33375000e-09  3.30516042e+00 
 3.35000000e-09  3.30546979e+00 
 3.35250000e-09  3.30551664e+00 
 3.35750000e-09  3.30561164e+00 
 3.36750000e-09  3.30580885e+00 
 3.38375000e-09  3.30615945e+00 
 3.40000000e-09  3.30656313e+00 
 3.40250000e-09  3.30663147e+00 
 3.40750000e-09  3.30677282e+00 
 3.41750000e-09  3.30708049e+00 
 3.43375000e-09  3.30765583e+00 
 3.45000000e-09  3.30834069e+00 
 3.45250000e-09  3.30845773e+00 
 3.45750000e-09  3.30870016e+00 
 3.46750000e-09  3.30923071e+00 
 3.48375000e-09  3.31024542e+00 
 3.50000000e-09  3.31149713e+00 
 3.50250000e-09  3.31171656e+00 
 3.50750000e-09  3.31217587e+00 
 3.51750000e-09  3.31319459e+00 
 3.53375000e-09  3.31515227e+00 
 3.55000000e-09  3.31744188e+00 
 3.55250000e-09  3.31780834e+00 
 3.55750000e-09  3.31853781e+00 
 3.56750000e-09  3.31983251e+00 
 3.58375000e-09  3.32064844e+00 
 3.60000000e-09  3.31815129e+00 
 3.60250000e-09  3.31727576e+00 
 3.60750000e-09  3.31522094e+00 
 3.61750000e-09  3.30912946e+00 
 3.63375000e-09  3.29347175e+00 
 3.65000000e-09  3.27013980e+00 
 3.65250000e-09  3.26556289e+00 
 3.65750000e-09  3.25590798e+00 
 3.66750000e-09  3.23347594e+00 
 3.68375000e-09  3.18715981e+00 
 3.70000000e-09  3.12627942e+00 
 3.70250000e-09  3.11519358e+00 
 3.70750000e-09  3.09200433e+00 
 3.71750000e-09  3.03899131e+00 
 3.73375000e-09  2.92751329e+00 
 3.75000000e-09  2.76062277e+00 
 3.75250000e-09  2.72613401e+00 
 3.75750000e-09  2.65039242e+00 
 3.76750000e-09  2.46267032e+00 
 3.78375000e-09  2.06109073e+00 
 3.80000000e-09  1.55307367e+00 
 3.80250000e-09  1.46546500e+00 
 3.80750000e-09  1.28706892e+00 
 3.81750000e-09  9.27148636e-01 
 3.83375000e-09  4.58918764e-01 
 3.85000000e-09  1.91681484e-01 
 3.85225590e-09  1.71317279e-01 
 3.85676770e-09  1.35371888e-01 
 3.86579129e-09  8.64984508e-02 
 3.88289564e-09  4.21885695e-02 
 3.90000000e-09  2.64649510e-02 
 3.90250000e-09  2.51593010e-02 
 3.90750000e-09  2.26837145e-02 
 3.91750000e-09  1.85978001e-02 
 3.93375000e-09  1.36923297e-02 
 3.95000000e-09  1.02228271e-02 
 3.95250000e-09  9.79003436e-03 
 3.95750000e-09  8.95702143e-03 
 3.96750000e-09  7.48858303e-03 
 3.98375000e-09  5.57880053e-03 
 4.00000000e-09  4.14630799e-03 
 4.00250000e-09  3.96541672e-03 
 4.00750000e-09  3.61911705e-03 
 4.01750000e-09  3.01284971e-03 
 4.03375000e-09  2.23320523e-03 
 4.05000000e-09  1.65605984e-03 
 4.05250000e-09  1.58389867e-03 
 4.05750000e-09  1.44626991e-03 
 4.06750000e-09  1.20693902e-03 
 4.08375000e-09  9.01707176e-04 
 4.10000000e-09  6.77811118e-04 
 4.10250000e-09  6.49849277e-04 
 4.10750000e-09  5.96354401e-04 
 4.11750000e-09  5.02872306e-04 
 4.13375000e-09  3.83655794e-04 
 4.15000000e-09  2.96575032e-04 
 4.15250000e-09  2.85859611e-04 
 4.15750000e-09  2.65558176e-04 
 4.16750000e-09  2.30668280e-04 
 4.18375000e-09  1.86244878e-04 
 4.20000000e-09  1.52940875e-04 
 4.20250000e-09  1.48553556e-04 
 4.20750000e-09  1.40017476e-04 
 4.21750000e-09  1.24430054e-04 
 4.23375000e-09  1.03301646e-04 
 4.25000000e-09  8.63795623e-05 
 4.25250000e-09  8.41448611e-05 
 4.25750000e-09  7.98543226e-05 
 4.26750000e-09  7.19896052e-05 
 4.28375000e-09  6.10849258e-05 
 4.30000000e-09  5.17495602e-05 
 4.30250000e-09  5.02999659e-05 
 4.30750000e-09  4.71628184e-05 
 4.31750000e-09  4.04970687e-05 
 4.33375000e-09  3.02546036e-05 
 4.35000000e-09  2.29293467e-05 
 4.35250000e-09  2.22886154e-05 
 4.35750000e-09  2.11781647e-05 
 4.36750000e-09  2.00254315e-05 
 4.38375000e-09  1.95168713e-05 
 4.40000000e-09  1.97170620e-05 
 4.40250000e-09  1.97133678e-05 
 4.40750000e-09  1.95302497e-05 
 4.41750000e-09  1.89243129e-05 
 4.43375000e-09  1.83130144e-05 
 4.45000000e-09  1.84494516e-05 
 4.45250000e-09  1.85144537e-05 
 4.45750000e-09  1.85842692e-05 
 4.46750000e-09  1.84525292e-05 
 4.48375000e-09  1.69599188e-05 
 4.50000000e-09  1.34737527e-05 
 4.50250000e-09  1.27940641e-05 
 4.50750000e-09  1.13983421e-05 
 4.51750000e-09  8.45301780e-06 
 4.53375000e-09  3.58990003e-06 
 4.55000000e-09 -4.53433672e-07 
 4.55250000e-09 -1.03492412e-06 
 4.55750000e-09 -2.03507596e-06 
 4.56750000e-09 -3.96481151e-06 
 4.58375000e-09 -6.15023894e-06 
 4.60000000e-09 -6.57288101e-06 
 4.60250000e-09 -6.38301368e-06 
 4.60750000e-09 -5.84190579e-06 
 4.61750000e-09 -4.10414113e-06 
 4.63375000e-09 -3.92737807e-07 
 4.65000000e-09  5.11695578e-06 
 4.65250000e-09  5.57738831e-06 
 4.65750000e-09  6.44198881e-06 
 4.66750000e-09  7.98980886e-06 
 4.68375000e-09  9.96407057e-06 
 4.70000000e-09  1.15824368e-05 
 4.70250000e-09  1.19111139e-05 
 4.70750000e-09  1.25864364e-05 
 4.71750000e-09  1.40341994e-05 
 4.73375000e-09  1.59326594e-05 
 4.75000000e-09  1.67203865e-05 
 4.75250000e-09  1.67415671e-05 
 4.75750000e-09  1.67068958e-05 
 4.76750000e-09  1.63258990e-05 
 4.78375000e-09  1.47248037e-05 
 4.80000000e-09  1.18274469e-05 
 4.80250000e-09  1.10703793e-05 
 4.80750000e-09  9.17543029e-06 
 4.81750000e-09  4.24401360e-06 
 4.83375000e-09 -4.02345113e-06 
 4.85000000e-09 -1.26976395e-05 
 4.85250000e-09 -1.38940648e-05 
 4.85750000e-09 -1.63765225e-05 
 4.86750000e-09 -2.05593944e-05 
 4.88375000e-09 -2.58292211e-05 
 4.90000000e-09 -2.71434554e-05 
 4.90250000e-09 -2.67544204e-05 
 4.90750000e-09 -2.59731905e-05 
 4.91750000e-09 -2.30787979e-05 
 4.93375000e-09 -1.52764884e-05 
 4.95000000e-09 -2.83567097e-06 
 4.95250000e-09 -4.22046961e-07 
 4.95750000e-09  4.20423665e-06 
 4.96750000e-09  1.54133586e-05 
 4.98375000e-09  3.97470476e-05 
 5.00000000e-09  6.93201582e-05 
 5.00250000e-09  7.41345383e-05 
 5.00750000e-09  8.37399450e-05 
 5.01750000e-09  1.02400394e-04 
 5.03375000e-09  1.33617042e-04 
 5.05000000e-09  1.51787822e-04 
 5.05250000e-09  1.53560489e-04 
 5.05750000e-09  1.56807554e-04 
 5.06750000e-09  1.61477320e-04 
 5.08375000e-09  1.61296064e-04 
 5.10000000e-09  1.56479059e-04 
 5.10250000e-09  1.55392243e-04 
 5.10750000e-09  1.53094132e-04 
 5.11750000e-09  1.48459196e-04 
 5.13375000e-09  1.42580108e-04 
 5.15000000e-09  1.36659003e-04 
 5.15250000e-09  1.33973687e-04 
 5.15750000e-09  1.28069202e-04 
 5.16750000e-09  1.12125277e-04 
 5.18375000e-09  8.12655613e-05 
 5.20000000e-09  5.27034255e-05 
 5.20250000e-09  4.91187604e-05 
 5.20750000e-09  4.29919880e-05 
 5.21750000e-09  3.51155815e-05 
 5.23375000e-09  3.32809658e-05 
 5.25000000e-09  4.50844937e-05 
 5.25250000e-09  4.80337518e-05 
 5.25750000e-09  5.50331684e-05 
 5.26750000e-09  7.29360475e-05 
 5.28375000e-09  1.13604253e-04 
 5.30000000e-09  1.60045510e-04 
 5.30250000e-09  1.66137194e-04 
 5.30750000e-09  1.77845866e-04 
 5.31750000e-09  1.93258644e-04 
 5.33375000e-09  1.86858683e-04 
 5.35000000e-09  1.26953109e-04 
 5.35250000e-09  1.10915558e-04 
 5.35750000e-09  7.48635195e-05 
 5.36750000e-09 -2.58020914e-05 
 5.38375000e-09 -2.79687755e-04 
 5.40000000e-09 -6.33281387e-04 
 5.40250000e-09 -6.96811618e-04 
 5.40750000e-09 -8.27215529e-04 
 5.41750000e-09 -1.10666360e-03 
 5.43375000e-09 -1.51488224e-03 
 5.45000000e-09 -1.99413269e-03 
 5.45250000e-09 -2.07014539e-03 
 5.45750000e-09 -2.22202593e-03 
 5.46750000e-09 -2.52351549e-03 
 5.48375000e-09 -3.00415435e-03 
 5.50000000e-09 -3.47559331e-03 
 5.50250000e-09 -3.54718156e-03 
 5.50750000e-09 -3.69102066e-03 
 5.51750000e-09 -3.97960723e-03 
 5.53375000e-09 -4.45543853e-03 
 5.55000000e-09 -4.95601575e-03 
 5.55250000e-09 -5.03515744e-03 
 5.55750000e-09 -5.19721973e-03 
 5.56750000e-09 -5.53101732e-03 
 5.58375000e-09 -6.11303489e-03 
 5.60000000e-09 -6.76047938e-03 
 5.60250000e-09 -6.86534016e-03 
 5.60750000e-09 -7.08402436e-03 
 5.61750000e-09 -7.54437934e-03 
 5.63375000e-09 -8.37664725e-03 
 5.65000000e-09 -9.35485621e-03 
 5.65250000e-09 -9.51861609e-03 
 5.65750000e-09 -9.87042731e-03 
 5.66750000e-09 -1.06316625e-02 
 5.68375000e-09 -1.20477014e-02 
 5.70000000e-09 -1.36452704e-02 
 5.70250000e-09 -1.38868440e-02 
 5.70750000e-09 -1.43798305e-02 
 5.71750000e-09 -1.52286621e-02 
 5.73375000e-09 -1.57097096e-02 
 5.75000000e-09 -1.39489671e-02 
 5.75250000e-09 -1.33460556e-02 
 5.75750000e-09 -1.19354148e-02 
 5.76750000e-09 -7.74015402e-03 
 5.78375000e-09  3.37994391e-03 
 5.80000000e-09  2.03823089e-02 
 5.80250000e-09  2.37382922e-02 
 5.80750000e-09  3.08427123e-02 
 5.81750000e-09  4.75382109e-02 
 5.83375000e-09  8.28032480e-02 
 5.85000000e-09  1.30593213e-01 
 5.85250000e-09  1.39465399e-01 
 5.85750000e-09  1.58122016e-01 
 5.86750000e-09  2.01495882e-01 
 5.88375000e-09  2.94732626e-01 
 5.90000000e-09  4.32815105e-01 
 5.90250000e-09  4.60677082e-01 
 5.90750000e-09  5.21635342e-01 
 5.91750000e-09  6.75839814e-01 
 5.93375000e-09  1.01982508e+00 
 5.95000000e-09  1.47111883e+00 
 5.95250000e-09  1.55037850e+00 
 5.95750000e-09  1.71262865e+00 
 5.96750000e-09  2.05220258e+00 
 5.98375000e-09  2.54119657e+00 
 6.00000000e-09  2.86843155e+00 
 6.00250000e-09  2.90386224e+00 
 6.00750000e-09  2.96884021e+00 
 6.01750000e-09  3.06907261e+00 
 6.03375000e-09  3.16993244e+00 
 6.05000000e-09  3.22183668e+00 
 6.05250000e-09  3.22678221e+00 
 6.05750000e-09  3.23584369e+00 
 6.06750000e-09  3.24986182e+00 
 6.08375000e-09  3.26497019e+00 
 6.10000000e-09  3.27445242e+00 
 6.10250000e-09  3.27555714e+00 
 6.10750000e-09  3.27765916e+00 
 6.11750000e-09  3.28128264e+00 
 6.13375000e-09  3.28587593e+00 
 6.15000000e-09  3.28925770e+00 
 6.15250000e-09  3.28968140e+00 
 6.15750000e-09  3.29049250e+00 
 6.16750000e-09  3.29191389e+00 
 6.18375000e-09  3.29375146e+00 
 6.20000000e-09  3.29512818e+00 
 6.20250000e-09  3.29530244e+00 
 6.20750000e-09  3.29563681e+00 
 6.21750000e-09  3.29622756e+00 
 6.23375000e-09  3.29700081e+00 
 6.25000000e-09  3.29758421e+00 
 6.25250000e-09  3.29765810e+00 
 6.25750000e-09  3.29779889e+00 
 6.26750000e-09  3.29805078e+00 
 6.28375000e-09  3.29840037e+00 
 6.30000000e-09  3.29869716e+00 
 6.30250000e-09  3.29873820e+00 
 6.30750000e-09  3.29881750e+00 
 6.31750000e-09  3.29896285e+00 
 6.33375000e-09  3.29916539e+00 
 6.35000000e-09  3.29933274e+00 
 6.35250000e-09  3.29935554e+00 
 6.35750000e-09  3.29939970e+00 
 6.36750000e-09  3.29948050e+00 
 6.38375000e-09  3.29959076e+00 
 6.40000000e-09  3.29967454e+00 
 6.40250000e-09  3.29968511e+00 
 6.40750000e-09  3.29970502e+00 
 6.41750000e-09  3.29973927e+00 
 6.43375000e-09  3.29978289e+00 
 6.45000000e-09  3.29981568e+00 
 6.45250000e-09  3.29982004e+00 
 6.45750000e-09  3.29982836e+00 
 6.46750000e-09  3.29984343e+00 
 6.48375000e-09  3.29986358e+00 
 6.50000000e-09  3.29987938e+00 
 6.50250000e-09  3.29988146e+00 
 6.50750000e-09  3.29988533e+00 
 6.51750000e-09  3.29989252e+00 
 6.53375000e-09  3.29990479e+00 
 6.55000000e-09  3.29991666e+00 
 6.55250000e-09  3.29991878e+00 
 6.55750000e-09  3.29992351e+00 
 6.56750000e-09  3.29993459e+00 
 6.58375000e-09  3.29995346e+00 
 6.60000000e-09  3.29996640e+00 
 6.60250000e-09  3.29996700e+00 
 6.60750000e-09  3.29996760e+00 
 6.61750000e-09  3.29996555e+00 
 6.63375000e-09  3.29995720e+00 
 6.65000000e-09  3.29994659e+00 
 6.65250000e-09  3.29994499e+00 
 6.65750000e-09  3.29994182e+00 
 6.66750000e-09  3.29993582e+00 
 6.68375000e-09  3.29992718e+00 
 6.70000000e-09  3.29991999e+00 
 6.70250000e-09  3.29991900e+00 
 6.70750000e-09  3.29991695e+00 
 6.71750000e-09  3.29991282e+00 
 6.73375000e-09  3.29990613e+00 
 6.75000000e-09  3.29990036e+00 
 6.75250000e-09  3.29989989e+00 
 6.75750000e-09  3.29989912e+00 
 6.76750000e-09  3.29989894e+00 
 6.78375000e-09  3.29990120e+00 
 6.80000000e-09  3.29990600e+00 
 6.80250000e-09  3.29990686e+00 
 6.80750000e-09  3.29990832e+00 
 6.81750000e-09  3.29991110e+00 
 6.83375000e-09  3.29991772e+00 
 6.85000000e-09  3.29992876e+00 
 6.85250000e-09  3.29993112e+00 
 6.85750000e-09  3.29993622e+00 
 6.86750000e-09  3.29994816e+00 
 6.88375000e-09  3.29996820e+00 
 6.90000000e-09  3.29998494e+00 
 6.90250000e-09  3.29998696e+00 
 6.90750000e-09  3.29999075e+00 
 6.91750000e-09  3.29999694e+00 
 6.93375000e-09  3.30000318e+00 
 6.95000000e-09  3.30000277e+00 
 6.95250000e-09  3.30000226e+00 
 6.95750000e-09  3.30000090e+00 
 6.96750000e-09  3.29999661e+00 
 6.98375000e-09  3.29998912e+00 
 7.00000000e-09  3.29998376e+00 
 7.00250000e-09  3.29998323e+00 
 7.00750000e-09  3.29998245e+00 
 7.01750000e-09  3.29998156e+00 
 7.03375000e-09  3.29997850e+00 
 7.05000000e-09  3.29997136e+00 
 7.05250000e-09  3.29996965e+00 
 7.05750000e-09  3.29996600e+00 
 7.06750000e-09  3.29995800e+00 
 7.08375000e-09  3.29994757e+00 
 7.10000000e-09  3.29994414e+00 
 7.10250000e-09  3.29994458e+00 
 7.10750000e-09  3.29994748e+00 
 7.11750000e-09  3.29996250e+00 
 7.13375000e-09  3.29998790e+00 
 7.15000000e-09  3.30001605e+00 
 7.15250000e-09  3.30002017e+00 
 7.15750000e-09  3.30002804e+00 
 7.16750000e-09  3.30003891e+00 
 7.18375000e-09  3.30003655e+00 
 7.20000000e-09  3.30000366e+00 
 7.20250000e-09  3.29999589e+00 
 7.20750000e-09  3.29997978e+00 
 7.21750000e-09  3.29994036e+00 
 7.23375000e-09  3.29986605e+00 
 7.25000000e-09  3.29979583e+00 
 7.25250000e-09  3.29978629e+00 
 7.25750000e-09  3.29976775e+00 
 7.26750000e-09  3.29973454e+00 
 7.28375000e-09  3.29968986e+00 
 7.30000000e-09  3.29966580e+00 
 7.30250000e-09  3.29966522e+00 
 7.30750000e-09  3.29966533e+00 
 7.31750000e-09  3.29967202e+00 
 7.33375000e-09  3.29969526e+00 
 7.35000000e-09  3.29974017e+00 
 7.35250000e-09  3.29974606e+00 
 7.35750000e-09  3.29975676e+00 
 7.36750000e-09  3.29977424e+00 
 7.38375000e-09  3.29979318e+00 
 7.40000000e-09  3.29980245e+00 
 7.40250000e-09  3.29980483e+00 
 7.40750000e-09  3.29981055e+00 
 7.41750000e-09  3.29982882e+00 
 7.43375000e-09  3.29986761e+00 
 7.45000000e-09  3.29990600e+00 
 7.45250000e-09  3.29991137e+00 
 7.45750000e-09  3.29992151e+00 
 7.46750000e-09  3.29993889e+00 
 7.48375000e-09  3.29995724e+00 
 7.50000000e-09  3.29996271e+00 
 7.50250000e-09  3.29996235e+00 
 7.50750000e-09  3.29996062e+00 
 7.51750000e-09  3.29995310e+00 
 7.53375000e-09  3.29993092e+00 
 7.55000000e-09  3.29989584e+00 
 7.55250000e-09  3.29988929e+00 
 7.55750000e-09  3.29987458e+00 
 7.56750000e-09  3.29984039e+00 
 7.58375000e-09  3.29977149e+00 
 7.60000000e-09  3.29969367e+00 
 7.60250000e-09  3.29968270e+00 
 7.60750000e-09  3.29966092e+00 
 7.61750000e-09  3.29962532e+00 
 7.63375000e-09  3.29959367e+00 
 7.65000000e-09  3.29959243e+00 
 7.65250000e-09  3.29959515e+00 
 7.65750000e-09  3.29960113e+00 
 7.66750000e-09  3.29961938e+00 
 7.68375000e-09  3.29966329e+00 
 7.70000000e-09  3.29972533e+00 
 7.70250000e-09  3.29973701e+00 
 7.70750000e-09  3.29976106e+00 
 7.71750000e-09  3.29981739e+00 
 7.73375000e-09  3.29993860e+00 
 7.75000000e-09  3.30011435e+00 
 7.75250000e-09  3.30014704e+00 
 7.75750000e-09  3.30021416e+00 
 7.76750000e-09  3.30036120e+00 
 7.78375000e-09  3.30063457e+00 
 7.80000000e-09  3.30094281e+00 
 7.80250000e-09  3.30099309e+00 
 7.80750000e-09  3.30109461e+00 
 7.81750000e-09  3.30130361e+00 
 7.83375000e-09  3.30163571e+00 
 7.85000000e-09  3.30195996e+00 
 7.85250000e-09  3.30201344e+00 
 7.85750000e-09  3.30211914e+00 
 7.86750000e-09  3.30232776e+00 
 7.88375000e-09  3.30267878e+00 
 7.90000000e-09  3.30305083e+00 
 7.90250000e-09  3.30310932e+00 
 7.90750000e-09  3.30322750e+00 
 7.91750000e-09  3.30346943e+00 
 7.93375000e-09  3.30386955e+00 
 7.95000000e-09  3.30427118e+00 
 7.95250000e-09  3.30433124e+00 
 7.95750000e-09  3.30445066e+00 
 7.96750000e-09  3.30468072e+00 
 7.98375000e-09  3.30502971e+00 
 8.00000000e-09  3.30535506e+00 
 8.00250000e-09  3.30540340e+00 
 8.00750000e-09  3.30550106e+00 
 8.01750000e-09  3.30570081e+00 
 8.03375000e-09  3.30604606e+00 
 8.05000000e-09  3.30643276e+00 
 8.05250000e-09  3.30649736e+00 
 8.05750000e-09  3.30663070e+00 
 8.06750000e-09  3.30691975e+00 
 8.08375000e-09  3.30745865e+00 
 8.10000000e-09  3.30809941e+00 
 8.10250000e-09  3.30820882e+00 
 8.10750000e-09  3.30843527e+00 
 8.11750000e-09  3.30893100e+00 
 8.13375000e-09  3.30988103e+00 
 8.15000000e-09  3.31105612e+00 
 8.15250000e-09  3.31126273e+00 
 8.15750000e-09  3.31169537e+00 
 8.16750000e-09  3.31265755e+00 
 8.18375000e-09  3.31452272e+00 
 8.20000000e-09  3.31678833e+00 
 8.20250000e-09  3.31716852e+00 
 8.20750000e-09  3.31794369e+00 
 8.21750000e-09  3.31946451e+00 
 8.23375000e-09  3.32121817e+00 
 8.25000000e-09  3.32050065e+00 
 8.25250000e-09  3.31998855e+00 
 8.25750000e-09  3.31869007e+00 
 8.26750000e-09  3.31425006e+00 
 8.28375000e-09  3.30089756e+00 
 8.30000000e-09  3.28055419e+00 
 8.30250000e-09  3.27645219e+00 
 8.30750000e-09  3.26774812e+00 
 8.31750000e-09  3.24723709e+00 
 8.33375000e-09  3.20421598e+00 
 8.35000000e-09  3.14709235e+00 
 8.35250000e-09  3.13665649e+00 
 8.35750000e-09  3.11482630e+00 
 8.36750000e-09  3.06494442e+00 
 8.38375000e-09  2.96077114e+00 
 8.40000000e-09  2.80917438e+00 
 8.40250000e-09  2.77832534e+00 
 8.40750000e-09  2.71002524e+00 
 8.41750000e-09  2.53671747e+00 
 8.43375000e-09  2.15461089e+00 
 8.45000000e-09  1.66080565e+00 
 8.45250000e-09  1.57468163e+00 
 8.45750000e-09  1.39858452e+00 
 8.46750000e-09  1.03346095e+00 
 8.48375000e-09  5.30340698e-01 
 8.50000000e-09  2.24518732e-01 
 8.50236821e-09  1.99157973e-01 
 8.50710463e-09  1.54580661e-01 
 8.51657746e-09  9.49030614e-02 
 8.53328873e-09  4.53780041e-02 
 8.55000000e-09  2.79117356e-02 
 8.55250000e-09  2.64704192e-02 
 8.55750000e-09  2.37538668e-02 
 8.56750000e-09  1.93346845e-02 
 8.58375000e-09  1.41244023e-02 
 8.60000000e-09  1.04936978e-02 
 8.60250000e-09  1.00440654e-02 
 8.60750000e-09  9.17959389e-03 
 8.61750000e-09  7.66050549e-03 
 8.63375000e-09  5.69285279e-03 
 8.65000000e-09  4.22305408e-03 
 8.65250000e-09  4.03773519e-03 
 8.65750000e-09  3.68288257e-03 
 8.66750000e-09  3.06166428e-03 
 8.68375000e-09  2.26365495e-03 
 8.70000000e-09  1.67390600e-03 
 8.70250000e-09  1.60043322e-03 
 8.70750000e-09  1.46037263e-03 
 8.71750000e-09  1.21725031e-03 
 8.73375000e-09  9.07938104e-04 
 8.75000000e-09  6.81605855e-04 
 8.75250000e-09  6.53312540e-04 
 8.75750000e-09  5.99086421e-04 
 8.76750000e-09  5.04043281e-04 
 8.78375000e-09  3.82673612e-04 
 8.80000000e-09  2.94132153e-04 
 8.80250000e-09  2.83280731e-04 
 8.80750000e-09  2.62762011e-04 
 8.81750000e-09  2.27628058e-04 
 8.83375000e-09  1.82952440e-04 
 8.85000000e-09  1.49290910e-04 
 8.85250000e-09  1.44977208e-04 
 8.85750000e-09  1.36737491e-04 
 8.86750000e-09  1.22177988e-04 
 8.88375000e-09  1.02713730e-04 
 8.90000000e-09  8.69516054e-05 
 8.90250000e-09  8.48280699e-05 
 8.90750000e-09  8.06635758e-05 
 8.91750000e-09  7.29104313e-05 
 8.93375000e-09  6.15693682e-05 
 8.95000000e-09  5.09795435e-05 
 8.95250000e-09  4.91463529e-05 
 8.95750000e-09  4.52439192e-05 
 8.96750000e-09  3.76900675e-05 
 8.98375000e-09  2.78016036e-05 
 9.00000000e-09  2.14819386e-05 
 9.00250000e-09  2.09245038e-05 
 9.00750000e-09  1.99336506e-05 
 9.01750000e-09  1.88427149e-05 
 9.03375000e-09  1.83720532e-05 
 9.05000000e-09  1.87784283e-05 
 9.05250000e-09  1.88341036e-05 
 9.05750000e-09  1.87932426e-05 
 9.06750000e-09  1.85235194e-05 
 9.08375000e-09  1.84071790e-05 
 9.10000000e-09  1.83793612e-05 
 9.10250000e-09  1.83130361e-05 
 9.10750000e-09  1.80703551e-05 
 9.11750000e-09  1.70500563e-05 
 9.13375000e-09  1.36871861e-05 
 9.15000000e-09  8.45157395e-06 
 9.15250000e-09  7.52676363e-06 
 9.15750000e-09  5.64342485e-06 
 9.16750000e-09  1.96500027e-06 
 9.18375000e-09 -3.06218112e-06 
 9.20000000e-09 -5.65361977e-06 
 9.20250000e-09 -5.77901869e-06 
 9.20750000e-09 -5.90146009e-06 
 9.21750000e-09 -5.55712487e-06 
 9.23375000e-09 -4.11085785e-06 
 9.25000000e-09 -1.89469935e-06 
 9.25250000e-09 -1.41362153e-06 
 9.25750000e-09 -3.67963128e-07 
 9.26750000e-09  2.02753578e-06 
 9.28375000e-09  8.12528603e-06 
 9.30000000e-09  1.13130097e-05 
 9.30250000e-09  1.15834051e-05 
 9.30750000e-09  1.18948671e-05 
 9.31750000e-09  1.17463149e-05 
 9.33375000e-09  1.14400249e-05 
 9.35000000e-09  1.20389149e-05 
 9.35250000e-09  1.23091613e-05 
 9.35750000e-09  1.29053446e-05 
 9.36750000e-09  1.41952771e-05 
 9.38375000e-09  1.54533220e-05 
 9.40000000e-09  1.52472212e-05 
 9.40250000e-09  1.50185498e-05 
 9.40750000e-09  1.43600692e-05 
 9.41750000e-09  1.24400831e-05 
 9.43375000e-09  8.55247519e-06 
 9.45000000e-09  3.44762333e-06 
 9.45250000e-09  2.47496848e-06 
 9.45750000e-09  6.00661294e-07 
 9.46750000e-09 -2.78473933e-06 
 9.48375000e-09 -8.96356602e-06 
 9.50000000e-09 -1.69661756e-05 
 9.50250000e-09 -1.82199035e-05 
 9.50750000e-09 -2.10069355e-05 
 9.51750000e-09 -2.60410669e-05 
 9.53375000e-09 -3.00367368e-05 
 9.55000000e-09 -2.82887552e-05 
 9.55250000e-09 -2.72878667e-05 
 9.55750000e-09 -2.51369333e-05 
 9.56750000e-09 -1.89027350e-05 
 9.58375000e-09 -4.38969668e-06 
 9.60000000e-09  1.58131241e-05 
 9.60250000e-09  1.96798009e-05 
 9.60750000e-09  2.77335300e-05 
 9.61750000e-09  4.58255329e-05 
 9.63375000e-09  7.77180360e-05 
 9.65000000e-09  1.08257757e-04 
 9.65250000e-09  1.12607292e-04 
 9.65750000e-09  1.23971444e-04 
 9.66750000e-09  1.39386847e-04 
 9.68375000e-09  1.54694334e-04 
 9.70000000e-09  1.62033551e-04 
 9.70250000e-09  1.62444585e-04 
 9.70750000e-09  1.62067452e-04 
 9.71750000e-09  1.58622706e-04 
 9.73375000e-09  1.53657762e-04 
 9.75000000e-09  1.46430400e-04 
 9.75250000e-09  1.45424265e-04 
 9.75750000e-09  1.43991595e-04 
 9.76750000e-09  1.41761324e-04 
 9.78375000e-09  1.35437714e-04 
 9.80000000e-09  1.13294113e-04 
 9.80250000e-09  1.08483740e-04 
 9.80750000e-09  9.89662882e-05 
 9.81750000e-09  7.98431798e-05 
 9.83375000e-09  5.30669503e-05 
 9.85000000e-09  3.62896662e-05 
 9.85250000e-09  3.48429845e-05 
 9.85750000e-09  3.29146936e-05 
 9.86750000e-09  3.31343500e-05 
 9.88375000e-09  4.49746656e-05 
 9.90000000e-09  7.26796198e-05 
 9.90250000e-09  7.84705709e-05 
 9.90750000e-09  9.17687523e-05 
 9.91750000e-09  1.22126052e-04 
 9.93375000e-09  1.71147271e-04 
 9.95000000e-09  2.00103686e-04 
 9.95250000e-09  2.00933136e-04 
 9.95750000e-09  2.00687343e-04 
 9.96750000e-09  1.85472999e-04 
 9.98375000e-09  1.11123715e-04 
 1.00000000e-08 -4.60325011e-05 
 1.00025000e-08 -8.12777149e-05 
 1.00075000e-08 -1.56638544e-04 
 1.00175000e-08 -3.38432963e-04 
 1.00337500e-08 -7.13761866e-04 
 1.00500000e-08 -1.16612426e-03 
 1.00525000e-08 -1.22310884e-03 
 1.00575000e-08 -1.33991197e-03 
 1.00675000e-08 -1.61337014e-03 
 1.00837500e-08 -2.10004412e-03 
 1.01000000e-08 -2.59000642e-03 
 1.01025000e-08 -2.66396257e-03 
 1.01075000e-08 -2.81156270e-03 
 1.01175000e-08 -3.10397451e-03 
 1.01337500e-08 -3.57424653e-03 
 1.01500000e-08 -4.04494075e-03 
 1.01525000e-08 -4.11678021e-03 
 1.01575000e-08 -4.26260122e-03 
 1.01675000e-08 -4.56021704e-03 
 1.01837500e-08 -5.06236667e-03 
 1.02000000e-08 -5.59702422e-03 
 1.02025000e-08 -5.68240016e-03 
 1.02075000e-08 -5.85933980e-03 
 1.02175000e-08 -6.23262534e-03 
 1.02337500e-08 -6.89696018e-03 
 1.02500000e-08 -7.64879208e-03 
 1.02525000e-08 -7.77209623e-03 
 1.02575000e-08 -8.03228959e-03 
 1.02675000e-08 -8.58543535e-03 
 1.02837500e-08 -9.60164663e-03 
 1.03000000e-08 -1.08154787e-02 
 1.03025000e-08 -1.10182548e-02 
 1.03075000e-08 -1.14540341e-02 
 1.03175000e-08 -1.23814631e-02 
 1.03337500e-08 -1.39797389e-02 
 1.03500000e-08 -1.53556160e-02 
 1.03525000e-08 -1.54914415e-02 
 1.03575000e-08 -1.57104873e-02 
 1.03675000e-08 -1.56142239e-02 
 1.03837500e-08 -1.31485052e-02 
 1.04000000e-08 -6.56325875e-03 
 1.04025000e-08 -5.04216936e-03 
 1.04075000e-08 -1.72387123e-03 
 1.04175000e-08  6.33116282e-03 
 1.04337500e-08  2.49025917e-02 
 1.04500000e-08  5.15455318e-02 
 1.04525000e-08  5.65611788e-02 
 1.04575000e-08  6.71049111e-02 
 1.04675000e-08  9.14853026e-02 
 1.04837500e-08  1.42345075e-01 
 1.05000000e-08  2.11613554e-01 
 1.05025000e-08  2.24628800e-01 
 1.05075000e-08  2.52171971e-01 
 1.05175000e-08  3.17652299e-01 
 1.05337500e-08  4.69119783e-01 
 1.05500000e-08  7.13863785e-01 
 1.05525000e-08  7.62915675e-01 
 1.05575000e-08  8.66592267e-01 
 1.05675000e-08  1.10553347e+00 
 1.05837500e-08  1.57609800e+00 
 1.06000000e-08  2.11761921e+00 
 1.06025000e-08  2.20203734e+00 
 1.06075000e-08  2.36152541e+00 
 1.06175000e-08  2.62513990e+00 
 1.06337500e-08  2.91892290e+00 
 1.06500000e-08  3.08853195e+00 
 1.06525000e-08  3.10544527e+00 
 1.06575000e-08  3.13626096e+00 
 1.06675000e-08  3.18270769e+00 
 1.06837500e-08  3.22863724e+00 
 1.07000000e-08  3.25281824e+00 
 1.07025000e-08  3.25524791e+00 
 1.07075000e-08  3.25978068e+00 
 1.07175000e-08  3.26718625e+00 
 1.07337500e-08  3.27593217e+00 
 1.07500000e-08  3.28200367e+00 
 1.07525000e-08  3.28274736e+00 
 1.07575000e-08  3.28416875e+00 
 1.07675000e-08  3.28664758e+00 
 1.07837500e-08  3.28983172e+00 
 1.08000000e-08  3.29219871e+00 
 1.08025000e-08  3.29249608e+00 
 1.08075000e-08  3.29306532e+00 
 1.08175000e-08  3.29406374e+00 
 1.08337500e-08  3.29535907e+00 
 1.08500000e-08  3.29633652e+00 
 1.08525000e-08  3.29646112e+00 
 1.08575000e-08  3.29670044e+00 
 1.08675000e-08  3.29712454e+00 
 1.08837500e-08  3.29767836e+00 
 1.09000000e-08  3.29810058e+00 
 1.09025000e-08  3.29815660e+00 
 1.09075000e-08  3.29826460e+00 
 1.09175000e-08  3.29846393e+00 
 1.09337500e-08  3.29874811e+00 
 1.09500000e-08  3.29898770e+00 
 1.09525000e-08  3.29902055e+00 
 1.09575000e-08  3.29908432e+00 
 1.09675000e-08  3.29920231e+00 
 1.09837500e-08  3.29936770e+00 
 1.10000000e-08  3.29950254e+00 
 1.10025000e-08  3.29952035e+00 
 1.10075000e-08  3.29955390e+00 
 1.10175000e-08  3.29961133e+00 
 1.10337500e-08  3.29968460e+00 
 1.10500000e-08  3.29973987e+00 
 1.10525000e-08  3.29974724e+00 
 1.10575000e-08  3.29976170e+00 
 1.10675000e-08  3.29978899e+00 
 1.10837500e-08  3.29982664e+00 
 1.11000000e-08  3.29985540e+00 
 1.11025000e-08  3.29985888e+00 
 1.11075000e-08  3.29986506e+00 
 1.11175000e-08  3.29987462e+00 
 1.11337500e-08  3.29988614e+00 
 1.11500000e-08  3.29989609e+00 
 1.11525000e-08  3.29989796e+00 
 1.11575000e-08  3.29990172e+00 
 1.11675000e-08  3.29990905e+00 
 1.11837500e-08  3.29992115e+00 
 1.12000000e-08  3.29993507e+00 
 1.12025000e-08  3.29993736e+00 
 1.12075000e-08  3.29994213e+00 
 1.12175000e-08  3.29995079e+00 
 1.12337500e-08  3.29995814e+00 
 1.12500000e-08  3.29995628e+00 
 1.12525000e-08  3.29995538e+00 
 1.12575000e-08  3.29995358e+00 
 1.12675000e-08  3.29994978e+00 
 1.12837500e-08  3.29994277e+00 
 1.13000000e-08  3.29993525e+00 
 1.13025000e-08  3.29993410e+00 
 1.13075000e-08  3.29993175e+00 
 1.13175000e-08  3.29992708e+00 
 1.13337500e-08  3.29992013e+00 
 1.13500000e-08  3.29991406e+00 
 1.13525000e-08  3.29991319e+00 
 1.13575000e-08  3.29991134e+00 
 1.13675000e-08  3.29990744e+00 
 1.13837500e-08  3.29990252e+00 
 1.14000000e-08  3.29990004e+00 
 1.14025000e-08  3.29989998e+00 
 1.14075000e-08  3.29989983e+00 
 1.14175000e-08  3.29990051e+00 
 1.14337500e-08  3.29990425e+00 
 1.14500000e-08  3.29991106e+00 
 1.14525000e-08  3.29991250e+00 
 1.14575000e-08  3.29991555e+00 
 1.14675000e-08  3.29992293e+00 
 1.14837500e-08  3.29993781e+00 
 1.15000000e-08  3.29995502e+00 
 1.15025000e-08  3.29995773e+00 
 1.15075000e-08  3.29996300e+00 
 1.15175000e-08  3.29997284e+00 
 1.15337500e-08  3.29998562e+00 
 1.15500000e-08  3.29999423e+00 
 1.15525000e-08  3.29999502e+00 
 1.15575000e-08  3.29999622e+00 
 1.15675000e-08  3.29999682e+00 
 1.15837500e-08  3.29999292e+00 
 1.16000000e-08  3.29998829e+00 
 1.16025000e-08  3.29998752e+00 
 1.16075000e-08  3.29998621e+00 
 1.16175000e-08  3.29998450e+00 
 1.16337500e-08  3.29998273e+00 
 1.16500000e-08  3.29998061e+00 
 1.16525000e-08  3.29998013e+00 
 1.16575000e-08  3.29997919e+00 
 1.16675000e-08  3.29997652e+00 
 1.16837500e-08  3.29996935e+00 
 1.17000000e-08  3.29996078e+00 
 1.17025000e-08  3.29995951e+00 
 1.17075000e-08  3.29995721e+00 
 1.17175000e-08  3.29995398e+00 
 1.17337500e-08  3.29995419e+00 
 1.17500000e-08  3.29997140e+00 
 1.17525000e-08  3.29997519e+00 
 1.17575000e-08  3.29998283e+00 
 1.17675000e-08  3.29999777e+00 
 1.17837500e-08  3.30002388e+00 
 1.18000000e-08  3.30003780e+00 
 1.18025000e-08  3.30003787e+00 
 1.18075000e-08  3.30003692e+00 
 1.18175000e-08  3.30002694e+00 
 1.18337500e-08  3.29998620e+00 
 1.18500000e-08  3.29992366e+00 
 1.18525000e-08  3.29991217e+00 
 1.18575000e-08  3.29988860e+00 
 1.18675000e-08  3.29984031e+00 
 1.18837500e-08  3.29977262e+00 
 1.19000000e-08  3.29972078e+00 
 1.19025000e-08  3.29971431e+00 
 1.19075000e-08  3.29970163e+00 
 1.19175000e-08  3.29968460e+00 
 1.19337500e-08  3.29967508e+00 
 1.19500000e-08  3.29968287e+00 
 1.19525000e-08  3.29968537e+00 
 1.19575000e-08  3.29969075e+00 
 1.19675000e-08  3.29970700e+00 
 1.19837500e-08  3.29974633e+00 
 1.20000000e-08  3.29977432e+00 
 1.20025000e-08  3.29977758e+00 
 1.20075000e-08  3.29978311e+00 
 1.20175000e-08  3.29979098e+00 
 1.20337500e-08  3.29980373e+00 
 1.20500000e-08  3.29983401e+00 
 1.20525000e-08  3.29984114e+00 
 1.20575000e-08  3.29985517e+00 
 1.20675000e-08  3.29988258e+00 
 1.20837500e-08  3.29992059e+00 
 1.21000000e-08  3.29994705e+00 
 1.21025000e-08  3.29994981e+00 
 1.21075000e-08  3.29995428e+00 
 1.21175000e-08  3.29995873e+00 
 1.21337500e-08  3.29995553e+00 
 1.21500000e-08  3.29994168e+00 
 1.21525000e-08  3.29993884e+00 
 1.21575000e-08  3.29993249e+00 
 1.21675000e-08  3.29991763e+00 
 1.21837500e-08  3.29988396e+00 
 1.22000000e-08  3.29983343e+00 
 1.22025000e-08  3.29982401e+00 
 1.22075000e-08  3.29980282e+00 
 1.22175000e-08  3.29975533e+00 
 1.22337500e-08  3.29967622e+00 
 1.22500000e-08  3.29961538e+00 
 1.22525000e-08  3.29960949e+00 
 1.22575000e-08  3.29959874e+00 
 1.22675000e-08  3.29958692e+00 
 1.22837500e-08  3.29959017e+00 
 1.23000000e-08  3.29961505e+00 
 1.23025000e-08  3.29962115e+00 
 1.23075000e-08  3.29963396e+00 
 1.23175000e-08  3.29966668e+00 
 1.23337500e-08  3.29973867e+00 
 1.23500000e-08  3.29983895e+00 
 1.23525000e-08  3.29985760e+00 
 1.23575000e-08  3.29989619e+00 
 1.23675000e-08  3.29998495e+00 
 1.23837500e-08  3.30018211e+00 
 1.24000000e-08  3.30042571e+00 
 1.24025000e-08  3.30046811e+00 
 1.24075000e-08  3.30055526e+00 
 1.24175000e-08  3.30074275e+00 
 1.24337500e-08  3.30107045e+00 
 1.24500000e-08  3.30141115e+00 
 1.24525000e-08  3.30146139e+00 
 1.24575000e-08  3.30156203e+00 
 1.24675000e-08  3.30175835e+00 
 1.24837500e-08  3.30208042e+00 
 1.25000000e-08  3.30241580e+00 
 1.25025000e-08  3.30246834e+00 
 1.25075000e-08  3.30257501e+00 
 1.25175000e-08  3.30279928e+00 
 1.25337500e-08  3.30317659e+00 
 1.25500000e-08  3.30356403e+00 
 1.25525000e-08  3.30362422e+00 
 1.25575000e-08  3.30374535e+00 
 1.25675000e-08  3.30398964e+00 
 1.25837500e-08  3.30438511e+00 
 1.26000000e-08  3.30476409e+00 
 1.26025000e-08  3.30481869e+00 
 1.26075000e-08  3.30492702e+00 
 1.26175000e-08  3.30513547e+00 
 1.26337500e-08  3.30545935e+00 
 1.26500000e-08  3.30578290e+00 
 1.26525000e-08  3.30583376e+00 
 1.26575000e-08  3.30593768e+00 
 1.26675000e-08  3.30615777e+00 
 1.26837500e-08  3.30655933e+00 
 1.27000000e-08  3.30703089e+00 
 1.27025000e-08  3.30711125e+00 
 1.27075000e-08  3.30727760e+00 
 1.27175000e-08  3.30764073e+00 
 1.27337500e-08  3.30832555e+00 
 1.27500000e-08  3.30915104e+00 
 1.27525000e-08  3.30929354e+00 
 1.27575000e-08  3.30958980e+00 
 1.27675000e-08  3.31024234e+00 
 1.27837500e-08  3.31149989e+00 
 1.28000000e-08  3.31306418e+00 
 1.28025000e-08  3.31333940e+00 
 1.28075000e-08  3.31391634e+00 
 1.28175000e-08  3.31519158e+00 
 1.28337500e-08  3.31756722e+00 
 1.28500000e-08  3.31999172e+00 
 1.28525000e-08  3.32031372e+00 
 1.28575000e-08  3.32089258e+00 
 1.28675000e-08  3.32144314e+00 
 1.28837500e-08  3.31938257e+00 
 1.29000000e-08  3.31170873e+00 
 1.29025000e-08  3.30981252e+00 
 1.29075000e-08  3.30562713e+00 
 1.29175000e-08  3.29527307e+00 
 1.29337500e-08  3.27192083e+00 
 1.29500000e-08  3.23803768e+00 
 1.29525000e-08  3.23167983e+00 
 1.29575000e-08  3.21835567e+00 
 1.29675000e-08  3.18785260e+00 
 1.29837500e-08  3.12555906e+00 
 1.30000000e-08  3.04321457e+00 
 1.30025000e-08  3.02803211e+00 
 1.30075000e-08  2.99602068e+00 
 1.30175000e-08  2.92079001e+00 
 1.30337500e-08  2.74463861e+00 
 1.30500000e-08  2.45631018e+00 
 1.30525000e-08  2.39943138e+00 
 1.30575000e-08  2.27987540e+00 
 1.30675000e-08  2.00844394e+00 
 1.30837500e-08  1.48407162e+00 
 1.31000000e-08  9.04458621e-01 
 1.31025000e-08  8.19413774e-01 
 1.31075000e-08  6.60495448e-01 
 1.31175000e-08  4.07418784e-01 
 1.31337500e-08  1.67166332e-01 
 1.31500000e-08  7.18089545e-02 
 1.31525000e-08  6.53251985e-02 
 1.31575000e-08  5.39560284e-02 
 1.31675000e-08  3.86070982e-02 
 1.31837500e-08  2.49868899e-02 
 1.32000000e-08  1.78224551e-02 
 1.32025000e-08  1.70325081e-02 
 1.32075000e-08  1.55177522e-02 
 1.32175000e-08  1.29057731e-02 
 1.32337500e-08  9.59187770e-03 
 1.32500000e-08  7.14260789e-03 
 1.32525000e-08  6.83343480e-03 
 1.32575000e-08  6.24010659e-03 
 1.32675000e-08  5.19841822e-03 
 1.32837500e-08  3.85288736e-03 
 1.33000000e-08  2.85290458e-03 
 1.33025000e-08  2.72729261e-03 
 1.33075000e-08  2.48706465e-03 
 1.33175000e-08  2.06716482e-03 
 1.33337500e-08  1.52913845e-03 
 1.33500000e-08  1.13336574e-03 
 1.33525000e-08  1.08415527e-03 
 1.33575000e-08  9.90339597e-04 
 1.33675000e-08  8.27558828e-04 
 1.33837500e-08  6.20864151e-04 
 1.34000000e-08  4.70052530e-04 
 1.34025000e-08  4.51329051e-04 
 1.34075000e-08  4.15596988e-04 
 1.34175000e-08  3.53465881e-04 
 1.34337500e-08  2.74409930e-04 
 1.34500000e-08  2.16449441e-04 
 1.34525000e-08  2.09232637e-04 
 1.34575000e-08  1.95496629e-04 
 1.34675000e-08  1.71554949e-04 
 1.34837500e-08  1.40354701e-04 
 1.35000000e-08  1.16492674e-04 
 1.35025000e-08  1.13422090e-04 
 1.35075000e-08  1.07555485e-04 
 1.35175000e-08  9.68960038e-05 
 1.35337500e-08  8.25229480e-05 
 1.35500000e-08  7.05275796e-05 
 1.35525000e-08  6.87813189e-05 
 1.35575000e-08  6.52721645e-05 
 1.35675000e-08  5.83814365e-05 
 1.35837500e-08  4.62261590e-05 
 1.36000000e-08  3.41580271e-05 
 1.36025000e-08  3.26161271e-05 
 1.36075000e-08  2.94846571e-05 
 1.36175000e-08  2.40496941e-05 
 1.36337500e-08  1.79727270e-05 
 1.36500000e-08  1.48085654e-05 
 1.36525000e-08  1.47147628e-05 
 1.36575000e-08  1.47252172e-05 
 1.36675000e-08  1.56747117e-05 
 1.36837500e-08  1.78712062e-05 
 1.37000000e-08  2.00694300e-05 
 1.37025000e-08  2.03697611e-05 
 1.37075000e-08  2.08678980e-05 
 1.37175000e-08  2.15450318e-05 
 1.37337500e-08  2.15858515e-05 
 1.37500000e-08  1.97636320e-05 
 1.37525000e-08  1.92297223e-05 
 1.37575000e-08  1.79663906e-05 
 1.37675000e-08  1.46672598e-05 
 1.37837500e-08  8.21261325e-06 
 1.38000000e-08  1.84071512e-06 
 1.38025000e-08  1.00340607e-06 
 1.38075000e-08 -6.02603779e-07 
 1.38175000e-08 -3.14788152e-06 
 1.38337500e-08 -4.96627008e-06 
 1.38500000e-08 -5.62963381e-06 
 1.38525000e-08 -5.53204441e-06 
 1.38575000e-08 -5.20252984e-06 
 1.38675000e-08 -3.96296490e-06 
 1.38837500e-08 -1.12110933e-06 
 1.39000000e-08  2.62058083e-06 
 1.39025000e-08  3.51407243e-06 
 1.39075000e-08  5.00356309e-06 
 1.39175000e-08  6.90095772e-06 
 1.39337500e-08  8.93671443e-06 
 1.39500000e-08  1.03363727e-05 
 1.39525000e-08  1.04525209e-05 
 1.39575000e-08  1.07655552e-05 
 1.39675000e-08  1.15334025e-05 
 1.39837500e-08  1.28384478e-05 
 1.40000000e-08  1.37003571e-05 
 1.40025000e-08  1.38436396e-05 
 1.40075000e-08  1.41429522e-05 
 1.40175000e-08  1.46834881e-05 
 1.40337500e-08  1.46017754e-05 
 1.40500000e-08  1.31102216e-05 
 1.40525000e-08  1.27031174e-05 
 1.40575000e-08  1.16717632e-05 
 1.40675000e-08  8.66170917e-06 
 1.40837500e-08  2.45077265e-06 
 1.41000000e-08 -4.07770854e-06 
 1.41025000e-08 -5.07989001e-06 
 1.41075000e-08 -7.31778696e-06 
 1.41175000e-08 -1.19087853e-05 
 1.41337500e-08 -1.96652187e-05 
 1.41500000e-08 -2.55445248e-05 
 1.41525000e-08 -2.59047505e-05 
 1.41575000e-08 -2.65828410e-05 
 1.41675000e-08 -2.62634206e-05 
 1.41837500e-08 -2.18973570e-05 
 1.42000000e-08 -1.30090811e-05 
 1.42025000e-08 -1.11099434e-05 
 1.42075000e-08 -7.23451843e-06 
 1.42175000e-08  2.28270054e-06 
 1.42337500e-08  2.30887689e-05 
 1.42500000e-08  5.10156508e-05 
 1.42525000e-08  5.58050577e-05 
 1.42575000e-08  6.54291201e-05 
 1.42675000e-08  8.47832612e-05 
 1.42837500e-08  1.15124275e-04 
 1.43000000e-08  1.42670502e-04 
 1.43025000e-08  1.45188290e-04 
 1.43075000e-08  1.49775914e-04 
 1.43175000e-08  1.56593857e-04 
 1.43337500e-08  1.61827001e-04 
 1.43500000e-08  1.56594438e-04 
 1.43525000e-08  1.56209372e-04 
 1.43575000e-08  1.54752426e-04 
 1.43675000e-08  1.49603621e-04 
 1.43837500e-08  1.42218827e-04 
 1.44000000e-08  1.38299679e-04 
 1.44025000e-08  1.37829425e-04 
 1.44075000e-08  1.36437085e-04 
 1.44175000e-08  1.28544154e-04 
 1.44337500e-08  1.04773241e-04 
 1.44500000e-08  7.55235095e-05 
 1.44525000e-08  7.10632197e-05 
 1.44575000e-08  6.28247548e-05 
 1.44675000e-08  4.93053838e-05 
 1.44837500e-08  3.69762041e-05 
 1.45000000e-08  3.80225850e-05 
 1.45025000e-08  3.94252143e-05 
 1.45075000e-08  4.33720454e-05 
 1.45175000e-08  5.57711338e-05 
 1.45337500e-08  8.93564154e-05 
 1.45500000e-08  1.37148635e-04 
 1.45525000e-08  1.44498445e-04 
 1.45575000e-08  1.59300466e-04 
 1.45675000e-08  1.83475097e-04 
 1.45837500e-08  1.98006430e-04 
 1.46000000e-08  1.68594848e-04 
 1.46025000e-08  1.58513274e-04 
 1.46075000e-08  1.35288091e-04 
 1.46175000e-08  6.61018289e-05 
 1.46337500e-08 -1.27239095e-04 
 1.46500000e-08 -4.28647824e-04 
 1.46525000e-08 -4.85216150e-04 
 1.46575000e-08 -6.02677167e-04 
 1.46675000e-08 -8.61996228e-04 
 1.46837500e-08 -1.30443517e-03 
 1.47000000e-08 -1.73389085e-03 
 1.47025000e-08 -1.80953271e-03 
 1.47075000e-08 -1.96105198e-03 
 1.47175000e-08 -2.26364151e-03 
 1.47337500e-08 -2.74756715e-03 
 1.47500000e-08 -3.22087212e-03 
 1.47525000e-08 -3.29240564e-03 
 1.47575000e-08 -3.43585594e-03 
 1.47675000e-08 -3.72254590e-03 
 1.47837500e-08 -4.19161568e-03 
 1.48000000e-08 -4.67495957e-03 
 1.48025000e-08 -4.75105909e-03 
 1.48075000e-08 -4.90616410e-03 
 1.48175000e-08 -5.22483887e-03 
 1.48337500e-08 -5.77182957e-03 
 1.48500000e-08 -6.37970164e-03 
 1.48525000e-08 -6.47895620e-03 
 1.48575000e-08 -6.68555274e-03 
 1.48675000e-08 -7.12053311e-03 
 1.48837500e-08 -7.89894732e-03 
 1.49000000e-08 -8.79608128e-03 
 1.49025000e-08 -8.94454518e-03 
 1.49075000e-08 -9.26180321e-03 
 1.49175000e-08 -9.94574813e-03 
 1.49337500e-08 -1.12295571e-02 
 1.49500000e-08 -1.27485721e-02 
 1.49525000e-08 -1.29928018e-02 
 1.49575000e-08 -1.35054542e-02 
 1.49675000e-08 -1.44958219e-02 
 1.49837500e-08 -1.56497268e-02 
 1.50000000e-08 -1.53232606e-02 
 1.50025000e-08 -1.50277845e-02 
 1.50075000e-08 -1.42745914e-02 
 1.50175000e-08 -1.16151393e-02 
 1.50337500e-08 -3.35545456e-03 
 1.50500000e-08  1.02330557e-02 
 1.50525000e-08  1.29474111e-02 
 1.50575000e-08  1.87348430e-02 
 1.50675000e-08  3.25566632e-02 
 1.50837500e-08  6.21888094e-02 
 1.51000000e-08  1.02575694e-01 
 1.51025000e-08  1.10068570e-01 
 1.51075000e-08  1.25804982e-01 
 1.51175000e-08  1.62206685e-01 
 1.51337500e-08  2.39248823e-01 
 1.51500000e-08  3.49024633e-01 
 1.51525000e-08  3.70436182e-01 
 1.51575000e-08  4.16696019e-01 
 1.51675000e-08  5.34083491e-01 
 1.51837500e-08  8.14566774e-01 
 1.52000000e-08  1.20739500e+00 
 1.52025000e-08  1.27860748e+00 
 1.52075000e-08  1.42578125e+00 
 1.52175000e-08  1.74477888e+00 
 1.52337500e-08  2.28470425e+00 
 1.52500000e-08  2.70476566e+00 
 1.52525000e-08  2.75277522e+00 
 1.52575000e-08  2.84116293e+00 
 1.52675000e-08  2.97977338e+00 
 1.52837500e-08  3.12250772e+00 
 1.53000000e-08  3.19738027e+00 
 1.53025000e-08  3.20449970e+00 
 1.53075000e-08  3.21747736e+00 
 1.53175000e-08  3.23719514e+00 
 1.53337500e-08  3.25761455e+00 
 1.53500000e-08  3.26969744e+00 
 1.53525000e-08  3.27105427e+00 
 1.53575000e-08  3.27362541e+00 
 1.53675000e-08  3.27801035e+00 
 1.53837500e-08  3.28349847e+00 
 1.54000000e-08  3.28750239e+00 
 1.54025000e-08  3.28800281e+00 
 1.54075000e-08  3.28896107e+00 
 1.54175000e-08  3.29064061e+00 
 1.54337500e-08  3.29280942e+00 
 1.54500000e-08  3.29442867e+00 
 1.54525000e-08  3.29463280e+00 
 1.54575000e-08  3.29502405e+00 
 1.54675000e-08  3.29571292e+00 
 1.54837500e-08  3.29661147e+00 
 1.55000000e-08  3.29729092e+00 
 1.55025000e-08  3.29737689e+00 
 1.55075000e-08  3.29754055e+00 
 1.55175000e-08  3.29782841e+00 
 1.55337500e-08  3.29821435e+00 
 1.55500000e-08  3.29853528e+00 
 1.55525000e-08  3.29858011e+00 
 1.55575000e-08  3.29866726e+00 
 1.55675000e-08  3.29882930e+00 
 1.55837500e-08  3.29905788e+00 
 1.56000000e-08  3.29924692e+00 
 1.56025000e-08  3.29927251e+00 
 1.56075000e-08  3.29932185e+00 
 1.56175000e-08  3.29941139e+00 
 1.56337500e-08  3.29953417e+00 
 1.56500000e-08  3.29963033e+00 
 1.56525000e-08  3.29964258e+00 
 1.56575000e-08  3.29966585e+00 
 1.56675000e-08  3.29970644e+00 
 1.56837500e-08  3.29975874e+00 
 1.57000000e-08  3.29979774e+00 
 1.57025000e-08  3.29980272e+00 
 1.57075000e-08  3.29981224e+00 
 1.57175000e-08  3.29982893e+00 
 1.57337500e-08  3.29985058e+00 
 1.57500000e-08  3.29986720e+00 
 1.57525000e-08  3.29986955e+00 
 1.57575000e-08  3.29987416e+00 
 1.57675000e-08  3.29988328e+00 
 1.57837500e-08  3.29989784e+00 
 1.58000000e-08  3.29991256e+00 
 1.58025000e-08  3.29991470e+00 
 1.58075000e-08  3.29991898e+00 
 1.58175000e-08  3.29992767e+00 
 1.58337500e-08  3.29994283e+00 
 1.58500000e-08  3.29995759e+00 
 1.58525000e-08  3.29995902e+00 
 1.58575000e-08  3.29996144e+00 
 1.58675000e-08  3.29996303e+00 
 1.58837500e-08  3.29995899e+00 
 1.59000000e-08  3.29995037e+00 
 1.59025000e-08  3.29994882e+00 
 1.59075000e-08  3.29994560e+00 
 1.59175000e-08  3.29993892e+00 
 1.59337500e-08  3.29992867e+00 
 1.59500000e-08  3.29992001e+00 
 1.59525000e-08  3.29991897e+00 
 1.59575000e-08  3.29991701e+00 
 1.59675000e-08  3.29991390e+00 
 1.59837500e-08  3.29990952e+00 
 1.60000000e-08  3.29990508e+00 
 1.60025000e-08  3.29990459e+00 
 1.60075000e-08  3.29990359e+00 
 1.60175000e-08  3.29990210e+00 
 1.60337500e-08  3.29990149e+00 
 1.60500000e-08  3.29990368e+00 
 1.60525000e-08  3.29990450e+00 
 1.60575000e-08  3.29990636e+00 
 1.60675000e-08  3.29991152e+00 
 1.60837500e-08  3.29992209e+00 
 1.61000000e-08  3.29993481e+00 
 1.61025000e-08  3.29993680e+00 
 1.61075000e-08  3.29994053e+00 
 1.61175000e-08  3.29994754e+00 
 1.61337500e-08  3.29995970e+00 
 1.61500000e-08  3.29997240e+00 
 1.61525000e-08  3.29997427e+00 
 1.61575000e-08  3.29997786e+00 
 1.61675000e-08  3.29998470e+00 
 1.61837500e-08  3.29999314e+00 
 1.62000000e-08  3.29999676e+00 
 1.62025000e-08  3.29999661e+00 
 1.62075000e-08  3.29999640e+00 
 1.62175000e-08  3.29999588e+00 
 1.62337500e-08  3.29999314e+00 
 1.62500000e-08  3.29998987e+00 
 1.62525000e-08  3.29998939e+00 
 1.62575000e-08  3.29998833e+00 
 1.62675000e-08  3.29998570e+00 
 1.62837500e-08  3.29998035e+00 
 1.63000000e-08  3.29997265e+00 
 1.63025000e-08  3.29997113e+00 
 1.63075000e-08  3.29996816e+00 
 1.63175000e-08  3.29996232e+00 
 1.63337500e-08  3.29995429e+00 
 1.63500000e-08  3.29995042e+00 
 1.63525000e-08  3.29995038e+00 
 1.63575000e-08  3.29995078e+00 
 1.63675000e-08  3.29995578e+00 
 1.63837500e-08  3.29997841e+00 
 1.64000000e-08  3.30000343e+00 
 1.64025000e-08  3.30000743e+00 
 1.64075000e-08  3.30001545e+00 
 1.64175000e-08  3.30002882e+00 
 1.64337500e-08  3.30003642e+00 
 1.64500000e-08  3.30001792e+00 
 1.64525000e-08  3.30001204e+00 
 1.64575000e-08  3.29999889e+00 
 1.64675000e-08  3.29996752e+00 
 1.64837500e-08  3.29989998e+00 
 1.65000000e-08  3.29982594e+00 
 1.65025000e-08  3.29981567e+00 
 1.65075000e-08  3.29979585e+00 
 1.65175000e-08  3.29976036e+00 
 1.65337500e-08  3.29971412e+00 
 1.65500000e-08  3.29968203e+00 
 1.65525000e-08  3.29967943e+00 
 1.65575000e-08  3.29967524e+00 
 1.65675000e-08  3.29967234e+00 
 1.65837500e-08  3.29968103e+00 
 1.66000000e-08  3.29970938e+00 
 1.66025000e-08  3.29971615e+00 
 1.66075000e-08  3.29972922e+00 
 1.66175000e-08  3.29975282e+00 
 1.66337500e-08  3.29978312e+00 
 1.66500000e-08  3.29979986e+00 
 1.66525000e-08  3.29980162e+00 
 1.66575000e-08  3.29980451e+00 
 1.66675000e-08  3.29981566e+00 
 1.66837500e-08  3.29984906e+00 
 1.67000000e-08  3.29988945e+00 
 1.67025000e-08  3.29989550e+00 
 1.67075000e-08  3.29990688e+00 
 1.67175000e-08  3.29992635e+00 
 1.67337500e-08  3.29994781e+00 
 1.67500000e-08  3.29995660e+00 
 1.67525000e-08  3.29995694e+00 
 1.67575000e-08  3.29995708e+00 
 1.67675000e-08  3.29995505e+00 
 1.67837500e-08  3.29994330e+00 
 1.68000000e-08  3.29991878e+00 
 1.68025000e-08  3.29991357e+00 
 1.68075000e-08  3.29990134e+00 
 1.68175000e-08  3.29987073e+00 
 1.68337500e-08  3.29980595e+00 
 1.68500000e-08  3.29972694e+00 
 1.68525000e-08  3.29971488e+00 
 1.68575000e-08  3.29969021e+00 
 1.68675000e-08  3.29964603e+00 
 1.68837500e-08  3.29959730e+00 
 1.69000000e-08  3.29958097e+00 
 1.69025000e-08  3.29958192e+00 
 1.69075000e-08  3.29958467e+00 
 1.69175000e-08  3.29959798e+00 
 1.69337500e-08  3.29963570e+00 
 1.69500000e-08  3.29969082e+00 
 1.69525000e-08  3.29970128e+00 
 1.69575000e-08  3.29972278e+00 
 1.69675000e-08  3.29977330e+00 
 1.69837500e-08  3.29988202e+00 
 1.70000000e-08  3.30003280e+00 
 1.70025000e-08  3.30006395e+00 
 1.70075000e-08  3.30012782e+00 
 1.70175000e-08  3.30026777e+00 
 1.70337500e-08  3.30052959e+00 
 1.70500000e-08  3.30082814e+00 
 1.70525000e-08  3.30087677e+00 
 1.70575000e-08  3.30097481e+00 
 1.70675000e-08  3.30117634e+00 
 1.70837500e-08  3.30150486e+00 
 1.71000000e-08  3.30182582e+00 
 1.71025000e-08  3.30187538e+00 
 1.71075000e-08  3.30197597e+00 
 1.71175000e-08  3.30218019e+00 
 1.71337500e-08  3.30251917e+00 
 1.71500000e-08  3.30287719e+00 
 1.71525000e-08  3.30293434e+00 
 1.71575000e-08  3.30304911e+00 
 1.71675000e-08  3.30328225e+00 
 1.71837500e-08  3.30367223e+00 
 1.72000000e-08  3.30407417e+00 
 1.72025000e-08  3.30413663e+00 
 1.72075000e-08  3.30426250e+00 
 1.72175000e-08  3.30451208e+00 
 1.72337500e-08  3.30489554e+00 
 1.72500000e-08  3.30524378e+00 
 1.72525000e-08  3.30529331e+00 
 1.72575000e-08  3.30539190e+00 
 1.72675000e-08  3.30558684e+00 
 1.72837500e-08  3.30591387e+00 
 1.73000000e-08  3.30627557e+00 
 1.73025000e-08  3.30633599e+00 
 1.73075000e-08  3.30646087e+00 
 1.73175000e-08  3.30673195e+00 
 1.73337500e-08  3.30723606e+00 
 1.73500000e-08  3.30783271e+00 
 1.73525000e-08  3.30793445e+00 
 1.73575000e-08  3.30814501e+00 
 1.73675000e-08  3.30860517e+00 
 1.73837500e-08  3.30948035e+00 
 1.74000000e-08  3.31055075e+00 
 1.74025000e-08  3.31073725e+00 
 1.74075000e-08  3.31112655e+00 
 1.74175000e-08  3.31198997e+00 
 1.74337500e-08  3.31367303e+00 
 1.74500000e-08  3.31576709e+00 
 1.74525000e-08  3.31612937e+00 
 1.74575000e-08  3.31687916e+00 
 1.74675000e-08  3.31843374e+00 
 1.74837500e-08  3.32067070e+00 
 1.75000000e-08  3.32128266e+00 
 1.75025000e-08  3.32107310e+00 
 1.75075000e-08  3.32042900e+00 
 1.75175000e-08  3.31756969e+00 
 1.75337500e-08  3.30741316e+00 
 1.75500000e-08  3.29000397e+00 
 1.75525000e-08  3.28656042e+00 
 1.75575000e-08  3.27919087e+00 
 1.75675000e-08  3.26148110e+00 
 1.75837500e-08  3.22359998e+00 
 1.76000000e-08  3.17278636e+00 
 1.76025000e-08  3.16348464e+00 
 1.76075000e-08  3.14403907e+00 
 1.76175000e-08  3.09972212e+00 
 1.76337500e-08  3.00842027e+00 
 1.76500000e-08  2.88118043e+00 
 1.76525000e-08  2.85633509e+00 
 1.76575000e-08  2.80191810e+00 
 1.76675000e-08  2.66096617e+00 
 1.76837500e-08  2.33046227e+00 
 1.77000000e-08  1.88231628e+00 
 1.77025000e-08  1.80240874e+00 
 1.77075000e-08  1.63786150e+00 
 1.77175000e-08  1.28508276e+00 
 1.77337500e-08  7.26555265e-01 
 1.77500000e-08  3.29668504e-01 
 1.77525000e-08  2.90625033e-01 
 1.77575000e-08  2.21724168e-01 
 1.77675000e-08  1.29000581e-01 
 1.77837500e-08  5.79479132e-02 
 1.78000000e-08  3.33645247e-02 
 1.78025000e-08  3.14480318e-02 
 1.78075000e-08  2.78895462e-02 
 1.78175000e-08  2.23190496e-02 
 1.78337500e-08  1.60699971e-02 
 1.78500000e-08  1.18932807e-02 
 1.78525000e-08  1.13832103e-02 
 1.78575000e-08  1.04024416e-02 
 1.78675000e-08  8.68191062e-03 
 1.78837500e-08  6.45660716e-03 
 1.79000000e-08  4.79422982e-03 
 1.79025000e-08  4.58454159e-03 
 1.79075000e-08  4.18301154e-03 
 1.79175000e-08  3.48017245e-03 
 1.79337500e-08  2.57648877e-03 
 1.79500000e-08  1.90737464e-03 
 1.79525000e-08  1.82354409e-03 
 1.79575000e-08  1.66319539e-03 
 1.79675000e-08  1.38301589e-03 
 1.79837500e-08  1.02499050e-03 
 1.80000000e-08  7.62929308e-04 
 1.80025000e-08  7.30587047e-04 
 1.80075000e-08  6.69160768e-04 
 1.80175000e-08  5.63375862e-04 
 1.80337500e-08  4.29756106e-04 
 1.80500000e-08  3.32274202e-04 
 1.80525000e-08  3.20022077e-04 
 1.80575000e-08  2.96450176e-04 
 1.80675000e-08  2.54752268e-04 
 1.80837500e-08  2.00822185e-04 
 1.81000000e-08  1.60577433e-04 
 1.81025000e-08  1.55531087e-04 
 1.81075000e-08  1.45984081e-04 
 1.81175000e-08  1.29487966e-04 
 1.81337500e-08  1.07997859e-04 
 1.81500000e-08  9.09291488e-05 
 1.81525000e-08  8.87289034e-05 
 1.81575000e-08  8.44447633e-05 
 1.81675000e-08  7.66516069e-05 
 1.81837500e-08  6.55237984e-05 
 1.82000000e-08  5.51683089e-05 
 1.82025000e-08  5.34728975e-05 
 1.82075000e-08  4.98156729e-05 
 1.82175000e-08  4.23667685e-05 
 1.82337500e-08  3.18522873e-05 
 1.82500000e-08  2.47501980e-05 
 1.82525000e-08  2.39755172e-05 
 1.82575000e-08  2.23930041e-05 
 1.82675000e-08  1.97103849e-05 
 1.82837500e-08  1.68620943e-05 
 1.83000000e-08  1.56352529e-05 
 1.83025000e-08  1.57385184e-05 
 1.83075000e-08  1.61262233e-05 
 1.83175000e-08  1.76982925e-05 
 1.83337500e-08  2.06486598e-05 
 1.83500000e-08  2.28883594e-05 
 1.83525000e-08  2.29367573e-05 
 1.83575000e-08  2.26800155e-05 
 1.83675000e-08  2.09178306e-05 
 1.83837500e-08  1.62398977e-05 
 1.84000000e-08  1.01414546e-05 
 1.84025000e-08  9.17124464e-06 
 1.84075000e-08  7.27009881e-06 
 1.84175000e-08  3.74164373e-06 
 1.84337500e-08 -1.10302312e-06 
 1.84500000e-08 -4.17463489e-06 
 1.84525000e-08 -4.33182468e-06 
 1.84575000e-08 -4.59175589e-06 
 1.84675000e-08 -4.77573104e-06 
 1.84837500e-08 -4.26054377e-06 
 1.85000000e-08 -2.83694416e-06 
 1.85025000e-08 -2.52563068e-06 
 1.85075000e-08 -1.87619015e-06 
 1.85175000e-08 -3.74996737e-07 
 1.85337500e-08  3.78592207e-06 
 1.85500000e-08  7.37115393e-06 
 1.85525000e-08  7.68343213e-06 
 1.85575000e-08  8.16500913e-06 
 1.85675000e-08  8.64565157e-06 
 1.85837500e-08  9.10557586e-06 
 1.86000000e-08  1.03613787e-05 
 1.86025000e-08  1.07809987e-05 
 1.86075000e-08  1.17203616e-05 
 1.86175000e-08  1.38099603e-05 
 1.86337500e-08  1.62510281e-05 
 1.86500000e-08  1.68963481e-05 
 1.86525000e-08  1.68429849e-05 
 1.86575000e-08  1.66301781e-05 
 1.86675000e-08  1.58069793e-05 
 1.86837500e-08  1.34226698e-05 
 1.87000000e-08  9.29272489e-06 
 1.87025000e-08  8.35457514e-06 
 1.87075000e-08  6.42223011e-06 
 1.87175000e-08  2.60250902e-06 
 1.87337500e-08 -4.62647507e-06 
 1.87500000e-08 -1.36506420e-05 
 1.87525000e-08 -1.50390856e-05 
 1.87575000e-08 -1.80688959e-05 
 1.87675000e-08 -2.34585808e-05 
 1.87837500e-08 -2.86501740e-05 
 1.88000000e-08 -2.81068257e-05 
 1.88025000e-08 -2.73960251e-05 
 1.88075000e-08 -2.60003810e-05 
 1.88175000e-08 -2.17749015e-05 
 1.88337500e-08 -1.07081024e-05 
 1.88500000e-08  6.68335068e-06 
 1.88525000e-08  1.00396443e-05 
 1.88575000e-08  1.70801245e-05 
 1.88675000e-08  3.34809147e-05 
 1.88837500e-08  6.42071389e-05 
 1.89000000e-08  9.55654312e-05 
 1.89025000e-08  1.00111654e-04 
 1.89075000e-08  1.08964376e-04 
 1.89175000e-08  1.30085118e-04 
 1.89337500e-08  1.50794707e-04 
 1.89500000e-08  1.61379476e-04 
 1.89525000e-08  1.62185337e-04 
 1.89575000e-08  1.63470823e-04 
 1.89675000e-08  1.61745516e-04 
 1.89837500e-08  1.56999406e-04 
 1.90000000e-08  1.49686829e-04 
 1.90025000e-08  1.48276985e-04 
 1.90075000e-08  1.46082243e-04 
 1.90175000e-08  1.43129525e-04 
 1.90337500e-08  1.38378980e-04 
 1.90500000e-08  1.21496181e-04 
 1.90525000e-08  1.17174489e-04 
 1.90575000e-08  1.08531564e-04 
 1.90675000e-08  9.02522316e-05 
 1.90837500e-08  6.23367229e-05 
 1.91000000e-08  4.23231697e-05 
 1.91025000e-08  4.02627502e-05 
 1.91075000e-08  3.70826433e-05 
 1.91175000e-08  3.48176622e-05 
 1.91337500e-08  4.28477006e-05 
 1.91500000e-08  6.69279576e-05 
 1.91525000e-08  7.21789721e-05 
 1.91575000e-08  8.43544841e-05 
 1.91675000e-08  1.12950062e-04 
 1.91837500e-08  1.62731663e-04 
 1.92000000e-08  1.97328980e-04 
 1.92025000e-08  1.99470376e-04 
 1.92075000e-08  2.02128653e-04 
 1.92175000e-08  1.94153621e-04 
 1.92337500e-08  1.35733028e-04 
 1.92500000e-08  1.88583429e-06 
 1.92525000e-08 -2.96601834e-05 
 1.92575000e-08 -9.77630388e-05 
 1.92675000e-08 -2.64903859e-04 
 1.92837500e-08 -6.19497439e-04 
 1.93000000e-08 -1.05823279e-03 
 1.93025000e-08 -1.13187260e-03 
 1.93075000e-08 -1.25390236e-03 
 1.93175000e-08 -1.50892313e-03 
 1.93337500e-08 -1.98873986e-03 
 1.93500000e-08 -2.47878236e-03 
 1.93525000e-08 -2.55239443e-03 
 1.93575000e-08 -2.69893579e-03 
 1.93675000e-08 -2.98810600e-03 
 1.93837500e-08 -3.45327840e-03 
 1.94000000e-08 -3.92124853e-03 
 1.94025000e-08 -3.99370195e-03 
 1.94075000e-08 -4.13951418e-03 
 1.94175000e-08 -4.43816134e-03 
 1.94337500e-08 -4.94265604e-03 
 1.94500000e-08 -5.47606352e-03 
 1.94525000e-08 -5.56003874e-03 
 1.94575000e-08 -5.73380747e-03 
 1.94675000e-08 -6.09976738e-03 
 1.94837500e-08 -6.74948322e-03 
 1.95000000e-08 -7.48302919e-03 
 1.95025000e-08 -7.60329968e-03 
 1.95075000e-08 -7.85662026e-03 
 1.95175000e-08 -8.39438551e-03 
 1.95337500e-08 -9.37917536e-03 
 1.95500000e-08 -1.05517561e-02 
 1.95525000e-08 -1.07478831e-02 
 1.95575000e-08 -1.11698821e-02 
 1.95675000e-08 -1.20736030e-02 
 1.95837500e-08 -1.36682119e-02 
 1.96000000e-08 -1.51545037e-02 
 1.96025000e-08 -1.53249898e-02 
 1.96075000e-08 -1.56275397e-02 
 1.96175000e-08 -1.57840481e-02 
 1.96337500e-08 -1.39978972e-02 
 1.96500000e-08 -8.39729760e-03 
 1.96525000e-08 -7.05262291e-03 
 1.96575000e-08 -4.09668559e-03 
 1.96675000e-08  3.33471291e-03 
 1.96837500e-08  2.03969027e-02 
 1.97000000e-08  4.52771189e-02 
 1.97025000e-08  4.99845315e-02 
 1.97075000e-08  5.98877395e-02 
 1.97175000e-08  8.28263633e-02 
 1.97337500e-08  1.30719006e-01 
 1.97500000e-08  1.95800293e-01 
 1.97525000e-08  2.07992518e-01 
 1.97575000e-08  2.33756572e-01 
 1.97675000e-08  2.94697810e-01 
 1.97837500e-08  4.33304027e-01 
 1.98000000e-08  6.57261452e-01 
 1.98025000e-08  7.02727259e-01 
 1.98075000e-08  7.99382568e-01 
 1.98175000e-08  1.02521597e+00 
 1.98337500e-08  1.47680240e+00 
 1.98500000e-08  2.01155108e+00 
 1.98525000e-08  2.09797967e+00 
 1.98575000e-08  2.26548777e+00 
 1.98675000e-08  2.55086738e+00 
 1.98837500e-08  2.87355525e+00 
 1.99000000e-08  3.06328844e+00 
 1.99025000e-08  3.08241008e+00 
 1.99075000e-08  3.11727977e+00 
 1.99175000e-08  3.16999947e+00 
 1.99337500e-08  3.22214127e+00 
 1.99500000e-08  3.24927413e+00 
 1.99525000e-08  3.25195844e+00 
 1.99575000e-08  3.25695235e+00 
 1.99675000e-08  3.26504636e+00 
 1.99837500e-08  3.27449049e+00 
 2.00000000e-08  3.28097262e+00 
 2.00025000e-08  3.28176289e+00 
 2.00075000e-08  3.28327280e+00 
 2.00175000e-08  3.28590329e+00 
 2.00337500e-08  3.28927846e+00 
 2.00500000e-08  3.29178627e+00 
 2.00525000e-08  3.29210158e+00 
 2.00575000e-08  3.29270558e+00 
 2.00675000e-08  3.29376620e+00 
 2.00837500e-08  3.29514208e+00 
 2.01000000e-08  3.29617801e+00 
 2.01025000e-08  3.29630959e+00 
 2.01075000e-08  3.29656199e+00 
 2.01175000e-08  3.29700791e+00 
 2.01337500e-08  3.29758920e+00 
 2.01500000e-08  3.29802991e+00 
 2.01525000e-08  3.29808802e+00 
 2.01575000e-08  3.29820007e+00 
 2.01675000e-08  3.29840713e+00 
 2.01837500e-08  3.29870268e+00 
 2.02000000e-08  3.29895215e+00 
 2.02025000e-08  3.29898616e+00 
 2.02075000e-08  3.29905182e+00 
 2.02175000e-08  3.29917200e+00 
 2.02337500e-08  3.29933952e+00 
 2.02500000e-08  3.29947655e+00 
 2.02525000e-08  3.29949516e+00 
 2.02575000e-08  3.29953080e+00 
 2.02675000e-08  3.29959401e+00 
 2.02837500e-08  3.29967687e+00 
 2.03000000e-08  3.29973943e+00 
 2.03025000e-08  3.29974728e+00 
 2.03075000e-08  3.29976202e+00 
 2.03175000e-08  3.29978727e+00 
 2.03337500e-08  3.29981961e+00 
 2.03500000e-08  3.29984416e+00 
 2.03525000e-08  3.29984735e+00 
 2.03575000e-08  3.29985329e+00 
 2.03675000e-08  3.29986374e+00 
 2.03837500e-08  3.29987794e+00 
 2.04000000e-08  3.29989026e+00 
 2.04025000e-08  3.29989242e+00 
 2.04075000e-08  3.29989735e+00 
 2.04175000e-08  3.29990755e+00 
 2.04337500e-08  3.29992378e+00 
 2.04500000e-08  3.29994017e+00 
 2.04525000e-08  3.29994259e+00 
 2.04575000e-08  3.29994739e+00 
 2.04675000e-08  3.29995562e+00 
 2.04837500e-08  3.29996240e+00 
 2.05000000e-08  3.29996010e+00 
 2.05025000e-08  3.29995908e+00 
 2.05075000e-08  3.29995700e+00 
 2.05175000e-08  3.29995248e+00 
 2.05337500e-08  3.29994426e+00 
 2.05500000e-08  3.29993574e+00 
 2.05525000e-08  3.29993441e+00 
 2.05575000e-08  3.29993159e+00 
 2.05675000e-08  3.29992573e+00 
 2.05837500e-08  3.29991703e+00 
 2.06000000e-08  3.29991004e+00 
 2.06025000e-08  3.29990914e+00 
 2.06075000e-08  3.29990733e+00 
 2.06175000e-08  3.29990393e+00 
 2.06337500e-08  3.29989960e+00 
 2.06500000e-08  3.29989738e+00 
 2.06525000e-08  3.29989742e+00 
 2.06575000e-08  3.29989764e+00 
 2.06675000e-08  3.29989960e+00 
 2.06837500e-08  3.29990551e+00 
 2.07000000e-08  3.29991372e+00 
 2.07025000e-08  3.29991510e+00 
 2.07075000e-08  3.29991767e+00 
 2.07175000e-08  3.29992293e+00 
 2.07337500e-08  3.29993393e+00 
 2.07500000e-08  3.29994854e+00 
 2.07525000e-08  3.29995116e+00 
 2.07575000e-08  3.29995657e+00 
 2.07675000e-08  3.29996776e+00 
 2.07837500e-08  3.29998360e+00 
 2.08000000e-08  3.29999444e+00 
 2.08025000e-08  3.29999565e+00 
 2.08075000e-08  3.29999792e+00 
 2.08175000e-08  3.30000162e+00 
 2.08337500e-08  3.30000211e+00 
 2.08500000e-08  3.29999962e+00 
 2.08525000e-08  3.29999889e+00 
 2.08575000e-08  3.29999719e+00 
 2.08675000e-08  3.29999320e+00 
 2.08837500e-08  3.29998708e+00 
 2.09000000e-08  3.29998195e+00 
 2.09025000e-08  3.29998111e+00 
 2.09075000e-08  3.29997939e+00 
 2.09175000e-08  3.29997501e+00 
 2.09337500e-08  3.29996537e+00 
 2.09500000e-08  3.29995489e+00 
 2.09525000e-08  3.29995348e+00 
 2.09575000e-08  3.29995104e+00 
 2.09675000e-08  3.29994817e+00 
 2.09837500e-08  3.29994942e+00 
 2.10000000e-08  3.29996660e+00 
 2.10025000e-08  3.29997046e+00 
 2.10075000e-08  3.29997823e+00 
 2.10175000e-08  3.29999336e+00 
 2.10337500e-08  3.30002018e+00 
 2.10500000e-08  3.30003657e+00 
 2.10525000e-08  3.30003707e+00 
 2.10575000e-08  3.30003693e+00 
 2.10675000e-08  3.30002842e+00 
 2.10837500e-08  3.29998966e+00 
 2.11000000e-08  3.29992863e+00 
 2.11025000e-08  3.29991744e+00 
 2.11075000e-08  3.29989480e+00 
 2.11175000e-08  3.29984921e+00 
 2.11337500e-08  3.29978476e+00 
 2.11500000e-08  3.29973462e+00 
 2.11525000e-08  3.29972814e+00 
 2.11575000e-08  3.29971459e+00 
 2.11675000e-08  3.29969271e+00 
 2.11837500e-08  3.29967445e+00 
 2.12000000e-08  3.29967591e+00 
 2.12025000e-08  3.29967786e+00 
 2.12075000e-08  3.29968241e+00 
 2.12175000e-08  3.29969644e+00 
 2.12337500e-08  3.29973825e+00 
 2.12500000e-08  3.29976810e+00 
 2.12525000e-08  3.29977167e+00 
 2.12575000e-08  3.29977811e+00 
 2.12675000e-08  3.29978844e+00 
 2.12837500e-08  3.29980386e+00 
 2.13000000e-08  3.29983559e+00 
 2.13025000e-08  3.29984288e+00 
 2.13075000e-08  3.29985702e+00 
 2.13175000e-08  3.29988375e+00 
 2.13337500e-08  3.29991996e+00 
 2.13500000e-08  3.29994507e+00 
 2.13525000e-08  3.29994775e+00 
 2.13575000e-08  3.29995218e+00 
 2.13675000e-08  3.29995703e+00 
 2.13837500e-08  3.29995508e+00 
 2.14000000e-08  3.29994225e+00 
 2.14025000e-08  3.29993940e+00 
 2.14075000e-08  3.29993280e+00 
 2.14175000e-08  3.29991653e+00 
 2.14337500e-08  3.29987999e+00 
 2.14500000e-08  3.29982702e+00 
 2.14525000e-08  3.29981747e+00 
 2.14575000e-08  3.29979635e+00 
 2.14675000e-08  3.29975034e+00 
 2.14837500e-08  3.29967424e+00 
 2.15000000e-08  3.29961522e+00 
 2.15025000e-08  3.29960956e+00 
 2.15075000e-08  3.29959932e+00 
 2.15175000e-08  3.29958903e+00 
 2.15337500e-08  3.29959572e+00 
 2.15500000e-08  3.29962435e+00 
 2.15525000e-08  3.29963069e+00 
 2.15575000e-08  3.29964343e+00 
 2.15675000e-08  3.29967330e+00 
 2.15837500e-08  3.29973696e+00 
 2.16000000e-08  3.29982823e+00 
 2.16025000e-08  3.29984603e+00 
 2.16075000e-08  3.29988370e+00 
 2.16175000e-08  3.29997395e+00 
 2.16337500e-08  3.30017656e+00 
 2.16500000e-08  3.30042589e+00 
 2.16525000e-08  3.30046837e+00 
 2.16575000e-08  3.30055493e+00 
 2.16675000e-08  3.30073838e+00 
 2.16837500e-08  3.30105776e+00 
 2.17000000e-08  3.30139279e+00 
 2.17025000e-08  3.30144256e+00 
 2.17075000e-08  3.30154275e+00 
 2.17175000e-08  3.30174130e+00 
 2.17337500e-08  3.30206501e+00 
 2.17500000e-08  3.30240153e+00 
 2.17525000e-08  3.30245368e+00 
 2.17575000e-08  3.30255855e+00 
 2.17675000e-08  3.30277685e+00 
 2.17837500e-08  3.30314404e+00 
 2.18000000e-08  3.30352520e+00 
 2.18025000e-08  3.30358522e+00 
 2.18075000e-08  3.30370666e+00 
 2.18175000e-08  3.30395421e+00 
 2.18337500e-08  3.30435796e+00 
 2.18500000e-08  3.30474570e+00 
 2.18525000e-08  3.30480143e+00 
 2.18575000e-08  3.30491178e+00 
 2.18675000e-08  3.30512318e+00 
 2.18837500e-08  3.30545036e+00 
 2.19000000e-08  3.30577652e+00 
 2.19025000e-08  3.30582784e+00 
 2.19075000e-08  3.30593277e+00 
 2.19175000e-08  3.30615511e+00 
 2.19337500e-08  3.30655956e+00 
 2.19500000e-08  3.30703259e+00 
 2.19525000e-08  3.30711303e+00 
 2.19575000e-08  3.30727945e+00 
 2.19675000e-08  3.30764264e+00 
 2.19837500e-08  3.30832791e+00 
 2.20000000e-08  3.30915451e+00 
 2.20025000e-08  3.30929725e+00 
 2.20075000e-08  3.30959400e+00 
 2.20175000e-08  3.31024743e+00 
 2.20337500e-08  3.31150519e+00 
 2.20500000e-08  3.31306746e+00 
 2.20525000e-08  3.31334210e+00 
 2.20575000e-08  3.31391775e+00 
 2.20675000e-08  3.31519014e+00 
 2.20837500e-08  3.31756311e+00 
 2.21000000e-08  3.31999397e+00 
 2.21025000e-08  3.32031836e+00 
 2.21075000e-08  3.32090311e+00 
 2.21175000e-08  3.32147425e+00 
 2.21337500e-08  3.31947613e+00 
 2.21500000e-08  3.31188872e+00 
 2.21525000e-08  3.31000656e+00 
 2.21575000e-08  3.30584830e+00 
 2.21675000e-08  3.29551140e+00 
 2.21837500e-08  3.27217983e+00 
 2.22000000e-08  3.23822922e+00 
 2.22025000e-08  3.23185171e+00 
 2.22075000e-08  3.21848410e+00 
 2.22175000e-08  3.18787211e+00 
 2.22337500e-08  3.12534604e+00 
 2.22500000e-08  3.04269159e+00 
 2.22525000e-08  3.02745141e+00 
 2.22575000e-08  2.99531626e+00 
 2.22675000e-08  2.91977632e+00 
 2.22837500e-08  2.74269853e+00 
 2.23000000e-08  2.45312726e+00 
 2.23025000e-08  2.39604980e+00 
 2.23075000e-08  2.27610779e+00 
 2.23175000e-08  2.00396279e+00 
 2.23337500e-08  1.47857933e+00 
 2.23500000e-08  8.99163925e-01 
 2.23525000e-08  8.14374641e-01 
 2.23575000e-08  6.56013128e-01 
 2.23675000e-08  4.04217446e-01 
 2.23837500e-08  1.65720211e-01 
 2.24000000e-08  7.12921608e-02 
 2.24025000e-08  6.48760877e-02 
 2.24075000e-08  5.36225261e-02 
 2.24175000e-08  3.84168990e-02 
 2.24337500e-08  2.48980568e-02 
 2.24500000e-08  1.77593756e-02 
 2.24525000e-08  1.69739517e-02 
 2.24575000e-08  1.54671297e-02 
 2.24675000e-08  1.28660231e-02 
 2.24837500e-08  9.56272450e-03 
 2.25000000e-08  7.12041281e-03 
 2.25025000e-08  6.81210603e-03 
 2.25075000e-08  6.22042109e-03 
 2.25175000e-08  5.18156590e-03 
 2.25337500e-08  3.83974754e-03 
 2.25500000e-08  2.84263617e-03 
 2.25525000e-08  2.71749393e-03 
 2.25575000e-08  2.47831301e-03 
 2.25675000e-08  2.06070500e-03 
 2.25837500e-08  1.52586030e-03 
 2.26000000e-08  1.13226237e-03 
 2.26025000e-08  1.08325860e-03 
 2.26075000e-08  9.89773321e-04 
 2.26175000e-08  8.27335285e-04 
 2.26337500e-08  6.20827023e-04 
 2.26500000e-08  4.70060894e-04 
 2.26525000e-08  4.51368218e-04 
 2.26575000e-08  4.15734854e-04 
 2.26675000e-08  3.53919388e-04 
 2.26837500e-08  2.75409390e-04 
 2.27000000e-08  2.17863637e-04 
 2.27025000e-08  2.10669352e-04 
 2.27075000e-08  1.96937005e-04 
 2.27175000e-08  1.72840925e-04 
 2.27337500e-08  1.41195238e-04 
 2.27500000e-08  1.16831652e-04 
 2.27525000e-08  1.13678167e-04 
 2.27575000e-08  1.07634168e-04 
 2.27675000e-08  9.66153724e-05 
 2.27837500e-08  8.17880590e-05 
 2.28000000e-08  6.95502133e-05 
 2.28025000e-08  6.77518213e-05 
 2.28075000e-08  6.41738032e-05 
 2.28175000e-08  5.70006368e-05 
 2.28337500e-08  4.43016636e-05 
 2.28500000e-08  3.20924113e-05 
 2.28525000e-08  3.06381383e-05 
 2.28575000e-08  2.78270218e-05 
 2.28675000e-08  2.34365168e-05 
 2.28837500e-08  1.89245085e-05 
 2.29000000e-08  1.67024180e-05 
 2.29025000e-08  1.65840228e-05 
 2.29075000e-08  1.63758596e-05 
 2.29175000e-08  1.63878045e-05 
 2.29337500e-08  1.70402706e-05 
 2.29500000e-08  1.82267551e-05 
 2.29525000e-08  1.85273520e-05 
 2.29575000e-08  1.91819388e-05 
 2.29675000e-08  2.06401153e-05 
 2.29837500e-08  2.20370695e-05 
 2.30000000e-08  2.11538223e-05 
 2.30025000e-08  2.06470008e-05 
 2.30075000e-08  1.93258457e-05 
 2.30175000e-08  1.55627058e-05 
 2.30337500e-08  8.25454773e-06 
 2.30500000e-08  1.31192431e-06 
 2.30525000e-08  4.72925426e-07 
 2.30575000e-08 -1.08012298e-06 
 2.30675000e-08 -3.15926591e-06 
 2.30837500e-08 -4.12064939e-06 
 2.31000000e-08 -4.14565962e-06 
 2.31025000e-08 -4.04098142e-06 
 2.31075000e-08 -3.78969690e-06 
 2.31175000e-08 -2.99289142e-06 
 2.31337500e-08 -9.93913763e-07 
 2.31500000e-08  2.20919095e-06 
 2.31525000e-08  2.98421799e-06 
 2.31575000e-08  4.26824062e-06 
 2.31675000e-08  5.88702100e-06 
 2.31837500e-08  7.64699062e-06 
 2.32000000e-08  8.86217571e-06 
 2.32025000e-08  9.02260188e-06 
 2.32075000e-08  9.54599637e-06 
 2.32175000e-08  1.09656825e-05 
 2.32337500e-08  1.33174363e-05 
 2.32500000e-08  1.49386588e-05 
 2.32525000e-08  1.50539481e-05 
 2.32575000e-08  1.51293234e-05 
 2.32675000e-08  1.47086287e-05 
 2.32837500e-08  1.29899207e-05 
 2.33000000e-08  1.03594926e-05 
 2.33025000e-08  9.90269469e-06 
 2.33075000e-08  8.89024859e-06 
 2.33175000e-08  6.33872750e-06 
 2.33337500e-08  9.87944456e-07 
 2.33500000e-08 -4.77150664e-06 
 2.33525000e-08 -5.64041578e-06 
 2.33575000e-08 -7.61720172e-06 
 2.33675000e-08 -1.17525335e-05 
 2.33837500e-08 -1.90846177e-05 
 2.34000000e-08 -2.45052964e-05 
 2.34025000e-08 -2.47559187e-05 
 2.34075000e-08 -2.51667681e-05 
 2.34175000e-08 -2.41859215e-05 
 2.34337500e-08 -1.88588231e-05 
 2.34500000e-08 -9.26719093e-06 
 2.34525000e-08 -7.41877426e-06 
 2.34575000e-08 -3.82378852e-06 
 2.34675000e-08  4.54472502e-06 
 2.34837500e-08  2.40379024e-05 
 2.35000000e-08  5.10661939e-05 
 2.35025000e-08  5.58833675e-05 
 2.35075000e-08  6.57465990e-05 
 2.35175000e-08  8.60426481e-05 
 2.35337500e-08  1.18124087e-04 
 2.35500000e-08  1.45725808e-04 
 2.35525000e-08  1.48135035e-04 
 2.35575000e-08  1.52314594e-04 
 2.35675000e-08  1.57783024e-04 
 2.35837500e-08  1.60784739e-04 
 2.36000000e-08  1.54375860e-04 
 2.36025000e-08  1.54016514e-04 
 2.36075000e-08  1.52670595e-04 
 2.36175000e-08  1.48523921e-04 
 2.36337500e-08  1.43072293e-04 
 2.36500000e-08  1.39990846e-04 
 2.36525000e-08  1.39223148e-04 
 2.36575000e-08  1.37061393e-04 
 2.36675000e-08  1.27256322e-04 
 2.36837500e-08  1.01122089e-04 
 2.37000000e-08  7.10078503e-05 
 2.37025000e-08  6.66358376e-05 
 2.37075000e-08  5.87419724e-05 
 2.37175000e-08  4.65195087e-05 
 2.37337500e-08  3.67280539e-05 
 2.37500000e-08  4.02099871e-05 
 2.37525000e-08  4.20092411e-05 
 2.37575000e-08  4.68011966e-05 
 2.37675000e-08  6.08797739e-05 
 2.37837500e-08  9.66105555e-05 
 2.38000000e-08  1.45164656e-04 
 2.38025000e-08  1.52341376e-04 
 2.38075000e-08  1.66557002e-04 
 2.38175000e-08  1.88655631e-04 
 2.38337500e-08  1.98662545e-04 
 2.38500000e-08  1.63606592e-04 
 2.38525000e-08  1.52513478e-04 
 2.38575000e-08  1.27142965e-04 
 2.38675000e-08  5.28143258e-05 
 2.38837500e-08 -1.52110742e-04 
 2.39000000e-08 -4.64842869e-04 
 2.39025000e-08 -5.23155655e-04 
 2.39075000e-08 -6.43995723e-04 
 2.39175000e-08 -9.09025941e-04 
 2.39337500e-08 -1.34844273e-03 
 2.39500000e-08 -1.78704343e-03 
 2.39525000e-08 -1.86286842e-03 
 2.39575000e-08 -2.01465358e-03 
 2.39675000e-08 -2.31737588e-03 
 2.39837500e-08 -2.80124204e-03 
 2.40000000e-08 -3.27468262e-03 
 2.40025000e-08 -3.34621198e-03 
 2.40075000e-08 -3.48964658e-03 
 2.40175000e-08 -3.77651139e-03 
 2.40337500e-08 -4.24749287e-03 
 2.40500000e-08 -4.73600229e-03 
 2.40525000e-08 -4.81314383e-03 
 2.40575000e-08 -4.97055995e-03 
 2.40675000e-08 -5.29454419e-03 
 2.40837500e-08 -5.85139466e-03 
 2.41000000e-08 -6.47269895e-03 
 2.41025000e-08 -6.57399114e-03 
 2.41075000e-08 -6.78491209e-03 
 2.41175000e-08 -7.22950705e-03 
 2.41337500e-08 -8.02950552e-03 
 2.41500000e-08 -8.95943209e-03 
 2.41525000e-08 -9.11428295e-03 
 2.41575000e-08 -9.44580053e-03 
 2.41675000e-08 -1.01619591e-02 
 2.41837500e-08 -1.15026114e-02 
 2.42000000e-08 -1.30698374e-02 
 2.42025000e-08 -1.33181556e-02 
 2.42075000e-08 -1.38359422e-02 
 2.42175000e-08 -1.48110845e-02 
 2.42337500e-08 -1.58205697e-02 
 2.42500000e-08 -1.51218836e-02 
 2.42525000e-08 -1.47411227e-02 
 2.42575000e-08 -1.38023533e-02 
 2.42675000e-08 -1.06912711e-02 
 2.42837500e-08 -1.50290725e-03 
 2.43000000e-08  1.31093575e-02 
 2.43025000e-08  1.60325796e-02 
 2.43075000e-08  2.22489673e-02 
 2.43175000e-08  3.70105623e-02 
 2.43337500e-08  6.85004498e-02 
 2.43500000e-08  1.11340100e-01 
 2.43525000e-08  1.19289502e-01 
 2.43575000e-08  1.35990906e-01 
 2.43675000e-08  1.74682126e-01 
 2.43837500e-08  2.56954251e-01 
 2.44000000e-08  3.75532174e-01 
 2.44025000e-08  3.98903586e-01 
 2.44075000e-08  4.49669325e-01 
 2.44175000e-08  5.79203438e-01 
 2.44337500e-08  8.82024625e-01 
 2.44500000e-08  1.29624115e+00 
 2.44525000e-08  1.37050856e+00 
 2.44575000e-08  1.52351115e+00 
 2.44675000e-08  1.85177911e+00 
 2.44837500e-08  2.38074325e+00 
 2.45000000e-08  2.76767883e+00 
 2.45025000e-08  2.81100866e+00 
 2.45075000e-08  2.89065471e+00 
 2.45175000e-08  3.01472303e+00 
 2.45337500e-08  3.14130145e+00 
 2.45500000e-08  3.20711213e+00 
 2.45525000e-08  3.21335925e+00 
 2.45575000e-08  3.22476322e+00 
 2.45675000e-08  3.24218374e+00 
 2.45837500e-08  3.26046480e+00 
 2.46000000e-08  3.27151499e+00 
 2.46025000e-08  3.27277384e+00 
 2.46075000e-08  3.27516357e+00 
 2.46175000e-08  3.27925785e+00 
 2.46337500e-08  3.28440846e+00 
 2.46500000e-08  3.28817846e+00 
 2.46525000e-08  3.28864972e+00 
 2.46575000e-08  3.28955171e+00 
 2.46675000e-08  3.29113127e+00 
 2.46837500e-08  3.29317049e+00 
 2.47000000e-08  3.29469488e+00 
 2.47025000e-08  3.29488730e+00 
 2.47075000e-08  3.29525613e+00 
 2.47175000e-08  3.29590600e+00 
 2.47337500e-08  3.29675493e+00 
 2.47500000e-08  3.29739681e+00 
 2.47525000e-08  3.29747813e+00 
 2.47575000e-08  3.29763312e+00 
 2.47675000e-08  3.29790830e+00 
 2.47837500e-08  3.29828401e+00 
 2.48000000e-08  3.29859965e+00 
 2.48025000e-08  3.29864345e+00 
 2.48075000e-08  3.29872833e+00 
 2.48175000e-08  3.29888482e+00 
 2.48337500e-08  3.29910356e+00 
 2.48500000e-08  3.29928386e+00 
 2.48525000e-08  3.29930820e+00 
 2.48575000e-08  3.29935502e+00 
 2.48675000e-08  3.29943948e+00 
 2.48837500e-08  3.29955464e+00 
 2.49000000e-08  3.29964364e+00 
 2.49025000e-08  3.29965524e+00 
 2.49075000e-08  3.29967770e+00 
 2.49175000e-08  3.29971853e+00 
 2.49337500e-08  3.29977271e+00 
 2.49500000e-08  3.29981326e+00 
 2.49525000e-08  3.29981828e+00 
 2.49575000e-08  3.29982740e+00 
 2.49675000e-08  3.29984213e+00 
 2.49837500e-08  3.29985997e+00 
 2.50000000e-08  3.29987360e+00 
 2.50025000e-08  3.29987558e+00 
 2.50075000e-08  3.29987940e+00 
 2.50175000e-08  3.29988715e+00 
 2.50337500e-08  3.29990066e+00 
 2.50500000e-08  3.29991434e+00 
 2.50525000e-08  3.29991653e+00 
 2.50575000e-08  3.29992120e+00 
 2.50675000e-08  3.29993150e+00 
 2.50837500e-08  3.29994924e+00 
 2.51000000e-08  3.29996344e+00 
 2.51025000e-08  3.29996434e+00 
 2.51075000e-08  3.29996552e+00 
 2.51175000e-08  3.29996429e+00 
 2.51337500e-08  3.29995647e+00 
 2.51500000e-08  3.29994580e+00 
 2.51525000e-08  3.29994427e+00 
 2.51575000e-08  3.29994140e+00 
 2.51675000e-08  3.29993662e+00 
 2.51837500e-08  3.29993007e+00 
 2.52000000e-08  3.29992423e+00 
 2.52025000e-08  3.29992336e+00 
 2.52075000e-08  3.29992146e+00 
 2.52175000e-08  3.29991743e+00 
 2.52337500e-08  3.29991071e+00 
 2.52500000e-08  3.29990442e+00 
 2.52525000e-08  3.29990379e+00 
 2.52575000e-08  3.29990265e+00 
 2.52675000e-08  3.29990143e+00 
 2.52837500e-08  3.29990195e+00 
 2.53000000e-08  3.29990543e+00 
 2.53025000e-08  3.29990623e+00 
 2.53075000e-08  3.29990772e+00 
 2.53175000e-08  3.29991105e+00 
 2.53337500e-08  3.29991858e+00 
 2.53500000e-08  3.29992979e+00 
 2.53525000e-08  3.29993192e+00 
 2.53575000e-08  3.29993628e+00 
 2.53675000e-08  3.29994579e+00 
 2.53837500e-08  3.29996212e+00 
 2.54000000e-08  3.29997704e+00 
 2.54025000e-08  3.29997897e+00 
 2.54075000e-08  3.29998268e+00 
 2.54175000e-08  3.29998908e+00 
 2.54337500e-08  3.29999593e+00 
 2.54500000e-08  3.29999692e+00 
 2.54525000e-08  3.29999658e+00 
 2.54575000e-08  3.29999576e+00 
 2.54675000e-08  3.29999271e+00 
 2.54837500e-08  3.29998685e+00 
 2.55000000e-08  3.29998272e+00 
 2.55025000e-08  3.29998241e+00 
 2.55075000e-08  3.29998214e+00 
 2.55175000e-08  3.29998245e+00 
 2.55337500e-08  3.29998135e+00 
 2.55500000e-08  3.29997549e+00 
 2.55525000e-08  3.29997391e+00 
 2.55575000e-08  3.29997053e+00 
 2.55675000e-08  3.29996301e+00 
 2.55837500e-08  3.29995285e+00 
 2.56000000e-08  3.29994907e+00 
 2.56025000e-08  3.29994934e+00 
 2.56075000e-08  3.29995060e+00 
 2.56175000e-08  3.29996137e+00 
 2.56337500e-08  3.29998798e+00 
 2.56500000e-08  3.30001549e+00 
 2.56525000e-08  3.30001932e+00 
 2.56575000e-08  3.30002659e+00 
 2.56675000e-08  3.30003630e+00 
 2.56837500e-08  3.30003303e+00 
 2.57000000e-08  3.30000056e+00 
 2.57025000e-08  3.29999321e+00 
 2.57075000e-08  3.29997720e+00 
 2.57175000e-08  3.29993784e+00 
 2.57337500e-08  3.29986341e+00 
 2.57500000e-08  3.29979341e+00 
 2.57525000e-08  3.29978414e+00 
 2.57575000e-08  3.29976667e+00 
 2.57675000e-08  3.29973736e+00 
 2.57837500e-08  3.29969927e+00 
 2.58000000e-08  3.29967861e+00 
 2.58025000e-08  3.29967780e+00 
 2.58075000e-08  3.29967673e+00 
 2.58175000e-08  3.29967844e+00 
 2.58337500e-08  3.29969272e+00 
 2.58500000e-08  3.29973161e+00 
 2.58525000e-08  3.29973703e+00 
 2.58575000e-08  3.29974712e+00 
 2.58675000e-08  3.29976482e+00 
 2.58837500e-08  3.29978567e+00 
 2.59000000e-08  3.29979610e+00 
 2.59025000e-08  3.29979850e+00 
 2.59075000e-08  3.29980423e+00 
 2.59175000e-08  3.29982271e+00 
 2.59337500e-08  3.29986258e+00 
 2.59500000e-08  3.29990278e+00 
 2.59525000e-08  3.29990851e+00 
 2.59575000e-08  3.29991944e+00 
 2.59675000e-08  3.29993843e+00 
 2.59837500e-08  3.29995856e+00 
 2.60000000e-08  3.29996474e+00 
 2.60025000e-08  3.29996433e+00 
 2.60075000e-08  3.29996236e+00 
 2.60175000e-08  3.29995392e+00 
 2.60337500e-08  3.29993009e+00 
 2.60500000e-08  3.29989362e+00 
 2.60525000e-08  3.29988699e+00 
 2.60575000e-08  3.29987236e+00 
 2.60675000e-08  3.29983925e+00 
 2.60837500e-08  3.29977356e+00 
 2.61000000e-08  3.29970012e+00 
 2.61025000e-08  3.29968966e+00 
 2.61075000e-08  3.29966848e+00 
 2.61175000e-08  3.29963207e+00 
 2.61337500e-08  3.29959638e+00 
 2.61500000e-08  3.29959048e+00 
 2.61525000e-08  3.29959248e+00 
 2.61575000e-08  3.29959691e+00 
 2.61675000e-08  3.29961195e+00 
 2.61837500e-08  3.29965148e+00 
 2.62000000e-08  3.29971101e+00 
 2.62025000e-08  3.29972277e+00 
 2.62075000e-08  3.29974755e+00 
 2.62175000e-08  3.29980782e+00 
 2.62337500e-08  3.29993905e+00 
 2.62500000e-08  3.30012729e+00 
 2.62525000e-08  3.30016193e+00 
 2.62575000e-08  3.30023308e+00 
 2.62675000e-08  3.30038852e+00 
 2.62837500e-08  3.30067400e+00 
 2.63000000e-08  3.30099056e+00 
 2.63025000e-08  3.30104153e+00 
 2.63075000e-08  3.30114407e+00 
 2.63175000e-08  3.30135212e+00 
 2.63337500e-08  3.30168069e+00 
 2.63500000e-08  3.30199887e+00 
 2.63525000e-08  3.30205181e+00 
 2.63575000e-08  3.30215493e+00 
 2.63675000e-08  3.30235835e+00 
 2.63837500e-08  3.30270345e+00 
 2.64000000e-08  3.30306959e+00 
 2.64025000e-08  3.30312744e+00 
 2.64075000e-08  3.30324432e+00 
 2.64175000e-08  3.30348427e+00 
 2.64337500e-08  3.30388492e+00 
 2.64500000e-08  3.30429173e+00 
 2.64525000e-08  3.30435323e+00 
 2.64575000e-08  3.30447597e+00 
 2.64675000e-08  3.30471403e+00 
 2.64837500e-08  3.30507637e+00 
 2.65000000e-08  3.30541369e+00 
 2.65025000e-08  3.30546381e+00 
 2.65075000e-08  3.30556517e+00 
 2.65175000e-08  3.30577228e+00 
 2.65337500e-08  3.30612704e+00 
 2.65500000e-08  3.30651888e+00 
 2.65525000e-08  3.30658341e+00 
 2.65575000e-08  3.30671597e+00 
 2.65675000e-08  3.30700201e+00 
 2.65837500e-08  3.30754099e+00 
 2.66000000e-08  3.30819469e+00 
 2.66025000e-08  3.30830811e+00 
 2.66075000e-08  3.30854397e+00 
 2.66175000e-08  3.30906341e+00 
 2.66337500e-08  3.31005534e+00 
 2.66500000e-08  3.31127026e+00 
 2.66525000e-08  3.31148220e+00 
 2.66575000e-08  3.31192517e+00 
 2.66675000e-08  3.31290786e+00 
 2.66837500e-08  3.31481513e+00 
 2.67000000e-08  3.31712729e+00 
 2.67025000e-08  3.31751290e+00 
 2.67075000e-08  3.31829546e+00 
 2.67175000e-08  3.31979792e+00 
 2.67337500e-08  3.32134365e+00 
 2.67500000e-08  3.32009619e+00 
 2.67525000e-08  3.31946557e+00 
 2.67575000e-08  3.31791412e+00 
 2.67675000e-08  3.31288631e+00 
 2.67837500e-08  3.29853181e+00 
 2.68000000e-08  3.27702627e+00 
 2.68025000e-08  3.27271606e+00 
 2.68075000e-08  3.26358937e+00 
 2.68175000e-08  3.24218802e+00 
 2.68337500e-08  3.19752332e+00 
 2.68500000e-08  3.13835862e+00 
 2.68525000e-08  3.12755213e+00 
 2.68575000e-08  3.10493877e+00 
 2.68675000e-08  3.05319785e+00 
 2.68837500e-08  2.94454634e+00 
 2.69000000e-08  2.78353554e+00 
 2.69025000e-08  2.75036934e+00 
 2.69075000e-08  2.67715760e+00 
 2.69175000e-08  2.49370230e+00 
 2.69337500e-08  2.09621086e+00 
 2.69500000e-08  1.58912581e+00 
 2.69525000e-08  1.50131767e+00 
 2.69575000e-08  1.32226873e+00 
 2.69675000e-08  9.57897525e-01 
 2.69837500e-08  4.77076784e-01 
 2.70000000e-08  1.98858369e-01 
 2.70022609e-08  1.77482538e-01 
 2.70067828e-08  1.39773956e-01 
 2.70158266e-08  8.86189077e-02 
 2.70329133e-08  4.26284104e-02 
 2.70500000e-08  2.65028922e-02 
 2.70525000e-08  2.51766164e-02 
 2.70575000e-08  2.26664101e-02 
 2.70675000e-08  1.85367939e-02 
 2.70837500e-08  1.36001233e-02 
 2.71000000e-08  1.01171046e-02 
 2.71025000e-08  9.68329802e-03 
 2.71075000e-08  8.84937689e-03 
 2.71175000e-08  7.38390303e-03 
 2.71337500e-08  5.48591814e-03 
 2.71500000e-08  4.06869338e-03 
 2.71525000e-08  3.89006654e-03 
 2.71575000e-08  3.54807621e-03 
 2.71675000e-08  2.94944942e-03 
 2.71837500e-08  2.18056786e-03 
 2.72000000e-08  1.61250967e-03 
 2.72025000e-08  1.54177980e-03 
 2.72075000e-08  1.40696939e-03 
 2.72175000e-08  1.17305815e-03 
 2.72337500e-08  8.75561853e-04 
 2.72500000e-08  6.57879151e-04 
 2.72525000e-08  6.30688237e-04 
 2.72575000e-08  5.78609119e-04 
 2.72675000e-08  4.87441546e-04 
 2.72837500e-08  3.71099307e-04 
 2.73000000e-08  2.86187841e-04 
 2.73025000e-08  2.75755729e-04 
 2.73075000e-08  2.56003298e-04 
 2.73175000e-08  2.22098574e-04 
 2.73337500e-08  1.78986233e-04 
 2.73500000e-08  1.46561982e-04 
 2.73525000e-08  1.42306805e-04 
 2.73575000e-08  1.34012159e-04 
 2.73675000e-08  1.18794932e-04 
 2.73837500e-08  9.79634396e-05 
 2.74000000e-08  8.12500427e-05 
 2.74025000e-08  7.91435144e-05 
 2.74075000e-08  7.51919695e-05 
 2.74175000e-08  6.83885588e-05 
 2.74337500e-08  5.86363650e-05 
 2.74500000e-08  4.88082517e-05 
 2.74525000e-08  4.71757586e-05 
 2.74575000e-08  4.37866621e-05 
 2.74675000e-08  3.76121952e-05 
 2.74837500e-08  2.98734919e-05 
 2.75000000e-08  2.50386107e-05 
 2.75025000e-08  2.44385260e-05 
 2.75075000e-08  2.30647022e-05 
 2.75175000e-08  2.03142588e-05 
 2.75337500e-08  1.70789274e-05 
 2.75500000e-08  1.56567655e-05 
 2.75525000e-08  1.56245671e-05 
 2.75575000e-08  1.55768337e-05 
 2.75675000e-08  1.58182642e-05 
 2.75837500e-08  1.66348060e-05 
 2.76000000e-08  1.69584990e-05 
 2.76025000e-08  1.69883155e-05 
 2.76075000e-08  1.70618723e-05 
 2.76175000e-08  1.69974325e-05 
 2.76337500e-08  1.51093441e-05 
 2.76500000e-08  1.09953491e-05 
 2.76525000e-08  1.01573417e-05 
 2.76575000e-08  8.36323387e-06 
 2.76675000e-08  4.59268223e-06 
 2.76837500e-08 -6.67365656e-07 
 2.77000000e-08 -3.49845334e-06 
 2.77025000e-08 -3.75013418e-06 
 2.77075000e-08 -4.15306973e-06 
 2.77175000e-08 -4.42937334e-06 
 2.77337500e-08 -3.75569794e-06 
 2.77500000e-08 -1.99061585e-06 
 2.77525000e-08 -1.69241222e-06 
 2.77575000e-08 -1.15478964e-06 
 2.77675000e-08  3.95536196e-07 
 2.77837500e-08  4.03029907e-06 
 2.78000000e-08  5.93179016e-06 
 2.78025000e-08  6.34157294e-06 
 2.78075000e-08  7.27009324e-06 
 2.78175000e-08  9.36030792e-06 
 2.78337500e-08  1.29665947e-05 
 2.78500000e-08  1.62661275e-05 
 2.78525000e-08  1.66202478e-05 
 2.78575000e-08  1.70950000e-05 
 2.78675000e-08  1.72045436e-05 
 2.78837500e-08  1.61202342e-05 
 2.79000000e-08  1.40743772e-05 
 2.79025000e-08  1.37356820e-05 
 2.79075000e-08  1.30229464e-05 
 2.79175000e-08  1.15419311e-05 
 2.79337500e-08  8.61445132e-06 
 2.79500000e-08  3.95308816e-06 
 2.79525000e-08  2.95225033e-06 
 2.79575000e-08  8.58258119e-07 
 2.79675000e-08 -3.54088916e-06 
 2.79837500e-08 -1.17622114e-05 
 2.80000000e-08 -2.10266784e-05 
 2.80025000e-08 -2.22386608e-05 
 2.80075000e-08 -2.47677536e-05 
 2.80175000e-08 -2.84995745e-05 
 2.80337500e-08 -2.98357733e-05 
 2.80500000e-08 -2.58365560e-05 
 2.80525000e-08 -2.45451485e-05 
 2.80575000e-08 -2.18162163e-05 
 2.80675000e-08 -1.44472712e-05 
 2.80837500e-08  2.16215009e-06 
 2.81000000e-08  2.46188766e-05 
 2.81025000e-08  2.87113592e-05 
 2.81075000e-08  3.69738901e-05 
 2.81175000e-08  5.45568827e-05 
 2.81337500e-08  8.45725158e-05 
 2.81500000e-08  1.13587444e-04 
 2.81525000e-08  1.19054641e-04 
 2.81575000e-08  1.28665832e-04 
 2.81675000e-08  1.43993184e-04 
 2.81837500e-08  1.59854258e-04 
 2.82000000e-08  1.66622984e-04 
 2.82025000e-08  1.65555564e-04 
 2.82075000e-08  1.63399272e-04 
 2.82175000e-08  1.59935956e-04 
 2.82337500e-08  1.51559939e-04 
 2.82500000e-08  1.43380877e-04 
 2.82525000e-08  1.42589770e-04 
 2.82575000e-08  1.41472173e-04 
 2.82675000e-08  1.39058083e-04 
 2.82837500e-08  1.29635999e-04 
 2.83000000e-08  1.04637132e-04 
 2.83025000e-08  9.98325753e-05 
 2.83075000e-08  9.05793714e-05 
 2.83175000e-08  7.30749273e-05 
 2.83337500e-08  5.03680281e-05 
 2.83500000e-08  3.83680826e-05 
 2.83525000e-08  3.76908196e-05 
 2.83575000e-08  3.73705610e-05 
 2.83675000e-08  4.09893134e-05 
 2.83837500e-08  5.89812889e-05 
 2.84000000e-08  9.38631022e-05 
 2.84025000e-08  1.00509188e-04 
 2.84075000e-08  1.15139073e-04 
 2.84175000e-08  1.45447342e-04 
 2.84337500e-08  1.86179680e-04 
 2.84500000e-08  1.98477722e-04 
 2.84525000e-08  1.96188489e-04 
 2.84575000e-08  1.89565568e-04 
 2.84675000e-08  1.60067311e-04 
 2.84837500e-08  5.46162178e-05 
 2.85000000e-08 -1.49171295e-04 
 2.85025000e-08 -1.91653793e-04 
 2.85075000e-08 -2.81919913e-04 
 2.85175000e-08 -4.94020949e-04 
 2.85337500e-08 -9.11433461e-04 
 2.85500000e-08 -1.35380999e-03 
 2.85525000e-08 -1.41677007e-03 
 2.85575000e-08 -1.54874886e-03 
 2.85675000e-08 -1.83664881e-03 
 2.85837500e-08 -2.32485180e-03 
 2.86000000e-08 -2.80831220e-03 
 2.86025000e-08 -2.88106383e-03 
 2.86075000e-08 -3.02631701e-03 
 2.86175000e-08 -3.31449228e-03 
 2.86337500e-08 -3.78181181e-03 
 2.86500000e-08 -4.25567245e-03 
 2.86525000e-08 -4.32947690e-03 
 2.86575000e-08 -4.47964211e-03 
 2.86675000e-08 -4.78743071e-03 
 2.86837500e-08 -5.31039575e-03 
 2.87000000e-08 -5.87092487e-03 
 2.87025000e-08 -5.96207582e-03 
 2.87075000e-08 -6.15090546e-03 
 2.87175000e-08 -6.54798492e-03 
 2.87337500e-08 -7.25533853e-03 
 2.87500000e-08 -8.06108858e-03 
 2.87525000e-08 -8.19371103e-03 
 2.87575000e-08 -8.47487442e-03 
 2.87675000e-08 -9.07591572e-03 
 2.87837500e-08 -1.01916494e-02 
 2.88000000e-08 -1.15310856e-02 
 2.88025000e-08 -1.17538063e-02 
 2.88075000e-08 -1.22304582e-02 
 2.88175000e-08 -1.32233524e-02 
 2.88337500e-08 -1.47940965e-02 
 2.88500000e-08 -1.57707570e-02 
 2.88525000e-08 -1.57909395e-02 
 2.88575000e-08 -1.57395501e-02 
 2.88675000e-08 -1.48740141e-02 
 2.88837500e-08 -1.05123663e-02 
 2.89000000e-08 -1.34606978e-03 
 2.89025000e-08  5.87434779e-04 
 2.89075000e-08  4.59426141e-03 
 2.89175000e-08  1.46031887e-02 
 2.89337500e-08  3.70193858e-02 
 2.89500000e-08  6.83232359e-02 
 2.89525000e-08  7.41691727e-02 
 2.89575000e-08  8.64477265e-02 
 2.89675000e-08  1.14802701e-01 
 2.89837500e-08  1.74120337e-01 
 2.90000000e-08  2.55830904e-01 
 2.90025000e-08  2.71356893e-01 
 2.90075000e-08  3.04383881e-01 
 2.90175000e-08  3.84332169e-01 
 2.90337500e-08  5.78101200e-01 
 2.90500000e-08  8.79516647e-01 
 2.90525000e-08  9.37561880e-01 
 2.90575000e-08  1.05875667e+00 
 2.90675000e-08  1.33083784e+00 
 2.90837500e-08  1.84592774e+00 
 2.91000000e-08  2.37572493e+00 
 2.91025000e-08  2.44684575e+00 
 2.91075000e-08  2.57773448e+00 
 2.91175000e-08  2.78844630e+00 
 2.91337500e-08  3.01559932e+00 
 2.91500000e-08  3.14123741e+00 
 2.91525000e-08  3.15346067e+00 
 2.91575000e-08  3.17569526e+00 
 2.91675000e-08  3.20911860e+00 
 2.91837500e-08  3.24240763e+00 
 2.92000000e-08  3.26055550e+00 
 2.92025000e-08  3.26246118e+00 
 2.92075000e-08  3.26604137e+00 
 2.92175000e-08  3.27200634e+00 
 2.92337500e-08  3.27924729e+00 
 2.92500000e-08  3.28439790e+00 
 2.92525000e-08  3.28503491e+00 
 2.92575000e-08  3.28625295e+00 
 2.92675000e-08  3.28838097e+00 
 2.92837500e-08  3.29112028e+00 
 2.93000000e-08  3.29316094e+00 
 2.93025000e-08  3.29341787e+00 
 2.93075000e-08  3.29391012e+00 
 2.93175000e-08  3.29477549e+00 
 2.93337500e-08  3.29590121e+00 
 2.93500000e-08  3.29675184e+00 
 2.93525000e-08  3.29686016e+00 
 2.93575000e-08  3.29706774e+00 
 2.93675000e-08  3.29743434e+00 
 2.93837500e-08  3.29791417e+00 
 2.94000000e-08  3.29829271e+00 
 2.94025000e-08  3.29834421e+00 
 2.94075000e-08  3.29844358e+00 
 2.94175000e-08  3.29862631e+00 
 2.94337500e-08  3.29888423e+00 
 2.94500000e-08  3.29909919e+00 
 2.94525000e-08  3.29912866e+00 
 2.94575000e-08  3.29918593e+00 
 2.94675000e-08  3.29929206e+00 
 2.94837500e-08  3.29944021e+00 
 2.95000000e-08  3.29955999e+00 
 2.95025000e-08  3.29957548e+00 
 2.95075000e-08  3.29960501e+00 
 2.95175000e-08  3.29965687e+00 
 2.95337500e-08  3.29972416e+00 
 2.95500000e-08  3.29977451e+00 
 2.95525000e-08  3.29978079e+00 
 2.95575000e-08  3.29979245e+00 
 2.95675000e-08  3.29981233e+00 
 2.95837500e-08  3.29983766e+00 
 2.96000000e-08  3.29985679e+00 
 2.96025000e-08  3.29985939e+00 
 2.96075000e-08  3.29986437e+00 
 2.96175000e-08  3.29987378e+00 
 2.96337500e-08  3.29988752e+00 
 2.96500000e-08  3.29990130e+00 
 2.96525000e-08  3.29990338e+00 
 2.96575000e-08  3.29990733e+00 
 2.96675000e-08  3.29991471e+00 
 2.96837500e-08  3.29992727e+00 
 2.97000000e-08  3.29994186e+00 
 2.97025000e-08  3.29994410e+00 
 2.97075000e-08  3.29994874e+00 
 2.97175000e-08  3.29995624e+00 
 2.97337500e-08  3.29996103e+00 
 2.97500000e-08  3.29995775e+00 
 2.97525000e-08  3.29995659e+00 
 2.97575000e-08  3.29995391e+00 
 2.97675000e-08  3.29994733e+00 
 2.97837500e-08  3.29993600e+00 
 2.98000000e-08  3.29992590e+00 
 2.98025000e-08  3.29992472e+00 
 2.98075000e-08  3.29992261e+00 
 2.98175000e-08  3.29991963e+00 
 2.98337500e-08  3.29991604e+00 
 2.98500000e-08  3.29991199e+00 
 2.98525000e-08  3.29991115e+00 
 2.98575000e-08  3.29990924e+00 
 2.98675000e-08  3.29990520e+00 
 2.98837500e-08  3.29990001e+00 
 2.99000000e-08  3.29989826e+00 
 2.99025000e-08  3.29989856e+00 
 2.99075000e-08  3.29989940e+00 
 2.99175000e-08  3.29990272e+00 
 2.99337500e-08  3.29991091e+00 
 2.99500000e-08  3.29992175e+00 
 2.99525000e-08  3.29992360e+00 
 2.99575000e-08  3.29992719e+00 
 2.99675000e-08  3.29993466e+00 
 2.99837500e-08  3.29994865e+00 
 3.00000000e-08  3.29996400e+00 
 3.00025000e-08  3.29996651e+00 
 3.00075000e-08  3.29997167e+00 
 3.00175000e-08  3.29998173e+00 
 3.00337500e-08  3.29999493e+00 
 3.00500000e-08  3.30000290e+00 
 3.00525000e-08  3.30000336e+00 
 3.00575000e-08  3.30000284e+00 
 3.00675000e-08  3.30000005e+00 
 3.00837500e-08  3.29999431e+00 
 3.01000000e-08  3.29998808e+00 
 3.01025000e-08  3.29998734e+00 
 3.01075000e-08  3.29998604e+00 
 3.01175000e-08  3.29998428e+00 
 3.01337500e-08  3.29998185e+00 
 3.01500000e-08  3.29997767e+00 
 3.01525000e-08  3.29997655e+00 
 3.01575000e-08  3.29997415e+00 
 3.01675000e-08  3.29996831e+00 
 3.01837500e-08  3.29995812e+00 
 3.02000000e-08  3.29995056e+00 
 3.02025000e-08  3.29994996e+00 
 3.02075000e-08  3.29994935e+00 
 3.02175000e-08  3.29995090e+00 
 3.02337500e-08  3.29996767e+00 
 3.02500000e-08  3.29999383e+00 
 3.02525000e-08  3.29999772e+00 
 3.02575000e-08  3.30000622e+00 
 3.02675000e-08  3.30002152e+00 
 3.02837500e-08  3.30003613e+00 
 3.03000000e-08  3.30002884e+00 
 3.03025000e-08  3.30002482e+00 
 3.03075000e-08  3.30001530e+00 
 3.03175000e-08  3.29998850e+00 
 3.03337500e-08  3.29992744e+00 
 3.03500000e-08  3.29985240e+00 
 3.03525000e-08  3.29984075e+00 
 3.03575000e-08  3.29981884e+00 
 3.03675000e-08  3.29977949e+00 
 3.03837500e-08  3.29972768e+00 
 3.04000000e-08  3.29968867e+00 
 3.04025000e-08  3.29968443e+00 
 3.04075000e-08  3.29967758e+00 
 3.04175000e-08  3.29967113e+00 
 3.04337500e-08  3.29967561e+00 
 3.04500000e-08  3.29969482e+00 
 3.04525000e-08  3.29970217e+00 
 3.04575000e-08  3.29971653e+00 
 3.04675000e-08  3.29974134e+00 
 3.04837500e-08  3.29977361e+00 
 3.05000000e-08  3.29979449e+00 
 3.05025000e-08  3.29979639e+00 
 3.05075000e-08  3.29979915e+00 
 3.05175000e-08  3.29980593e+00 
 3.05337500e-08  3.29983246e+00 
 3.05500000e-08  3.29987385e+00 
 3.05525000e-08  3.29988047e+00 
 3.05575000e-08  3.29989286e+00 
 3.05675000e-08  3.29991416e+00 
 3.05837500e-08  3.29993943e+00 
 3.06000000e-08  3.29995326e+00 
 3.06025000e-08  3.29995433e+00 
 3.06075000e-08  3.29995580e+00 
 3.06175000e-08  3.29995567e+00 
 3.06337500e-08  3.29994599e+00 
 3.06500000e-08  3.29992352e+00 
 3.06525000e-08  3.29991889e+00 
 3.06575000e-08  3.29990832e+00 
 3.06675000e-08  3.29988299e+00 
 3.06837500e-08  3.29982918e+00 
 3.07000000e-08  3.29975887e+00 
 3.07025000e-08  3.29974757e+00 
 3.07075000e-08  3.29972403e+00 
 3.07175000e-08  3.29968001e+00 
 3.07337500e-08  3.29962628e+00 
 3.07500000e-08  3.29960270e+00 
 3.07525000e-08  3.29960236e+00 
 3.07575000e-08  3.29960211e+00 
 3.07675000e-08  3.29960762e+00 
 3.07837500e-08  3.29963101e+00 
 3.08000000e-08  3.29967136e+00 
 3.08025000e-08  3.29967941e+00 
 3.08075000e-08  3.29969583e+00 
 3.08175000e-08  3.29973503e+00 
 3.08337500e-08  3.29982270e+00 
 3.08500000e-08  3.29995015e+00 
 3.08525000e-08  3.29997462e+00 
 3.08575000e-08  3.30002909e+00 
 3.08675000e-08  3.30015891e+00 
 3.08837500e-08  3.30040554e+00 
 3.09000000e-08  3.30069223e+00 
 3.09025000e-08  3.30073942e+00 
 3.09075000e-08  3.30083420e+00 
 3.09175000e-08  3.30103019e+00 
 3.09337500e-08  3.30136148e+00 
 3.09500000e-08  3.30168855e+00 
 3.09525000e-08  3.30173585e+00 
 3.09575000e-08  3.30183354e+00 
 3.09675000e-08  3.30204157e+00 
 3.09837500e-08  3.30238356e+00 
 3.10000000e-08  3.30273550e+00 
 3.10025000e-08  3.30279198e+00 
 3.10075000e-08  3.30290509e+00 
 3.10175000e-08  3.30313346e+00 
 3.10337500e-08  3.30351336e+00 
 3.10500000e-08  3.30390628e+00 
 3.10525000e-08  3.30396756e+00 
 3.10575000e-08  3.30409118e+00 
 3.10675000e-08  3.30433882e+00 
 3.10837500e-08  3.30472784e+00 
 3.11000000e-08  3.30508701e+00 
 3.11025000e-08  3.30513822e+00 
 3.11075000e-08  3.30524014e+00 
 3.11175000e-08  3.30543981e+00 
 3.11337500e-08  3.30576523e+00 
 3.11500000e-08  3.30611235e+00 
 3.11525000e-08  3.30616905e+00 
 3.11575000e-08  3.30628563e+00 
 3.11675000e-08  3.30653674e+00 
 3.11837500e-08  3.30700403e+00 
 3.12000000e-08  3.30756098e+00 
 3.12025000e-08  3.30765657e+00 
 3.12075000e-08  3.30785474e+00 
 3.12175000e-08  3.30828873e+00 
 3.12337500e-08  3.30911133e+00 
 3.12500000e-08  3.31010985e+00 
 3.12525000e-08  3.31028297e+00 
 3.12575000e-08  3.31064368e+00 
 3.12675000e-08  3.31144143e+00 
 3.12837500e-08  3.31299228e+00 
 3.13000000e-08  3.31493179e+00 
 3.13025000e-08  3.31527144e+00 
 3.13075000e-08  3.31597977e+00 
 3.13175000e-08  3.31749449e+00 
 3.13337500e-08  3.31994657e+00 
 3.13500000e-08  3.32142824e+00 
 3.13525000e-08  3.32144246e+00 
 3.13575000e-08  3.32129517e+00 
 3.13675000e-08  3.31971124e+00 
 3.13837500e-08  3.31230526e+00 
 3.14000000e-08  3.29757560e+00 
 3.14025000e-08  3.29471878e+00 
 3.14075000e-08  3.28853852e+00 
 3.14175000e-08  3.27331959e+00 
 3.14337500e-08  3.23995541e+00 
 3.14500000e-08  3.19456883e+00 
 3.14525000e-08  3.18622767e+00 
 3.14575000e-08  3.16879030e+00 
 3.14675000e-08  3.12907870e+00 
 3.14837500e-08  3.04780855e+00 
 3.15000000e-08  2.93735162e+00 
 3.15025000e-08  2.91637560e+00 
 3.15075000e-08  2.87122167e+00 
 3.15175000e-08  2.75726740e+00 
 3.15337500e-08  2.47533413e+00 
 3.15500000e-08  2.07241687e+00 
 3.15525000e-08  1.99890295e+00 
 3.15575000e-08  1.84680133e+00 
 3.15675000e-08  1.51455458e+00 
 3.15837500e-08  9.33403395e-01 
 3.16000000e-08  4.59537286e-01 
 3.16025000e-08  4.06957745e-01 
 3.16075000e-08  3.12833431e-01 
 3.16175000e-08  1.81221222e-01 
 3.16337500e-08  7.62111737e-02 
 3.16500000e-08  4.01412321e-02 
 3.16525000e-08  3.75499735e-02 
 3.16575000e-08  3.28177735e-02 
 3.16675000e-08  2.57062596e-02 
 3.16837500e-08  1.81540239e-02 
 3.17000000e-08  1.33515073e-02 
 3.17025000e-08  1.27783158e-02 
 3.17075000e-08  1.16760242e-02 
 3.17175000e-08  9.74589433e-03 
 3.17337500e-08  7.25352010e-03 
 3.17500000e-08  5.39163598e-03 
 3.17525000e-08  5.15630991e-03 
 3.17575000e-08  4.70511786e-03 
 3.17675000e-08  3.91376903e-03 
 3.17837500e-08  2.89477252e-03 
 3.18000000e-08  2.14018696e-03 
 3.18025000e-08  2.04587298e-03 
 3.18075000e-08  1.86579307e-03 
 3.18175000e-08  1.55211420e-03 
 3.18337500e-08  1.15165934e-03 
 3.18500000e-08  8.57990119e-04 
 3.18525000e-08  8.21520574e-04 
 3.18575000e-08  7.52000939e-04 
 3.18675000e-08  6.31397664e-04 
 3.18837500e-08  4.78289660e-04 
 3.19000000e-08  3.66538584e-04 
 3.19025000e-08  3.52588932e-04 
 3.19075000e-08  3.25865338e-04 
 3.19175000e-08  2.79040630e-04 
 3.19337500e-08  2.19088125e-04 
 3.19500000e-08  1.74805868e-04 
 3.19525000e-08  1.69280328e-04 
 3.19575000e-08  1.58787515e-04 
 3.19675000e-08  1.40633167e-04 
 3.19837500e-08  1.16916362e-04 
 3.20000000e-08  9.81797546e-05 
 3.20025000e-08  9.56868616e-05 
 3.20075000e-08  9.09108588e-05 
 3.20175000e-08  8.22469875e-05 
 3.20337500e-08  7.01592337e-05 
 3.20500000e-08  5.95628956e-05 
 3.20525000e-08  5.80308100e-05 
 3.20575000e-08  5.46803097e-05 
 3.20675000e-08  4.73340999e-05 
 3.20837500e-08  3.56732051e-05 
 3.21000000e-08  2.69829240e-05 
 3.21025000e-08  2.60436215e-05 
 3.21075000e-08  2.41853807e-05 
 3.21175000e-08  2.11766527e-05 
 3.21337500e-08  1.79829572e-05 
 3.21500000e-08  1.64208840e-05 
 3.21525000e-08  1.63639711e-05 
 3.21575000e-08  1.62806869e-05 
 3.21675000e-08  1.65349126e-05 
 3.21837500e-08  1.76321511e-05 
 3.22000000e-08  1.90664346e-05 
 3.22025000e-08  1.92865784e-05 
 3.22075000e-08  1.96620192e-05 
 3.22175000e-08  2.00488518e-05 
 3.22337500e-08  1.89737993e-05 
 3.22500000e-08  1.54516131e-05 
 3.22525000e-08  1.46094408e-05 
 3.22575000e-08  1.27106330e-05 
 3.22675000e-08  8.29446494e-06 
 3.22837500e-08  1.33501795e-06 
 3.23000000e-08 -4.01412209e-06 
 3.23025000e-08 -4.35049647e-06 
 3.23075000e-08 -4.73718139e-06 
 3.23175000e-08 -4.82618032e-06 
 3.23337500e-08 -3.98023287e-06 
 3.23500000e-08 -2.36525923e-06 
 3.23525000e-08 -2.09161022e-06 
 3.23575000e-08 -1.58601666e-06 
 3.23675000e-08 -5.59946124e-07 
 3.23837500e-08  2.13035569e-06 
 3.24000000e-08  6.17248470e-06 
 3.24025000e-08  6.50861540e-06 
 3.24075000e-08  7.13129042e-06 
 3.24175000e-08  8.23873388e-06 
 3.24337500e-08  9.66151489e-06 
 3.24500000e-08  1.13414132e-05 
 3.24525000e-08  1.16731973e-05 
 3.24575000e-08  1.22769863e-05 
 3.24675000e-08  1.32848880e-05 
 3.24837500e-08  1.42130040e-05 
 3.25000000e-08  1.41030440e-05 
 3.25025000e-08  1.40234810e-05 
 3.25075000e-08  1.38152692e-05 
 3.25175000e-08  1.32145857e-05 
 3.25337500e-08  1.14547113e-05 
 3.25500000e-08  8.49018874e-06 
 3.25525000e-08  7.87031171e-06 
 3.25575000e-08  6.44239396e-06 
 3.25675000e-08  2.97658892e-06 
 3.25837500e-08 -2.97543065e-06 
 3.26000000e-08 -1.06061593e-05 
 3.26025000e-08 -1.18925405e-05 
 3.26075000e-08 -1.48040564e-05 
 3.26175000e-08 -2.03747848e-05 
 3.26337500e-08 -2.70004981e-05 
 3.26500000e-08 -2.83046876e-05 
 3.26525000e-08 -2.78752743e-05 
 3.26575000e-08 -2.70659920e-05 
 3.26675000e-08 -2.41323876e-05 
 3.26837500e-08 -1.54558151e-05 
 3.27000000e-08 -5.32293058e-07 
 3.27025000e-08  2.45444302e-06 
 3.27075000e-08  8.77677122e-06 
 3.27175000e-08  2.42560442e-05 
 3.27337500e-08  5.46610200e-05 
 3.27500000e-08  8.71407457e-05 
 3.27525000e-08  9.19406034e-05 
 3.27575000e-08  1.01283825e-04 
 3.27675000e-08  1.20620541e-04 
 3.27837500e-08  1.46797329e-04 
 3.28000000e-08  1.59868367e-04 
 3.28025000e-08  1.61039145e-04 
 3.28075000e-08  1.63043583e-04 
 3.28175000e-08  1.64822965e-04 
 3.28337500e-08  1.59204155e-04 
 3.28500000e-08  1.53205749e-04 
 3.28525000e-08  1.51795629e-04 
 3.28575000e-08  1.49405534e-04 
 3.28675000e-08  1.45921737e-04 
 3.28837500e-08  1.40839074e-04 
 3.29000000e-08  1.29619843e-04 
 3.29025000e-08  1.25670803e-04 
 3.29075000e-08  1.17580993e-04 
 3.29175000e-08  9.93760290e-05 
 3.29337500e-08  6.96499086e-05 
 3.29500000e-08  4.64066666e-05 
 3.29525000e-08  4.37674899e-05 
 3.29575000e-08  3.93873058e-05 
 3.29675000e-08  3.44857613e-05 
 3.29837500e-08  3.74710922e-05 
 3.30000000e-08  5.53189302e-05 
 3.30025000e-08  5.94992865e-05 
 3.30075000e-08  6.94318164e-05 
 3.30175000e-08  9.41660608e-05 
 3.30337500e-08  1.42882781e-04 
 3.30500000e-08  1.85206337e-04 
 3.30525000e-08  1.89415678e-04 
 3.30575000e-08  1.96722967e-04 
 3.30675000e-08  2.00379595e-04 
 3.30837500e-08  1.66514261e-04 
 3.31000000e-08  6.48291851e-05 
 3.31025000e-08  4.04693684e-05 
 3.31075000e-08 -1.42095644e-05 
 3.31175000e-08 -1.61384960e-04 
 3.31337500e-08 -4.86044113e-04 
 3.31500000e-08 -9.03870412e-04 
 3.31525000e-08 -9.75308831e-04 
 3.31575000e-08 -1.12034195e-03 
 3.31675000e-08 -1.36870528e-03 
 3.31837500e-08 -1.82375068e-03 
 3.32000000e-08 -2.31724446e-03 
 3.32025000e-08 -2.39228587e-03 
 3.32075000e-08 -2.54199058e-03 
 3.32175000e-08 -2.83815140e-03 
 3.32337500e-08 -3.31120713e-03 
 3.32500000e-08 -3.77908248e-03 
 3.32525000e-08 -3.85033973e-03 
 3.32575000e-08 -3.99384481e-03 
 3.32675000e-08 -4.28211100e-03 
 3.32837500e-08 -4.77086016e-03 
 3.33000000e-08 -5.29232414e-03 
 3.33025000e-08 -5.37588590e-03 
 3.33075000e-08 -5.54588986e-03 
 3.33175000e-08 -5.90595868e-03 
 3.33337500e-08 -6.54046141e-03 
 3.33500000e-08 -7.24444749e-03 
 3.33525000e-08 -7.35832229e-03 
 3.33575000e-08 -7.59683024e-03 
 3.33675000e-08 -8.10040723e-03 
 3.33837500e-08 -9.02238856e-03 
 3.34000000e-08 -1.01268021e-02 
 3.34025000e-08 -1.03132411e-02 
 3.34075000e-08 -1.07150417e-02 
 3.34175000e-08 -1.15825467e-02 
 3.34337500e-08 -1.31526973e-02 
 3.34500000e-08 -1.47466366e-02 
 3.34525000e-08 -1.49557578e-02 
 3.34575000e-08 -1.53544927e-02 
 3.34675000e-08 -1.58214537e-02 
 3.34837500e-08 -1.49408049e-02 
 3.35000000e-08 -1.07402432e-02 
 3.35025000e-08 -9.65402569e-03 
 3.35075000e-08 -7.23132750e-03 
 3.35175000e-08 -7.76322579e-04 
 3.35337500e-08  1.41451425e-02 
 3.35500000e-08  3.64415127e-02 
 3.35525000e-08  4.07007384e-02 
 3.35575000e-08  4.96731515e-02 
 3.35675000e-08  7.05172073e-02 
 3.35837500e-08  1.14100023e-01 
 3.36000000e-08  1.73134188e-01 
 3.36025000e-08  1.84145906e-01 
 3.36075000e-08  2.07368012e-01 
 3.36175000e-08  2.61911877e-01 
 3.36337500e-08  3.83197320e-01 
 3.36500000e-08  5.75487155e-01 
 3.36525000e-08  6.15075186e-01 
 3.36575000e-08  7.00147729e-01 
 3.36675000e-08  9.03894372e-01 
 3.36837500e-08  1.32302188e+00 
 3.37000000e-08  1.83687115e+00 
 3.37025000e-08  1.92306019e+00 
 3.37075000e-08  2.09544747e+00 
 3.37175000e-08  2.41354641e+00 
 3.37337500e-08  2.78756449e+00 
 3.37500000e-08  3.01464388e+00 
 3.37525000e-08  3.03796815e+00 
 3.37575000e-08  3.08056898e+00 
 3.37675000e-08  3.14530586e+00 
 3.37837500e-08  3.20955518e+00 
 3.38000000e-08  3.24261439e+00 
 3.38025000e-08  3.24580782e+00 
 3.38075000e-08  3.25172025e+00 
 3.38175000e-08  3.26116778e+00 
 3.38337500e-08  3.27195076e+00 
 3.38500000e-08  3.27918842e+00 
 3.38525000e-08  3.28006132e+00 
 3.38575000e-08  3.28172816e+00 
 3.38675000e-08  3.28462747e+00 
 3.38837500e-08  3.28833885e+00 
 3.39000000e-08  3.29109029e+00 
 3.39025000e-08  3.29143561e+00 
 3.39075000e-08  3.29209666e+00 
 3.39175000e-08  3.29325551e+00 
 3.39337500e-08  3.29475614e+00 
 3.39500000e-08  3.29588446e+00 
 3.39525000e-08  3.29602782e+00 
 3.39575000e-08  3.29630309e+00 
 3.39675000e-08  3.29679045e+00 
 3.39837500e-08  3.29742745e+00 
 3.40000000e-08  3.29790679e+00 
 3.40025000e-08  3.29796866e+00 
 3.40075000e-08  3.29808732e+00 
 3.40175000e-08  3.29830437e+00 
 3.40337500e-08  3.29861303e+00 
 3.40500000e-08  3.29887543e+00 
 3.40525000e-08  3.29891156e+00 
 3.40575000e-08  3.29898155e+00 
 3.40675000e-08  3.29911059e+00 
 3.40837500e-08  3.29929144e+00 
 3.41000000e-08  3.29944011e+00 
 3.41025000e-08  3.29945981e+00 
 3.41075000e-08  3.29949778e+00 
 3.41175000e-08  3.29956468e+00 
 3.41337500e-08  3.29965093e+00 
 3.41500000e-08  3.29971606e+00 
 3.41525000e-08  3.29972455e+00 
 3.41575000e-08  3.29974093e+00 
 3.41675000e-08  3.29977071e+00 
 3.41837500e-08  3.29981043e+00 
 3.42000000e-08  3.29984067e+00 
 3.42025000e-08  3.29984451e+00 
 3.42075000e-08  3.29985166e+00 
 3.42175000e-08  3.29986400e+00 
 3.42337500e-08  3.29988004e+00 
 3.42500000e-08  3.29989297e+00 
 3.42525000e-08  3.29989475e+00 
 3.42575000e-08  3.29989807e+00 
 3.42675000e-08  3.29990477e+00 
 3.42837500e-08  3.29991449e+00 
 3.43000000e-08  3.29992590e+00 
 3.43025000e-08  3.29992817e+00 
 3.43075000e-08  3.29993333e+00 
 3.43175000e-08  3.29994479e+00 
 3.43337500e-08  3.29996008e+00 
 3.43500000e-08  3.29996493e+00 
 3.43525000e-08  3.29996435e+00 
 3.43575000e-08  3.29996264e+00 
 3.43675000e-08  3.29995670e+00 
 3.43837500e-08  3.29994442e+00 
 3.44000000e-08  3.29993243e+00 
 3.44025000e-08  3.29993090e+00 
 3.44075000e-08  3.29992807e+00 
 3.44175000e-08  3.29992357e+00 
 3.44337500e-08  3.29991790e+00 
 3.44500000e-08  3.29991318e+00 
 3.44525000e-08  3.29991248e+00 
 3.44575000e-08  3.29991084e+00 
 3.44675000e-08  3.29990703e+00 
 3.44837500e-08  3.29990110e+00 
 3.45000000e-08  3.29989754e+00 
 3.45025000e-08  3.29989750e+00 
 3.45075000e-08  3.29989776e+00 
 3.45175000e-08  3.29990019e+00 
 3.45337500e-08  3.29990706e+00 
 3.45500000e-08  3.29991571e+00 
 3.45525000e-08  3.29991706e+00 
 3.45575000e-08  3.29991951e+00 
 3.45675000e-08  3.29992424e+00 
 3.45837500e-08  3.29993403e+00 
 3.46000000e-08  3.29994760e+00 
 3.46025000e-08  3.29995004e+00 
 3.46075000e-08  3.29995497e+00 
 3.46175000e-08  3.29996502e+00 
 3.46337500e-08  3.29997967e+00 
 3.46500000e-08  3.29999022e+00 
 3.46525000e-08  3.29999141e+00 
 3.46575000e-08  3.29999357e+00 
 3.46675000e-08  3.29999665e+00 
 3.46837500e-08  3.29999676e+00 
 3.47000000e-08  3.29999399e+00 
 3.47025000e-08  3.29999340e+00 
 3.47075000e-08  3.29999212e+00 
 3.47175000e-08  3.29998941e+00 
 3.47337500e-08  3.29998551e+00 
 3.47500000e-08  3.29998227e+00 
 3.47525000e-08  3.29998168e+00 
 3.47575000e-08  3.29998042e+00 
 3.47675000e-08  3.29997678e+00 
 3.47837500e-08  3.29996775e+00 
 3.48000000e-08  3.29995692e+00 
 3.48025000e-08  3.29995546e+00 
 3.48075000e-08  3.29995306e+00 
 3.48175000e-08  3.29995073e+00 
 3.48337500e-08  3.29995256e+00 
 3.48500000e-08  3.29996624e+00 
 3.48525000e-08  3.29996998e+00 
 3.48575000e-08  3.29997745e+00 
 3.48675000e-08  3.29999155e+00 
 3.48837500e-08  3.30001624e+00 
 3.49000000e-08  3.30003446e+00 
 3.49025000e-08  3.30003570e+00 
 3.49075000e-08  3.30003731e+00 
 3.49175000e-08  3.30003344e+00 
 3.49337500e-08  3.30000292e+00 
 3.49500000e-08  3.29994754e+00 
 3.49525000e-08  3.29993653e+00 
 3.49575000e-08  3.29991383e+00 
 3.49675000e-08  3.29986624e+00 
 3.49837500e-08  3.29979510e+00 
 3.50000000e-08  3.29973989e+00 
 3.50025000e-08  3.29973312e+00 
 3.50075000e-08  3.29971979e+00 
 3.50175000e-08  3.29969543e+00 
 3.50337500e-08  3.29967485e+00 
 3.50500000e-08  3.29967434e+00 
 3.50525000e-08  3.29967587e+00 
 3.50575000e-08  3.29967932e+00 
 3.50675000e-08  3.29968910e+00 
 3.50837500e-08  3.29972522e+00 
 3.51000000e-08  3.29975697e+00 
 3.51025000e-08  3.29976106e+00 
 3.51075000e-08  3.29976886e+00 
 3.51175000e-08  3.29978247e+00 
 3.51337500e-08  3.29979919e+00 
 3.51500000e-08  3.29982707e+00 
 3.51525000e-08  3.29983384e+00 
 3.51575000e-08  3.29984710e+00 
 3.51675000e-08  3.29987321e+00 
 3.51837500e-08  3.29991104e+00 
 3.52000000e-08  3.29993966e+00 
 3.52025000e-08  3.29994291e+00 
 3.52075000e-08  3.29994837e+00 
 3.52175000e-08  3.29995476e+00 
 3.52337500e-08  3.29995436e+00 
 3.52500000e-08  3.29994304e+00 
 3.52525000e-08  3.29994063e+00 
 3.52575000e-08  3.29993524e+00 
 3.52675000e-08  3.29992255e+00 
 3.52837500e-08  3.29989241e+00 
 3.53000000e-08  3.29984498e+00 
 3.53025000e-08  3.29983599e+00 
 3.53075000e-08  3.29981581e+00 
 3.53175000e-08  3.29977053e+00 
 3.53337500e-08  3.29969286e+00 
 3.53500000e-08  3.29962948e+00 
 3.53525000e-08  3.29962306e+00 
 3.53575000e-08  3.29961136e+00 
 3.53675000e-08  3.29959826e+00 
 3.53837500e-08  3.29960037e+00 
 3.54000000e-08  3.29962420e+00 
 3.54025000e-08  3.29962967e+00 
 3.54075000e-08  3.29964049e+00 
 3.54175000e-08  3.29966612e+00 
 3.54337500e-08  3.29972294e+00 
 3.54500000e-08  3.29980680e+00 
 3.54525000e-08  3.29982318e+00 
 3.54575000e-08  3.29985767e+00 
 3.54675000e-08  3.29993976e+00 
 3.54837500e-08  3.30012229e+00 
 3.55000000e-08  3.30035821e+00 
 3.55025000e-08  3.30039893e+00 
 3.55075000e-08  3.30048238e+00 
 3.55175000e-08  3.30066176e+00 
 3.55337500e-08  3.30097904e+00 
 3.55500000e-08  3.30131796e+00 
 3.55525000e-08  3.30136855e+00 
 3.55575000e-08  3.30146899e+00 
 3.55675000e-08  3.30167592e+00 
 3.55837500e-08  3.30199735e+00 
 3.56000000e-08  3.30233932e+00 
 3.56025000e-08  3.30239197e+00 
 3.56075000e-08  3.30249781e+00 
 3.56175000e-08  3.30271568e+00 
 3.56337500e-08  3.30308415e+00 
 3.56500000e-08  3.30346603e+00 
 3.56525000e-08  3.30352590e+00 
 3.56575000e-08  3.30364677e+00 
 3.56675000e-08  3.30389261e+00 
 3.56837500e-08  3.30429480e+00 
 3.57000000e-08  3.30468467e+00 
 3.57025000e-08  3.30474112e+00 
 3.57075000e-08  3.30485298e+00 
 3.57175000e-08  3.30506718e+00 
 3.57337500e-08  3.30539579e+00 
 3.57500000e-08  3.30571782e+00 
 3.57525000e-08  3.30576790e+00 
 3.57575000e-08  3.30587008e+00 
 3.57675000e-08  3.30608539e+00 
 3.57837500e-08  3.30647435e+00 
 3.58000000e-08  3.30692665e+00 
 3.58025000e-08  3.30700326e+00 
 3.58075000e-08  3.30716158e+00 
 3.58175000e-08  3.30750651e+00 
 3.58337500e-08  3.30815765e+00 
 3.58500000e-08  3.30894428e+00 
 3.58525000e-08  3.30908018e+00 
 3.58575000e-08  3.30936266e+00 
 3.58675000e-08  3.30998482e+00 
 3.58837500e-08  3.31118301e+00 
 3.59000000e-08  3.31267207e+00 
 3.59025000e-08  3.31293416e+00 
 3.59075000e-08  3.31348369e+00 
 3.59175000e-08  3.31470199e+00 
 3.59337500e-08  3.31700504e+00 
 3.59500000e-08  3.31948321e+00 
 3.59525000e-08  3.31983748e+00 
 3.59575000e-08  3.32050120e+00 
 3.59675000e-08  3.32136033e+00 
 3.59837500e-08  3.32026286e+00 
 3.60000000e-08  3.31409553e+00 
 3.60025000e-08  3.31247691e+00 
 3.60075000e-08  3.30886237e+00 
 3.60175000e-08  3.29924134e+00 
 3.60337500e-08  3.27802252e+00 
 3.60500000e-08  3.24659892e+00 
 3.60525000e-08  3.24064456e+00 
 3.60575000e-08  3.22814845e+00 
 3.60675000e-08  3.19945176e+00 
 3.60837500e-08  3.14072523e+00 
 3.61000000e-08  3.06324218e+00 
 3.61025000e-08  3.04900511e+00 
 3.61075000e-08  3.01905328e+00 
 3.61175000e-08  2.94921315e+00 
 3.61337500e-08  2.79053874e+00 
 3.61500000e-08  2.52776169e+00 
 3.61525000e-08  2.47500571e+00 
 3.61575000e-08  2.36343706e+00 
 3.61675000e-08  2.10655349e+00 
 3.61837500e-08  1.60277877e+00 
 3.62000000e-08  1.02252205e+00 
 3.62025000e-08  9.32547622e-01 
 3.62075000e-08  7.62234808e-01 
 3.62175000e-08  4.81464350e-01 
 3.62337500e-08  2.01426790e-01 
 3.62500000e-08  8.40705748e-02 
 3.62525000e-08  7.59487118e-02 
 3.62575000e-08  6.17845131e-02 
 3.62675000e-08  4.29889173e-02 
 3.62837500e-08  2.69836720e-02 
 3.63000000e-08  1.90070040e-02 
 3.63025000e-08  1.81548488e-02 
 3.63075000e-08  1.65219001e-02 
 3.63175000e-08  1.37184164e-02 
 3.63337500e-08  1.01817845e-02 
 3.63500000e-08  7.57972495e-03 
 3.63525000e-08  7.25163803e-03 
 3.63575000e-08  6.62183222e-03 
 3.63675000e-08  5.51591532e-03 
 3.63837500e-08  4.08719872e-03 
 3.64000000e-08  3.02525275e-03 
 3.64025000e-08  2.89208474e-03 
 3.64075000e-08  2.63772769e-03 
 3.64175000e-08  2.19418242e-03 
 3.64337500e-08  1.62628095e-03 
 3.64500000e-08  1.20787622e-03 
 3.64525000e-08  1.15555836e-03 
 3.64575000e-08  1.05548615e-03 
 3.64675000e-08  8.80727630e-04 
 3.64837500e-08  6.57938823e-04 
 3.65000000e-08  4.95400878e-04 
 3.65025000e-08  4.75329479e-04 
 3.65075000e-08  4.37150606e-04 
 3.65175000e-08  3.71213628e-04 
 3.65337500e-08  2.87773305e-04 
 3.65500000e-08  2.26773395e-04 
 3.65525000e-08  2.19207981e-04 
 3.65575000e-08  2.04838401e-04 
 3.65675000e-08  1.79880898e-04 
 3.65837500e-08  1.47368128e-04 
 3.66000000e-08  1.22327692e-04 
 3.66025000e-08  1.19026264e-04 
 3.66075000e-08  1.12614713e-04 
 3.66175000e-08  1.00754856e-04 
 3.66337500e-08  8.43890998e-05 
 3.66500000e-08  7.10477001e-05 
 3.66525000e-08  6.92903873e-05 
 3.66575000e-08  6.59352114e-05 
 3.66675000e-08  5.97755548e-05 
 3.66837500e-08  4.99727345e-05 
 3.67000000e-08  3.91238137e-05 
 3.67025000e-08  3.75575835e-05 
 3.67075000e-08  3.42711747e-05 
 3.67175000e-08  2.82165045e-05 
 3.67337500e-08  2.09651673e-05 
 3.67500000e-08  1.67849499e-05 
 3.67525000e-08  1.64400724e-05 
 3.67575000e-08  1.57948551e-05 
 3.67675000e-08  1.50669817e-05 
 3.67837500e-08  1.48959543e-05 
 3.68000000e-08  1.56350873e-05 
 3.68025000e-08  1.58231966e-05 
 3.68075000e-08  1.61647313e-05 
 3.68175000e-08  1.68182875e-05 
 3.68337500e-08  1.72751337e-05 
 3.68500000e-08  1.61405991e-05 
 3.68525000e-08  1.58822850e-05 
 3.68575000e-08  1.53851079e-05 
 3.68675000e-08  1.41754220e-05 
 3.68837500e-08  1.07493993e-05 
 3.69000000e-08  6.20329108e-06 
 3.69025000e-08  5.44649860e-06 
 3.69075000e-08  3.88345978e-06 
 3.69175000e-08  8.96090417e-07 
 3.69337500e-08 -2.20962166e-06 
 3.69500000e-08 -3.76985934e-06 
 3.69525000e-08 -3.84184925e-06 
 3.69575000e-08 -3.90911460e-06 
 3.69675000e-08 -3.59140774e-06 
 3.69837500e-08 -2.04740710e-06 
 3.70000000e-08  5.41033203e-07 
 3.70025000e-08  1.55558321e-06 
 3.70075000e-08  3.38324813e-06 
 3.70175000e-08  6.19174019e-06 
 3.70337500e-08  9.57967096e-06 
 3.70500000e-08  1.19452338e-05 
 3.70525000e-08  1.21018458e-05 
 3.70575000e-08  1.22389542e-05 
 3.70675000e-08  1.25158690e-05 
 3.70837500e-08  1.31839814e-05 
 3.71000000e-08  1.37808856e-05 
 3.71025000e-08  1.38720709e-05 
 3.71075000e-08  1.40121912e-05 
 3.71175000e-08  1.40819652e-05 
 3.71337500e-08  1.33521263e-05 
 3.71500000e-08  1.15646902e-05 
 3.71525000e-08  1.11526327e-05 
 3.71575000e-08  1.01418248e-05 
 3.71675000e-08  7.63938848e-06 
 3.71837500e-08  2.11767635e-06 
 3.72000000e-08 -4.93628378e-06 
 3.72025000e-08 -5.81576091e-06 
 3.72075000e-08 -7.85305266e-06 
 3.72175000e-08 -1.22821871e-05 
 3.72337500e-08 -2.02806345e-05 
 3.72500000e-08 -2.70231415e-05 
 3.72525000e-08 -2.74766296e-05 
 3.72575000e-08 -2.82392745e-05 
 3.72675000e-08 -2.77637652e-05 
 3.72837500e-08 -2.30477775e-05 
 3.73000000e-08 -1.41670238e-05 
 3.73025000e-08 -1.23968733e-05 
 3.73075000e-08 -8.92165335e-06 
 3.73175000e-08 -4.77633002e-07 
 3.73337500e-08  1.84591329e-05 
 3.73500000e-08  4.53129382e-05 
 3.73525000e-08  5.01699812e-05 
 3.73575000e-08  6.01402802e-05 
 3.73675000e-08  8.08916932e-05 
 3.73837500e-08  1.12425892e-04 
 3.74000000e-08  1.44254588e-04 
 3.74025000e-08  1.47032181e-04 
 3.74075000e-08  1.52118112e-04 
 3.74175000e-08  1.59812339e-04 
 3.74337500e-08  1.66057957e-04 
 3.74500000e-08  1.62073641e-04 
 3.74525000e-08  1.61381200e-04 
 3.74575000e-08  1.59748707e-04 
 3.74675000e-08  1.53758401e-04 
 3.74837500e-08  1.44016003e-04 
 3.75000000e-08  1.38947068e-04 
 3.75025000e-08  1.38512243e-04 
 3.75075000e-08  1.37105844e-04 
 3.75175000e-08  1.29003526e-04 
 3.75337500e-08  1.04902269e-04 
 3.75500000e-08  7.50855435e-05 
 3.75525000e-08  7.06260127e-05 
 3.75575000e-08  6.25619000e-05 
 3.75675000e-08  4.98366139e-05 
 3.75837500e-08  3.85407107e-05 
 3.76000000e-08  3.98489918e-05 
 3.76025000e-08  4.11404842e-05 
 3.76075000e-08  4.46856678e-05 
 3.76175000e-08  5.55688982e-05 
 3.76337500e-08  8.57955840e-05 
 3.76500000e-08  1.30612791e-04 
 3.76525000e-08  1.37864185e-04 
 3.76575000e-08  1.52933881e-04 
 3.76675000e-08  1.79605398e-04 
 3.76837500e-08  2.00991974e-04 
 3.77000000e-08  1.79713371e-04 
 3.77025000e-08  1.70647822e-04 
 3.77075000e-08  1.49073457e-04 
 3.77175000e-08  8.18634756e-05 
 3.77337500e-08 -1.08058701e-04 
 3.77500000e-08 -4.06614181e-04 
 3.77525000e-08 -4.62511108e-04 
 3.77575000e-08 -5.78504197e-04 
 3.77675000e-08 -8.34638482e-04 
 3.77837500e-08 -1.27930846e-03 
 3.78000000e-08 -1.70049973e-03 
 3.78025000e-08 -1.77580322e-03 
 3.78075000e-08 -1.92664750e-03 
 3.78175000e-08 -2.22804102e-03 
 3.78337500e-08 -2.71075487e-03 
 3.78500000e-08 -3.18380331e-03 
 3.78525000e-08 -3.25544039e-03 
 3.78575000e-08 -3.39917639e-03 
 3.78675000e-08 -3.68671463e-03 
 3.78837500e-08 -4.15692440e-03 
 3.79000000e-08 -4.63969011e-03 
 3.79025000e-08 -4.71550763e-03 
 3.79075000e-08 -4.86981564e-03 
 3.79175000e-08 -5.18662593e-03 
 3.79337500e-08 -5.73265660e-03 
 3.79500000e-08 -6.34156358e-03 
 3.79525000e-08 -6.44157789e-03 
 3.79575000e-08 -6.64991640e-03 
 3.79675000e-08 -7.08933913e-03 
 3.79837500e-08 -7.87470706e-03 
 3.80000000e-08 -8.77680875e-03 
 3.80025000e-08 -8.92593656e-03 
 3.80075000e-08 -9.24438248e-03 
 3.80175000e-08 -9.92991536e-03 
 3.80337500e-08 -1.12122868e-02 
 3.80500000e-08 -1.27262947e-02 
 3.80525000e-08 -1.29695754e-02 
 3.80575000e-08 -1.34807249e-02 
 3.80675000e-08 -1.44725320e-02 
 3.80837500e-08 -1.56564125e-02 
 3.81000000e-08 -1.54121724e-02 
 3.81025000e-08 -1.51354827e-02 
 3.81075000e-08 -1.44229784e-02 
 3.81175000e-08 -1.18603223e-02 
 3.81337500e-08 -3.78881337e-03 
 3.81500000e-08  9.61386417e-03 
 3.81525000e-08  1.22910549e-02 
 3.81575000e-08  1.80036416e-02 
 3.81675000e-08  3.16710557e-02 
 3.81837500e-08  6.10274203e-02 
 3.82000000e-08  1.01088295e-01 
 3.82025000e-08  1.08524122e-01 
 3.82075000e-08  1.24141781e-01 
 3.82175000e-08  1.60273866e-01 
 3.82337500e-08  2.36741598e-01 
 3.82500000e-08  3.45618521e-01 
 3.82525000e-08  3.66836704e-01 
 3.82575000e-08  4.12655231e-01 
 3.82675000e-08  5.28828980e-01 
 3.82837500e-08  8.07161537e-01 
 3.83000000e-08  1.19816618e+00 
 3.83025000e-08  1.26914346e+00 
 3.83075000e-08  1.41587851e+00 
 3.83175000e-08  1.73424361e+00 
 3.83337500e-08  2.27529952e+00 
 3.83500000e-08  2.69873840e+00 
 3.83525000e-08  2.74722269e+00 
 3.83575000e-08  2.83648913e+00 
 3.83675000e-08  2.97653720e+00 
 3.83837500e-08  3.12082751e+00 
 3.84000000e-08  3.19654013e+00 
 3.84025000e-08  3.20373806e+00 
 3.84075000e-08  3.21685638e+00 
 3.84175000e-08  3.23677592e+00 
 3.84337500e-08  3.25737945e+00 
 3.84500000e-08  3.26955083e+00 
 3.84525000e-08  3.27091663e+00 
 3.84575000e-08  3.27350506e+00 
 3.84675000e-08  3.27792022e+00 
 3.84837500e-08  3.28344433e+00 
 3.85000000e-08  3.28747056e+00 
 3.85025000e-08  3.28797302e+00 
 3.85075000e-08  3.28893457e+00 
 3.85175000e-08  3.29061755e+00 
 3.85337500e-08  3.29278866e+00 
 3.85500000e-08  3.29440986e+00 
 3.85525000e-08  3.29461446e+00 
 3.85575000e-08  3.29500681e+00 
 3.85675000e-08  3.29569845e+00 
 3.85837500e-08  3.29660131e+00 
 3.86000000e-08  3.29728369e+00 
 3.86025000e-08  3.29736994e+00 
 3.86075000e-08  3.29753408e+00 
 3.86175000e-08  3.29782287e+00 
 3.86337500e-08  3.29821068e+00 
 3.86500000e-08  3.29853345e+00 
 3.86525000e-08  3.29857854e+00 
 3.86575000e-08  3.29866623e+00 
 3.86675000e-08  3.29882937e+00 
 3.86837500e-08  3.29905922e+00 
 3.87000000e-08  3.29924892e+00 
 3.87025000e-08  3.29927442e+00 
 3.87075000e-08  3.29932336e+00 
 3.87175000e-08  3.29941125e+00 
 3.87337500e-08  3.29953096e+00 
 3.87500000e-08  3.29962491e+00 
 3.87525000e-08  3.29963707e+00 
 3.87575000e-08  3.29966038e+00 
 3.87675000e-08  3.29970204e+00 
 3.87837500e-08  3.29975688e+00 
 3.88000000e-08  3.29979812e+00 
 3.88025000e-08  3.29980353e+00 
 3.88075000e-08  3.29981384e+00 
 3.88175000e-08  3.29983231e+00 
 3.88337500e-08  3.29985652e+00 
 3.88500000e-08  3.29987486e+00 
 3.88525000e-08  3.29987724e+00 
 3.88575000e-08  3.29988166e+00 
 3.88675000e-08  3.29988938e+00 
 3.88837500e-08  3.29990136e+00 
 3.89000000e-08  3.29991377e+00 
 3.89025000e-08  3.29991563e+00 
 3.89075000e-08  3.29991937e+00 
 3.89175000e-08  3.29992711e+00 
 3.89337500e-08  3.29994094e+00 
 3.89500000e-08  3.29995443e+00 
 3.89525000e-08  3.29995561e+00 
 3.89575000e-08  3.29995753e+00 
 3.89675000e-08  3.29995818e+00 
 3.89837500e-08  3.29995314e+00 
 3.90000000e-08  3.29994426e+00 
 3.90025000e-08  3.29994289e+00 
 3.90075000e-08  3.29994029e+00 
 3.90175000e-08  3.29993577e+00 
 3.90337500e-08  3.29992923e+00 
 3.90500000e-08  3.29992321e+00 
 3.90525000e-08  3.29992237e+00 
 3.90575000e-08  3.29992068e+00 
 3.90675000e-08  3.29991747e+00 
 3.90837500e-08  3.29991242e+00 
 3.91000000e-08  3.29990715e+00 
 3.91025000e-08  3.29990654e+00 
 3.91075000e-08  3.29990537e+00 
 3.91175000e-08  3.29990375e+00 
 3.91337500e-08  3.29990323e+00 
 3.91500000e-08  3.29990560e+00 
 3.91525000e-08  3.29990624e+00 
 3.91575000e-08  3.29990739e+00 
 3.91675000e-08  3.29991000e+00 
 3.91837500e-08  3.29991634e+00 
 3.92000000e-08  3.29992639e+00 
 3.92025000e-08  3.29992840e+00 
 3.92075000e-08  3.29993260e+00 
 3.92175000e-08  3.29994213e+00 
 3.92337500e-08  3.29995905e+00 
 3.92500000e-08  3.29997514e+00 
 3.92525000e-08  3.29997720e+00 
 3.92575000e-08  3.29998087e+00 
 3.92675000e-08  3.29998672e+00 
 3.92837500e-08  3.29999273e+00 
 3.93000000e-08  3.29999427e+00 
 3.93025000e-08  3.29999397e+00 
 3.93075000e-08  3.29999365e+00 
 3.93175000e-08  3.29999356e+00 
 3.93337500e-08  3.29999205e+00 
 3.93500000e-08  3.29998984e+00 
 3.93525000e-08  3.29998956e+00 
 3.93575000e-08  3.29998897e+00 
 3.93675000e-08  3.29998751e+00 
 3.93837500e-08  3.29998364e+00 
 3.94000000e-08  3.29997646e+00 
 3.94025000e-08  3.29997487e+00 
 3.94075000e-08  3.29997158e+00 
 3.94175000e-08  3.29996465e+00 
 3.94337500e-08  3.29995496e+00 
 3.94500000e-08  3.29995031e+00 
 3.94525000e-08  3.29995022e+00 
 3.94575000e-08  3.29995051e+00 
 3.94675000e-08  3.29995591e+00 
 3.94837500e-08  3.29997858e+00 
 3.95000000e-08  3.30000392e+00 
 3.95025000e-08  3.30000809e+00 
 3.95075000e-08  3.30001649e+00 
 3.95175000e-08  3.30003048e+00 
 3.95337500e-08  3.30003743e+00 
 3.95500000e-08  3.30001615e+00 
 3.95525000e-08  3.30000965e+00 
 3.95575000e-08  3.29999568e+00 
 3.95675000e-08  3.29996185e+00 
 3.95837500e-08  3.29989120e+00 
 3.96000000e-08  3.29981713e+00 
 3.96025000e-08  3.29980704e+00 
 3.96075000e-08  3.29978767e+00 
 3.96175000e-08  3.29975355e+00 
 3.96337500e-08  3.29970946e+00 
 3.96500000e-08  3.29968063e+00 
 3.96525000e-08  3.29967854e+00 
 3.96575000e-08  3.29967529e+00 
 3.96675000e-08  3.29967384e+00 
 3.96837500e-08  3.29968429e+00 
 3.97000000e-08  3.29971517e+00 
 3.97025000e-08  3.29972155e+00 
 3.97075000e-08  3.29973358e+00 
 3.97175000e-08  3.29975437e+00 
 3.97337500e-08  3.29977989e+00 
 3.97500000e-08  3.29979306e+00 
 3.97525000e-08  3.29979484e+00 
 3.97575000e-08  3.29979851e+00 
 3.97675000e-08  3.29981341e+00 
 3.97837500e-08  3.29985242e+00 
 3.98000000e-08  3.29989508e+00 
 3.98025000e-08  3.29990127e+00 
 3.98075000e-08  3.29991299e+00 
 3.98175000e-08  3.29993339e+00 
 3.98337500e-08  3.29995669e+00 
 3.98500000e-08  3.29996708e+00 
 3.98525000e-08  3.29996729e+00 
 3.98575000e-08  3.29996647e+00 
 3.98675000e-08  3.29995967e+00 
 3.98837500e-08  3.29993807e+00 
 3.99000000e-08  3.29990469e+00 
 3.99025000e-08  3.29989869e+00 
 3.99075000e-08  3.29988555e+00 
 3.99175000e-08  3.29985594e+00 
 3.99337500e-08  3.29979539e+00 
 3.99500000e-08  3.29972109e+00 
 3.99525000e-08  3.29970982e+00 
 3.99575000e-08  3.29968682e+00 
 3.99675000e-08  3.29964653e+00 
 3.99837500e-08  3.29960485e+00 
 4.00000000e-08  3.29959499e+00 
 4.00025000e-08  3.29959662e+00 
 4.00075000e-08  3.29960036e+00 
 4.00175000e-08  3.29961399e+00 
 4.00337500e-08  3.29964996e+00 
 4.00500000e-08  3.29970281e+00 
 4.00525000e-08  3.29971289e+00 
 4.00575000e-08  3.29973357e+00 
 4.00675000e-08  3.29978225e+00 
 4.00837500e-08  3.29988842e+00 
 4.01000000e-08  3.30003796e+00 
 4.01025000e-08  3.30006906e+00 
 4.01075000e-08  3.30013291e+00 
 4.01175000e-08  3.30027320e+00 
 4.01337500e-08  3.30053628e+00 
 4.01500000e-08  3.30083657e+00 
 4.01525000e-08  3.30088560e+00 
 4.01575000e-08  3.30098462e+00 
 4.01675000e-08  3.30118870e+00 
 4.01837500e-08  3.30152059e+00 
 4.02000000e-08  3.30184428e+00 
 4.02025000e-08  3.30189460e+00 
 4.02075000e-08  3.30199646e+00 
 4.02175000e-08  3.30220131e+00 
 4.02337500e-08  3.30254143e+00 
 4.02500000e-08  3.30290180e+00 
 4.02525000e-08  3.30295934e+00 
 4.02575000e-08  3.30307520e+00 
 4.02675000e-08  3.30331151e+00 
 4.02837500e-08  3.30370724e+00 
 4.03000000e-08  3.30411407e+00 
 4.03025000e-08  3.30417685e+00 
 4.03075000e-08  3.30430310e+00 
 4.03175000e-08  3.30455210e+00 
 4.03337500e-08  3.30493249e+00 
 4.03500000e-08  3.30527673e+00 
 4.03525000e-08  3.30532557e+00 
 4.03575000e-08  3.30542272e+00 
 4.03675000e-08  3.30561502e+00 
 4.03837500e-08  3.30594096e+00 
 4.04000000e-08  3.30630723e+00 
 4.04025000e-08  3.30636913e+00 
 4.04075000e-08  3.30649748e+00 
 4.04175000e-08  3.30677729e+00 
 4.04337500e-08  3.30729669e+00 
 4.04500000e-08  3.30790742e+00 
 4.04525000e-08  3.30801094e+00 
 4.04575000e-08  3.30822480e+00 
 4.04675000e-08  3.30869117e+00 
 4.04837500e-08  3.30958066e+00 
 4.05000000e-08  3.31067538e+00 
 4.05025000e-08  3.31086717e+00 
 4.05075000e-08  3.31126818e+00 
 4.05175000e-08  3.31215896e+00 
 4.05337500e-08  3.31388967e+00 
 4.05500000e-08  3.31602404e+00 
 4.05525000e-08  3.31638993e+00 
 4.05575000e-08  3.31714438e+00 
 4.05675000e-08  3.31868885e+00 
 4.05837500e-08  3.32081673e+00 
 4.06000000e-08  3.32113996e+00 
 4.06025000e-08  3.32086371e+00 
 4.06075000e-08  3.32007558e+00 
 4.06175000e-08  3.31687115e+00 
 4.06337500e-08  3.30603264e+00 
 4.06500000e-08  3.28802160e+00 
 4.06525000e-08  3.28444484e+00 
 4.06575000e-08  3.27680686e+00 
 4.06675000e-08  3.25854201e+00 
 4.06837500e-08  3.21966160e+00 
 4.07000000e-08  3.16763985e+00 
 4.07025000e-08  3.15812247e+00 
 4.07075000e-08  3.13822439e+00 
 4.07175000e-08  3.09285734e+00 
 4.07337500e-08  2.99919960e+00 
 4.07500000e-08  2.86772908e+00 
 4.07525000e-08  2.84185762e+00 
 4.07575000e-08  2.78497685e+00 
 4.07675000e-08  2.63764316e+00 
 4.07837500e-08  2.29671725e+00 
 4.08000000e-08  1.83930278e+00 
 4.08025000e-08  1.75810417e+00 
 4.08075000e-08  1.59111920e+00 
 4.08175000e-08  1.23483847e+00 
 4.08337500e-08  6.84976972e-01 
 4.08500000e-08  3.05848256e-01 
 4.08525000e-08  2.69513958e-01 
 4.08575000e-08  2.05558661e-01 
 4.08675000e-08  1.20059760e-01 
 4.08837500e-08  5.48974451e-02 
 4.09000000e-08  3.21746505e-02 
 4.09025000e-08  3.03676407e-02 
 4.09075000e-08  2.70021158e-02 
 4.09175000e-08  2.16929155e-02 
 4.09337500e-08  1.56760669e-02 
 4.09500000e-08  1.16176934e-02 
 4.09525000e-08  1.11201402e-02 
 4.09575000e-08  1.01633185e-02 
 4.09675000e-08  8.48356789e-03 
 4.09837500e-08  6.30929619e-03 
 4.10000000e-08  4.68423933e-03 
 4.10025000e-08  4.47918572e-03 
 4.10075000e-08  4.08646980e-03 
 4.10175000e-08  3.39883209e-03 
 4.10337500e-08  2.51477142e-03 
 4.10500000e-08  1.86057639e-03 
 4.10525000e-08  1.77880415e-03 
 4.10575000e-08  1.62264325e-03 
 4.10675000e-08  1.35058595e-03 
 4.10837500e-08  1.00354433e-03 
 4.11000000e-08  7.49460810e-04 
 4.11025000e-08  7.17916676e-04 
 4.11075000e-08  6.57764372e-04 
 4.11175000e-08  5.53350993e-04 
 4.11337500e-08  4.20824122e-04 
 4.11500000e-08  3.24173164e-04 
 4.11525000e-08  3.12217741e-04 
 4.11575000e-08  2.89468342e-04 
 4.11675000e-08  2.50058393e-04 
 4.11837500e-08  1.99675752e-04 
 4.12000000e-08  1.61963883e-04 
 4.12025000e-08  1.57088567e-04 
 4.12075000e-08  1.47694351e-04 
 4.12175000e-08  1.30859054e-04 
 4.12337500e-08  1.08344155e-04 
 4.12500000e-08  9.03550488e-05 
 4.12525000e-08  8.80716661e-05 
 4.12575000e-08  8.37043437e-05 
 4.12675000e-08  7.59821289e-05 
 4.12837500e-08  6.52515852e-05 
 4.13000000e-08  5.55468137e-05 
 4.13025000e-08  5.38262565e-05 
 4.13075000e-08  4.99969197e-05 
 4.13175000e-08  4.18071536e-05 
 4.13337500e-08  2.99761010e-05 
 4.13500000e-08  2.19489787e-05 
 4.13525000e-08  2.12425993e-05 
 4.13575000e-08  2.00300614e-05 
 4.13675000e-08  1.87794145e-05 
 4.13837500e-08  1.82753140e-05 
 4.14000000e-08  1.86187155e-05 
 4.14025000e-08  1.86511353e-05 
 4.14075000e-08  1.85548320e-05 
 4.14175000e-08  1.81648528e-05 
 4.14337500e-08  1.79500171e-05 
 4.14500000e-08  1.82060983e-05 
 4.14525000e-08  1.82852899e-05 
 4.14575000e-08  1.84216370e-05 
 4.14675000e-08  1.84352735e-05 
 4.14837500e-08  1.67693373e-05 
 4.15000000e-08  1.27416639e-05 
 4.15025000e-08  1.19486640e-05 
 4.15075000e-08  1.03116500e-05 
 4.15175000e-08  6.96239990e-06 
 4.15337500e-08  2.01919597e-06 
 4.15500000e-08 -1.35309355e-06 
 4.15525000e-08 -1.73300284e-06 
 4.15575000e-08 -2.62062644e-06 
 4.15675000e-08 -4.52837143e-06 
 4.15837500e-08 -6.52473131e-06 
 4.16000000e-08 -6.69486125e-06 
 4.16025000e-08 -6.39361971e-06 
 4.16075000e-08 -5.53749013e-06 
 4.16175000e-08 -2.94918824e-06 
 4.16337500e-08  3.08337057e-06 
 4.16500000e-08  7.84750321e-06 
 4.16525000e-08  8.36198689e-06 
 4.16575000e-08  9.31818011e-06 
 4.16675000e-08  1.08892855e-05 
 4.16837500e-08  1.27863529e-05 
 4.17000000e-08  1.48830667e-05 
 4.17025000e-08  1.51361120e-05 
 4.17075000e-08  1.53963898e-05 
 4.17175000e-08  1.51467101e-05 
 4.17337500e-08  1.39149782e-05 
 4.17500000e-08  1.21722473e-05 
 4.17525000e-08  1.19255425e-05 
 4.17575000e-08  1.14325655e-05 
 4.17675000e-08  1.04634088e-05 
 4.17837500e-08  8.36982972e-06 
 4.18000000e-08  4.94316587e-06 
 4.18025000e-08  4.31678071e-06 
 4.18075000e-08  2.60293429e-06 
 4.18175000e-08 -3.85254082e-07 
 4.18337500e-08 -6.04707882e-06 
 4.18500000e-08 -1.38686460e-05 
 4.18525000e-08 -1.50628626e-05 
 4.18575000e-08 -1.76052732e-05 
 4.18675000e-08 -2.18585499e-05 
 4.18837500e-08 -2.52007525e-05 
 4.19000000e-08 -2.35595992e-05 
 4.19025000e-08 -2.28406225e-05 
 4.19075000e-08 -2.15743676e-05 
 4.19175000e-08 -1.81485003e-05 
 4.19337500e-08 -8.81978693e-06 
 4.19500000e-08  6.89577202e-06 
 4.19525000e-08  9.98361664e-06 
 4.19575000e-08  1.64225383e-05 
 4.19675000e-08  3.15310001e-05 
 4.19837500e-08  6.07142944e-05 
 4.20000000e-08  9.15739940e-05 
 4.20025000e-08  9.62276013e-05 
 4.20075000e-08  1.05441857e-04 
 4.20175000e-08  1.27177560e-04 
 4.20337500e-08  1.50614938e-04 
 4.20500000e-08  1.62715827e-04 
 4.20525000e-08  1.63703103e-04 
 4.20575000e-08  1.65355978e-04 
 4.20675000e-08  1.64871011e-04 
 4.20837500e-08  1.60595707e-04 
 4.21000000e-08  1.53907915e-04 
 4.21025000e-08  1.52433259e-04 
 4.21075000e-08  1.49905379e-04 
 4.21175000e-08  1.45899660e-04 
 4.21337500e-08  1.38745780e-04 
 4.21500000e-08  1.21252281e-04 
 4.21525000e-08  1.16816773e-04 
 4.21575000e-08  1.08120340e-04 
 4.21675000e-08  9.03025532e-05 
 4.21837500e-08  6.33962757e-05 
 4.22000000e-08  4.41154965e-05 
 4.22025000e-08  4.20668842e-05 
 4.22075000e-08  3.88056548e-05 
 4.22175000e-08  3.60319338e-05 
 4.22337500e-08  4.31091715e-05 
 4.22500000e-08  6.64458882e-05 
 4.22525000e-08  7.15204187e-05 
 4.22575000e-08  8.32273743e-05 
 4.22675000e-08  1.10526959e-04 
 4.22837500e-08  1.58209108e-04 
 4.23000000e-08  1.91365934e-04 
 4.23025000e-08  1.93470886e-04 
 4.23075000e-08  1.96320243e-04 
 4.23175000e-08  1.89844015e-04 
 4.23337500e-08  1.35321828e-04 
 4.23500000e-08  5.96408067e-06 
 4.23525000e-08 -2.46384827e-05 
 4.23575000e-08 -9.15433520e-05 
 4.23675000e-08 -2.56845155e-04 
 4.23837500e-08 -6.10004224e-04 
 4.24000000e-08 -1.04880817e-03 
 4.24025000e-08 -1.12257205e-03 
 4.24075000e-08 -1.24723391e-03 
 4.24175000e-08 -1.50126084e-03 
 4.24337500e-08 -1.98112222e-03 
 4.24500000e-08 -2.47223522e-03 
 4.24525000e-08 -2.54619159e-03 
 4.24575000e-08 -2.69354635e-03 
 4.24675000e-08 -2.98449645e-03 
 4.24837500e-08 -3.45081543e-03 
 4.25000000e-08 -3.91623170e-03 
 4.25025000e-08 -3.98769281e-03 
 4.25075000e-08 -4.13125051e-03 
 4.25175000e-08 -4.42368424e-03 
 4.25337500e-08 -4.91917551e-03 
 4.25500000e-08 -5.44748998e-03 
 4.25525000e-08 -5.53117385e-03 
 4.25575000e-08 -5.70469393e-03 
 4.25675000e-08 -6.07147571e-03 
 4.25837500e-08 -6.72314717e-03 
 4.26000000e-08 -7.45720960e-03 
 4.26025000e-08 -7.57734803e-03 
 4.26075000e-08 -7.83019925e-03 
 4.26175000e-08 -8.36618743e-03 
 4.26337500e-08 -9.34479770e-03 
 4.26500000e-08 -1.05075112e-02 
 4.26525000e-08 -1.07018019e-02 
 4.26575000e-08 -1.11196816e-02 
 4.26675000e-08 -1.20145712e-02 
 4.26837500e-08 -1.35986412e-02 
 4.27000000e-08 -1.50915506e-02 
 4.27025000e-08 -1.52659614e-02 
 4.27075000e-08 -1.55786843e-02 
 4.27175000e-08 -1.57707000e-02 
 4.27337500e-08 -1.40936320e-02 
 4.27500000e-08 -8.66430389e-03 
 4.27525000e-08 -7.35129475e-03 
 4.27575000e-08 -4.46047514e-03 
 4.27675000e-08  2.85836249e-03 
 4.27837500e-08  1.96717684e-02 
 4.28000000e-08  4.42770835e-02 
 4.28025000e-08  4.89374064e-02 
 4.28075000e-08  5.87424737e-02 
 4.28175000e-08  8.14545920e-02 
 4.28337500e-08  1.28853885e-01 
 4.28500000e-08  1.93208031e-01 
 4.28525000e-08  2.05255696e-01 
 4.28575000e-08  2.30707718e-01 
 4.28675000e-08  2.90860590e-01 
 4.28837500e-08  4.27314626e-01 
 4.29000000e-08  6.47644240e-01 
 4.29025000e-08  6.92474573e-01 
 4.29075000e-08  7.87890328e-01 
 4.29175000e-08  1.01145027e+00 
 4.29337500e-08  1.45990337e+00 
 4.29500000e-08  1.99328829e+00 
 4.29525000e-08  2.07994363e+00 
 4.29575000e-08  2.24857011e+00 
 4.29675000e-08  2.53778656e+00 
 4.29837500e-08  2.86566799e+00 
 4.30000000e-08  3.05898666e+00 
 4.30025000e-08  3.07849694e+00 
 4.30075000e-08  3.11407773e+00 
 4.30175000e-08  3.16788379e+00 
 4.30337500e-08  3.22109134e+00 
 4.30500000e-08  3.24873194e+00 
 4.30525000e-08  3.25145962e+00 
 4.30575000e-08  3.25653200e+00 
 4.30675000e-08  3.26474251e+00 
 4.30837500e-08  3.27430172e+00 
 4.31000000e-08  3.28084707e+00 
 4.31025000e-08  3.28164390e+00 
 4.31075000e-08  3.28316596e+00 
 4.31175000e-08  3.28581610e+00 
 4.31337500e-08  3.28921441e+00 
 4.31500000e-08  3.29173862e+00 
 4.31525000e-08  3.29205605e+00 
 4.31575000e-08  3.29266421e+00 
 4.31675000e-08  3.29373247e+00 
 4.31837500e-08  3.29511838e+00 
 4.32000000e-08  3.29616157e+00 
 4.32025000e-08  3.29629393e+00 
 4.32075000e-08  3.29654767e+00 
 4.32175000e-08  3.29699542e+00 
 4.32337500e-08  3.29757878e+00 
 4.32500000e-08  3.29802040e+00 
 4.32525000e-08  3.29807865e+00 
 4.32575000e-08  3.29819120e+00 
 4.32675000e-08  3.29840010e+00 
 4.32837500e-08  3.29869918e+00 
 4.33000000e-08  3.29895167e+00 
 4.33025000e-08  3.29898591e+00 
 4.33075000e-08  3.29905177e+00 
 4.33175000e-08  3.29917141e+00 
 4.33337500e-08  3.29933755e+00 
 4.33500000e-08  3.29947383e+00 
 4.33525000e-08  3.29949236e+00 
 4.33575000e-08  3.29952780e+00 
 4.33675000e-08  3.29959051e+00 
 4.33837500e-08  3.29967256e+00 
 4.34000000e-08  3.29973459e+00 
 4.34025000e-08  3.29974247e+00 
 4.34075000e-08  3.29975738e+00 
 4.34175000e-08  3.29978340e+00 
 4.34337500e-08  3.29981713e+00 
 4.34500000e-08  3.29984279e+00 
 4.34525000e-08  3.29984606e+00 
 4.34575000e-08  3.29985210e+00 
 4.34675000e-08  3.29986247e+00 
 4.34837500e-08  3.29987625e+00 
 4.35000000e-08  3.29988806e+00 
 4.35025000e-08  3.29989009e+00 
 4.35075000e-08  3.29989478e+00 
 4.35175000e-08  3.29990506e+00 
 4.35337500e-08  3.29992147e+00 
 4.35500000e-08  3.29993805e+00 
 4.35525000e-08  3.29994050e+00 
 4.35575000e-08  3.29994533e+00 
 4.35675000e-08  3.29995346e+00 
 4.35837500e-08  3.29996047e+00 
 4.36000000e-08  3.29995857e+00 
 4.36025000e-08  3.29995766e+00 
 4.36075000e-08  3.29995589e+00 
 4.36175000e-08  3.29995231e+00 
 4.36337500e-08  3.29994562e+00 
 4.36500000e-08  3.29993818e+00 
 4.36525000e-08  3.29993710e+00 
 4.36575000e-08  3.29993497e+00 
 4.36675000e-08  3.29993107e+00 
 4.36837500e-08  3.29992532e+00 
 4.37000000e-08  3.29991997e+00 
 4.37025000e-08  3.29991894e+00 
 4.37075000e-08  3.29991643e+00 
 4.37175000e-08  3.29991009e+00 
 4.37337500e-08  3.29990035e+00 
 4.37500000e-08  3.29989422e+00 
 4.37525000e-08  3.29989395e+00 
 4.37575000e-08  3.29989375e+00 
 4.37675000e-08  3.29989570e+00 
 4.37837500e-08  3.29990245e+00 
 4.38000000e-08  3.29991151e+00 
 4.38025000e-08  3.29991304e+00 
 4.38075000e-08  3.29991599e+00 
 4.38175000e-08  3.29992217e+00 
 4.38337500e-08  3.29993429e+00 
 4.38500000e-08  3.29994936e+00 
 4.38525000e-08  3.29995198e+00 
 4.38575000e-08  3.29995730e+00 
 4.38675000e-08  3.29996817e+00 
 4.38837500e-08  3.29998364e+00 
 4.39000000e-08  3.29999446e+00 
 4.39025000e-08  3.29999551e+00 
 4.39075000e-08  3.29999717e+00 
 4.39175000e-08  3.29999838e+00 
 4.39337500e-08  3.29999483e+00 
 4.39500000e-08  3.29999017e+00 
 4.39525000e-08  3.29998952e+00 
 4.39575000e-08  3.29998841e+00 
 4.39675000e-08  3.29998707e+00 
 4.39837500e-08  3.29998586e+00 
 4.40000000e-08  3.29998443e+00 
 4.40025000e-08  3.29998395e+00 
 4.40075000e-08  3.29998281e+00 
 4.40175000e-08  3.29997896e+00 
 4.40337500e-08  3.29996934e+00 
 4.40500000e-08  3.29995844e+00 
 4.40525000e-08  3.29995695e+00 
 4.40575000e-08  3.29995437e+00 
 4.40675000e-08  3.29995125e+00 
 4.40837500e-08  3.29995185e+00 
 4.41000000e-08  3.29996717e+00 
 4.41025000e-08  3.29997089e+00 
 4.41075000e-08  3.29997845e+00 
 4.41175000e-08  3.29999333e+00 
 4.41337500e-08  3.30002026e+00 
 4.41500000e-08  3.30003822e+00 
 4.41525000e-08  3.30003899e+00 
 4.41575000e-08  3.30003930e+00 
 4.41675000e-08  3.30003142e+00 
 4.41837500e-08  3.29999391e+00 
 4.42000000e-08  3.29993415e+00 
 4.42025000e-08  3.29992293e+00 
 4.42075000e-08  3.29990010e+00 
 4.42175000e-08  3.29985352e+00 
 4.42337500e-08  3.29978616e+00 
 4.42500000e-08  3.29973353e+00 
 4.42525000e-08  3.29972675e+00 
 4.42575000e-08  3.29971303e+00 
 4.42675000e-08  3.29969072e+00 
 4.42837500e-08  3.29967261e+00 
 4.43000000e-08  3.29967456e+00 
 4.43025000e-08  3.29967669e+00 
 4.43075000e-08  3.29968173e+00 
 4.43175000e-08  3.29969600e+00 
 4.43337500e-08  3.29974135e+00 
 4.43500000e-08  3.29977388e+00 
 4.43525000e-08  3.29977752e+00 
 4.43575000e-08  3.29978373e+00 
 4.43675000e-08  3.29979172e+00 
 4.43837500e-08  3.29980009e+00 
 4.44000000e-08  3.29982455e+00 
 4.44025000e-08  3.29983124e+00 
 4.44075000e-08  3.29984464e+00 
 4.44175000e-08  3.29987189e+00 
 4.44337500e-08  3.29991123e+00 
 4.44500000e-08  3.29993974e+00 
 4.44525000e-08  3.29994297e+00 
 4.44575000e-08  3.29994867e+00 
 4.44675000e-08  3.29995645e+00 
 4.44837500e-08  3.29995942e+00 
 4.45000000e-08  3.29995087e+00 
 4.45025000e-08  3.29994843e+00 
 4.45075000e-08  3.29994233e+00 
 4.45175000e-08  3.29992564e+00 
 4.45337500e-08  3.29988667e+00 
 4.45500000e-08  3.29983087e+00 
 4.45525000e-08  3.29982107e+00 
 4.45575000e-08  3.29979983e+00 
 4.45675000e-08  3.29975520e+00 
 4.45837500e-08  3.29968292e+00 
 4.46000000e-08  3.29962732e+00 
 4.46025000e-08  3.29962196e+00 
 4.46075000e-08  3.29961202e+00 
 4.46175000e-08  3.29960082e+00 
 4.46337500e-08  3.29960355e+00 
 4.46500000e-08  3.29962704e+00 
 4.46525000e-08  3.29963244e+00 
 4.46575000e-08  3.29964315e+00 
 4.46675000e-08  3.29966864e+00 
 4.46837500e-08  3.29972600e+00 
 4.47000000e-08  3.29981199e+00 
 4.47025000e-08  3.29982904e+00 
 4.47075000e-08  3.29986524e+00 
 4.47175000e-08  3.29995241e+00 
 4.47337500e-08  3.30014705e+00 
 4.47500000e-08  3.30039186e+00 
 4.47525000e-08  3.30043357e+00 
 4.47575000e-08  3.30051856e+00 
 4.47675000e-08  3.30069897e+00 
 4.47837500e-08  3.30101486e+00 
 4.48000000e-08  3.30135065e+00 
 4.48025000e-08  3.30140038e+00 
 4.48075000e-08  3.30150070e+00 
 4.48175000e-08  3.30170442e+00 
 4.48337500e-08  3.30202905e+00 
 4.48500000e-08  3.30237165e+00 
 4.48525000e-08  3.30242482e+00 
 4.48575000e-08  3.30253240e+00 
 4.48675000e-08  3.30275494e+00 
 4.48837500e-08  3.30312976e+00 
 4.49000000e-08  3.30351446e+00 
 4.49025000e-08  3.30357417e+00 
 4.49075000e-08  3.30369421e+00 
 4.49175000e-08  3.30393625e+00 
 4.49337500e-08  3.30433003e+00 
 4.49500000e-08  3.30471144e+00 
 4.49525000e-08  3.30476691e+00 
 4.49575000e-08  3.30487718e+00 
 4.49675000e-08  3.30508983e+00 
 4.49837500e-08  3.30541839e+00 
 4.50000000e-08  3.30574219e+00 
 4.50025000e-08  3.30579251e+00 
 4.50075000e-08  3.30589500e+00 
 4.50175000e-08  3.30611092e+00 
 4.50337500e-08  3.30650420e+00 
 4.50500000e-08  3.30696705e+00 
 4.50525000e-08  3.30704614e+00 
 4.50575000e-08  3.30720998e+00 
 4.50675000e-08  3.30756812e+00 
 4.50837500e-08  3.30824319e+00 
 4.51000000e-08  3.30905512e+00 
 4.51025000e-08  3.30919499e+00 
 4.51075000e-08  3.30948556e+00 
 4.51175000e-08  3.31012480e+00 
 4.51337500e-08  3.31135580e+00 
 4.51500000e-08  3.31288696e+00 
 4.51525000e-08  3.31315659e+00 
 4.51575000e-08  3.31372200e+00 
 4.51675000e-08  3.31497398e+00 
 4.51837500e-08  3.31732358e+00 
 4.52000000e-08  3.31978689e+00 
 4.52025000e-08  3.32012683e+00 
 4.52075000e-08  3.32075158e+00 
 4.52175000e-08  3.32146237e+00 
 4.52337500e-08  3.31988585e+00 
 4.52500000e-08  3.31294930e+00 
 4.52525000e-08  3.31118695e+00 
 4.52575000e-08  3.30727571e+00 
 4.52675000e-08  3.29729103e+00 
 4.52837500e-08  3.27496116e+00 
 4.53000000e-08  3.24215687e+00 
 4.53025000e-08  3.23597612e+00 
 4.53075000e-08  3.22301545e+00 
 4.53175000e-08  3.19330685e+00 
 4.53337500e-08  3.13259556e+00 
 4.53500000e-08  3.05244280e+00 
 4.53525000e-08  3.03769179e+00 
 4.53575000e-08  3.00662485e+00 
 4.53675000e-08  2.93390377e+00 
 4.53837500e-08  2.76606850e+00 
 4.54000000e-08  2.48944341e+00 
 4.54025000e-08  2.43444637e+00 
 4.54075000e-08  2.31854000e+00 
 4.54175000e-08  2.05379417e+00 
 4.54337500e-08  1.53891318e+00 
 4.54500000e-08  9.57959148e-01 
 4.54525000e-08  8.70469177e-01 
 4.54575000e-08  7.06115599e-01 
 4.54675000e-08  4.40264428e-01 
 4.54837500e-08  1.82144813e-01 
 4.55000000e-08  7.71449502e-02 
 4.55025000e-08  6.99547344e-02 
 4.55075000e-08  5.73816723e-02 
 4.55175000e-08  4.05517024e-02 
 4.55337500e-08  2.59027312e-02 
 4.55500000e-08  1.83743402e-02 
 4.55525000e-08  1.75570114e-02 
 4.55575000e-08  1.59894644e-02 
 4.55675000e-08  1.32895290e-02 
 4.55837500e-08  9.87070055e-03 
 4.56000000e-08  7.34864728e-03 
 4.56025000e-08  7.03060823e-03 
 4.56075000e-08  6.42041094e-03 
 4.56175000e-08  5.34970758e-03 
 4.56337500e-08  3.96684093e-03 
 4.56500000e-08  2.93864608e-03 
 4.56525000e-08  2.80950787e-03 
 4.56575000e-08  2.56261556e-03 
 4.56675000e-08  2.13127950e-03 
 4.56837500e-08  1.57845421e-03 
 4.57000000e-08  1.17132993e-03 
 4.57025000e-08  1.12049142e-03 
 4.57075000e-08  1.02330747e-03 
 4.57175000e-08  8.53784990e-04 
 4.57337500e-08  6.37816016e-04 
 4.57500000e-08  4.80268926e-04 
 4.57525000e-08  4.60932045e-04 
 4.57575000e-08  4.24328521e-04 
 4.57675000e-08  3.61707672e-04 
 4.57837500e-08  2.82894792e-04 
 4.58000000e-08  2.25161491e-04 
 4.58025000e-08  2.17901739e-04 
 4.58075000e-08  2.04000638e-04 
 4.58175000e-08  1.79449809e-04 
 4.58337500e-08  1.47048667e-04 
 4.58500000e-08  1.22011712e-04 
 4.58525000e-08  1.18660250e-04 
 4.58575000e-08  1.12078965e-04 
 4.58675000e-08  9.96457905e-05 
 4.58837500e-08  8.25247664e-05 
 4.59000000e-08  6.86879800e-05 
 4.59025000e-08  6.67691138e-05 
 4.59075000e-08  6.29569132e-05 
 4.59175000e-08  5.57274362e-05 
 4.59337500e-08  4.37672486e-05 
 4.59500000e-08  3.18336400e-05 
 4.59525000e-08  3.04646080e-05 
 4.59575000e-08  2.79403929e-05 
 4.59675000e-08  2.44647537e-05 
 4.59837500e-08  2.13463126e-05 
 4.60000000e-08  1.99860835e-05 
 4.60025000e-08  1.99097142e-05 
 4.60075000e-08  1.97138536e-05 
 4.60175000e-08  1.95038179e-05 
 4.60337500e-08  1.95851887e-05 
 4.60500000e-08  2.02116655e-05 
 4.60525000e-08  2.02613871e-05 
 4.60575000e-08  2.01827774e-05 
 4.60675000e-08  1.95909658e-05 
 4.60837500e-08  1.80637545e-05 
 4.61000000e-08  1.54433665e-05 
 4.61025000e-08  1.50927612e-05 
 4.61075000e-08  1.45445135e-05 
 4.61175000e-08  1.36697177e-05 
 4.61337500e-08  1.10665233e-05 
 4.61500000e-08  7.30755971e-06 
 4.61525000e-08  6.48647196e-06 
 4.61575000e-08  4.55285535e-06 
 4.61675000e-08  1.43199981e-07 
 4.61837500e-08 -5.22270096e-06 
 4.62000000e-08 -8.17500187e-06 
 4.62025000e-08 -8.23966665e-06 
 4.62075000e-08 -8.08675718e-06 
 4.62175000e-08 -6.73136253e-06 
 4.62337500e-08 -3.45279956e-06 
 4.62500000e-08  6.05482232e-07 
 4.62525000e-08  1.57829623e-06 
 4.62575000e-08  3.24816691e-06 
 4.62675000e-08  5.56589368e-06 
 4.62837500e-08  8.26616125e-06 
 4.63000000e-08  1.02137016e-05 
 4.63025000e-08  1.04274231e-05 
 4.63075000e-08  1.09338376e-05 
 4.63175000e-08  1.21739811e-05 
 4.63337500e-08  1.41225316e-05 
 4.63500000e-08  1.53991399e-05 
 4.63525000e-08  1.55104304e-05 
 4.63575000e-08  1.56333323e-05 
 4.63675000e-08  1.54817621e-05 
 4.63837500e-08  1.42403894e-05 
 4.64000000e-08  1.19322825e-05 
 4.64025000e-08  1.15003258e-05 
 4.64075000e-08  1.05197714e-05 
 4.64175000e-08  8.06470415e-06 
 4.64337500e-08  2.76858935e-06 
 4.64500000e-08 -3.32489284e-06 
 4.64525000e-08 -4.22196509e-06 
 4.64575000e-08 -6.28722666e-06 
 4.64675000e-08 -1.06869881e-05 
 4.64837500e-08 -1.84385350e-05 
 4.65000000e-08 -2.46039815e-05 
 4.65025000e-08 -2.51384489e-05 
 4.65075000e-08 -2.63218698e-05 
 4.65175000e-08 -2.74247396e-05 
 4.65337500e-08 -2.51006614e-05 
 4.65500000e-08 -1.74086197e-05 
 4.65525000e-08 -1.54411449e-05 
 4.65575000e-08 -1.11708945e-05 
 4.65675000e-08  2.24651208e-08 
 4.65837500e-08  2.33318461e-05 
 4.66000000e-08  5.33853219e-05 
 4.66025000e-08  5.83605961e-05 
 4.66075000e-08  6.82182009e-05 
 4.66175000e-08  8.75538316e-05 
 4.66337500e-08  1.17315383e-04 
 4.66500000e-08  1.44181699e-04 
 4.66525000e-08  1.46520310e-04 
 4.66575000e-08  1.50698658e-04 
 4.66675000e-08  1.56569219e-04 
 4.66837500e-08  1.60421528e-04 
 4.67000000e-08  1.54285477e-04 
 4.67025000e-08  1.53923935e-04 
 4.67075000e-08  1.52767278e-04 
 4.67175000e-08  1.48800199e-04 
 4.67337500e-08  1.43131791e-04 
 4.67500000e-08  1.39652625e-04 
 4.67525000e-08  1.39274063e-04 
 4.67575000e-08  1.37896223e-04 
 4.67675000e-08  1.29273237e-04 
 4.67837500e-08  1.04335190e-04 
 4.68000000e-08  7.47083156e-05 
 4.68025000e-08  7.02582938e-05 
 4.68075000e-08  6.20524036e-05 
 4.68175000e-08  4.86409863e-05 
 4.68337500e-08  3.65161898e-05 
 4.68500000e-08  3.77889057e-05 
 4.68525000e-08  3.92380577e-05 
 4.68575000e-08  4.32775037e-05 
 4.68675000e-08  5.57876424e-05 
 4.68837500e-08  8.92332066e-05 
 4.69000000e-08  1.36640724e-04 
 4.69025000e-08  1.44105677e-04 
 4.69075000e-08  1.59414854e-04 
 4.69175000e-08  1.85521677e-04 
 4.69337500e-08  2.03500433e-04 
 4.69500000e-08  1.76499612e-04 
 4.69525000e-08  1.66302495e-04 
 4.69575000e-08  1.42289860e-04 
 4.69675000e-08  6.95269240e-05 
 4.69837500e-08 -1.30774356e-04 
 4.70000000e-08 -4.36856388e-04 
 4.70025000e-08 -4.93614554e-04 
 4.70075000e-08 -6.11066909e-04 
 4.70175000e-08 -8.68631735e-04 
 4.70337500e-08 -1.30547958e-03 
 4.70500000e-08 -1.72935862e-03 
 4.70525000e-08 -1.80399721e-03 
 4.70575000e-08 -1.95338522e-03 
 4.70675000e-08 -2.25182558e-03 
 4.70837500e-08 -2.73160344e-03 
 4.71000000e-08 -3.20465671e-03 
 4.71025000e-08 -3.27660496e-03 
 4.71075000e-08 -3.42111078e-03 
 4.71175000e-08 -3.71066495e-03 
 4.71337500e-08 -4.18475445e-03 
 4.71500000e-08 -4.67291549e-03 
 4.71525000e-08 -4.74985410e-03 
 4.71575000e-08 -4.90674294e-03 
 4.71675000e-08 -5.22906162e-03 
 4.71837500e-08 -5.78028875e-03 
 4.72000000e-08 -6.38913879e-03 
 4.72025000e-08 -6.48805890e-03 
 4.72075000e-08 -6.69369613e-03 
 4.72175000e-08 -7.12586841e-03 
 4.72337500e-08 -7.90006483e-03 
 4.72500000e-08 -8.79515349e-03 
 4.72525000e-08 -8.94362173e-03 
 4.72575000e-08 -9.26103566e-03 
 4.72675000e-08 -9.94589303e-03 
 4.72837500e-08 -1.12312571e-02 
 4.73000000e-08 -1.27511730e-02 
 4.73025000e-08 -1.29953730e-02 
 4.73075000e-08 -1.35079332e-02 
 4.73175000e-08 -1.44989146e-02 
 4.73337500e-08 -1.56597593e-02 
 4.73500000e-08 -1.53476676e-02 
 4.73525000e-08 -1.50548454e-02 
 4.73575000e-08 -1.43067470e-02 
 4.73675000e-08 -1.16533953e-02 
 4.73837500e-08 -3.38033850e-03 
 4.74000000e-08  1.02608343e-02 
 4.74025000e-08  1.29876608e-02 
 4.74075000e-08  1.88026505e-02 
 4.74175000e-08  3.26955620e-02 
 4.74337500e-08  6.24942708e-02 
 4.74500000e-08  1.03129521e-01 
 4.74525000e-08  1.10671157e-01 
 4.74575000e-08  1.26511880e-01 
 4.74675000e-08  1.63169201e-01 
 4.74837500e-08  2.40824431e-01 
 4.75000000e-08  3.51676754e-01 
 4.75025000e-08  3.73331273e-01 
 4.75075000e-08  4.20151957e-01 
 4.75175000e-08  5.39150351e-01 
 4.75337500e-08  8.22965821e-01 
 4.75500000e-08  1.21939490e+00 
 4.75525000e-08  1.29116988e+00 
 4.75575000e-08  1.43944972e+00 
 4.75675000e-08  1.76041533e+00 
 4.75837500e-08  2.29988791e+00 
 4.76000000e-08  2.71519010e+00 
 4.76025000e-08  2.76247755e+00 
 4.76075000e-08  2.84951330e+00 
 4.76175000e-08  2.98582697e+00 
 4.76337500e-08  3.12590026e+00 
 4.76500000e-08  3.19919914e+00 
 4.76525000e-08  3.20616168e+00 
 4.76575000e-08  3.21885521e+00 
 4.76675000e-08  3.23815380e+00 
 4.76837500e-08  3.25817677e+00 
 4.77000000e-08  3.27006365e+00 
 4.77025000e-08  3.27140145e+00 
 4.77075000e-08  3.27393712e+00 
 4.77175000e-08  3.27826430e+00 
 4.77337500e-08  3.28368390e+00 
 4.77500000e-08  3.28763964e+00 
 4.77525000e-08  3.28813399e+00 
 4.77575000e-08  3.28908048e+00 
 4.77675000e-08  3.29073891e+00 
 4.77837500e-08  3.29288041e+00 
 4.78000000e-08  3.29448010e+00 
 4.78025000e-08  3.29468179e+00 
 4.78075000e-08  3.29506828e+00 
 4.78175000e-08  3.29574852e+00 
 4.78337500e-08  3.29663588e+00 
 4.78500000e-08  3.29730676e+00 
 4.78525000e-08  3.29739179e+00 
 4.78575000e-08  3.29755388e+00 
 4.78675000e-08  3.29784067e+00 
 4.78837500e-08  3.29822842e+00 
 4.79000000e-08  3.29855184e+00 
 4.79025000e-08  3.29859679e+00 
 4.79075000e-08  3.29868386e+00 
 4.79175000e-08  3.29884443e+00 
 4.79337500e-08  3.29906924e+00 
 4.79500000e-08  3.29925470e+00 
 4.79525000e-08  3.29927983e+00 
 4.79575000e-08  3.29932835e+00 
 4.79675000e-08  3.29941649e+00 
 4.79837500e-08  3.29953723e+00 
 4.80000000e-08  3.29963160e+00 
 4.80025000e-08  3.29964378e+00 
 4.80075000e-08  3.29966719e+00 
 4.80175000e-08  3.29970914e+00 
 4.80337500e-08  3.29976447e+00 
 4.80500000e-08  3.29980603e+00 
 4.80525000e-08  3.29981128e+00 
 4.80575000e-08  3.29982100e+00 
 4.80675000e-08  3.29983725e+00 
 4.80837500e-08  3.29985747e+00 
 4.81000000e-08  3.29987284e+00 
 4.81025000e-08  3.29987497e+00 
 4.81075000e-08  3.29987908e+00 
 4.81175000e-08  3.29988692e+00 
 4.81337500e-08  3.29989984e+00 
 4.81500000e-08  3.29991307e+00 
 4.81525000e-08  3.29991506e+00 
 4.81575000e-08  3.29991909e+00 
 4.81675000e-08  3.29992751e+00 
 4.81837500e-08  3.29994235e+00 
 4.82000000e-08  3.29995628e+00 
 4.82025000e-08  3.29995762e+00 
 4.82075000e-08  3.29996008e+00 
 4.82175000e-08  3.29996260e+00 
 4.82337500e-08  3.29996072e+00 
 4.82500000e-08  3.29995386e+00 
 4.82525000e-08  3.29995241e+00 
 4.82575000e-08  3.29994922e+00 
 4.82675000e-08  3.29994197e+00 
 4.82837500e-08  3.29993033e+00 
 4.83000000e-08  3.29992060e+00 
 4.83025000e-08  3.29991946e+00 
 4.83075000e-08  3.29991735e+00 
 4.83175000e-08  3.29991412e+00 
 4.83337500e-08  3.29990972e+00 
 4.83500000e-08  3.29990513e+00 
 4.83525000e-08  3.29990446e+00 
 4.83575000e-08  3.29990289e+00 
 4.83675000e-08  3.29989965e+00 
 4.83837500e-08  3.29989640e+00 
 4.84000000e-08  3.29989705e+00 
 4.84025000e-08  3.29989777e+00 
 4.84075000e-08  3.29989950e+00 
 4.84175000e-08  3.29990469e+00 
 4.84337500e-08  3.29991579e+00 
 4.84500000e-08  3.29992933e+00 
 4.84525000e-08  3.29993157e+00 
 4.84575000e-08  3.29993595e+00 
 4.84675000e-08  3.29994482e+00 
 4.84837500e-08  3.29995997e+00 
 4.85000000e-08  3.29997475e+00 
 4.85025000e-08  3.29997691e+00 
 4.85075000e-08  3.29998113e+00 
 4.85175000e-08  3.29998937e+00 
 4.85337500e-08  3.29999949e+00 
 4.85500000e-08  3.30000390e+00 
 4.85525000e-08  3.30000345e+00 
 4.85575000e-08  3.30000224e+00 
 4.85675000e-08  3.29999856e+00 
 4.85837500e-08  3.29999105e+00 
 4.86000000e-08  3.29998465e+00 
 4.86025000e-08  3.29998405e+00 
 4.86075000e-08  3.29998312e+00 
 4.86175000e-08  3.29998198e+00 
 4.86337500e-08  3.29997931e+00 
 4.86500000e-08  3.29997293e+00 
 4.86525000e-08  3.29997152e+00 
 4.86575000e-08  3.29996876e+00 
 4.86675000e-08  3.29996342e+00 
 4.86837500e-08  3.29995642e+00 
 4.87000000e-08  3.29995384e+00 
 4.87025000e-08  3.29995382e+00 
 4.87075000e-08  3.29995393e+00 
 4.87175000e-08  3.29995854e+00 
 4.87337500e-08  3.29997812e+00 
 4.87500000e-08  3.30000044e+00 
 4.87525000e-08  3.30000460e+00 
 4.87575000e-08  3.30001344e+00 
 4.87675000e-08  3.30002969e+00 
 4.87837500e-08  3.30004009e+00 
 4.88000000e-08  3.30002035e+00 
 4.88025000e-08  3.30001366e+00 
 4.88075000e-08  3.29999836e+00 
 4.88175000e-08  3.29996173e+00 
 4.88337500e-08  3.29988728e+00 
 4.88500000e-08  3.29981146e+00 
 4.88525000e-08  3.29980143e+00 
 4.88575000e-08  3.29978241e+00 
 4.88675000e-08  3.29974985e+00 
 4.88837500e-08  3.29970842e+00 
 4.89000000e-08  3.29968183e+00 
 4.89025000e-08  3.29967997e+00 
 4.89075000e-08  3.29967704e+00 
 4.89175000e-08  3.29967566e+00 
 4.89337500e-08  3.29968556e+00 
 4.89500000e-08  3.29971598e+00 
 4.89525000e-08  3.29972226e+00 
 4.89575000e-08  3.29973417e+00 
 4.89675000e-08  3.29975519e+00 
 4.89837500e-08  3.29978143e+00 
 4.90000000e-08  3.29979561e+00 
 4.90025000e-08  3.29979754e+00 
 4.90075000e-08  3.29980138e+00 
 4.90175000e-08  3.29981591e+00 
 4.90337500e-08  3.29985346e+00 
 4.90500000e-08  3.29989446e+00 
 4.90525000e-08  3.29990041e+00 
 4.90575000e-08  3.29991169e+00 
 4.90675000e-08  3.29993109e+00 
 4.90837500e-08  3.29995219e+00 
 4.91000000e-08  3.29995988e+00 
 4.91025000e-08  3.29995987e+00 
 4.91075000e-08  3.29995903e+00 
 4.91175000e-08  3.29995393e+00 
 4.91337500e-08  3.29993696e+00 
 4.91500000e-08  3.29990783e+00 
 4.91525000e-08  3.29990233e+00 
 4.91575000e-08  3.29989004e+00 
 4.91675000e-08  3.29986157e+00 
 4.91837500e-08  3.29980213e+00 
 4.92000000e-08  3.29972936e+00 
 4.92025000e-08  3.29971812e+00 
 4.92075000e-08  3.29969474e+00 
 4.92175000e-08  3.29965174e+00 
 4.92337500e-08  3.29960402e+00 
 4.92500000e-08  3.29958864e+00 
 4.92525000e-08  3.29958960e+00 
 4.92575000e-08  3.29959213e+00 
 4.92675000e-08  3.29960383e+00 
 4.92837500e-08  3.29963741e+00 
 4.93000000e-08  3.29968863e+00 
 4.93025000e-08  3.29969893e+00 
 4.93075000e-08  3.29972070e+00 
 4.93175000e-08  3.29977447e+00 
 4.93337500e-08  3.29989220e+00 
 4.93500000e-08  3.30005763e+00 
 4.93525000e-08  3.30008940e+00 
 4.93575000e-08  3.30015397e+00 
 4.93675000e-08  3.30029336e+00 
 4.93837500e-08  3.30055328e+00 
 4.94000000e-08  3.30085181e+00 
 4.94025000e-08  3.30090108e+00 
 4.94075000e-08  3.30100098e+00 
 4.94175000e-08  3.30120851e+00 
 4.94337500e-08  3.30154646e+00 
 4.94500000e-08  3.30187611e+00 
 4.94525000e-08  3.30192792e+00 
 4.94575000e-08  3.30203287e+00 
 4.94675000e-08  3.30224344e+00 
 4.94837500e-08  3.30259199e+00 
 4.95000000e-08  3.30295667e+00 
 4.95025000e-08  3.30301371e+00 
 4.95075000e-08  3.30312777e+00 
 4.95175000e-08  3.30335764e+00 
 4.95337500e-08  3.30374209e+00 
 4.95500000e-08  3.30414057e+00 
 4.95525000e-08  3.30420281e+00 
 4.95575000e-08  3.30432853e+00 
 4.95675000e-08  3.30457820e+00 
 4.95837500e-08  3.30496013e+00 
 4.96000000e-08  3.30530459e+00 
 4.96025000e-08  3.30535344e+00 
 4.96075000e-08  3.30545067e+00 
 4.96175000e-08  3.30564319e+00 
 4.96337500e-08  3.30596816e+00 
 4.96500000e-08  3.30633054e+00 
 4.96525000e-08  3.30639107e+00 
 4.96575000e-08  3.30651595e+00 
 4.96675000e-08  3.30678723e+00 
 4.96837500e-08  3.30729748e+00 
 4.97000000e-08  3.30791127e+00 
 4.97025000e-08  3.30801713e+00 
 4.97075000e-08  3.30823692e+00 
 4.97175000e-08  3.30871953e+00 
 4.97337500e-08  3.30963787e+00 
 4.97500000e-08  3.31075798e+00 
 4.97525000e-08  3.31095279e+00 
 4.97575000e-08  3.31135938e+00 
 4.97675000e-08  3.31226034e+00 
 4.97837500e-08  3.31401391e+00 
 4.98000000e-08  3.31618319e+00 
 4.98025000e-08  3.31655533e+00 
 4.98075000e-08  3.31732193e+00 
 4.98175000e-08  3.31888277e+00 
 4.98337500e-08  3.32097447e+00 
 4.98500000e-08  3.32111631e+00 
 4.98525000e-08  3.32079270e+00 
 4.98575000e-08  3.31989955e+00 
 4.98675000e-08  3.31642388e+00 
 4.98837500e-08  3.30498409e+00 
 4.99000000e-08  3.28635244e+00 
 4.99025000e-08  3.28263957e+00 
 4.99075000e-08  3.27472368e+00 
 4.99175000e-08  3.25586816e+00 
 4.99337500e-08  3.21590502e+00 
 4.99500000e-08  3.16253084e+00 
 4.99525000e-08  3.15278502e+00 
 4.99575000e-08  3.13240704e+00 
 4.99675000e-08  3.08592413e+00 
 4.99837500e-08  2.98974636e+00 
 5.00000000e-08  2.85362152e+00 
 5.00025000e-08  2.82660114e+00 
 5.00075000e-08  2.76698689e+00 
 5.00175000e-08  2.61304645e+00 
 5.00337500e-08  2.26128215e+00 
 5.00500000e-08  1.79387576e+00 
 5.00525000e-08  1.71128033e+00 
 5.00575000e-08  1.54165688e+00 
 5.00675000e-08  1.18177844e+00 
 5.00837500e-08  6.42472910e-01 
 5.01000000e-08  2.82501477e-01 
 5.01025000e-08  2.48855516e-01 
 5.01075000e-08  1.89786976e-01 
 5.01175000e-08  1.11353865e-01 
 5.01337500e-08  5.18826583e-02 
 5.01500000e-08  3.09403646e-02 
 5.01525000e-08  2.92392265e-02 
 5.01575000e-08  2.60615929e-02 
 5.01675000e-08  2.10106637e-02 
 5.01837500e-08  1.52294565e-02 
 5.02000000e-08  1.12950891e-02 
 5.02025000e-08  1.08110195e-02 
 5.02075000e-08  9.88012715e-03 
 5.02175000e-08  8.24527950e-03 
 5.02337500e-08  6.12891257e-03 
 5.02500000e-08  4.54783308e-03 
 5.02525000e-08  4.34846818e-03 
 5.02575000e-08  3.96675718e-03 
 5.02675000e-08  3.29873613e-03 
 5.02837500e-08  2.44035991e-03 
 5.03000000e-08  1.80541812e-03 
 5.03025000e-08  1.72610085e-03 
 5.03075000e-08  1.57467849e-03 
 5.03175000e-08  1.31106526e-03 
 5.03337500e-08  9.74985143e-04 
 5.03500000e-08  7.28955148e-04 
 5.03525000e-08  6.98368945e-04 
 5.03575000e-08  6.39984131e-04 
 5.03675000e-08  5.38432716e-04 
 5.03837500e-08  4.09351590e-04 
 5.04000000e-08  3.15185233e-04 
 5.04025000e-08  3.03563357e-04 
 5.04075000e-08  2.81484796e-04 
 5.04175000e-08  2.43369434e-04 
 5.04337500e-08  1.94793736e-04 
 5.04500000e-08  1.58462009e-04 
 5.04525000e-08  1.53753529e-04 
 5.04575000e-08  1.44664557e-04 
 5.04675000e-08  1.28307032e-04 
 5.04837500e-08  1.06311692e-04 
 5.05000000e-08  8.86191315e-05 
 5.05025000e-08  8.62833590e-05 
 5.05075000e-08  8.16435860e-05 
 5.05175000e-08  7.30205504e-05 
 5.05337500e-08  6.08860930e-05 
 5.05500000e-08  5.04487308e-05 
 5.05525000e-08  4.87576584e-05 
 5.05575000e-08  4.52458933e-05 
 5.05675000e-08  3.85787531e-05 
 5.05837500e-08  2.96162630e-05 
 5.06000000e-08  2.37556163e-05 
 5.06025000e-08  2.31222795e-05 
 5.06075000e-08  2.18015647e-05 
 5.06175000e-08  1.95338755e-05 
 5.06337500e-08  1.71377928e-05 
 5.06500000e-08  1.61822082e-05 
 5.06525000e-08  1.62707550e-05 
 5.06575000e-08  1.65682672e-05 
 5.06675000e-08  1.77819493e-05 
 5.06837500e-08  2.01266689e-05 
 5.07000000e-08  2.18593954e-05 
 5.07025000e-08  2.19136059e-05 
 5.07075000e-08  2.17732898e-05 
 5.07175000e-08  2.05283459e-05 
 5.07337500e-08  1.66578483e-05 
 5.07500000e-08  1.10694482e-05 
 5.07525000e-08  1.01671471e-05 
 5.07575000e-08  8.41599350e-06 
 5.07675000e-08  5.20935663e-06 
 5.07837500e-08  8.61150037e-07 
 5.08000000e-08 -1.92429833e-06 
 5.08025000e-08 -2.20010936e-06 
 5.08075000e-08 -2.84506664e-06 
 5.08175000e-08 -4.16384032e-06 
 5.08337500e-08 -5.23450016e-06 
 5.08500000e-08 -4.67714494e-06 
 5.08525000e-08 -4.42327947e-06 
 5.08575000e-08 -3.85013369e-06 
 5.08675000e-08 -2.35818785e-06 
 5.08837500e-08  2.18824503e-06 
 5.09000000e-08  5.47363745e-06 
 5.09025000e-08  5.89223854e-06 
 5.09075000e-08  6.73160118e-06 
 5.09175000e-08  8.31440309e-06 
 5.09337500e-08  1.05367235e-05 
 5.09500000e-08  1.29515750e-05 
 5.09525000e-08  1.33573601e-05 
 5.09575000e-08  1.40752630e-05 
 5.09675000e-08  1.51159150e-05 
 5.09837500e-08  1.56977407e-05 
 5.10000000e-08  1.49903696e-05 
 5.10025000e-08  1.48595841e-05 
 5.10075000e-08  1.46124241e-05 
 5.10175000e-08  1.41415735e-05 
 5.10337500e-08  1.25980846e-05 
 5.10500000e-08  9.12169374e-06 
 5.10525000e-08  8.23676859e-06 
 5.10575000e-08  6.36177585e-06 
 5.10675000e-08  2.47539089e-06 
 5.10837500e-08 -5.13183227e-06 
 5.11000000e-08 -1.44523448e-05 
 5.11025000e-08 -1.59038778e-05 
 5.11075000e-08 -1.91057628e-05 
 5.11175000e-08 -2.48928936e-05 
 5.11337500e-08 -3.03557649e-05 
 5.11500000e-08 -2.97084128e-05 
 5.11525000e-08 -2.88520542e-05 
 5.11575000e-08 -2.70086159e-05 
 5.11675000e-08 -2.14832091e-05 
 5.11837500e-08 -8.39957755e-06 
 5.12000000e-08  1.03036345e-05 
 5.12025000e-08  1.38688790e-05 
 5.12075000e-08  2.13312384e-05 
 5.12175000e-08  3.84374320e-05 
 5.12337500e-08  6.96285374e-05 
 5.12500000e-08  1.00734844e-04 
 5.12525000e-08  1.05081264e-04 
 5.12575000e-08  1.14656358e-04 
 5.12675000e-08  1.33204594e-04 
 5.12837500e-08  1.50776097e-04 
 5.13000000e-08  1.59520617e-04 
 5.13025000e-08  1.60085317e-04 
 5.13075000e-08  1.60881754e-04 
 5.13175000e-08  1.57521639e-04 
 5.13337500e-08  1.52648751e-04 
 5.13500000e-08  1.45522259e-04 
 5.13525000e-08  1.44481645e-04 
 5.13575000e-08  1.43141184e-04 
 5.13675000e-08  1.42044733e-04 
 5.13837500e-08  1.38659888e-04 
 5.14000000e-08  1.22476510e-04 
 5.14025000e-08  1.17948853e-04 
 5.14075000e-08  1.08734643e-04 
 5.14175000e-08  8.90840080e-05 
 5.14337500e-08  5.99995028e-05 
 5.14500000e-08  4.03757826e-05 
 5.14525000e-08  3.85447290e-05 
 5.14575000e-08  3.59164689e-05 
 5.14675000e-08  3.49024995e-05 
 5.14837500e-08  4.44810375e-05 
 5.15000000e-08  6.94186126e-05 
 5.15025000e-08  7.47474813e-05 
 5.15075000e-08  8.70844889e-05 
 5.15175000e-08  1.15865246e-04 
 5.15337500e-08  1.65005779e-04 
 5.15500000e-08  1.97682431e-04 
 5.15525000e-08  1.99320097e-04 
 5.15575000e-08  2.00834428e-04 
 5.15675000e-08  1.90114604e-04 
 5.15837500e-08  1.26808469e-04 
 5.16000000e-08 -1.18905573e-05 
 5.16025000e-08 -4.41218946e-05 
 5.16075000e-08 -1.13022112e-04 
 5.16175000e-08 -2.80636351e-04 
 5.16337500e-08 -6.34934046e-04 
 5.16500000e-08 -1.07351087e-03 
 5.16525000e-08 -1.14723527e-03 
 5.16575000e-08 -1.26304785e-03 
 5.16675000e-08 -1.52358395e-03 
 5.16837500e-08 -2.00792492e-03 
 5.17000000e-08 -2.50227606e-03 
 5.17025000e-08 -2.57695730e-03 
 5.17075000e-08 -2.72600903e-03 
 5.17175000e-08 -3.02096134e-03 
 5.17337500e-08 -3.49261725e-03 
 5.17500000e-08 -3.96062812e-03 
 5.17525000e-08 -4.03211980e-03 
 5.17575000e-08 -4.17531044e-03 
 5.17675000e-08 -4.46734053e-03 
 5.17837500e-08 -4.95965269e-03 
 5.18000000e-08 -5.48327507e-03 
 5.18025000e-08 -5.56640076e-03 
 5.18075000e-08 -5.73865915e-03 
 5.18175000e-08 -6.10258377e-03 
 5.18337500e-08 -6.75106221e-03 
 5.18500000e-08 -7.48465750e-03 
 5.18525000e-08 -7.60494628e-03 
 5.18575000e-08 -7.85832137e-03 
 5.18675000e-08 -8.39626034e-03 
 5.18837500e-08 -9.38204115e-03 
 5.19000000e-08 -1.05584882e-02 
 5.19025000e-08 -1.07556434e-02 
 5.19075000e-08 -1.11797946e-02 
 5.19175000e-08 -1.20877798e-02 
 5.19337500e-08 -1.36855931e-02 
 5.19500000e-08 -1.51629713e-02 
 5.19525000e-08 -1.53302337e-02 
 5.19575000e-08 -1.56248853e-02 
 5.19675000e-08 -1.57577056e-02 
 5.19837500e-08 -1.39103731e-02 
 5.20000000e-08 -8.22322432e-03 
 5.20025000e-08 -6.86308813e-03 
 5.20075000e-08 -3.87523242e-03 
 5.20175000e-08  3.61239905e-03 
 5.20337500e-08  2.08211124e-02 
 5.20500000e-08  4.58867053e-02 
 5.20525000e-08  5.06278686e-02 
 5.20575000e-08  6.06017786e-02 
 5.20675000e-08  8.37032122e-02 
 5.20837500e-08  1.31939237e-01 
 5.21000000e-08  1.97504353e-01 
 5.21025000e-08  2.09790408e-01 
 5.21075000e-08  2.35755652e-01 
 5.21175000e-08  2.97194910e-01 
 5.21337500e-08  4.37132278e-01 
 5.21500000e-08  6.63276261e-01 
 5.21525000e-08  7.09121054e-01 
 5.21575000e-08  8.06516029e-01 
 5.21675000e-08  1.03371849e+00 
 5.21837500e-08  1.48727738e+00 
 5.22000000e-08  2.02299907e+00 
 5.22025000e-08  2.10929833e+00 
 5.22075000e-08  2.27611105e+00 
 5.22175000e-08  2.55914553e+00 
 5.22337500e-08  2.87864784e+00 
 5.22500000e-08  3.06614240e+00 
 5.22525000e-08  3.08501704e+00 
 5.22575000e-08  3.11943320e+00 
 5.22675000e-08  3.17145256e+00 
 5.22837500e-08  3.22289595e+00 
 5.23000000e-08  3.24968901e+00 
 5.23025000e-08  3.25234356e+00 
 5.23075000e-08  3.25728312e+00 
 5.23175000e-08  3.26529435e+00 
 5.23337500e-08  3.27465348e+00 
 5.23500000e-08  3.28108689e+00 
 5.23525000e-08  3.28187231e+00 
 5.23575000e-08  3.28337368e+00 
 5.23675000e-08  3.28599202e+00 
 5.23837500e-08  3.28935297e+00 
 5.24000000e-08  3.29184808e+00 
 5.24025000e-08  3.29216119e+00 
 5.24075000e-08  3.29276044e+00 
 5.24175000e-08  3.29381067e+00 
 5.24337500e-08  3.29517122e+00 
 5.24500000e-08  3.29619598e+00 
 5.24525000e-08  3.29632618e+00 
 5.24575000e-08  3.29657584e+00 
 5.24675000e-08  3.29701678e+00 
 5.24837500e-08  3.29759224e+00 
 5.25000000e-08  3.29802897e+00 
 5.25025000e-08  3.29808686e+00 
 5.25075000e-08  3.29819901e+00 
 5.25175000e-08  3.29840829e+00 
 5.25337500e-08  3.29870887e+00 
 5.25500000e-08  3.29896244e+00 
 5.25525000e-08  3.29899652e+00 
 5.25575000e-08  3.29906163e+00 
 5.25675000e-08  3.29917824e+00 
 5.25837500e-08  3.29933865e+00 
 5.26000000e-08  3.29947052e+00 
 5.26025000e-08  3.29948870e+00 
 5.26075000e-08  3.29952383e+00 
 5.26175000e-08  3.29958738e+00 
 5.26337500e-08  3.29967201e+00 
 5.26500000e-08  3.29973615e+00 
 5.26525000e-08  3.29974418e+00 
 5.26575000e-08  3.29975924e+00 
 5.26675000e-08  3.29978497e+00 
 5.26837500e-08  3.29981772e+00 
 5.27000000e-08  3.29984245e+00 
 5.27025000e-08  3.29984580e+00 
 5.27075000e-08  3.29985231e+00 
 5.27175000e-08  3.29986470e+00 
 5.27337500e-08  3.29988213e+00 
 5.27500000e-08  3.29989646e+00 
 5.27525000e-08  3.29989848e+00 
 5.27575000e-08  3.29990279e+00 
 5.27675000e-08  3.29991037e+00 
 5.27837500e-08  3.29992147e+00 
 5.28000000e-08  3.29993394e+00 
 5.28025000e-08  3.29993614e+00 
 5.28075000e-08  3.29994091e+00 
 5.28175000e-08  3.29995056e+00 
 5.28337500e-08  3.29996126e+00 
 5.28500000e-08  3.29996236e+00 
 5.28525000e-08  3.29996149e+00 
 5.28575000e-08  3.29995933e+00 
 5.28675000e-08  3.29995321e+00 
 5.28837500e-08  3.29994156e+00 
 5.29000000e-08  3.29993051e+00 
 5.29025000e-08  3.29992912e+00 
 5.29075000e-08  3.29992654e+00 
 5.29175000e-08  3.29992243e+00 
 5.29337500e-08  3.29991721e+00 
 5.29500000e-08  3.29991275e+00 
 5.29525000e-08  3.29991208e+00 
 5.29575000e-08  3.29991063e+00 
 5.29675000e-08  3.29990757e+00 
 5.29837500e-08  3.29990335e+00 
 5.30000000e-08  3.29990095e+00 
 5.30025000e-08  3.29990083e+00 
 5.30075000e-08  3.29990055e+00 
 5.30175000e-08  3.29990079e+00 
 5.30337500e-08  3.29990377e+00 
 5.30500000e-08  3.29990988e+00 
 5.30525000e-08  3.29991130e+00 
 5.30575000e-08  3.29991441e+00 
 5.30675000e-08  3.29992230e+00 
 5.30837500e-08  3.29993794e+00 
 5.31000000e-08  3.29995551e+00 
 5.31025000e-08  3.29995812e+00 
 5.31075000e-08  3.29996301e+00 
 5.31175000e-08  3.29997150e+00 
 5.31337500e-08  3.29998255e+00 
 5.31500000e-08  3.29999038e+00 
 5.31525000e-08  3.29999143e+00 
 5.31575000e-08  3.29999358e+00 
 5.31675000e-08  3.29999771e+00 
 5.31837500e-08  3.30000014e+00 
 5.32000000e-08  3.29999903e+00 
 5.32025000e-08  3.29999837e+00 
 5.32075000e-08  3.29999668e+00 
 5.32175000e-08  3.29999226e+00 
 5.32337500e-08  3.29998535e+00 
 5.32500000e-08  3.29997998e+00 
 5.32525000e-08  3.29997936e+00 
 5.32575000e-08  3.29997836e+00 
 5.32675000e-08  3.29997641e+00 
 5.32837500e-08  3.29997059e+00 
 5.33000000e-08  3.29996222e+00 
 5.33025000e-08  3.29996093e+00 
 5.33075000e-08  3.29995867e+00 
 5.33175000e-08  3.29995582e+00 
 5.33337500e-08  3.29995630e+00 
 5.33500000e-08  3.29997191e+00 
 5.33525000e-08  3.29997532e+00 
 5.33575000e-08  3.29998196e+00 
 5.33675000e-08  3.29999456e+00 
 5.33837500e-08  3.30001667e+00 
 5.34000000e-08  3.30003242e+00 
 5.34025000e-08  3.30003327e+00 
 5.34075000e-08  3.30003398e+00 
 5.34175000e-08  3.30002789e+00 
 5.34337500e-08  3.29999395e+00 
 5.34500000e-08  3.29993665e+00 
 5.34525000e-08  3.29992565e+00 
 5.34575000e-08  3.29990310e+00 
 5.34675000e-08  3.29985644e+00 
 5.34837500e-08  3.29978743e+00 
 5.35000000e-08  3.29973429e+00 
 5.35025000e-08  3.29972751e+00 
 5.35075000e-08  3.29971412e+00 
 5.35175000e-08  3.29969231e+00 
 5.35337500e-08  3.29967533e+00 
 5.35500000e-08  3.29967784e+00 
 5.35525000e-08  3.29967979e+00 
 5.35575000e-08  3.29968415e+00 
 5.35675000e-08  3.29969590e+00 
 5.35837500e-08  3.29973461e+00 
 5.36000000e-08  3.29976690e+00 
 5.36025000e-08  3.29977065e+00 
 5.36075000e-08  3.29977727e+00 
 5.36175000e-08  3.29978674e+00 
 5.36337500e-08  3.29979677e+00 
 5.36500000e-08  3.29982081e+00 
 5.36525000e-08  3.29982739e+00 
 5.36575000e-08  3.29984061e+00 
 5.36675000e-08  3.29986788e+00 
 5.36837500e-08  3.29990811e+00 
 5.37000000e-08  3.29993802e+00 
 5.37025000e-08  3.29994159e+00 
 5.37075000e-08  3.29994812e+00 
 5.37175000e-08  3.29995807e+00 
 5.37337500e-08  3.29996462e+00 
 5.37500000e-08  3.29995885e+00 
 5.37525000e-08  3.29995671e+00 
 5.37575000e-08  3.29995114e+00 
 5.37675000e-08  3.29993526e+00 
 5.37837500e-08  3.29989795e+00 
 5.38000000e-08  3.29984499e+00 
 5.38025000e-08  3.29983558e+00 
 5.38075000e-08  3.29981494e+00 
 5.38175000e-08  3.29977007e+00 
 5.38337500e-08  3.29969371e+00 
 5.38500000e-08  3.29963064e+00 
 5.38525000e-08  3.29962381e+00 
 5.38575000e-08  3.29961070e+00 
 5.38675000e-08  3.29959280e+00 
 5.38837500e-08  3.29958660e+00 
 5.39000000e-08  3.29960444e+00 
 5.39025000e-08  3.29960981e+00 
 5.39075000e-08  3.29962142e+00 
 5.39175000e-08  3.29965240e+00 
 5.39337500e-08  3.29972044e+00 
 5.39500000e-08  3.29981341e+00 
 5.39525000e-08  3.29983054e+00 
 5.39575000e-08  3.29986586e+00 
 5.39675000e-08  3.29994713e+00 
 5.39837500e-08  3.30012668e+00 
 5.40000000e-08  3.30035963e+00 
 5.40025000e-08  3.30040034e+00 
 5.40075000e-08  3.30048418e+00 
 5.40175000e-08  3.30066566e+00 
 5.40337500e-08  3.30098633e+00 
 5.40500000e-08  3.30132639e+00 
 5.40525000e-08  3.30137647e+00 
 5.40575000e-08  3.30147567e+00 
 5.40675000e-08  3.30167828e+00 
 5.40837500e-08  3.30199363e+00 
 5.41000000e-08  3.30233217e+00 
 5.41025000e-08  3.30238473e+00 
 5.41075000e-08  3.30249089e+00 
 5.41175000e-08  3.30270981e+00 
 5.41337500e-08  3.30308076e+00 
 5.41500000e-08  3.30346494e+00 
 5.41525000e-08  3.30352519e+00 
 5.41575000e-08  3.30364688e+00 
 5.41675000e-08  3.30389454e+00 
 5.41837500e-08  3.30429917e+00 
 5.42000000e-08  3.30469007e+00 
 5.42025000e-08  3.30474648e+00 
 5.42075000e-08  3.30485816e+00 
 5.42175000e-08  3.30507159e+00 
 5.42337500e-08  3.30539883e+00 
 5.42500000e-08  3.30572016e+00 
 5.42525000e-08  3.30577013e+00 
 5.42575000e-08  3.30587202e+00 
 5.42675000e-08  3.30608683e+00 
 5.42837500e-08  3.30647683e+00 
 5.43000000e-08  3.30693346e+00 
 5.43025000e-08  3.30701134e+00 
 5.43075000e-08  3.30717269e+00 
 5.43175000e-08  3.30752484e+00 
 5.43337500e-08  3.30818518e+00 
 5.43500000e-08  3.30897423e+00 
 5.43525000e-08  3.30910950e+00 
 5.43575000e-08  3.30939013e+00 
 5.43675000e-08  3.31000644e+00 
 5.43837500e-08  3.31119401e+00 
 5.44000000e-08  3.31267435e+00 
 5.44025000e-08  3.31293543e+00 
 5.44075000e-08  3.31348310e+00 
 5.44175000e-08  3.31469837e+00 
 5.44337500e-08  3.31699683e+00 
 5.44500000e-08  3.31946807e+00 
 5.44525000e-08  3.31982083e+00 
 5.44575000e-08  3.32048124e+00 
 5.44675000e-08  3.32133244e+00 
 5.44837500e-08  3.32022115e+00 
 5.45000000e-08  3.31404361e+00 
 5.45025000e-08  3.31242418e+00 
 5.45075000e-08  3.30880843e+00 
 5.45175000e-08  3.29918700e+00 
 5.45337500e-08  3.27796346e+00 
 5.45500000e-08  3.24654965e+00 
 5.45525000e-08  3.24059688e+00 
 5.45575000e-08  3.22810405e+00 
 5.45675000e-08  3.19941454e+00 
 5.45837500e-08  3.14070246e+00 
 5.46000000e-08  3.06324274e+00 
 5.46025000e-08  3.04901093e+00 
 5.46075000e-08  3.01907112e+00 
 5.46175000e-08  2.94926741e+00 
 5.46337500e-08  2.79073656e+00 
 5.46500000e-08  2.52827724e+00 
 5.46525000e-08  2.47558564e+00 
 5.46575000e-08  2.36415041e+00 
 5.46675000e-08  2.10756015e+00 
 5.46837500e-08  1.60433893e+00 
 5.47000000e-08  1.02445806e+00 
 5.47025000e-08  9.34462103e-01 
 5.47075000e-08  7.64055197e-01 
 5.47175000e-08  4.82925068e-01 
 5.47337500e-08  2.02208332e-01 
 5.47500000e-08  8.43890660e-02 
 5.47525000e-08  7.62275334e-02 
 5.47575000e-08  6.19950639e-02 
 5.47675000e-08  4.31134580e-02 
 5.47837500e-08  2.70475456e-02 
 5.48000000e-08  1.90494502e-02 
 5.48025000e-08  1.81955896e-02 
 5.48075000e-08  1.65594067e-02 
 5.48175000e-08  1.37508444e-02 
 5.48337500e-08  1.02082803e-02 
 5.48500000e-08  7.60183624e-03 
 5.48525000e-08  7.27317539e-03 
 5.48575000e-08  6.64226048e-03 
 5.48675000e-08  5.53429775e-03 
 5.48837500e-08  4.10241659e-03 
 5.49000000e-08  3.03748025e-03 
 5.49025000e-08  2.90373645e-03 
 5.49075000e-08  2.64804203e-03 
 5.49175000e-08  2.20140959e-03 
 5.49337500e-08  1.62910619e-03 
 5.49500000e-08  1.20769707e-03 
 5.49525000e-08  1.15524586e-03 
 5.49575000e-08  1.05522919e-03 
 5.49675000e-08  8.81594087e-04 
 5.49837500e-08  6.60967091e-04 
 5.50000000e-08  4.99898574e-04 
 5.50025000e-08  4.79804305e-04 
 5.50075000e-08  4.41320541e-04 
 5.50175000e-08  3.73980391e-04 
 5.50337500e-08  2.88096717e-04 
 5.50500000e-08  2.25338690e-04 
 5.50525000e-08  2.17628337e-04 
 5.50575000e-08  2.03066045e-04 
 5.50675000e-08  1.78063577e-04 
 5.50837500e-08  1.45778455e-04 
 5.51000000e-08  1.20999939e-04 
 5.51025000e-08  1.17835817e-04 
 5.51075000e-08  1.11835133e-04 
 5.51175000e-08  1.01194184e-04 
 5.51337500e-08  8.66964775e-05 
 5.51500000e-08  7.46768169e-05 
 5.51525000e-08  7.28279029e-05 
 5.51575000e-08  6.89101102e-05 
 5.51675000e-08  6.07710981e-05 
 5.51837500e-08  4.75978748e-05 
 5.52000000e-08  3.42424954e-05 
 5.52025000e-08  3.26921194e-05 
 5.52075000e-08  2.98815456e-05 
 5.52175000e-08  2.61277859e-05 
 5.52337500e-08  2.28389737e-05 
 5.52500000e-08  2.13779688e-05 
 5.52525000e-08  2.11869127e-05 
 5.52575000e-08  2.06343059e-05 
 5.52675000e-08  1.93752981e-05 
 5.52837500e-08  1.79322049e-05 
 5.53000000e-08  1.76875280e-05 
 5.53025000e-08  1.78054233e-05 
 5.53075000e-08  1.80718455e-05 
 5.53175000e-08  1.87942706e-05 
 5.53337500e-08  1.94685649e-05 
 5.53500000e-08  1.84237491e-05 
 5.53525000e-08  1.80907675e-05 
 5.53575000e-08  1.73418665e-05 
 5.53675000e-08  1.53517106e-05 
 5.53837500e-08  1.06805372e-05 
 5.54000000e-08  5.20474861e-06 
 5.54025000e-08  4.32803987e-06 
 5.54075000e-08  2.52317394e-06 
 5.54175000e-08 -9.43921976e-07 
 5.54337500e-08 -4.49563688e-06 
 5.54500000e-08 -6.00537654e-06 
 5.54525000e-08 -6.02472894e-06 
 5.54575000e-08 -5.94054436e-06 
 5.54675000e-08 -5.21039653e-06 
 5.54837500e-08 -3.13470015e-06 
 5.55000000e-08 -3.48735490e-07 
 5.55025000e-08  6.26140540e-07 
 5.55075000e-08  2.19807134e-06 
 5.55175000e-08  4.17477993e-06 
 5.55337500e-08  6.47199354e-06 
 5.55500000e-08  8.42660036e-06 
 5.55525000e-08  8.70244520e-06 
 5.55575000e-08  9.23161157e-06 
 5.55675000e-08  1.08102261e-05 
 5.55837500e-08  1.34748130e-05 
 5.56000000e-08  1.53465009e-05 
 5.56025000e-08  1.55547597e-05 
 5.56075000e-08  1.58961656e-05 
 5.56175000e-08  1.62229724e-05 
 5.56337500e-08  1.55961505e-05 
 5.56500000e-08  1.36258224e-05 
 5.56525000e-08  1.32407030e-05 
 5.56575000e-08  1.23791524e-05 
 5.56675000e-08  1.04035334e-05 
 5.56837500e-08  5.72522232e-06 
 5.57000000e-08 -4.00866761e-07 
 5.57025000e-08 -1.38126905e-06 
 5.57075000e-08 -3.77631418e-06 
 5.57175000e-08 -9.36005017e-06 
 5.57337500e-08 -1.91576056e-05 
 5.57500000e-08 -2.70749136e-05 
 5.57525000e-08 -2.77690619e-05 
 5.57575000e-08 -2.90891337e-05 
 5.57675000e-08 -2.98500926e-05 
 5.57837500e-08 -2.67024665e-05 
 5.58000000e-08 -1.87182674e-05 
 5.58025000e-08 -1.68788877e-05 
 5.58075000e-08 -1.30475689e-05 
 5.58175000e-08 -3.28951921e-06 
 5.58337500e-08  1.77448901e-05 
 5.58500000e-08  4.59546300e-05 
 5.58525000e-08  5.07746231e-05 
 5.58575000e-08  6.03751747e-05 
 5.58675000e-08  7.95259449e-05 
 5.58837500e-08  1.08483714e-04 
 5.59000000e-08  1.38113785e-04 
 5.59025000e-08  1.41059071e-04 
 5.59075000e-08  1.46720680e-04 
 5.59175000e-08  1.56239855e-04 
 5.59337500e-08  1.65236674e-04 
 5.59500000e-08  1.63266704e-04 
 5.59525000e-08  1.62636905e-04 
 5.59575000e-08  1.61264458e-04 
 5.59675000e-08  1.55912521e-04 
 5.59837500e-08  1.46644353e-04 
 5.60000000e-08  1.41454200e-04 
 5.60025000e-08  1.40642073e-04 
 5.60075000e-08  1.40126054e-04 
 5.60175000e-08  1.33069523e-04 
 5.60337500e-08  1.09446285e-04 
 5.60500000e-08  7.92785493e-05 
 5.60525000e-08  7.45764372e-05 
 5.60575000e-08  6.58241410e-05 
 5.60675000e-08  5.11536946e-05 
 5.60837500e-08  3.68629671e-05 
 5.61000000e-08  3.59455864e-05 
 5.61025000e-08  3.70946665e-05 
 5.61075000e-08  4.05644704e-05 
 5.61175000e-08  5.21102981e-05 
 5.61337500e-08  8.41441533e-05 
 5.61500000e-08  1.31465984e-04 
 5.61525000e-08  1.39045906e-04 
 5.61575000e-08  1.54567494e-04 
 5.61675000e-08  1.81195110e-04 
 5.61837500e-08  2.01428863e-04 
 5.62000000e-08  1.79050286e-04 
 5.62025000e-08  1.70038619e-04 
 5.62075000e-08  1.48876205e-04 
 5.62175000e-08  8.39053049e-05 
 5.62337500e-08 -9.98173081e-05 
 5.62500000e-08 -3.91825351e-04 
 5.62525000e-08 -4.46848008e-04 
 5.62575000e-08 -5.61266499e-04 
 5.62675000e-08 -8.15066355e-04 
 5.62837500e-08 -1.26111865e-03 
 5.63000000e-08 -1.67844449e-03 
 5.63025000e-08 -1.75365721e-03 
 5.63075000e-08 -1.90434768e-03 
 5.63175000e-08 -2.20563883e-03 
 5.63337500e-08 -2.68849471e-03 
 5.63500000e-08 -3.16132137e-03 
 5.63525000e-08 -3.23290184e-03 
 5.63575000e-08 -3.37640335e-03 
 5.63675000e-08 -3.66314124e-03 
 5.63837500e-08 -4.13219188e-03 
 5.64000000e-08 -4.61449939e-03 
 5.64025000e-08 -4.69052603e-03 
 5.64075000e-08 -4.84543408e-03 
 5.64175000e-08 -5.16348611e-03 
 5.64337500e-08 -5.70758015e-03 
 5.64500000e-08 -6.30770976e-03 
 5.64525000e-08 -6.40542302e-03 
 5.64575000e-08 -6.60846149e-03 
 5.64675000e-08 -7.03550976e-03 
 5.64837500e-08 -7.80141687e-03 
 5.65000000e-08 -8.68746618e-03 
 5.65025000e-08 -8.83470430e-03 
 5.65075000e-08 -9.14930803e-03 
 5.65175000e-08 -9.82742442e-03 
 5.65337500e-08 -1.10948861e-02 
 5.65500000e-08 -1.25915155e-02 
 5.65525000e-08 -1.28325924e-02 
 5.65575000e-08 -1.33400310e-02 
 5.65675000e-08 -1.43324463e-02 
 5.65837500e-08 -1.55627600e-02 
 5.66000000e-08 -1.54569447e-02 
 5.66025000e-08 -1.52151203e-02 
 5.66075000e-08 -1.45792198e-02 
 5.66175000e-08 -1.22092227e-02 
 5.66337500e-08 -4.55827736e-03 
 5.66500000e-08  8.37168361e-03 
 5.66525000e-08  1.09548903e-02 
 5.66575000e-08  1.64747341e-02 
 5.66675000e-08  2.97264392e-02 
 5.66837500e-08  5.82958503e-02 
 5.67000000e-08  9.73657214e-02 
 5.67025000e-08  1.04621207e-01 
 5.67075000e-08  1.19859143e-01 
 5.67175000e-08  1.55097462e-01 
 5.67337500e-08  2.29541019e-01 
 5.67500000e-08  3.34752196e-01 
 5.67525000e-08  3.55247571e-01 
 5.67575000e-08  3.99404049e-01 
 5.67675000e-08  5.10811888e-01 
 5.67837500e-08  7.79695060e-01 
 5.68000000e-08  1.16141565e+00 
 5.68025000e-08  1.23105619e+00 
 5.68075000e-08  1.37520036e+00 
 5.68175000e-08  1.68923581e+00 
 5.68337500e-08  2.23237954e+00 
 5.68500000e-08  2.66993496e+00 
 5.68525000e-08  2.72053621e+00 
 5.68575000e-08  2.81374074e+00 
 5.68675000e-08  2.96037478e+00 
 5.68837500e-08  3.11207627e+00 
 5.69000000e-08  3.19200728e+00 
 5.69025000e-08  3.19961610e+00 
 5.69075000e-08  3.21347636e+00 
 5.69175000e-08  3.23448086e+00 
 5.69337500e-08  3.25609152e+00 
 5.69500000e-08  3.26874146e+00 
 5.69525000e-08  3.27015177e+00 
 5.69575000e-08  3.27282242e+00 
 5.69675000e-08  3.27736832e+00 
 5.69837500e-08  3.28304192e+00 
 5.70000000e-08  3.28716989e+00 
 5.70025000e-08  3.28768480e+00 
 5.70075000e-08  3.28867022e+00 
 5.70175000e-08  3.29039511e+00 
 5.70337500e-08  3.29262040e+00 
 5.70500000e-08  3.29428198e+00 
 5.70525000e-08  3.29449153e+00 
 5.70575000e-08  3.29489314e+00 
 5.70675000e-08  3.29560032e+00 
 5.70837500e-08  3.29652315e+00 
 5.71000000e-08  3.29722169e+00 
 5.71025000e-08  3.29731024e+00 
 5.71075000e-08  3.29747903e+00 
 5.71175000e-08  3.29777647e+00 
 5.71337500e-08  3.29817491e+00 
 5.71500000e-08  3.29850496e+00 
 5.71525000e-08  3.29855084e+00 
 5.71575000e-08  3.29863981e+00 
 5.71675000e-08  3.29880436e+00 
 5.71837500e-08  3.29903565e+00 
 5.72000000e-08  3.29922670e+00 
 5.72025000e-08  3.29925285e+00 
 5.72075000e-08  3.29930370e+00 
 5.72175000e-08  3.29939770e+00 
 5.72337500e-08  3.29952791e+00 
 5.72500000e-08  3.29963023e+00 
 5.72525000e-08  3.29964301e+00 
 5.72575000e-08  3.29966695e+00 
 5.72675000e-08  3.29970744e+00 
 5.72837500e-08  3.29975830e+00 
 5.73000000e-08  3.29979607e+00 
 5.73025000e-08  3.29980103e+00 
 5.73075000e-08  3.29981068e+00 
 5.73175000e-08  3.29982838e+00 
 5.73337500e-08  3.29985216e+00 
 5.73500000e-08  3.29987053e+00 
 5.73525000e-08  3.29987297e+00 
 5.73575000e-08  3.29987753e+00 
 5.73675000e-08  3.29988574e+00 
 5.73837500e-08  3.29989819e+00 
 5.74000000e-08  3.29991124e+00 
 5.74025000e-08  3.29991313e+00 
 5.74075000e-08  3.29991688e+00 
 5.74175000e-08  3.29992439e+00 
 5.74337500e-08  3.29993781e+00 
 5.74500000e-08  3.29995152e+00 
 5.74525000e-08  3.29995300e+00 
 5.74575000e-08  3.29995578e+00 
 5.74675000e-08  3.29995893e+00 
 5.74837500e-08  3.29995771e+00 
 5.75000000e-08  3.29995112e+00 
 5.75025000e-08  3.29994984e+00 
 5.75075000e-08  3.29994722e+00 
 5.75175000e-08  3.29994190e+00 
 5.75337500e-08  3.29993358e+00 
 5.75500000e-08  3.29992624e+00 
 5.75525000e-08  3.29992521e+00 
 5.75575000e-08  3.29992305e+00 
 5.75675000e-08  3.29991869e+00 
 5.75837500e-08  3.29991206e+00 
 5.76000000e-08  3.29990572e+00 
 5.76025000e-08  3.29990485e+00 
 5.76075000e-08  3.29990310e+00 
 5.76175000e-08  3.29990014e+00 
 5.76337500e-08  3.29989767e+00 
 5.76500000e-08  3.29989858e+00 
 5.76525000e-08  3.29989921e+00 
 5.76575000e-08  3.29990064e+00 
 5.76675000e-08  3.29990476e+00 
 5.76837500e-08  3.29991385e+00 
 5.77000000e-08  3.29992563e+00 
 5.77025000e-08  3.29992777e+00 
 5.77075000e-08  3.29993216e+00 
 5.77175000e-08  3.29994185e+00 
 5.77337500e-08  3.29995899e+00 
 5.77500000e-08  3.29997561e+00 
 5.77525000e-08  3.29997787e+00 
 5.77575000e-08  3.29998185e+00 
 5.77675000e-08  3.29998842e+00 
 5.77837500e-08  3.29999557e+00 
 5.78000000e-08  3.29999826e+00 
 5.78025000e-08  3.29999786e+00 
 5.78075000e-08  3.29999709e+00 
 5.78175000e-08  3.29999551e+00 
 5.78337500e-08  3.29999111e+00 
 5.78500000e-08  3.29998661e+00 
 5.78525000e-08  3.29998619e+00 
 5.78575000e-08  3.29998551e+00 
 5.78675000e-08  3.29998455e+00 
 5.78837500e-08  3.29998216e+00 
 5.79000000e-08  3.29997640e+00 
 5.79025000e-08  3.29997501e+00 
 5.79075000e-08  3.29997216e+00 
 5.79175000e-08  3.29996610e+00 
 5.79337500e-08  3.29995720e+00 
 5.79500000e-08  3.29995243e+00 
 5.79525000e-08  3.29995220e+00 
 5.79575000e-08  3.29995211e+00 
 5.79675000e-08  3.29995502e+00 
 5.79837500e-08  3.29997606e+00 
 5.80000000e-08  3.30000011e+00 
 5.80025000e-08  3.30000425e+00 
 5.80075000e-08  3.30001286e+00 
 5.80175000e-08  3.30002833e+00 
 5.80337500e-08  3.30003970e+00 
 5.80500000e-08  3.30002408e+00 
 5.80525000e-08  3.30001841e+00 
 5.80575000e-08  3.30000549e+00 
 5.80675000e-08  3.29997347e+00 
 5.80837500e-08  3.29990459e+00 
 5.81000000e-08  3.29982843e+00 
 5.81025000e-08  3.29981805e+00 
 5.81075000e-08  3.29979825e+00 
 5.81175000e-08  3.29976366e+00 
 5.81337500e-08  3.29971992e+00 
 5.81500000e-08  3.29968888e+00 
 5.81525000e-08  3.29968598e+00 
 5.81575000e-08  3.29968074e+00 
 5.81675000e-08  3.29967400e+00 
 5.81837500e-08  3.29967607e+00 
 5.82000000e-08  3.29969824e+00 
 5.82025000e-08  3.29970513e+00 
 5.82075000e-08  3.29971868e+00 
 5.82175000e-08  3.29974388e+00 
 5.82337500e-08  3.29977688e+00 
 5.82500000e-08  3.29979534e+00 
 5.82525000e-08  3.29979722e+00 
 5.82575000e-08  3.29980038e+00 
 5.82675000e-08  3.29981176e+00 
 5.82837500e-08  3.29984638e+00 
 5.83000000e-08  3.29988936e+00 
 5.83025000e-08  3.29989573e+00 
 5.83075000e-08  3.29990759e+00 
 5.83175000e-08  3.29992740e+00 
 5.83337500e-08  3.29994890e+00 
 5.83500000e-08  3.29995777e+00 
 5.83525000e-08  3.29995822e+00 
 5.83575000e-08  3.29995864e+00 
 5.83675000e-08  3.29995718e+00 
 5.83837500e-08  3.29994610e+00 
 5.84000000e-08  3.29992147e+00 
 5.84025000e-08  3.29991615e+00 
 5.84075000e-08  3.29990368e+00 
 5.84175000e-08  3.29987259e+00 
 5.84337500e-08  3.29980776e+00 
 5.84500000e-08  3.29972961e+00 
 5.84525000e-08  3.29971769e+00 
 5.84575000e-08  3.29969323e+00 
 5.84675000e-08  3.29964903e+00 
 5.84837500e-08  3.29959954e+00 
 5.85000000e-08  3.29958217e+00 
 5.85025000e-08  3.29958292e+00 
 5.85075000e-08  3.29958517e+00 
 5.85175000e-08  3.29959700e+00 
 5.85337500e-08  3.29963150e+00 
 5.85500000e-08  3.29968290e+00 
 5.85525000e-08  3.29969290e+00 
 5.85575000e-08  3.29971368e+00 
 5.85675000e-08  3.29976355e+00 
 5.85837500e-08  3.29987180e+00 
 5.86000000e-08  3.30002199e+00 
 5.86025000e-08  3.30005297e+00 
 5.86075000e-08  3.30011642e+00 
 5.86175000e-08  3.30025540e+00 
 5.86337500e-08  3.30051642e+00 
 5.86500000e-08  3.30081579e+00 
 5.86525000e-08  3.30086476e+00 
 5.86575000e-08  3.30096366e+00 
 5.86675000e-08  3.30116778e+00 
 5.86837500e-08  3.30150210e+00 
 5.87000000e-08  3.30182777e+00 
 5.87025000e-08  3.30187737e+00 
 5.87075000e-08  3.30197782e+00 
 5.87175000e-08  3.30218107e+00 
 5.87337500e-08  3.30251742e+00 
 5.87500000e-08  3.30287458e+00 
 5.87525000e-08  3.30293241e+00 
 5.87575000e-08  3.30304916e+00 
 5.87675000e-08  3.30328845e+00 
 5.87837500e-08  3.30368848e+00 
 5.88000000e-08  3.30409570e+00 
 5.88025000e-08  3.30415798e+00 
 5.88075000e-08  3.30428278e+00 
 5.88175000e-08  3.30452766e+00 
 5.88337500e-08  3.30490255e+00 
 5.88500000e-08  3.30524499e+00 
 5.88525000e-08  3.30529408e+00 
 5.88575000e-08  3.30539204e+00 
 5.88675000e-08  3.30558684e+00 
 5.88837500e-08  3.30591555e+00 
 5.89000000e-08  3.30628043e+00 
 5.89025000e-08  3.30634157e+00 
 5.89075000e-08  3.30646809e+00 
 5.89175000e-08  3.30674280e+00 
 5.89337500e-08  3.30725097e+00 
 5.89500000e-08  3.30784746e+00 
 5.89525000e-08  3.30794841e+00 
 5.89575000e-08  3.30815688e+00 
 5.89675000e-08  3.30861152e+00 
 5.89837500e-08  3.30948087e+00 
 5.90000000e-08  3.31055446e+00 
 5.90025000e-08  3.31074288e+00 
 5.90075000e-08  3.31113693e+00 
 5.90175000e-08  3.31201317e+00 
 5.90337500e-08  3.31371918e+00 
 5.90500000e-08  3.31583292e+00 
 5.90525000e-08  3.31619741e+00 
 5.90575000e-08  3.31695098e+00 
 5.90675000e-08  3.31850793e+00 
 5.90837500e-08  3.32072557e+00 
 5.91000000e-08  3.32127735e+00 
 5.91025000e-08  3.32105379e+00 
 5.91075000e-08  3.32037970e+00 
 5.91175000e-08  3.31745168e+00 
 5.91337500e-08  3.30717602e+00 
 5.91500000e-08  3.28968815e+00 
 5.91525000e-08  3.28622906e+00 
 5.91575000e-08  3.27883010e+00 
 5.91675000e-08  3.26107225e+00 
 5.91837500e-08  3.22314295e+00 
 5.92000000e-08  3.17231318e+00 
 5.92025000e-08  3.16301162e+00 
 5.92075000e-08  3.14356710e+00 
 5.92175000e-08  3.09925444e+00 
 5.92337500e-08  3.00795114e+00 
 5.92500000e-08  2.88065710e+00 
 5.92525000e-08  2.85579170e+00 
 5.92575000e-08  2.80132138e+00 
 5.92675000e-08  2.66020589e+00 
 5.92837500e-08  2.32938546e+00 
 5.93000000e-08  1.88088535e+00 
 5.93025000e-08  1.80091987e+00 
 5.93075000e-08  1.63625846e+00 
 5.93175000e-08  1.28328347e+00 
 5.93337500e-08  7.24969338e-01 
 5.93500000e-08  3.28703342e-01 
 5.93525000e-08  2.89762753e-01 
 5.93575000e-08  2.21051690e-01 
 5.93675000e-08  1.28613555e-01 
 5.93837500e-08  5.78038619e-02 
 5.94000000e-08  3.33028093e-02 
 5.94025000e-08  3.13917187e-02 
 5.94075000e-08  2.78431396e-02 
 5.94175000e-08  2.22873019e-02 
 5.94337500e-08  1.60522265e-02 
 5.94500000e-08  1.18825121e-02 
 5.94525000e-08  1.13730460e-02 
 5.94575000e-08  1.03932817e-02 
 5.94675000e-08  8.67397260e-03 
 5.94837500e-08  6.44981924e-03 
 5.95000000e-08  4.78829244e-03 
 5.95025000e-08  4.57863795e-03 
 5.95075000e-08  4.17704780e-03 
 5.95175000e-08  3.47374752e-03 
 5.95337500e-08  2.56946588e-03 
 5.95500000e-08  1.90031467e-03 
 5.95525000e-08  1.81671865e-03 
 5.95575000e-08  1.65712071e-03 
 5.95675000e-08  1.37924640e-03 
 5.95837500e-08  1.02485752e-03 
 5.96000000e-08  7.65305772e-04 
 5.96025000e-08  7.33079784e-04 
 5.96075000e-08  6.71633228e-04 
 5.96175000e-08  5.64984705e-04 
 5.96337500e-08  4.29601723e-04 
 5.96500000e-08  3.30841209e-04 
 5.96525000e-08  3.18599923e-04 
 5.96575000e-08  2.95272473e-04 
 5.96675000e-08  2.54749099e-04 
 5.96837500e-08  2.02859937e-04 
 5.97000000e-08  1.64016779e-04 
 5.97025000e-08  1.59016999e-04 
 5.97075000e-08  1.49408655e-04 
 5.97175000e-08  1.32285672e-04 
 5.97337500e-08  1.09507216e-04 
 5.97500000e-08  9.13727689e-05 
 5.97525000e-08  8.90555338e-05 
 5.97575000e-08  8.45675447e-05 
 5.97675000e-08  7.65263801e-05 
 5.97837500e-08  6.53070109e-05 
 5.98000000e-08  5.53078882e-05 
 5.98025000e-08  5.35033516e-05 
 5.98075000e-08  4.95055385e-05 
 5.98175000e-08  4.10504717e-05 
 5.98337500e-08  2.90025811e-05 
 5.98500000e-08  2.08735381e-05 
 5.98525000e-08  2.01803285e-05 
 5.98575000e-08  1.90333640e-05 
 5.98675000e-08  1.80398131e-05 
 5.98837500e-08  1.80517839e-05 
 5.99000000e-08  1.88952589e-05 
 5.99025000e-08  1.90138950e-05 
 5.99075000e-08  1.91096474e-05 
 5.99175000e-08  1.91158705e-05 
 5.99337500e-08  1.93185480e-05 
 5.99500000e-08  1.96329844e-05 
 5.99525000e-08  1.96331775e-05 
 5.99575000e-08  1.95263135e-05 
 5.99675000e-08  1.88184091e-05 
 5.99837500e-08  1.60445806e-05 
 6.00000000e-08  1.12669182e-05 
 6.00025000e-08  1.04198511e-05 
 6.00075000e-08  8.72297923e-06 
 6.00175000e-08  5.43039672e-06 
 6.00337500e-08  8.09643997e-07 
 6.00500000e-08 -2.11996842e-06 
 6.00525000e-08 -2.23950830e-06 
 6.00575000e-08 -2.36782935e-06 
 6.00675000e-08 -2.13883215e-06 
 6.00837500e-08 -1.06021150e-06 
 6.01000000e-08  5.89155671e-07 
 6.01025000e-08  7.08341073e-07 
 6.01075000e-08  7.15942119e-07 
 6.01175000e-08  2.11485770e-07 
 6.01337500e-08  1.45924663e-06 
 6.01500000e-08  2.91028195e-06 
 6.01525000e-08  3.21692639e-06 
 6.01575000e-08  4.03313438e-06 
 6.01675000e-08  6.23034547e-06 
 6.01837500e-08  9.68595768e-06 
 6.02000000e-08  1.30062929e-05 
 6.02025000e-08  1.35424572e-05 
 6.02075000e-08  1.45472130e-05 
 6.02175000e-08  1.62277733e-05 
 6.02337500e-08  1.77502224e-05 
 6.02500000e-08  1.77199162e-05 
 6.02525000e-08  1.74797519e-05 
 6.02575000e-08  1.67512307e-05 
 6.02675000e-08  1.45418211e-05 
 6.02837500e-08  1.01999826e-05 
 6.03000000e-08  5.03500801e-06 
 6.03025000e-08  4.25467125e-06 
 6.03075000e-08  2.48124322e-06 
 6.03175000e-08 -2.66993188e-07 
 6.03337500e-08 -5.51148464e-06 
 6.03500000e-08 -1.30793020e-05 
 6.03525000e-08 -1.44715288e-05 
 6.03575000e-08 -1.77126021e-05 
 6.03675000e-08 -2.40910125e-05 
 6.03837500e-08 -3.07562530e-05 
 6.04000000e-08 -3.10214727e-05 
 6.04025000e-08 -3.02235250e-05 
 6.04075000e-08 -2.84319947e-05 
 6.04175000e-08 -2.28167835e-05 
 6.04337500e-08 -9.63803637e-06 
 6.04500000e-08  8.91199504e-06 
 6.04525000e-08  1.23922204e-05 
 6.04575000e-08  1.96518223e-05 
 6.04675000e-08  3.63105608e-05 
 6.04837500e-08  6.70956336e-05 
 6.05000000e-08  9.84109144e-05 
 6.05025000e-08  1.02845685e-04 
 6.05075000e-08  1.11325152e-04 
 6.05175000e-08  1.31596422e-04 
 6.05337500e-08  1.50326485e-04 
 6.05500000e-08  1.59782515e-04 
 6.05525000e-08  1.60594613e-04 
 6.05575000e-08  1.62075137e-04 
 6.05675000e-08  1.61502946e-04 
 6.05837500e-08  1.58146430e-04 
 6.06000000e-08  1.52038718e-04 
 6.06025000e-08  1.50658283e-04 
 6.06075000e-08  1.48362057e-04 
 6.06175000e-08  1.44661230e-04 
 6.06337500e-08  1.38371801e-04 
 6.06500000e-08  1.19305847e-04 
 6.06525000e-08  1.14774882e-04 
 6.06575000e-08  1.05833522e-04 
 6.06675000e-08  8.74880523e-05 
 6.06837500e-08  6.02368952e-05 
 6.07000000e-08  4.12774906e-05 
 6.07025000e-08  3.94559878e-05 
 6.07075000e-08  3.68313768e-05 
 6.07175000e-08  3.57950067e-05 
 6.07337500e-08  4.53031821e-05 
 6.07500000e-08  7.00685146e-05 
 6.07525000e-08  7.52613198e-05 
 6.07575000e-08  8.71644403e-05 
 6.07675000e-08  1.14691049e-04 
 6.07837500e-08  1.62500648e-04 
 6.08000000e-08  1.95522565e-04 
 6.08025000e-08  1.97515700e-04 
 6.08075000e-08  2.00034703e-04 
 6.08175000e-08  1.92465070e-04 
 6.08337500e-08  1.35489237e-04 
 6.08500000e-08  2.83993086e-06 
 6.08525000e-08 -2.86893686e-05 
 6.08575000e-08 -9.71652391e-05 
 6.08675000e-08 -2.66085913e-04 
 6.08837500e-08 -6.24283995e-04 
 6.09000000e-08 -1.06558875e-03 
 6.09025000e-08 -1.13927988e-03 
 6.09075000e-08 -1.25987680e-03 
 6.09175000e-08 -1.51444197e-03 
 6.09337500e-08 -1.99304579e-03 
 6.09500000e-08 -2.48390768e-03 
 6.09525000e-08 -2.55815530e-03 
 6.09575000e-08 -2.70627954e-03 
 6.09675000e-08 -2.99938150e-03 
 6.09837500e-08 -3.46939802e-03 
 6.10000000e-08 -3.93792527e-03 
 6.10025000e-08 -4.00977409e-03 
 6.10075000e-08 -4.15391352e-03 
 6.10175000e-08 -4.44854227e-03 
 6.10337500e-08 -4.94512868e-03 
 6.10500000e-08 -5.47155159e-03 
 6.10525000e-08 -5.55482623e-03 
 6.10575000e-08 -5.72715827e-03 
 6.10675000e-08 -6.09073163e-03 
 6.10837500e-08 -6.73990441e-03 
 6.11000000e-08 -7.47793268e-03 
 6.11025000e-08 -7.59954864e-03 
 6.11075000e-08 -7.85593279e-03 
 6.11175000e-08 -8.40083446e-03 
 6.11337500e-08 -9.39635389e-03 
 6.11500000e-08 -1.05782021e-02 
 6.11525000e-08 -1.07755597e-02 
 6.11575000e-08 -1.11998969e-02 
 6.11675000e-08 -1.21075267e-02 
 6.11837500e-08 -1.37070498e-02 
 6.12000000e-08 -1.51928358e-02 
 6.12025000e-08 -1.53621953e-02 
 6.12075000e-08 -1.56615427e-02 
 6.12175000e-08 -1.58049506e-02 
 6.12337500e-08 -1.39722758e-02 
 6.12500000e-08 -8.28910600e-03 
 6.12525000e-08 -6.92810138e-03 
 6.12575000e-08 -3.93777040e-03 
 6.12675000e-08  3.56177028e-03 
 6.12837500e-08  2.07923156e-02 
 6.13000000e-08  4.58885230e-02 
 6.13025000e-08  5.06347280e-02 
 6.13075000e-08  6.06184982e-02 
 6.13175000e-08  8.37357127e-02 
 6.13337500e-08  1.31980859e-01 
 6.13500000e-08  1.97541530e-01 
 6.13525000e-08  2.09826844e-01 
 6.13575000e-08  2.35792014e-01 
 6.13675000e-08  2.97247206e-01 
 6.13837500e-08  4.37314240e-01 
 6.14000000e-08  6.63821446e-01 
 6.14025000e-08  7.09747394e-01 
 6.14075000e-08  8.07313412e-01 
 6.14175000e-08  1.03490397e+00 
 6.14337500e-08  1.48919921e+00 
 6.14500000e-08  2.02553735e+00 
 6.14525000e-08  2.11186329e+00 
 6.14575000e-08  2.27860926e+00 
 6.14675000e-08  2.56121498e+00 
 6.14837500e-08  2.88003913e+00 
 6.15000000e-08  3.06698274e+00 
 6.15025000e-08  3.08579064e+00 
 6.15075000e-08  3.12008231e+00 
 6.15175000e-08  3.17190148e+00 
 6.15337500e-08  3.22313537e+00 
 6.15500000e-08  3.24982234e+00 
 6.15525000e-08  3.25246767e+00 
 6.15575000e-08  3.25739069e+00 
 6.15675000e-08  3.26537783e+00 
 6.15837500e-08  3.27471264e+00 
 6.16000000e-08  3.28113081e+00 
 6.16025000e-08  3.28191412e+00 
 6.16075000e-08  3.28341106e+00 
 6.16175000e-08  3.28602031e+00 
 6.16337500e-08  3.28936922e+00 
 6.16500000e-08  3.29185697e+00 
 6.16525000e-08  3.29216959e+00 
 6.16575000e-08  3.29276831e+00 
 6.16675000e-08  3.29381912e+00 
 6.16837500e-08  3.29518173e+00 
 6.17000000e-08  3.29620767e+00 
 6.17025000e-08  3.29633789e+00 
 6.17075000e-08  3.29658751e+00 
 6.17175000e-08  3.29702798e+00 
 6.17337500e-08  3.29760206e+00 
 6.17500000e-08  3.29803760e+00 
 6.17525000e-08  3.29809514e+00 
 6.17575000e-08  3.29820624e+00 
 6.17675000e-08  3.29841218e+00 
 6.17837500e-08  3.29870697e+00 
 6.18000000e-08  3.29895608e+00 
 6.18025000e-08  3.29899015e+00 
 6.18075000e-08  3.29905608e+00 
 6.18175000e-08  3.29917739e+00 
 6.18337500e-08  3.29934687e+00 
 6.18500000e-08  3.29948532e+00 
 6.18525000e-08  3.29950383e+00 
 6.18575000e-08  3.29953891e+00 
 6.18675000e-08  3.29959973e+00 
 6.18837500e-08  3.29967810e+00 
 6.19000000e-08  3.29973719e+00 
 6.19025000e-08  3.29974484e+00 
 6.19075000e-08  3.29975949e+00 
 6.19175000e-08  3.29978583e+00 
 6.19337500e-08  3.29982080e+00 
 6.19500000e-08  3.29984738e+00 
 6.19525000e-08  3.29985074e+00 
 6.19575000e-08  3.29985692e+00 
 6.19675000e-08  3.29986743e+00 
 6.19837500e-08  3.29988119e+00 
 6.20000000e-08  3.29989287e+00 
 6.20025000e-08  3.29989477e+00 
 6.20075000e-08  3.29989912e+00 
 6.20175000e-08  3.29990777e+00 
 6.20337500e-08  3.29992142e+00 
 6.20500000e-08  3.29993602e+00 
 6.20525000e-08  3.29993843e+00 
 6.20575000e-08  3.29994351e+00 
 6.20675000e-08  3.29995335e+00 
 6.20837500e-08  3.29996345e+00 
 6.21000000e-08  3.29996373e+00 
 6.21025000e-08  3.29996272e+00 
 6.21075000e-08  3.29996020e+00 
 6.21175000e-08  3.29995313e+00 
 6.21337500e-08  3.29993999e+00 
 6.21500000e-08  3.29992788e+00 
 6.21525000e-08  3.29992636e+00 
 6.21575000e-08  3.29992354e+00 
 6.21675000e-08  3.29991902e+00 
 6.21837500e-08  3.29991338e+00 
 6.22000000e-08  3.29990872e+00 
 6.22025000e-08  3.29990815e+00 
 6.22075000e-08  3.29990704e+00 
 6.22175000e-08  3.29990516e+00 
 6.22337500e-08  3.29990306e+00 
 6.22500000e-08  3.29990225e+00 
 6.22525000e-08  3.29990228e+00 
 6.22575000e-08  3.29990218e+00 
 6.22675000e-08  3.29990250e+00 
 6.22837500e-08  3.29990532e+00 
 6.23000000e-08  3.29991126e+00 
 6.23025000e-08  3.29991260e+00 
 6.23075000e-08  3.29991546e+00 
 6.23175000e-08  3.29992259e+00 
 6.23337500e-08  3.29993712e+00 
 6.23500000e-08  3.29995414e+00 
 6.23525000e-08  3.29995682e+00 
 6.23575000e-08  3.29996199e+00 
 6.23675000e-08  3.29997156e+00 
 6.23837500e-08  3.29998434e+00 
 6.24000000e-08  3.29999309e+00 
 6.24025000e-08  3.29999412e+00 
 6.24075000e-08  3.29999608e+00 
 6.24175000e-08  3.29999923e+00 
 6.24337500e-08  3.29999944e+00 
 6.24500000e-08  3.29999668e+00 
 6.24525000e-08  3.29999592e+00 
 6.24575000e-08  3.29999428e+00 
 6.24675000e-08  3.29999076e+00 
 6.24837500e-08  3.29998574e+00 
 6.25000000e-08  3.29998173e+00 
 6.25025000e-08  3.29998100e+00 
 6.25075000e-08  3.29997938e+00 
 6.25175000e-08  3.29997484e+00 
 6.25337500e-08  3.29996477e+00 
 6.25500000e-08  3.29995406e+00 
 6.25525000e-08  3.29995272e+00 
 6.25575000e-08  3.29995058e+00 
 6.25675000e-08  3.29994880e+00 
 6.25837500e-08  3.29995156e+00 
 6.26000000e-08  3.29996989e+00 
 6.26025000e-08  3.29997364e+00 
 6.26075000e-08  3.29998111e+00 
 6.26175000e-08  3.29999562e+00 
 6.26337500e-08  3.30002153e+00 
 6.26500000e-08  3.30003828e+00 
 6.26525000e-08  3.30003902e+00 
 6.26575000e-08  3.30003949e+00 
 6.26675000e-08  3.30003269e+00 
 6.26837500e-08  3.29999722e+00 
 6.27000000e-08  3.29993877e+00 
 6.27025000e-08  3.29992734e+00 
 6.27075000e-08  3.29990368e+00 
 6.27175000e-08  3.29985401e+00 
 6.27337500e-08  3.29978106e+00 
 6.27500000e-08  3.29972532e+00 
 6.27525000e-08  3.29971846e+00 
 6.27575000e-08  3.29970473e+00 
 6.27675000e-08  3.29968427e+00 
 6.27837500e-08  3.29967003e+00 
 6.28000000e-08  3.29967472e+00 
 6.28025000e-08  3.29967690e+00 
 6.28075000e-08  3.29968169e+00 
 6.28175000e-08  3.29969414e+00 
 6.28337500e-08  3.29973600e+00 
 6.28500000e-08  3.29976658e+00 
 6.28525000e-08  3.29977026e+00 
 6.28575000e-08  3.29977702e+00 
 6.28675000e-08  3.29978798e+00 
 6.28837500e-08  3.29980267e+00 
 6.29000000e-08  3.29983222e+00 
 6.29025000e-08  3.29983919e+00 
 6.29075000e-08  3.29985271e+00 
 6.29175000e-08  3.29987855e+00 
 6.29337500e-08  3.29991457e+00 
 6.29500000e-08  3.29994063e+00 
 6.29525000e-08  3.29994375e+00 
 6.29575000e-08  3.29994949e+00 
 6.29675000e-08  3.29995836e+00 
 6.29837500e-08  3.29996307e+00 
 6.30000000e-08  3.29995528e+00 
 6.30025000e-08  3.29995275e+00 
 6.30075000e-08  3.29994632e+00 
 6.30175000e-08  3.29992833e+00 
 6.30337500e-08  3.29988713e+00 
 6.30500000e-08  3.29982992e+00 
 6.30525000e-08  3.29981987e+00 
 6.30575000e-08  3.29979794e+00 
 6.30675000e-08  3.29975116e+00 
 6.30837500e-08  3.29967513e+00 
 6.31000000e-08  3.29961670e+00 
 6.31025000e-08  3.29961118e+00 
 6.31075000e-08  3.29960124e+00 
 6.31175000e-08  3.29959148e+00 
 6.31337500e-08  3.29959818e+00 
 6.31500000e-08  3.29962567e+00 
 6.31525000e-08  3.29963176e+00 
 6.31575000e-08  3.29964403e+00 
 6.31675000e-08  3.29967328e+00 
 6.31837500e-08  3.29973673e+00 
 6.32000000e-08  3.29982776e+00 
 6.32025000e-08  3.29984533e+00 
 6.32075000e-08  3.29988229e+00 
 6.32175000e-08  3.29996986e+00 
 6.32337500e-08  3.30016520e+00 
 6.32500000e-08  3.30040751e+00 
 6.32525000e-08  3.30044882e+00 
 6.32575000e-08  3.30053285e+00 
 6.32675000e-08  3.30071069e+00 
 6.32837500e-08  3.30102195e+00 
 6.33000000e-08  3.30135327e+00 
 6.33025000e-08  3.30140267e+00 
 6.33075000e-08  3.30150245e+00 
 6.33175000e-08  3.30170462e+00 
 6.33337500e-08  3.30203104e+00 
 6.33500000e-08  3.30237544e+00 
 6.33525000e-08  3.30242917e+00 
 6.33575000e-08  3.30253757e+00 
 6.33675000e-08  3.30276351e+00 
 6.33837500e-08  3.30314248e+00 
 6.34000000e-08  3.30352991e+00 
 6.34025000e-08  3.30358981e+00 
 6.34075000e-08  3.30370997e+00 
 6.34175000e-08  3.30395169e+00 
 6.34337500e-08  3.30434697e+00 
 6.34500000e-08  3.30473446e+00 
 6.34525000e-08  3.30479155e+00 
 6.34575000e-08  3.30490561e+00 
 6.34675000e-08  3.30512750e+00 
 6.34837500e-08  3.30547081e+00 
 6.35000000e-08  3.30580590e+00 
 6.35025000e-08  3.30585763e+00 
 6.35075000e-08  3.30596288e+00 
 6.35175000e-08  3.30618365e+00 
 6.35337500e-08  3.30658180e+00 
 6.35500000e-08  3.30704560e+00 
 6.35525000e-08  3.30712413e+00 
 6.35575000e-08  3.30728633e+00 
 6.35675000e-08  3.30764008e+00 
 6.35837500e-08  3.30831237e+00 
 6.36000000e-08  3.30913233e+00 
 6.36025000e-08  3.30927499e+00 
 6.36075000e-08  3.30957215e+00 
 6.36175000e-08  3.31022844e+00 
 6.36337500e-08  3.31149206e+00 
 6.36500000e-08  3.31305867e+00 
 6.36525000e-08  3.31333374e+00 
 6.36575000e-08  3.31391013e+00 
 6.36675000e-08  3.31518365e+00 
 6.36837500e-08  3.31755900e+00 
 6.37000000e-08  3.31999624e+00 
 6.37025000e-08  3.32032240e+00 
 6.37075000e-08  3.32091132e+00 
 6.37175000e-08  3.32149341e+00 
 6.37337500e-08  3.31951933e+00 
 6.37500000e-08  3.31195283e+00 
 6.37525000e-08  3.31008102e+00 
 6.37575000e-08  3.30594469e+00 
 6.37675000e-08  3.29565099e+00 
 6.37837500e-08  3.27247175e+00 
 6.38000000e-08  3.23877152e+00 
 6.38025000e-08  3.23244434e+00 
 6.38075000e-08  3.21918368e+00 
 6.38175000e-08  3.18882406e+00 
 6.38337500e-08  3.12683347e+00 
 6.38500000e-08  3.04493099e+00 
 6.38525000e-08  3.02983739e+00 
 6.38575000e-08  2.99802118e+00 
 6.38675000e-08  2.92331341e+00 
 6.38837500e-08  2.74889790e+00 
 6.39000000e-08  2.46296212e+00 
 6.39025000e-08  2.40646781e+00 
 6.39075000e-08  2.28765830e+00 
 6.39175000e-08  2.01760074e+00 
 6.39337500e-08  1.49516607e+00 
 6.39500000e-08  9.15131034e-01 
 6.39525000e-08  8.29570992e-01 
 6.39575000e-08  6.69528503e-01 
 6.39675000e-08  4.13866802e-01 
 6.39837500e-08  1.70073658e-01 
 6.40000000e-08  7.28424806e-02 
 6.40025000e-08  6.62228397e-02 
 6.40075000e-08  5.46222010e-02 
 6.40175000e-08  3.89884197e-02 
 6.40337500e-08  2.51683554e-02 
 6.40500000e-08  1.79233746e-02 
 6.40525000e-08  1.71290420e-02 
 6.40575000e-08  1.56052881e-02 
 6.40675000e-08  1.29764305e-02 
 6.40837500e-08  9.64073813e-03 
 6.41000000e-08  7.17645314e-03 
 6.41025000e-08  6.86548132e-03 
 6.41075000e-08  6.26868362e-03 
 6.41175000e-08  5.22094388e-03 
 6.41337500e-08  3.86782815e-03 
 6.41500000e-08  2.86244964e-03 
 6.41525000e-08  2.73628094e-03 
 6.41575000e-08  2.49514665e-03 
 6.41675000e-08  2.07418881e-03 
 6.41837500e-08  1.53518513e-03 
 6.42000000e-08  1.13864483e-03 
 6.42025000e-08  1.08934415e-03 
 6.42075000e-08  9.95384032e-04 
 6.42175000e-08  8.32433302e-04 
 6.42337500e-08  6.25560867e-04 
 6.42500000e-08  4.74584072e-04 
 6.42525000e-08  4.55784109e-04 
 6.42575000e-08  4.19830645e-04 
 6.42675000e-08  3.57071122e-04 
 6.42837500e-08  2.77024181e-04 
 6.43000000e-08  2.18293704e-04 
 6.43025000e-08  2.11009054e-04 
 6.43075000e-08  1.97183647e-04 
 6.43175000e-08  1.73189265e-04 
 6.43337500e-08  1.41889001e-04 
 6.43500000e-08  1.17804463e-04 
 6.43525000e-08  1.14707557e-04 
 6.43575000e-08  1.08803867e-04 
 6.43675000e-08  9.81483513e-05 
 6.43837500e-08  8.37818206e-05 
 6.44000000e-08  7.17817276e-05 
 6.44025000e-08  6.99787448e-05 
 6.44075000e-08  6.62603502e-05 
 6.44175000e-08  5.84730410e-05 
 6.44337500e-08  4.51282743e-05 
 6.44500000e-08  3.23832748e-05 
 6.44525000e-08  3.08222674e-05 
 6.44575000e-08  2.77570991e-05 
 6.44675000e-08  2.27801831e-05 
 6.44837500e-08  1.75244404e-05 
 6.45000000e-08  1.49189864e-05 
 6.45025000e-08  1.48352765e-05 
 6.45075000e-08  1.47897392e-05 
 6.45175000e-08  1.54035666e-05 
 6.45337500e-08  1.70320994e-05 
 6.45500000e-08  1.88956917e-05 
 6.45525000e-08  1.91295590e-05 
 6.45575000e-08  1.94516854e-05 
 6.45675000e-08  1.96660348e-05 
 6.45837500e-08  1.90345345e-05 
 6.46000000e-08  1.67673473e-05 
 6.46025000e-08  1.62699469e-05 
 6.46075000e-08  1.52021798e-05 
 6.46175000e-08  1.26641718e-05 
 6.46337500e-08  7.59654306e-06 
 6.46500000e-08  2.40559051e-06 
 6.46525000e-08  1.75605093e-06 
 6.46575000e-08  5.97345312e-07 
 6.46675000e-08 -1.00187884e-06 
 6.46837500e-08 -1.79794280e-06 
 6.47000000e-08 -1.97508122e-06 
 6.47025000e-08 -1.99321508e-06 
 6.47075000e-08 -2.10287366e-06 
 6.47175000e-08 -2.32568500e-06 
 6.47337500e-08 -1.73757143e-06 
 6.47500000e-08  8.06599814e-07 
 6.47525000e-08  1.63211765e-06 
 6.47575000e-08  3.19233171e-06 
 6.47675000e-08  5.89331031e-06 
 6.47837500e-08  9.41129272e-06 
 6.48000000e-08  1.17415567e-05 
 6.48025000e-08  1.18807732e-05 
 6.48075000e-08  1.21773603e-05 
 6.48175000e-08  1.25367203e-05 
 6.48337500e-08  1.31038444e-05 
 6.48500000e-08  1.35665670e-05 
 6.48525000e-08  1.36960467e-05 
 6.48575000e-08  1.39929691e-05 
 6.48675000e-08  1.45812276e-05 
 6.48837500e-08  1.44906728e-05 
 6.49000000e-08  1.28421676e-05 
 6.49025000e-08  1.23891420e-05 
 6.49075000e-08  1.12489974e-05 
 6.49175000e-08  8.03109842e-06 
 6.49337500e-08  1.56645559e-06 
 6.49500000e-08 -5.22790716e-06 
 6.49525000e-08 -6.28478977e-06 
 6.49575000e-08 -8.71526702e-06 
 6.49675000e-08 -1.38985357e-05 
 6.49837500e-08 -2.25359498e-05 
 6.50000000e-08 -2.86635934e-05 
 6.50025000e-08 -2.89018626e-05 
 6.50075000e-08 -2.91922177e-05 
 6.50175000e-08 -2.76544002e-05 
 6.50337500e-08 -2.12517550e-05 
 6.50500000e-08 -1.06720524e-05 
 6.50525000e-08 -8.57959486e-06 
 6.50575000e-08 -4.36245402e-06 
 6.50675000e-08  5.53056098e-06 
 6.50837500e-08  2.72935517e-05 
 6.51000000e-08  5.59505350e-05 
 6.51025000e-08  6.08176569e-05 
 6.51075000e-08  7.05759970e-05 
 6.51175000e-08  8.99841047e-05 
 6.51337500e-08  1.20585795e-04 
 6.51500000e-08  1.45928574e-04 
 6.51525000e-08  1.48214568e-04 
 6.51575000e-08  1.52336353e-04 
 6.51675000e-08  1.58270014e-04 
 6.51837500e-08  1.62084409e-04 
 6.52000000e-08  1.56633585e-04 
 6.52025000e-08  1.56251837e-04 
 6.52075000e-08  1.54574745e-04 
 6.52175000e-08  1.49429935e-04 
 6.52337500e-08  1.42594796e-04 
 6.52500000e-08  1.38307888e-04 
 6.52525000e-08  1.37375920e-04 
 6.52575000e-08  1.35051184e-04 
 6.52675000e-08  1.25567277e-04 
 6.52837500e-08  1.00775483e-04 
 6.53000000e-08  7.25539103e-05 
 6.53025000e-08  6.83299207e-05 
 6.53075000e-08  6.04709214e-05 
 6.53175000e-08  4.73984610e-05 
 6.53337500e-08  3.56881902e-05 
 6.53500000e-08  3.76797026e-05 
 6.53525000e-08  3.93681372e-05 
 6.53575000e-08  4.40702541e-05 
 6.53675000e-08  5.84519031e-05 
 6.53837500e-08  9.50730027e-05 
 6.54000000e-08  1.43518060e-04 
 6.54025000e-08  1.50698983e-04 
 6.54075000e-08  1.65100393e-04 
 6.54175000e-08  1.88172252e-04 
 6.54337500e-08  1.99595059e-04 
 6.54500000e-08  1.64596687e-04 
 6.54525000e-08  1.53164992e-04 
 6.54575000e-08  1.26779009e-04 
 6.54675000e-08  4.90660820e-05 
 6.54837500e-08 -1.63491772e-04 
 6.55000000e-08 -4.83797435e-04 
 6.55025000e-08 -5.43227333e-04 
 6.55075000e-08 -6.66253492e-04 
 6.55175000e-08 -9.35569059e-04 
 6.55337500e-08 -1.37635851e-03 
 6.55500000e-08 -1.82434293e-03 
 6.55525000e-08 -1.90092301e-03 
 6.55575000e-08 -2.05416363e-03 
 6.55675000e-08 -2.35917354e-03 
 6.55837500e-08 -2.84491552e-03 
 6.56000000e-08 -3.31877529e-03 
 6.56025000e-08 -3.39027459e-03 
 6.56075000e-08 -3.53364428e-03 
 6.56175000e-08 -3.82038610e-03 
 6.56337500e-08 -4.29188205e-03 
 6.56500000e-08 -4.78277671e-03 
 6.56525000e-08 -4.86043793e-03 
 6.56575000e-08 -5.01906321e-03 
 6.56675000e-08 -5.34633992e-03 
 6.56837500e-08 -5.91075523e-03 
 6.57000000e-08 -6.54161176e-03 
 6.57025000e-08 -6.64443610e-03 
 6.57075000e-08 -6.85860954e-03 
 6.57175000e-08 -7.30938023e-03 
 6.57337500e-08 -8.11814554e-03 
 6.57500000e-08 -9.05675770e-03 
 6.57525000e-08 -9.21286334e-03 
 6.57575000e-08 -9.54725396e-03 
 6.57675000e-08 -1.02697968e-02 
 6.57837500e-08 -1.16234693e-02 
 6.58000000e-08 -1.31997733e-02 
 6.58025000e-08 -1.34478915e-02 
 6.58075000e-08 -1.39634320e-02 
 6.58175000e-08 -1.49190361e-02 
 6.58337500e-08 -1.58252115e-02 
 6.58500000e-08 -1.49003847e-02 
 6.58525000e-08 -1.44710932e-02 
 6.58575000e-08 -1.34290294e-02 
 6.58675000e-08 -1.00837141e-02 
 6.58837500e-08 -4.69503661e-04 
 6.59000000e-08  1.45282591e-02 
 6.59025000e-08  1.75353152e-02 
 6.59075000e-08  2.39203170e-02 
 6.59175000e-08  3.90343971e-02 
 6.59337500e-08  7.11929132e-02 
 6.59500000e-08  1.14902332e-01 
 6.59525000e-08  1.23013713e-01 
 6.59575000e-08  1.40058130e-01 
 6.59675000e-08  1.79569360e-01 
 6.59837500e-08  2.63744549e-01 
 6.60000000e-08  3.85604665e-01 
 6.60025000e-08  4.09718511e-01 
 6.60075000e-08  4.62190532e-01 
 6.60175000e-08  5.96126717e-01 
 6.60337500e-08  9.06516103e-01 
 6.60500000e-08  1.32755173e+00 
 6.60525000e-08  1.40275276e+00 
 6.60575000e-08  1.55750366e+00 
 6.60675000e-08  1.88828844e+00 
 6.60837500e-08  2.41162669e+00 
 6.61000000e-08  2.78746220e+00 
 6.61025000e-08  2.82926429e+00 
 6.61075000e-08  2.90607127e+00 
 6.61175000e-08  3.02549265e+00 
 6.61337500e-08  3.14700524e+00 
 6.61500000e-08  3.21004166e+00 
 6.61525000e-08  3.21602680e+00 
 6.61575000e-08  3.22695953e+00 
 6.61675000e-08  3.24369699e+00 
 6.61837500e-08  3.26134543e+00 
 6.62000000e-08  3.27208734e+00 
 6.62025000e-08  3.27331607e+00 
 6.62075000e-08  3.27564940e+00 
 6.62175000e-08  3.27965087e+00 
 6.62337500e-08  3.28469121e+00 
 6.62500000e-08  3.28838476e+00 
 6.62525000e-08  3.28884679e+00 
 6.62575000e-08  3.28973119e+00 
 6.62675000e-08  3.29128036e+00 
 6.62837500e-08  3.29328127e+00 
 6.63000000e-08  3.29477787e+00 
 6.63025000e-08  3.29496696e+00 
 6.63075000e-08  3.29532960e+00 
 6.63175000e-08  3.29596923e+00 
 6.63337500e-08  3.29680496e+00 
 6.63500000e-08  3.29743567e+00 
 6.63525000e-08  3.29751549e+00 
 6.63575000e-08  3.29766760e+00 
 6.63675000e-08  3.29793820e+00 
 6.63837500e-08  3.29830902e+00 
 6.64000000e-08  3.29862109e+00 
 6.64025000e-08  3.29866434e+00 
 6.64075000e-08  3.29874803e+00 
 6.64175000e-08  3.29890188e+00 
 6.64337500e-08  3.29911664e+00 
 6.64500000e-08  3.29929407e+00 
 6.64525000e-08  3.29931816e+00 
 6.64575000e-08  3.29936470e+00 
 6.64675000e-08  3.29944928e+00 
 6.64837500e-08  3.29956508e+00 
 6.65000000e-08  3.29965443e+00 
 6.65025000e-08  3.29966577e+00 
 6.65075000e-08  3.29968723e+00 
 6.65175000e-08  3.29972448e+00 
 6.65337500e-08  3.29977223e+00 
 6.65500000e-08  3.29980802e+00 
 6.65525000e-08  3.29981264e+00 
 6.65575000e-08  3.29982126e+00 
 6.65675000e-08  3.29983614e+00 
 6.65837500e-08  3.29985539e+00 
 6.66000000e-08  3.29987055e+00 
 6.66025000e-08  3.29987291e+00 
 6.66075000e-08  3.29987774e+00 
 6.66175000e-08  3.29988857e+00 
 6.66337500e-08  3.29990713e+00 
 6.66500000e-08  3.29992403e+00 
 6.66525000e-08  3.29992620e+00 
 6.66575000e-08  3.29993022e+00 
 6.66675000e-08  3.29993700e+00 
 6.66837500e-08  3.29994766e+00 
 6.67000000e-08  3.29995585e+00 
 6.67025000e-08  3.29995639e+00 
 6.67075000e-08  3.29995749e+00 
 6.67175000e-08  3.29995855e+00 
 6.67337500e-08  3.29995617e+00 
 6.67500000e-08  3.29994979e+00 
 6.67525000e-08  3.29994841e+00 
 6.67575000e-08  3.29994527e+00 
 6.67675000e-08  3.29993785e+00 
 6.67837500e-08  3.29992589e+00 
 6.68000000e-08  3.29991607e+00 
 6.68025000e-08  3.29991501e+00 
 6.68075000e-08  3.29991316e+00 
 6.68175000e-08  3.29991085e+00 
 6.68337500e-08  3.29990791e+00 
 6.68500000e-08  3.29990460e+00 
 6.68525000e-08  3.29990423e+00 
 6.68575000e-08  3.29990338e+00 
 6.68675000e-08  3.29990201e+00 
 6.68837500e-08  3.29990166e+00 
 6.69000000e-08  3.29990442e+00 
 6.69025000e-08  3.29990520e+00 
 6.69075000e-08  3.29990679e+00 
 6.69175000e-08  3.29991077e+00 
 6.69337500e-08  3.29991976e+00 
 6.69500000e-08  3.29993236e+00 
 6.69525000e-08  3.29993465e+00 
 6.69575000e-08  3.29993927e+00 
 6.69675000e-08  3.29994902e+00 
 6.69837500e-08  3.29996516e+00 
 6.70000000e-08  3.29997935e+00 
 6.70025000e-08  3.29998111e+00 
 6.70075000e-08  3.29998441e+00 
 6.70175000e-08  3.29998979e+00 
 6.70337500e-08  3.29999515e+00 
 6.70500000e-08  3.29999514e+00 
 6.70525000e-08  3.29999495e+00 
 6.70575000e-08  3.29999470e+00 
 6.70675000e-08  3.29999354e+00 
 6.70837500e-08  3.29999093e+00 
 6.71000000e-08  3.29998902e+00 
 6.71025000e-08  3.29998864e+00 
 6.71075000e-08  3.29998779e+00 
 6.71175000e-08  3.29998534e+00 
 6.71337500e-08  3.29997902e+00 
 6.71500000e-08  3.29996937e+00 
 6.71525000e-08  3.29996762e+00 
 6.71575000e-08  3.29996430e+00 
 6.71675000e-08  3.29995842e+00 
 6.71837500e-08  3.29995184e+00 
 6.72000000e-08  3.29995085e+00 
 6.72025000e-08  3.29995130e+00 
 6.72075000e-08  3.29995358e+00 
 6.72175000e-08  3.29996670e+00 
 6.72337500e-08  3.29998880e+00 
 6.72500000e-08  3.30001405e+00 
 6.72525000e-08  3.30001780e+00 
 6.72575000e-08  3.30002505e+00 
 6.72675000e-08  3.30003530e+00 
 6.72837500e-08  3.30003268e+00 
 6.73000000e-08  3.29999941e+00 
 6.73025000e-08  3.29999176e+00 
 6.73075000e-08  3.29997481e+00 
 6.73175000e-08  3.29993288e+00 
 6.73337500e-08  3.29985472e+00 
 6.73500000e-08  3.29978330e+00 
 6.73525000e-08  3.29977418e+00 
 6.73575000e-08  3.29975722e+00 
 6.73675000e-08  3.29972948e+00 
 6.73837500e-08  3.29969477e+00 
 6.74000000e-08  3.29967820e+00 
 6.74025000e-08  3.29967775e+00 
 6.74075000e-08  3.29967722e+00 
 6.74175000e-08  3.29967927e+00 
 6.74337500e-08  3.29969341e+00 
 6.74500000e-08  3.29973232e+00 
 6.74525000e-08  3.29973772e+00 
 6.74575000e-08  3.29974776e+00 
 6.74675000e-08  3.29976516e+00 
 6.74837500e-08  3.29978495e+00 
 6.75000000e-08  3.29979547e+00 
 6.75025000e-08  3.29979839e+00 
 6.75075000e-08  3.29980534e+00 
 6.75175000e-08  3.29982662e+00 
 6.75337500e-08  3.29986979e+00 
 6.75500000e-08  3.29991092e+00 
 6.75525000e-08  3.29991647e+00 
 6.75575000e-08  3.29992681e+00 
 6.75675000e-08  3.29994381e+00 
 6.75837500e-08  3.29996093e+00 
 6.76000000e-08  3.29996515e+00 
 6.76025000e-08  3.29996460e+00 
 6.76075000e-08  3.29996236e+00 
 6.76175000e-08  3.29995355e+00 
 6.76337500e-08  3.29992857e+00 
 6.76500000e-08  3.29988988e+00 
 6.76525000e-08  3.29988280e+00 
 6.76575000e-08  3.29986716e+00 
 6.76675000e-08  3.29983202e+00 
 6.76837500e-08  3.29976391e+00 
 6.77000000e-08  3.29969000e+00 
 6.77025000e-08  3.29967980e+00 
 6.77075000e-08  3.29965947e+00 
 6.77175000e-08  3.29962601e+00 
 6.77337500e-08  3.29959607e+00 
 6.77500000e-08  3.29959503e+00 
 6.77525000e-08  3.29959767e+00 
 6.77575000e-08  3.29960339e+00 
 6.77675000e-08  3.29962077e+00 
 6.77837500e-08  3.29966306e+00 
 6.78000000e-08  3.29972460e+00 
 6.78025000e-08  3.29973636e+00 
 6.78075000e-08  3.29976069e+00 
 6.78175000e-08  3.29981854e+00 
 6.78337500e-08  3.29994562e+00 
 6.78500000e-08  3.30013224e+00 
 6.78525000e-08  3.30016693e+00 
 6.78575000e-08  3.30023857e+00 
 6.78675000e-08  3.30039630e+00 
 6.78837500e-08  3.30068623e+00 
 6.79000000e-08  3.30100661e+00 
 6.79025000e-08  3.30105811e+00 
 6.79075000e-08  3.30116166e+00 
 6.79175000e-08  3.30137076e+00 
 6.79337500e-08  3.30170309e+00 
 6.79500000e-08  3.30202820e+00 
 6.79525000e-08  3.30208231e+00 
 6.79575000e-08  3.30218744e+00 
 6.79675000e-08  3.30239709e+00 
 6.79837500e-08  3.30275207e+00 
 6.80000000e-08  3.30312258e+00 
 6.80025000e-08  3.30318020e+00 
 6.80075000e-08  3.30329589e+00 
 6.80175000e-08  3.30353060e+00 
 6.80337500e-08  3.30392202e+00 
 6.80500000e-08  3.30432258e+00 
 6.80525000e-08  3.30438376e+00 
 6.80575000e-08  3.30450643e+00 
 6.80675000e-08  3.30474630e+00 
 6.80837500e-08  3.30511169e+00 
 6.81000000e-08  3.30544922e+00 
 6.81025000e-08  3.30549875e+00 
 6.81075000e-08  3.30559838e+00 
 6.81175000e-08  3.30580081e+00 
 6.81337500e-08  3.30615135e+00 
 6.81500000e-08  3.30654751e+00 
 6.81525000e-08  3.30661403e+00 
 6.81575000e-08  3.30675143e+00 
 6.81675000e-08  3.30705017e+00 
 6.81837500e-08  3.30761051e+00 
 6.82000000e-08  3.30828142e+00 
 6.82025000e-08  3.30839664e+00 
 6.82075000e-08  3.30863562e+00 
 6.82175000e-08  3.30915976e+00 
 6.82337500e-08  3.31016150e+00 
 6.82500000e-08  3.31139460e+00 
 6.82525000e-08  3.31161048e+00 
 6.82575000e-08  3.31206215e+00 
 6.82675000e-08  3.31306625e+00 
 6.82837500e-08  3.31501879e+00 
 6.83000000e-08  3.31737784e+00 
 6.83025000e-08  3.31776869e+00 
 6.83075000e-08  3.31855862e+00 
 6.83175000e-08  3.32004914e+00 
 6.83337500e-08  3.32144061e+00 
 6.83500000e-08  3.31981248e+00 
 6.83525000e-08  3.31909100e+00 
 6.83575000e-08  3.31734592e+00 
 6.83675000e-08  3.31186341e+00 
 6.83837500e-08  3.29676312e+00 
 6.84000000e-08  3.27417335e+00 
 6.84025000e-08  3.26968074e+00 
 6.84075000e-08  3.26018023e+00 
 6.84175000e-08  3.23797374e+00 
 6.84337500e-08  3.19179312e+00 
 6.84500000e-08  3.13073725e+00 
 6.84525000e-08  3.11958831e+00 
 6.84575000e-08  3.09625220e+00 
 6.84675000e-08  3.04280366e+00 
 6.84837500e-08  2.93002797e+00 
 6.85000000e-08  2.76014127e+00 
 6.85025000e-08  2.72488062e+00 
 6.85075000e-08  2.64740633e+00 
 6.85175000e-08  2.45538270e+00 
 6.85337500e-08  2.04521127e+00 
 6.85500000e-08  1.52722855e+00 
 6.85525000e-08  1.43809120e+00 
 6.85575000e-08  1.25684501e+00 
 6.85675000e-08  8.95392194e-01 
 6.85837500e-08  4.35032856e-01 
 6.86000000e-08  1.79373175e-01 
 6.86022302e-08  1.60518006e-01 
 6.86066906e-08  1.27250856e-01 
 6.86156115e-08  8.19569628e-02 
 6.86334532e-08  3.91404628e-02 
 6.86500000e-08  2.54152078e-02 
 6.86525000e-08  2.41694063e-02 
 6.86575000e-08  2.18049651e-02 
 6.86675000e-08  1.78844148e-02 
 6.86837500e-08  1.31513599e-02 
 6.87000000e-08  9.78558835e-03 
 6.87025000e-08  9.36530111e-03 
 6.87075000e-08  8.55744418e-03 
 6.87175000e-08  7.13770648e-03 
 6.87337500e-08  5.29973382e-03 
 6.87500000e-08  3.92868087e-03 
 6.87525000e-08  3.75612519e-03 
 6.87575000e-08  3.42599263e-03 
 6.87675000e-08  2.84884195e-03 
 6.87837500e-08  2.10794307e-03 
 6.88000000e-08  1.56085790e-03 
 6.88025000e-08  1.49240943e-03 
 6.88075000e-08  1.36149886e-03 
 6.88175000e-08  1.13288976e-03 
 6.88337500e-08  8.41195586e-04 
 6.88500000e-08  6.28117691e-04 
 6.88525000e-08  6.01842000e-04 
 6.88575000e-08  5.51935222e-04 
 6.88675000e-08  4.66001582e-04 
 6.88837500e-08  3.57542387e-04 
 6.89000000e-08  2.78481244e-04 
 6.89025000e-08  2.68663619e-04 
 6.89075000e-08  2.49949214e-04 
 6.89175000e-08  2.17347318e-04 
 6.89337500e-08  1.75320364e-04 
 6.89500000e-08  1.43442009e-04 
 6.89525000e-08  1.39359266e-04 
 6.89575000e-08  1.31545087e-04 
 6.89675000e-08  1.17659611e-04 
 6.89837500e-08  9.87860798e-05 
 6.90000000e-08  8.34293250e-05 
 6.90025000e-08  8.12885462e-05 
 6.90075000e-08  7.70044121e-05 
 6.90175000e-08  6.87196998e-05 
 6.90337500e-08  5.66657564e-05 
 6.90500000e-08  4.44853480e-05 
 6.90525000e-08  4.26286824e-05 
 6.90575000e-08  3.88307577e-05 
 6.90675000e-08  3.20840975e-05 
 6.90837500e-08  2.39938846e-05 
 6.91000000e-08  1.92285922e-05 
 6.91025000e-08  1.88122168e-05 
 6.91075000e-08  1.80176582e-05 
 6.91175000e-08  1.69987484e-05 
 6.91337500e-08  1.63961105e-05 
 6.91500000e-08  1.67221276e-05 
 6.91525000e-08  1.68986330e-05 
 6.91575000e-08  1.72784850e-05 
 6.91675000e-08  1.83267183e-05 
 6.91837500e-08  2.00809742e-05 
 6.92000000e-08  2.07987009e-05 
 6.92025000e-08  2.07045531e-05 
 6.92075000e-08  2.03304818e-05 
 6.92175000e-08  1.87651189e-05 
 6.92337500e-08  1.43361040e-05 
 6.92500000e-08  8.37001430e-06 
 6.92525000e-08  7.43533408e-06 
 6.92575000e-08  5.62147409e-06 
 6.92675000e-08  2.42049902e-06 
 6.92837500e-08 -1.45612849e-06 
 6.93000000e-08 -2.82788165e-06 
 6.93025000e-08 -2.99354487e-06 
 6.93075000e-08 -3.31822435e-06 
 6.93175000e-08 -3.77184363e-06 
 6.93337500e-08 -3.49706109e-06 
 6.93500000e-08 -1.97429226e-06 
 6.93525000e-08 -1.58968601e-06 
 6.93575000e-08 -7.33100203e-07 
 6.93675000e-08  2.20626585e-06 
 6.93837500e-08  6.59888832e-06 
 6.94000000e-08  9.23308819e-06 
 6.94025000e-08  9.51620442e-06 
 6.94075000e-08  9.91798038e-06 
 6.94175000e-08  1.01995541e-05 
 6.94337500e-08  1.11773656e-05 
 6.94500000e-08  1.26270139e-05 
 6.94525000e-08  1.29412614e-05 
 6.94575000e-08  1.36147834e-05 
 6.94675000e-08  1.49695109e-05 
 6.94837500e-08  1.61153468e-05 
 6.95000000e-08  1.56452651e-05 
 6.95025000e-08  1.53900433e-05 
 6.95075000e-08  1.47007677e-05 
 6.95175000e-08  1.28027219e-05 
 6.95337500e-08  8.71783054e-06 
 6.95500000e-08  3.14153007e-06 
 6.95525000e-08  2.18836157e-06 
 6.95575000e-08  9.27690740e-08 
 6.95675000e-08 -4.63765150e-06 
 6.95837500e-08 -1.33634343e-05 
 6.96000000e-08 -2.26663290e-05 
 6.96025000e-08 -2.38038708e-05 
 6.96075000e-08 -2.60437211e-05 
 6.96175000e-08 -2.86155950e-05 
 6.96337500e-08 -2.82675832e-05 
 6.96500000e-08 -2.32043646e-05 
 6.96525000e-08 -2.18922034e-05 
 6.96575000e-08 -1.92458538e-05 
 6.96675000e-08 -1.23441432e-05 
 6.96837500e-08  3.81199455e-06 
 6.97000000e-08  2.64361181e-05 
 6.97025000e-08  3.06285220e-05 
 6.97075000e-08  3.91880029e-05 
 6.97175000e-08  5.75275122e-05 
 6.97337500e-08  8.82164763e-05 
 6.97500000e-08  1.18018490e-04 
 6.97525000e-08  1.22876010e-04 
 6.97575000e-08  1.31524465e-04 
 6.97675000e-08  1.44745347e-04 
 6.97837500e-08  1.57983516e-04 
 6.98000000e-08  1.63217542e-04 
 6.98025000e-08  1.62129881e-04 
 6.98075000e-08  1.60378827e-04 
 6.98175000e-08  1.57891574e-04 
 6.98337500e-08  1.50495150e-04 
 6.98500000e-08  1.42791583e-04 
 6.98525000e-08  1.42147572e-04 
 6.98575000e-08  1.41377143e-04 
 6.98675000e-08  1.39821325e-04 
 6.98837500e-08  1.28932883e-04 
 6.99000000e-08  1.02689842e-04 
 6.99025000e-08  9.76540589e-05 
 6.99075000e-08  8.77959871e-05 
 6.99175000e-08  6.89529863e-05 
 6.99337500e-08  4.52463954e-05 
 6.99500000e-08  3.37437057e-05 
 6.99525000e-08  3.33105145e-05 
 6.99575000e-08  3.35937821e-05 
 6.99675000e-08  3.87630339e-05 
 6.99837500e-08  5.92512996e-05 
 7.00000000e-08  9.61588764e-05 
 7.00025000e-08  1.03059593e-04 
 7.00075000e-08  1.18164111e-04 
 7.00175000e-08  1.49088708e-04 
 7.00337500e-08  1.89631436e-04 
 7.00500000e-08  2.00681291e-04 
 7.00525000e-08  1.97995465e-04 
 7.00575000e-08  1.90348718e-04 
 7.00675000e-08  1.58044661e-04 
 7.00837500e-08  4.79497584e-05 
 7.01000000e-08 -1.59212716e-04 
 7.01025000e-08 -2.01614857e-04 
 7.01075000e-08 -2.91307222e-04 
 7.01175000e-08 -5.00710931e-04 
 7.01337500e-08 -9.12485256e-04 
 7.01500000e-08 -1.34867555e-03 
 7.01525000e-08 -1.41142539e-03 
 7.01575000e-08 -1.54293301e-03 
 7.01675000e-08 -1.82971583e-03 
 7.01837500e-08 -2.31579087e-03 
 7.02000000e-08 -2.79757133e-03 
 7.02025000e-08 -2.87009190e-03 
 7.02075000e-08 -3.01499958e-03 
 7.02175000e-08 -3.30278382e-03 
 7.02337500e-08 -3.76897003e-03 
 7.02500000e-08 -4.24049182e-03 
 7.02525000e-08 -4.31363524e-03 
 7.02575000e-08 -4.46236969e-03 
 7.02675000e-08 -4.76699583e-03 
 7.02837500e-08 -5.28489025e-03 
 7.03000000e-08 -5.84080802e-03 
 7.03025000e-08 -5.93131336e-03 
 7.03075000e-08 -6.11879516e-03 
 7.03175000e-08 -6.51340955e-03 
 7.03337500e-08 -7.21783591e-03 
 7.03500000e-08 -8.02153426e-03 
 7.03525000e-08 -8.15402596e-03 
 7.03575000e-08 -8.43489354e-03 
 7.03675000e-08 -9.03516563e-03 
 7.03837500e-08 -1.01474421e-02 
 7.04000000e-08 -1.14810140e-02 
 7.04025000e-08 -1.17027643e-02 
 7.04075000e-08 -1.21774624e-02 
 7.04175000e-08 -1.31685504e-02 
 7.04337500e-08 -1.47508501e-02 
 7.04500000e-08 -1.57708896e-02 
 7.04525000e-08 -1.58018428e-02 
 7.04575000e-08 -1.57745108e-02 
 7.04675000e-08 -1.49697670e-02 
 7.04837500e-08 -1.07331538e-02 
 7.05000000e-08 -1.70642748e-03 
 7.05025000e-08  2.27521133e-04 
 7.05075000e-08  4.18696345e-03 
 7.05175000e-08  1.41055014e-02 
 7.05337500e-08  3.63816236e-02 
 7.05500000e-08  6.75424411e-02 
 7.05525000e-08  7.33649745e-02 
 7.05575000e-08  8.55952612e-02 
 7.05675000e-08  1.13842375e-01 
 7.05837500e-08  1.72929593e-01 
 7.06000000e-08  2.54281143e-01 
 7.06025000e-08  2.69730961e-01 
 7.06075000e-08  3.02588143e-01 
 7.06175000e-08  3.82058783e-01 
 7.06337500e-08  5.74384202e-01 
 7.06500000e-08  8.73878042e-01 
 7.06525000e-08  9.31650713e-01 
 7.06575000e-08  1.05230952e+00 
 7.06675000e-08  1.32333335e+00 
 7.06837500e-08  1.83707075e+00 
 7.07000000e-08  2.36794503e+00 
 7.07025000e-08  2.43956539e+00 
 7.07075000e-08  2.57137015e+00 
 7.07175000e-08  2.78367803e+00 
 7.07337500e-08  3.01281105e+00 
 7.07500000e-08  3.13972271e+00 
 7.07525000e-08  3.15208043e+00 
 7.07575000e-08  3.17456072e+00 
 7.07675000e-08  3.20835527e+00 
 7.07837500e-08  3.24192212e+00 
 7.08000000e-08  3.26020885e+00 
 7.08025000e-08  3.26214227e+00 
 7.08075000e-08  3.26577171e+00 
 7.08175000e-08  3.27180608e+00 
 7.08337500e-08  3.27911212e+00 
 7.08500000e-08  3.28429918e+00 
 7.08525000e-08  3.28494058e+00 
 7.08575000e-08  3.28616727e+00 
 7.08675000e-08  3.28831118e+00 
 7.08837500e-08  3.29107139e+00 
 7.09000000e-08  3.29312704e+00 
 7.09025000e-08  3.29338589e+00 
 7.09075000e-08  3.29388200e+00 
 7.09175000e-08  3.29475468e+00 
 7.09337500e-08  3.29588976e+00 
 7.09500000e-08  3.29674657e+00 
 7.09525000e-08  3.29685526e+00 
 7.09575000e-08  3.29706302e+00 
 7.09675000e-08  3.29742792e+00 
 7.09837500e-08  3.29790363e+00 
 7.10000000e-08  3.29827859e+00 
 7.10025000e-08  3.29833004e+00 
 7.10075000e-08  3.29842988e+00 
 7.10175000e-08  3.29861576e+00 
 7.10337500e-08  3.29888018e+00 
 7.10500000e-08  3.29910026e+00 
 7.10525000e-08  3.29913015e+00 
 7.10575000e-08  3.29918795e+00 
 7.10675000e-08  3.29929402e+00 
 7.10837500e-08  3.29944125e+00 
 7.11000000e-08  3.29956052e+00 
 7.11025000e-08  3.29957584e+00 
 7.11075000e-08  3.29960481e+00 
 7.11175000e-08  3.29965488e+00 
 7.11337500e-08  3.29971906e+00 
 7.11500000e-08  3.29976710e+00 
 7.11525000e-08  3.29977343e+00 
 7.11575000e-08  3.29978571e+00 
 7.11675000e-08  3.29980871e+00 
 7.11837500e-08  3.29984010e+00 
 7.12000000e-08  3.29986379e+00 
 7.12025000e-08  3.29986651e+00 
 7.12075000e-08  3.29987104e+00 
 7.12175000e-08  3.29987701e+00 
 7.12337500e-08  3.29988354e+00 
 7.12500000e-08  3.29989154e+00 
 7.12525000e-08  3.29989340e+00 
 7.12575000e-08  3.29989766e+00 
 7.12675000e-08  3.29990838e+00 
 7.12837500e-08  3.29992799e+00 
 7.13000000e-08  3.29994800e+00 
 7.13025000e-08  3.29995058e+00 
 7.13075000e-08  3.29995530e+00 
 7.13175000e-08  3.29996080e+00 
 7.13337500e-08  3.29996082e+00 
 7.13500000e-08  3.29995374e+00 
 7.13525000e-08  3.29995231e+00 
 7.13575000e-08  3.29994943e+00 
 7.13675000e-08  3.29994363e+00 
 7.13837500e-08  3.29993445e+00 
 7.14000000e-08  3.29992608e+00 
 7.14025000e-08  3.29992510e+00 
 7.14075000e-08  3.29992338e+00 
 7.14175000e-08  3.29992110e+00 
 7.14337500e-08  3.29991841e+00 
 7.14500000e-08  3.29991524e+00 
 7.14525000e-08  3.29991442e+00 
 7.14575000e-08  3.29991234e+00 
 7.14675000e-08  3.29990753e+00 
 7.14837500e-08  3.29990101e+00 
 7.15000000e-08  3.29989820e+00 
 7.15025000e-08  3.29989834e+00 
 7.15075000e-08  3.29989880e+00 
 7.15175000e-08  3.29990122e+00 
 7.15337500e-08  3.29990794e+00 
 7.15500000e-08  3.29991748e+00 
 7.15525000e-08  3.29991915e+00 
 7.15575000e-08  3.29992243e+00 
 7.15675000e-08  3.29992941e+00 
 7.15837500e-08  3.29994299e+00 
 7.16000000e-08  3.29995848e+00 
 7.16025000e-08  3.29996118e+00 
 7.16075000e-08  3.29996690e+00 
 7.16175000e-08  3.29997885e+00 
 7.16337500e-08  3.29999507e+00 
 7.16500000e-08  3.30000556e+00 
 7.16525000e-08  3.30000631e+00 
 7.16575000e-08  3.30000701e+00 
 7.16675000e-08  3.30000468e+00 
 7.16837500e-08  3.29999951e+00 
 7.17000000e-08  3.29999393e+00 
 7.17025000e-08  3.29999298e+00 
 7.17075000e-08  3.29999104e+00 
 7.17175000e-08  3.29998710e+00 
 7.17337500e-08  3.29998107e+00 
 7.17500000e-08  3.29997463e+00 
 7.17525000e-08  3.29997354e+00 
 7.17575000e-08  3.29997159e+00 
 7.17675000e-08  3.29996801e+00 
 7.17837500e-08  3.29996175e+00 
 7.18000000e-08  3.29995646e+00 
 7.18025000e-08  3.29995578e+00 
 7.18075000e-08  3.29995453e+00 
 7.18175000e-08  3.29995314e+00 
 7.18337500e-08  3.29996298e+00 
 7.18500000e-08  3.29998533e+00 
 7.18525000e-08  3.29998896e+00 
 7.18575000e-08  3.29999716e+00 
 7.18675000e-08  3.30001540e+00 
 7.18837500e-08  3.30003704e+00 
 7.19000000e-08  3.30003650e+00 
 7.19025000e-08  3.30003347e+00 
 7.19075000e-08  3.30002598e+00 
 7.19175000e-08  3.30000198e+00 
 7.19337500e-08  3.29994590e+00 
 7.19500000e-08  3.29987269e+00 
 7.19525000e-08  3.29986066e+00 
 7.19575000e-08  3.29983659e+00 
 7.19675000e-08  3.29979234e+00 
 7.19837500e-08  3.29973312e+00 
 7.20000000e-08  3.29968842e+00 
 7.20025000e-08  3.29968356e+00 
 7.20075000e-08  3.29967499e+00 
 7.20175000e-08  3.29966638e+00 
 7.20337500e-08  3.29966875e+00 
 7.20500000e-08  3.29968603e+00 
 7.20525000e-08  3.29969001e+00 
 7.20575000e-08  3.29970396e+00 
 7.20675000e-08  3.29973150e+00 
 7.20837500e-08  3.29976653e+00 
 7.21000000e-08  3.29978981e+00 
 7.21025000e-08  3.29979210e+00 
 7.21075000e-08  3.29979551e+00 
 7.21175000e-08  3.29980236e+00 
 7.21337500e-08  3.29982837e+00 
 7.21500000e-08  3.29987128e+00 
 7.21525000e-08  3.29987832e+00 
 7.21575000e-08  3.29989150e+00 
 7.21675000e-08  3.29991401e+00 
 7.21837500e-08  3.29994016e+00 
 7.22000000e-08  3.29995403e+00 
 7.22025000e-08  3.29995513e+00 
 7.22075000e-08  3.29995652e+00 
 7.22175000e-08  3.29995654e+00 
 7.22337500e-08  3.29994789e+00 
 7.22500000e-08  3.29992748e+00 
 7.22525000e-08  3.29992325e+00 
 7.22575000e-08  3.29991355e+00 
 7.22675000e-08  3.29989013e+00 
 7.22837500e-08  3.29983977e+00 
 7.23000000e-08  3.29977242e+00 
 7.23025000e-08  3.29976129e+00 
 7.23075000e-08  3.29973774e+00 
 7.23175000e-08  3.29969193e+00 
 7.23337500e-08  3.29963216e+00 
 7.23500000e-08  3.29960189e+00 
 7.23525000e-08  3.29960054e+00 
 7.23575000e-08  3.29959815e+00 
 7.23675000e-08  3.29959920e+00 
 7.23837500e-08  3.29961600e+00 
 7.24000000e-08  3.29965065e+00 
 7.24025000e-08  3.29965818e+00 
 7.24075000e-08  3.29967400e+00 
 7.24175000e-08  3.29971374e+00 
 7.24337500e-08  3.29980286e+00 
 7.24500000e-08  3.29992980e+00 
 7.24525000e-08  3.29995380e+00 
 7.24575000e-08  3.30000450e+00 
 7.24675000e-08  3.30013169e+00 
 7.24837500e-08  3.30037292e+00 
 7.25000000e-08  3.30065581e+00 
 7.25025000e-08  3.30070283e+00 
 7.25075000e-08  3.30079769e+00 
 7.25175000e-08  3.30099435e+00 
 7.25337500e-08  3.30132917e+00 
 7.25500000e-08  3.30165811e+00 
 7.25525000e-08  3.30170658e+00 
 7.25575000e-08  3.30180284e+00 
 7.25675000e-08  3.30200967e+00 
 7.25837500e-08  3.30235362e+00 
 7.26000000e-08  3.30270660e+00 
 7.26025000e-08  3.30276299e+00 
 7.26075000e-08  3.30287634e+00 
 7.26175000e-08  3.30310642e+00 
 7.26337500e-08  3.30348813e+00 
 7.26500000e-08  3.30387942e+00 
 7.26525000e-08  3.30393989e+00 
 7.26575000e-08  3.30406148e+00 
 7.26675000e-08  3.30430383e+00 
 7.26837500e-08  3.30468529e+00 
 7.27000000e-08  3.30504043e+00 
 7.27025000e-08  3.30509136e+00 
 7.27075000e-08  3.30519283e+00 
 7.27175000e-08  3.30539194e+00 
 7.27337500e-08  3.30571580e+00 
 7.27500000e-08  3.30605928e+00 
 7.27525000e-08  3.30611529e+00 
 7.27575000e-08  3.30623050e+00 
 7.27675000e-08  3.30647826e+00 
 7.27837500e-08  3.30693581e+00 
 7.28000000e-08  3.30747581e+00 
 7.28025000e-08  3.30756777e+00 
 7.28075000e-08  3.30775797e+00 
 7.28175000e-08  3.30817338e+00 
 7.28337500e-08  3.30896266e+00 
 7.28500000e-08  3.30992577e+00 
 7.28525000e-08  3.31009336e+00 
 7.28575000e-08  3.31044278e+00 
 7.28675000e-08  3.31121644e+00 
 7.28837500e-08  3.31271966e+00 
 7.29000000e-08  3.31459962e+00 
 7.29025000e-08  3.31492945e+00 
 7.29075000e-08  3.31561841e+00 
 7.29175000e-08  3.31710478e+00 
 7.29337500e-08  3.31959694e+00 
 7.29500000e-08  3.32133986e+00 
 7.29525000e-08  3.32142609e+00 
 7.29575000e-08  3.32144128e+00 
 7.29675000e-08  3.32028650e+00 
 7.29837500e-08  3.31381830e+00 
 7.30000000e-08  3.30002653e+00 
 7.30025000e-08  3.29735660e+00 
 7.30075000e-08  3.29155991e+00 
 7.30175000e-08  3.27713409e+00 
 7.30337500e-08  3.24517321e+00 
 7.30500000e-08  3.20142492e+00 
 7.30525000e-08  3.19336927e+00 
 7.30575000e-08  3.17652650e+00 
 7.30675000e-08  3.13816416e+00 
 7.30837500e-08  3.05976564e+00 
 7.31000000e-08  2.95383395e+00 
 7.31025000e-08  2.93384792e+00 
 7.31075000e-08  2.89101230e+00 
 7.31175000e-08  2.78425344e+00 
 7.31337500e-08  2.51714644e+00 
 7.31500000e-08  2.12861166e+00 
 7.31525000e-08  2.05714015e+00 
 7.31575000e-08  1.90914404e+00 
 7.31675000e-08  1.58424766e+00 
 7.31837500e-08  1.00365709e+00 
 7.32000000e-08  5.08703509e-01 
 7.32025000e-08  4.51498031e-01 
 7.32075000e-08  3.48552567e-01 
 7.32175000e-08  2.02491957e-01 
 7.32337500e-08  8.38968593e-02 
 7.32500000e-08  4.28734932e-02 
 7.32525000e-08  3.99868493e-02 
 7.32575000e-08  3.47465099e-02 
 7.32675000e-08  2.69856052e-02 
 7.32837500e-08  1.89099938e-02 
 7.33000000e-08  1.38730600e-02 
 7.33025000e-08  1.32767120e-02 
 7.33075000e-08  1.21298029e-02 
 7.33175000e-08  1.01231915e-02 
 7.33337500e-08  7.53473307e-03 
 7.33500000e-08  5.60214896e-03 
 7.33525000e-08  5.35789007e-03 
 7.33575000e-08  4.88953806e-03 
 7.33675000e-08  4.06804095e-03 
 7.33837500e-08  3.00981063e-03 
 7.34000000e-08  2.22571273e-03 
 7.34025000e-08  2.12762893e-03 
 7.34075000e-08  1.94027241e-03 
 7.34175000e-08  1.61361391e-03 
 7.34337500e-08  1.19621468e-03 
 7.34500000e-08  8.89961946e-04 
 7.34525000e-08  8.51988886e-04 
 7.34575000e-08  7.79697625e-04 
 7.34675000e-08  6.54610921e-04 
 7.34837500e-08  4.96101857e-04 
 7.35000000e-08  3.80452555e-04 
 7.35025000e-08  3.66046923e-04 
 7.35075000e-08  3.38498435e-04 
 7.35175000e-08  2.90364758e-04 
 7.35337500e-08  2.28726170e-04 
 7.35500000e-08  1.83056187e-04 
 7.35525000e-08  1.77191764e-04 
 7.35575000e-08  1.65808870e-04 
 7.35675000e-08  1.45287747e-04 
 7.35837500e-08  1.18095603e-04 
 7.36000000e-08  9.70760779e-05 
 7.36025000e-08  9.44451896e-05 
 7.36075000e-08  8.96302062e-05 
 7.36175000e-08  8.17035415e-05 
 7.36337500e-08  7.10449746e-05 
 7.36500000e-08  6.14535057e-05 
 7.36525000e-08  5.99889605e-05 
 7.36575000e-08  5.69875269e-05 
 7.36675000e-08  5.00756358e-05 
 7.36837500e-08  3.84025328e-05 
 7.37000000e-08  2.92593268e-05 
 7.37025000e-08  2.82533452e-05 
 7.37075000e-08  2.62679187e-05 
 7.37175000e-08  2.30562461e-05 
 7.37337500e-08  1.96774649e-05 
 7.37500000e-08  1.80444520e-05 
 7.37525000e-08  1.79375995e-05 
 7.37575000e-08  1.76943638e-05 
 7.37675000e-08  1.74511569e-05 
 7.37837500e-08  1.76939023e-05 
 7.38000000e-08  1.84899192e-05 
 7.38025000e-08  1.85787721e-05 
 7.38075000e-08  1.86188620e-05 
 7.38175000e-08  1.81911953e-05 
 7.38337500e-08  1.61487246e-05 
 7.38500000e-08  1.22791289e-05 
 7.38525000e-08  1.15916699e-05 
 7.38575000e-08  1.02309325e-05 
 7.38675000e-08  7.52536151e-06 
 7.38837500e-08  3.14814553e-06 
 7.39000000e-08 -4.66689933e-07 
 7.39025000e-08 -8.29200282e-07 
 7.39075000e-08 -1.23105661e-06 
 7.39175000e-08 -1.81273533e-06 
 7.39337500e-08 -2.08931462e-06 
 7.39500000e-08 -1.47575152e-06 
 7.39525000e-08 -1.42415545e-06 
 7.39575000e-08 -1.47390114e-06 
 7.39675000e-08 -1.79622142e-06 
 7.39837500e-08 -1.11607799e-06 
 7.40000000e-08  2.50065175e-06 
 7.40025000e-08  2.86198994e-06 
 7.40075000e-08  3.73982681e-06 
 7.40175000e-08  5.98381837e-06 
 7.40337500e-08  9.31934864e-06 
 7.40500000e-08  1.20349132e-05 
 7.40525000e-08  1.24484239e-05 
 7.40575000e-08  1.32032950e-05 
 7.40675000e-08  1.45130080e-05 
 7.40837500e-08  1.60057315e-05 
 7.41000000e-08  1.64589079e-05 
 7.41025000e-08  1.63938507e-05 
 7.41075000e-08  1.61188671e-05 
 7.41175000e-08  1.50464638e-05 
 7.41337500e-08  1.23195642e-05 
 7.41500000e-08  8.58167867e-06 
 7.41525000e-08  7.90613939e-06 
 7.41575000e-08  6.43352212e-06 
 7.41675000e-08  3.12965051e-06 
 7.41837500e-08 -2.35658619e-06 
 7.42000000e-08 -9.54662494e-06 
 7.42025000e-08 -1.08213205e-05 
 7.42075000e-08 -1.37655609e-05 
 7.42175000e-08 -1.96346039e-05 
 7.42337500e-08 -2.69874761e-05 
 7.42500000e-08 -2.90127357e-05 
 7.42525000e-08 -2.86028532e-05 
 7.42575000e-08 -2.77283070e-05 
 7.42675000e-08 -2.43551766e-05 
 7.42837500e-08 -1.51881661e-05 
 7.43000000e-08 -7.35041959e-07 
 7.43025000e-08  1.97872333e-06 
 7.43075000e-08  7.51320617e-06 
 7.43175000e-08  2.07588341e-05 
 7.43337500e-08  4.77707435e-05 
 7.43500000e-08  7.85639938e-05 
 7.43525000e-08  8.33676464e-05 
 7.43575000e-08  9.28640782e-05 
 7.43675000e-08  1.11388441e-04 
 7.43837500e-08  1.41532302e-04 
 7.44000000e-08  1.56436690e-04 
 7.44025000e-08  1.57892535e-04 
 7.44075000e-08  1.60519579e-04 
 7.44175000e-08  1.64035072e-04 
 7.44337500e-08  1.60848723e-04 
 7.44500000e-08  1.55907747e-04 
 7.44525000e-08  1.54611962e-04 
 7.44575000e-08  1.52144455e-04 
 7.44675000e-08  1.47745130e-04 
 7.44837500e-08  1.41868008e-04 
 7.45000000e-08  1.33258662e-04 
 7.45025000e-08  1.29874853e-04 
 7.45075000e-08  1.23072330e-04 
 7.45175000e-08  1.07417434e-04 
 7.45337500e-08  7.97158020e-05 
 7.45500000e-08  5.58259730e-05 
 7.45525000e-08  5.26548988e-05 
 7.45575000e-08  4.68420663e-05 
 7.45675000e-08  3.80650138e-05 
 7.45837500e-08  3.51621832e-05 
 7.46000000e-08  4.86535911e-05 
 7.46025000e-08  5.24996697e-05 
 7.46075000e-08  6.20349381e-05 
 7.46175000e-08  8.69854717e-05 
 7.46337500e-08  1.37401585e-04 
 7.46500000e-08  1.83405382e-04 
 7.46525000e-08  1.88109961e-04 
 7.46575000e-08  1.96184926e-04 
 7.46675000e-08  2.00817016e-04 
 7.46837500e-08  1.70037204e-04 
 7.47000000e-08  7.59269240e-05 
 7.47025000e-08  5.33923059e-05 
 7.47075000e-08  3.60005603e-06 
 7.47175000e-08 -1.33172561e-04 
 7.47337500e-08 -4.38754921e-04 
 7.47500000e-08 -8.39056880e-04 
 7.47525000e-08 -9.08131367e-04 
 7.47575000e-08 -1.04858024e-03 
 7.47675000e-08 -1.30589049e-03 
 7.47837500e-08 -1.74205957e-03 
 7.48000000e-08 -2.23559455e-03 
 7.48025000e-08 -2.31121721e-03 
 7.48075000e-08 -2.46218859e-03 
 7.48175000e-08 -2.76119322e-03 
 7.48337500e-08 -3.23840461e-03 
 7.48500000e-08 -3.70957107e-03 
 7.48525000e-08 -3.78160409e-03 
 7.48575000e-08 -3.92680026e-03 
 7.48675000e-08 -4.21850414e-03 
 7.48837500e-08 -4.70468330e-03 
 7.49000000e-08 -5.21531316e-03 
 7.49025000e-08 -5.29581113e-03 
 7.49075000e-08 -5.45994006e-03 
 7.49175000e-08 -5.80156957e-03 
 7.49337500e-08 -6.41259811e-03 
 7.49500000e-08 -7.10349144e-03 
 7.49525000e-08 -7.21691489e-03 
 7.49575000e-08 -7.45492914e-03 
 7.49675000e-08 -7.95891897e-03 
 7.49837500e-08 -8.87394449e-03 
 7.50000000e-08 -9.95427074e-03 
 7.50025000e-08 -1.01351701e-02 
 7.50075000e-08 -1.05243712e-02 
 7.50175000e-08 -1.13634612e-02 
 7.50337500e-08 -1.28918125e-02 
 7.50500000e-08 -1.44893318e-02 
 7.50525000e-08 -1.47078013e-02 
 7.50575000e-08 -1.51333014e-02 
 7.50675000e-08 -1.57073704e-02 
 7.50837500e-08 -1.52023276e-02 
 7.51000000e-08 -1.16602407e-02 
 7.51025000e-08 -1.07029979e-02 
 7.51075000e-08 -8.54981689e-03 
 7.51175000e-08 -2.69576610e-03 
 7.51337500e-08  1.12008483e-02 
 7.51500000e-08  3.20371811e-02 
 7.51525000e-08  3.60444455e-02 
 7.51575000e-08  4.44936439e-02 
 7.51675000e-08  6.41618909e-02 
 7.51837500e-08  1.05344033e-01 
 7.52000000e-08  1.61071916e-01 
 7.52025000e-08  1.71447886e-01 
 7.52075000e-08  1.93309137e-01 
 7.52175000e-08  2.44493437e-01 
 7.52337500e-08  3.56865162e-01 
 7.52500000e-08  5.32033179e-01 
 7.52525000e-08  5.68229992e-01 
 7.52575000e-08  6.46569825e-01 
 7.52675000e-08  8.37129389e-01 
 7.52837500e-08  1.23680130e+00 
 7.53000000e-08  1.73580053e+00 
 7.53025000e-08  1.82069933e+00 
 7.53075000e-08  1.99222075e+00 
 7.53175000e-08  2.32398632e+00 
 7.53337500e-08  2.73000274e+00 
 7.53500000e-08  2.98148195e+00 
 7.53525000e-08  3.00763032e+00 
 7.53575000e-08  3.05543568e+00 
 7.53675000e-08  3.12832696e+00 
 7.53837500e-08  3.20061622e+00 
 7.54000000e-08  3.23791779e+00 
 7.54025000e-08  3.24149644e+00 
 7.54075000e-08  3.24810104e+00 
 7.54175000e-08  3.25855476e+00 
 7.54337500e-08  3.27030177e+00 
 7.54500000e-08  3.27805712e+00 
 7.54525000e-08  3.27898546e+00 
 7.54575000e-08  3.28075662e+00 
 7.54675000e-08  3.28383198e+00 
 7.54837500e-08  3.28776024e+00 
 7.55000000e-08  3.29066568e+00 
 7.55025000e-08  3.29102976e+00 
 7.55075000e-08  3.29172643e+00 
 7.55175000e-08  3.29294638e+00 
 7.55337500e-08  3.29452367e+00 
 7.55500000e-08  3.29570769e+00 
 7.55525000e-08  3.29585788e+00 
 7.55575000e-08  3.29614610e+00 
 7.55675000e-08  3.29665581e+00 
 7.55837500e-08  3.29732249e+00 
 7.56000000e-08  3.29782436e+00 
 7.56025000e-08  3.29788882e+00 
 7.56075000e-08  3.29801234e+00 
 7.56175000e-08  3.29823794e+00 
 7.56337500e-08  3.29855843e+00 
 7.56500000e-08  3.29883137e+00 
 7.56525000e-08  3.29886877e+00 
 7.56575000e-08  3.29894086e+00 
 7.56675000e-08  3.29907221e+00 
 7.56837500e-08  3.29925491e+00 
 7.57000000e-08  3.29940566e+00 
 7.57025000e-08  3.29942598e+00 
 7.57075000e-08  3.29946513e+00 
 7.57175000e-08  3.29953663e+00 
 7.57337500e-08  3.29963046e+00 
 7.57500000e-08  3.29970170e+00 
 7.57525000e-08  3.29971104e+00 
 7.57575000e-08  3.29972920e+00 
 7.57675000e-08  3.29976264e+00 
 7.57837500e-08  3.29980749e+00 
 7.58000000e-08  3.29984164e+00 
 7.58025000e-08  3.29984576e+00 
 7.58075000e-08  3.29985313e+00 
 7.58175000e-08  3.29986457e+00 
 7.58337500e-08  3.29987804e+00 
 7.58500000e-08  3.29988871e+00 
 7.58525000e-08  3.29989040e+00 
 7.58575000e-08  3.29989383e+00 
 7.58675000e-08  3.29990195e+00 
 7.58837500e-08  3.29991519e+00 
 7.59000000e-08  3.29992869e+00 
 7.59025000e-08  3.29993084e+00 
 7.59075000e-08  3.29993527e+00 
 7.59175000e-08  3.29994379e+00 
 7.59337500e-08  3.29995515e+00 
 7.59500000e-08  3.29995823e+00 
 7.59525000e-08  3.29995783e+00 
 7.59575000e-08  3.29995699e+00 
 7.59675000e-08  3.29995465e+00 
 7.59837500e-08  3.29994877e+00 
 7.60000000e-08  3.29994125e+00 
 7.60025000e-08  3.29994002e+00 
 7.60075000e-08  3.29993742e+00 
 7.60175000e-08  3.29993198e+00 
 7.60337500e-08  3.29992362e+00 
 7.60500000e-08  3.29991653e+00 
 7.60525000e-08  3.29991555e+00 
 7.60575000e-08  3.29991347e+00 
 7.60675000e-08  3.29990911e+00 
 7.60837500e-08  3.29990228e+00 
 7.61000000e-08  3.29989772e+00 
 7.61025000e-08  3.29989733e+00 
 7.61075000e-08  3.29989665e+00 
 7.61175000e-08  3.29989626e+00 
 7.61337500e-08  3.29989868e+00 
 7.61500000e-08  3.29990435e+00 
 7.61525000e-08  3.29990566e+00 
 7.61575000e-08  3.29990849e+00 
 7.61675000e-08  3.29991556e+00 
 7.61837500e-08  3.29992966e+00 
 7.62000000e-08  3.29994613e+00 
 7.62025000e-08  3.29994885e+00 
 7.62075000e-08  3.29995427e+00 
 7.62175000e-08  3.29996504e+00 
 7.62337500e-08  3.29998097e+00 
 7.62500000e-08  3.29999265e+00 
 7.62525000e-08  3.29999393e+00 
 7.62575000e-08  3.29999612e+00 
 7.62675000e-08  3.29999864e+00 
 7.62837500e-08  3.29999852e+00 
 7.63000000e-08  3.29999486e+00 
 7.63025000e-08  3.29999418e+00 
 7.63075000e-08  3.29999269e+00 
 7.63175000e-08  3.29998952e+00 
 7.63337500e-08  3.29998514e+00 
 7.63500000e-08  3.29998190e+00 
 7.63525000e-08  3.29998145e+00 
 7.63575000e-08  3.29998062e+00 
 7.63675000e-08  3.29997846e+00 
 7.63837500e-08  3.29997203e+00 
 7.64000000e-08  3.29996257e+00 
 7.64025000e-08  3.29996105e+00 
 7.64075000e-08  3.29995830e+00 
 7.64175000e-08  3.29995429e+00 
 7.64337500e-08  3.29995225e+00 
 7.64500000e-08  3.29995958e+00 
 7.64525000e-08  3.29996277e+00 
 7.64575000e-08  3.29996929e+00 
 7.64675000e-08  3.29998182e+00 
 7.64837500e-08  3.30000375e+00 
 7.65000000e-08  3.30002573e+00 
 7.65025000e-08  3.30002805e+00 
 7.65075000e-08  3.30003213e+00 
 7.65175000e-08  3.30003443e+00 
 7.65337500e-08  3.30001499e+00 
 7.65500000e-08  3.29996714e+00 
 7.65525000e-08  3.29995716e+00 
 7.65575000e-08  3.29993609e+00 
 7.65675000e-08  3.29988947e+00 
 7.65837500e-08  3.29981435e+00 
 7.66000000e-08  3.29975363e+00 
 7.66025000e-08  3.29974603e+00 
 7.66075000e-08  3.29973161e+00 
 7.66175000e-08  3.29970517e+00 
 7.66337500e-08  3.29967770e+00 
 7.66500000e-08  3.29967233e+00 
 7.66525000e-08  3.29967323e+00 
 7.66575000e-08  3.29967591e+00 
 7.66675000e-08  3.29968588e+00 
 7.66837500e-08  3.29972018e+00 
 7.67000000e-08  3.29975875e+00 
 7.67025000e-08  3.29976342e+00 
 7.67075000e-08  3.29977175e+00 
 7.67175000e-08  3.29978389e+00 
 7.67337500e-08  3.29979399e+00 
 7.67500000e-08  3.29980943e+00 
 7.67525000e-08  3.29981463e+00 
 7.67575000e-08  3.29982567e+00 
 7.67675000e-08  3.29985180e+00 
 7.67837500e-08  3.29989531e+00 
 7.68000000e-08  3.29993095e+00 
 7.68025000e-08  3.29993522e+00 
 7.68075000e-08  3.29994272e+00 
 7.68175000e-08  3.29995309e+00 
 7.68337500e-08  3.29995859e+00 
 7.68500000e-08  3.29995225e+00 
 7.68525000e-08  3.29995042e+00 
 7.68575000e-08  3.29994602e+00 
 7.68675000e-08  3.29993458e+00 
 7.68837500e-08  3.29990652e+00 
 7.69000000e-08  3.29986286e+00 
 7.69025000e-08  3.29985467e+00 
 7.69075000e-08  3.29983632e+00 
 7.69175000e-08  3.29979494e+00 
 7.69337500e-08  3.29972045e+00 
 7.69500000e-08  3.29965344e+00 
 7.69525000e-08  3.29964559e+00 
 7.69575000e-08  3.29963031e+00 
 7.69675000e-08  3.29960756e+00 
 7.69837500e-08  3.29959291e+00 
 7.70000000e-08  3.29960266e+00 
 7.70025000e-08  3.29960668e+00 
 7.70075000e-08  3.29961531e+00 
 7.70175000e-08  3.29963942e+00 
 7.70337500e-08  3.29969549e+00 
 7.70500000e-08  3.29977558e+00 
 7.70525000e-08  3.29979094e+00 
 7.70575000e-08  3.29982317e+00 
 7.70675000e-08  3.29989983e+00 
 7.70837500e-08  3.30006735e+00 
 7.71000000e-08  3.30029337e+00 
 7.71025000e-08  3.30033204e+00 
 7.71075000e-08  3.30041095e+00 
 7.71175000e-08  3.30057989e+00 
 7.71337500e-08  3.30088145e+00 
 7.71500000e-08  3.30120896e+00 
 7.71525000e-08  3.30126127e+00 
 7.71575000e-08  3.30136341e+00 
 7.71675000e-08  3.30156599e+00 
 7.71837500e-08  3.30189353e+00 
 7.72000000e-08  3.30223446e+00 
 7.72025000e-08  3.30228757e+00 
 7.72075000e-08  3.30239455e+00 
 7.72175000e-08  3.30261339e+00 
 7.72337500e-08  3.30298328e+00 
 7.72500000e-08  3.30336468e+00 
 7.72525000e-08  3.30342400e+00 
 7.72575000e-08  3.30354327e+00 
 7.72675000e-08  3.30378428e+00 
 7.72837500e-08  3.30418096e+00 
 7.73000000e-08  3.30457425e+00 
 7.73025000e-08  3.30463222e+00 
 7.73075000e-08  3.30474740e+00 
 7.73175000e-08  3.30496898e+00 
 7.73337500e-08  3.30530829e+00 
 7.73500000e-08  3.30563616e+00 
 7.73525000e-08  3.30568665e+00 
 7.73575000e-08  3.30578954e+00 
 7.73675000e-08  3.30600487e+00 
 7.73837500e-08  3.30638791e+00 
 7.74000000e-08  3.30682621e+00 
 7.74025000e-08  3.30689976e+00 
 7.74075000e-08  3.30705144e+00 
 7.74175000e-08  3.30738092e+00 
 7.74337500e-08  3.30800345e+00 
 7.74500000e-08  3.30875810e+00 
 7.74525000e-08  3.30888891e+00 
 7.74575000e-08  3.30916100e+00 
 7.74675000e-08  3.30976067e+00 
 7.74837500e-08  3.31091180e+00 
 7.75000000e-08  3.31233431e+00 
 7.75025000e-08  3.31258386e+00 
 7.75075000e-08  3.31310668e+00 
 7.75175000e-08  3.31426656e+00 
 7.75337500e-08  3.31648276e+00 
 7.75500000e-08  3.31897098e+00 
 7.75525000e-08  3.31934688e+00 
 7.75575000e-08  3.32007178e+00 
 7.75675000e-08  3.32117701e+00 
 7.75837500e-08  3.32091353e+00 
 7.76000000e-08  3.31612548e+00 
 7.76025000e-08  3.31476748e+00 
 7.76075000e-08  3.31169155e+00 
 7.76175000e-08  3.30324140e+00 
 7.76337500e-08  3.28381336e+00 
 7.76500000e-08  3.25481770e+00 
 7.76525000e-08  3.24927096e+00 
 7.76575000e-08  3.23761339e+00 
 7.76675000e-08  3.21075081e+00 
 7.76837500e-08  3.15562285e+00 
 7.77000000e-08  3.08295998e+00 
 7.77025000e-08  3.06964612e+00 
 7.77075000e-08  3.04168980e+00 
 7.77175000e-08  2.97694002e+00 
 7.77337500e-08  2.83385678e+00 
 7.77500000e-08  2.59873928e+00 
 7.77525000e-08  2.55066645e+00 
 7.77575000e-08  2.44820739e+00 
 7.77675000e-08  2.20820800e+00 
 7.77837500e-08  1.72901173e+00 
 7.78000000e-08  1.15874112e+00 
 7.78025000e-08  1.06604713e+00 
 7.78075000e-08  8.86375764e-01 
 7.78175000e-08  5.76894063e-01 
 7.78337500e-08  2.49070844e-01 
 7.78500000e-08  1.01875445e-01 
 7.78525000e-08  9.13526728e-02 
 7.78575000e-08  7.30715781e-02 
 7.78675000e-08  4.91466934e-02 
 7.78837500e-08  2.96226940e-02 
 7.79000000e-08  2.05607677e-02 
 7.79025000e-08  1.96194211e-02 
 7.79075000e-08  1.78201453e-02 
 7.79175000e-08  1.47593159e-02 
 7.79337500e-08  1.09395105e-02 
 7.79500000e-08  8.14947987e-03 
 7.79525000e-08  7.79816791e-03 
 7.79575000e-08  7.12339656e-03 
 7.79675000e-08  5.93758324e-03 
 7.79837500e-08  4.40364414e-03 
 7.80000000e-08  3.26158117e-03 
 7.80025000e-08  3.11805513e-03 
 7.80075000e-08  2.84359475e-03 
 7.80175000e-08  2.36397400e-03 
 7.80337500e-08  1.74880388e-03 
 7.80500000e-08  1.29543572e-03 
 7.80525000e-08  1.23898306e-03 
 7.80575000e-08  1.13129350e-03 
 7.80675000e-08  9.44203831e-04 
 7.80837500e-08  7.06388879e-04 
 7.81000000e-08  5.32785951e-04 
 7.81025000e-08  5.11244328e-04 
 7.81075000e-08  4.70153056e-04 
 7.81175000e-08  3.98769944e-04 
 7.81337500e-08  3.08012988e-04 
 7.81500000e-08  2.41545103e-04 
 7.81525000e-08  2.33208329e-04 
 7.81575000e-08  2.17232773e-04 
 7.81675000e-08  1.89068052e-04 
 7.81837500e-08  1.52348481e-04 
 7.82000000e-08  1.24471126e-04 
 7.82025000e-08  1.20949217e-04 
 7.82075000e-08  1.14271574e-04 
 7.82175000e-08  1.02576947e-04 
 7.82337500e-08  8.66775520e-05 
 7.82500000e-08  7.38194900e-05 
 7.82525000e-08  7.20913716e-05 
 7.82575000e-08  6.87264394e-05 
 7.82675000e-08  6.24965156e-05 
 7.82837500e-08  5.27488371e-05 
 7.83000000e-08  4.14596061e-05 
 7.83025000e-08  3.98409317e-05 
 7.83075000e-08  3.65324025e-05 
 7.83175000e-08  3.07119316e-05 
 7.83337500e-08  2.38732585e-05 
 7.83500000e-08  1.98584137e-05 
 7.83525000e-08  1.95032020e-05 
 7.83575000e-08  1.88097965e-05 
 7.83675000e-08  1.78977646e-05 
 7.83837500e-08  1.73412065e-05 
 7.84000000e-08  1.77036046e-05 
 7.84025000e-08  1.79040750e-05 
 7.84075000e-08  1.83568887e-05 
 7.84175000e-08  1.95264053e-05 
 7.84337500e-08  2.10156932e-05 
 7.84500000e-08  2.08047876e-05 
 7.84525000e-08  2.05056950e-05 
 7.84575000e-08  1.96992651e-05 
 7.84675000e-08  1.72179895e-05 
 7.84837500e-08  1.16569160e-05 
 7.85000000e-08  5.48569481e-06 
 7.85025000e-08  4.53160765e-06 
 7.85075000e-08  2.59665492e-06 
 7.85175000e-08 -1.08031061e-06 
 7.85337500e-08 -5.18648638e-06 
 7.85500000e-08 -7.06470918e-06 
 7.85525000e-08 -7.09499236e-06 
 7.85575000e-08 -6.95236863e-06 
 7.85675000e-08 -5.86341177e-06 
 7.85837500e-08 -3.10867181e-06 
 7.86000000e-08  2.15245649e-07 
 7.86025000e-08  6.62696219e-07 
 7.86075000e-08  2.31486144e-06 
 7.86175000e-08  4.49423063e-06 
 7.86337500e-08  6.33778370e-06 
 7.86500000e-08  7.82932698e-06 
 7.86525000e-08  8.09992354e-06 
 7.86575000e-08  8.67013057e-06 
 7.86675000e-08  1.03206935e-05 
 7.86837500e-08  1.33753409e-05 
 7.87000000e-08  1.57805860e-05 
 7.87025000e-08  1.60290830e-05 
 7.87075000e-08  1.63956125e-05 
 7.87175000e-08  1.66082685e-05 
 7.87337500e-08  1.58122496e-05 
 7.87500000e-08  1.38709615e-05 
 7.87525000e-08  1.35073943e-05 
 7.87575000e-08  1.26976546e-05 
 7.87675000e-08  1.08231290e-05 
 7.87837500e-08  6.39934830e-06 
 7.88000000e-08  8.13491671e-07 
 7.88025000e-08  5.38318040e-08 
 7.88075000e-08 -1.86974088e-06 
 7.88175000e-08 -6.21668652e-06 
 7.88337500e-08 -1.45311659e-05 
 7.88500000e-08 -2.24537006e-05 
 7.88525000e-08 -2.34021175e-05 
 7.88575000e-08 -2.54196261e-05 
 7.88675000e-08 -2.81282593e-05 
 7.88837500e-08 -2.80684515e-05 
 7.89000000e-08 -2.25400076e-05 
 7.89025000e-08 -2.10081352e-05 
 7.89075000e-08 -1.77690663e-05 
 7.89175000e-08 -9.05539262e-06 
 7.89337500e-08  1.06571108e-05 
 7.89500000e-08  3.72820086e-05 
 7.89525000e-08  4.19955257e-05 
 7.89575000e-08  5.14985338e-05 
 7.89675000e-08  7.09573015e-05 
 7.89837500e-08  1.01364245e-04 
 7.90000000e-08  1.31697940e-04 
 7.90025000e-08  1.35421429e-04 
 7.90075000e-08  1.42362654e-04 
 7.90175000e-08  1.53470575e-04 
 7.90337500e-08  1.64078826e-04 
 7.90500000e-08  1.64542041e-04 
 7.90525000e-08  1.63654041e-04 
 7.90575000e-08  1.61952218e-04 
 7.90675000e-08  1.57422543e-04 
 7.90837500e-08  1.48171400e-04 
 7.91000000e-08  1.41799107e-04 
 7.91025000e-08  1.40914926e-04 
 7.91075000e-08  1.39933285e-04 
 7.91175000e-08  1.34460069e-04 
 7.91337500e-08  1.12130869e-04 
 7.91500000e-08  8.15904845e-05 
 7.91525000e-08  7.68297336e-05 
 7.91575000e-08  6.81488938e-05 
 7.91675000e-08  5.39780842e-05 
 7.91837500e-08  3.96335272e-05 
 7.92000000e-08  3.71944694e-05 
 7.92025000e-08  3.80129109e-05 
 7.92075000e-08  4.07586866e-05 
 7.92175000e-08  5.05998056e-05 
 7.92337500e-08  7.90922075e-05 
 7.92500000e-08  1.23608909e-04 
 7.92525000e-08  1.31000842e-04 
 7.92575000e-08  1.46332077e-04 
 7.92675000e-08  1.73897063e-04 
 7.92837500e-08  2.00229113e-04 
 7.93000000e-08  1.89451158e-04 
 7.93025000e-08  1.82968817e-04 
 7.93075000e-08  1.67498378e-04 
 7.93175000e-08  1.16901828e-04 
 7.93337500e-08 -3.58627857e-05 
 7.93500000e-08 -2.99861002e-04 
 7.93525000e-08 -3.51025040e-04 
 7.93575000e-08 -4.58357466e-04 
 7.93675000e-08 -7.01637860e-04 
 7.93837500e-08 -1.15694716e-03 
 7.94000000e-08 -1.56817240e-03 
 7.94025000e-08 -1.64267814e-03 
 7.94075000e-08 -1.79353020e-03 
 7.94175000e-08 -2.09903390e-03 
 7.94337500e-08 -2.59098989e-03 
 7.94500000e-08 -3.06989513e-03 
 7.94525000e-08 -3.14182979e-03 
 7.94575000e-08 -3.28563842e-03 
 7.94675000e-08 -3.57143968e-03 
 7.94837500e-08 -4.03675467e-03 
 7.95000000e-08 -4.51143884e-03 
 7.95025000e-08 -4.58617420e-03 
 7.95075000e-08 -4.73821720e-03 
 7.95175000e-08 -5.04982392e-03 
 7.95337500e-08 -5.58321438e-03 
 7.95500000e-08 -6.16883899e-03 
 7.95525000e-08 -6.26483158e-03 
 7.95575000e-08 -6.46432691e-03 
 7.95675000e-08 -6.88425721e-03 
 7.95837500e-08 -7.63335514e-03 
 7.96000000e-08 -8.49090863e-03 
 7.96025000e-08 -8.63235227e-03 
 7.96075000e-08 -8.93365657e-03 
 7.96175000e-08 -9.58113632e-03 
 7.96337500e-08 -1.07928684e-02 
 7.96500000e-08 -1.22408349e-02 
 7.96525000e-08 -1.24777192e-02 
 7.96575000e-08 -1.29798683e-02 
 7.96675000e-08 -1.39885166e-02 
 7.96837500e-08 -1.53774929e-02 
 7.97000000e-08 -1.56949171e-02 
 7.97025000e-08 -1.55494618e-02 
 7.97075000e-08 -1.51249468e-02 
 7.97175000e-08 -1.32745730e-02 
 7.97337500e-08 -6.68714221e-03 
 7.97500000e-08  5.11199857e-03 
 7.97525000e-08  7.46930287e-03 
 7.97575000e-08  1.25284452e-02 
 7.97675000e-08  2.47903620e-02 
 7.97837500e-08  5.14575036e-02 
 7.98000000e-08  8.80832554e-02 
 7.98025000e-08  9.48904340e-02 
 7.98075000e-08  1.09184741e-01 
 7.98175000e-08  1.42212774e-01 
 7.98337500e-08  2.11730951e-01 
 7.98500000e-08  3.09087747e-01 
 7.98525000e-08  3.27882727e-01 
 7.98575000e-08  3.68183349e-01 
 7.98675000e-08  4.68520826e-01 
 7.98837500e-08  7.14155590e-01 
 7.99000000e-08  1.07251154e+00 
 7.99025000e-08  1.13875348e+00 
 7.99075000e-08  1.27618772e+00 
 7.99175000e-08  1.57858845e+00 
 7.99337500e-08  2.12084711e+00 
 7.99500000e-08  2.59218917e+00 
 7.99525000e-08  2.64839143e+00 
 7.99575000e-08  2.75198839e+00 
 7.99675000e-08  2.91593935e+00 
 7.99837500e-08  3.08747073e+00 
 8.00000000e-08  3.17921995e+00 
 8.00025000e-08  3.18799284e+00 
 8.00075000e-08  3.20395836e+00 
 8.00175000e-08  3.22805495e+00 
 8.00337500e-08  3.25250750e+00 
 8.00500000e-08  3.26650824e+00 
 8.00525000e-08  3.26805132e+00 
 8.00575000e-08  3.27096634e+00 
